road_component_id,source_init_node,source_term_node,edge_count,edge_indices,length_miles,lanes,lane_miles,max_flood_depth_mm,minimum_capacity_retention_ratio,contains_closed_edge,repair_cost_usd,baseline_component_flow_veh_per_period,same_flow_vehicle_min_saving,capacity_loss_proxy_vehicle_min,closed_link_proxy_vehicle_min,impact_score,impact_per_dollar,severity_index,boundary_end_count,interior_severe_segment,warmstart_singleton_score,checkpoint_status,checkpoint_stage,checkpoint_generation
2560->4744,2560,4744,1,"(3579,)",0.02,1,0.02,127.0,0.564,False,440.48,1229.3795792830665,23.53116586251588,22.971835567175017,0.0,25.368912707889884,0.05759379020134826,0.4063062245514846,0,True,0.011518758040269653,completed,completed,100
4744->2560,4744,2560,1,"(7732,)",0.02,1,0.02,127.0,0.564,False,440.48,1556.8344882420788,30.25004045381153,29.090564437437706,0.0,32.57728560880655,0.073958603361802,0.41602194800515796,0,True,0.014791720672360401,completed,completed,100
10335->8766,10335,8766,1,"(19056,)",0.03,1,0.03,127.0,0.564,False,660.72,3080.2666773045644,97.09359322911523,96.69573153394488,0.0,104.82925175183082,0.1586591169509487,0.4573893201187233,0,True,0.03173182339018974,completed,completed,100
10534->8441,10534,8441,1,"(19929,)",0.03,1,0.03,88.9,0.637,False,660.72,2563.26138727076,38.88343051815014,47.85242829836327,0.0,42.7116247820192,0.06464406220792347,0.3783017699957975,0,False,0.06464406220792347,completed,completed,100
10805->8482,10805,8482,1,"(21179,)",0.03,1,0.03,127.0,0.564,False,660.72,4089.175551295864,221.90792192877416,128.36739890627976,0.0,232.17731384127654,0.35140046289090165,0.48382701886713364,0,True,0.07028009257818034,completed,completed,100
10805->8483,10805,8483,1,"(21180,)",0.03,1,0.03,127.0,0.564,False,660.72,3970.749339505482,291.1499786563491,86.56233560121952,0.0,298.07496550444665,0.45113658660922423,0.4908633775144094,0,True,0.09022731732184486,completed,completed,100
10983->7584,10983,7584,1,"(21983,)",0.03,1,0.03,88.9,0.637,False,660.72,3945.502081259562,78.18006678966073,80.5622206217187,0.0,84.62504443939822,0.12808004062144057,0.402875911595014,0,False,0.12808004062144057,completed,completed,100
11094->12482,11094,12482,1,"(22473,)",0.03,1,0.03,63.5,0.637,False,660.72,2911.0346785590423,8.477402350722564,59.43968934282745,0.0,13.23257749814876,0.020027511651151412,0.3295892672199509,2,False,0.03004126747672712,completed,completed,100
11792->3475,11792,3475,1,"(24373,)",0.03,1,0.03,63.5,0.637,False,660.72,4892.814810265304,124.52529354207338,86.40446478452297,0.0,131.43765072483524,0.19893094007270135,0.40117921443003596,1,False,0.24866367509087667,completed,completed,100
12063->3985,12063,3985,1,"(24966,)",0.03,1,0.03,127.0,0.564,False,660.72,508.3854017865675,14.459774206167243,14.249316547217793,0.0,15.599719529944666,0.023610182119422243,0.38301223400292217,0,False,0.023610182119422243,completed,completed,100
12100->8534,12100,8534,1,"(25099,)",0.03,1,0.03,127.0,0.564,False,660.72,767.6053629505933,15.936888282034332,24.09666755374503,0.0,17.864621686333933,0.027038112492937905,0.3912777856522699,0,False,0.027038112492937905,completed,completed,100
2029->8058,2029,8058,1,"(2187,)",0.03,1,0.03,127.0,0.564,False,660.72,4015.8412494992517,240.64530813851263,112.55829330739331,0.0,249.6499716031041,0.3778453378179926,0.4857655332278168,0,True,0.07556906756359853,completed,completed,100
2427->6336,2427,6336,1,"(3228,)",0.03,1,0.03,127.0,0.564,False,660.72,4183.06022192332,240.34087430263835,131.31462648661685,0.0,250.8460444215677,0.3796555945356092,0.48635092407985103,0,True,0.07593111890712184,completed,completed,100
2467->4312,2467,4312,1,"(3338,)",0.03,1,0.03,127.0,0.564,False,660.72,425.1859256407475,8.811592154822634,13.347436577714346,0.0,9.879387081039782,0.01495245653384154,0.3685794836048578,0,False,0.01495245653384154,completed,completed,100
2557->4740,2557,4740,1,"(3569,)",0.03,1,0.03,127.0,0.564,False,660.72,1468.9224388742596,42.59605722779803,41.17179750101853,0.0,45.88980102787951,0.06945423330288096,0.42525934875619764,0,True,0.013890846660576193,completed,completed,100
2563->7189,2563,7189,1,"(3587,)",0.03,1,0.03,127.0,0.564,False,660.72,1100.299835043787,31.481688558285562,30.839832519370145,0.0,33.948875159835175,0.05138163694126888,0.41342419588441504,0,True,0.010276327388253776,completed,completed,100
2799->4136,2799,4136,1,"(4194,)",0.03,1,0.03,127.0,0.564,False,660.72,1297.1431654746018,27.317633205448033,40.7199182505787,0.0,30.575226665494327,0.046275618515398846,0.4122166070496715,0,True,0.00925512370307977,completed,completed,100
3475->11792,3475,11792,1,"(4849,)",0.03,1,0.03,63.5,0.637,False,660.72,3736.3055327776337,41.16161689753225,65.9811360842407,0.0,46.440107784271504,0.0702871228118893,0.3678948240084775,2,False,0.10543068421783394,completed,completed,100
3961->10520,3961,10520,1,"(5819,)",0.03,1,0.03,88.9,0.637,False,660.72,524.9018859352391,4.337653319177333,10.717840383440164,0.0,5.1950805498525465,0.007862756613773681,0.30327745876684187,0,False,0.007862756613773681,completed,completed,100
3969->8410,3969,8410,1,"(5846,)",0.03,1,0.03,88.9,0.637,False,660.72,4134.111910264469,91.72763251787757,84.41339756771262,0.0,98.48070432329457,0.1490505877274709,0.4078180970484231,0,True,0.02981011754549418,completed,completed,100
3985->12063,3985,12063,1,"(5904,)",0.03,1,0.03,127.0,0.564,False,660.72,814.70488357888,23.209147590092574,22.835014022596607,0.0,25.035948711900303,0.037891918985198426,0.40144932491135016,0,False,0.037891918985198426,completed,completed,100
3985->8457,3985,8457,1,"(5901,)",0.03,1,0.03,127.0,0.564,False,660.72,804.7069249738689,14.299885562099814,26.313916446645518,0.0,16.404998877831456,0.02482897275371028,0.38941148327225183,0,False,0.02482897275371028,completed,completed,100
4136->2799,4136,2799,1,"(6102,)",0.03,1,0.03,127.0,0.564,False,660.72,1140.6846838101433,23.866887833967628,35.80837359416802,0.0,26.73155772150107,0.04045822393979457,0.40697976488550824,0,True,0.008091644787958914,completed,completed,100
4305->6763,4305,6763,1,"(6403,)",0.03,1,0.03,127.0,0.564,False,660.72,4020.943050271549,241.595685764236,112.70128949475398,0.0,250.61178892381633,0.37930104874048964,0.485892575402436,0,True,0.07586020974809793,completed,completed,100
4312->2467,4312,2467,1,"(6421,)",0.03,1,0.03,127.0,0.564,False,660.72,1109.2455852644673,23.185245609511284,34.82143741262216,0.0,25.970960602521057,0.03930705987789238,0.4058533202993808,0,True,0.007861411975578476,completed,completed,100
4411->5947,4411,5947,1,"(6709,)",0.03,1,0.03,127.0,0.564,False,660.72,3479.9525527344317,133.33701701813624,109.24267053543929,0.0,142.07643066097137,0.2150327380145468,0.4676321698672008,0,True,0.04300654760290937,completed,completed,100
4411->8014,4411,8014,1,"(6711,)",0.03,1,0.03,127.0,0.564,False,660.72,2824.831225441128,80.11205538955745,88.6771018290479,0.0,87.20622353588129,0.13198665627782008,0.4510619518364052,0,True,0.026397331255564017,completed,completed,100
4428->6282,4428,6282,1,"(6760,)",0.03,1,0.03,127.0,0.564,False,660.72,5073.933469258895,508.6241850180244,159.28091946697523,0.0,521.3666585753824,0.7890886586986657,0.5100191531798975,0,True,0.15781773173973315,completed,completed,100
4429->6282,4429,6282,1,"(6764,)",0.03,1,0.03,127.0,0.564,False,660.72,3710.8988846741336,123.90619115558502,132.37788384964816,0.0,134.49642186355686,0.20356039148740293,0.4667236146389467,0,True,0.04071207829748059,completed,completed,100
4740->2557,4740,2557,1,"(7717,)",0.03,1,0.03,127.0,0.564,False,660.72,2083.311925975833,63.98935403213122,58.39225712520836,0.0,68.66073460214788,0.10391805091740508,0.4407668044331268,0,True,0.020783610183481016,completed,completed,100
5163->8640,5163,8640,1,"(9000,)",0.03,1,0.03,127.0,0.564,False,660.72,2635.6166127048327,96.22314180065534,71.32523853968112,0.0,101.92916088382984,0.15426982819322835,0.45486891130393525,0,True,0.03085396563864567,completed,completed,100
5199->12699,5199,12699,1,"(9091,)",0.03,1,0.03,63.5,0.637,False,660.72,1835.7079823106453,1.082066251013621,47.978063825671036,0.0,4.920311357067304,0.007446893324051494,0.2986383291573137,2,False,0.011170339986077242,completed,completed,100
5417->5418,5417,5418,1,"(9519,)",0.03,1,0.03,19.05,0.742,False,660.72,682.594976981293,0.0022343803691370996,8.12813095666955,0.0,0.6524848569027011,0.0009875361074323482,0.18376065228600952,2,False,0.0014813041611485222,completed,completed,100
5849->8779,5849,8779,1,"(10371,)",0.03,1,0.03,127.0,0.564,False,660.72,1053.948344809384,21.99401907552123,33.08554644025618,0.0,24.640862790741725,0.03729395627609536,0.40380148523937753,0,False,0.03729395627609536,completed,completed,100
5947->4411,5947,4411,1,"(10534,)",0.03,1,0.03,127.0,0.564,False,660.72,2842.6572483853997,81.17099594543825,89.23669634131447,0.0,88.3099316527434,0.13365711898042046,0.451498064447096,0,True,0.02673142379608409,completed,completed,100
6261->8687,6261,8687,1,"(10991,)",0.03,1,0.03,152.4,0.509,False,660.72,3018.097888521688,239.48350077789442,95.26410406698099,0.0,247.1046291032529,0.3739929608658023,0.5185340371999665,0,True,0.07479859217316047,completed,completed,100
6282->4428,6282,4428,1,"(11036,)",0.03,1,0.03,127.0,0.564,False,660.72,5285.608060574617,604.4959533546951,165.9258082375584,0.0,617.7700180136998,0.9349951840623861,0.5154706346611719,0,True,0.18699903681247723,completed,completed,100
6282->4429,6282,4429,1,"(11037,)",0.03,1,0.03,127.0,0.564,False,660.72,3130.681293183747,69.7942453813165,111.67993994957293,0.0,78.72864057728233,0.11915583087734945,0.44919566108203884,0,True,0.02383116617546989,completed,completed,100
6336->2427,6336,2427,1,"(11104,)",0.03,1,0.03,127.0,0.564,False,660.72,3943.555105847223,196.14380397950592,123.79608188275603,0.0,206.0474905301264,0.31185296423617626,0.4799188491501716,0,True,0.06237059284723526,completed,completed,100
6763->4305,6763,4305,1,"(12022,)",0.03,1,0.03,127.0,0.564,False,660.72,4680.788643931878,405.1499253693411,131.19581884849066,0.0,415.64559087722034,0.6290797779350108,0.5024561021580498,0,True,0.12581595558700218,completed,completed,100
6763->8756,6763,8756,1,"(12024,)",0.03,1,0.03,127.0,0.564,False,660.72,4750.484248691164,373.416525459089,155.3408349322011,0.0,385.8437922536651,0.5839747430888501,0.500423607015314,0,True,0.11679494861777003,completed,completed,100
6877->9086,6877,9086,1,"(12125,)",0.03,1,0.03,63.5,0.637,False,660.72,3000.717738368699,15.923993010035815,54.46302695139188,0.0,20.281035166147166,0.030695355318663225,0.3418104132348493,0,False,0.030695355318663225,completed,completed,100
7189->2563,7189,2563,1,"(12762,)",0.03,1,0.03,127.0,0.564,False,660.72,1676.9883255660727,49.29012177366422,47.00358706800907,0.0,53.050408739104945,0.08029181610834384,0.4309033253979895,0,True,0.01605836322166877,completed,completed,100
7299->4465,7299,4465,1,"(12885,)",0.03,1,0.03,63.5,0.637,False,660.72,1733.036973136378,0.6995471983789331,39.04711580163136,0.0,3.823316462509442,0.005786591086253544,0.29195405569721683,2,False,0.008679886629380316,completed,completed,100
7818->5656,7818,5656,1,"(14518,)",0.03,1,0.03,127.0,0.564,False,660.72,407.4323392988973,8.443414615436081,12.790115995270986,0.0,9.46662389505776,0.014327739276936917,0.3669723458196977,0,False,0.014327739276936917,completed,completed,100
8014->4411,8014,4411,1,"(14953,)",0.03,1,0.03,127.0,0.564,False,660.72,3333.231263851861,118.43222905240744,104.63679583483763,0.0,126.80317271919445,0.19191665564716437,0.46382599153068577,0,True,0.038383331129432874,completed,completed,100
8058->2029,8058,2029,1,"(15008,)",0.03,1,0.03,127.0,0.564,False,660.72,3999.779863060733,237.67992935424,112.1081155903594,0.0,246.64857860146873,0.3733027282380868,0.4853657815770549,0,True,0.07466054564761736,completed,completed,100
8441->10534,8441,10534,1,"(15464,)",0.03,1,0.03,88.9,0.637,False,660.72,1818.801006696211,24.75540639699854,33.95441650786584,0.0,27.47175971762781,0.04157851997461528,0.36189145011508056,0,False,0.04157851997461528,completed,completed,100
8457->3985,8457,3985,1,"(15492,)",0.03,1,0.03,127.0,0.564,False,660.72,381.77424935869885,6.7660744166247975,12.484017954029454,0.0,7.764795852947154,0.011752021814001624,0.36102005532236003,1,False,0.01469002726750203,completed,completed,100
8465->12080,8465,12080,1,"(15505,)",0.03,1,0.03,127.0,0.564,False,660.72,462.74810168037357,14.186362735952944,12.522921041336454,0.0,15.18819641925986,0.022987341717005477,0.3812468744699381,0,False,0.022987341717005477,completed,completed,100
8471->8472,8471,8472,1,"(15509,)",0.03,1,0.03,127.0,0.564,False,660.72,611.8585715770321,22.325067195996773,15.005831467926713,0.0,23.52553371343091,0.03560590524493115,0.39656558110272516,0,False,0.03560590524493115,completed,completed,100
8472->8471,8472,8471,1,"(15514,)",0.03,1,0.03,127.0,0.564,False,660.72,2055.390150686862,79.4438379813924,50.40844344559529,0.0,83.47651345704003,0.12634173849291686,0.44631951723725727,0,True,0.025268347698583372,completed,completed,100
8482->10805,8482,10805,1,"(15538,)",0.03,1,0.03,127.0,0.564,False,660.72,3463.901257532831,131.60523890255413,108.73878827647063,0.0,140.30434196467178,0.21235068102172142,0.46721340665165323,0,True,0.04247013620434428,completed,completed,100
8483->10805,8483,10805,1,"(15543,)",0.03,1,0.03,127.0,0.564,False,660.72,3354.6822390099355,195.61701583315957,73.13207281041659,0.0,201.4675816579929,0.3049212702173279,0.47749493229708234,0,True,0.06098425404346558,completed,completed,100
8534->12100,8534,12100,1,"(15629,)",0.03,1,0.03,127.0,0.564,False,660.72,2236.7044146476555,53.061558001358556,70.2146249846192,0.0,58.67872800012809,0.08881027969507217,0.43696964242029945,0,True,0.017762055939014434,completed,completed,100
8640->5163,8640,5163,1,"(15784,)",0.03,1,0.03,127.0,0.564,False,660.72,2863.5252154099003,111.14238780705348,77.49291686392034,0.0,117.34182115616711,0.1775968960469898,0.45989714370276197,0,True,0.03551937920939796,completed,completed,100
8640->8641,8640,8641,1,"(15786,)",0.03,1,0.03,127.0,0.564,False,660.72,2782.0199265090037,99.28245330441753,77.97604422586664,0.0,105.52053684248686,0.15970537722860947,0.4564718209626254,0,True,0.031941075445721896,completed,completed,100
8641->8640,8641,8640,1,"(15788,)",0.03,1,0.03,127.0,0.564,False,660.72,2149.5044264420526,66.67585949639445,60.24753835256154,0.0,71.49566256459937,0.10820871558996151,0.4422867062239989,0,True,0.0216417431179923,completed,completed,100
8687->6261,8687,6261,1,"(15819,)",0.03,1,0.03,152.4,0.509,False,660.72,2748.7865419912764,200.2658481655003,86.76348377899608,0.0,207.20692686782,0.3136077716246216,0.5123333934935674,0,True,0.06272155432492432,completed,completed,100
8746->8748,8746,8748,1,"(15905,)",0.03,1,0.03,127.0,0.564,False,660.72,2109.2991120679426,85.63503427212058,50.162967974270344,0.0,89.64807171006221,0.13568239452424963,0.44868577972050777,0,True,0.027136478904849926,completed,completed,100
8748->8746,8748,8746,1,"(15912,)",0.03,1,0.03,127.0,0.564,False,660.72,3146.7718224868836,157.91243805444606,74.8359553420517,0.0,163.8993144818102,0.24806168192549066,0.4707310889369003,0,True,0.049612336385098134,completed,completed,100
8756->6763,8756,6763,1,"(15937,)",0.03,1,0.03,127.0,0.564,False,660.72,3944.3292883711338,184.0322406971386,128.9795677297361,0.0,194.35060611551748,0.29414972471775863,0.478202158400778,0,True,0.05882994494355173,completed,completed,100
8766->10335,8766,10335,1,"(15960,)",0.03,1,0.03,127.0,0.564,False,660.72,2127.3731763189626,49.30745407308239,66.78249875100488,0.0,54.650053973162784,0.08271287984798822,0.4343576523152265,0,True,0.016542575969597646,completed,completed,100
8779->5849,8779,5849,1,"(16009,)",0.03,1,0.03,127.0,0.564,False,660.72,1700.6815167582538,36.945379211615226,53.387794174075104,0.0,41.21640274554123,0.0623810430220687,0.42375231461033164,0,True,0.01247620860441374,completed,completed,100
9078->6372,9078,6372,1,"(16838,)",0.03,1,0.03,63.5,0.637,False,660.72,2487.871187045476,4.417304109343151,58.05625120055407,0.0,9.061804205387478,0.01371504450506641,0.317627164103423,1,False,0.01714380563133301,completed,completed,100
9086->6877,9086,6877,1,"(16870,)",0.03,1,0.03,63.5,0.637,False,660.72,1535.6030094425835,3.7458245529385947,27.87119462138289,0.0,5.975520122649226,0.00904395223793623,0.3015412180715792,0,False,0.00904395223793623,completed,completed,100
9328->9329,9328,9329,1,"(17312,)",0.03,1,0.03,127.0,0.564,False,660.72,3773.8240153871047,199.98290885371017,105.7748959741357,0.0,208.44490053164103,0.3154814452894434,0.47977960090854344,0,True,0.06309628905788868,completed,completed,100
9329->9328,9329,9328,1,"(17315,)",0.03,1,0.03,127.0,0.564,False,660.72,2953.8315451377684,111.21691550530582,82.79167845086145,0.0,117.84024978137474,0.1783512679824657,0.46035978134269906,0,True,0.03567025359649314,completed,completed,100
10335->8767,10335,8767,1,"(19057,)",0.04,1,0.04,127.0,0.564,False,880.96,3162.249789966854,137.94910722886857,132.35912720885267,0.0,148.5378374055768,0.16860905989554212,0.46789427791641935,0,True,0.033721811979108424,completed,completed,100
10610->12487,10610,12487,1,"(20296,)",0.04,1,0.04,127.0,0.564,False,880.96,3725.970150469537,167.7052239633514,177.22068933869653,0.0,181.8828791104471,0.20645986095900734,0.4756320812375477,0,True,0.041291972191801474,completed,completed,100
10646->7789,10646,7789,1,"(20456,)",0.04,1,0.04,88.9,0.637,False,880.96,5402.343370241758,287.164062954428,168.0900551483793,0.0,300.61126736629836,0.34123146041397834,0.4435189642480937,0,True,0.06824629208279567,completed,completed,100
10872->8587,10872,8587,1,"(21484,)",0.04,1,0.04,63.5,0.637,False,880.96,4052.831682165627,59.12313769464208,110.3383425469592,0.0,67.95020509839881,0.07713199815927943,0.3798331947821949,1,False,0.09641499769909928,completed,completed,100
11793->12558,11793,12558,1,"(24379,)",0.04,1,0.04,63.5,0.637,False,880.96,2855.826049394263,28.216620691083193,65.47356984821796,0.0,33.45450627894063,0.03797505707289846,0.3555124720001432,0,False,0.03797505707289846,completed,completed,100
12063->8457,12063,8457,1,"(24967,)",0.04,1,0.04,127.0,0.564,False,880.96,398.1769331778703,11.001993086852968,16.66609371509294,0.0,12.335280584060403,0.014002089293566566,0.373881884471426,0,False,0.014002089293566566,completed,completed,100
12217->4526,12217,4526,1,"(25454,)",0.04,1,0.04,127.0,0.564,False,880.96,313.6484231977587,8.665617340582441,13.12806840136539,0.0,9.715862812691672,0.011028721863298755,0.3648237404949817,0,False,0.011028721863298755,completed,completed,100
12224->7788,12224,7788,1,"(25479,)",0.04,1,0.04,63.5,0.637,False,880.96,5187.237936104645,232.07984755232408,161.3972032119417,0.0,244.99162380927942,0.27809619484344283,0.42011769385191877,0,True,0.05561923896868857,completed,completed,100
12254->7465,12254,7465,1,"(25582,)",0.04,1,0.04,88.9,0.637,False,880.96,3843.7593408262524,95.67597695291987,104.64634805399473,0.0,104.04768479723944,0.11810716127547158,0.40863376298387905,0,True,0.02362143225509432,completed,completed,100
12276->8475,12276,8475,1,"(25663,)",0.04,1,0.04,127.0,0.564,False,880.96,3672.794440422037,318.9023607776786,106.7558917349339,0.0,327.4428321164733,0.3716886488790334,0.49278176463038514,0,True,0.07433772977580669,completed,completed,100
12276->8476,12276,8476,1,"(25664,)",0.04,1,0.04,127.0,0.564,False,880.96,3006.06802075223,211.5178875107922,87.3763771365315,0.0,218.50799768171473,0.24803396031796532,0.4786875181190705,0,True,0.049606792063593065,completed,completed,100
12487->10610,12487,10610,1,"(26327,)",0.04,1,0.04,127.0,0.564,False,880.96,1027.3184488654708,15.114009019200093,48.86300113149221,0.0,19.02304910971947,0.021593544666862818,0.3962130935609666,0,False,0.021593544666862818,completed,completed,100
12533->7102,12533,7102,1,"(26465,)",0.04,1,0.04,19.05,0.742,False,880.96,3477.9407582809654,14.249442709322377,76.91217562598477,0.0,20.40241675940116,0.023159299808619187,0.27720381174844577,2,False,0.03473894971292878,completed,completed,100
12557->3475,12557,3475,1,"(26550,)",0.04,1,0.04,63.5,0.637,False,880.96,3769.255743808036,56.70218753652016,88.75069200015032,0.0,63.802242896532185,0.07242354124651765,0.37720866163285327,1,False,0.09052942655814705,completed,completed,100
12826->9930,12826,9930,1,"(27491,)",0.04,1,0.04,88.9,0.637,False,880.96,4696.591762930467,158.0483593663071,141.0920946160353,0.0,169.33572693558992,0.19221727085859733,0.42510478440221156,0,True,0.03844345417171947,completed,completed,100
1854->2726,1854,2726,1,"(1632,)",0.04,1,0.04,88.9,0.637,False,880.96,1186.2531944180914,13.214135834477217,32.29574321803254,0.0,15.79779529191982,0.01793247740183416,0.34163864859842286,1,False,0.022415596752292696,completed,completed,100
2052->2053,2052,2053,1,"(2247,)",0.04,1,0.04,88.9,0.637,False,880.96,11.731154109579611,4.805303678343106e-10,186.219,0.0,14.897520000480531,0.016910552125500057,0.2905628558278042,2,False,0.025365828188250086,completed,completed,100
2054->2055,2054,2055,1,"(2249,)",0.04,1,0.04,88.9,0.637,False,880.96,0.0,0.0,186.219,0.0,14.89752,0.016910552124954594,0.26282574957892757,2,False,0.02536582818743189,completed,completed,100
2462->9908,2462,9908,1,"(3322,)",0.04,1,0.04,127.0,0.564,False,880.96,996.5975549058078,23.703216913833682,43.45165339389322,0.0,27.17934918534514,0.030851967382565765,0.4059823364495078,0,True,0.006170393476513153,completed,completed,100
2467->9344,2467,9344,1,"(3340,)",0.04,1,0.04,127.0,0.564,False,880.96,1063.5837296013226,40.54294726030049,39.74764338052943,0.0,43.72275873074284,0.049630810400861376,0.42034325993817734,0,True,0.009926162080172276,completed,completed,100
2560->2851,2560,2851,1,"(3578,)",0.04,1,0.04,127.0,0.564,False,880.96,2017.3457400081054,81.87671251078241,75.39109222658863,0.0,87.9079998889095,0.09978659631414537,0.447627149616763,0,True,0.019957319262829076,completed,completed,100
2815->2817,2815,2817,1,"(4247,)",0.04,1,0.04,127.0,0.564,False,880.96,5199.665727236187,872.2173976291919,170.02906928062336,0.0,885.8197231716417,1.0055163948098003,0.5259298867694344,0,True,0.20110327896196006,completed,completed,100
2816->2817,2816,2817,1,"(4251,)",0.04,1,0.04,127.0,0.564,False,880.96,3967.900660914828,309.2161117747681,148.28611612790274,0.0,321.0790010650003,0.3644649031340813,0.4930458357736152,0,True,0.07289298062681626,completed,completed,100
2817->2815,2817,2815,1,"(4254,)",0.04,1,0.04,127.0,0.564,False,880.96,3637.8985544378106,280.7310883766251,118.95928273011641,0.0,290.2478309950344,0.3294676614091836,0.48912525598963685,0,True,0.06589353228183673,completed,completed,100
2817->2816,2817,2816,1,"(4255,)",0.04,1,0.04,127.0,0.564,False,880.96,3585.62075665051,231.62016632129365,133.99976999139622,0.0,242.34014792060535,0.2750864374325796,0.48365559772850336,0,True,0.05501728748651592,completed,completed,100
2846->7048,2846,7048,1,"(4348,)",0.04,1,0.04,177.8,0.509,False,880.96,1016.8046677475197,132.68498179254527,47.92810481894709,0.0,136.51923017806104,0.15496643454647321,0.5061712881561522,0,True,0.030993286909294645,completed,completed,100
2851->2560,2851,2560,1,"(4362,)",0.04,1,0.04,127.0,0.564,False,880.96,1125.0268281427764,42.943648231964616,42.043859748878624,0.0,46.30715701187491,0.05256442632114387,0.42261553638938115,0,True,0.010512885264228776,completed,completed,100
2896->7606,2896,7606,1,"(4511,)",0.04,1,0.04,88.9,0.637,False,880.96,2361.492717381559,5.263808630940149,73.4761591208148,0.0,11.141901360605333,0.012647454323244338,0.33954664217470093,2,False,0.018971181484866508,completed,completed,100
2898->7657,2898,7657,1,"(4519,)",0.04,1,0.04,63.5,0.637,False,880.96,1243.7888799884686,0.18394582385684832,38.69960258021264,0.0,3.2799140302738596,0.0037231134560863823,0.28480698865862186,2,False,0.0055846701841295735,completed,completed,100
4314->4399,4314,4399,1,"(6428,)",0.04,1,0.04,127.0,0.564,False,880.96,574.8622094029691,21.804660654310748,21.48342199711668,0.0,23.523334414080082,0.02670193245332374,0.39588406361005224,0,False,0.02670193245332374,completed,completed,100
4316->4317,4316,4317,1,"(6433,)",0.04,1,0.04,127.0,0.564,False,880.96,176.82086599964066,7.714173230897309,6.167511806067467,0.0,8.207574175382707,0.009316625244486364,0.3541179590138305,0,False,0.009316625244486364,completed,completed,100
4399->4314,4399,4314,1,"(6664,)",0.04,1,0.04,127.0,0.564,False,880.96,731.0216139867753,27.748637708270973,27.319322031277203,0.0,29.93418347077315,0.03397904952639524,0.405364398526116,0,True,0.006795809905279048,completed,completed,100
4422->9021,4422,9021,1,"(6744,)",0.04,1,0.04,127.0,0.564,False,880.96,4082.5375600126217,294.2140902279976,170.87869211188834,0.0,307.8843855969487,0.34948736105719747,0.4921199048091114,0,True,0.0698974722114395,completed,completed,100
4428->4429,4428,4429,1,"(6759,)",0.04,1,0.04,127.0,0.564,False,880.96,3997.000577789635,360.6060235338567,130.70191889372109,0.0,371.0621770453544,0.42120207165518797,0.49738955663365947,0,True,0.0842404143310376,completed,completed,100
4429->4428,4429,4428,1,"(6763,)",0.04,1,0.04,127.0,0.564,False,880.96,2915.4369866462303,176.09233806864341,95.33478946333175,0.0,183.71912122570996,0.20854422587371724,0.47325366548823683,0,True,0.04170884517474345,completed,completed,100
4454->4455,4454,4455,1,"(6846,)",0.04,1,0.04,88.9,0.637,False,880.96,2523.3097999775246,7.079905787391636,87.93229990961679,0.0,14.114489780160978,0.016021714697785346,0.346741773021364,0,False,0.016021714697785346,completed,completed,100
4455->4454,4455,4454,1,"(6850,)",0.04,1,0.04,88.9,0.637,False,880.96,3366.090689264468,29.909122352860457,117.3015283394882,0.0,39.293244620019514,0.04460275678807155,0.37886457219384234,0,False,0.04460275678807155,completed,completed,100
4526->12217,4526,12217,1,"(7032,)",0.04,1,0.04,127.0,0.564,False,880.96,1491.0339530163096,42.37156390286123,62.40871713745066,0.0,47.36426127385729,0.05376437213251145,0.426337258691595,0,True,0.010752874426502291,completed,completed,100
5008->8703,5008,8703,1,"(8577,)",0.04,1,0.04,127.0,0.564,False,880.96,2401.6670939650526,129.8064736362728,78.53451397265722,0.0,136.0892347540854,0.1544783358541652,0.46232675132069445,0,True,0.030895667170833044,completed,completed,100
5580->8760,5580,8760,1,"(9895,)",0.04,1,0.04,127.0,0.564,False,880.96,3322.948156594593,255.77838626696536,96.58702641834951,0.0,263.5053483804333,0.2991115923315852,0.485291491093381,0,True,0.05982231846631704,completed,completed,100
6468->8804,6468,8804,1,"(11511,)",0.04,1,0.04,127.0,0.564,False,880.96,2076.3717246004267,84.95119258742905,77.59697759363881,0.0,91.15895079492016,0.10347683299459698,0.44900290963383505,0,True,0.020695366598919396,completed,completed,100
6478->8805,6478,8805,1,"(11537,)",0.04,1,0.04,127.0,0.564,False,880.96,1297.3769681525548,49.78032089528566,48.484830695529766,0.0,53.659107350928046,0.060909811286469356,0.4284379926042375,0,True,0.012181962257293871,completed,completed,100
6871->6877,6871,6877,1,"(12119,)",0.04,1,0.04,63.5,0.637,False,880.96,4237.903022939074,73.9128092268766,115.37690979951628,0.0,83.1429620108379,0.0943776811783031,0.3862057611774141,0,False,0.0943776811783031,completed,completed,100
6877->6871,6877,6871,1,"(12124,)",0.04,1,0.04,63.5,0.637,False,880.96,3514.5605266820185,28.994776932529554,95.68391033891795,0.0,36.64948975964299,0.04160176371190859,0.36039579383779885,0,False,0.04160176371190859,completed,completed,100
6910->9116,6910,9116,1,"(12230,)",0.04,1,0.04,63.5,0.637,False,880.96,4228.723795269791,73.11579973662758,115.12700532622006,0.0,82.32596016272518,0.0934502816957923,0.3858937304182492,0,False,0.0934502816957923,completed,completed,100
7048->2846,7048,2846,1,"(12485,)",0.04,1,0.04,177.8,0.509,False,880.96,2250.407860702019,319.36884318061874,106.07522492205038,0.0,327.8548611743828,0.3721563534943502,0.5405967567145078,0,True,0.07443127069887005,completed,completed,100
7465->12254,7465,12254,1,"(13412,)",0.04,1,0.04,88.9,0.637,False,880.96,5501.906619607195,381.1192168655961,149.7894077188059,0.0,393.1023694831006,0.4462204521012311,0.4516238028229779,0,True,0.08924409042024622,completed,completed,100
7606->2896,7606,2896,1,"(13864,)",0.04,1,0.04,88.9,0.637,False,880.96,3651.43247240425,41.372037643104356,113.61171321280654,0.0,50.46097470012888,0.057279529944752175,0.38698236944150965,1,False,0.07159941243094022,completed,completed,100
7788->12224,7788,12224,1,"(14440,)",0.04,1,0.04,63.5,0.637,False,880.96,4731.657762797158,146.56261608720402,147.22215153388876,0.0,158.34038820991512,0.17973618349291126,0.40628020853746316,0,True,0.035947236698582255,completed,completed,100
7789->10646,7789,10646,1,"(14443,)",0.04,1,0.04,88.9,0.637,False,880.96,4780.239604228099,156.3176498712057,148.73374082869717,0.0,168.21634913750148,0.19094663677976467,0.42510233555201155,0,True,0.038189327355952936,completed,completed,100
7946->8636,7946,8636,1,"(14884,)",0.04,1,0.04,127.0,0.564,False,880.96,266.4241152729419,11.623474442878557,9.292873140720214,0.0,12.366904294136173,0.01403798616751745,0.3695846011824613,0,False,0.01403798616751745,completed,completed,100
7956->8720,7956,8720,1,"(14893,)",0.04,1,0.04,127.0,0.564,False,880.96,1824.9228503579163,53.654912197637096,76.38397082458096,0.0,59.76562986360357,0.06784147959453729,0.4352858818168513,0,True,0.013568295918907458,completed,completed,100
8018->8740,8018,8740,1,"(14960,)",0.04,1,0.04,127.0,0.564,False,880.96,3060.2827441966383,127.4856052949067,128.0911945410945,0.0,137.73290085819426,0.15634410286300654,0.4653202657532666,0,True,0.03126882057260131,completed,completed,100
8475->12276,8475,12276,1,"(15520,)",0.04,1,0.04,127.0,0.564,False,880.96,2662.612549633675,173.62947458775287,77.39327144268549,0.0,179.8209363031677,0.20411929747453653,0.4716345781814865,0,True,0.04082385949490731,completed,completed,100
8476->12276,8476,12276,1,"(15522,)",0.04,1,0.04,127.0,0.564,False,880.96,2148.1514596473708,129.86754824272393,62.43960242708358,0.0,134.86271643689062,0.15308608385952893,0.4608453922368517,0,True,0.03061721677190579,completed,completed,100
8486->8487,8486,8487,1,"(15548,)",0.04,1,0.04,127.0,0.564,False,880.96,1338.3307096871577,51.432740584450976,50.01533052202293,0.0,55.43396702621281,0.06292449943948966,0.4297210953061477,0,True,0.012584899887897932,completed,completed,100
8487->8486,8487,8486,1,"(15553,)",0.04,1,0.04,127.0,0.564,False,880.96,249.3110028747459,9.452185896782128,9.317108336004791,0.0,10.19755456366251,0.011575502365218069,0.3636293696892873,0,False,0.011575502365218069,completed,completed,100
8503->11200,8503,11200,1,"(15569,)",0.04,1,0.04,63.5,0.637,False,880.96,3515.6435160015794,50.23794296713202,80.6007534510678,0.0,56.68600324321744,0.06434571744825808,0.37301115601769025,0,False,0.06434571744825808,completed,completed,100
8587->10872,8587,10872,1,"(15690,)",0.04,1,0.04,63.5,0.637,False,880.96,3478.7526863306407,27.547513872414594,94.7090418853517,0.0,35.12423722324273,0.039870410941748466,0.3590618167202694,1,False,0.049838013677185586,completed,completed,100
8703->5008,8703,5008,1,"(15837,)",0.04,1,0.04,127.0,0.564,False,880.96,465.9699965942237,22.662253509508503,15.237218888631118,0.0,23.881231020598992,0.027108189952550616,0.3940270619715513,0,False,0.027108189952550616,completed,completed,100
8720->7956,8720,7956,1,"(15848,)",0.04,1,0.04,127.0,0.564,False,880.96,1012.4475845178956,28.140963487591907,42.377006097581045,0.0,31.53112397539839,0.035791777124271694,0.41039887650658935,0,True,0.007158355424854339,completed,completed,100
8740->8018,8740,8018,1,"(15891,)",0.04,1,0.04,127.0,0.564,False,880.96,1597.998746295307,45.814725811810504,66.88583552493637,0.0,51.16559265380541,0.05807935962337156,0.4293285077447766,0,True,0.011615871924674313,completed,completed,100
8760->5580,8760,5580,1,"(15949,)",0.04,1,0.04,127.0,0.564,False,880.96,2465.5955270062113,155.39735980773304,71.66664331831387,0.0,161.13069127319815,0.18290352714447664,0.46757191801304887,0,True,0.03658070542889533,completed,completed,100
8767->10335,8767,10335,1,"(15964,)",0.04,1,0.04,127.0,0.564,False,880.96,3654.7835945729603,205.28790576874377,152.97462213444587,0.0,217.52587553949945,0.24691912860913032,0.480684768278162,0,True,0.04938382572182606,completed,completed,100
8804->6468,8804,6468,1,"(16097,)",0.04,1,0.04,127.0,0.564,False,880.96,2043.1453832542923,83.20868852439033,76.35526175133185,0.0,89.31710946449687,0.10138611226899844,0.4482304153506665,0,True,0.02027722245379969,completed,completed,100
8805->6478,8805,6478,1,"(16099,)",0.04,1,0.04,127.0,0.564,False,880.96,1053.9459793278206,40.167779017373064,39.387466884593984,0.0,43.31877636814058,0.04917223979311272,0.4199759009022306,0,True,0.009834447958622546,completed,completed,100
9021->4422,9021,4422,1,"(16673,)",0.04,1,0.04,127.0,0.564,False,880.96,4083.8325937792465,294.5378043933317,170.93289704522417,0.0,308.21243615694965,0.3498597395533845,0.4921547366803703,0,True,0.0699719479106769,completed,completed,100
9344->2467,9344,2467,1,"(17359,)",0.04,1,0.04,127.0,0.564,False,880.96,608.0928815707854,23.06781022182956,22.72529968841678,0.0,24.885834196902902,0.028248540452350732,0.3980939247878995,0,False,0.028248540452350732,completed,completed,100
9908->2462,9908,2462,1,"(18177,)",0.04,1,0.04,127.0,0.564,False,880.96,417.9586965004063,9.877098992539734,18.222999167417715,0.0,11.334938925933152,0.012866576150941191,0.3721044129912193,0,False,0.012866576150941191,completed,completed,100
9930->12826,9930,12826,1,"(18241,)",0.04,1,0.04,88.9,0.637,False,880.96,3684.213340544604,54.397038841345925,110.67885042353308,0.0,63.25134687522857,0.07179820522524129,0.39364090835078686,0,False,0.07179820522524129,completed,completed,100
10646->2424,10646,2424,1,"(20455,)",0.05,1,0.05,88.9,0.637,False,1101.2,3598.6962544536304,54.39254075712568,163.2908425458335,0.0,67.45580816079236,0.06125663654267377,0.39525844131911675,0,False,0.06125663654267377,completed,completed,100
10799->12259,10799,12259,1,"(21157,)",0.05,1,0.05,88.9,0.637,False,1101.2,3023.4916017922324,61.7033016281442,102.89319857349192,0.0,69.93475751402356,0.06350777108066069,0.39441162658767615,0,False,0.06350777108066069,completed,completed,100
10799->8310,10799,8310,1,"(21155,)",0.05,1,0.05,88.9,0.637,False,1101.2,2646.525972652132,11.060504568228165,102.93095657922044,0.0,19.2949810945658,0.017521777238072828,0.3559725269321374,0,False,0.017521777238072828,completed,completed,100
10802->10808,10802,10808,1,"(21165,)",0.05,1,0.05,88.9,0.637,False,1101.2,5067.475790647261,428.5835963798969,141.49951630807354,0.0,439.90355768454276,0.3994765325867624,0.4540440015151145,0,True,0.0798953065173525,completed,completed,100
10808->10802,10808,10802,1,"(21191,)",0.05,1,0.05,88.9,0.637,False,1101.2,3707.101265177822,170.7270062166739,103.51367378919612,0.0,179.0081001198096,0.16255730123484344,0.42415843241848594,0,True,0.03251146024696869,completed,completed,100
10923->8911,10923,8911,1,"(21712,)",0.05,1,0.05,63.5,0.637,False,1101.2,3262.389558588412,24.977774599538563,111.0231946657119,0.0,33.85963017279552,0.030747938769338467,0.35730865152072677,0,False,0.030747938769338467,completed,completed,100
10960->9111,10960,9111,1,"(21882,)",0.05,1,0.05,63.5,0.637,False,1101.2,3480.7666201821976,34.534182317404145,118.45483904307542,0.0,44.010569440850176,0.03996600929971865,0.3655687839433084,2,False,0.059949013949577974,completed,completed,100
11087->12426,11087,12426,1,"(22441,)",0.05,1,0.05,63.5,0.637,False,1101.2,3350.117877808625,31.026977610782165,104.23652482667408,0.0,39.365899596916094,0.03574818343345087,0.3619326440229297,1,False,0.04468522929181359,completed,completed,100
11146->4545,11146,4545,1,"(22714,)",0.05,1,0.05,127.0,0.564,False,1101.2,1945.7476385387092,139.6178128569356,72.7153688916752,0.0,145.4350423682696,0.13206959895411333,0.46198191436940167,0,True,0.026413919790822665,completed,completed,100
11158->12349,11158,12349,1,"(22771,)",0.05,1,0.05,88.9,0.637,False,1101.2,2862.395935045812,97.45189844581748,82.03024140170763,0.0,104.01431775795409,0.09445542840351806,0.40541130974984574,0,True,0.018891085680703613,completed,completed,100
12078->8464,12078,8464,1,"(25020,)",0.05,1,0.05,127.0,0.564,False,1101.2,460.8256916506376,28.01488580683747,18.836250146219818,0.0,29.521785818535054,0.02680874120825922,0.3999456634087659,0,False,0.02680874120825922,completed,completed,100
12223->12224,12223,12224,1,"(25476,)",0.05,1,0.05,63.5,0.637,False,1101.2,4128.376306504033,103.74830354362884,179.8320719113157,0.0,118.13486929653409,0.10727830484610797,0.39619861023024533,0,False,0.10727830484610797,completed,completed,100
12224->12223,12224,12223,1,"(25481,)",0.05,1,0.05,63.5,0.637,False,1101.2,3459.2006867803993,42.851241803193936,150.6827819161542,0.0,54.905864356486276,0.049860029382933414,0.3719082601392266,0,False,0.049860029382933414,completed,completed,100
12259->10799,12259,10799,1,"(25602,)",0.05,1,0.05,88.9,0.637,False,1101.2,2744.151554098076,50.14482260496152,93.38690757540014,0.0,57.61577521099353,0.05232090011895526,0.3877168053595093,0,False,0.05232090011895526,completed,completed,100
12259->8310,12259,8310,1,"(25600,)",0.05,1,0.05,88.9,0.637,False,1101.2,2828.03910803945,53.30902833889576,96.24170589546755,0.0,61.00836481053316,0.055401711596924405,0.3897080469353138,0,False,0.055401711596924405,completed,completed,100
12331->8481,12331,8481,1,"(25830,)",0.05,1,0.05,127.0,0.564,False,1101.2,3633.6525707006163,388.68831166960234,132.02271006878905,0.0,399.25012847510544,0.3625591431848033,0.49850927441908005,0,True,0.07251182863696067,completed,completed,100
12335->12336,12335,12336,1,"(25847,)",0.05,1,0.05,127.0,0.564,False,1101.2,3505.698192671933,272.9894738535094,163.76618700053174,0.0,286.09076881355196,0.2597990999033345,0.4882968672168566,0,True,0.0519598199806669,completed,completed,100
12336->12335,12336,12335,1,"(25852,)",0.05,1,0.05,127.0,0.564,False,1101.2,3885.9531051723447,362.9703614158956,181.5295236273367,0.0,377.4927233060825,0.34280123801860013,0.49758893174273244,0,True,0.06856024760372002,completed,completed,100
12349->11158,12349,11158,1,"(25903,)",0.05,1,0.05,88.9,0.637,False,1101.2,2359.6925797131166,73.38321623373311,67.6238215607259,0.0,78.79312195859119,0.0715520540851718,0.3951882822765487,0,False,0.0715520540851718,completed,completed,100
12464->8531,12464,8531,1,"(26245,)",0.05,1,0.05,127.0,0.564,False,1101.2,4144.545997080529,387.6628565712311,216.84264656725327,0.0,405.01026829661134,0.3677899276213325,0.5003655510455992,0,True,0.0735579855242665,completed,completed,100
2417->6587,2417,6587,1,"(3193,)",0.05,1,0.05,63.5,0.637,False,1101.2,2968.35355959839,15.575887139543285,101.01678207508272,0.0,23.657229705549902,0.021483136310888034,0.3460446652361428,1,False,0.026853920388610043,completed,completed,100
2424->10646,2424,10646,1,"(3216,)",0.05,1,0.05,88.9,0.637,False,1101.2,3217.031255555083,31.0520150793813,145.97279322081192,0.0,42.729838537046255,0.03880297724032533,0.3807900849807075,0,False,0.03880297724032533,completed,completed,100
2425->6377,2425,6377,1,"(3219,)",0.05,1,0.05,127.0,0.564,False,1101.2,4212.632216228591,526.3013979363553,172.19134183834365,0.0,540.0767052834228,0.4904437933921384,0.509031536279458,0,True,0.09808875867842769,completed,completed,100
2557->2850,2557,2850,1,"(3567,)",0.05,1,0.05,127.0,0.564,False,1101.2,2534.432670128274,141.21017021965136,118.39421187599223,0.0,150.68170716973074,0.13683409659437953,0.4659029513341181,0,True,0.02736681931887591,completed,completed,100
2734->5110,2734,5110,1,"(4014,)",0.05,1,0.05,63.5,0.637,False,1101.2,2582.866302002783,16.866334200871997,78.1317056355842,0.0,23.116870651718735,0.020992436116707893,0.3438736112574695,2,False,0.03148865417506184,completed,completed,100
2788->10353,2788,10353,1,"(4168,)",0.05,1,0.05,127.0,0.564,False,1101.2,3288.2184193479384,233.40449306118745,153.60677473239656,0.0,245.69303503977918,0.22311390759151759,0.48311633185723046,0,True,0.04462278151830352,completed,completed,100
2788->4303,2788,4303,1,"(4167,)",0.05,1,0.05,127.0,0.564,False,1101.2,3566.5767111473237,285.4801440770368,166.61008350645355,0.0,298.8089507575531,0.2713484841605095,0.489765746587495,0,True,0.0542696968321019,completed,completed,100
2791->2792,2791,2792,1,"(4174,)",0.05,1,0.05,127.0,0.564,False,1101.2,1706.9656774292387,33.879735314548135,101.48686845806564,0.0,41.998684791193384,0.03813901633780729,0.42433519779691553,0,True,0.007627803267561458,completed,completed,100
2791->4299,2791,4299,1,"(4176,)",0.05,1,0.05,127.0,0.564,False,1101.2,1317.5823527580003,24.725263578224432,78.33625988215748,0.0,30.99216436879703,0.02814399234362244,0.4127746713684008,0,True,0.005628798468724488,completed,completed,100
2792->2791,2792,2791,1,"(4177,)",0.05,1,0.05,127.0,0.564,False,1101.2,1546.0218218675036,29.836839370160064,91.91802468194068,0.0,37.190281344715316,0.033772503945437085,0.41975097264924155,0,True,0.006754500789087417,completed,completed,100
2792->9333,2792,9333,1,"(4179,)",0.05,1,0.05,127.0,0.564,False,1101.2,1730.4098903687427,34.50788476597572,102.88073348192343,0.0,42.73834344452959,0.038810700548973474,0.4249879548845639,0,True,0.007762140109794695,completed,completed,100
2815->6924,2815,6924,1,"(4249,)",0.05,1,0.05,127.0,0.564,False,1101.2,3352.213504262709,289.986822704775,137.02172698673826,0.0,300.9485608637141,0.27329146464194887,0.4893003222189855,0,True,0.05465829292838978,completed,completed,100
2838->2839,2838,2839,1,"(4322,)",0.05,1,0.05,177.8,0.509,False,1101.2,710.7518721963206,115.59836201790192,41.87750030980721,0.0,118.94856204268649,0.10801721943578504,0.49823114613121966,0,True,0.02160344388715701,completed,completed,100
2839->2838,2839,2838,1,"(4324,)",0.05,1,0.05,177.8,0.509,False,1101.2,713.7311908277621,116.0847109427105,42.05304176357174,0.0,119.44895428379624,0.10847162575717058,0.498399737412219,0,True,0.021694325151434116,completed,completed,100
2850->2557,2850,2557,1,"(4359,)",0.05,1,0.05,127.0,0.564,False,1101.2,806.0415042878498,38.26757860312717,37.65365312887527,0.0,41.27987085343719,0.03748626121815945,0.4156633151045659,0,True,0.00749725224363189,completed,completed,100
2850->4613,2850,4613,1,"(4361,)",0.05,1,0.05,127.0,0.564,False,1101.2,1299.0021973227886,62.30707939744147,60.68195978922169,0.0,67.16163618057921,0.060989498892643663,0.43497690380495485,0,True,0.012197899778528733,completed,completed,100
2852->8078,2852,8078,1,"(4367,)",0.05,1,0.05,127.0,0.564,False,1101.2,994.3990518332367,54.42537062820627,43.35579865992913,0.0,57.8938345210006,0.05257340584907428,0.4277464387860207,0,True,0.010514681169814856,completed,completed,100
3986->5363,3986,5363,1,"(5906,)",0.05,1,0.05,127.0,0.564,False,1101.2,1001.1325470564778,47.64737237881689,46.7671918410669,0.0,51.38874772610224,0.04666613487659121,0.4243604086309523,0,True,0.009333226975318241,completed,completed,100
4235->4240,4235,4240,1,"(6191,)",0.05,1,0.05,127.0,0.564,False,1101.2,2697.7895331170985,77.26237410441027,160.3958504235075,0.0,90.09404213829087,0.08181442257382025,0.4515126234505892,0,True,0.016362884514764052,completed,completed,100
4235->4306,4235,4306,1,"(6192,)",0.05,1,0.05,127.0,0.564,False,1101.2,1742.6571306888143,34.84047734007595,103.60888758822587,0.0,43.12918834713402,0.03916562690440793,0.42532775581961874,0,True,0.007833125380881586,completed,completed,100
4240->4235,4240,4235,1,"(6209,)",0.05,1,0.05,127.0,0.564,False,1101.2,1411.3257916783984,26.75042751852938,83.9097334325157,0.0,33.46320619313064,0.030387946052606828,0.41572258639484094,0,True,0.0060775892105213655,completed,completed,100
4299->2791,4299,2791,1,"(6388,)",0.05,1,0.05,127.0,0.564,False,1101.2,1228.6074648310066,22.877054959137265,73.04629836358893,0.0,28.72075882822438,0.02608132839468251,0.4098362197568326,0,True,0.005216265678936502,completed,completed,100
4300->4796,4300,4796,1,"(6392,)",0.05,1,0.05,127.0,0.564,False,1101.2,2204.9598214643433,50.365163180538666,131.09488393069824,0.0,60.85275389499453,0.055260401284956885,0.4378714593780145,0,True,0.011052080256991378,completed,completed,100
4303->2788,4303,2788,1,"(6398,)",0.05,1,0.05,127.0,0.564,False,1101.2,2955.210518576341,185.53289536693939,138.05054851063767,0.0,196.5769392477904,0.17851156851415764,0.47539031640223434,0,True,0.03570231370283153,completed,completed,100
4305->8756,4305,8756,1,"(6404,)",0.05,1,0.05,127.0,0.564,False,1101.2,3104.6247835753543,216.9564950396527,140.02928334195047,0.0,228.15883770700876,0.20719109853524223,0.4803108825346466,0,True,0.041438219707048446,completed,completed,100
4306->4235,4306,4235,1,"(6408,)",0.05,1,0.05,127.0,0.564,False,1101.2,2025.6648474459148,43.54718644501613,120.43498274814803,0.0,53.18198506486797,0.04829457415988737,0.43303358012866866,0,True,0.009658914831977474,completed,completed,100
4307->4726,4307,4726,1,"(6412,)",0.05,1,0.05,127.0,0.564,False,1101.2,1886.7235337301838,69.93618859632278,98.71337528476323,0.0,77.83325861910384,0.07068040194252075,0.4433428994337129,0,True,0.01413608038850415,completed,completed,100
4315->4735,4315,4735,1,"(6432,)",0.05,1,0.05,127.0,0.564,False,1101.2,777.6393798224789,36.910306796948085,36.32686817170723,0.0,39.816456250684666,0.03615733404530028,0.4142315197098356,0,True,0.007231466809060056,completed,completed,100
4338->4740,4338,4740,1,"(6496,)",0.05,1,0.05,127.0,0.564,False,1101.2,791.7097897731795,37.58249709545408,36.98415732226139,0.0,40.541229681234995,0.036815500981869774,0.41494702096322933,0,True,0.007363100196373955,completed,completed,100
4399->9343,4399,9343,1,"(6666,)",0.05,1,0.05,127.0,0.564,False,1101.2,841.9195415495597,29.159116127539047,44.04923041387296,0.0,32.683054560648884,0.029679490156782493,0.40941866562874385,0,True,0.005935898031356499,completed,completed,100
4545->11146,4545,11146,1,"(7093,)",0.05,1,0.05,127.0,0.564,False,1101.2,2422.7643017286796,183.83196412734023,90.54216304746038,0.0,191.07533717113705,0.173515562269467,0.4723904700909939,0,True,0.034703112453893396,completed,completed,100
4613->2850,4613,2850,1,"(7310,)",0.05,1,0.05,127.0,0.564,False,1101.2,1581.3133799499556,76.93490046538759,73.86992503480508,0.0,82.84449446817199,0.07523110649125679,0.4432403353096372,0,True,0.01504622129825136,completed,completed,100
4726->4307,4726,4307,1,"(7676,)",0.05,1,0.05,127.0,0.564,False,1101.2,1182.1547490262199,41.285749162696966,61.850336469051825,0.0,46.23377608022111,0.04198490381422186,0.4231092179667338,0,True,0.008396980762844373,completed,completed,100
4735->4315,4735,4315,1,"(7703,)",0.05,1,0.05,127.0,0.564,False,1101.2,471.46184932876594,22.347636024067313,22.024003532929495,0.0,24.109556306701673,0.02189389421240617,0.3944245363768095,0,False,0.02189389421240617,completed,completed,100
4740->4338,4740,4338,1,"(7718,)",0.05,1,0.05,127.0,0.564,False,1101.2,1621.9496933428356,79.13057428281783,75.76822138901534,0.0,85.19203199393905,0.07736290591530971,0.4443329952760723,0,True,0.015472581183061943,completed,completed,100
4796->4300,4796,4300,1,"(7889,)",0.05,1,0.05,127.0,0.564,False,1101.2,1288.4097596155284,24.112078051670466,76.60181661714141,0.0,30.24022338104178,0.027461154541447312,0.41182773954833035,0,True,0.005492230908289463,completed,completed,100
5103->8622,5103,8622,1,"(8859,)",0.05,1,0.05,127.0,0.564,False,1101.2,3113.9244701354946,166.08139401637342,162.9205282774891,0.0,179.11503627857255,0.16265440998780653,0.4732254766681011,0,True,0.03253088199756131,completed,completed,100
5110->2734,5110,2734,1,"(8885,)",0.05,1,0.05,63.5,0.637,False,1101.2,2810.9847040666014,21.54570753560856,85.03228729801471,0.0,28.348290519449737,0.025743089828777457,0.35059881216298605,2,False,0.03861463474316618,completed,completed,100
5117->10459,5117,10459,1,"(8907,)",0.05,1,0.05,88.9,0.637,False,1101.2,559.1982890031575,13.52781823166283,16.915748242345515,0.0,14.88107809105047,0.013513510798265956,0.3317907939079988,1,False,0.016891888497832446,completed,completed,100
5158->8640,5158,8640,1,"(8987,)",0.05,1,0.05,127.0,0.564,False,1101.2,3275.5185165016305,231.31612636236235,153.01350784229047,0.0,243.5572069897456,0.2211743615962092,0.48281713672812293,0,True,0.04423487231924184,completed,completed,100
5363->3986,5363,3986,1,"(9467,)",0.05,1,0.05,127.0,0.564,False,1101.2,1522.0099873899333,73.77736019687349,71.09960941092974,0.0,79.46532894974787,0.07216248542476196,0.44160794271367965,0,True,0.014432497084952393,completed,completed,100
5797->8771,5797,8771,1,"(10249,)",0.05,1,0.05,127.0,0.564,False,1101.2,4361.856021231246,525.3263156500398,203.76098842037393,0.0,541.6271947236696,0.49185179324706646,0.5094955489597703,0,True,0.09837035864941329,completed,completed,100
5922->8737,5922,8737,1,"(10488,)",0.05,1,0.05,127.0,0.564,False,1101.2,2785.541178684599,176.23044542846736,125.63751247308468,0.0,186.28144642631415,0.16916222886515994,0.4731641072565568,0,True,0.03383244577303199,completed,completed,100
6275->7502,6275,7502,1,"(11026,)",0.05,1,0.05,127.0,0.564,False,1101.2,1316.7127192594246,80.84075880323667,53.82063239972899,0.0,85.14640939521499,0.07732147602180801,0.44204578621814633,0,True,0.015464295204361603,completed,completed,100
6277->7500,6277,7500,1,"(11034,)",0.05,1,0.05,127.0,0.564,False,1101.2,1571.837596503718,30.456607050726024,93.45288982849378,0.0,37.93283823700553,0.03444682004813433,0.4205005964437124,0,True,0.006889364009626867,completed,completed,100
6366->6367,6366,6367,1,"(11212,)",0.05,1,0.05,127.0,0.564,False,1101.2,2582.3582754588797,69.61806571975812,153.5329374681916,0.0,81.90070071721345,0.07437404714603474,0.44825027791662797,0,True,0.014874809429206949,completed,completed,100
6367->6366,6367,6366,1,"(11215,)",0.05,1,0.05,127.0,0.564,False,1101.2,3108.3710244055296,113.83041560733898,184.80678636011058,0.0,128.61495851614782,0.11679527653119126,0.46348081939600344,0,True,0.023359055306238254,completed,completed,100
6377->2425,6377,2425,1,"(11254,)",0.05,1,0.05,127.0,0.564,False,1101.2,4249.66346865774,540.6408233214954,173.70499428138515,0.0,554.5372228640063,0.5035753930839141,0.5099064993873872,0,True,0.10071507861678282,completed,completed,100
6391->8818,6391,8818,1,"(11304,)",0.05,1,0.05,177.8,0.509,False,1101.2,2901.2771350843163,590.870324611114,170.94324879916792,0.0,604.5457845150474,0.5489881806348051,0.5614105974786696,0,True,0.10979763612696103,completed,completed,100
6594->7507,6594,7507,1,"(11637,)",0.05,1,0.05,127.0,0.564,False,1101.2,2507.7123486836335,138.85472681146882,117.14599114564975,0.0,148.2264061031208,0.1346044370714864,0.4653050741372689,0,True,0.02692088741429728,completed,completed,100
6893->6894,6893,6894,1,"(12183,)",0.05,1,0.05,127.0,0.564,False,1101.2,3068.1903069217296,160.3271309818112,160.5277168581449,0.0,173.16934833046278,0.15725512925032945,0.47207204044260753,0,True,0.03145102585006589,completed,completed,100
6894->6893,6894,6893,1,"(12186,)",0.05,1,0.05,127.0,0.564,False,1101.2,2584.5402973531873,112.31439950775176,135.22314835751877,0.0,123.13225137635325,0.11181642878346644,0.46019192851407287,0,True,0.022363285756693288,completed,completed,100
6924->2815,6924,2815,1,"(12268,)",0.05,1,0.05,127.0,0.564,False,1101.2,4483.8986277226395,641.7500925374794,183.27935640816293,0.0,656.4124410501324,0.5960883046223505,0.515468088199513,0,True,0.11921766092447011,completed,completed,100
7500->6277,7500,6277,1,"(13515,)",0.05,1,0.05,127.0,0.564,False,1101.2,1465.3925408807559,27.9616719715079,87.12424743054676,0.0,34.931611765951644,0.031721405526654235,0.4173654630600268,0,True,0.006344281105330848,completed,completed,100
7502->6275,7502,6275,1,"(13523,)",0.05,1,0.05,127.0,0.564,False,1101.2,1621.4740334289668,100.84221419435373,66.27775111640902,0.0,106.14443428366646,0.09638978776213808,0.4507614930728203,0,True,0.019277957552427616,completed,completed,100
7507->6594,7507,6594,1,"(13536,)",0.05,1,0.05,127.0,0.564,False,1101.2,3563.412267541249,284.8144609287623,166.46225878371266,0.0,298.1314416314593,0.2707332379508348,0.4896892020624067,0,True,0.05414664759016696,completed,completed,100
7743->7744,7743,7744,1,"(14299,)",0.05,1,0.05,63.5,0.637,False,1101.2,2422.046048977403,7.211018320488745,105.5043258934557,0.0,15.651364391965203,0.014213007983985835,0.33222434666638206,2,False,0.021319511975978752,completed,completed,100
7744->7743,7744,7743,1,"(14302,)",0.05,1,0.05,63.5,0.637,False,1101.2,3046.6883029302353,22.710398012106292,132.71374247564106,0.0,33.32749741015758,0.030264708872282577,0.3561084165183117,1,False,0.03783088609035322,completed,completed,100
8018->8743,8018,8743,1,"(14961,)",0.05,1,0.05,127.0,0.564,False,1101.2,1907.6750867369567,61.374803968398204,103.96829222716416,0.0,69.69226734657134,0.06328756569793983,0.44024151894549196,0,True,0.012657513139587968,completed,completed,100
8080->8078,8080,8078,1,"(15032,)",0.05,1,0.05,127.0,0.564,False,1101.2,2480.0590415780152,154.27481107767304,108.13057421280148,0.0,162.92525701469717,0.14795246732173734,0.46796102512172894,0,True,0.02959049346434747,completed,completed,100
8310->10799,8310,10799,1,"(15258,)",0.05,1,0.05,88.9,0.637,False,1101.2,3018.1168512267527,20.553672183960447,117.38318753521193,0.0,29.9443271867774,0.027192451132198873,0.3698722682655429,0,False,0.027192451132198873,completed,completed,100
8310->12259,8310,12259,1,"(15259,)",0.05,1,0.05,88.9,0.637,False,1101.2,3119.652614932622,66.42988080844519,106.1656780519258,0.0,74.92313505259925,0.06803771799182641,0.39676162081990696,0,False,0.06803771799182641,completed,completed,100
8464->12078,8464,12078,1,"(15499,)",0.05,1,0.05,127.0,0.564,False,1101.2,843.8751281227256,51.38095498563665,34.49339586201641,0.0,54.14042665459796,0.04916493521122226,0.42401243150540197,0,True,0.009832987042244452,completed,completed,100
8481->12331,8481,12331,1,"(15535,)",0.05,1,0.05,127.0,0.564,False,1101.2,2065.463542646371,154.77449393584055,75.04517538281816,0.0,160.778107966466,0.14600264072508717,0.4655777854640993,0,True,0.029200528145017435,completed,completed,100
8482->8483,8482,8483,1,"(15537,)",0.05,1,0.05,127.0,0.564,False,1101.2,1707.1447995777505,106.71994031199186,69.77954368274055,0.0,112.3023038066111,0.10198175064167372,0.4529742196344484,0,True,0.020396350128334746,completed,completed,100
8483->8482,8483,8482,1,"(15541,)",0.05,1,0.05,127.0,0.564,False,1101.2,2033.6331703699266,130.69672692336735,83.12475583887075,0.0,137.346707390477,0.12472457990417454,0.46078390581443324,0,True,0.02494491598083491,completed,completed,100
8531->12464,8531,12464,1,"(15628,)",0.05,1,0.05,127.0,0.564,False,1101.2,3850.024961877432,302.1072115491712,201.43330600542726,0.0,318.22187602960537,0.28897736653614725,0.4924537504175617,0,True,0.05779547330722945,completed,completed,100
8622->5103,8622,5103,1,"(15758,)",0.05,1,0.05,127.0,0.564,False,1101.2,2290.4810711043256,91.70504559110032,119.83796964017831,0.0,101.29208316231458,0.09198336647504048,0.4531557654362867,0,True,0.018396673295008097,completed,completed,100
8640->5158,8640,5158,1,"(15783,)",0.05,1,0.05,127.0,0.564,False,1101.2,2321.281421287379,123.60757882578912,108.43700353728185,0.0,132.28253910877166,0.12012580739990161,0.4611233774470666,0,True,0.024025161479980323,completed,completed,100
8695->8696,8695,8696,1,"(15828,)",0.05,1,0.05,228.6,0.463,False,1101.2,188.53616191839058,94.31416046997653,13.805988947751235,0.0,95.41863958579663,0.08664969086977535,0.5273176157882257,0,True,0.017329938173955072,completed,completed,100
8696->8695,8696,8695,1,"(15833,)",0.05,1,0.05,228.6,0.463,False,1101.2,410.2474143753544,205.24561425369836,30.04129929812254,0.0,207.64891819754817,0.1885660354136834,0.5585799797933508,0,True,0.037713207082736684,completed,completed,100
8737->5922,8737,5922,1,"(15884,)",0.05,1,0.05,127.0,0.564,False,1101.2,2715.938154166274,168.64226762757852,122.49817605687888,0.0,178.44212171212882,0.16204333609891827,0.4716244469907499,0,True,0.03240866721978366,completed,completed,100
8738->8739,8738,8739,1,"(15888,)",0.05,1,0.05,127.0,0.564,False,1101.2,1663.8014843564354,60.0066530243751,87.0500936615287,0.0,66.97066051729739,0.06081607384425843,0.4375906533206379,0,True,0.012163214768851687,completed,completed,100
8739->8738,8739,8738,1,"(15890,)",0.05,1,0.05,127.0,0.564,False,1101.2,2030.721003982769,77.03388715048412,106.24732292837848,0.0,85.5336729847544,0.07767315018593753,0.44689908705357945,0,True,0.015534630037187505,completed,completed,100
8756->4305,8756,4305,1,"(15935,)",0.05,1,0.05,127.0,0.564,False,1101.2,3052.1311526138165,209.5054257939595,137.66163957306458,0.0,220.51835695980466,0.20025277602597588,0.47912273180252796,0,True,0.04005055520519518,completed,completed,100
8759->8760,8759,8760,1,"(15948,)",0.05,1,0.05,127.0,0.564,False,1101.2,2115.6539907843035,116.65443209099017,95.42329034296101,0.0,124.28829531842705,0.11286623258120872,0.4582843093126088,0,True,0.022573246516241745,completed,completed,100
8760->8759,8760,8759,1,"(15952,)",0.05,1,0.05,127.0,0.564,False,1101.2,4262.253329664508,502.3379536405477,192.24232259314402,0.0,517.7173394479993,0.47013924759171744,0.5079118000841394,0,True,0.09402784951834349,completed,completed,100
8771->5797,8771,5797,1,"(15976,)",0.05,1,0.05,127.0,0.564,False,1101.2,4701.161466563903,686.1691130574444,219.61139993805662,0.0,703.738025052489,0.6390646794882755,0.5180385270976068,0,True,0.1278129358976551,completed,completed,100
8787->5805,8787,5805,1,"(16034,)",0.05,1,0.05,127.0,0.564,False,1101.2,4443.955964781065,560.352541812922,207.59622864048688,0.0,576.960240104161,0.523937740741156,0.5115633663445556,0,True,0.1047875481482312,completed,completed,100
8801->6214,8801,6214,1,"(16085,)",0.05,1,0.05,127.0,0.564,False,1101.2,2154.6735541410503,111.48327779613174,100.65403602916051,0.0,119.53560067846459,0.10855030937020031,0.45734041323764607,0,True,0.021710061874040065,completed,completed,100
8818->6391,8818,6391,1,"(16114,)",0.05,1,0.05,177.8,0.509,False,1101.2,3017.7789231697843,635.7845708236263,177.8075341531637,0.0,650.0091735558793,0.5902734957826729,0.5639794597626392,0,True,0.11805469915653458,completed,completed,100
8847->12080,8847,12080,1,"(16143,)",0.05,1,0.05,127.0,0.564,False,1101.2,347.95310149597714,16.490791300148405,16.254380598454933,0.0,17.7911417480248,0.016156140345100618,0.38255320021787936,0,False,0.016156140345100618,completed,completed,100
9333->2792,9333,2792,1,"(17323,)",0.05,1,0.05,127.0,0.564,False,1101.2,2076.5931988373636,45.36363005100715,123.46290473087599,0.0,55.240662429477226,0.050164059598144954,0.43440641223519333,0,True,0.010032811919628992,completed,completed,100
9343->4399,9343,4399,1,"(17357,)",0.05,1,0.05,127.0,0.564,False,1101.2,547.53647601929,18.918255929369558,28.647108425329254,0.0,21.210024603395897,0.019260828735375858,0.39242544358297565,0,False,0.019260828735375858,completed,completed,100
9909->9911,9909,9911,1,"(18182,)",0.05,1,0.05,127.0,0.564,False,1101.2,288.9182285279455,13.69246078955757,13.496608675519738,0.0,14.77218948359915,0.013414629026152513,0.37535589737555686,2,False,0.02012194353922877,completed,completed,100
9911->9912,9911,9912,1,"(18187,)",0.05,1,0.05,127.0,0.564,False,1101.2,467.2694706484031,22.148750704190626,21.828159557432546,0.0,23.89500346878523,0.02169905872574031,0.39407371602638197,1,False,0.027123823407175385,completed,completed,100
9913->9912,9913,9912,1,"(18192,)",0.05,1,0.05,127.0,0.564,False,1101.2,629.3731232892483,29.846398272847566,29.400715902226313,0.0,32.19845554502567,0.029239425667477,0.4058224415188291,0,True,0.0058478851334954,completed,completed,100
10347->8756,10347,8756,1,"(19120,)",0.06,1,0.06,127.0,0.564,False,1321.44,3628.140353937188,375.0434843845637,196.36996894964864,0.0,390.7530819005356,0.295702477524924,0.4978584864001956,0,True,0.059140495504984805,completed,completed,100
10348->7507,10348,7507,1,"(19124,)",0.06,1,0.06,127.0,0.564,False,1321.44,4296.021675552766,598.6521080337307,240.82270078384363,0.0,617.9179240964381,0.46760951999064515,0.5132180575747891,0,True,0.09352190399812904,completed,completed,100
10353->9337,10353,9337,1,"(19150,)",0.06,1,0.06,127.0,0.564,False,1321.44,3051.690075685886,325.90231396353056,133.05368729990462,0.0,336.54660894752294,0.25468171763191894,0.49157068284554273,0,True,0.05093634352638379,completed,completed,100
10367->2028,10367,2028,1,"(19199,)",0.06,1,0.06,127.0,0.564,False,1321.44,2402.678990035666,118.78189982040759,150.84979771039926,0.0,130.84988363723954,0.09902067716827062,0.4611795479814482,0,True,0.019804135433654127,completed,completed,100
10455->12965,10455,12965,1,"(19599,)",0.06,1,0.06,88.9,0.637,False,1321.44,1177.6475239144759,19.671027525832468,48.092180757857406,0.0,23.51840198646106,0.01779755568657,0.3527372454464256,2,False,0.026696333529854996,completed,completed,100
10547->4995,10547,4995,1,"(19988,)",0.06,1,0.06,127.0,0.564,False,1321.44,3059.1337987729507,252.57685546841248,165.57297967427667,0.0,265.8226938423546,0.20116137989038824,0.48464772024868674,0,True,0.04023227597807765,completed,completed,100
10585->6305,10585,6305,1,"(20172,)",0.06,1,0.06,127.0,0.564,False,1321.44,5021.083432755887,1058.3620997372423,281.46759128763,0.0,1080.8795070402527,0.8179557959803341,0.5314253346595753,0,True,0.16359115919606682,completed,completed,100
10797->7465,10797,7465,1,"(21146,)",0.06,1,0.06,88.9,0.637,False,1321.44,2574.9167671495784,53.33273016465754,105.15316347847092,0.0,61.74498324293521,0.04672552915223938,0.3890351699769534,0,False,0.04672552915223938,completed,completed,100
10829->12369,10829,12369,1,"(21287,)",0.06,1,0.06,107.95,0.564,False,1321.44,3563.117921269896,145.83866121070977,223.70679556900916,0.0,163.7352048562305,0.12390665096881469,0.45935601432050016,0,True,0.02478133019376294,completed,completed,100
10853->12466,10853,12466,1,"(21397,)",0.06,1,0.06,127.0,0.564,False,1321.44,2558.318927786393,132.31507335714704,160.6214955621409,0.0,145.1647930021183,0.10985348786332962,0.4649100949728524,0,True,0.021970697572665926,completed,completed,100
10877->4442,10877,4442,1,"(21504,)",0.06,1,0.06,177.8,0.509,False,1321.44,1159.2361066863568,227.50233901306163,81.96262968715216,0.0,234.0593493880338,0.177124462244244,0.5234442455218934,0,True,0.0354248924488488,completed,completed,100
11792->3479,11792,3479,1,"(24374,)",0.06,1,0.06,63.5,0.637,False,1321.44,3857.1215592601184,92.77359034452041,136.22936361192225,0.0,103.6719394334742,0.07845376213333499,0.39163234217884885,1,False,0.09806720266666874,completed,completed,100
12117->8453,12117,8453,1,"(25160,)",0.03,2,0.06,88.9,0.637,False,1321.44,2282.6259199014985,19.03944300638871,46.60836800198872,0.0,22.768112446547807,0.017229773918261748,0.3590296585866998,1,False,0.021537217397827185,completed,completed,100
12182->2838,12182,2838,1,"(25364,)",0.06,1,0.06,177.8,0.509,False,1321.44,710.7518721963206,138.7180344214823,50.25300037176865,0.0,142.7382744512238,0.10801721943578504,0.5035790010741348,0,True,0.02160344388715701,completed,completed,100
12226->12225,12226,12225,1,"(25488,)",0.06,1,0.06,63.5,0.637,False,1321.44,3174.9532589420833,29.90436075958642,148.1796042423398,0.0,41.7587290989736,0.03160092709390786,0.36304947075687455,2,False,0.047401390640861796,completed,completed,100
12230->8856,12230,8856,1,"(25501,)",0.06,1,0.06,127.0,0.564,False,1321.44,547.9310513439918,22.718301061966056,34.40130312758119,0.0,25.470405312172552,0.01927473461691227,0.3976201236105671,0,False,0.01927473461691227,completed,completed,100
12369->10829,12369,10829,1,"(25949,)",0.06,1,0.06,107.95,0.564,False,1321.44,2850.511072675573,63.753174954400016,178.9664871868632,0.0,78.07049392934907,0.059079862823396494,0.43522884287161734,0,True,0.011815972564679299,completed,completed,100
12384->12713,12384,12713,1,"(25992,)",0.06,1,0.06,127.0,0.564,False,1321.44,540.6815057348167,33.15629764611801,29.26392039315063,0.0,35.497411277570066,0.026862673505849727,0.4069694299152484,0,True,0.005372534701169946,completed,completed,100
12466->10853,12466,10853,1,"(26252,)",0.06,1,0.06,127.0,0.564,False,1321.44,3579.9275399372714,289.4484228151914,224.76217066742163,0.0,307.42939646858514,0.23264726091883486,0.4906443505091305,0,True,0.04652945218376697,completed,completed,100
12558->8613,12558,8613,1,"(26555,)",0.06,1,0.06,63.5,0.637,False,1321.44,5324.43083675574,364.7296170662539,188.05314101276758,0.0,379.7738683472753,0.2873939553421081,0.43331612415781284,0,True,0.057478791068421624,completed,completed,100
12614->7494,12614,7494,1,"(26756,)",0.06,1,0.06,127.0,0.564,False,1321.44,850.0413619181613,35.33250179132993,53.368996866669846,0.0,39.60202154066352,0.029968838192171814,0.41504521771300557,0,True,0.005993767638434363,completed,completed,100
12649->7850,12649,7850,1,"(26878,)",0.06,1,0.06,127.0,0.564,False,1321.44,384.72686971633567,28.064169392694808,18.870852959586266,0.0,29.57383762946171,0.022380007892497358,0.39803290433187544,0,False,0.022380007892497358,completed,completed,100
12713->12384,12713,12384,1,"(27097,)",0.06,1,0.06,127.0,0.564,False,1321.44,1342.9991163165396,83.3897942919978,72.6886694127738,0.0,89.20488784501971,0.06750581777834765,0.4436218235780271,0,True,0.01350116355566953,completed,completed,100
12713->12757,12713,12757,1,"(27098,)",0.06,1,0.06,127.0,0.564,False,1321.44,1437.3809662788815,89.60454667884532,77.7970056783218,0.0,95.82830713311107,0.07251809172804748,0.4464560890199484,0,True,0.014503618345609495,completed,completed,100
12757->12713,12757,12713,1,"(27244,)",0.06,1,0.06,127.0,0.564,False,1321.44,2317.078148774837,158.25766942539835,125.40985732127531,0.0,168.29045801110038,0.12735383975897535,0.4681721238321727,0,True,0.02547076795179507,completed,completed,100
12965->10455,12965,10455,1,"(27956,)",0.06,1,0.06,88.9,0.637,False,1321.44,3183.166929766606,83.75281560368883,129.99257949434377,0.0,94.15222196323633,0.07124971392059899,0.4036540723383065,0,False,0.07124971392059899,completed,completed,100
1870->2728,1870,2728,1,"(1677,)",0.06,1,0.06,88.9,0.637,False,1321.44,1156.8677202790557,33.773870838074956,41.99429824612972,0.0,37.13341469776533,0.028100719440735358,0.3655978458289419,1,False,0.035125899300919194,completed,completed,100
2023->7023,2023,7023,1,"(2168,)",0.06,1,0.06,127.0,0.564,False,1321.44,3225.478016911316,267.9691417540604,180.81108197657147,0.0,282.4340283121861,0.21373201077020984,0.4870099493665472,0,True,0.04274640215404197,completed,completed,100
2028->10367,2028,10367,1,"(2183,)",0.06,1,0.06,127.0,0.564,False,1321.44,3136.9203688842704,202.88336782335918,196.94840844003002,0.0,218.63924049856158,0.1654552915747681,0.47916958405897947,0,True,0.03309105831495362,completed,completed,100
2029->7032,2029,7032,1,"(2186,)",0.06,1,0.06,127.0,0.564,False,1321.44,3236.00391732018,269.95618897310845,181.40113387949123,0.0,284.46827968346776,0.21527143092646486,0.4872568405973099,0,True,0.04305428618529297,completed,completed,100
2051->8324,2051,8324,1,"(2246,)",0.06,1,0.06,127.0,0.564,False,1321.44,3121.0574392614044,181.42278252989246,204.11715652769587,0.0,197.75215505210812,0.14964898523739867,0.47616072177836066,0,True,0.029929797047479736,completed,completed,100
2057->7557,2057,7557,1,"(2257,)",0.06,1,0.06,127.0,0.564,False,1321.44,2732.222563954372,149.7602202748875,171.5398614553113,0.0,163.4834091913124,0.12371610454603493,0.46911683338426025,0,True,0.024743220909206987,completed,completed,100
2426->6377,2426,6377,1,"(3223,)",0.06,1,0.06,127.0,0.564,False,1321.44,4565.46796188591,761.42847868913,247.10201768883186,0.0,781.1966401042365,0.5911707229266834,0.5208015182169645,0,True,0.11823414458533668,completed,completed,100
2450->6336,2450,6336,1,"(3285,)",0.06,1,0.06,127.0,0.564,False,1321.44,4349.255937360801,553.6698745280369,273.06368477126057,0.0,575.5149693097377,0.435521074971045,0.511254568001069,0,True,0.087104214994209,completed,completed,100
2463->4053,2463,4053,1,"(3324,)",0.06,1,0.06,127.0,0.564,False,1321.44,1978.5090839611983,77.36814986858849,129.39449409106237,0.0,87.71970939587348,0.06638190867226168,0.4473526531768358,0,True,0.013276381734452336,completed,completed,100
2466->4310,2466,4310,1,"(3336,)",0.03,2,0.06,127.0,0.564,False,1321.44,1068.5844303119477,30.395160728399947,29.950895032457737,0.0,32.791232330996564,0.024814772014617813,0.4121099689083527,0,True,0.004962954402923563,completed,completed,100
2547->4192,2547,4192,1,"(3534,)",0.03,2,0.06,127.0,0.564,False,1321.44,2011.3097908519787,57.439578160625025,56.37414013787975,0.0,61.9495093716554,0.04688030434348544,0.4373892334751537,0,True,0.009376060868697089,completed,completed,100
2641->4313,2641,4313,1,"(3796,)",0.06,1,0.06,127.0,0.564,False,1321.44,1027.7574275098534,36.698261335620714,67.21533575914441,0.0,42.07548819635227,0.031840634607967266,0.41886079365201395,0,True,0.0063681269215934535,completed,completed,100
2646->4138,2646,4138,1,"(3809,)",0.06,1,0.06,127.0,0.564,False,1321.44,2243.5955025758303,106.61689843540239,140.86190003372093,0.0,117.88585043810006,0.08921014229787207,0.4573737831159488,0,True,0.017842028459574413,completed,completed,100
2676->4340,2676,4340,1,"(3861,)",0.06,1,0.06,127.0,0.564,False,1321.44,1351.6319979439158,77.95824428266437,75.76862799902752,0.0,84.01973452258657,0.06358195190291392,0.441941825862417,0,True,0.012716390380582785,completed,completed,100
2676->4485,2676,4485,1,"(3862,)",0.06,1,0.06,127.0,0.564,False,1321.44,876.2187863692495,49.95467949340357,49.11832168161336,0.0,53.884145227932635,0.04077683831875275,0.4242843236966159,0,True,0.00815536766375055,completed,completed,100
2795->8342,2795,8342,1,"(4185,)",0.06,1,0.06,127.0,0.564,False,1321.44,2829.1646264345686,204.78311863802872,158.59488563041782,0.0,217.47070948846215,0.16457100548527526,0.4778864737227374,0,True,0.032914201097055056,completed,completed,100
2809->2810,2809,2810,1,"(4228,)",0.06,1,0.06,127.0,0.564,False,1321.44,3070.7628740083783,290.7243618390752,150.62091897011095,0.0,302.77403535668407,0.22912431541097897,0.4885226628495005,0,True,0.0458248630821958,completed,completed,100
2810->2809,2810,2809,1,"(4230,)",0.06,1,0.06,127.0,0.564,False,1321.44,3753.1742757831303,455.7952111146816,184.09319822716253,0.0,470.5226669728546,0.3560681279307835,0.503705824926897,0,True,0.07121362558615671,completed,completed,100
2812->4332,2812,4332,1,"(4238,)",0.06,1,0.06,127.0,0.564,False,1321.44,3055.3961426824535,251.95133991510545,165.37068226049584,0.0,265.18099449594513,0.20067577377402313,0.4845632253230657,0,True,0.04013515475480463,completed,completed,100
2812->6916,2812,6916,1,"(4239,)",0.06,1,0.06,127.0,0.564,False,1321.44,4526.486064610563,738.8283137039031,244.99215610388754,0.0,758.4276861922141,0.5739403122292454,0.5198348896880581,0,True,0.11478806244584908,completed,completed,100
2815->2816,2815,2816,1,"(4246,)",0.06,1,0.06,127.0,0.564,False,1321.44,3911.635279095352,444.2098852299828,219.275097645288,0.0,461.7518930416058,0.3494308428998712,0.5036016000207071,0,True,0.06988616857997425,completed,completed,100
2816->2815,2816,2815,1,"(4250,)",0.06,1,0.06,127.0,0.564,False,1321.44,2360.57320123593,151.99238689549765,132.32698916642556,0.0,162.5785460288117,0.12303134915608101,0.4673603120525234,0,True,0.024606269831216204,completed,completed,100
2820->4331,2820,4331,1,"(4265,)",0.06,1,0.06,127.0,0.564,False,1321.44,3906.087248003389,520.9358954375324,185.7877134686703,0.0,535.798912515026,0.40546594057620927,0.507973410046099,0,True,0.08109318811524185,completed,completed,100
2820->6915,2820,6915,1,"(4266,)",0.06,1,0.06,127.0,0.564,False,1321.44,2706.2601329480444,242.17428099212614,128.71957286894698,0.0,252.4718468216419,0.1910581235785521,0.48179467183605185,0,True,0.03821162471571042,completed,completed,100
2822->4331,2822,4331,1,"(4271,)",0.06,1,0.06,127.0,0.564,False,1321.44,2950.139001874271,279.97317051121684,140.31933870732897,0.0,291.19871760780313,0.22036469125181857,0.4869375892806025,0,True,0.044072938250363715,completed,completed,100
2823->6913,2823,6913,1,"(4274,)",0.06,1,0.06,127.0,0.564,False,1321.44,3255.4883665530365,338.11333921851866,154.84286485277715,0.0,350.50076840674086,0.26524153075942974,0.49347260537017473,0,True,0.05304830615188595,completed,completed,100
2823->6914,2823,6914,1,"(4275,)",0.06,1,0.06,127.0,0.564,False,1321.44,3580.974627291894,417.6278811811211,170.32417499991993,0.0,431.2538151811147,0.32635141601670503,0.5006237550422886,0,True,0.06527028320334101,completed,completed,100
2824->6912,2824,6912,1,"(4278,)",0.06,1,0.06,127.0,0.564,False,1321.44,261.8966079854482,14.894073643313794,14.681175567641413,0.0,16.068567688725107,0.012159892003212484,0.3766239469486917,0,False,0.012159892003212484,completed,completed,100
2825->7045,2825,7045,1,"(4282,)",0.06,1,0.06,228.6,0.463,False,1321.44,285.4520950255899,185.95556194103835,17.244874690733447,0.0,187.33515191629704,0.14176591590711424,0.5516097318791581,0,True,0.02835318318142285,completed,completed,100
2826->2828,2826,2828,1,"(4286,)",0.06,1,0.06,127.0,0.564,False,1321.44,2949.0738187687134,221.72614126902334,165.3166523549776,0.0,234.95147345742154,0.1777995773227854,0.480614044104852,0,True,0.03555991546455708,completed,completed,100
2826->8336,2826,8336,1,"(4288,)",0.06,1,0.06,127.0,0.564,False,1321.44,1556.6951610147696,90.74120716808575,87.26388302602794,0.0,97.722317810168,0.07395138470923235,0.4478974937690952,0,True,0.01479027694184647,completed,completed,100
2835->6901,2835,6901,1,"(4314,)",0.06,1,0.06,127.0,0.564,False,1321.44,2806.4754751237347,102.48443640922395,200.22926844337337,0.0,118.50277788469381,0.08967700227380268,0.4599663651172312,0,True,0.017935400454760535,completed,completed,100
2838->12182,2838,12182,1,"(4323,)",0.06,1,0.06,177.8,0.509,False,1321.44,713.7311908277621,139.3016531312526,50.46365011628609,0.0,143.3387451405555,0.10847162575717058,0.5037477632111312,0,True,0.021694325151434116,completed,completed,100
2844->10358,2844,10358,1,"(4341,)",0.06,1,0.06,127.0,0.564,False,1321.44,4210.665724493819,559.9678900498876,236.0378900416249,0.0,578.8509212532176,0.4380455573111285,0.5110721147448306,0,True,0.0876091114622257,completed,completed,100
2844->2822,2844,2822,1,"(4338,)",0.06,1,0.06,127.0,0.564,False,1321.44,4213.098096939731,561.033036096907,236.1742418913072,0.0,579.9269754482116,0.43885986155119533,0.5111332097238981,0,True,0.08777197231023907,completed,completed,100
2845->7048,2845,7048,1,"(4343,)",0.06,1,0.06,177.8,0.509,False,1321.44,2165.6191775090397,489.0064615675707,136.71244493446352,0.0,499.9434571623278,0.3783323171406403,0.5526182516475121,0,True,0.07566646342812806,completed,completed,100
2860->8421,2860,8421,1,"(4394,)",0.06,1,0.06,127.0,0.564,False,1321.44,1041.872109377095,23.00811673747317,74.33283922174037,0.0,28.9547438752124,0.02191150856278938,0.40827214920360005,0,True,0.004382301712557876,completed,completed,100
3479->11792,3479,11792,1,"(4853,)",0.06,1,0.06,63.5,0.637,False,1321.44,4044.206724306181,111.52468832972062,142.8370093871167,0.0,122.95164908068995,0.09304368649404433,0.3971456009426696,1,False,0.11630460811755541,completed,completed,100
3481->3397,3481,3397,1,"(4855,)",0.06,1,0.06,127.0,0.564,False,1321.44,371.80471817426485,24.332756764059187,19.452822854877535,0.0,25.88898259244939,0.019591493062454134,0.39386539621255834,1,False,0.02448936632806767,completed,completed,100
4053->2463,4053,2463,1,"(6005,)",0.06,1,0.06,127.0,0.564,False,1321.44,2274.469283803836,95.16239090447064,148.75029116077087,0.0,107.06241419733232,0.08101950462929253,0.45470132769694244,0,True,0.016203900925858505,completed,completed,100
4074->9338,4074,9338,1,"(6041,)",0.06,1,0.06,127.0,0.564,False,1321.44,2522.7928559392417,168.21410440649638,141.4205595243655,0.0,179.5277491684456,0.13585766222336662,0.4709987344720308,0,True,0.027171532444673324,completed,completed,100
4077->4796,4077,4796,1,"(6048,)",0.06,1,0.06,127.0,0.564,False,1321.44,1409.5861626667474,32.05441775954991,100.56756549644213,0.0,40.09982299926528,0.030345549551447873,0.4209145499695554,0,True,0.006069109910289575,completed,completed,100
4138->2646,4138,2646,1,"(6106,)",0.06,1,0.06,127.0,0.564,False,1321.44,1953.4460556434685,87.77717667943244,122.64515715751953,0.0,97.588789252034,0.07385033694457108,0.45033131214105343,0,True,0.014770067388914216,completed,completed,100
4217->4235,4217,4235,1,"(6157,)",0.06,1,0.06,127.0,0.564,False,1321.44,1630.670329699456,95.52648544433423,91.41071962486664,0.0,102.83934301432356,0.07782369461672384,0.4498969980741165,0,True,0.015564738923344769,completed,completed,100
4235->4217,4235,4217,1,"(6190,)",0.06,1,0.06,127.0,0.564,False,1321.44,1401.4416057242936,81.00753761338626,78.5608122980304,0.0,87.29240259722869,0.06605854416184517,0.4434524976197112,0,True,0.013211708832369036,completed,completed,100
4304->4793,4304,4793,1,"(6402,)",0.06,1,0.06,127.0,0.564,False,1321.44,3117.663669660142,310.1713486848352,148.28742108783513,0.0,322.034342371862,0.24369955682578248,0.49050489924368623,0,True,0.0487399113651565,completed,completed,100
4330->4332,4330,4332,1,"(6470,)",0.06,1,0.06,127.0,0.564,False,1321.44,2165.858656353169,144.34331336785158,117.22523265558394,0.0,153.7213319802983,0.11632865054811288,0.4647767464472077,0,True,0.023265730109622577,completed,completed,100
4331->2820,4331,2820,1,"(6472,)",0.06,1,0.06,127.0,0.564,False,1321.44,3333.093196334415,355.23418897199554,158.53403275656055,0.0,367.91691159252036,0.278421200805576,0.4951587619386887,0,True,0.0556842401611152,completed,completed,100
4331->2822,4331,2822,1,"(6473,)",0.06,1,0.06,127.0,0.564,False,1321.44,4068.6602423274494,583.7161503323566,193.52027625324743,0.0,599.1977724326164,0.45344304125243395,0.5117175466369959,0,True,0.0906886082504868,completed,completed,100
4332->2812,4332,2812,1,"(6474,)",0.06,1,0.06,127.0,0.564,False,1321.44,3365.936978518081,311.23356889932415,182.17843729248207,0.0,325.80784388272275,0.2465551548936938,0.4916833069454913,0,True,0.04931103097873876,completed,completed,100
4332->4330,4332,4330,1,"(6475,)",0.06,1,0.06,127.0,0.564,False,1321.44,2514.1810271271243,178.51477677625897,136.07788069581844,0.0,189.40100723192444,0.14332925235494948,0.4725353383189752,0,True,0.028665850470989896,completed,completed,100
4340->2676,4340,2676,1,"(6500,)",0.06,1,0.06,127.0,0.564,False,1321.44,894.9707239044321,51.03505010236134,50.16950172287131,0.0,55.048610240191046,0.04165804746351786,0.4251354837484731,0,True,0.008331609492703573,completed,completed,100
4346->8053,4346,8053,1,"(6518,)",0.06,1,0.06,127.0,0.564,False,1321.44,1589.324596877817,58.75090380589203,103.94182863580923,0.0,67.06625009675676,0.05075239897139239,0.4371331985358513,0,True,0.010150479794278479,completed,completed,100
4379->10616,4379,10616,1,"(6598,)",0.06,1,0.06,127.0,0.564,False,1321.44,2793.087255652041,139.63390293149843,182.6679065196435,0.0,154.2473354530699,0.1167267037875877,0.4676488294767158,0,True,0.02334534075751754,completed,completed,100
4390->4391,4390,4391,1,"(6634,)",0.06,1,0.06,127.0,0.564,False,1321.44,3064.626368026061,191.8668061418759,192.40950189014822,0.0,207.25956629308777,0.15684372070853597,0.47734297053145386,0,True,0.0313687441417072,completed,completed,100
4391->4390,4391,4390,1,"(6636,)",0.06,1,0.06,127.0,0.564,False,1321.44,2900.215975915427,169.42300445214119,182.08715983187417,0.0,183.98997723869113,0.1392344542610267,0.4732399233422821,0,True,0.027846890852205344,completed,completed,100
4442->10877,4442,10877,1,"(6811,)",0.06,1,0.06,177.8,0.509,False,1321.44,940.2301718975223,183.85051506201242,66.47803407384241,0.0,189.16875778791982,0.14315349753898762,0.5148995037320959,0,True,0.028630699507797525,completed,completed,100
4485->2676,4485,2676,1,"(6928,)",0.06,1,0.06,127.0,0.564,False,1321.44,1103.8309687824194,63.170495610951484,61.877610307174486,0.0,68.12070443552544,0.05155035751568398,0.43361630668476187,0,True,0.010310071503136797,completed,completed,100
4793->4074,4793,4074,1,"(7880,)",0.06,1,0.06,127.0,0.564,False,1321.44,2506.8890517957475,166.53945704532802,140.52903770352162,0.0,177.78178006160977,0.1345363997318151,0.47064255800551086,0,True,0.026907279946363022,completed,completed,100
4793->4304,4793,4304,1,"(7881,)",0.06,1,0.06,127.0,0.564,False,1321.44,476.67260109937365,36.399709703911526,22.6722822631993,0.0,38.21349228496747,0.028918068383708282,0.40772000062575314,0,True,0.005783613676741657,completed,completed,100
4796->4077,4796,4077,1,"(7888,)",0.06,1,0.06,127.0,0.564,False,1321.44,2059.115605514244,53.676302441703996,146.90853883705262,0.0,65.42898554866821,0.049513398677706294,0.4392354215610193,0,True,0.00990267973554126,completed,completed,100
4995->10547,4995,10547,1,"(8533,)",0.06,1,0.06,127.0,0.564,False,1321.44,1532.3083936931907,95.98512189989476,82.93487085313214,0.0,102.61991156814534,0.07765763982333314,0.44915657855295454,0,True,0.015531527964666628,completed,completed,100
5084->8516,5084,8516,1,"(8791,)",0.06,1,0.06,127.0,0.564,False,1321.44,3094.7622489269215,244.73849720943582,173.48352949698915,0.0,258.61717956919495,0.1957086054373978,0.4839647551100224,0,True,0.03914172108747956,completed,completed,100
5085->8516,5085,8516,1,"(8796,)",0.06,1,0.06,127.0,0.564,False,1321.44,2839.1671665670215,206.13335405658637,159.15559945155704,0.0,218.86580201271093,0.16562674204860675,0.4781130841006487,0,True,0.03312534840972135,completed,completed,100
5103->8626,5103,8626,1,"(8860,)",0.06,1,0.06,127.0,0.564,False,1321.44,2330.9463134714,67.14397608363389,166.30242425566863,0.0,80.44817002408737,0.060879169711895637,0.44661150484782447,0,True,0.012175833942379128,completed,completed,100
5158->8631,5158,8631,1,"(8986,)",0.06,1,0.06,127.0,0.564,False,1321.44,1619.512764959577,94.7977450864643,90.78525842430544,0.0,102.06056576040874,0.07723435476480864,0.4495996768446089,0,True,0.015446870952961728,completed,completed,100
5481->8518,5481,8518,1,"(9709,)",0.06,1,0.06,127.0,0.564,False,1321.44,1824.8333524446934,108.67640463778618,102.2949439284711,0.0,116.86000015206386,0.08843382987654669,0.45486633812505156,0,True,0.017686765975309337,completed,completed,100
5484->8521,5484,8521,1,"(9717,)",0.06,1,0.06,127.0,0.564,False,1321.44,2307.3481545392074,147.05276327424397,129.3433451201693,0.0,157.40023088385752,0.11911265807290343,0.46616096252292705,0,True,0.023822531614580686,completed,completed,100
5795->8732,5795,8732,1,"(10241,)",0.06,1,0.06,127.0,0.564,False,1321.44,2111.8080550620843,97.5929351817633,132.5877569290179,0.0,108.19995573608473,0.08188033942977715,0.4542022056773386,0,True,0.01637606788595543,completed,completed,100
5930->7469,5930,7469,1,"(10509,)",0.06,1,0.06,127.0,0.564,False,1321.44,3608.018945682605,274.06649595947766,235.9644390476424,0.0,292.94365108328907,0.2216851700291266,0.48930769032399524,0,True,0.044337034005825324,completed,completed,100
5930->8796,5930,8796,1,"(10510,)",0.06,1,0.06,127.0,0.564,False,1321.44,3576.2059546017726,361.2441119458549,193.55906435665318,0.0,376.7288370943872,0.28508962729627313,0.4966238165436351,0,True,0.05701792545925463,completed,completed,100
5947->8014,5947,8014,1,"(10536,)",0.06,1,0.06,127.0,0.564,False,1321.44,1595.3416772297228,124.33444962376112,75.88025141150828,0.0,130.40486973668177,0.09868391280472952,0.4566172855976942,0,True,0.019736782560945906,completed,completed,100
6049->8790,6049,8790,1,"(10716,)",0.06,1,0.06,127.0,0.564,False,1321.44,2404.749635269338,118.95064494949197,150.9798011007501,0.0,131.029029037552,0.0991562454879162,0.4612290686859113,0,True,0.019831249097583242,completed,completed,100
6206->8797,6206,8797,1,"(10920,)",0.06,1,0.06,127.0,0.564,False,1321.44,4135.559883763461,461.65561081545815,259.64699174220516,0.0,482.42737015483453,0.3650770145862351,0.5055003292095843,0,True,0.07301540291724702,completed,completed,100
6276->7501,6276,7501,1,"(11030,)",0.06,1,0.06,127.0,0.564,False,1321.44,1413.448347689105,32.156809440967976,100.84311484240088,0.0,40.22425862836005,0.030439716240132014,0.4210337149610844,0,True,0.006087943248026403,completed,completed,100
6305->10585,6305,10585,1,"(11062,)",0.06,1,0.06,127.0,0.564,False,1321.44,4348.203097348504,623.6687729066208,243.74784219993614,0.0,643.1686002826157,0.4867179745449023,0.514531595284116,0,True,0.09734359490898047,completed,completed,100
6336->2450,6336,2450,1,"(11105,)",0.06,1,0.06,127.0,0.564,False,1321.44,4759.9625389673065,783.6060924120417,298.8494880465234,0.0,807.5140514557636,0.6110864295433494,0.5222343797513678,0,True,0.12221728590866987,completed,completed,100
6376->8752,6376,8752,1,"(11253,)",0.06,1,0.06,127.0,0.564,False,1321.44,802.6041368583167,33.340107696532456,50.390698128512554,0.0,37.37136354681346,0.028280787282671527,0.412749719883672,0,True,0.005656157456534305,completed,completed,100
6377->2426,6377,2426,1,"(11255,)",0.06,1,0.06,127.0,0.564,False,1321.44,3659.857345802472,383.7768799605121,198.08662379212277,0.0,399.6238098638819,0.30241540279080537,0.49861518037347025,0,True,0.060483080558161074,completed,completed,100
6479->8806,6479,8806,1,"(11542,)",0.06,1,0.06,127.0,0.564,False,1321.44,1960.2111714535795,118.48324787649624,109.88383766834066,0.0,127.27395488996349,0.09631459233106572,0.45814881212670105,0,True,0.019262918466213145,completed,completed,100
6482->6512,6482,6512,1,"(11550,)",0.06,1,0.06,127.0,0.564,False,1321.44,511.22770826960743,21.193829986032718,32.09692043599903,0.0,23.76158362091264,0.017981583439969,0.3948931339300109,0,False,0.017981583439969,completed,completed,100
6482->8807,6482,8807,1,"(11552,)",0.06,1,0.06,127.0,0.564,False,1321.44,1078.736869760895,45.05374806097279,67.72741563106803,0.0,50.47194131145823,0.038194652281948654,0.42465177532985576,0,True,0.007638930456389731,completed,completed,100
6512->6482,6512,6482,1,"(11596,)",0.06,1,0.06,127.0,0.564,False,1321.44,447.29643695851007,18.54041343622735,28.0830594980031,0.0,20.787058196067598,0.01573061069444515,0.38965696482381146,0,False,0.01573061069444515,completed,completed,100
6624->8842,6624,8842,1,"(11663,)",0.06,1,0.06,127.0,0.564,False,1321.44,2760.0387641942907,195.74562254467705,154.71988729569136,0.0,208.12321352833237,0.15749728593680556,0.476324375694486,0,True,0.031499457187361114,completed,completed,100
6626->6629,6626,6629,1,"(11669,)",0.06,1,0.06,127.0,0.564,False,1321.44,1741.3051481969335,102.90285306752891,97.61259145035382,0.0,110.71186038355721,0.08378122380399958,0.4527722644522896,0,True,0.016756244760799916,completed,completed,100
6626->8836,6626,8836,1,"(11670,)",0.06,1,0.06,127.0,0.564,False,1321.44,2181.516002167593,136.0246067446437,122.28955417865193,0.0,145.80777107893587,0.11034006165920199,0.4633034333841469,0,True,0.0220680123318404,completed,completed,100
6629->6626,6629,6626,1,"(11674,)",0.06,1,0.06,127.0,0.564,False,1321.44,1336.4677469695018,77.03595000214159,74.91856341583322,0.0,83.02943507540824,0.0628325425864271,0.44147260405310246,0,True,0.012566508517285422,completed,completed,100
6901->2835,6901,2835,1,"(12199,)",0.06,1,0.06,127.0,0.564,False,1321.44,2762.4517314447276,98.38592731192735,197.08837443980198,0.0,114.1529972671115,0.08638530486977199,0.4586981173821128,0,True,0.017277060973954397,completed,completed,100
6913->2823,6913,2823,1,"(12237,)",0.06,1,0.06,127.0,0.564,False,1321.44,3602.024331439631,423.5239889757439,171.32537547356503,0.0,437.23001901362915,0.3308739095332585,0.5010934902852443,0,True,0.0661747819066517,completed,completed,100
6914->2823,6914,2823,1,"(12240,)",0.06,1,0.06,127.0,0.564,False,1321.44,3233.0825199874594,333.36286732726717,153.77716131431262,0.0,345.6650402324122,0.2615820924388638,0.49298787588997495,0,True,0.05231641848777277,completed,completed,100
6915->2820,6915,2820,1,"(12244,)",0.06,1,0.06,127.0,0.564,False,1321.44,3358.2558586524005,361.01634965211736,159.73086047699417,0.0,373.7948184902769,0.2828693080959233,0.495707958950725,0,True,0.056573861619184665,completed,completed,100
6916->2812,6916,2812,1,"(12247,)",0.06,1,0.06,127.0,0.564,False,1321.44,3105.2146317551533,260.45050047333393,168.06706503458238,0.0,273.8958656761005,0.2072707543862003,0.4856917212943944,0,True,0.04145415087724006,completed,completed,100
6924->6927,6924,6927,1,"(12270,)",0.06,1,0.06,127.0,0.564,False,1321.44,3268.6438659875184,329.6181304769515,160.3269816266878,0.0,342.4442890070865,0.25914478826665344,0.4928312140402112,0,True,0.05182895765333069,completed,completed,100
6927->6924,6927,6924,1,"(12273,)",0.06,1,0.06,127.0,0.564,False,1321.44,3792.526544607044,468.41118203280007,186.0234270129755,0.0,483.2930561938381,0.3657321226796813,0.5046093791808914,0,True,0.07314642453593627,completed,completed,100
7009->7010,7009,7010,1,"(12365,)",0.06,1,0.06,127.0,0.564,False,1321.44,3089.1902406820213,134.08094151307756,220.39968189884092,0.0,151.71291606498482,0.11480878137863605,0.4682605222935292,0,True,0.02296175627572721,completed,completed,100
7010->7009,7010,7009,1,"(12368,)",0.06,1,0.06,127.0,0.564,False,1321.44,3234.1940378534478,154.44325776924606,230.74504371885325,0.0,172.90286126675431,0.13084427690001385,0.4726010841375439,0,True,0.02616885538000277,completed,completed,100
7017->7016,7017,7016,1,"(12396,)",0.06,1,0.06,127.0,0.564,False,1321.44,3489.5907678928984,323.7526282471159,195.61648818873905,0.0,339.40194730221504,0.25684249553684996,0.49328114681387164,0,True,0.05136849910736999,completed,completed,100
7023->2023,7023,2023,1,"(12416,)",0.06,1,0.06,127.0,0.564,False,1321.44,2901.4355694403303,214.79296149539923,162.64618820691223,0.0,227.8046565519522,0.17239122211523203,0.4795274345953604,0,True,0.03447824442304641,completed,completed,100
7032->2029,7032,2029,1,"(12437,)",0.06,1,0.06,127.0,0.564,False,1321.44,3107.8207740650814,246.94373184818866,174.21555310616256,0.0,260.88097609668165,0.19742173393924933,0.4842672641937482,0,True,0.03948434678784987,completed,completed,100
7045->2825,7045,2825,1,"(12472,)",0.06,1,0.06,228.6,0.463,False,1321.44,449.3399107392374,292.7549915574878,27.145747357534173,0.0,294.9266513460905,0.22318580589817966,0.5698991220266969,0,True,0.04463716117963593,completed,completed,100
7048->2845,7048,2845,1,"(12484,)",0.06,1,0.06,177.8,0.509,False,1321.44,1660.1279268637893,358.14559064083215,104.80150441158692,0.0,366.5297109937591,0.2773714364585294,0.5405681047885337,0,True,0.055474287291705886,completed,completed,100
7138->8994,7138,8994,1,"(12731,)",0.06,1,0.06,127.0,0.564,False,1321.44,2445.601029321726,199.76727179441664,119.95673048823066,0.0,209.3638102334751,0.15843610775629247,0.47518098443885576,0,True,0.03168722155125849,completed,completed,100
7448->7499,7448,7499,1,"(13363,)",0.06,1,0.06,127.0,0.564,False,1321.44,1729.0265373854834,41.364614411376216,123.35818423092066,0.0,51.23326914984987,0.03877078728496933,0.43022551787379104,0,True,0.007754157456993866,completed,completed,100
7465->10797,7465,10797,1,"(13411,)",0.06,1,0.06,88.9,0.637,False,1321.44,3547.84272563771,112.21649872840518,144.88502730822998,0.0,123.80730091306359,0.0936912011994972,0.41285498328291825,0,True,0.01873824023989944,completed,completed,100
7469->5930,7469,5930,1,"(13423,)",0.06,1,0.06,127.0,0.564,False,1321.44,3929.051719366352,363.1362450157979,256.9599824465594,0.0,383.6930436115226,0.2903597920537615,0.498189430897866,0,True,0.0580719584107523,completed,completed,100
7469->8796,7469,8796,1,"(13425,)",0.06,1,0.06,127.0,0.564,False,1321.44,4101.396423177847,364.6718220491095,292.6159920827249,0.0,388.0811014157275,0.2936804557268794,0.49899260446672555,0,True,0.05873609114537588,completed,completed,100
7476->10529,7476,10529,1,"(13449,)",0.06,1,0.06,88.9,0.637,False,1321.44,3358.3293479327103,44.34884248544747,175.54659167513864,0.0,58.39256981945856,0.04418858958368035,0.3903072525814866,0,False,0.04418858958368035,completed,completed,100
7494->12614,7494,12614,1,"(13499,)",0.06,1,0.06,127.0,0.564,False,1321.44,1731.2885967791944,75.47758666414812,108.69722326018494,0.0,84.17336452496292,0.0636982114397649,0.4446924254064094,0,True,0.01273964228795298,completed,completed,100
7499->7448,7499,7448,1,"(13512,)",0.06,1,0.06,127.0,0.564,False,1321.44,1410.8503385701265,32.08791085467517,100.6577587008941,0.0,40.1405315507467,0.030376355756407177,0.42095357821820123,0,True,0.0060752711512814354,completed,completed,100
7501->6276,7501,6276,1,"(13519,)",0.06,1,0.06,127.0,0.564,False,1321.44,1489.797956838448,34.22411580526142,106.29031241152853,0.0,42.727340798183704,0.032333924202524296,0.4233492032022169,0,True,0.00646678484050486,completed,completed,100
7507->10348,7507,10348,1,"(13538,)",0.06,1,0.06,127.0,0.564,False,1321.44,3301.5392475032327,282.74380488218424,185.07485724575264,0.0,297.54979346184444,0.22517086925009416,0.48879971273006073,0,True,0.04503417385001884,completed,completed,100
7557->2057,7557,2057,1,"(13688,)",0.06,1,0.06,127.0,0.564,False,1321.44,1940.5331690663209,87.01942497611178,121.8344344866599,0.0,96.76617973504457,0.07322782701828655,0.45001138249855177,0,True,0.01464556540365731,completed,completed,100
7584->10983,7584,10983,1,"(13787,)",0.03,2,0.06,88.9,0.637,False,1321.44,2989.4230433198495,25.40449382796931,61.04028176578718,0.0,30.287716369232285,0.022920235780082548,0.37009434477886605,0,False,0.022920235780082548,completed,completed,100
7688->2803,7688,2803,1,"(14137,)",0.06,1,0.06,63.5,0.637,False,1321.44,5027.608096618927,297.75216483500094,234.64565216648626,0.0,316.52381700831984,0.2395294655892964,0.42732166071609834,0,True,0.04790589311785928,completed,completed,100
7902->7904,7902,7904,1,"(14775,)",0.06,1,0.06,127.0,0.564,False,1321.44,3496.4080404385013,248.85495317991086,228.665085844678,0.0,267.14816004748513,0.20216442672197385,0.4862503922752514,0,True,0.04043288534439477,completed,completed,100
7904->7902,7904,7902,1,"(14780,)",0.06,1,0.06,127.0,0.564,False,1321.44,3187.65076913578,191.66664243127158,208.47236030148005,0.0,208.34443125539,0.15766469249863027,0.47792551952733436,0,True,0.031532938499726056,completed,completed,100
8014->5947,8014,5947,1,"(14954,)",0.06,1,0.06,127.0,0.564,False,1321.44,3654.916529763105,438.7909638693993,173.84112076109605,0.0,452.698253530287,0.3425794992813045,0.502277677805221,0,True,0.0685158998562609,completed,completed,100
8023->4373,8023,4373,1,"(14968,)",0.06,1,0.06,127.0,0.564,False,1321.44,1409.2316153703437,32.04502819294384,100.54227015842234,0.0,40.08840980561763,0.030336912614736672,0.42090360018258155,0,True,0.006067382522947334,completed,completed,100
8053->4346,8053,4346,1,"(15003,)",0.06,1,0.06,127.0,0.564,False,1321.44,2201.9802910811964,90.41725441548158,144.00951103671025,0.0,101.9380152984184,0.07714161467673024,0.45291239304798203,0,True,0.015428322935346048,completed,completed,100
8324->2051,8324,2051,1,"(15278,)",0.06,1,0.06,127.0,0.564,False,1321.44,3324.2029128191434,214.86909160919484,217.40287049837198,0.0,232.2613212490646,0.17576380406909475,0.4815801775453084,0,True,0.035152760813818955,completed,completed,100
8342->2795,8342,2795,1,"(15299,)",0.06,1,0.06,127.0,0.564,False,1321.44,2254.0540734453953,142.27563645964258,126.3558312028533,0.0,152.38410295587084,0.11531670220053188,0.46495514593950854,0,True,0.023063340440106377,completed,completed,100
8410->3969,8410,3969,1,"(15425,)",0.03,2,0.06,88.9,0.637,False,1321.44,2373.6671218113343,19.831340067270503,48.467315543485185,0.0,23.70872531074932,0.01794158290255276,0.3606030457431157,0,False,0.01794158290255276,completed,completed,100
8421->2860,8421,2860,1,"(15440,)",0.06,1,0.06,127.0,0.564,False,1321.44,864.8571776753561,18.972084335470377,61.70362845814722,0.0,23.908374612122156,0.018092667553670356,0.400791232527434,0,False,0.018092667553670356,completed,completed,100
8453->12117,8453,12117,1,"(15482,)",0.03,2,0.06,88.9,0.637,False,1321.44,4045.105331199879,36.64070027474295,82.59599448143753,0.0,43.24837983325795,0.032728220602719724,0.3836350713607449,0,False,0.032728220602719724,completed,completed,100
8465->8847,8465,8847,1,"(15502,)",0.03,2,0.06,127.0,0.564,False,1321.44,972.855216908382,27.669203596668915,27.267741936774936,0.0,29.85062295161091,0.02258946524368182,0.4083966608961328,0,True,0.004517893048736364,completed,completed,100
8475->8476,8475,8476,1,"(15517,)",0.06,1,0.06,127.0,0.564,False,1321.44,2264.9576952031225,179.77705146987043,111.09617494971316,0.0,188.6647454658475,0.1427720861074642,0.4712831511698666,0,True,0.02855441722149284,completed,completed,100
8476->8475,8476,8475,1,"(15521,)",0.06,1,0.06,127.0,0.564,False,1321.44,2603.495151799281,219.1380378954488,127.70143719575472,0.0,229.3541528711092,0.17356380378307693,0.47854603722769157,0,True,0.034712760756615384,completed,completed,100
8516->5084,8516,5084,1,"(15602,)",0.06,1,0.06,127.0,0.564,False,1321.44,2041.821028979725,124.70981213454665,114.45865311023488,0.0,133.86650438336545,0.10130350555709336,0.460074644840127,0,True,0.020260701111418672,completed,completed,100
8516->5085,8516,5085,1,"(15603,)",0.06,1,0.06,127.0,0.564,False,1321.44,2074.1374876525433,127.24955664245684,116.270221450694,0.0,136.55117435851236,0.10333513012964066,0.46082836484874523,0,True,0.020667026025928133,completed,completed,100
8518->5481,8518,5481,1,"(15607,)",0.06,1,0.06,127.0,0.564,False,1321.44,1889.8317095361972,113.30989336360985,105.9385661174291,0.0,121.78497865300417,0.09216080840068726,0.4564577162707193,0,True,0.018432161680137452,completed,completed,100
8613->12558,8613,12558,1,"(15738,)",0.06,1,0.06,63.5,0.637,False,1321.44,3467.55133592912,63.087544552466255,122.47016448086956,0.0,72.88515771093581,0.055155858541391066,0.380176408030673,0,False,0.055155858541391066,completed,completed,100
8626->5103,8626,5103,1,"(15762,)",0.06,1,0.06,127.0,0.564,False,1321.44,2859.30951020926,107.672329341864,203.99873669202066,0.0,123.99222827722565,0.09383114502151112,0.46149711816514416,0,True,0.018766229004302224,completed,completed,100
8631->5158,8631,5158,1,"(15776,)",0.06,1,0.06,127.0,0.564,False,1321.44,1670.143112276517,98.12594744132511,93.6234510367579,0.0,105.61582352426574,0.0799247968309312,0.45093754491596544,0,True,0.01598495936618624,completed,completed,100
8692->8693,8692,8693,1,"(15824,)",0.06,1,0.06,228.6,0.463,False,1321.44,36.07660342330051,22.14839010130229,13.774049999999997,0.0,23.25031410130229,0.01759468012267094,0.46873158857345576,0,True,0.0035189360245341883,completed,completed,100
8693->8692,8693,8692,1,"(15825,)",0.06,1,0.06,228.6,0.463,False,1321.44,81.61573921140577,50.10608962832189,13.774049999999997,0.0,51.208013628321886,0.038751675163701635,0.5001318195523896,0,True,0.0077503350327403275,completed,completed,100
8714->8715,8714,8715,1,"(15841,)",0.06,1,0.06,127.0,0.564,False,1321.44,1540.6055656104393,89.71415148840404,86.36194627793377,0.0,96.62310719063875,0.07311955683999179,0.44745334374192763,0,True,0.014623911367998357,completed,completed,100
8715->8714,8715,8714,1,"(15844,)",0.06,1,0.06,127.0,0.564,False,1321.44,1084.6568954850227,62.04679812574887,60.80276654118898,0.0,66.91101944904399,0.050634928145843916,0.43290356557756193,0,True,0.010126985629168785,completed,completed,100
8732->5795,8732,5795,1,"(15873,)",0.06,1,0.06,127.0,0.564,False,1321.44,1243.3172260338488,52.236425358648546,78.06042871930917,0.0,58.48125965619328,0.04425570563642184,0.4304732656156942,0,True,0.008851141127284369,completed,completed,100
8749->8750,8749,8750,1,"(15914,)",0.03,2,0.06,127.0,0.564,False,1321.44,3623.895979891561,107.77305257726185,101.57262732210347,0.0,115.89886276303012,0.08770648895373995,0.46210128337184936,0,True,0.01754129779074799,completed,completed,100
8750->8749,8750,8749,1,"(15917,)",0.03,2,0.06,127.0,0.564,False,1321.44,1970.8648800044823,56.26549302009292,55.24052706526849,0.0,60.684735185314395,0.0459231862099788,0.43656795910255797,0,True,0.009184637241995761,completed,completed,100
8752->6376,8752,6376,1,"(15923,)",0.06,1,0.06,127.0,0.564,False,1321.44,1639.2231752596051,70.77004950475718,102.91698783549906,0.0,79.0034085315971,0.05978584614632303,0.44224614449270633,0,True,0.011957169229264606,completed,completed,100
8752->8753,8752,8753,1,"(15925,)",0.03,2,0.06,127.0,0.564,False,1321.44,1005.8525818865191,28.608662572231605,28.192610938019293,0.0,30.864071447273147,0.023356392607513883,0.4097153187825066,0,True,0.004671278521502777,completed,completed,100
8753->6380,8753,6380,1,"(15926,)",0.06,1,0.06,127.0,0.564,False,1321.44,1003.3731729744875,57.30700622485712,56.246233296455564,0.0,61.80670488857356,0.04677223702065441,0.429745585976777,0,True,0.009354447404130882,completed,completed,100
8753->8752,8753,8752,1,"(15928,)",0.03,2,0.06,127.0,0.564,False,1321.44,1304.0737796006902,37.10916865055142,36.55132507966506,0.0,40.033274656924625,0.03029518907928065,0.42001901133620734,0,True,0.006059037815856131,completed,completed,100
8754->6385,8754,6385,1,"(15929,)",0.06,1,0.06,177.8,0.509,False,1321.44,394.1121338977472,82.93631049768987,24.879735995630636,0.0,84.92668937734032,0.06426829018142353,0.4819548180745823,0,True,0.012853658036284708,completed,completed,100
8756->10347,8756,10347,1,"(15938,)",0.06,1,0.06,127.0,0.564,False,1321.44,5514.245983346852,1575.8335977832696,298.4538101883179,0.0,1599.709902598335,1.2105808077539162,0.5440256470404804,0,True,0.24211616155078325,completed,completed,100
8790->6049,8790,6049,1,"(16045,)",0.06,1,0.06,127.0,0.564,False,1321.44,2208.436577560643,104.1240112257853,138.65448208556742,0.0,115.21636979263069,0.0871900122537767,0.4565304019569176,0,True,0.01743800245075534,completed,completed,100
8796->5930,8796,5930,1,"(16065,)",0.06,1,0.06,127.0,0.564,False,1321.44,4325.345531861481,632.7094932717117,234.1055981658545,0.0,651.4379411249801,0.49297579997955265,0.514851164560534,0,True,0.09859515999591054,completed,completed,100
8796->7469,8796,7469,1,"(16068,)",0.06,1,0.06,127.0,0.564,False,1321.44,3553.142184430676,211.78739080143347,253.50054421283585,0.0,232.06743433846034,0.1756170801084123,0.48228153590168377,0,True,0.03512341602168246,completed,completed,100
8797->6206,8797,6206,1,"(16070,)",0.06,1,0.06,127.0,0.564,False,1321.44,3804.0528421922754,348.7907452080754,238.8336536441998,0.0,367.8974374996114,0.27840646378164075,0.49659776965864316,0,True,0.05568129275632815,completed,completed,100
8806->6479,8806,6479,1,"(16103,)",0.06,1,0.06,127.0,0.564,False,1321.44,1740.8973851073933,102.87512706982655,97.58973341659159,0.0,110.68230574315388,0.08375885832361202,0.4527618917340098,0,True,0.016751771664722404,completed,completed,100
8806->8807,8806,8807,1,"(16104,)",0.06,1,0.06,127.0,0.564,False,1321.44,1502.8105767277505,64.1163214081322,94.3524592492751,0.0,71.66451814807421,0.05423213929355416,0.4384555634116227,0,True,0.010846427858710832,completed,completed,100
8807->6482,8807,6482,1,"(16106,)",0.06,1,0.06,127.0,0.564,False,1321.44,870.7353627285889,36.20367825903329,54.66824901355173,0.0,40.57713818011743,0.03070675791569608,0.4160086316056604,0,True,0.006141351583139216,completed,completed,100
8807->8806,8807,8806,1,"(16108,)",0.06,1,0.06,127.0,0.564,False,1321.44,1591.997243819095,68.42678138499849,99.95195495593806,0.0,76.42293778147354,0.05783307435939092,0.44095854746797564,0,True,0.011566614871878184,completed,completed,100
8819->8828,8819,8828,1,"(16120,)",0.06,1,0.06,127.0,0.564,False,1321.44,3716.5057099623787,399.97510982522806,201.152667667481,0.0,416.06732323862656,0.3148590350213604,0.4999715388160116,0,True,0.06297180700427209,completed,completed,100
8828->8819,8828,8819,1,"(16125,)",0.06,1,0.06,127.0,0.564,False,1321.44,3613.9208009784656,371.20418153624166,195.60034790399308,0.0,386.8522093685611,0.2927504914097962,0.49751989148003756,0,True,0.05855009828195924,completed,completed,100
8836->6626,8836,6626,1,"(16130,)",0.06,1,0.06,127.0,0.564,False,1321.44,1856.857547737137,110.94290723477869,104.09012881886467,0.0,119.27011754028786,0.09025768672076512,0.45565423093341456,0,True,0.018051537344153025,completed,completed,100
8836->8842,8836,8842,1,"(16132,)",0.06,1,0.06,127.0,0.564,False,1321.44,2020.35958777963,123.0470808779764,113.25558603496097,0.0,132.10752776077328,0.09997239962523707,0.45957146302326624,0,True,0.019994479925047416,completed,completed,100
8842->6624,8842,6624,1,"(16135,)",0.06,1,0.06,127.0,0.564,False,1321.44,2405.066361605866,156.25964165799292,134.82114861344883,0.0,167.04533354706882,0.12641159155698997,0.46836010515630594,0,True,0.025282318311397996,completed,completed,100
8842->8836,8842,8836,1,"(16137,)",0.06,1,0.06,127.0,0.564,False,1321.44,2344.0839945751254,150.44335190679362,131.4026513530399,0.0,160.95556401503683,0.12180315717326312,0.46698919381672294,0,True,0.024360631434652627,completed,completed,100
8847->8465,8847,8465,1,"(16141,)",0.03,2,0.06,127.0,0.564,False,1321.44,1525.1885756554163,43.43036151592192,42.74885693479896,0.0,46.85027007070584,0.03545395180311315,0.4262682202891321,0,True,0.00709079036062263,completed,completed,100
8856->12230,8856,12230,1,"(16151,)",0.06,1,0.06,127.0,0.564,False,1321.44,679.6146014288142,28.198250843812342,42.66892313610667,0.0,31.611764694700877,0.023922209630933583,0.4061314936097316,0,True,0.004784441926186717,completed,completed,100
8994->7138,8994,7138,1,"(16576,)",0.06,1,0.06,127.0,0.564,False,1321.44,864.9729939922854,63.20977831976877,42.4269253553216,0.0,66.6039323481945,0.05040253991720737,0.4303046440284023,0,True,0.010080507983441475,completed,completed,100
9086->6871,9086,6871,1,"(16869,)",0.06,1,0.06,63.5,0.637,False,1321.44,2972.832934026061,46.70122740024359,102.23415995224359,0.0,54.87996019642308,0.041530421507161186,0.3702430716991544,0,False,0.041530421507161186,completed,completed,100
9337->10353,9337,10353,1,"(17340,)",0.06,1,0.06,127.0,0.564,False,1321.44,3370.2581437810873,395.0160106641267,146.94325506885542,0.0,406.77147106963514,0.3078243969227775,0.49823936626266585,0,True,0.06156487938455551,completed,completed,100
9908->2476,9908,2476,1,"(18178,)",0.06,1,0.06,127.0,0.564,False,1321.44,665.6576306966681,23.622383411032008,43.534009047562094,0.0,27.105104134836974,0.020511793297340004,0.40150975919554155,0,False,0.020511793297340004,completed,completed,100
10351->12758,10351,12758,1,"(19138,)",0.07,1,0.07,127.0,0.564,False,1541.68,4439.740196414498,781.8957188533195,290.3590088455082,0.0,805.1244395609601,0.5222383630591044,0.5213877479953946,0,True,0.10444767261182089,completed,completed,100
10877->4444,10877,4444,1,"(21505,)",0.07,1,0.07,177.8,0.509,False,1541.68,803.2971947894777,149.2750598517632,82.82797375474304,0.0,155.90129775214263,0.10112429152103071,0.5075016486595967,0,True,0.020224858304206145,completed,completed,100
11046->9774,11046,9774,1,"(22257,)",0.07,1,0.07,88.9,0.637,False,1541.68,2022.9983202411238,65.57311995192231,88.12180682970337,0.0,72.62286449829858,0.0471063155118433,0.39113173942625507,0,False,0.0471063155118433,completed,completed,100
12098->10783,12098,10783,1,"(25092,)",0.07,1,0.07,63.5,0.637,False,1541.68,3080.6458390279213,35.00662873562506,195.69802692424875,0.0,50.66247088956496,0.03286185906904478,0.36831184692830304,2,False,0.049292788603567166,completed,completed,100
12325->12326,12325,12326,1,"(25810,)",0.07,1,0.07,88.9,0.637,False,1541.68,2707.1867348560027,124.88631954903477,108.61518147267007,0.0,133.57553406684838,0.08664284032149887,0.41213480457487894,0,True,0.017328568064299773,completed,completed,100
12326->12325,12326,12325,1,"(25813,)",0.07,1,0.07,88.9,0.637,False,1541.68,4391.715339670139,362.22983959911403,176.2002422858183,0.0,376.3258589819795,0.24410114873513275,0.4478813109114621,0,True,0.04882022974702655,completed,completed,100
12332->8477,12332,8477,1,"(25835,)",0.07,1,0.07,127.0,0.564,False,1541.68,3577.4146803109197,471.52122859326875,204.7175550807924,0.0,487.8986329997321,0.31647205191721506,0.5042526791773598,0,True,0.06329441038344301,completed,completed,100
12335->2745,12335,2745,1,"(25845,)",0.07,1,0.07,127.0,0.564,False,1541.68,4846.841811732585,1077.2423051009334,316.98345448731106,0.0,1102.6009814599183,0.7151944511571262,0.5316279067801554,0,True,0.14303889023142524,completed,completed,100
12370->12222,12370,12222,1,"(25954,)",0.07,1,0.07,127.0,0.564,False,1541.68,1895.101081339957,7.19920238882592,192.79495000831832,0.0,22.622798389491386,0.014674120692680313,0.4077708718008967,0,True,0.0029348241385360628,completed,completed,100
12758->10351,12758,10351,1,"(27246,)",0.07,1,0.07,127.0,0.564,False,1541.68,1508.7860793836915,102.31242451681014,98.67460959169343,0.0,110.20639328414562,0.07148460983092834,0.45107650311509256,0,True,0.01429692196618567,completed,completed,100
12825->2251,12825,2251,1,"(27486,)",0.07,1,0.07,88.9,0.637,False,1541.68,2469.556814541186,109.2655514934334,99.0812189328814,0.0,117.19204900806392,0.07601580678744221,0.40729655515303564,0,True,0.015203161357488443,completed,completed,100
12952->4327,12952,4327,1,"(27912,)",0.07,1,0.07,127.0,0.564,False,1541.68,2118.4861716821338,152.61028579224003,138.54899562801157,0.0,163.69420544248095,0.1061791068460906,0.4663820418780087,0,True,0.02123582136921812,completed,completed,100
2250->2251,2250,2251,1,"(2679,)",0.07,1,0.07,88.9,0.637,False,1541.68,1126.6990611120189,26.399791268712487,52.05349662337528,0.0,30.56407099858251,0.019825171889485824,0.3597215427033779,0,False,0.019825171889485824,completed,completed,100
2251->12825,2251,12825,1,"(2685,)",0.07,1,0.07,88.9,0.637,False,1541.68,2200.7191127664096,93.91806012409721,88.29516735062286,0.0,100.98167351214704,0.06550105956628291,0.4016802640247775,0,False,0.06550105956628291,completed,completed,100
2251->2250,2251,2250,1,"(2682,)",0.07,1,0.07,88.9,0.637,False,1541.68,2171.8979238749216,55.90274245766578,100.34168408302139,0.0,63.93007718430749,0.04146779953317646,0.3881919578027233,0,False,0.04146779953317646,completed,completed,100
2425->2426,2425,2426,1,"(3217,)",0.07,1,0.07,127.0,0.564,False,1541.68,1268.6774697661967,62.25694926298382,92.9280873054344,0.0,69.69119624741857,0.04520470930894775,0.4357966132775694,0,True,0.009040941861789551,completed,completed,100
2426->2425,2426,2425,1,"(3222,)",0.07,1,0.07,127.0,0.564,False,1541.68,3153.6823523441367,239.80400406908407,231.00092494450337,0.0,258.28407806464435,0.16753416925992706,0.48413236337243004,0,True,0.03350683385198541,completed,completed,100
2460->2646,2460,2646,1,"(3314,)",0.07,1,0.07,127.0,0.564,False,1541.68,2727.861217977911,174.1702770056632,199.81037849444607,0.0,190.1551072852189,0.12334278662577115,0.4735411759457938,0,True,0.02466855732515423,completed,completed,100
2460->4726,2460,4726,1,"(3315,)",0.07,1,0.07,127.0,0.564,False,1541.68,3061.8904173278097,223.37512215620245,224.27734928842744,0.0,241.31731009927665,0.15652879332888578,0.4818100855233442,0,True,0.03130575866577716,completed,completed,100
2472->5105,2472,5105,1,"(3351,)",0.07,1,0.07,127.0,0.564,False,1541.68,668.8036666117789,44.410963419858,43.73975979641035,0.0,47.91014420357083,0.031076581523773305,0.41793688850643806,0,True,0.006215316304754661,completed,completed,100
2484->2759,2484,2759,1,"(3388,)",0.07,1,0.07,127.0,0.564,False,1541.68,522.2351622813737,34.65974410931865,34.15417961320185,0.0,37.3920784783748,0.02425411140987416,0.40808757602641205,0,True,0.004850822281974833,completed,completed,100
2491->4519,2491,4519,1,"(3414,)",0.07,1,0.07,127.0,0.564,False,1541.68,585.2822391652844,38.85116129794288,38.2774584414096,0.0,41.91335797325565,0.0271868078805301,0.4126186683731396,0,True,0.0054373615761060205,completed,completed,100
2500->2507,2500,2507,1,"(3444,)",0.07,1,0.07,127.0,0.564,False,1541.68,681.601444427187,17.379265757664715,56.73402568341204,0.0,21.917987812337678,0.014216950218163093,0.39573686810806263,0,False,0.014216950218163093,completed,completed,100
2518->4338,2518,4338,1,"(3492,)",0.07,1,0.07,127.0,0.564,False,1541.68,824.2903859414289,54.79675486019196,53.90859124056946,0.0,59.10944215943752,0.0383409281818779,0.42630704952976484,0,True,0.00766818563637558,completed,completed,100
2528->4337,2528,4337,1,"(3501,)",0.07,1,0.07,127.0,0.564,False,1541.68,681.2912620455738,45.24314223165548,44.55644853778053,0.0,48.80765811467793,0.031658747674405796,0.4186757534989053,0,True,0.0063317495348811596,completed,completed,100
2528->4554,2528,4554,1,"(3502,)",0.07,1,0.07,127.0,0.564,False,1541.68,589.7540260362675,39.14860386788951,38.569913302771894,0.0,42.23419693211127,0.027394917837755738,0.41292167396710155,0,True,0.005478983567551148,completed,completed,100
2549->2550,2549,2550,1,"(3539,)",0.07,1,0.07,127.0,0.564,False,1541.68,1181.113016906983,49.47676385313059,90.11892319000282,0.0,56.68627770833082,0.036769159428889794,0.4290084388411232,0,True,0.00735383188577796,completed,completed,100
2550->2549,2550,2549,1,"(3542,)",0.07,1,0.07,127.0,0.564,False,1541.68,766.3392547943514,31.75960909502359,58.47168514080903,0.0,36.43734390628831,0.023634829475823977,0.4115178809169484,0,True,0.004726965895164796,completed,completed,100
2646->2460,2646,2460,1,"(3807,)",0.07,1,0.07,127.0,0.564,False,1541.68,1669.0217736761742,84.31804849573656,122.25250687823244,0.0,94.09824904599516,0.06103617420346321,0.4475511827421653,0,True,0.012207234840692643,completed,completed,100
2675->4482,2675,4482,1,"(3860,)",0.07,1,0.07,127.0,0.564,False,1541.68,689.5442398045597,45.793276263123026,45.096193283218206,0.0,49.40097172578048,0.03204359641805075,0.4191568515334379,0,True,0.0064087192836101495,completed,completed,100
2745->12335,2745,12335,1,"(4056,)",0.07,1,0.07,127.0,0.564,False,1541.68,3160.2707279612787,298.729741480107,206.68170560866764,0.0,315.2642779288004,0.2044939792491311,0.4900268041783772,0,True,0.040898795849826225,completed,completed,100
2759->2484,2759,2484,1,"(4099,)",0.07,1,0.07,127.0,0.564,False,1541.68,614.4703013615753,40.793048856267546,40.18635770904703,0.0,44.00795747299131,0.028545455265029905,0.4145569740783126,0,True,0.005709091053005981,completed,completed,100
2787->4763,2787,4763,1,"(4164,)",0.07,1,0.07,127.0,0.564,False,1541.68,698.1705953433684,33.80093916415683,51.13959976771106,0.0,37.89210714557372,0.024578451524034636,0.41163035985715996,0,True,0.004915690304806927,completed,completed,100
2795->8344,2795,8344,1,"(4186,)",0.07,1,0.07,127.0,0.564,False,1541.68,2090.425888476581,149.9710740604378,136.7138531063684,0.0,160.90818230894726,0.10437197233469155,0.4657324539556277,0,True,0.020874394466938312,completed,completed,100
2827->2828,2827,2828,1,"(4289,)",0.07,1,0.07,127.0,0.564,False,1541.68,2550.4489191344023,199.70219184509733,166.7993593113899,0.0,213.04614059000852,0.13819089602901283,0.47615139503921944,0,True,0.027638179205802568,completed,completed,100
2829->6904,2829,6904,1,"(4294,)",0.07,1,0.07,127.0,0.564,False,1541.68,2337.627387901777,174.81501765841782,152.88083116877624,0.0,187.0454841519199,0.12132575122718067,0.4713738845168737,0,True,0.024265150245436136,completed,completed,100
2829->6905,2829,6905,1,"(4295,)",0.07,1,0.07,127.0,0.564,False,1541.68,2218.6426483664054,162.38749449849138,145.09922920316293,0.0,173.9954328347444,0.11286092628479606,0.46867867932951346,0,True,0.022572185256959212,completed,completed,100
2844->7866,2844,7866,1,"(4340,)",0.07,1,0.07,127.0,0.564,False,1541.68,3607.9418846677113,345.58655589587306,264.27452716814054,0.0,366.7285180693243,0.23787590036150452,0.4959270422489767,0,True,0.04757518007230091,completed,completed,100
2846->2845,2846,2845,1,"(4346,)",0.07,1,0.07,177.8,0.509,False,1541.68,1673.6595794500429,421.5846430780882,123.26502802649564,0.0,431.44584532020787,0.27985434417013116,0.5454641591008542,0,True,0.05597086883402624,completed,completed,100
2851->4550,2851,4550,1,"(4364,)",0.07,1,0.07,127.0,0.564,False,1541.68,1911.1750605600291,169.90675522784792,109.36699284054768,0.0,178.65611465509173,0.1158840451034532,0.46782993674794304,0,True,0.02317680902069064,completed,completed,100
2873->2641,2873,2641,1,"(4432,)",0.07,1,0.07,127.0,0.564,False,1541.68,1361.9808936465884,67.15980386708476,99.76237649782531,0.0,75.1407939869108,0.04873955294672746,0.4387647650550401,0,True,0.009747910589345493,completed,completed,100
3485->3481,3485,3481,1,"(4863,)",0.07,1,0.07,127.0,0.564,False,1541.68,400.1153777926925,30.550546260809732,24.42304266046596,0.0,32.50438967364701,0.021083746091048083,0.4011648575009155,1,False,0.026354682613810104,completed,completed,100
4036->9983,4036,9983,1,"(5982,)",0.07,1,0.07,44.45,0.742,False,1541.68,4740.479822649455,84.22285590287495,131.71240861084488,0.0,94.75984859174254,0.061465316143260944,0.34179990231155366,0,False,0.061465316143260944,completed,completed,100
4324->4341,4324,4341,1,"(6448,)",0.07,1,0.07,127.0,0.564,False,1541.68,776.5641063203016,51.60253436672935,50.787292553347726,0.0,55.66551777099717,0.03610705060129026,0.4239136639850746,0,True,0.007221410120258053,completed,completed,100
4327->12952,4327,12952,1,"(6459,)",0.07,1,0.07,127.0,0.564,False,1541.68,1181.6337831026333,79.04873904681911,77.27884941491222,0.0,85.23104700001208,0.05528452532303207,0.44089564384113633,0,True,0.011056905064606415,completed,completed,100
4330->7871,4330,7871,1,"(6471,)",0.07,1,0.07,127.0,0.564,False,1541.68,2020.9505171410858,154.0860201974541,127.61257196512956,0.0,164.29502595466448,0.1065688248888644,0.46597603516348624,0,True,0.021313764977772882,completed,completed,100
4336->4339,4336,4339,1,"(6488,)",0.07,1,0.07,127.0,0.564,False,1541.68,224.83244951860715,14.917135354064483,14.704042198516907,0.0,16.093458729945834,0.010438909974797515,0.3750101590351091,0,False,0.010438909974797515,completed,completed,100
4337->2528,4337,2528,1,"(6490,)",0.07,1,0.07,127.0,0.564,False,1541.68,805.6065659826885,53.54549410731857,52.686669415267836,0.0,57.760427660539996,0.03746589931797779,0.4253864816884243,0,True,0.007493179863595558,completed,completed,100
4337->4744,4337,4744,1,"(6492,)",0.07,1,0.07,127.0,0.564,False,1541.68,466.4133846748916,30.951394756029675,30.50343535773791,0.0,33.39166958464871,0.02165927402875351,0.4036051614517326,0,False,0.02165927402875351,completed,completed,100
4338->2518,4338,2518,1,"(6494,)",0.07,1,0.07,127.0,0.564,False,1541.68,630.3762175117306,41.85173297054293,41.226604625267186,0.0,45.14986134056431,0.029286143259667573,0.4155757100793678,0,True,0.005857228651933515,completed,completed,100
4339->4336,4339,4336,1,"(6497,)",0.07,1,0.07,127.0,0.564,False,1541.68,592.5986962576607,39.3378301955834,38.75595473525101,0.0,42.438306574403484,0.02752731213637297,0.4131132609615994,0,True,0.005505462427274594,completed,completed,100
4341->4324,4341,4324,1,"(6505,)",0.07,1,0.07,127.0,0.564,False,1541.68,1558.9341239170597,106.03191622720637,101.95429170417572,0.0,114.18825956354043,0.07406741967434255,0.45247258488950126,0,True,0.014813483934868511,completed,completed,100
4386->4387,4386,4387,1,"(6620,)",0.07,1,0.07,127.0,0.564,False,1541.68,4044.2390599086175,573.9711606429894,264.4932345180236,0.0,595.1306194044313,0.38602733343134193,0.5114509513512312,0,True,0.07720546668626839,completed,completed,100
4387->4386,4387,4386,1,"(6624,)",0.07,1,0.07,127.0,0.564,False,1541.68,3881.013639796794,506.24380043806343,253.81829204271037,0.0,526.5492638014803,0.3415425145305642,0.5073894702220312,0,True,0.06830850290611284,completed,completed,100
4388->4390,4388,4390,1,"(6626,)",0.07,1,0.07,127.0,0.564,False,1541.68,3202.414841015142,249.11943251346383,234.57048227467715,0.0,267.885071095438,0.17376178655456254,0.48537419771115703,0,True,0.03475235731091251,completed,completed,100
4390->4388,4390,4388,1,"(6633,)",0.07,1,0.07,127.0,0.564,False,1541.68,3432.804647421222,299.42036536952975,251.44607481430972,0.0,319.53605135467456,0.2072648353449967,0.4913249620210646,0,True,0.04145296706899934,completed,completed,100
4444->10877,4444,10877,1,"(6817,)",0.07,1,0.07,177.8,0.509,False,1541.68,1186.3623414359163,221.95791425761243,122.32582102545734,0.0,231.74397993964902,0.15031911936306433,0.5234036280314122,0,True,0.030063823872612867,completed,completed,100
4482->2675,4482,2675,1,"(6924,)",0.07,1,0.07,127.0,0.564,False,1541.68,1934.5348521949725,136.00526341120772,126.5185793335512,0.0,146.12674975789182,0.09478409900750598,0.46205822584352374,0,True,0.0189568198015012,completed,completed,100
4519->2491,4519,2491,1,"(7015,)",0.07,1,0.07,127.0,0.564,False,1541.68,2515.9025090130044,195.40052927332832,164.5400240894505,0.0,208.56373120048437,0.1352834123816125,0.4753772202459711,0,True,0.027056682476322504,completed,completed,100
4524->4533,4524,4533,1,"(7028,)",0.07,1,0.07,127.0,0.564,False,1541.68,818.6732810915162,54.4204629950261,53.54123258338516,0.0,58.70376160169691,0.038077786312138,0.42603242940669855,0,True,0.0076155572624276,completed,completed,100
4533->4524,4533,4524,1,"(7052,)",0.07,1,0.07,127.0,0.564,False,1541.68,1418.36389308155,95.72599931755647,92.76099860753338,0.0,103.14687920615914,0.06690550516719367,0.44846461721083153,0,True,0.013381101033438734,completed,completed,100
4550->2851,4550,2851,1,"(7105,)",0.07,1,0.07,127.0,0.564,False,1541.68,1927.5077893778002,171.61268079495147,110.30163324714464,0.0,180.43681145472306,0.11703908168668145,0.46821418798545367,0,True,0.023407816337336292,completed,completed,100
4554->2528,4554,2528,1,"(7120,)",0.07,1,0.07,127.0,0.564,False,1541.68,507.88247811190024,33.70605827704817,33.215514068518274,0.0,36.363299402529634,0.023586801023902256,0.4069814835915285,0,True,0.004717360204780452,completed,completed,100
4585->10029,4585,10029,1,"(7212,)",0.07,1,0.07,63.5,0.637,False,1541.68,2148.870550008914,22.02793157578023,88.54508217685381,0.0,29.111538149928535,0.01888299656863197,0.3484304769164793,1,False,0.023603745710789964,completed,completed,100
4726->2460,4726,2460,1,"(7675,)",0.07,1,0.07,127.0,0.564,False,1541.68,2591.8914891391955,158.05733045413436,189.8508677964678,0.0,173.24539987785178,0.1123744226284649,0.47024630663844946,0,True,0.022474884525692983,completed,completed,100
4744->4337,4744,4337,1,"(7733,)",0.07,1,0.07,127.0,0.564,False,1541.68,1489.579782268207,100.90108490923834,97.41851776034076,0.0,108.6945663300656,0.0705039738013502,0.45053233454209657,0,True,0.014100794760270041,completed,completed,100
4763->2787,4763,2787,1,"(7786,)",0.07,1,0.07,127.0,0.564,False,1541.68,1059.2615046853175,51.585523236552156,77.58878669519015,0.0,57.79262617216737,0.03748678465840341,0.42838385909437915,0,True,0.007497356931680682,completed,completed,100
5105->2472,5105,2472,1,"(8864,)",0.07,1,0.07,127.0,0.564,False,1541.68,1101.0602194315989,73.5092990413704,72.00933835082657,0.0,79.27004610943652,0.051417963591300735,0.4380090104278544,0,True,0.010283592718260147,completed,completed,100
5163->8641,5163,8641,1,"(9001,)",0.07,1,0.07,127.0,0.564,False,1541.68,1272.914760974277,109.27434796130235,72.842547196753,0.0,115.10175173704259,0.07465995001364913,0.4504977273013851,0,True,0.014931990002729826,completed,completed,100
5167->8819,5167,8819,1,"(9012,)",0.07,1,0.07,127.0,0.564,False,1541.68,3550.499426375058,394.96376592040275,232.20266248492882,0.0,413.53997891919704,0.26823982857609685,0.4992938121313708,0,True,0.053647965715219376,completed,completed,100
5554->8769,5554,8769,1,"(9863,)",0.07,1,0.07,127.0,0.564,False,1541.68,4163.750946512933,551.662272276369,304.98642933017936,0.0,576.0611866227833,0.37365807860436884,0.5108074375567395,0,True,0.07473161572087376,completed,completed,100
6133->8649,6133,8649,1,"(10836,)",0.07,1,0.07,127.0,0.564,False,1541.68,1380.8354786613888,68.16473230225536,101.14343714098942,0.0,76.25620727353451,0.04946305801043959,0.4393444085680267,0,True,0.009892611602087919,completed,completed,100
6260->8652,6260,8652,1,"(10988,)",0.07,1,0.07,177.8,0.509,False,1541.68,1357.3324687691506,336.9730517813351,99.96753632484794,0.0,344.9704546873229,0.22376268401180718,0.5365872820155183,0,True,0.04475253680236144,completed,completed,100
6904->2829,6904,2829,1,"(12207,)",0.07,1,0.07,127.0,0.564,False,1541.68,2737.6523147597936,225.07907362906693,179.04246138529052,0.0,239.40247053989017,0.1552867459783419,0.48035564919655027,0,True,0.031057349195668382,completed,completed,100
6905->2829,6905,2829,1,"(12210,)",0.07,1,0.07,127.0,0.564,False,1541.68,2078.8806147662917,148.8970771769612,135.9587922057155,0.0,159.77378055341845,0.10363615053280735,0.4654642795738664,0,True,0.02072723010656147,completed,completed,100
7517->4068,7517,4068,1,"(13565,)",0.07,1,0.07,127.0,0.564,False,1541.68,2332.9281839439063,174.30582137952138,152.5735032299315,0.0,186.5117016379159,0.12097951691525861,0.4712679342574954,0,True,0.024195903383051724,completed,completed,100
7517->9339,7517,9339,1,"(13566,)",0.07,1,0.07,127.0,0.564,False,1541.68,1211.9868325321797,31.554086711360085,100.88137671513309,0.0,39.62459684857073,0.025702218909612065,0.418925359547671,0,True,0.005140443781922414,completed,completed,100
7866->2844,7866,2844,1,"(14682,)",0.07,1,0.07,127.0,0.564,False,1541.68,2681.316679187761,168.43343945844597,196.40108411714516,0.0,184.14552618781758,0.11944471368106065,0.47240945714158444,0,True,0.02388894273621213,completed,completed,100
7871->4330,7871,4330,1,"(14697,)",0.07,1,0.07,127.0,0.564,False,1541.68,1906.736230019944,143.50747252669345,120.40053049698354,0.0,153.13951496645214,0.09933288034251735,0.4632768045145512,0,True,0.01986657606850347,completed,completed,100
8344->2795,8344,2795,1,"(15303,)",0.07,1,0.07,127.0,0.564,False,1541.68,2637.8868383429626,211.10031981724296,172.51779922762978,0.0,224.90174375545334,0.14588095049261413,0.47811216773992204,0,True,0.029176190098522826,completed,completed,100
8440->12114,8440,12114,1,"(15462,)",0.07,1,0.07,88.9,0.637,False,1541.68,4722.40055527129,426.05743731211055,199.99366351573914,0.0,442.05693039336967,0.2867371506365586,0.45341924474227674,0,True,0.05734743012731172,completed,completed,100
8477->12332,8477,12332,1,"(15527,)",0.07,1,0.07,127.0,0.564,False,1541.68,2618.7766864723567,257.97438014600186,149.85949588338062,0.0,269.9631398166723,0.17510971136466214,0.4834089058925971,0,True,0.03502194227293243,completed,completed,100
8641->5163,8641,5163,1,"(15787,)",0.07,1,0.07,127.0,0.564,False,1541.68,3353.08397705017,406.2124427620716,191.880230586696,0.0,421.5628612090073,0.2734438153241965,0.49923685226009923,0,True,0.0546887630648393,completed,completed,100
8649->6133,8649,6133,1,"(15803,)",0.07,1,0.07,127.0,0.564,False,1541.68,2288.9739920678453,128.2562142528449,167.66276697098556,0.0,141.66923561052374,0.0918927634856285,0.46298224334842353,0,True,0.0183785526971257,completed,completed,100
8727->8728,8727,8728,1,"(15859,)",0.07,1,0.07,127.0,0.564,False,1541.68,1380.4469698313535,68.14397306547274,101.114979646207,0.0,76.23317143716929,0.049448115975539206,0.43933252820725444,0,True,0.009889623195107842,completed,completed,100
8728->8727,8728,8727,1,"(15863,)",0.07,1,0.07,127.0,0.564,False,1541.68,613.4045772856041,29.680622805430605,44.93065847701594,0.0,33.27507548359188,0.021583646076742173,0.40648602327644445,0,True,0.0043167292153484344,completed,completed,100
8750->8751,8750,8751,1,"(15918,)",0.07,1,0.07,127.0,0.564,False,1541.68,3659.0238817899126,428.0603467501642,239.3001618690603,0.0,447.204359699689,0.29007599482362684,0.501929820561548,0,True,0.05801519896472537,completed,completed,100
8769->5554,8769,5554,1,"(15969,)",0.07,1,0.07,127.0,0.564,False,1541.68,3702.574056370683,373.8162402458516,271.2061444810398,0.0,395.51273180433475,0.25654658022698273,0.4984367863420346,0,True,0.05130931604539655,completed,completed,100
8771->8772,8771,8772,1,"(15978,)",0.07,1,0.07,127.0,0.564,False,1541.68,3381.081012783197,349.15366476499594,221.12269823602108,0.0,366.8434806238776,0.23795047002223393,0.49522843897161123,0,True,0.04759009400444679,completed,completed,100
8772->8771,8772,8771,1,"(15982,)",0.07,1,0.07,127.0,0.564,False,1541.68,2785.056993466166,232.11810173347752,182.1427273726873,0.0,246.6895199232925,0.16001343983400737,0.4814253851277118,0,True,0.032002687966801474,completed,completed,100
8787->8788,8787,8788,1,"(16035,)",0.07,1,0.07,127.0,0.564,False,1541.68,3630.1566222392594,266.77914083994125,302.16103666566056,0.0,290.95202377319407,0.18872400483446244,0.4891734142480076,0,True,0.03774480096689249,completed,completed,100
8788->5805,8788,5805,1,"(16036,)",0.07,1,0.07,127.0,0.564,False,1541.68,4014.889596094917,561.0931286045626,262.5737795846076,0.0,582.0990309713312,0.37757448431018836,0.5107182597836971,0,True,0.07551489686203768,completed,completed,100
8788->8787,8788,8787,1,"(16038,)",0.07,1,0.07,127.0,0.564,False,1541.68,3938.004373615999,362.2275057856847,327.78516404389177,0.0,388.450318909196,0.2519655952656816,0.4985775167499908,0,True,0.050393119053136315,completed,completed,100
8819->5167,8819,5167,1,"(16119,)",0.07,1,0.07,127.0,0.564,False,1541.68,2651.9931706973184,213.0114269077752,173.44035336360463,0.0,226.88665517686357,0.14716844946867286,0.47842886893286535,0,True,0.02943368989373457,completed,completed,100
8873->8867,8873,8867,1,"(16199,)",0.07,1,0.07,63.5,0.637,False,1541.68,2664.0434289262153,18.468706725180283,184.61820962458674,0.0,33.23816349514722,0.02155970337239065,0.354568653224315,2,False,0.032339555058585975,completed,completed,100
9232->9233,9232,9233,1,"(17242,)",0.07,1,0.07,127.0,0.564,False,1541.68,837.6988726537455,40.615766850445596,61.35976702414156,0.0,45.52454821237692,0.029529181290784676,0.41891054279791734,0,True,0.005905836258156935,completed,completed,100
9233->9232,9233,9232,1,"(17244,)",0.07,1,0.07,127.0,0.564,False,1541.68,589.4461217164754,28.517910563806428,43.1757495234884,0.0,31.9719705256855,0.02073839611701877,0.40490670154076647,0,True,0.004147679223403754,completed,completed,100
9327->9328,9327,9328,1,"(17309,)",0.07,1,0.07,127.0,0.564,False,1541.68,967.5744199825546,47.01679851087889,70.87289111488217,0.0,52.68662980006947,0.03417481565569344,0.42471239287038165,0,True,0.006834963131138689,completed,completed,100
9328->9327,9328,9327,1,"(17311,)",0.07,1,0.07,127.0,0.564,False,1541.68,821.059413394311,39.80027492818129,60.1409599123065,0.0,44.61155172116581,0.02893697247234563,0.41810626172213305,0,True,0.005787394494469127,completed,completed,100
9334->9333,9334,9333,1,"(17329,)",0.07,1,0.07,127.0,0.564,False,1541.68,1966.773296555636,103.32641696740679,144.06221042610724,0.0,114.85139380149536,0.07449755708155736,0.45517451441717977,0,True,0.014899511416311474,completed,completed,100
9336->9337,9336,9337,1,"(17336,)",0.07,1,0.07,127.0,0.564,False,1541.68,1593.4482006318215,79.91446436258754,116.71689379987967,0.0,89.25181586657791,0.057892569058804626,0.4455002342105981,0,True,0.011578513811760926,completed,completed,100
9337->9336,9337,9336,1,"(17338,)",0.07,1,0.07,127.0,0.564,False,1541.68,1187.534625312575,58.074991619719505,86.98453623489551,0.0,65.03375451851115,0.04218369215304807,0.4330620926264809,0,True,0.008436738430609615,completed,completed,100
9339->7517,9339,7517,1,"(17346,)",0.07,1,0.07,127.0,0.564,False,1541.68,3102.893659480251,158.51831210110706,258.27358496546526,0.0,179.1801988983443,0.1162239886995643,0.47319749000868017,0,True,0.02324479773991286,completed,completed,100
9774->11046,9774,11046,1,"(17901,)",0.07,1,0.07,88.9,0.637,False,1541.68,2352.459141141216,79.9364633702798,102.47312018811141,0.0,88.1343129853287,0.05716770859408483,0.3984270376673461,0,False,0.05716770859408483,completed,completed,100
9983->4036,9983,4036,1,"(18329,)",0.07,1,0.07,44.45,0.742,False,1541.68,4235.240169904603,47.941174271934216,117.67451918227252,0.0,57.35513580651602,0.03720300957819782,0.3259317872372526,1,False,0.046503761972747276,completed,completed,100
9983->9988,9983,9988,1,"(18331,)",0.07,1,0.07,53.975,0.637,False,1541.68,4740.456121923306,223.17694555363667,185.31536932010957,0.0,238.00217509924545,0.15437845408855627,0.41193391756341174,1,False,0.19297306761069533,completed,completed,100
9988->9983,9988,9983,1,"(18337,)",0.07,1,0.07,53.975,0.637,False,1541.68,4229.246343368874,134.64009282067966,165.33099936154323,0.0,147.86657276960312,0.09591262309273203,0.39669695497861396,0,False,0.09591262309273203,completed,completed,100
10122->7037,10122,7037,1,"(18613,)",0.08,1,0.08,177.8,0.509,False,1761.92,392.14207554322644,98.82470750692002,38.508351818344835,0.0,101.9053756523876,0.057837685963260305,0.4872299765378542,0,True,0.011567537192652062,completed,completed,100
10333->5369,10333,5369,1,"(19047,)",0.08,1,0.08,88.9,0.637,False,1761.92,2812.029879135591,25.353214101030186,204.15336922524392,0.0,41.6854836390497,0.023659123932442846,0.3786091301801898,0,False,0.023659123932442846,completed,completed,100
10353->2790,10353,2790,1,"(19148,)",0.08,1,0.08,127.0,0.564,False,1761.92,1166.2971610830198,89.13148204730261,87.172382096948,0.0,96.10527261505845,0.05454576406139805,0.44426372769814876,0,True,0.01090915281227961,completed,completed,100
10353->4074,10353,4074,1,"(19149,)",0.08,1,0.08,127.0,0.564,False,1761.92,1309.4266699446782,100.53045754193283,97.87029053072226,0.0,108.36008078439062,0.06150113557050866,0.4490376628864992,0,True,0.012300227114101732,completed,completed,100
10357->4240,10357,4240,1,"(19162,)",0.08,1,0.08,127.0,0.564,False,1761.92,1571.0359820198364,122.21415271600917,117.42371797039694,0.0,131.60805015364093,0.07469581488015399,0.45671940987615756,0,True,0.014939162976030798,completed,completed,100
10362->4473,10362,4473,1,"(19180,)",0.08,1,0.08,127.0,0.564,False,1761.92,1168.2669768913754,89.28674751622383,87.31961175850967,0.0,96.2723164569046,0.05464057190843205,0.4443329125560949,0,True,0.01092811438168641,completed,completed,100
10444->12903,10444,12903,1,"(19554,)",0.08,1,0.08,88.9,0.637,False,1761.92,3472.3863645140477,72.79031183606372,252.09525006371985,0.0,92.95793184116131,0.052759450963245386,0.40422861440545776,0,True,0.010551890192649079,completed,completed,100
10592->6904,10592,6904,1,"(20204,)",0.08,1,0.08,127.0,0.564,False,1761.92,2899.6817769158843,286.0572307297119,216.73050081177013,0.0,303.3956707946535,0.17219605362028553,0.4879582968631646,0,True,0.03443921072405711,completed,completed,100
10598->2842,10598,2842,1,"(20233,)",0.08,1,0.08,177.8,0.509,False,1761.92,1574.2991481483707,300.6418810423611,206.12823513089333,0.0,317.13213985283255,0.1799923605230842,0.535723459324773,0,True,0.03599847210461684,completed,completed,100
10665->12754,10665,12754,1,"(20548,)",0.08,1,0.08,63.5,0.637,False,1761.92,3359.1068368851247,52.85738381382195,209.03241973530862,0.0,69.57997739264664,0.03949099697639316,0.3784773823399288,0,False,0.03949099697639316,completed,completed,100
10827->12400,10827,12400,1,"(21279,)",0.08,1,0.08,63.5,0.637,False,1761.92,7542.3127728861455,2639.4736074227326,410.6789304836507,0.0,2672.327921861425,1.5167135408312662,0.49471576302193687,0,True,0.30334270816625325,completed,completed,100
12400->10827,12400,10827,1,"(26028,)",0.08,1,0.08,63.5,0.637,False,1761.92,8045.283356793765,3645.0320879702026,438.06567877742054,0.0,3680.0773422723964,2.088674481402332,0.5048743859879498,0,True,0.4177348962804664,completed,completed,100
12754->10665,12754,10665,1,"(27231,)",0.08,1,0.08,63.5,0.637,False,1761.92,3694.2059761447977,85.03390277626288,229.885160458382,0.0,103.42471561293344,0.05870000659106738,0.39109205955914955,0,False,0.05870000659106738,completed,completed,100
12840->12913,12840,12913,1,"(27544,)",0.08,1,0.08,127.0,0.564,False,1761.92,1993.26549029706,161.29887800260136,148.98235778906027,0.0,173.2174666257262,0.09831176592905817,0.4673796253995406,0,True,0.019662353185811637,completed,completed,100
12913->12840,12913,12840,1,"(27784,)",0.08,1,0.08,127.0,0.564,False,1761.92,2036.2656711463944,165.7034822926725,152.1963141633991,0.0,177.87918742574442,0.10095758458144774,0.46839271294054935,0,True,0.02019151691628955,completed,completed,100
12967->5097,12967,5097,1,"(27963,)",0.08,1,0.08,88.9,0.637,False,1761.92,2838.9929054068225,25.52854943712142,197.86644953523393,0.0,41.35786539994014,0.02347318005354394,0.3784854025448263,2,False,0.03520977008031591,completed,completed,100
2424->7789,2424,7789,1,"(3215,)",0.08,1,0.08,88.9,0.637,False,1761.92,4227.243693312157,170.05637345659892,263.05533611525374,0.0,191.1008003458192,0.10846167836554395,0.42751137308037496,0,True,0.02169233567310879,completed,completed,100
2427->2450,2427,2450,1,"(3226,)",0.08,1,0.08,127.0,0.564,False,1761.92,3963.5852032964663,531.9856905099523,331.79964453835385,0.0,558.5296620730206,0.3170005800904812,0.5093585228936536,0,True,0.06340011601809624,completed,completed,100
2450->2427,2450,2427,1,"(3283,)",0.08,1,0.08,127.0,0.564,False,1761.92,3532.3046031620534,371.11537400987794,295.69628293990183,0.0,394.7710766450701,0.2240573219244177,0.4978683151113327,0,True,0.044811464384883544,completed,completed,100
2463->2464,2463,2464,1,"(3323,)",0.08,1,0.08,127.0,0.564,False,1761.92,2039.6356049426427,107.63423354462884,177.85622475099845,0.0,121.86273152470872,0.06916473592711855,0.4573077008431063,0,True,0.013832947185423711,completed,completed,100
2464->2463,2464,2463,1,"(3327,)",0.08,1,0.08,127.0,0.564,False,1761.92,1821.5170471298343,92.46650498828471,158.83628650972156,0.0,105.17340790906243,0.05969249904028698,0.45176002013924554,0,True,0.011938499808057397,completed,completed,100
2464->4056,2464,4056,1,"(3328,)",0.08,1,0.08,127.0,0.564,False,1761.92,1466.357581811712,71.45233884159153,127.86638113398129,0.0,81.68164933231003,0.04635945407981635,0.4420051970936623,0,True,0.00927189081596327,completed,completed,100
2465->4061,2465,4061,1,"(3331,)",0.08,1,0.08,127.0,0.564,False,1761.92,1795.2930678622229,90.78019605728845,156.54955551758584,0.0,103.30416049869532,0.05863158400988429,0.45107699107004584,0,True,0.011726316801976859,completed,completed,100
2466->2467,2466,2467,1,"(3334,)",0.08,1,0.08,127.0,0.564,False,1761.92,3166.1212907044614,342.79462688053786,236.64495132808204,0.0,361.7262229867844,0.20530229691857996,0.4940984020613771,0,True,0.041060459383716,completed,completed,100
2466->4260,2466,4260,1,"(3335,)",0.08,1,0.08,127.0,0.564,False,1761.92,2151.0805930847882,177.9762042411994,160.77790947170877,0.0,190.83843699893612,0.10831277072678448,0.47105780265541836,0,True,0.021662554145356897,completed,completed,100
2467->2466,2467,2466,1,"(3337,)",0.08,1,0.08,127.0,0.564,False,1761.92,2311.906017434561,196.6253288162401,172.7984611888232,0.0,210.44920571134597,0.11944311076061681,0.47472041859231195,0,True,0.023888622152123364,completed,completed,100
2468->4321,2468,4321,1,"(3341,)",0.04,2,0.08,127.0,0.564,False,1761.92,1059.118500490407,40.167391160110114,39.58077138975579,0.0,43.333852871290574,0.024594676756771346,0.42003928082321484,0,True,0.00491893535135427,completed,completed,100
2468->4456,2468,4456,1,"(3343,)",0.08,1,0.08,127.0,0.564,False,1761.92,2613.797428027604,237.5820041978714,195.36268776343465,0.0,253.21101921894618,0.14371311933512654,0.48150186652456256,0,True,0.028742623867025308,completed,completed,100
2491->2781,2491,2781,1,"(3413,)",0.08,1,0.08,127.0,0.564,False,1761.92,3757.608497812787,526.7941097428434,280.8543951508072,0.0,549.2624613549079,0.31174086301018655,0.5082831924535178,0,True,0.062348172602037316,completed,completed,100
2495->10365,2495,10365,1,"(3428,)",0.08,1,0.08,127.0,0.564,False,1761.92,1032.8317529699368,30.3981150385172,98.25046784615836,0.0,38.25815246620987,0.021713898738994885,0.41617165943131196,0,True,0.004342779747798977,completed,completed,100
2495->4533,2495,4533,1,"(3426,)",0.08,1,0.08,127.0,0.564,False,1761.92,1453.967439893437,70.77707347013842,126.78596075870772,0.0,80.91995033083504,0.045927142169244366,0.4416391876462041,0,True,0.009185428433848874,completed,completed,100
2507->2514,2507,2514,1,"(3471,)",0.08,1,0.08,127.0,0.564,False,1761.92,914.3397870891632,43.40975627724494,79.73042943417504,0.0,49.78819063197894,0.028257917857779546,0.42245562184028207,0,True,0.005651583571555909,completed,completed,100
2514->2507,2514,2507,1,"(3479,)",0.08,1,0.08,127.0,0.564,False,1761.92,776.4841005188187,36.78180555186019,67.70941356524098,0.0,42.198558637079465,0.023950326142548734,0.41589188038039065,0,True,0.004790065228509747,completed,completed,100
2545->2546,2545,2546,1,"(3525,)",0.08,1,0.08,127.0,0.564,False,1761.92,764.4565237209464,36.2066999220393,66.66060886846653,0.0,41.539548631516624,0.02357629667153822,0.4152675143890663,0,True,0.004715259334307644,completed,completed,100
2546->2545,2546,2545,1,"(3528,)",0.08,1,0.08,127.0,0.564,False,1761.92,1371.4999143715113,66.35564462842257,119.5947925331958,0.0,75.92322803107822,0.0430911891749218,0.43914283104113955,0,True,0.00861823783498436,completed,completed,100
2548->2714,2548,2714,1,"(3537,)",0.04,2,0.08,127.0,0.564,False,1761.92,1458.4248332303816,55.359262675593655,54.50341948186684,0.0,59.719536234143,0.033894578774372845,0.4328207715095018,0,True,0.006778915754874569,completed,completed,100
2563->2564,2563,2564,1,"(3586,)",0.08,1,0.08,127.0,0.564,False,1761.92,2343.6147201258364,200.5326894298369,175.16846022426253,0.0,214.5461662477779,0.12176839257615436,0.47543608963029976,0,True,0.024353678515230875,completed,completed,100
2564->2563,2564,2563,1,"(3588,)",0.08,1,0.08,127.0,0.564,False,1761.92,780.1716156568249,59.2500028875079,58.31225561595012,0.0,63.914983336783905,0.036275757887295625,0.42798135445703034,0,True,0.007255151577459125,completed,completed,100
2675->4341,2675,4341,1,"(3859,)",0.08,1,0.08,127.0,0.564,False,1761.92,1623.3146119862802,126.72768928364543,121.33117214160313,0.0,136.4341830549737,0.07743494770192386,0.45813268472523966,0,True,0.015486989540384771,completed,completed,100
2678->4283,2678,4283,1,"(3868,)",0.08,1,0.08,127.0,0.564,False,1761.92,2305.781148587485,195.87992927808358,172.34067099156746,0.0,209.66718295740898,0.1189992638470583,0.47458199085686487,0,True,0.023799852769411663,completed,completed,100
2735->5109,2735,5109,1,"(4018,)",0.08,1,0.08,63.5,0.637,False,1761.92,2926.420728041178,39.12015853574425,141.63876323719302,0.0,50.451259594719694,0.028634251041318386,0.3676309911976462,1,False,0.035792813801647984,completed,completed,100
2766->4417,2766,4417,1,"(4117,)",0.08,1,0.08,127.0,0.564,False,1761.92,1550.0741209524667,120.42399791056536,115.8569685831901,0.0,129.69255539722056,0.07360865158305743,0.4561429885777809,0,True,0.014721730316611488,completed,completed,100
2778->10362,2778,10362,1,"(4142,)",0.08,1,0.08,127.0,0.564,False,1761.92,3108.1121038905317,329.3242815717027,232.3091789650752,0.0,347.90901588890875,0.1974601661192953,0.492748929879534,0,True,0.03949203322385906,completed,completed,100
2780->4514,2780,4514,1,"(4148,)",0.08,1,0.08,127.0,0.564,False,1761.92,1224.3521283947753,93.72506771120219,91.51157622516378,0.0,101.04599380921529,0.05734993291932397,0.44625979049317027,0,True,0.011469986583864795,completed,completed,100
2790->10353,2790,10353,1,"(4173,)",0.08,1,0.08,127.0,0.564,False,1761.92,1583.3880409160802,123.27414937800575,118.34694614389905,0.0,132.74190506951766,0.07533934859103572,0.4570563957815194,0,True,0.015067869718207144,completed,completed,100
2790->4076,2790,4076,1,"(4171,)",0.08,1,0.08,127.0,0.564,False,1761.92,729.2899298997226,55.36517552744975,54.509213046219266,0.0,59.72591257114729,0.03389819774515715,0.4252753057742754,0,True,0.00677963954903143,completed,completed,100
2792->4077,2792,4077,1,"(4178,)",0.08,1,0.08,127.0,0.564,False,1761.92,1843.5690244294692,146.6648659916455,137.79361622592836,0.0,157.6883552897198,0.08949802220856781,0.46376934272073733,0,True,0.017899604441713565,completed,completed,100
2804->4326,2804,4326,1,"(4211,)",0.08,1,0.08,127.0,0.564,False,1761.92,638.0429102593904,48.41388309352878,47.68915009253044,0.0,52.229015100931214,0.029643238683329104,0.41992543147880945,0,True,0.005928647736665821,completed,completed,100
2805->2807,2805,2807,1,"(4214,)",0.08,1,0.08,127.0,0.564,False,1761.92,1989.6590787111518,160.9338489082483,148.7128042830964,0.0,172.83087325089602,0.09809234996531965,0.46729422956731403,0,True,0.019618469993063933,completed,completed,100
2807->2805,2807,2805,1,"(4219,)",0.08,1,0.08,127.0,0.564,False,1761.92,1962.5925492369665,158.21512993329358,146.68977453725444,0.0,169.95031189627394,0.09645745090371523,0.46665106951052204,0,True,0.019291490180743047,completed,completed,100
2809->6927,2809,6927,1,"(4229,)",0.08,1,0.08,127.0,0.564,False,1761.92,4392.007166035717,959.7635455290259,287.2372686587359,0.0,982.7425270217248,0.5577679616677969,0.5271555726661846,0,True,0.11155359233355938,completed,completed,100
2834->7899,2834,7899,1,"(4311,)",0.04,2,0.08,177.8,0.509,False,1761.92,1277.7903874592175,179.34896656416842,53.77672116364079,0.0,183.65110425725968,0.10423350904539347,0.5173707143208671,0,True,0.020846701809078695,completed,completed,100
2835->6897,2835,6897,1,"(4313,)",0.08,1,0.08,127.0,0.564,False,1761.92,2665.127067945894,120.00009096061218,253.5262694453258,0.0,140.28219251623824,0.07961893418329903,0.46435163437802707,0,True,0.015923786836659806,completed,completed,100
2842->10598,2842,10598,1,"(4334,)",0.08,1,0.08,177.8,0.509,False,1761.92,1437.071896735115,271.9561549837629,188.16061367918437,0.0,287.00900407809763,0.16289559348784147,0.5317895377067265,0,True,0.03257911869756829,completed,completed,100
3226->11128,3226,11128,1,"(4726,)",0.08,1,0.08,44.45,0.742,False,1761.92,4148.526753183904,53.523188903733484,142.70932030952628,0.0,64.93993452849558,0.03685748191092421,0.3293181219753269,2,False,0.05528622286638631,completed,completed,100
3311->3315,3311,3315,1,"(4742,)",0.08,1,0.08,127.0,0.564,False,1761.92,725.5239089606974,63.36994231170328,50.61254788909826,0.0,67.41894614283113,0.038264476334243964,0.4287445226392686,0,True,0.007652895266848793,completed,completed,100
4056->2464,4056,2464,1,"(6010,)",0.08,1,0.08,127.0,0.564,False,1761.92,3419.686842947422,310.68883658632376,298.1966927050152,0.0,334.544572002725,0.1898750068122985,0.49263578014817344,0,True,0.0379750013624597,completed,completed,100
4056->4061,4056,4061,1,"(6011,)",0.08,1,0.08,127.0,0.564,False,1761.92,1985.044964205149,103.62708310638075,173.095920878689,0.0,117.47475677667587,0.06667428531186198,0.4559371227462054,0,True,0.013334857062372397,completed,completed,100
4061->2465,4061,2465,1,"(6013,)",0.08,1,0.08,127.0,0.564,False,1761.92,1753.9522094733452,88.1729142347339,152.9446326660757,0.0,100.40848484801995,0.05698810663822418,0.44999096361250474,0,True,0.011397621327644837,completed,completed,100
4061->4056,4061,4056,1,"(6014,)",0.08,1,0.08,127.0,0.564,False,1761.92,2548.052424100654,154.64839420066656,222.19017138157707,0.0,172.42360791119273,0.0978612013662327,0.4699206625907689,0,True,0.01957224027324654,completed,completed,100
4074->10353,4074,10353,1,"(6042,)",0.08,1,0.08,127.0,0.564,False,1761.92,1054.3454626381845,80.36664528666189,78.80479229318546,0.0,86.67102867011673,0.04919123948313018,0.4401435935248917,0,True,0.009838247896626037,completed,completed,100
4076->2790,4076,2790,1,"(6043,)",0.08,1,0.08,127.0,0.564,False,1761.92,1589.1801172317341,123.77254005592262,118.77986247652049,0.0,133.27492905404426,0.07564187310096046,0.45721374637384926,0,True,0.015128374620192092,completed,completed,100
4076->4077,4076,4077,1,"(6044,)",0.08,1,0.08,127.0,0.564,False,1761.92,885.55442333505,67.32319103735979,66.18886775555688,0.0,72.61830045780434,0.04121543569390457,0.4330798398179704,0,True,0.008243087138780913,completed,completed,100
4077->2792,4077,2792,1,"(6046,)",0.08,1,0.08,127.0,0.564,False,1761.92,1198.666082543434,91.6880664612724,89.59172776953211,0.0,98.85540468283497,0.05610663633015969,0.4453874072477199,0,True,0.01122132726603194,completed,completed,100
4077->4076,4077,4076,1,"(6047,)",0.08,1,0.08,127.0,0.564,False,1761.92,1557.9019756275295,121.09124169161943,116.44204480690335,0.0,130.4066052761717,0.07401391963095469,0.456358923204884,0,True,0.014802783926190938,completed,completed,100
4077->9334,4077,9334,1,"(6049,)",0.08,1,0.08,127.0,0.564,False,1761.92,1623.6168708031355,50.76967896063236,154.45024487349102,0.0,63.12569855051164,0.03582778931535577,0.43560310133513347,0,True,0.007165557863071154,completed,completed,100
4165->2547,4165,2547,1,"(6126,)",0.04,2,0.08,127.0,0.564,False,1761.92,2006.599436159762,76.40365172704401,74.98948749991341,0.0,82.40281072703708,0.04676875835851632,0.44567963191975624,0,True,0.009353751671703265,completed,completed,100
4210->2548,4210,2548,1,"(6152,)",0.04,2,0.08,127.0,0.564,False,1761.92,1480.882653144145,56.215983210267225,55.34270029464406,0.0,60.64339923383875,0.0344189289149557,0.4334336027510259,0,True,0.006883785782991141,completed,completed,100
4217->4226,4217,4226,1,"(6156,)",0.08,1,0.08,127.0,0.564,False,1761.92,676.3477883262876,19.70751841479459,64.33912051860248,0.0,24.854648056282787,0.014106570137283638,0.39921631709226985,0,False,0.014106570137283638,completed,completed,100
4235->9916,4235,9916,1,"(6193,)",0.08,1,0.08,127.0,0.564,False,1761.92,792.3245320337561,60.178998826476395,59.22059930858018,0.0,64.9166467711628,0.03684426464945219,0.4286022648814528,0,True,0.007368852929890438,completed,completed,100
4240->10357,4240,10357,1,"(6210,)",0.08,1,0.08,127.0,0.564,False,1761.92,1321.3031747646214,101.48839326093032,98.75797443383571,0.0,109.38903121563717,0.06208512941316131,0.4494128306210585,0,True,0.012417025882632262,completed,completed,100
4260->2466,4260,2466,1,"(6266,)",0.08,1,0.08,127.0,0.564,False,1761.92,3175.235582889514,344.9727942108508,237.3261795668277,0.0,363.958888576197,0.20656947453698069,0.4943111079104079,0,True,0.04131389490739614,completed,completed,100
4260->9342,4260,9342,1,"(6268,)",0.04,2,0.08,127.0,0.564,False,1761.92,1274.3000272826712,48.34594079067581,47.622412448163836,0.0,52.15573378652892,0.029601646945677965,0.4274181158285979,0,True,0.005920329389135594,completed,completed,100
4283->2678,4283,2678,1,"(6336,)",0.08,1,0.08,127.0,0.564,False,1761.92,2445.4713574351376,213.66691903059922,182.78151631572345,0.0,228.28944033585708,0.12956856175981718,0.47772667920846296,0,True,0.025913712351963436,completed,completed,100
4309->4260,4309,4260,1,"(6415,)",0.04,2,0.08,127.0,0.564,False,1761.92,1246.3991265942484,47.28459234019507,46.57971593100792,0.0,51.0109696146757,0.02895192154846741,0.42653343490715095,0,True,0.005790384309693482,completed,completed,100
4317->4456,4317,4456,1,"(6435,)",0.04,2,0.08,127.0,0.564,False,1761.92,1223.2582283260874,46.4045457616357,45.71490750430065,0.0,50.06173836197976,0.028413173334759668,0.42578485164774826,0,True,0.0056826346669519336,completed,completed,100
4326->2804,4326,2804,1,"(6453,)",0.08,1,0.08,127.0,0.564,False,1761.92,584.3504376553683,44.33049719150064,43.676021283041244,0.0,47.82457889414394,0.027143445158772213,0.41641573093977524,0,True,0.005428689031754443,completed,completed,100
4339->9330,4339,9330,1,"(6499,)",0.08,1,0.08,127.0,0.564,False,1761.92,552.8023236813597,41.93302377185363,41.31802510715534,0.0,45.238465780426054,0.02567566392368896,0.41420312052501573,0,True,0.005135132784737793,completed,completed,100
4341->2675,4341,2675,1,"(6503,)",0.08,1,0.08,127.0,0.564,False,1761.92,898.0036428139425,68.27986776281148,67.11935798860783,0.0,73.6494164019001,0.041800658600787834,0.43364298958815,0,True,0.008360131720157567,completed,completed,100
4363->4435,4363,4435,1,"(6554,)",0.08,1,0.08,127.0,0.564,False,1761.92,3211.103274304272,353.7127645002928,240.00703330228507,0.0,372.9133271644756,0.21165167951125793,0.4951499884468441,0,True,0.04233033590225159,completed,completed,100
4370->7572,4370,7572,1,"(6570,)",0.08,1,0.08,127.0,0.564,False,1761.92,873.3159793713869,85.09884998986911,57.11486505088871,0.0,89.6680391939402,0.050892230744835294,0.4390854263605073,0,True,0.01017844614896706,completed,completed,100
4371->7526,4371,7526,1,"(6573,)",0.08,1,0.08,127.0,0.564,False,1761.92,1348.8831285707515,65.16349326592028,117.62260881136953,0.0,74.57330197082985,0.04232502155082515,0.4384383649006195,0,True,0.008465004310165029,completed,completed,100
4373->8058,4373,8058,1,"(6579,)",0.08,1,0.08,127.0,0.564,False,1761.92,1536.460637170711,47.375675991094276,146.15931006685744,0.0,59.06842079644287,0.0335250299652895,0.43307002600113115,0,True,0.0067050059930579,completed,completed,100
4378->7560,4378,7560,1,"(6595,)",0.08,1,0.08,127.0,0.564,False,1761.92,4318.677354826563,683.0205450366715,376.5886653408763,0.0,713.1476382639415,0.4047559697738498,0.5175055595677862,0,True,0.08095119395476996,completed,completed,100
4395->4396,4395,4396,1,"(6648,)",0.08,1,0.08,127.0,0.564,False,1761.92,2949.611487977395,234.4109291157592,246.91787688156373,0.0,254.1643592662843,0.14425419954724636,0.4829298359539627,0,True,0.028850839909449272,completed,completed,100
4396->4395,4396,4395,1,"(6652,)",0.08,1,0.08,127.0,0.564,False,1761.92,4093.427599546132,593.8952716289375,342.66901121320586,0.0,621.308792525994,0.35263167029490217,0.5128530022651597,0,True,0.07052633405898044,completed,completed,100
4410->4682,4410,4682,1,"(6706,)",0.08,1,0.08,127.0,0.564,False,1761.92,1830.592906116139,145.44235040052584,136.82374406856627,0.0,156.38824992601116,0.08876013095146837,0.46344921747669665,0,True,0.017752026190293674,completed,completed,100
4417->2766,4417,2766,1,"(6728,)",0.08,1,0.08,127.0,0.564,False,1761.92,1760.609744024742,138.96052591794995,131.5930025819636,0.0,149.48796612450704,0.08484378752980103,0.4616993345225945,0,True,0.016968757505960205,completed,completed,100
4432->5501,4432,5501,1,"(6774,)",0.08,1,0.08,127.0,0.564,False,1761.92,2989.754035973326,321.69981815537244,215.75714643051649,0.0,338.96038986981375,0.192381260142239,0.49155781412464583,0,True,0.0384762520284478,completed,completed,100
4456->2468,4456,2468,1,"(6853,)",0.08,1,0.08,127.0,0.564,False,1761.92,3095.66061869607,326.51922684353246,231.3785193859691,0.0,345.02950839441,0.19582586518934458,0.4924602323841125,0,True,0.03916517303786892,completed,completed,100
4461->4682,4461,4682,1,"(6869,)",0.08,1,0.08,127.0,0.564,False,1761.92,2114.683362538521,174.00019607319496,158.05747646859348,0.0,186.64479419068243,0.10593261566398159,0.47021853197095403,0,True,0.021186523132796318,completed,completed,100
4501->2785,4501,2785,1,"(6969,)",0.04,2,0.08,127.0,0.564,False,1761.92,1775.70555528963,67.49975792340679,66.36065332339533,0.0,72.80861018927841,0.04132344839111787,0.4407354380020632,0,True,0.008264689678223575,completed,completed,100
4501->4513,4501,4513,1,"(6971,)",0.08,1,0.08,127.0,0.564,False,1761.92,1017.9389824106918,77.53833264655208,76.08366794246771,0.0,83.6250260819495,0.047462442155120264,0.4387156460073625,0,True,0.009492488431024054,completed,completed,100
4512->4513,4512,4513,1,"(6995,)",0.08,1,0.08,127.0,0.564,False,1761.92,870.3026409036629,88.75919830506452,55.1930111176723,0.0,93.1746391944783,0.05288244596490096,0.44016937079156515,0,True,0.010576489192980192,completed,completed,100
4513->4501,4513,4501,1,"(6998,)",0.08,1,0.08,127.0,0.564,False,1761.92,2200.1723066473087,183.47464389068446,164.4471644054103,0.0,196.6304170431173,0.11160008232105731,0.4721829035578117,0,True,0.022320016464211462,completed,completed,100
4517->4519,4517,4519,1,"(7011,)",0.08,1,0.08,127.0,0.564,False,1761.92,3564.322462616443,456.0091921739823,266.4076446344176,0.0,477.3218037447357,0.2709100320926805,0.503566253543713,0,True,0.0541820064185361,completed,completed,100
4530->4533,4530,4533,1,"(7044,)",0.08,1,0.08,127.0,0.564,False,1761.92,3148.450056403517,338.61986342052484,235.32415278718864,0.0,357.44579564349993,0.20287288619432206,0.4936865261527517,0,True,0.040574577238864415,completed,completed,100
4530->4540,4530,4540,1,"(7045,)",0.08,1,0.08,127.0,0.564,False,1761.92,909.8309297418215,69.18942218374158,68.00336320584587,0.0,74.62969124020925,0.04235702599448854,0.43417110358503797,0,True,0.008471405198897709,completed,completed,100
4533->2495,4533,2495,1,"(7051,)",0.08,1,0.08,127.0,0.564,False,1761.92,3418.9406261967015,310.49097365515854,298.1316226043524,0.0,334.34150346350674,0.1897597526922373,0.49261550818582683,0,True,0.037951950538447465,completed,completed,100
4555->4556,4555,4556,1,"(7124,)",0.08,1,0.08,127.0,0.564,False,1761.92,969.0859755439709,73.75711056426123,72.43225462922938,0.0,79.55169093459958,0.045150569228228056,0.4367218735374284,0,True,0.009030113845645612,completed,completed,100
4556->4555,4556,4555,1,"(7129,)",0.08,1,0.08,127.0,0.564,False,1761.92,812.5269130972661,61.724374413105494,60.73058299035567,0.0,66.58282105233394,0.03778992295469371,0.4296142676466732,0,True,0.007557984590938743,completed,completed,100
4682->4410,4682,4410,1,"(7554,)",0.08,1,0.08,127.0,0.564,False,1761.92,1625.884098303629,126.95141669572072,121.52322289035124,0.0,136.67327452694883,0.07757064709348258,0.45820129376279467,0,True,0.015514129418696516,completed,completed,100
4972->8484,4972,8484,1,"(8458,)",0.04,2,0.08,127.0,0.564,False,1761.92,3409.4516718868535,170.48326578843836,111.48906967070012,0.0,179.40239136209436,0.10182209825763619,0.47426081630183553,0,True,0.02036441965152724,completed,completed,100
5109->2735,5109,2735,1,"(8880,)",0.08,1,0.08,63.5,0.637,False,1761.92,2781.4112537411074,33.38207363769899,134.62030468106963,0.0,44.15169801218455,0.025058855119519927,0.36321668454310874,2,False,0.03758828267927989,completed,completed,100
5232->8714,5232,8714,1,"(9187,)",0.08,1,0.08,127.0,0.564,False,1761.92,1540.6055656104393,119.61886865120535,115.1492617039117,0.0,128.83080958751827,0.07311955683999176,0.4558806910562549,0,True,0.014623911367998352,completed,completed,100
5501->4432,5501,4432,1,"(9766,)",0.08,1,0.08,127.0,0.564,False,1761.92,3045.0705203240504,333.6444391925822,219.74908913566117,0.0,351.2243663234351,0.19934183522715848,0.4928051198714902,0,True,0.0398683670454317,completed,completed,100
5518->8642,5518,8642,1,"(9801,)",0.08,1,0.08,127.0,0.564,False,1761.92,2865.8483344650504,296.82281019053937,206.81542739201578,0.0,313.36804438190063,0.1778560004891826,0.4887831934199121,0,True,0.03557120009783652,completed,completed,100
6130->8527,6130,8527,1,"(10828,)",0.08,1,0.08,127.0,0.564,False,1761.92,2771.863590111434,132.32739311380564,263.6798236993277,0.0,153.42177900975184,0.08707647283063467,0.4674081006908293,0,True,0.017415294566126935,completed,completed,100
6232->9632,6232,9632,1,"(10948,)",0.08,1,0.08,127.0,0.564,False,1761.92,1176.5427472677068,65.72974666011932,98.49074645927428,0.0,73.60900637686126,0.04177772337952986,0.43656960970448794,0,True,0.008355544675905973,completed,completed,100
6885->6886,6885,6886,1,"(12150,)",0.08,1,0.08,177.8,0.509,False,1761.92,867.7798395409777,226.07200029679456,81.80734103320705,0.0,232.6165875794511,0.1320244889549191,0.5201082274063501,0,True,0.026404897790983824,completed,completed,100
6886->6885,6886,6885,1,"(12153,)",0.08,1,0.08,177.8,0.509,False,1761.92,881.23707792457,229.607341601175,83.07598181010508,0.0,236.2534201459834,0.1340886193164181,0.5207324049533184,0,True,0.026817723863283623,completed,completed,100
6889->6890,6889,6890,1,"(12166,)",0.08,1,0.08,177.8,0.509,False,1761.92,1605.9084605649625,427.4496951689015,151.39220239438015,0.0,439.5610713604519,0.24947845041798258,0.5455634311205666,0,True,0.04989569008359652,completed,completed,100
6890->6889,6890,6889,1,"(12169,)",0.08,1,0.08,177.8,0.509,False,1761.92,1230.0133112967173,322.4090350439293,115.95581488256413,0.0,331.6855002345344,0.18825230443750818,0.5343568903609462,0,True,0.03765046088750164,completed,completed,100
6897->2835,6897,2835,1,"(12196,)",0.08,1,0.08,127.0,0.564,False,1761.92,2861.8507566985127,143.90603481994964,272.2400574372113,0.0,165.68523941492654,0.09403675502572564,0.4700150688124798,0,True,0.01880735100514513,completed,completed,100
6904->10592,6904,10592,1,"(12209,)",0.08,1,0.08,127.0,0.564,False,1761.92,3026.2180980788003,311.41010416068497,226.18818698783264,0.0,329.5051591197116,0.18701482423703208,0.49085621804789087,0,True,0.03740296484740642,completed,completed,100
6927->2809,6927,2809,1,"(12271,)",0.08,1,0.08,127.0,0.564,False,1761.92,2558.8153206584384,284.60648906562864,167.3465219710619,0.0,297.9942108233136,0.16913038663691518,0.48606613783214203,0,True,0.03382607732738304,completed,completed,100
7351->8414,7351,8414,1,"(13060,)",0.04,2,0.08,127.0,0.564,False,1761.92,1309.0140252299382,49.666915399478235,48.91972414287884,0.0,53.580493330908546,0.030410287261004212,0.42849273410315775,0,True,0.006082057452200843,completed,completed,100
7476->7477,7476,7477,1,"(13448,)",0.08,1,0.08,88.9,0.637,False,1761.92,2340.1206499033447,9.713949626479364,163.09704881566353,0.0,22.761713531732447,0.012918698653589519,0.3592927988090896,0,False,0.012918698653589519,completed,completed,100
7506->9633,7506,9633,1,"(13535,)",0.08,1,0.08,127.0,0.564,False,1761.92,1867.241977547022,148.91281441447785,139.56300037894314,0.0,160.0778544447933,0.09085421270250255,0.4643501288491864,0,True,0.01817084254050051,completed,completed,100
7519->8414,7519,8414,1,"(13574,)",0.04,2,0.08,127.0,0.564,False,1761.92,2457.7964189020117,94.08638977143205,91.85136331210948,0.0,101.4344988364008,0.057570433865556214,0.45396524249004155,0,True,0.011514086773111243,completed,completed,100
7525->4372,7525,4372,1,"(13592,)",0.08,1,0.08,127.0,0.564,False,1761.92,1277.160799843672,97.93812157160019,95.45864721117276,0.0,105.57481334849402,0.05992032177879473,0.448003307817979,0,True,0.011984064355758946,completed,completed,100
7526->4371,7526,4371,1,"(13596,)",0.08,1,0.08,127.0,0.564,False,1761.92,1783.6468326150475,90.03949852576807,155.53400380403212,0.0,102.48221883009063,0.05816508061097588,0.4507722312525002,0,True,0.011633016122195177,completed,completed,100
7572->4370,7572,4370,1,"(13745,)",0.08,1,0.08,127.0,0.564,False,1761.92,872.7600606931836,85.04425850911618,57.07850796933422,0.0,89.61053914666292,0.05085959586511471,0.4390597411184158,0,True,0.010171919173022943,completed,completed,100
7899->2834,7899,2834,1,"(14766,)",0.04,2,0.08,177.8,0.509,False,1761.92,1043.5098825528312,146.42065622740924,43.916858771437724,0.0,149.93400492912426,0.08509694249972999,0.5092048379545575,0,True,0.017019388499945998,completed,completed,100
8058->4373,8058,4373,1,"(15009,)",0.08,1,0.08,127.0,0.564,False,1761.92,1917.4238793501727,63.93906755356803,182.39930430472918,0.0,78.53101189794637,0.04457126992028376,0.44377924751941245,0,True,0.008914253984056753,completed,completed,100
8361->9223,8361,9223,1,"(15338,)",0.04,2,0.08,88.9,0.637,False,1761.92,4264.528709398312,52.57177443876615,116.10179411336904,0.0,61.85991796783567,0.035109379522246,0.39458816958070664,0,False,0.035109379522246,completed,completed,100
8380->8378,8380,8378,1,"(15379,)",0.08,1,0.08,177.8,0.509,False,1761.92,751.1797410147194,210.97550937812,63.227871915124666,0.0,216.03373913132998,0.12261268339727682,0.516360721162966,0,True,0.024522536679455365,completed,completed,100
8414->7351,8414,7351,1,"(15433,)",0.04,2,0.08,127.0,0.564,False,1761.92,3214.723787487809,125.34271971465112,120.138820400973,0.0,134.95382534672896,0.0765947519448834,0.4652587808432842,0,True,0.01531895038897668,completed,completed,100
8414->7519,8414,7519,1,"(15434,)",0.04,2,0.08,127.0,0.564,False,1761.92,2566.5660420877357,98.4288896827973,95.91623951573597,0.0,106.10218884405619,0.06021964041730395,0.4557542564258226,0,True,0.012043928083460791,completed,completed,100
8484->4972,8484,4972,1,"(15544,)",0.04,2,0.08,127.0,0.564,False,1761.92,4127.790353914569,212.9267956505381,134.97874457300642,0.0,223.72509521637863,0.12697800990758867,0.48283816886462827,0,True,0.025395601981517735,completed,completed,100
8522->8524,8522,8524,1,"(15615,)",0.08,1,0.08,127.0,0.564,False,1761.92,1559.2640426622895,121.20749602194168,116.54384958870143,0.0,130.5310039890378,0.0740845236951949,0.45639641302138384,0,True,0.014816904739038982,completed,completed,100
8524->8522,8524,8522,1,"(15619,)",0.08,1,0.08,127.0,0.564,False,1761.92,3376.5371286775576,397.73216713790936,252.37203224629977,0.0,417.92192971761335,0.23719688165047978,0.49905704410938445,0,True,0.047439376330095956,completed,completed,100
8527->6130,8527,6130,1,"(15620,)",0.08,1,0.08,127.0,0.564,False,1761.92,2834.1894694255548,140.22423889833465,269.60871461880913,0.0,161.79293606783938,0.0918276289887392,0.46921082508039647,0,True,0.01836552579774784,completed,completed,100
8559->8563,8559,8563,1,"(15657,)",0.08,1,0.08,63.5,0.637,False,1761.92,3431.5664237682704,68.57074341026383,166.0878149103843,0.0,81.85776860309457,0.04645941280142944,0.3834503849892612,0,False,0.04645941280142944,completed,completed,100
8563->8559,8563,8559,1,"(15659,)",0.08,1,0.08,63.5,0.637,False,1761.92,4202.639084832415,157.71815243335115,203.40773170588892,0.0,173.99077096982228,0.09875066459874585,0.4077570881185949,0,True,0.01975013291974917,completed,completed,100
8642->5518,8642,5518,1,"(15792,)",0.08,1,0.08,127.0,0.564,False,1761.92,2592.858045949403,249.86723324805146,187.1149420194107,0.0,264.8364286096043,0.15031126759989347,0.4827359091072655,0,True,0.030062253519978696,completed,completed,100
8714->5232,8714,5232,1,"(15840,)",0.08,1,0.08,127.0,0.564,False,1761.92,1084.6568954850227,82.72906416766517,81.07035538825198,0.0,89.21469259872534,0.05063492814584393,0.4412976925334295,0,True,0.010126985629168786,completed,completed,100
8720->8722,8720,8722,1,"(15850,)",0.08,1,0.08,127.0,0.564,False,1761.92,1197.8922340593417,66.97724888915138,100.27795469757564,0.0,74.99948526495743,0.042566907274426434,0.43731129905409166,0,True,0.008513381454885288,completed,completed,100
8722->8720,8722,8720,1,"(15853,)",0.08,1,0.08,127.0,0.564,False,1761.92,1012.7070543894282,56.29670003249911,84.77573293704782,0.0,63.078758667462935,0.03580114799052337,0.4304390982525822,0,True,0.007160229598104674,completed,completed,100
8811->8818,8811,8818,1,"(16112,)",0.08,1,0.08,177.8,0.509,False,1761.92,2092.3565666039003,581.272048962026,197.2506382468829,0.0,597.0521000217766,0.3388644774006632,0.557480325853857,0,True,0.06777289548013264,completed,completed,100
8818->8811,8818,8811,1,"(16117,)",0.08,1,0.08,177.8,0.509,False,1761.92,2061.699823866301,570.6494241480657,194.36056579552394,0.0,586.1982694117077,0.3327042484401719,0.5567781230026522,0,True,0.06654084968803438,completed,completed,100
9223->8361,9223,8361,1,"(17208,)",0.04,2,0.08,88.9,0.637,False,1761.92,3901.755097599836,46.56510468311865,106.22528253215556,0.0,55.063127285691095,0.03125177493058203,0.3902368318952585,0,False,0.03125177493058203,completed,completed,100
9326->9327,9326,9327,1,"(17304,)",0.08,1,0.08,127.0,0.564,False,1761.92,477.8913753440637,36.2442648399998,35.71896679714488,0.0,39.10178218377139,0.02219271146463596,0.40840986632244614,0,True,0.004438542292927192,completed,completed,100
9327->9326,9327,9326,1,"(17308,)",0.08,1,0.08,127.0,0.564,False,1761.92,857.0821565526816,65.13776825850846,64.06076918690901,0.0,70.26262979346117,0.0398784449881159,0.4317626920792225,0,True,0.00797568899762318,completed,completed,100
9330->4339,9330,4339,1,"(17317,)",0.08,1,0.08,127.0,0.564,False,1761.92,703.3620204002181,53.388158247128814,52.57128701048487,0.0,57.593861207967606,0.03268812500452212,0.4238247826464567,0,True,0.006537625000904424,completed,completed,100
9334->9335,9334,9335,1,"(17330,)",0.08,1,0.08,127.0,0.564,False,1761.92,1051.2273950869549,58.49503151623441,88.00034769751917,0.0,65.53505933203594,0.03719525252680936,0.4319575526451135,0,True,0.007439050505361872,completed,completed,100
9335->9334,9335,9334,1,"(17332,)",0.08,1,0.08,127.0,0.564,False,1761.92,1069.4606668089211,59.53936666391256,89.52669133990841,0.0,66.70150197110523,0.03785728181251432,0.4326585482914714,0,True,0.007571456362502864,completed,completed,100
9335->9336,9335,9336,1,"(17333,)",0.08,1,0.08,127.0,0.564,False,1761.92,1352.44296169406,76.17528151485571,113.21570520933317,0.0,85.23253793160237,0.04837480585475071,0.4423670169488239,0,True,0.009674961170950142,completed,completed,100
9336->9335,9336,9335,1,"(17335,)",0.08,1,0.08,127.0,0.564,False,1761.92,1002.7657471159669,55.73100296558936,83.94352622257183,0.0,62.44648506339511,0.035442293102635254,0.4300385534543001,0,True,0.007088458620527051,completed,completed,100
9339->4068,9339,4068,1,"(17345,)",0.08,1,0.08,127.0,0.564,False,1761.92,2215.639411227664,185.24083147105927,165.60321999347343,0.0,198.48908907053715,0.11265499515899538,0.47253592859125054,0,True,0.022530999031799077,completed,completed,100
9345->2492,9345,2492,1,"(17363,)",0.08,1,0.08,127.0,0.564,False,1761.92,1758.1223389063352,138.73344357367088,131.40708681654212,0.0,149.24601051899424,0.08470646256299619,0.4616363680614016,0,True,0.016941292512599238,completed,completed,100
9632->6232,9632,6232,1,"(17592,)",0.08,1,0.08,127.0,0.564,False,1761.92,2381.0242516028084,156.04550677804687,199.32030215017434,0.0,171.9911309500608,0.09761574359225209,0.4691079722537258,0,True,0.019523148718450418,completed,completed,100
9633->7506,9633,7506,1,"(17596,)",0.08,1,0.08,127.0,0.564,False,1761.92,2055.591107172501,167.71548782321892,153.6407524675218,0.0,180.00674802062068,0.10216510852968391,0.46884512532573974,0,True,0.020433021705936784,completed,completed,100
9916->4235,9916,4235,1,"(18200,)",0.08,1,0.08,127.0,0.564,False,1761.92,1566.5518327401933,121.83029365939845,117.08855984138131,0.0,131.19737844670897,0.07446273295422548,0.4565965880919708,0,True,0.014892546590845096,completed,completed,100
10296->12721,10296,12721,1,"(18884,)",0.09,1,0.09,127.0,0.564,False,1982.1599999999999,2327.5207199890633,223.35665049610074,195.71124225508038,0.0,239.01354987650717,0.12058236967576139,0.47853901321995657,0,True,0.024116473935152278,completed,completed,100
10354->9332,10354,9332,1,"(19153,)",0.09,1,0.09,127.0,0.564,False,1982.1599999999999,743.7923516594365,63.53068080271683,62.542311169534905,0.0,68.53406569627963,0.0345754458248979,0.4294931366171289,0,True,0.006915089164979581,completed,completed,100
10882->12587,10882,12587,1,"(21530,)",0.09,1,0.09,127.0,0.564,False,1982.1599999999999,1791.4575520602652,236.40863681061415,117.16132390474135,0.0,245.78154272299346,0.12399682302286066,0.4765082990062392,0,True,0.024799364604572133,completed,completed,100
12101->7003,12101,7003,1,"(25102,)",0.09,1,0.09,63.5,0.637,False,1982.1599999999999,5171.142539791071,449.86240445946487,316.7648002030768,0.0,475.203588475711,0.23974027751327392,0.43960790570220926,0,True,0.04794805550265479,completed,completed,100
12121->8472,12121,8472,1,"(25173,)",0.09,1,0.09,127.0,0.564,False,1982.1599999999999,925.1689146907747,118.8204485194636,60.50604702077667,0.0,123.66093228112572,0.062386957804176114,0.4491244452480976,0,True,0.012477391560835223,completed,completed,100
12238->7558,12238,7558,1,"(25522,)",0.09,1,0.09,88.9,0.637,False,1982.1599999999999,3787.4489620490954,278.429097598169,206.22659598357328,0.0,294.92722527685487,0.1487908268136048,0.4390854861566077,0,True,0.029758165362720964,completed,completed,100
12587->10882,12587,10882,1,"(26665,)",0.09,1,0.09,127.0,0.564,False,1982.1599999999999,3042.3387916257107,486.16652207480274,198.96895697232148,0.0,502.0840386325885,0.2533014684145521,0.503332225210195,0,True,0.05066029368291042,completed,completed,100
12913->12939,12913,12939,1,"(27785,)",0.09,1,0.09,127.0,0.564,False,1982.1599999999999,1595.512301429219,102.89948498991511,150.25896649939813,0.0,114.92020230986697,0.057977258298960214,0.4529125095832952,0,True,0.011595451659792044,completed,completed,100
12939->12913,12939,12913,1,"(27869,)",0.09,1,0.09,127.0,0.564,False,1982.1599999999999,2144.997633104003,149.67843057605745,202.00729709520257,0.0,165.83901434367365,0.0836658061628091,0.4669000126854408,0,True,0.01673316123256182,completed,completed,100
2468->4325,2468,4325,1,"(3342,)",0.09,1,0.09,127.0,0.564,False,1982.1599999999999,2902.776874059078,322.47665549171745,244.08206686731046,0.0,342.0032208411023,0.1725406732257246,0.4914994168716818,0,True,0.034508134645144926,completed,completed,100
2495->9327,2495,9327,1,"(3427,)",0.09,1,0.09,127.0,0.564,False,1982.1599999999999,3295.0163227124804,314.4720115916686,323.2411012580944,0.0,340.3312996923162,0.17169718876998638,0.4927363918247356,0,True,0.034339437753997275,completed,completed,100
2496->9328,2496,9328,1,"(3431,)",0.09,1,0.09,127.0,0.564,False,1982.1599999999999,3225.8317493682034,402.0534373594298,271.24636681116067,0.0,423.7531467043226,0.21378352237171702,0.4989679676686142,0,True,0.042756704474343404,completed,completed,100
2497->2507,2497,2507,1,"(3434,)",0.09,1,0.09,127.0,0.564,False,1982.1599999999999,3211.2143506989705,293.18054642977125,315.020127803569,0.0,318.38215665405676,0.1606238430066477,0.4904910636968894,0,True,0.03212476860132954,completed,completed,100
2497->9327,2497,9327,1,"(3435,)",0.09,1,0.09,127.0,0.564,False,1982.1599999999999,2697.524889227118,194.6304866712598,264.6271916331803,0.0,215.80066200191422,0.10887146446397578,0.4771403686020026,0,True,0.021774292892795158,completed,completed,100
2507->2497,2507,2497,1,"(3469,)",0.09,1,0.09,127.0,0.564,False,1982.1599999999999,3019.1373763761667,250.46941492501907,296.1773766225019,0.0,274.16360505481924,0.13831557747851803,0.4854141012568783,0,True,0.027663115495703605,completed,completed,100
2550->2551,2550,2551,1,"(3543,)",0.09,1,0.09,127.0,0.564,False,1982.1599999999999,913.8277363820545,48.80811385333244,89.64650093907954,0.0,55.97983392845881,0.028241834124621026,0.42584961501436114,0,True,0.0056483668249242055,completed,completed,100
2552->2551,2552,2551,1,"(3551,)",0.09,1,0.09,127.0,0.564,False,1982.1599999999999,2039.3761674386599,121.06667104387444,200.06280202573254,0.0,137.07169520593305,0.06915268959414632,0.4607558226182967,0,True,0.013830537918829265,completed,completed,100
2565->7131,2565,7131,1,"(3592,)",0.09,1,0.09,127.0,0.564,False,1982.1599999999999,918.5337911234022,78.59152323924252,77.23556992217637,0.0,84.77036883301663,0.04276666305092255,0.437993833821999,0,True,0.008553332610184509,completed,completed,100
2678->2769,2678,2769,1,"(3867,)",0.09,1,0.09,127.0,0.564,False,1982.1599999999999,2339.4528953734325,225.01704251014186,196.71456774525748,0.0,240.75420792976246,0.1214605319095141,0.4788083266434012,0,True,0.024292106381902823,completed,completed,100
2695->2767,2695,2767,1,"(3911,)",0.09,1,0.09,127.0,0.564,False,1982.1599999999999,2518.157923688826,251.5860577831385,211.74110769760617,0.0,268.525346398947,0.13547107519016985,0.4828246511271614,0,True,0.02709421503803397,completed,completed,100
2701->2766,2701,2766,1,"(3926,)",0.09,1,0.09,127.0,0.564,False,1982.1599999999999,1643.731661493804,144.5743395957679,138.21435085075044,0.0,155.63148766382793,0.0785161075109113,0.46213352603392777,0,True,0.01570322150218226,completed,completed,100
2758->4363,2758,4363,1,"(4098,)",0.09,1,0.09,127.0,0.564,False,1982.1599999999999,3258.9151836314372,411.51661879138976,274.02821101220917,0.0,433.4388756723665,0.21866997400430166,0.49974561344494145,0,True,0.043733994800860335,completed,completed,100
2761->2778,2761,2778,1,"(4107,)",0.09,1,0.09,127.0,0.564,False,1982.1599999999999,2738.760021973189,289.59496596463384,230.29059270477413,0.0,308.01821338101576,0.15539523216138745,0.48778150235608647,0,True,0.03107904643227749,completed,completed,100
2766->2701,2766,2701,1,"(4115,)",0.09,1,0.09,127.0,0.564,False,1982.1599999999999,2018.4356735915278,184.34839843459744,169.7216053537105,0.0,197.92612686289428,0.09985375896138268,0.47143654652116557,0,True,0.019970751792276538,completed,completed,100
2767->4416,2767,4416,1,"(4119,)",0.09,1,0.09,127.0,0.564,False,1982.1599999999999,1896.5178582100102,170.69117977046037,159.4700587632017,0.0,183.4487844715165,0.09254993767986262,0.4685242095819049,0,True,0.018509987535972525,completed,completed,100
2769->2678,2769,2678,1,"(4123,)",0.09,1,0.09,127.0,0.564,False,1982.1599999999999,2297.317558473559,219.21163688538803,193.1715878453624,0.0,234.66536391301702,0.11838870924295568,0.4778562848918383,0,True,0.023677741848591137,completed,completed,100
2769->4410,2769,4410,1,"(4124,)",0.09,1,0.09,127.0,0.564,False,1982.1599999999999,2713.045840728076,284.8228525481413,228.12839740750653,0.0,303.07312434074186,0.1529004340420258,0.4872018706342448,0,True,0.03058008680840516,completed,completed,100
2770->4487,2770,4487,1,"(4126,)",0.09,1,0.09,127.0,0.564,False,1982.1599999999999,1004.5770749524743,62.81327940283768,94.60705061072422,0.0,70.38184345169562,0.03550764996352243,0.4335414547336885,0,True,0.007101529992704487,completed,completed,100
2770->4682,2770,4682,1,"(4127,)",0.09,1,0.09,127.0,0.564,False,1982.1599999999999,1394.748561530837,120.89392347093627,117.27842904529295,0.0,130.27619779455972,0.06572436019017623,0.4551242703215865,0,True,0.013144872038035247,completed,completed,100
2772->4505,2772,4505,1,"(4131,)",0.09,1,0.09,127.0,0.564,False,1982.1599999999999,1803.9935135549758,160.82667585805868,151.69008315406555,0.0,172.96188251038393,0.08725929415909106,0.4662490246435128,0,True,0.017451858831818212,completed,completed,100
2787->4754,2787,4754,1,"(4163,)",0.09,1,0.09,127.0,0.564,False,1982.1599999999999,930.138053380801,58.068450174058334,87.59668131519032,0.0,65.07618467927357,0.03283094436335794,0.43042006237179453,0,True,0.006566188872671588,completed,completed,100
2804->6933,2804,6933,1,"(4212,)",0.09,1,0.09,127.0,0.564,False,1982.1599999999999,805.5325554397488,68.83783675543516,67.73378030454802,0.0,74.256539179799,0.03746243450569026,0.43269899454579375,0,True,0.007492486901138053,completed,completed,100
2805->6929,2805,6929,1,"(4215,)",0.09,1,0.09,127.0,0.564,False,1982.1599999999999,2166.474403190099,202.1435855756744,182.16954767395606,0.0,216.71714938959087,0.1093338324805217,0.474875801340919,0,True,0.02186676649610434,completed,completed,100
3990->10010,3990,10010,1,"(5919,)",0.09,1,0.09,63.5,0.637,False,1982.1599999999999,4002.762821980904,160.62442102488149,212.05988334180992,0.0,177.58921169222629,0.08959378238498723,0.4078275929995869,0,True,0.017918756476997446,completed,completed,100
4136->4260,4136,4260,1,"(6103,)",0.09,1,0.09,127.0,0.564,False,1982.1599999999999,3201.753624710413,395.33442517186745,269.2217405006499,0.0,416.87216441191947,0.2103120658331918,0.4984035584867288,0,True,0.04206241316663836,completed,completed,100
4182->4192,4182,4192,1,"(6132,)",0.09,1,0.09,127.0,0.564,False,1982.1599999999999,2457.3390601504225,242.16600478412295,206.6271101149341,0.0,258.69617359331767,0.1305122561212605,0.4814601428466081,0,True,0.026102451224252102,completed,completed,100
4192->4296,4192,4296,2,"(28022, 28026)",0.09,1,0.09,127.0,0.564,False,1982.1599999999999,5540.717599325867,295.59459272729094,232.94759849737179,0.0,314.2304006070807,0.15852928149447104,0.49605005433007,0,True,0.03170585629889421,completed,completed,100
4204->4199,4204,4199,1,"(6146,)",0.09,1,0.09,127.0,0.564,False,1982.1599999999999,2307.441855705954,220.5919616822072,194.0228966097892,0.0,236.11379341099033,0.11911944212928842,0.47808531456252074,0,True,0.023823888425857684,completed,completed,100
4226->4240,4226,4240,1,"(6164,)",0.09,1,0.09,127.0,0.564,False,1982.1599999999999,1536.0959720803808,134.1406754422159,129.16372702378746,0.0,144.4737736041189,0.07288703919164896,0.4592113108623658,0,True,0.014577407838329793,completed,completed,100
4260->4136,4260,4136,1,"(6267,)",0.09,1,0.09,127.0,0.564,False,1982.1599999999999,2149.697734217265,200.0515643426766,180.75886948004032,0.0,214.51227390107985,0.10822147248510709,0.47449022259639834,0,True,0.02164429449702142,completed,completed,100
4296->2695,4296,2695,1,"(6380,)",0.09,1,0.09,127.0,0.564,False,1982.1599999999999,2039.9228622343946,186.8429915747174,171.5283709587378,0.0,200.56526125141642,0.10118520263319633,0.4719414978137664,0,True,0.020237040526639268,completed,completed,100
4305->8758,4305,8758,1,"(6405,)",0.09,1,0.09,127.0,0.564,False,1982.1599999999999,4681.4091698666825,1216.0438405666087,393.6396339119328,0.0,1247.5350112795634,0.6293815894173848,0.5348965150927414,0,True,0.12587631788347695,completed,completed,100
4325->2468,4325,2468,1,"(6449,)",0.09,1,0.09,127.0,0.564,False,1982.1599999999999,2598.0802006986837,264.6226088631516,218.46142944732077,0.0,282.09952321893724,0.14231924931334367,0.48461751024718297,0,True,0.028463849862668734,completed,completed,100
4328->6929,4328,6929,1,"(6463,)",0.09,1,0.09,127.0,0.564,False,1982.1599999999999,1912.9054728855097,172.4808407402276,160.84802304863015,0.0,185.348682584118,0.09350843654604978,0.46892086113495324,0,True,0.018701687309209954,completed,completed,100
4335->4340,4335,4340,1,"(6485,)",0.09,1,0.09,127.0,0.564,False,1982.1599999999999,808.6825458752747,69.10896922191252,67.9986495003124,0.0,74.54886118193751,0.037609910997062554,0.43285608188941427,0,True,0.007521982199412511,completed,completed,100
4340->4335,4340,4335,1,"(6501,)",0.09,1,0.09,127.0,0.564,False,1982.1599999999999,1291.7152225464833,111.49387743747485,108.61479714155145,0.0,120.18306120879896,0.06063237135690306,0.45192355560837616,0,True,0.012126474271380612,completed,completed,100
4365->9236,4365,9236,1,"(6558,)",0.09,1,0.09,127.0,0.564,False,1982.1599999999999,890.5026462224143,55.55566167380146,83.86397721064209,0.0,62.26477985065283,0.031412590230179616,0.428660658197607,0,True,0.006282518046035923,completed,completed,100
4399->4456,4399,4456,1,"(6665,)",0.09,1,0.09,127.0,0.564,False,1982.1599999999999,3235.247185282478,404.7190963638635,272.0380704653238,0.0,426.4821420010894,0.21516030088443389,0.49918902982192837,0,True,0.04303206017688678,completed,completed,100
4402->4403,4402,4403,1,"(6676,)",0.09,1,0.09,127.0,0.564,False,1982.1599999999999,813.1316878612726,69.49198998886351,68.37275878216359,0.0,74.9618106914366,0.03781824408293811,0.4330769481627305,0,True,0.007563648816587622,completed,completed,100
4403->4402,4403,4402,1,"(6679,)",0.09,1,0.09,127.0,0.564,False,1982.1599999999999,2301.7791914935697,219.81880655163326,193.54674744473073,0.0,235.30254634721172,0.11871016787101532,0.4779572376909693,0,True,0.023742033574203066,completed,completed,100
4416->4467,4416,4467,1,"(6727,)",0.09,1,0.09,127.0,0.564,False,1982.1599999999999,2206.041668619708,207.16077367090404,185.49658944993718,0.0,222.000500826899,0.11199928402697008,0.4757817421103843,0,True,0.022399856805394018,completed,completed,100
4435->2761,4435,2761,1,"(6784,)",0.09,1,0.09,127.0,0.564,False,1982.1599999999999,2895.24205022241,320.8673587775927,243.44849582298724,0.0,340.3432384434317,0.1717032118716106,0.4913276973948858,0,True,0.034340642374322126,completed,completed,100
4456->4399,4456,4399,1,"(6854,)",0.09,1,0.09,127.0,0.564,False,1982.1599999999999,2603.0055705334703,265.45187630356315,218.8755826880001,0.0,282.96192291860314,0.1427543300836477,0.48472805504440475,0,True,0.028550866016729542,completed,completed,100
4467->2772,4467,2772,1,"(6884,)",0.09,1,0.09,127.0,0.564,False,1982.1599999999999,1653.216195023554,145.51060694139457,139.01186462726628,0.0,156.63155611157586,0.07902064218406984,0.4623843369659813,0,True,0.01580412843681397,completed,completed,100
4505->4512,4505,4512,1,"(6985,)",0.09,1,0.09,127.0,0.564,False,1982.1599999999999,1354.6738382009096,117.21536716506576,113.90871730929362,0.0,126.32806454980924,0.06373252641048616,0.45390406826145097,0,True,0.012746505282097233,completed,completed,100
4525->4530,4525,4530,1,"(7030,)",0.09,1,0.09,127.0,0.564,False,1982.1599999999999,3496.7471300613065,488.1745923215421,294.02648010772646,0.0,511.6967107301602,0.2581510628456634,0.5054089310803536,0,True,0.05163021256913269,completed,completed,100
4533->4542,4533,4542,1,"(7053,)",0.09,1,0.09,127.0,0.564,False,1982.1599999999999,919.4376039862732,78.66979227434845,77.31156767233149,0.0,84.85471768813497,0.04280921706024487,0.4380335981439898,0,True,0.008561843412048974,completed,completed,100
4542->7511,4542,7511,1,"(7081,)",0.09,1,0.09,127.0,0.564,False,1982.1599999999999,1691.0866816199314,94.85941649457094,165.89560346691528,0.0,108.13106477192416,0.05455213745203423,0.4517625433672272,0,True,0.010910427490406847,completed,completed,100
4556->9238,4556,9238,1,"(7130,)",0.09,1,0.09,127.0,0.564,False,1982.1599999999999,1595.9109806287,139.89690387012635,134.19331474257896,0.0,150.63236904953266,0.07599405146382364,0.46085307903791145,0,True,0.01519881029276473,completed,completed,100
4682->2770,4682,2770,1,"(7553,)",0.09,1,0.09,127.0,0.564,False,1982.1599999999999,1314.7344906395415,113.57810993096544,110.5503887414906,0.0,122.42214103028469,0.061761987443135116,0.4526571346645528,0,True,0.012352397488627024,completed,completed,100
4735->2872,4735,2872,1,"(7702,)",0.09,1,0.09,127.0,0.564,False,1982.1599999999999,1238.9202278943528,106.74429474536521,104.17549230551658,0.0,115.07833412980654,0.05805703582445743,0.4501968723561017,0,True,0.011611407164891487,completed,completed,100
5100->8620,5100,8620,1,"(8849,)",0.09,1,0.09,127.0,0.564,False,1982.1599999999999,2065.5885721789,141.9328107444326,194.52886937352008,0.0,157.4951202943142,0.07945631043624844,0.464972462436253,0,True,0.01589126208724969,completed,completed,100
6386->8043,6386,8043,1,"(11287,)",0.09,1,0.09,177.8,0.509,False,1982.1599999999999,1199.4499057943121,396.6155170022838,106.00738267410131,0.0,405.0961076162119,0.2043710435162711,0.5399763006832814,0,True,0.04087420870325423,completed,completed,100
6882->6883,6882,6883,1,"(12136,)",0.09,1,0.09,177.8,0.509,False,1982.1599999999999,826.1910736452274,242.05467813910187,87.62252050651823,0.0,249.06447977962333,0.12565306523167824,0.5215844183630133,0,True,0.02513061304633565,completed,completed,100
6883->6882,6883,6882,1,"(12140,)",0.09,1,0.09,177.8,0.509,False,1982.1599999999999,1010.1365632317262,296.55407473815035,107.13104335010394,0.0,305.12455820615867,0.15393538271691423,0.5297523008683318,0,True,0.03078707654338285,completed,completed,100
6929->2805,6929,2805,1,"(12274,)",0.09,1,0.09,127.0,0.564,False,1982.1599999999999,1755.0233118791919,155.7571816919255,147.57238876744177,0.0,167.56297279332082,0.08453554344418253,0.46501729198019026,0,True,0.016907108688836506,completed,completed,100
6929->4328,6929,4328,1,"(12275,)",0.09,1,0.09,127.0,0.564,False,1982.1599999999999,1776.223345127045,157.93982275842822,149.35500870596837,0.0,169.8882234549057,0.0857086327314171,0.46555307428514514,0,True,0.01714172654628342,completed,completed,100
6933->2804,6933,2804,1,"(12278,)",0.09,1,0.09,127.0,0.564,False,1982.1599999999999,628.1816580231256,53.621542652917356,52.82110341605882,0.0,57.84723092620206,0.02918393617377107,0.4227217008944093,0,True,0.005836787234754215,completed,completed,100
7003->12101,7003,12101,1,"(12342,)",0.09,1,0.09,63.5,0.637,False,1982.1599999999999,3672.5260954382943,81.27773771416213,224.96517663369204,0.0,99.2749518448575,0.050084227229314236,0.3898293381019198,0,False,0.050084227229314236,completed,completed,100
7131->2565,7131,2565,1,"(12709,)",0.09,1,0.09,127.0,0.564,False,1982.1599999999999,381.26453660981076,32.52607562354273,32.058900892647806,0.0,35.09078769495456,0.017703307349030632,0.40283796509929504,0,False,0.017703307349030632,completed,completed,100
7511->4542,7511,4542,1,"(13548,)",0.09,1,0.09,127.0,0.564,False,1982.1599999999999,1423.4266279182198,77.76594320826767,139.63815219877736,0.0,88.93699538416986,0.044868726734557184,0.44416757686430053,0,True,0.008973745346911437,completed,completed,100
7556->7078,7556,7078,1,"(13687,)",0.09,1,0.09,63.5,0.637,False,1982.1599999999999,2879.291195100932,35.018891797041995,256.544845483493,0.0,55.54247943572143,0.028021188721254305,0.37024299248863757,2,False,0.042031783081881456,completed,completed,100
7558->12238,7558,12238,1,"(13693,)",0.09,1,0.09,88.9,0.637,False,1982.1599999999999,2062.517643166099,95.22065616371518,112.30408567039409,0.0,104.2049830173467,0.05257142865225144,0.40189323391822535,0,False,0.05257142865225144,completed,completed,100
8037->8752,8037,8752,1,"(14984,)",0.09,1,0.09,127.0,0.564,False,1982.1599999999999,565.7113447039548,55.55166621888831,44.39702633236637,0.0,59.103428325477616,0.02981768793915608,0.4222059180655075,0,True,0.0059635375878312165,completed,completed,100
8040->8754,8040,8754,1,"(14988,)",0.09,1,0.09,177.8,0.509,False,1982.1599999999999,179.345151498197,58.913171010187924,15.850524489410649,0.0,60.18121296934078,0.030361430444232947,0.46336453867320293,0,True,0.0060722860888465895,completed,completed,100
8075->8074,8075,8074,1,"(15029,)",0.09,1,0.09,127.0,0.564,False,1982.1599999999999,1250.9797086764804,123.91524615593049,98.1768875369302,0.0,131.7693971588849,0.0664776794804077,0.45427339411146095,0,True,0.01329553589608154,completed,completed,100
8101->8105,8101,8105,1,"(15058,)",0.09,1,0.09,127.0,0.564,False,1982.1599999999999,1106.1967303942786,109.18951255722327,86.814319401343,0.0,116.1346581093307,0.05858995142134374,0.4492302713170923,0,True,0.011717990284268748,completed,completed,100
8472->12121,8472,12121,1,"(15515,)",0.09,1,0.09,127.0,0.564,False,1982.1599999999999,679.9381030441266,87.19488737156723,44.467951939085886,0.0,90.7523235266941,0.04578456003889399,0.4367114422817569,0,True,0.009156912007778798,completed,completed,100
8620->5100,8620,5100,1,"(15752,)",0.09,1,0.09,127.0,0.564,False,1982.1599999999999,3528.7676252181514,416.29593396618424,332.3252198725446,0.0,442.8819515559878,0.22343400712151787,0.5012483014231773,0,True,0.04468680142430358,completed,completed,100
8720->7958,8720,7958,1,"(15849,)",0.09,1,0.09,127.0,0.564,False,1982.1599999999999,646.6687053021559,63.51861381493519,50.7505599921132,0.0,67.57865861430425,0.03409344281708048,0.4275608019416365,0,True,0.006818688563416097,completed,completed,100
8758->4305,8758,4305,1,"(15942,)",0.09,1,0.09,127.0,0.564,False,1982.1599999999999,3536.2817056018816,502.5271108735642,297.3507731310382,0.0,526.3151727240472,0.265526078986584,0.5063624477112848,0,True,0.0531052157973168,completed,completed,100
8758->8044,8758,8044,1,"(15943,)",0.09,1,0.09,152.4,0.509,False,1982.1599999999999,1652.3961562016996,320.70109892965127,146.0387722851062,0.0,332.38420071245974,0.1676878762120413,0.5207018047743206,0,True,0.03353757524240826,completed,completed,100
9233->9234,9233,9234,1,"(17245,)",0.09,1,0.09,127.0,0.564,False,1982.1599999999999,872.9879102546548,54.447879329421305,82.21450943614238,0.0,61.02504008431269,0.03078714134293533,0.427859368951645,0,True,0.006157428268587066,completed,completed,100
9234->9233,9234,9233,1,"(17249,)",0.09,1,0.09,127.0,0.564,False,1982.1599999999999,540.3302432120809,33.6037822018244,50.886140984740926,0.0,37.67467348060367,0.01900687809289042,0.40867502090455377,0,True,0.003801375618578084,completed,completed,100
9234->9235,9234,9235,1,"(17250,)",0.09,1,0.09,127.0,0.564,False,1982.1599999999999,1077.7750964050128,67.51849805701627,101.50054747903849,0.0,75.63854185533935,0.03815965505072212,0.4364077790429084,0,True,0.007631931010144425,completed,completed,100
9235->9234,9235,9234,1,"(17252,)",0.09,1,0.09,127.0,0.564,False,1982.1599999999999,1161.225591943093,72.94237884147861,109.35958134683273,0.0,81.69114534922524,0.04121319436837856,0.43946687755752495,0,True,0.008242638873675712,completed,completed,100
9237->4365,9237,4365,1,"(17257,)",0.09,1,0.09,127.0,0.564,False,1982.1599999999999,1110.1779215484744,95.31447084143632,93.35010351763316,0.0,102.78247912284696,0.05185377523653337,0.44569215863516115,0,True,0.010370755047306675,completed,completed,100
9238->4556,9238,4556,1,"(17260,)",0.09,1,0.09,127.0,0.564,False,1982.1599999999999,821.3664356873433,70.20111349871902,69.06518343508147,0.0,75.72632817352554,0.03820394326064775,0.43348266612869546,0,True,0.007640788652129551,completed,completed,100
9327->2495,9327,2495,1,"(17306,)",0.09,1,0.09,127.0,0.564,False,1982.1599999999999,2060.2866260914525,122.84036804506137,202.1141180195715,0.0,139.00949748662708,0.07013031111849048,0.46127893566803363,0,True,0.014026062223698097,completed,completed,100
9327->2497,9327,2497,1,"(17307,)",0.09,1,0.09,127.0,0.564,False,1982.1599999999999,3406.5487980512835,345.6291306448597,334.1824370888309,0.0,372.3637256119662,0.18785755217135156,0.4957505053304684,0,True,0.03757151043427032,completed,completed,100
9328->2496,9328,2496,1,"(17310,)",0.09,1,0.09,127.0,0.564,False,1982.1599999999999,2552.3542857071116,257.06913280669545,214.61653322388656,0.0,274.2384554646064,0.13835333952082898,0.4835916333362853,0,True,0.027670667904165797,completed,completed,100
9337->9338,9337,9338,1,"(17339,)",0.09,1,0.09,127.0,0.564,False,1982.1599999999999,1392.4524649103203,88.43978627640922,131.1356033353943,0.0,98.93063454324077,0.049910519102010324,0.44704225456773433,0,True,0.009982103820402065,completed,completed,100
9338->9337,9338,9337,1,"(17342,)",0.09,1,0.09,127.0,0.564,False,1982.1599999999999,808.3201721087624,50.36980322248752,76.12436052851481,0.0,56.45975206476871,0.028483952892182626,0.424761489514606,0,True,0.005696790578436525,completed,completed,100
9919->2484,9919,2484,1,"(18212,)",0.09,1,0.09,127.0,0.564,False,1982.1599999999999,649.8396810094687,55.47560721611517,54.6422337488819,0.0,59.84698591602572,0.030192812848622578,0.42407842038712773,0,True,0.006038562569724516,completed,completed,100
10019->12603,10019,12603,1,"(18402,)",0.1,1,0.1,88.9,0.637,False,2202.4,2224.0933873414565,105.75591692645419,138.40215421799124,0.0,116.82808926389349,0.053045808783097295,0.4060644835378609,0,True,0.01060916175661946,completed,completed,100
10020->5086,10020,5086,1,"(18403,)",0.1,1,0.1,88.9,0.637,False,2202.4,2224.0929199982356,126.43690111229726,130.92092918259885,0.0,136.91057544690517,0.062164264187661265,0.4107161904116723,0,True,0.012432852837532253,completed,completed,100
10296->2370,10296,2370,1,"(18882,)",0.1,1,0.1,127.0,0.564,False,2202.4,1258.185792376619,88.16040815008736,131.6565613142894,0.0,98.69293305523051,0.04481153880095828,0.44586720867989044,0,True,0.008962307760191655,completed,completed,100
10353->2788,10353,2788,1,"(19147,)",0.05,2,0.1,127.0,0.564,False,2202.4,3629.945973405749,179.97448679463076,169.57033332909714,0.0,193.54011346095854,0.0878769131224839,0.47717391833525824,0,True,0.01757538262449678,completed,completed,100
10356->2701,10356,2701,1,"(19157,)",0.1,1,0.1,127.0,0.564,False,2202.4,1708.9050466588465,167.85466989837585,159.66055721641223,0.0,180.62751447568883,0.08201394591159136,0.46693354568515627,0,True,0.016402789182318273,completed,completed,100
10358->7866,10358,7866,1,"(19169,)",0.1,1,0.1,127.0,0.564,False,2202.4,1770.0126073885745,174.77614756197806,165.3697493188754,0.0,188.0057275074881,0.08536402447670183,0.4684933370448191,0,True,0.017072804895340365,completed,completed,100
10362->4525,10362,4525,1,"(19181,)",0.1,1,0.1,127.0,0.564,False,2202.4,2802.254430608492,335.3411297709133,261.81062823113626,0.0,356.2859800294042,0.16177169452842544,0.4923211449264734,0,True,0.032354338905685086,completed,completed,100
10419->12701,10419,12701,1,"(19449,)",0.1,1,0.1,63.5,0.637,False,2202.4,3904.6343155619124,157.0422282678922,340.17174157175384,0.0,184.2559675936325,0.08366144551109359,0.4086403336306902,2,False,0.1254921682666404,completed,completed,100
10438->5164,10438,5164,1,"(19529,)",0.1,1,0.1,88.9,0.637,False,2202.4,2383.9986158683296,77.87991649313553,162.2609057925382,0.0,90.86078895653858,0.04125535277721512,0.399462740137641,0,False,0.04125535277721512,completed,completed,100
10459->5117,10459,5117,1,"(19616,)",0.05,2,0.1,88.9,0.637,False,2202.4,2881.9452544965598,70.70146381734399,87.17884394852094,0.0,77.67577133322567,0.03526869384908539,0.39695045243778837,0,False,0.03526869384908539,completed,completed,100
10537->12278,10537,12278,1,"(19943,)",0.1,1,0.1,127.0,0.564,False,2202.4,1715.6138251398872,250.4033731302678,124.66793796016516,0.0,260.376808167081,0.11822412285101751,0.47773528700417084,0,True,0.023644824570203504,completed,completed,100
10627->7587,10627,7587,1,"(20369,)",0.1,1,0.1,127.0,0.564,False,2202.4,5571.676768057441,2695.140658274561,520.5538009013667,0.0,2736.78496234667,1.2426375600920223,0.5600021113713437,0,True,0.24852751201840448,completed,completed,100
10693->12162,10693,12162,1,"(20677,)",0.1,1,0.1,63.5,0.637,False,2202.4,3772.717605006222,106.27608058757168,234.77082696295867,0.0,125.05774674460838,0.05678248580848546,0.3968861656602299,0,False,0.05678248580848546,completed,completed,100
10819->8546,10819,8546,1,"(21240,)",0.1,1,0.1,63.5,0.637,False,2202.4,3219.3888311906194,96.35406130809434,184.52181248245185,0.0,111.11580630669049,0.05045214598015369,0.39169308677354203,1,False,0.06306518247519212,completed,completed,100
10906->7483,10906,7483,1,"(21634,)",0.1,1,0.1,127.0,0.564,False,2202.4,3043.207521832638,213.7633644558882,361.86503986882644,0.0,242.7125676453943,0.1102036721964195,0.4819130806380869,0,True,0.0220407344392839,completed,completed,100
11791->12555,11791,12555,1,"(24369,)",0.1,1,0.1,63.5,0.637,False,2202.4,4117.679313367389,218.00435788269397,236.00804064510984,0.0,236.88500113430274,0.10755766488117632,0.416610200779135,0,True,0.021511532976235266,completed,completed,100
12104->12339,12104,12339,1,"(25114,)",0.1,1,0.1,127.0,0.564,False,2202.4,1851.388945598319,233.92967008963862,151.35104630266258,0.0,246.03775379385164,0.11171347338987088,0.47689754440847437,0,True,0.022342694677974177,completed,completed,100
12146->12149,12146,12149,1,"(25254,)",0.05,2,0.1,63.5,0.637,False,2202.4,9623.015682251598,362.12099898149756,291.0962243881109,0.0,385.40869693254643,0.1749948678407857,0.4402022056167766,0,True,0.03499897356815714,completed,completed,100
12223->7788,12223,7788,1,"(25474,)",0.05,2,0.1,63.5,0.637,False,2202.4,6473.730029693161,69.01354924549145,195.83033339821813,0.0,84.6799759173489,0.038448953830979335,0.3913592268799762,0,False,0.038448953830979335,completed,completed,100
12247->10795,12247,10795,1,"(25554,)",0.1,1,0.1,63.5,0.637,False,2202.4,4450.2764897632815,314.6142228252292,403.86259144601786,0.0,346.9232301409106,0.15752053675123076,0.4286944529651946,0,True,0.031504107350246155,completed,completed,100
12278->10537,12278,10537,1,"(25668,)",0.1,1,0.1,127.0,0.564,False,2202.4,1522.9665347504,220.2334107498966,110.66890152519574,0.0,229.08692287191224,0.10401694645473675,0.4726687128733072,0,True,0.02080338929094735,completed,completed,100
12336->2745,12336,2745,1,"(25849,)",0.1,1,0.1,127.0,0.564,False,2202.4,3179.4296894342096,518.8760264191412,259.9183771112467,0.0,539.6694965880409,0.24503700353616098,0.5059422509584095,0,True,0.049007400707232196,completed,completed,100
12339->12104,12339,12104,1,"(25861,)",0.1,1,0.1,127.0,0.564,False,2202.4,1012.3792815139368,123.50539355257398,82.76200626376435,0.0,130.12635405367513,0.05908388760155972,0.4516001105939162,0,True,0.011816777520311945,completed,completed,100
12457->7480,12457,7480,1,"(26219,)",0.1,1,0.1,127.0,0.564,False,2202.4,2617.092108055456,229.8556271867898,273.85251818692296,0.0,251.76382864174363,0.11431339840253524,0.4813468481467613,0,True,0.02286267968050705,completed,completed,100
12555->11791,12555,11791,1,"(26545,)",0.1,1,0.1,63.5,0.637,False,2202.4,4435.115132087046,291.1785175498334,254.2021252022523,0.0,311.51468756601355,0.14144328349346783,0.4254848459258955,0,True,0.028288656698693567,completed,completed,100
12584->2877,12584,2877,1,"(26652,)",0.1,1,0.1,127.0,0.564,False,2202.4,2073.9833141590757,311.08299097605374,150.7094541622262,0.0,323.1397473090318,0.14672164334772603,0.4861635378445376,0,True,0.029344328669545207,completed,completed,100
12701->10419,12701,10419,1,"(27059,)",0.1,1,0.1,63.5,0.637,False,2202.4,3110.8544383808426,50.409578562025224,271.01763867173906,0.0,72.09098965576435,0.03273292301841824,0.3786738407673016,0,False,0.03273292301841824,completed,completed,100
12721->2595,12721,2595,1,"(27125,)",0.05,2,0.1,127.0,0.564,False,2202.4,2094.172791255686,99.75242695038948,97.82778610580135,0.0,107.57864983885358,0.048846099636239364,0.4539421698988541,0,True,0.009769219927247873,completed,completed,100
12898->2757,12898,2757,1,"(27734,)",0.1,1,0.1,63.5,0.637,False,2202.4,3306.0655879496776,104.03770953171423,189.48975922511573,0.0,119.19689026972348,0.054121363180949636,0.39403981518255005,0,False,0.054121363180949636,completed,completed,100
12939->12952,12939,12952,1,"(27870,)",0.1,1,0.1,127.0,0.564,False,2202.4,1935.6664329875694,194.43250548194598,180.8465495962672,0.0,208.90022944964736,0.09485117573994159,0.4725674650686981,0,True,0.018970235147988318,completed,completed,100
12952->12939,12952,12939,1,"(27914,)",0.1,1,0.1,127.0,0.564,False,2202.4,1429.9563809882516,137.94641676018995,133.59878188090235,0.0,148.63431931066214,0.06748743157948699,0.45926467852641184,0,True,0.013497486315897398,completed,completed,100
2370->10296,2370,10296,1,"(3059,)",0.1,1,0.1,127.0,0.564,False,2202.4,1630.599577089423,117.23126877490576,170.62593974663724,0.0,130.88134395463675,0.059426690862076255,0.45696245132273666,0,True,0.011885338172415251,completed,completed,100
2406->10293,2406,10293,1,"(3160,)",0.1,1,0.1,127.0,0.564,False,2202.4,691.4287795426324,47.81827545266581,72.35110749134105,0.0,53.606364051973095,0.02433997641299178,0.42155529548103426,0,True,0.004867995282598356,completed,completed,100
2467->4399,2467,4399,1,"(3339,)",0.1,1,0.1,127.0,0.564,False,2202.4,3238.3802861853983,450.67883700435794,302.5572438807501,0.0,474.88341651481795,0.21562087564239826,0.5023699192060137,0,True,0.04312417512847966,completed,completed,100
2491->4524,2491,4524,1,"(3415,)",0.1,1,0.1,127.0,0.564,False,2202.4,1957.5124250219392,197.13610467609905,182.88758942347832,0.0,211.76711182997732,0.09615288404920873,0.47309073374062216,0,True,0.01923057680984175,completed,completed,100
2492->9329,2492,9329,1,"(3417,)",0.1,1,0.1,127.0,0.564,False,2202.4,953.6762342923425,90.70926249101178,89.10060817531314,0.0,97.83731114503684,0.04442304356385617,0.44259403324745766,0,True,0.008884608712771235,completed,completed,100
2496->2500,2496,2500,1,"(3430,)",0.1,1,0.1,127.0,0.564,False,2202.4,2321.6691218439787,247.27462729640794,216.91022938370887,0.0,264.62744564710465,0.12015412533922296,0.4815086827652578,0,True,0.024030825067844593,completed,completed,100
2500->2496,2500,2496,1,"(3443,)",0.1,1,0.1,127.0,0.564,False,2202.4,2858.953721530664,348.06184182976006,267.1079619830078,0.0,369.4304787884007,0.16773995586106097,0.4936073529112205,0,True,0.033547991172212195,completed,completed,100
2562->7032,2562,7032,1,"(3584,)",0.1,1,0.1,127.0,0.564,False,2202.4,1814.2652945000166,179.89192621171642,169.504214657573,0.0,193.45226338432226,0.08783702478401846,0.46960212571152027,0,True,0.017567404956803694,completed,completed,100
2568->2569,2568,2569,1,"(3600,)",0.1,1,0.1,127.0,0.564,False,2202.4,608.1900536299785,83.74455727431172,45.45786229417211,0.0,87.38118625784548,0.03967543872949759,0.43439107752019057,0,True,0.007935087745899518,completed,completed,100
2595->12721,2595,12721,1,"(3689,)",0.05,2,0.1,127.0,0.564,False,2202.4,1353.1194424530963,64.18256902951893,63.21000824030893,0.0,69.23936968874365,0.03143814460985454,0.43630909920731015,0,True,0.006287628921970909,completed,completed,100
2701->10356,2701,10356,1,"(3927,)",0.1,1,0.1,127.0,0.564,False,2202.4,1911.0784511899994,191.42293903886858,178.54932958260855,0.0,205.70688540547727,0.09340123747070345,0.4719750263247311,0,True,0.01868024749414069,completed,completed,100
2745->12336,2745,12336,1,"(4057,)",0.1,1,0.1,127.0,0.564,False,2202.4,2629.163253554663,370.8004850058259,214.9340959780937,0.0,387.9952126840734,0.1761692756466007,0.4941395399850088,0,True,0.03523385512932014,completed,completed,100
2761->2760,2761,2760,1,"(4106,)",0.1,1,0.1,127.0,0.564,False,2202.4,634.1718641819526,60.1491712422019,59.24977131071386,0.0,64.88915294705902,0.029462928145232027,0.42616585672677726,0,True,0.005892585629046406,completed,completed,100
2799->4307,2799,4307,1,"(4195,)",0.1,1,0.1,127.0,0.564,False,2202.4,1768.3327966555412,129.0491282018924,185.03834384203583,0.0,143.85219570925526,0.06531610775029752,0.46061884470947034,0,True,0.013063221550059505,completed,completed,100
2813->6916,2813,6916,1,"(4242,)",0.1,1,0.1,127.0,0.564,False,2202.4,1721.6065913087712,169.2804088422647,160.8472443879909,0.0,182.14818839330397,0.08270440809721392,0.4672606729877154,0,True,0.016540881619442786,completed,completed,100
2817->2818,2817,2818,1,"(4256,)",0.05,2,0.1,127.0,0.564,False,2202.4,5906.2030395271795,450.49754433182346,241.4160492406735,0.0,469.81082827107736,0.21331766630542923,0.5086034206168488,0,True,0.04266353326108585,completed,completed,100
2818->2817,2818,2817,1,"(4258,)",0.05,2,0.1,127.0,0.564,False,2202.4,3756.610661426113,237.8649841518522,153.5514607857924,0.0,250.1491010147156,0.11358023111819633,0.48509698490660813,0,True,0.022716046223639267,completed,completed,100
4065->4298,4065,4298,1,"(6027,)",0.05,2,0.1,127.0,0.564,False,2202.4,3079.8661157676224,222.8409497459765,111.90180220622364,0.0,231.79309392247438,0.10524568376429094,0.48068869164478645,0,True,0.02104913675285819,completed,completed,100
4151->4283,4151,4283,1,"(6121,)",0.1,1,0.1,127.0,0.564,False,2202.4,1864.3695440455922,185.7985178011056,174.18538311511676,0.0,199.73334845031494,0.09068895225677212,0.47083863115874874,0,True,0.018137790451354423,completed,completed,100
4240->2758,4240,2758,1,"(6208,)",0.1,1,0.1,127.0,0.564,False,2202.4,3072.2925207742956,401.66848048327705,287.0399012266271,0.0,424.6316725814072,0.1928040649207261,0.4984975165676519,0,True,0.038560812984145224,completed,completed,100
4270->4138,4270,4138,1,"(6299,)",0.1,1,0.1,127.0,0.564,False,2202.4,1662.054578019948,162.65082924997253,155.28338486072084,0.0,175.0735000388302,0.07949214495043143,0.4657126999820712,0,True,0.015898428990086286,completed,completed,100
4283->4151,4283,4151,1,"(6337,)",0.1,1,0.1,127.0,0.564,False,2202.4,2442.0930085792493,266.52029950607226,228.1612610872613,0.0,284.7732003930532,0.12930130784283198,0.4842205496034387,0,True,0.025860261568566398,completed,completed,100
4298->4065,4298,4065,1,"(6384,)",0.05,2,0.1,127.0,0.564,False,2202.4,2197.158791677576,157.09495547493543,79.83010276428527,0.0,163.48136369607826,0.07422873397024984,0.46674118406963994,0,True,0.01484574679404997,completed,completed,100
4302->2789,4302,2789,1,"(6395,)",0.05,2,0.1,127.0,0.564,False,2202.4,3344.925360224543,163.79961844847236,156.2557989704894,0.0,176.3000823661115,0.08004907481207386,0.4735398501502702,0,True,0.016009814962414774,completed,completed,100
4307->2799,4307,2799,1,"(6411,)",0.1,1,0.1,127.0,0.564,False,2202.4,1190.060246820896,83.14879838766313,124.52790422733858,0.0,93.11103072585023,0.04227707533865339,0.4435576991984153,0,True,0.008455415067730678,completed,completed,100
4327->4328,4327,4328,1,"(6458,)",0.1,1,0.1,127.0,0.564,False,2202.4,1672.9501394745141,163.85352122104058,156.3013416023332,0.0,176.35762854922723,0.08007520366383365,0.4659986806460036,0,True,0.01601504073276673,completed,completed,100
4328->4327,4328,4327,1,"(6461,)",0.1,1,0.1,127.0,0.564,False,2202.4,1215.2271438562698,116.25068919193752,113.53693601171436,0.0,125.33364407287468,0.05690775702546071,0.45248888419132327,0,True,0.011381551405092144,completed,completed,100
4378->7561,4378,7561,1,"(6596,)",0.1,1,0.1,127.0,0.564,False,2202.4,3294.611052839285,273.16311556841276,391.75920519216226,0.0,304.50385198378575,0.13826001270604146,0.48945739530802074,0,True,0.027652002541208295,completed,completed,100
4399->2467,4399,2467,1,"(6663,)",0.1,1,0.1,127.0,0.564,False,2202.4,2155.5962013223148,223.09417001893695,201.39427366639913,0.0,239.2057119122489,0.1086113839049441,0.47772640691099405,0,True,0.02172227678098882,completed,completed,100
4417->4470,4417,4470,1,"(6730,)",0.1,1,0.1,127.0,0.564,False,2202.4,1113.8728651916647,106.26658190330053,104.06755054790696,0.0,114.5919859471331,0.052030505787837404,0.44891373911165655,0,True,0.01040610115756748,completed,completed,100
4422->5849,4422,5849,1,"(6742,)",0.1,1,0.1,127.0,0.564,False,2202.4,2027.8548506357338,153.77262429020314,212.1947315705232,0.0,170.748202815845,0.07752824319644251,0.4671451776850547,0,True,0.015505648639288503,completed,completed,100
4422->8779,4422,8779,1,"(6743,)",0.1,1,0.1,127.0,0.564,False,2202.4,2056.4023052995035,156.73720858015687,215.18193722654007,0.0,173.95176355828008,0.07898282035882677,0.4678437632071466,0,True,0.015796564071765353,completed,completed,100
4470->2773,4470,2773,1,"(6893,)",0.1,1,0.1,127.0,0.564,False,2202.4,830.3152309725833,78.85781774996886,77.5751658651528,0.0,85.06383101918108,0.03862324328876729,0.4369951671527857,0,True,0.007724648657753458,completed,completed,100
4470->4417,4470,4417,1,"(6894,)",0.1,1,0.1,127.0,0.564,False,2202.4,1575.5261156370107,153.24878567504922,147.19915423237214,0.0,165.024718013639,0.07492949419435116,0.463393206178839,0,True,0.014985898838870233,completed,completed,100
4485->4343,4485,4343,1,"(6929,)",0.05,2,0.1,127.0,0.564,False,2202.4,2598.0499270395308,124.61644742369491,121.3660465917038,0.0,134.32573115103122,0.06099061530649801,0.4628006504337722,0,True,0.012198123061299602,completed,completed,100
4524->2491,4524,2491,1,"(7025,)",0.1,1,0.1,127.0,0.564,False,2202.4,1477.6584236273548,142.89792546269845,138.0555155788986,0.0,153.94236670901034,0.06989755117554047,0.46065253788642235,0,True,0.013979510235108095,completed,completed,100
4690->2793,4690,2793,1,"(7576,)",0.05,2,0.1,127.0,0.564,False,2202.4,3238.377246939016,157.96102131239863,151.2784799641512,0.0,170.06329970953072,0.07721726285394602,0.47212856266356196,0,True,0.015443452570789204,completed,completed,100
5167->8828,5167,8828,1,"(9013,)",0.05,2,0.1,127.0,0.564,False,2202.4,3829.309861745443,191.85855154500277,178.88347497010855,0.0,206.16922954261145,0.09361116488494889,0.479615786816041,0,True,0.01872223297698978,completed,completed,100
5554->8768,5554,8768,1,"(9862,)",0.1,1,0.1,127.0,0.564,False,2202.4,3918.792672057506,640.2760722455456,410.06246520409746,0.0,673.0810694618734,0.30561254516067626,0.5147398222194002,0,True,0.06112250903213526,completed,completed,100
5580->8759,5580,8759,1,"(9894,)",0.05,2,0.1,127.0,0.564,False,2202.4,3414.2856002745584,167.65737571858898,159.49591304139724,0.0,180.41704876190076,0.08191838392748854,0.47444203603315804,0,True,0.01638367678549771,completed,completed,100
5797->8772,5797,8772,1,"(10250,)",0.1,1,0.1,127.0,0.564,False,2202.4,2346.144706868542,251.06000893063145,219.19694832743238,0.0,268.5957647968261,0.1219559411536624,0.48206127585338965,0,True,0.024391188230732483,completed,completed,100
5805->8787,5805,8787,1,"(10277,)",0.05,2,0.1,127.0,0.564,False,2202.4,4010.977144631854,203.17628360620992,187.36993232780236,0.0,218.16587819243412,0.09905824472958323,0.48178487440388396,0,True,0.019811648945916648,completed,completed,100
5849->4422,5849,4422,1,"(10370,)",0.1,1,0.1,127.0,0.564,False,2202.4,2458.4147895313017,205.7100137713945,257.2485235765554,0.0,226.28989565751894,0.10274695589244412,0.4775253204601072,0,True,0.020549391178488825,completed,completed,100
6214->8801,6214,8801,1,"(10938,)",0.05,2,0.1,127.0,0.564,False,2202.4,3804.8784927817237,190.37365541397736,177.74218101994626,0.0,204.59302989557307,0.09289549123482249,0.4793202811536477,0,True,0.0185790982469645,completed,completed,100
6215->8751,6215,8751,1,"(10939,)",0.05,2,0.1,127.0,0.564,False,2202.4,3636.960527330606,180.38400898414406,169.8980132053012,0.0,193.97585004056816,0.08807475937185259,0.4772610902949398,0,True,0.01761495187437052,completed,completed,100
6238->9010,6238,9010,1,"(10965,)",0.1,1,0.1,152.4,0.509,False,2202.4,459.87690501118317,89.74469706874979,48.385620077248056,0.0,93.61554667492963,0.04250615086947404,0.4695472698496773,0,True,0.008501230173894809,completed,completed,100
6739->9084,6739,9084,1,"(11955,)",0.1,1,0.1,63.5,0.637,False,2202.4,3269.3921927520078,114.1564370437552,182.58297937984293,0.0,128.76307539414265,0.058464890752879875,0.3961817160964061,0,False,0.058464890752879875,completed,completed,100
6896->6897,6896,6897,1,"(12194,)",0.1,1,0.1,127.0,0.564,False,2202.4,3080.492327659682,221.59537259914094,366.2985422344422,0.0,250.89925597789633,0.11392083907459877,0.48302237176736984,0,True,0.022784167814919754,completed,completed,100
6897->6896,6897,6896,1,"(12198,)",0.1,1,0.1,127.0,0.564,False,2202.4,2909.442925930337,188.13503300858673,345.9592133742619,0.0,215.81177007852767,0.09798936164117675,0.47796612907676134,0,True,0.01959787232823535,completed,completed,100
6916->2813,6916,2813,1,"(12248,)",0.1,1,0.1,127.0,0.564,False,2202.4,1964.4493242971007,198.00059467863156,183.53569401290056,0.0,212.6834501996636,0.09656894760246258,0.4732563056730303,0,True,0.01931378952049252,completed,completed,100
7032->2562,7032,2562,1,"(12438,)",0.1,1,0.1,127.0,0.564,False,2202.4,1661.8483204225627,162.62810448546253,155.26411450805085,0.0,175.0492336461066,0.0794811267917302,0.46570727383200083,0,True,0.01589622535834604,completed,completed,100
7338->7351,7338,7351,1,"(13012,)",0.1,1,0.1,127.0,0.564,False,2202.4,2496.0247994589577,275.67764038311736,233.20003126373695,0.0,294.3336428842163,0.13364222797140224,0.485431263716756,0,True,0.026728445594280448,completed,completed,100
7338->7518,7338,7518,1,"(13013,)",0.1,1,0.1,127.0,0.564,False,2202.4,3081.5128491531477,404.2100763119811,287.9013433351655,0.0,427.2421837787943,0.19398936786178456,0.4987109070989692,0,True,0.038797873572356915,completed,completed,100
7351->7338,7351,7338,1,"(13059,)",0.1,1,0.1,127.0,0.564,False,2202.4,4045.13452038396,820.5272838525468,377.93113947587284,0.0,850.7617750106167,0.3862884921043483,0.5220008400313438,0,True,0.07725769842086966,completed,completed,100
7480->12457,7480,12457,1,"(13462,)",0.1,1,0.1,127.0,0.564,False,2202.4,2231.4069834095394,176.24210394931393,233.4944267439742,0.0,194.92165808883186,0.08850420363641112,0.4720798545413895,0,True,0.017700840727282226,completed,completed,100
7483->10906,7483,10906,1,"(13472,)",0.1,1,0.1,127.0,0.564,False,2202.4,2069.515029400452,90.21166760103675,246.0841507687083,0.0,109.89839966253342,0.049899382338600355,0.45443793028196755,0,True,0.009979876467720071,completed,completed,100
7518->7338,7518,7338,1,"(13569,)",0.1,1,0.1,127.0,0.564,False,2202.4,1772.8715841826988,175.10393616875498,165.63685943649787,0.0,188.3548849236748,0.08552255944591118,0.468565475465699,0,True,0.017104511889182238,completed,completed,100
7561->4378,7561,4378,1,"(13702,)",0.1,1,0.1,127.0,0.564,False,2202.4,2079.1381183414214,90.91350371862691,247.22842352641632,0.0,110.69177760074022,0.05025961569230849,0.4546991890531637,0,True,0.010051923138461698,completed,completed,100
7788->12223,7788,12223,1,"(14439,)",0.05,2,0.1,63.5,0.637,False,2202.4,7380.289183421513,114.012250807298,223.2537477985008,0.0,131.87255063117806,0.05987674837957594,0.40575687761782564,0,True,0.011975349675915188,completed,completed,100
7866->10358,7866,10358,1,"(14685,)",0.1,1,0.1,127.0,0.564,False,2202.4,4897.26326031921,1601.0283935557163,457.54431032125194,0.0,1637.6319383814164,0.7435669898208392,0.5434242676743477,0,True,0.14871339796416785,completed,completed,100
8170->7754,8170,7754,1,"(15111,)",0.1,1,0.1,63.5,0.637,False,2202.4,3445.4971514865524,70.01528245658264,250.14309319792375,0.0,90.02672991241654,0.04087664816219422,0.3862737581516429,1,False,0.05109581020274277,completed,completed,100
8295->8622,8295,8622,1,"(15249,)",0.1,1,0.1,127.0,0.564,False,2202.4,2085.4028848464695,159.80691037230386,218.21655787033458,0.0,177.26423500193061,0.08048684843894416,0.468550769028175,0,True,0.016097369687788833,completed,completed,100
8513->12319,8513,12319,1,"(15596,)",0.1,1,0.1,127.0,0.564,False,2202.4,816.0801292951248,120.03507604648667,57.699070763136405,0.0,124.65100170753757,0.05659780317269232,0.4479919418752959,0,True,0.011319560634538465,completed,completed,100
8541->12457,8541,12457,1,"(15636,)",0.1,1,0.1,107.95,0.564,False,2202.4,3628.7254564943755,216.59320472913032,431.4884451904221,0.0,251.11228034436408,0.1140175628152761,0.4721326025305374,0,True,0.022803512563055222,completed,completed,100
8546->10819,8546,10819,1,"(15642,)",0.1,1,0.1,63.5,0.637,False,2202.4,3526.874434417274,126.88025595308494,202.14559258317956,0.0,143.0519033597393,0.0649527349072554,0.4000956532868762,1,False,0.08119091863406924,completed,completed,100
8620->3311,8620,3311,1,"(15751,)",0.1,1,0.1,127.0,0.564,False,2202.4,1224.5108480375645,117.17209823735914,114.40429923093818,0.0,126.32444217583419,0.05735762903007364,0.452802696767333,0,True,0.011471525806014729,completed,completed,100
8622->8295,8622,8295,1,"(15759,)",0.1,1,0.1,127.0,0.564,False,2202.4,1708.2392945490094,123.80081613936548,178.75015978160837,0.0,138.10082892189416,0.06270469892930174,0.45904459737528636,0,True,0.012540939785860348,completed,completed,100
8723->8726,8723,8726,1,"(15856,)",0.1,1,0.1,127.0,0.564,False,2202.4,2589.088513156751,225.3501825819658,270.92222201672246,0.0,247.0239603433036,0.11216126059902996,0.4806700743200018,0,True,0.022432252119805995,completed,completed,100
8726->8723,8726,8723,1,"(15857,)",0.1,1,0.1,127.0,0.564,False,2202.4,3098.5542273992455,328.23976604001,324.2327143550571,0.0,354.17838318841456,0.1608147399148268,0.49324174844658897,0,True,0.032162947982965366,completed,completed,100
8743->8018,8743,8018,1,"(15896,)",0.05,2,0.1,127.0,0.564,False,2202.4,2521.320923636258,75.73264732777717,137.41199033817608,0.0,86.72560655483126,0.039377772681997485,0.44966165793062296,0,True,0.007875554536399498,completed,completed,100
8751->6215,8751,6215,1,"(15919,)",0.05,2,0.1,127.0,0.564,False,2202.4,6631.149642351096,475.9638771657075,309.76941900697267,0.0,500.7454306862653,0.22736352646488617,0.5117464127309101,0,True,0.045472705292977235,completed,completed,100
8751->8994,8751,8994,1,"(15922,)",0.1,1,0.1,127.0,0.564,False,2202.4,1481.1702889259907,143.2647328725484,138.3836241367997,0.0,154.33542280349238,0.07007601834521085,0.46075328751179323,0,True,0.014015203669042171,completed,completed,100
8759->5580,8759,5580,1,"(15947,)",0.05,2,0.1,127.0,0.564,False,2202.4,3791.1045476928457,189.5401651690257,177.0987410136515,0.0,203.70806445011783,0.09249367256180431,0.4791532481757795,0,True,0.01849873451236086,completed,completed,100
8766->8767,8766,8767,1,"(15958,)",0.1,1,0.1,127.0,0.564,False,2202.4,1753.7786335706621,172.92176792615084,163.85303233645902,0.0,186.03001051306757,0.08446694992420431,0.46808234031685464,0,True,0.016893389984840863,completed,completed,100
8767->8766,8767,8766,1,"(15962,)",0.1,1,0.1,127.0,0.564,False,2202.4,1575.0433509630725,153.19702947744824,147.15405021854994,0.0,164.96935349493225,0.07490435592759365,0.46338000882950714,0,True,0.01498087118551873,completed,completed,100
8768->5554,8768,5554,1,"(15965,)",0.1,1,0.1,127.0,0.564,False,2202.4,3914.750634343665,638.0946270029374,409.6395063777211,0.0,670.865787513155,0.30460669611022295,0.5146312770273516,0,True,0.060921339222044596,completed,completed,100
8770->5798,8770,5798,1,"(15974,)",0.1,1,0.1,127.0,0.564,False,2202.4,1486.4158723885275,143.81322689241907,138.87371150601388,0.0,154.92312381290017,0.07034286406324926,0.46090342292553466,0,True,0.014068572812649852,completed,completed,100
8772->5797,8772,5797,1,"(15980,)",0.1,1,0.1,127.0,0.564,False,2202.4,2686.9392505676924,311.1955957708031,251.03689569589582,0.0,331.27854742647474,0.1504170665757695,0.489718390885143,0,True,0.030083413315153903,completed,completed,100
8779->4422,8779,4422,1,"(16007,)",0.1,1,0.1,127.0,0.564,False,2202.4,1624.5473326373115,116.7283309067532,169.99263288716827,0.0,130.32774153772667,0.05917532761429652,0.4567975984187756,0,True,0.011835065522859305,completed,completed,100
8800->8801,8800,8801,1,"(16081,)",0.1,1,0.1,127.0,0.564,False,2202.4,3201.8452036219537,355.72579982285214,335.0410821070013,0.0,382.52908639141225,0.1736873803084872,0.49586902387131576,0,True,0.03473747606169744,completed,completed,100
8801->8800,8801,8800,1,"(16086,)",0.1,1,0.1,127.0,0.564,False,2202.4,3805.6665769445585,582.1056751664943,398.2249506114786,0.0,613.9636712154125,0.2787702829710373,0.5117075456225201,0,True,0.05575405659420746,completed,completed,100
8828->5167,8828,5167,1,"(16122,)",0.05,2,0.1,127.0,0.564,False,2202.4,5063.104087921326,281.90801631551716,236.51929096432482,0.0,300.82955959266314,0.13659169977872462,0.4937834086896004,0,True,0.027318339955744925,completed,completed,100
8872->10604,8872,10604,1,"(16198,)",0.1,1,0.1,127.0,0.564,False,2202.4,3840.3475712644586,701.1196014267528,358.7981873724223,0.0,729.8234564165465,0.3313764331713342,0.5169082931387114,0,True,0.06627528663426684,completed,completed,100
8970->12502,8970,12502,1,"(16495,)",0.1,1,0.1,88.9,0.637,False,2202.4,5534.79908791352,809.9210289808336,430.52830048127316,0.0,844.3632930193355,0.38338326054274224,0.4742456858566747,0,True,0.07667665210854846,completed,completed,100
8994->8751,8994,8751,1,"(16577,)",0.1,1,0.1,127.0,0.564,False,2202.4,2413.057958923774,261.7333635090885,225.44855787659262,0.0,279.7692481392159,0.12702926268580453,0.4835680578340089,0,True,0.025405852537160906,completed,completed,100
8999->9000,8999,9000,1,"(16597,)",0.1,1,0.1,127.0,0.564,False,2202.4,2202.7707851306704,172.88057685447728,230.4979349560734,0.0,191.32041165096317,0.08686905723345585,0.4713907435217175,0,True,0.01737381144669117,completed,completed,100
9000->8999,9000,8999,1,"(16598,)",0.1,1,0.1,127.0,0.564,False,2202.4,3078.4997762692983,323.2055690266336,322.1342165888194,0.0,348.9763063537392,0.1584527362666814,0.49273486684878903,0,True,0.03169054725333628,completed,completed,100
9010->6238,9010,6238,1,"(16632,)",0.1,1,0.1,152.4,0.509,False,2202.4,1129.1546125341247,221.84657180602284,118.80319601876896,0.0,231.35082748752436,0.10504487263327476,0.5058819485791975,0,True,0.021008974526654955,completed,completed,100
9329->2492,9329,2492,1,"(17313,)",0.1,1,0.1,127.0,0.564,False,2202.4,1781.6759645756272,176.1156968188078,166.45944011892288,0.0,189.43245202832165,0.08601182892677155,0.46878718226521354,0,True,0.01720236578535431,completed,completed,100
9914->2479,9914,2479,1,"(18195,)",0.05,2,0.1,127.0,0.564,False,2202.4,969.256389216407,58.92580046324336,39.61835490922064,0.0,62.09526885598101,0.0281943647184803,0.4295042932247693,0,True,0.00563887294369606,completed,completed,100
9918->9917,9918,9917,1,"(18210,)",0.1,1,0.1,127.0,0.564,False,2202.4,653.9823356711128,62.0337205884068,61.100635361272545,0.0,66.9217714173086,0.03038583882006384,0.4273987450921144,0,True,0.0060771677640127685,completed,completed,100
9919->9920,9919,9920,1,"(18214,)",0.1,1,0.1,127.0,0.564,False,2202.4,367.57871213356674,34.842377625909684,34.342353962193236,0.0,37.589765942885144,0.01706763800530564,0.4044193199467871,0,True,0.0034135276010611284,completed,completed,100
10331->9629,10331,9629,1,"(19039,)",0.11,1,0.11,127.0,0.564,False,2422.64,2398.0211728004856,285.22129504018267,246.44806167323847,0.0,304.93713997404177,0.12586977015736625,0.48603733444996056,0,True,0.025173954031473253,completed,completed,100
10338->5839,10338,5839,1,"(19071,)",0.11,1,0.11,127.0,0.564,False,2422.64,3242.620921328698,497.22681002777335,333.2487844005522,0.0,523.8867127798176,0.21624620776500744,0.5052810910852371,0,True,0.04324924155300149,completed,completed,100
10833->4468,10833,4468,1,"(21304,)",0.11,1,0.11,63.5,0.637,False,2422.64,3312.2436350208845,67.74865048352578,283.4097607422513,0.0,90.42143134290589,0.03732351126989809,0.38597174253254435,0,False,0.03732351126989809,completed,completed,100
12147->9033,12147,9033,1,"(25255,)",0.11,1,0.11,63.5,0.637,False,2422.64,2778.6186704969045,72.7997593238261,175.1845950204338,0.0,86.8145269254608,0.03583467907962421,0.38286729785815343,0,False,0.03583467907962421,completed,completed,100
12323->8442,12323,8442,1,"(25799,)",0.11,1,0.11,88.9,0.637,False,2422.64,5473.881472622233,1025.0075338109268,409.8226635033858,0.0,1057.7933468911976,0.4366283669431685,0.4807789702713198,0,True,0.0873256733886337,completed,completed,100
12710->2227,12710,2227,1,"(27088,)",0.11,1,0.11,63.5,0.637,False,2422.64,3469.2793832675056,74.72978056858368,259.74061082600906,0.0,95.5090294346644,0.03942353359750702,0.388077350120969,1,False,0.049279416996883776,completed,completed,100
2787->9337,2787,9337,1,"(4165,)",0.11,1,0.11,127.0,0.564,False,2422.64,3142.6141000093176,557.6038712373536,282.59957294333793,0.0,580.2118370728206,0.2394956894432605,0.5079525196433354,0,True,0.047899137888652105,completed,completed,100
3993->3994,3993,3994,1,"(5929,)",0.11,1,0.11,44.45,0.742,False,2422.64,4673.374468291389,133.51440083538594,221.05061235018272,0.0,151.19844982340055,0.06241061396798557,0.35533967865267607,2,False,0.09361592095197835,completed,completed,100
4138->9340,4138,9340,1,"(6108,)",0.11,1,0.11,127.0,0.564,False,2422.64,942.4108988696743,98.58546676818808,96.85291437812053,0.0,106.33369991843773,0.04389166360599913,0.4449021397970704,0,True,0.008778332721199827,completed,completed,100
4151->4154,4151,4154,1,"(6119,)",0.11,1,0.11,127.0,0.564,False,2422.64,1997.3924432279885,222.36143992112508,205.2748748083164,0.0,238.7834299057904,0.09856331518747746,0.47684374148266395,0,True,0.019712663037495495,completed,completed,100
4154->4151,4154,4151,1,"(6122,)",0.11,1,0.11,127.0,0.564,False,2422.64,1981.2240098386458,220.11365178218486,203.61322181113172,0.0,236.4027095270754,0.09758061846872643,0.47646024070309834,0,True,0.019516123693745287,completed,completed,100
4313->4312,4313,4312,1,"(6425,)",0.11,1,0.11,127.0,0.564,False,2422.64,1001.4117712393956,76.52425894468772,115.26650051673943,0.0,85.74557898602687,0.03539344639980636,0.4392688822775704,0,True,0.007078689279961272,completed,completed,100
4314->4315,4314,4315,1,"(6427,)",0.11,1,0.11,127.0,0.564,False,2422.64,772.6201553749644,80.67535022534626,79.4032771109642,0.0,87.0276123942234,0.03592263497433519,0.43687780868496584,0,True,0.007184526994867039,completed,completed,100
4468->10833,4468,10833,1,"(6889,)",0.11,1,0.11,63.5,0.637,False,2422.64,3810.9621939716326,136.60370543491192,326.08225801132994,0.0,162.6902860758183,0.06715413188745266,0.4047175634014397,1,False,0.08394266485931583,completed,completed,100
4527->4528,4527,4528,1,"(7034,)",0.11,1,0.11,127.0,0.564,False,2422.64,726.4906451414213,87.2502530191991,69.68498268196514,0.0,92.82505163375632,0.03831566045048225,0.4380927221721837,0,True,0.007663132090096451,completed,completed,100
5076->9628,5076,9628,1,"(8765,)",0.11,1,0.11,127.0,0.564,False,2422.64,1492.6596640326254,158.91375285405917,153.40276604358155,0.0,171.18597413754568,0.07066092120065123,0.4638815452084608,0,True,0.014132184240130248,completed,completed,100
5855->9021,5855,9021,1,"(10379,)",0.11,1,0.11,127.0,0.564,False,2422.64,3408.6787181618947,461.4182313626395,392.3525551753068,0.0,492.80643577666405,0.2034171134698775,0.5040212900651119,0,True,0.040683422693975506,completed,completed,100
6733->7761,6733,7761,1,"(11931,)",0.11,1,0.11,63.5,0.637,False,2422.64,2899.840748759706,52.240461993098094,192.98440182995844,0.0,67.67921413949477,0.02793614162215384,0.3760680704475199,2,False,0.04190421243323076,completed,completed,100
6806->6831,6806,6831,1,"(12056,)",0.11,1,0.11,228.6,0.463,False,2422.64,295.6505793896035,344.38882089437726,37.42302798116545,0.0,347.3826631328705,0.14339012941785428,0.5701712730448649,0,True,0.028678025883570858,completed,completed,100
6906->2830,6906,2830,1,"(12214,)",0.11,1,0.11,177.8,0.509,False,2422.64,1277.7908053683116,497.30453184285545,147.88603156701967,0.0,509.135414368217,0.2101572723839353,0.5474071972961952,0,True,0.042031454476787064,completed,completed,100
7436->10104,7436,10104,1,"(13340,)",0.11,1,0.11,127.0,0.564,False,2422.64,2893.0407664709865,391.59889844087587,297.32193248560395,0.0,415.3846530397242,0.17145950411110367,0.49719308413848423,0,True,0.034291900822220736,completed,completed,100
7461->7462,7461,7462,1,"(13397,)",0.11,1,0.11,127.0,0.564,False,2422.64,2952.899912313596,407.54089368127825,303.47374241691443,0.0,431.8187930746314,0.17824307081309293,0.49856044873896077,0,True,0.03564861416261859,completed,completed,100
7462->7461,7462,7461,1,"(13400,)",0.11,1,0.11,127.0,0.564,False,2422.64,4036.075735994839,896.2756246792981,414.7932692106696,0.0,929.4590862161516,0.38365546932938926,0.5245884273785391,0,True,0.07673109386587786,completed,completed,100
7769->8172,7769,8172,1,"(14372,)",0.11,1,0.11,63.5,0.637,False,2422.64,3674.2728321921068,106.21431737266903,293.4274283788617,0.0,129.68851164297797,0.05353189563574364,0.3976643022898165,0,False,0.05353189563574364,completed,completed,100
8032->8749,8032,8749,1,"(14980,)",0.11,1,0.11,127.0,0.564,False,2422.64,1395.2563643052472,169.75371647523076,133.83299046415934,0.0,180.4603557123635,0.07448913404895631,0.46469696664728194,0,True,0.014897826809791263,completed,completed,100
8442->12323,8442,12323,1,"(15469,)",0.11,1,0.11,88.9,0.637,False,2422.64,4797.645625565264,589.7006339816143,359.19373092903936,0.0,618.4361324559375,0.2552736405144543,0.46349658231068647,0,True,0.051054728102890856,completed,completed,100
8746->8028,8746,8028,1,"(15904,)",0.11,1,0.11,127.0,0.564,False,2422.64,639.259393253493,76.7421117295234,61.317761000875066,0.0,81.64753260959341,0.03370188414687837,0.43295087478631644,0,True,0.006740376829375675,completed,completed,100
9021->5855,9021,5855,1,"(16674,)",0.11,1,0.11,127.0,0.564,False,2422.64,2455.004128185382,225.74861480197453,282.5807951706502,0.0,248.35507841562654,0.10251423175363511,0.48024873232614407,0,True,0.020502846350727022,completed,completed,100
9337->2787,9337,2787,1,"(17337,)",0.11,1,0.11,127.0,0.564,False,2422.64,2645.827314431805,411.9158200538847,237.9260212502801,0.0,430.9499017539071,0.17788441607251063,0.4973043183629997,0,True,0.03557688321450213,completed,completed,100
9628->5076,9628,5076,1,"(17579,)",0.11,1,0.11,127.0,0.564,False,2422.64,1925.9685891696001,212.5654718056075,197.93454329265865,0.0,228.4002352690202,0.09427741441940206,0.4751384920381925,0,True,0.018855482883880413,completed,completed,100
9629->10331,9629,10331,1,"(17583,)",0.11,1,0.11,127.0,0.564,False,2422.64,1801.6961188937312,196.2725385480536,185.1628839903072,0.0,211.08556926727817,0.08713039051087994,0.47209204645702507,0,True,0.017426078102175988,completed,completed,100
10007->10010,10007,10010,1,"(18378,)",0.12,1,0.12,63.5,0.637,False,2642.88,4122.732933560907,240.84151704720426,291.2209404095889,0.0,264.1391922799714,0.09994369486316873,0.41982959080656834,0,True,0.019988738972633747,completed,completed,100
10010->10007,10010,10007,1,"(18387,)",0.12,1,0.12,63.5,0.637,False,2642.88,4001.2613299931245,213.85042657884372,282.6404489748657,0.0,236.461662496833,0.08947120659917703,0.416244939585347,0,True,0.017894241319835406,completed,completed,100
10104->10105,10104,10105,1,"(18570,)",0.12,1,0.12,127.0,0.564,False,2642.88,2893.0407664709865,427.1987982991372,324.3511990752043,0.0,453.1468942251535,0.1714595041111036,0.4997589990332802,0,True,0.03429190082222072,completed,completed,100
10105->10104,10105,10104,1,"(18572,)",0.12,1,0.12,127.0,0.564,False,2642.88,2260.236113356718,285.64296791177554,253.40475739462175,0.0,305.9153485033453,0.11575075240016394,0.48548680351230616,0,True,0.02315015048003279,completed,completed,100
10299->12732,10299,12732,1,"(18900,)",0.06,2,0.12,127.0,0.564,False,2642.88,2455.2079571377913,211.14668614944233,107.04706693120771,0.0,219.71045150393894,0.0831329653650332,0.47664285777528953,0,True,0.01662659307300664,completed,completed,100
10327->8939,10327,8939,1,"(19018,)",0.12,1,0.12,127.0,0.564,False,2642.88,1081.5425333666294,165.87521069972277,102.88419153771282,0.0,174.1059460227398,0.06587735577201378,0.4608688133816266,0,True,0.013175471154402757,completed,completed,100
10338->8988,10338,8988,1,"(19074,)",0.06,2,0.12,127.0,0.564,False,2642.88,3399.8141276965835,200.21831316501073,190.5838662440199,0.0,215.46502246453232,0.08152660070246562,0.47961647904135307,0,True,0.016305320140493126,completed,completed,100
10355->2874,10355,2874,1,"(19156,)",0.06,2,0.12,127.0,0.564,False,2642.88,2077.7552920119047,118.74574426241989,116.4730252264959,0.0,128.06358628053957,0.04845607302659961,0.4589648203101945,0,True,0.009691214605319923,completed,completed,100
10358->2844,10358,2844,1,"(19167,)",0.06,2,0.12,127.0,0.564,False,2642.88,5305.492558686294,365.3383607634102,297.410754289786,0.0,389.1312211065931,0.14723756701272592,0.5018781952704416,0,True,0.029447513402545186,completed,completed,100
10374->7462,10374,7462,1,"(19231,)",0.12,1,0.12,127.0,0.564,False,2642.88,2494.3623051364534,473.7870813776448,217.50839300789875,0.0,491.18775281827675,0.1858532180115165,0.5005205840349691,0,True,0.0371706436023033,completed,completed,100
10535->12270,10535,12270,1,"(19935,)",0.12,1,0.12,88.9,0.637,False,2642.88,3770.3793911470916,179.62142729962991,339.8021923000703,0.0,206.80560268363553,0.0782500918254463,0.4285873952674151,0,True,0.015650018365089263,completed,completed,100
10547->8486,10547,8486,1,"(19990,)",0.12,1,0.12,127.0,0.564,False,2642.88,3553.5229768763506,710.8131285974135,384.6627354831117,0.0,741.5861474360624,0.2805977371034865,0.5165341578928954,0,True,0.0561195474206973,completed,completed,100
10552->5120,10552,5120,1,"(20009,)",0.12,1,0.12,127.0,0.564,False,2642.88,2161.6758243823933,201.81403935140395,271.4373099160484,0.0,223.5290241446878,0.08457781819253533,0.475762248843532,0,True,0.016915563638507068,completed,completed,100
10559->5528,10559,5528,1,"(20043,)",0.12,1,0.12,127.0,0.564,False,2642.88,3713.1032917947855,646.4760492764945,466.2469541440877,0.0,683.7758056080214,0.2587237428895831,0.5146174153942303,0,True,0.051744748577916624,completed,completed,100
10590->9635,10590,9635,1,"(20196,)",0.12,1,0.12,177.8,0.509,False,2642.88,1358.1341941108813,578.0245436514101,171.4741429650281,0.0,591.7424750886123,0.22390062170382774,0.5525076214727708,0,True,0.04478012434076555,completed,completed,100
10616->4379,10616,4379,1,"(20321,)",0.06,2,0.12,127.0,0.564,False,2642.88,3287.184878245154,122.23477046966977,214.98189103723308,0.0,139.43332175264842,0.05275809789042576,0.46645990600146886,0,True,0.010551619578085153,completed,completed,100
11109->7079,11109,7079,1,"(22542,)",0.12,1,0.12,44.45,0.742,False,2642.88,4053.038688088725,67.69964864983102,198.12959649983196,0.0,83.55001636981757,0.031613246295638685,0.33641224220121135,2,False,0.047419869443458024,completed,completed,100
12324->12325,12324,12325,1,"(25805,)",0.12,1,0.12,88.9,0.637,False,2642.88,3849.484251124511,196.01648166933768,346.9314496116904,0.0,223.77099763827292,0.0846693749388065,0.43113335280702536,0,True,0.0169338749877613,completed,completed,100
12325->12324,12325,12324,1,"(25809,)",0.12,1,0.12,88.9,0.637,False,2642.88,3477.7449954299423,129.30588578267424,313.42876965709297,0.0,154.38018735524167,0.0584136197463531,0.4191136205278966,0,True,0.01168272394927062,completed,completed,100
12334->12333,12334,12333,1,"(25843,)",0.12,1,0.12,127.0,0.564,False,2642.88,1745.2473390798932,262.51343671874577,171.20876396373754,0.0,276.21013783584476,0.104511040166729,0.4796602452170969,0,True,0.020902208033345804,completed,completed,100
12459->7480,12459,7480,1,"(26225,)",0.12,1,0.12,127.0,0.564,False,2642.88,3661.6648776033817,619.3913192648529,459.7879353509015,0.0,656.174354092925,0.24828004074832188,0.5132493080198499,0,True,0.04965600814966438,completed,completed,100
12498->8958,12498,8958,1,"(26355,)",0.12,1,0.12,88.9,0.637,False,2642.88,4494.067043825115,345.29498013955447,419.48905806219005,0.0,378.8541047845297,0.14334896203555578,0.44832982046615766,0,True,0.028669792407111157,completed,completed,100
12587->4518,12587,4518,1,"(26663,)",0.12,1,0.12,127.0,0.564,False,2642.88,1176.0546322284467,134.8514726998159,131.8525250532693,0.0,145.39967470407746,0.055015617320528155,0.45648912341868725,0,True,0.011003123464105632,completed,completed,100
12599->7493,12599,7493,1,"(26704,)",0.12,1,0.12,127.0,0.564,False,2642.88,1536.5175468932853,131.45777621260126,192.93743532829606,0.0,146.89277103886494,0.055580567804389504,0.45970175179655726,0,True,0.011116113560877902,completed,completed,100
12614->12599,12614,12599,1,"(26757,)",0.12,1,0.12,127.0,0.564,False,2642.88,1634.5911628061008,141.0763936975805,205.25234313123647,0.0,157.49658114807943,0.05959278557788451,0.46242264243391906,0,True,0.011918557115576904,completed,completed,100
12732->10299,12732,10299,1,"(27162,)",0.06,2,0.12,127.0,0.564,False,2642.88,2869.7651545949157,248.1888957243595,125.12176074033833,0.0,258.19863658358656,0.09769593647217677,0.48309439413263183,0,True,0.019539187294435354,completed,completed,100
2040->7167,2040,7167,1,"(2215,)",0.12,1,0.12,127.0,0.564,False,2642.88,4285.564588547532,1331.8844958324648,420.41388613651293,0.0,1365.5176067233858,0.5166778691137645,0.5366023869729423,0,True,0.1033355738227529,completed,completed,100
2050->2051,2050,2051,1,"(2239,)",0.12,1,0.12,127.0,0.564,False,2642.88,3405.592804361476,460.46342410288463,445.45153881048105,0.0,496.0995472077231,0.18771171873400347,0.5042078771445342,0,True,0.037542343746800697,completed,completed,100
2050->8324,2050,8324,1,"(2242,)",0.12,1,0.12,127.0,0.564,False,2642.88,3227.3620786292563,536.6469620182875,361.8333941868915,0.0,565.5936335532388,0.21400655101754099,0.5074896373284431,0,True,0.0428013102035082,completed,completed,100
2051->2050,2051,2050,1,"(2243,)",0.12,1,0.12,127.0,0.564,False,2642.88,4609.0351477984905,1321.3517296894192,602.8617973320427,0.0,1369.5806734759826,0.51821523242674,0.5374833115674134,0,True,0.103643046485348,completed,completed,100
2484->2485,2484,2485,1,"(3387,)",0.12,1,0.12,127.0,0.564,False,2642.88,959.6521877416337,109.54292809545309,107.59071956280488,0.0,118.15018566047749,0.04470508901670809,0.44818663125450503,0,True,0.008941017803341618,completed,completed,100
2485->2484,2485,2484,1,"(3391,)",0.12,1,0.12,127.0,0.564,False,2642.88,652.2894452879955,74.24717304279386,73.13096523743127,0.0,80.09765026178836,0.030306956903752104,0.4326109799992733,0,True,0.006061391380750421,completed,completed,100
2494->9329,2494,9329,1,"(3424,)",0.06,2,0.12,127.0,0.564,False,2642.88,2284.7029022129063,130.87071721958,128.07391697547777,0.0,141.11663057761822,0.053395020045411905,0.46284718150251786,0,True,0.010679004009082381,completed,completed,100
2507->4555,2507,4555,1,"(3472,)",0.12,1,0.12,127.0,0.564,False,2642.88,2970.147034187246,321.0647535842371,388.4952320716918,0.0,352.14437214997247,0.13324266412019178,0.4926106977983888,0,True,0.026648532824038357,completed,completed,100
2556->6434,2556,6434,1,"(3565,)",0.12,1,0.12,127.0,0.564,False,2642.88,2745.340367317899,302.37872446109003,344.72689924337396,0.0,329.95687640055996,0.12484746806535293,0.48983493678714596,0,True,0.02496949361307059,completed,completed,100
2784->4494,2784,4494,1,"(4157,)",0.06,2,0.12,127.0,0.564,False,2642.88,1775.70555528963,101.24963688511022,99.54097998509297,0.0,109.21291528391765,0.04132344839111789,0.45258614750796144,0,True,0.008264689678223578,completed,completed,100
2789->2790,2789,2790,1,"(4169,)",0.06,2,0.12,127.0,0.564,False,2642.88,3478.953947369734,205.55715768627124,195.02021842112623,0.0,221.15877515996135,0.08368097498182336,0.48063469716679585,0,True,0.016736194996364674,completed,completed,100
2790->9336,2790,9336,1,"(4172,)",0.06,2,0.12,127.0,0.564,False,2642.88,3921.753254868686,349.35148316955895,170.9884419122747,0.0,363.0305585225409,0.1373617260422497,0.4965373618400637,0,True,0.02747234520844994,completed,completed,100
2810->2811,2810,2811,1,"(4231,)",0.06,2,0.12,127.0,0.564,False,2642.88,2726.225292684091,157.31664999700718,152.82440069274818,0.0,169.54260205242704,0.06415070001378308,0.4701621359837863,0,True,0.012830140002756616,completed,completed,100
2811->2810,2811,2810,1,"(4234,)",0.06,2,0.12,127.0,0.564,False,2642.88,3909.9382240164746,236.18386028461796,219.17996558629497,0.0,253.71825753152157,0.0960006725736778,0.48595012129827947,0,True,0.01920013451473556,completed,completed,100
2813->2812,2813,2812,1,"(4240,)",0.06,2,0.12,127.0,0.564,False,2642.88,3813.024014610382,229.04135586607472,213.74723190473054,0.0,246.14113441845316,0.093133677813012,0.48478395536733726,0,True,0.0186267355626024,completed,completed,100
2813->4334,2813,4334,1,"(4241,)",0.12,1,0.12,127.0,0.564,False,2642.88,1125.3112281689707,128.86439553802833,126.16346455242976,0.0,138.9574727022227,0.05257804845555708,0.45467853334018876,0,True,0.010515609691111417,completed,completed,100
2816->2819,2816,2819,1,"(4252,)",0.12,1,0.12,127.0,0.564,False,2642.88,2907.027103645068,431.1851595572984,325.91926727723563,0.0,457.25870093947725,0.17301530941226134,0.5000779689254051,0,True,0.03460306188245227,completed,completed,100
2819->2816,2819,2816,1,"(4261,)",0.12,1,0.12,127.0,0.564,False,2642.88,1259.1155370887082,144.74173120362943,141.16483907245976,0.0,156.0349183294262,0.059039728754020686,0.45930535691928004,0,True,0.011807945750804138,completed,completed,100
2819->6920,2819,6920,1,"(4262,)",0.12,1,0.12,127.0,0.564,False,2642.88,3630.5468513875526,718.4089462878936,407.0361669955645,0.0,750.9718396475388,0.2841490493883713,0.5171391293013284,0,True,0.05682980987767427,completed,completed,100
2822->2844,2822,2844,1,"(4270,)",0.06,2,0.12,127.0,0.564,False,2642.88,2883.570207258136,167.00283320730858,161.64470704687037,0.0,179.9344097710582,0.06808270136028052,0.47252198781701604,0,True,0.013616540272056105,completed,completed,100
2828->2826,2828,2826,1,"(4291,)",0.06,2,0.12,127.0,0.564,False,2642.88,2355.7749551614806,135.06845340995702,132.05801320076642,0.0,145.63309446601832,0.05510393754768219,0.46410574580804786,0,True,0.011020787509536438,completed,completed,100
2834->2830,2834,2830,1,"(4310,)",0.12,1,0.12,177.8,0.509,False,2642.88,1043.5098825528312,440.8845107809973,131.75057631431315,0.0,451.42455688614234,0.17080781453798216,0.5416523226871028,0,True,0.034161562907596435,completed,completed,100
3483->11792,3483,11792,1,"(4861,)",0.12,1,0.12,63.5,0.637,False,2642.88,3802.543205743391,175.80280449527686,268.6034303386737,0.0,197.29107892237076,0.07465003288926124,0.41036138349046974,1,False,0.09331254111157655,completed,completed,100
4068->4690,4068,4690,1,"(6031,)",0.06,2,0.12,127.0,0.564,False,2642.88,4102.699342884881,250.90819602167673,229.98560316400392,0.0,269.307044274797,0.10189908140921912,0.48823039189675194,0,True,0.020379816281843825,completed,completed,100
4076->4795,4076,4795,1,"(6045,)",0.06,2,0.12,127.0,0.564,False,2642.88,2439.402294050395,140.0334924655739,136.745922883625,0.0,150.97316629626388,0.05712448779220543,0.46554319247380155,0,True,0.011424897558441087,completed,completed,100
4081->4298,4081,4298,1,"(6052,)",0.06,2,0.12,127.0,0.564,False,2642.88,2187.7629175730317,160.34185509616987,107.3097711069572,0.0,168.92663678472644,0.06391763409035842,0.467657151985637,0,True,0.012783526818071683,completed,completed,100
4298->4081,4298,4081,1,"(6385,)",0.06,2,0.12,127.0,0.564,False,2642.88,2033.2432800722013,148.83633509105425,99.73058288754147,0.0,156.81478172205757,0.059334809647830236,0.46467332049900717,0,True,0.011866961929566048,completed,completed,100
4333->7866,4333,7866,1,"(6480,)",0.06,2,0.12,127.0,0.564,False,2642.88,3378.6726614248405,198.80491770236026,189.39873604901535,0.0,213.9568165862815,0.08095593314349554,0.47934182960071237,0,True,0.01619118662869911,completed,completed,100
4334->2813,4334,2813,1,"(6481,)",0.12,1,0.12,127.0,0.564,False,2642.88,2757.093910029125,390.7433626775102,309.1096143701225,0.0,415.47213182712,0.15720431189729386,0.4966747206584753,0,True,0.03144086237945878,completed,completed,100
4379->2848,4379,2848,1,"(6597,)",0.12,1,0.12,127.0,0.564,False,2642.88,3320.923605318256,428.5501571320469,434.3768075756279,0.0,463.3003017380971,0.1753013007545167,0.5019159186622129,0,True,0.03506026015090334,completed,completed,100
4389->4390,4389,4390,1,"(6630,)",0.06,2,0.12,127.0,0.564,False,2642.88,1971.5880361316952,112.57293740616625,110.52159219686817,0.0,121.4146647819157,0.045940286650137614,0.4568299460235041,0,True,0.009188057330027524,completed,completed,100
4408->4409,4408,4409,1,"(6696,)",0.12,1,0.12,127.0,0.564,False,2642.88,4360.9252042835815,1118.3802658425939,547.5926560514808,0.0,1162.1876783267123,0.4397428859148778,0.5320306591805088,0,True,0.08794857718297557,completed,completed,100
4409->4408,4409,4408,1,"(6700,)",0.12,1,0.12,127.0,0.564,False,2642.88,4201.632936099898,976.670117397252,527.590644520192,0.0,1018.8773689588675,0.38551783242480453,0.5277387898885502,0,True,0.07710356648496092,completed,completed,100
4415->8979,4415,8979,1,"(6724,)",0.12,1,0.12,127.0,0.564,False,2642.88,1941.924460544639,251.49873209743626,210.20997470833555,0.0,268.3155300741031,0.10152391711848555,0.47996986301119715,0,True,0.020304783423697112,completed,completed,100
4440->7036,4440,7036,1,"(6803,)",0.12,1,0.12,177.8,0.509,False,2642.88,746.5764788110292,352.91294446226783,75.40849051122143,0.0,358.94562370316555,0.13581608839719,0.5312468910108695,0,True,0.027163217679438002,completed,completed,100
4454->12453,4454,12453,1,"(6848,)",0.12,1,0.12,88.9,0.637,False,2642.88,3030.7464955138653,53.0938134477672,316.84636162700156,0.0,78.44152237792733,0.029680319340237668,0.39778543893281637,0,False,0.029680319340237668,completed,completed,100
4517->2781,4517,2781,1,"(7009,)",0.06,2,0.12,127.0,0.564,False,2642.88,2108.548791880631,120.54167232583522,118.19922084770852,0.0,129.9976099936519,0.049187859453948685,0.4595647759101602,0,True,0.009837571890789737,completed,completed,100
4518->12587,4518,12587,1,"(7013,)",0.12,1,0.12,127.0,0.564,False,2642.88,1639.770723420497,192.24559590028522,183.8417233914866,0.0,206.95293377160414,0.07830583824146542,0.47048427902301226,0,True,0.015661167648293086,completed,completed,100
4540->7511,4540,7511,1,"(7074,)",0.06,2,0.12,127.0,0.564,False,2642.88,2711.1456648767444,156.39674699478726,151.9790798425192,0.0,168.5550733821888,0.06377704374855793,0.4699300343909203,0,True,0.012755408749711587,completed,completed,100
4555->2507,4555,2507,1,"(7123,)",0.12,1,0.12,127.0,0.564,False,2642.88,3060.386701891531,345.30489515193335,400.2985806074123,0.0,377.3287816005263,0.1427718177142081,0.49497301729674076,0,True,0.02855436354284162,completed,completed,100
4560->2799,4560,2799,1,"(7137,)",0.12,1,0.12,127.0,0.564,False,2642.88,852.9028780274606,111.8481938592146,89.24775715679347,0.0,118.98801443175807,0.04502210256680518,0.4471094565931498,0,True,0.009004420513361037,completed,completed,100
4599->3479,4599,3479,1,"(7259,)",0.12,1,0.12,63.5,0.637,False,2642.88,4121.617609950962,240.5797530274622,291.14215636129285,0.0,263.87112553636564,0.09984226508065656,0.41979674271894174,1,False,0.12480283135082071,completed,completed,100
4795->4301,4795,4301,1,"(7885,)",0.06,2,0.12,127.0,0.564,False,2642.88,2321.524933822401,133.0431550015484,130.13805486170148,0.0,143.45419939048452,0.05427949789263399,0.4635036341007919,0,True,0.010855899578526798,completed,completed,100
4995->8487,4995,8487,1,"(8531,)",0.12,1,0.12,127.0,0.564,False,2642.88,1396.2827710850902,161.3804857216824,156.54324553536838,0.0,173.90394536451186,0.06580092375155581,0.46361725792848163,0,True,0.013160184750311164,completed,completed,100
5120->10552,5120,10552,1,"(8919,)",0.12,1,0.12,127.0,0.564,False,2642.88,981.7690713215022,81.80743129834127,123.27877874769838,0.0,91.66973359815714,0.03468554516215535,0.4410057529749626,0,True,0.00693710903243107,completed,completed,100
5243->8717,5243,8717,1,"(9229,)",0.12,1,0.12,127.0,0.564,False,2642.88,2832.7603113963096,410.5344562485312,317.5928989119748,0.0,435.9418881614892,0.16494955811897974,0.4983879840655422,0,True,0.03298991162379595,completed,completed,100
5528->10559,5528,10559,1,"(9830,)",0.12,1,0.12,127.0,0.564,False,2642.88,3676.878551442564,627.2697973319338,461.6982859475399,0.0,664.205660207737,0.25131888705039085,0.5136535317979141,0,True,0.050263777410078175,completed,completed,100
5829->5834,5829,5834,1,"(10337,)",0.12,1,0.12,127.0,0.564,False,2642.88,1810.629715350365,159.40561932740022,227.35715209711464,0.0,177.59419149516938,0.0671972210222066,0.46706580273898096,0,True,0.01343944420444132,completed,completed,100
5834->5829,5834,5829,1,"(10340,)",0.12,1,0.12,127.0,0.564,False,2642.88,1670.9798601165803,144.74405949042793,209.82159907511877,0.0,161.52978741643744,0.06111885042697263,0.463405274383154,0,True,0.012223770085394527,completed,completed,100
5904->8733,5904,8733,1,"(10469,)",0.06,2,0.12,127.0,0.564,False,2642.88,2553.285771699178,187.8953807555445,125.23866710184468,0.0,197.91447412369206,0.07488591011460681,0.4739964603584592,0,True,0.014977182022921363,completed,completed,100
5922->8736,5922,8736,1,"(10487,)",0.12,1,0.12,127.0,0.564,False,2642.88,2933.0891680014042,230.87754121350133,418.52515982681854,0.0,264.35955399964683,0.10002707425219716,0.48402660839217637,0,True,0.020005414850439433,completed,completed,100
6214->8800,6214,8800,1,"(10937,)",0.06,2,0.12,127.0,0.564,False,2642.88,2557.8796593652355,188.24542828389738,125.4639972918648,0.0,198.28254806724658,0.07502518013199486,0.4740706942000249,0,True,0.015005036026398973,completed,completed,100
6237->9009,6237,9009,1,"(10962,)",0.12,1,0.12,177.8,0.509,False,2642.88,1916.2229717033667,842.5676310536544,241.93683748449075,0.0,861.9225780524137,0.3261300467869951,0.5673592128125595,0,True,0.06522600935739901,completed,completed,100
6385->8754,6385,8754,1,"(11283,)",0.06,2,0.12,177.8,0.509,False,2642.88,858.3941522339826,180.64494426765253,54.18919655317098,0.0,184.98007999190622,0.06999185736465757,0.5132494794633462,0,True,0.013998371472931516,completed,completed,100
6391->8811,6391,8811,1,"(11303,)",0.06,2,0.12,177.8,0.509,False,2642.88,3302.96773963725,765.33847533057,182.44768051821256,0.0,779.934289772027,0.2951077195226522,0.57034214865945,0,True,0.05902154390453044,completed,completed,100
6434->2556,6434,2556,1,"(11436,)",0.12,1,0.12,127.0,0.564,False,2642.88,1848.423370523878,163.55424801070217,232.10282578994233,0.0,182.12247407389756,0.0689106104226819,0.4680310012455253,0,True,0.01378212208453638,completed,completed,100
6781->6783,6781,6783,1,"(12036,)",0.12,1,0.12,177.8,0.509,False,2642.88,550.2925939548438,214.6766763308478,77.81577512596655,0.0,220.90193834092514,0.08358379432320996,0.5136288033191106,0,True,0.01671675886464199,completed,completed,100
6783->6781,6783,6781,1,"(12041,)",0.12,1,0.12,177.8,0.509,False,2642.88,855.2361426204712,334.1679574848318,120.93723245567558,0.0,343.8429360812858,0.13010160736820658,0.5314595492633856,0,True,0.02602032147364132,completed,completed,100
6786->6788,6786,6788,1,"(12045,)",0.12,1,0.12,228.6,0.463,False,2642.88,79.74803034941745,98.87588111009403,26.446175999999994,0.0,100.99157519009403,0.03821269796210725,0.5196757551550502,0,True,0.007642539592421451,completed,completed,100
6788->6786,6788,6786,1,"(12048,)",0.12,1,0.12,228.6,0.463,False,2642.88,92.9883029492132,115.29189547084067,26.446175999999994,0.0,117.40758955084067,0.04442410913504989,0.5257424150402649,0,True,0.008884821827009979,completed,completed,100
6917->7512,6917,7512,1,"(12254,)",0.12,1,0.12,127.0,0.564,False,2642.88,1311.4193010199283,110.55289168774138,164.67229879047036,0.0,123.72667559097901,0.046815093984962995,0.4529404022888816,0,True,0.0093630187969926,completed,completed,100
6918->6920,6918,6920,1,"(12257,)",0.12,1,0.12,127.0,0.564,False,2642.88,1222.7538690716133,140.39714483409784,137.08817663534316,0.0,151.3641989649253,0.057272444819638155,0.4580936504736463,0,True,0.011454488963927631,completed,completed,100
6918->7512,6918,7512,1,"(12258,)",0.12,1,0.12,127.0,0.564,False,2642.88,1128.1520633809355,94.37903089032021,141.6597982946173,0.0,105.7118147538896,0.03999871910714432,0.44668982951394604,0,True,0.007999743821428864,completed,completed,100
6920->2819,6920,2819,1,"(12264,)",0.12,1,0.12,127.0,0.564,False,2642.88,1291.348814588427,148.61436006224974,144.7786499555711,0.0,160.19665205869543,0.06061442519474794,0.46035386667295947,0,True,0.012122885038949588,completed,completed,100
6920->6918,6920,6918,1,"(12265,)",0.12,1,0.12,127.0,0.564,False,2642.88,2544.943014126875,341.15867710824597,285.3244682123959,0.0,363.9846345652376,0.13772272466598467,0.4919015576368322,0,True,0.027544544933196937,completed,completed,100
6927->6916,6927,6916,1,"(12272,)",0.12,1,0.12,127.0,0.564,False,2642.88,3338.4999356503786,580.5662033276294,374.293535642631,0.0,610.5096861790399,0.23100166718846105,0.5101135416656648,0,True,0.04620033343769221,completed,completed,100
7016->7017,7016,7017,1,"(12392,)",0.06,2,0.12,127.0,0.564,False,2642.88,3378.962739311675,198.82427509113973,189.41499698655733,0.0,213.9774748500643,0.080963749716243,0.47934560579981145,0,True,0.0161927499432486,completed,completed,100
7020->8334,7020,8334,1,"(12406,)",0.12,1,0.12,127.0,0.564,False,2642.88,1958.2972425561663,299.75732812761316,192.10895949475992,0.0,315.126044887194,0.11923585062023019,0.4847981460515822,0,True,0.023847170124046038,completed,completed,100
7030->7470,7030,7470,1,"(12434,)",0.12,1,0.12,127.0,0.564,False,2642.88,2348.9844482823937,301.8038492151755,263.35471357314606,0.0,322.8722263010272,0.12216681283335874,0.4874960387305922,0,True,0.02443336256667175,completed,completed,100
7138->8751,7138,8751,1,"(12730,)",0.06,2,0.12,127.0,0.564,False,2642.88,4903.1400668462375,400.9297887792325,240.49902027880793,0.0,420.16971040153715,0.15898175868807404,0.5032812009023475,0,True,0.03179635173761481,completed,completed,100
7167->2040,7167,2040,1,"(12756,)",0.12,1,0.12,127.0,0.564,False,2642.88,3526.782197736482,781.2306308282449,345.9773335979489,0.0,808.9088175160808,0.30607095952751573,0.5190169006022639,0,True,0.061214191905503146,completed,completed,100
7284->7285,7284,7285,1,"(12844,)",0.12,1,0.12,127.0,0.564,False,2642.88,3825.03019406186,831.5976254428618,428.8405280428211,0.0,865.9048676862875,0.3276368460491159,0.5219118758858379,0,True,0.06552736920982319,completed,completed,100
7285->7284,7285,7284,1,"(12847,)",0.12,1,0.12,127.0,0.564,False,2642.88,3513.9158934075203,659.129177303814,393.9601704494603,0.0,690.6459909397709,0.2613232499923458,0.5143115032300999,0,True,0.052264649998469165,completed,completed,100
7462->10374,7462,10374,1,"(13402,)",0.12,1,0.12,127.0,0.564,False,2642.88,3405.33696455395,807.4038835638479,296.94538330910444,0.0,831.1595142285762,0.3144900692534569,0.519436036446042,0,True,0.06289801385069138,completed,completed,100
7470->7030,7470,7030,1,"(13432,)",0.12,1,0.12,127.0,0.564,False,2642.88,2882.86025021767,424.32605552766677,323.2098177672611,0.0,450.18284094904766,0.17033798013873033,0.4995270354731365,0,True,0.03406759602774607,completed,completed,100
7480->12459,7480,12459,1,"(13463,)",0.12,1,0.12,127.0,0.564,False,2642.88,3542.1017147147577,561.165326628577,444.7746281133027,0.0,596.7472968776411,0.22579432167848754,0.5100859741874224,0,True,0.04515886433569751,completed,completed,100
7493->12599,7493,12599,1,"(13496,)",0.12,1,0.12,127.0,0.564,False,2642.88,1156.0892738547996,96.80859008273029,145.16781793939947,0.0,108.42201551788224,0.04102419160835234,0.4476976057314737,0,True,0.008204838321670469,completed,completed,100
7512->6917,7512,6917,1,"(13550,)",0.12,1,0.12,127.0,0.564,False,2642.88,1799.9785361026989,158.2513564706021,226.01970482134368,0.0,176.3329328563096,0.06671999215110395,0.46679203339610886,0,True,0.013343998430220792,completed,completed,100
7512->6918,7512,6918,1,"(13551,)",0.12,1,0.12,127.0,0.564,False,2642.88,2540.6555399521167,261.37543775913235,319.0250348407074,0.0,286.89744054638896,0.10855484946209777,0.484870657888322,0,True,0.021710969892419555,completed,completed,100
7514->8088,7514,8088,1,"(13556,)",0.12,1,0.12,127.0,0.564,False,2642.88,2957.312284976286,497.1545215152348,309.4531574999185,0.0,521.9107741152283,0.19747804444970193,0.5041657833532892,0,True,0.03949560888994039,completed,completed,100
7758->10403,7758,10403,1,"(14332,)",0.12,1,0.12,63.5,0.637,False,2642.88,3649.7276296892774,101.8648163802137,289.0584282713908,0.0,124.98949064192496,0.04729291176365365,0.39650890469332417,1,False,0.059116139704567056,completed,completed,100
7865->8335,7865,8335,1,"(14681,)",0.12,1,0.12,127.0,0.564,False,2642.88,1378.3619975269341,116.62732188871874,173.0781593054621,0.0,130.4735746331557,0.04936795262484702,0.4550399181427458,0,True,0.009873590524969405,completed,completed,100
7866->4333,7866,4333,1,"(14683,)",0.06,2,0.12,127.0,0.564,False,2642.88,2700.572196804009,155.75255282602555,151.38636143227046,0.0,167.8634617406072,0.06351535512040168,0.4697666357358665,0,True,0.012703071024080338,completed,completed,100
7871->7878,7871,7878,1,"(14699,)",0.12,1,0.12,127.0,0.564,False,2642.88,1472.4528079649942,170.8257592857162,165.08299481298965,0.0,184.03239887075537,0.06963327842004002,0.46585986887639613,0,True,0.013926655684008006,completed,completed,100
7878->7871,7878,7871,1,"(14718,)",0.12,1,0.12,127.0,0.564,False,2642.88,2880.7635036737065,423.73739003556864,322.9747425261607,0.0,449.5753694376615,0.170108128041251,0.4994792827840014,0,True,0.0340216256082502,completed,completed,100
7924->8617,7924,8617,1,"(14844,)",0.12,1,0.12,127.0,0.564,False,2642.88,1219.65410533595,140.02788995739354,136.7406488382362,0.0,150.96714186445243,0.05712220829718051,0.4579888724991845,0,True,0.011424441659436103,completed,completed,100
7932->8617,7932,8617,1,"(14866,)",0.12,1,0.12,127.0,0.564,False,2642.88,1730.267407916385,150.8485471651087,217.26621787724463,0.0,168.22984459528828,0.06365398527185807,0.4649791996317617,0,True,0.012730797054371615,completed,completed,100
8047->8757,8047,8757,1,"(14995,)",0.12,1,0.12,152.4,0.509,False,2642.88,1076.6644655207313,271.9966335381609,126.87414061696295,0.0,282.14656478751795,0.10675723634350327,0.5112074137400163,0,True,0.021351447268700655,completed,completed,100
8145->8147,8145,8147,1,"(15091,)",0.04,3,0.12,88.9,0.637,False,2642.88,3803.22644432381,152.26009392921742,63.71867073644044,0.0,157.35758758813265,0.05954019387491397,0.4206497941028423,1,False,0.07442524234364246,completed,completed,100
8152->8146,8152,8146,1,"(15096,)",0.04,3,0.12,88.9,0.637,False,2642.88,5881.471635161874,240.31335887437254,98.537270933712,0.0,248.1963405490695,0.09391131665042284,0.4388028029954957,0,True,0.018782263330084568,completed,completed,100
8324->2050,8324,2050,1,"(15277,)",0.12,1,0.12,127.0,0.564,False,2642.88,3492.5265983816325,648.8951378028689,391.5621249157008,0.0,680.220107796125,0.2573783553532983,0.5137960131098366,0,True,0.05147567107065966,completed,completed,100
8334->7020,8334,7020,1,"(15290,)",0.12,1,0.12,127.0,0.564,False,2642.88,3326.35221247379,684.3353407250071,326.31515204367884,0.0,710.4405528885014,0.26881301946683217,0.5145476509032654,0,True,0.053762603893366435,completed,completed,100
8335->7865,8335,7865,1,"(15294,)",0.12,1,0.12,127.0,0.564,False,2642.88,2381.11038018338,234.08204171842823,298.9912682188667,0.0,258.00134317593756,0.09762128555815533,0.4810375280259347,0,True,0.01952425711163107,completed,completed,100
8336->2826,8336,2826,1,"(15297,)",0.06,2,0.12,127.0,0.564,False,2642.88,3233.821982679499,189.256368289327,181.27882085763363,0.0,203.7586739579377,0.07709720984605344,0.47742759606995133,0,True,0.015419441969210688,completed,completed,100
8344->8349,8344,8349,1,"(15304,)",0.12,1,0.12,127.0,0.564,False,2642.88,2125.1894981058326,262.70908163033295,238.26410258763678,0.0,281.7702098373439,0.10661483299935823,0.48239355444028065,0,True,0.021322966599871648,completed,completed,100
8349->8344,8349,8344,1,"(15306,)",0.12,1,0.12,127.0,0.564,False,2642.88,2629.7346924509657,360.0091010532534,294.83082666221685,0.0,383.59556718623077,0.1451430133741338,0.4938057009468232,0,True,0.02902860267482676,completed,completed,100
8486->10547,8486,10547,1,"(15550,)",0.12,1,0.12,127.0,0.564,False,2642.88,2815.4462808023604,431.08566619322005,304.76720567913003,0.0,455.46704264755044,0.17233739051623623,0.49961330545922616,0,True,0.03446747810324725,completed,completed,100
8487->4995,8487,4995,1,"(15552,)",0.12,1,0.12,127.0,0.564,False,2642.88,791.2680738198892,90.147333445858,88.71245490483558,0.0,97.24432983824484,0.036794833605099296,0.4403831091283585,0,True,0.00735896672101986,completed,completed,100
8521->5484,8521,5484,1,"(15609,)",0.06,2,0.12,127.0,0.564,False,2642.88,2394.973634542566,137.39208906468662,134.25537917064327,0.0,148.13251939833808,0.056049657721250326,0.46478516534227476,0,True,0.011209931544250066,completed,completed,100
8528->6765,8528,6765,1,"(15623,)",0.12,1,0.12,177.8,0.509,False,2642.88,1530.6842704092658,655.9312904124318,193.2598225982441,0.0,671.3920762202914,0.25403804797050616,0.5575373615901895,0,True,0.05080760959410124,completed,completed,100
8609->6779,8609,6779,1,"(15726,)",0.12,1,0.12,177.8,0.509,False,2642.88,589.0605380546012,248.00119373211052,74.37310050466522,0.0,253.95104177248373,0.09608875233551419,0.5184733783341057,0,True,0.019217750467102838,completed,completed,100
8617->7924,8617,7924,1,"(15747,)",0.12,1,0.12,127.0,0.564,False,2642.88,893.5091588273817,101.90160175923108,100.17514112110416,0.0,109.91561304891943,0.04158933173239777,0.44529210372956485,0,True,0.008317866346479554,completed,completed,100
8622->8626,8622,8626,1,"(15760,)",0.12,1,0.12,127.0,0.564,False,2642.88,1859.4402604839065,164.77964268728206,233.48619462844317,0.0,183.4585382575575,0.0694161438497236,0.46831062377415156,0,True,0.01388322876994472,completed,completed,100
8626->8622,8626,8622,1,"(15765,)",0.12,1,0.12,127.0,0.564,False,2642.88,1104.1670993557789,92.3017926858905,138.64805433190645,0.0,103.39363703244302,0.03912157836619257,0.44580656938505925,0,True,0.007824315673238515,completed,completed,100
8630->8631,8630,8631,1,"(15775,)",0.12,1,0.12,127.0,0.564,False,2642.88,1670.143112276517,196.25189488265022,187.2469020735158,0.0,211.23164704853147,0.0799247968309312,0.47128623805780295,0,True,0.01598495936618624,completed,completed,100
8631->8630,8631,8630,1,"(15778,)",0.12,1,0.12,127.0,0.564,False,2642.88,1513.4571254488274,175.98298228960596,169.6801645788914,0.0,189.55739545591726,0.07172379958829657,0.46702878576623996,0,True,0.014344759917659315,completed,completed,100
8634->8636,8634,8636,1,"(15780,)",0.12,1,0.12,127.0,0.564,False,2642.88,1286.066025138163,159.38619731613184,139.21442986599038,0.0,170.52335170541107,0.06452179126763646,0.4621445562042571,0,True,0.012904358253527294,completed,completed,100
8636->8634,8636,8634,1,"(15781,)",0.12,1,0.12,127.0,0.564,False,2642.88,1646.3031328533386,207.71685800213632,178.20947567769656,0.0,221.97361605635206,0.08398929049232354,0.4725889832852289,0,True,0.016797858098464707,completed,completed,100
8646->8647,8646,8647,1,"(15796,)",0.12,1,0.12,127.0,0.564,False,2642.88,2444.191260409939,342.0265805253731,264.5794898165131,0.0,363.19293971069413,0.13742316704152066,0.49139714663507034,0,True,0.027484633408304135,completed,completed,100
8647->8646,8647,8646,1,"(15799,)",0.12,1,0.12,127.0,0.564,False,2642.88,2137.0393694002487,283.65402387420943,231.33082718694004,0.0,302.16049004916465,0.11433000743475476,0.48451216569127187,0,True,0.022866001486950952,completed,completed,100
8717->5243,8717,5243,1,"(15845,)",0.12,1,0.12,127.0,0.564,False,2642.88,2290.11093308219,290.9794781856786,256.7541514689861,0.0,311.51981030319746,0.11787134122744788,0.4861647716633557,0,True,0.02357426824548958,completed,completed,100
8731->8732,8731,8732,1,"(15872,)",0.12,1,0.12,127.0,0.564,False,2642.88,1086.3457446427146,90.76320035864023,136.4102624632964,0.0,101.67602135570394,0.038471675352533576,0.4451389637387329,0,True,0.007694335070506715,completed,completed,100
8732->8731,8732,8731,1,"(15874,)",0.12,1,0.12,127.0,0.564,False,2642.88,2111.8080550620843,195.1858703635266,265.1755138580358,0.0,216.39991147216946,0.08188033942977715,0.47455419434176127,0,True,0.01637606788595543,completed,completed,100
8733->5904,8733,5904,1,"(15875,)",0.06,2,0.12,127.0,0.564,False,2642.88,2542.701461823915,187.08927938499937,124.71950670246304,0.0,197.06683992119642,0.07456518643343489,0.4738249662570245,0,True,0.014913037286686978,completed,completed,100
8736->5922,8736,5922,1,"(15881,)",0.12,1,0.12,127.0,0.564,False,2642.88,1717.5983553831866,81.99181100325872,245.08567078267723,0.0,101.59866466587289,0.03844240550682319,0.4501076218235721,0,True,0.007688481101364639,completed,completed,100
8740->8741,8740,8741,1,"(15892,)",0.12,1,0.12,127.0,0.564,False,2642.88,3060.2827441966383,382.4568158847201,384.2735836232835,0.0,413.19870257458274,0.15634410286300654,0.4976500225023717,0,True,0.03126882057260131,completed,completed,100
8741->8740,8741,8740,1,"(15895,)",0.12,1,0.12,127.0,0.564,False,2642.88,1588.6252832801356,136.52233736335756,199.48049957092007,0.0,152.48077732903118,0.05769493027645265,0.4611613512805279,0,True,0.01153898605529053,completed,completed,100
8744->8743,8744,8743,1,"(15900,)",0.12,1,0.12,127.0,0.564,False,2642.88,2521.5882302480854,417.6898374523743,247.36780538733717,0.0,437.4792618833613,0.1655312620638702,0.49722360329011034,0,True,0.03310625241277404,completed,completed,100
8751->7138,8751,7138,1,"(15920,)",0.06,2,0.12,127.0,0.564,False,2642.88,4246.880928074654,330.8745290424109,208.30950952206177,0.0,347.5392898041759,0.13150021559971542,0.4961201489608156,0,True,0.026300043119943085,completed,completed,100
8797->8798,8797,8798,1,"(16072,)",0.12,1,0.12,127.0,0.564,False,2642.88,3015.610355320007,463.7693650480226,338.09300097930594,0.0,490.8168051263671,0.18571286063929013,0.5025665450544784,0,True,0.03714257212785803,completed,completed,100
8798->8797,8798,8797,1,"(16076,)",0.12,1,0.12,127.0,0.564,False,2642.88,2719.8541284909884,381.43587407330347,304.93450286281825,0.0,405.8306343023289,0.15355620924988228,0.49583419833035625,0,True,0.030711241849976458,completed,completed,100
8800->6214,8800,6214,1,"(16080,)",0.06,2,0.12,127.0,0.564,False,2642.88,2628.211054867572,193.61840194942656,128.9137522412544,0.0,203.93150212872692,0.07716260372348609,0.4751925065183061,0,True,0.015432520744697219,completed,completed,100
8811->6391,8811,6391,1,"(16111,)",0.06,2,0.12,177.8,0.509,False,2642.88,3118.267146449615,719.1946919208225,172.2452815020106,0.0,732.9743144409833,0.27733923388159254,0.567881897079555,0,True,0.05546784677631851,completed,completed,100
8958->12498,8958,12498,1,"(16467,)",0.12,1,0.12,88.9,0.637,False,2642.88,4710.76332195003,436.09084149972443,439.7161077945928,0.0,471.2681301232919,0.17831612866391658,0.4552795500777158,0,True,0.03566322573278332,completed,completed,100
8979->4415,8979,4415,1,"(16521,)",0.12,1,0.12,127.0,0.564,False,2642.88,2541.6344068054495,363.11745096745045,275.1275424084023,0.0,385.1276543601226,0.14572271702087217,0.493551839315024,0,True,0.029144543404174435,completed,completed,100
8988->10338,8988,10338,1,"(16555,)",0.06,2,0.12,127.0,0.564,False,2642.88,3278.4218094846256,192.17212903457377,183.77895972025243,0.0,206.87444581219395,0.07827614035150818,0.4780232711489722,0,True,0.015655228070301636,completed,completed,100
9000->9001,9000,9001,1,"(16599,)",0.12,1,0.12,127.0,0.564,False,2642.88,4338.025035853524,1096.8155361280126,544.7171277020553,0.0,1140.392906344177,0.43149628675693824,0.5314141943351869,0,True,0.08629925735138766,completed,completed,100
9001->6463,9001,6463,1,"(16601,)",0.12,1,0.12,127.0,0.564,False,2642.88,3787.9094624353816,808.5036305413379,424.6787637313268,0.0,842.477931639844,0.3187726766405754,0.5209958392474364,0,True,0.06375453532811508,completed,completed,100
9001->9000,9001,9000,1,"(16602,)",0.12,1,0.12,127.0,0.564,False,2642.88,5048.961138067804,1993.0988491060243,633.9879521848981,0.0,2043.8178852808162,0.7733298088754753,0.5503021996372337,0,True,0.15466596177509506,completed,completed,100
9229->4306,9229,4306,1,"(17231,)",0.12,1,0.12,127.0,0.564,False,2642.88,854.9944256066424,112.1246438905658,89.46661669547906,0.0,119.28197322620413,0.04513332925679718,0.4472084532351067,0,True,0.009026665851359436,completed,completed,100
9329->2494,9329,2494,1,"(17314,)",0.06,2,0.12,127.0,0.564,False,2642.88,2276.695642178958,130.39895851549724,127.62505285586046,0.0,140.6089627439661,0.0532029311750689,0.4627031463110176,0,True,0.01064058623501378,completed,completed,100
9333->9332,9333,9332,1,"(17325,)",0.12,1,0.12,127.0,0.564,False,2642.88,1054.793175081767,120.60223065006278,118.25738340059583,0.0,130.06282132211044,0.049212533797263,0.45203281689763336,0,True,0.0098425067594526,completed,completed,100
9976->12424,9976,12424,1,"(18318,)",0.12,1,0.12,63.5,0.637,False,2642.88,2950.5865637864063,91.65728543502972,202.93823797663558,0.0,107.89234447316056,0.04082377727068976,0.38988054677649925,0,False,0.04082377727068976,completed,completed,100
10121->7037,10121,7037,1,"(18609,)",0.13,1,0.13,177.8,0.509,False,2863.12,1506.3342717405944,583.9836725527207,262.22540881418763,0.0,604.9617052578557,0.21129456860273257,0.5542879381725364,0,True,0.04225891372054652,completed,completed,100
10164->7450,10164,7450,1,"(18693,)",0.13,1,0.13,177.8,0.509,False,2863.12,1686.27564921916,661.1957961589068,293.5499309717972,0.0,684.6797906366505,0.23913765075744312,0.5591705828554223,0,True,0.04782753015148863,completed,completed,100
10350->6913,10350,6913,1,"(19131,)",0.13,1,0.13,127.0,0.564,False,2863.12,3698.563080761283,979.0990664928273,381.1537371228174,0.0,1009.5913654626527,0.3526192983398016,0.5260783769239149,0,True,0.07052385966796032,completed,completed,100
10374->7461,10374,7461,1,"(19230,)",0.13,1,0.13,127.0,0.564,False,2863.12,2505.39250126763,243.52316474703528,355.01411742962324,0.0,271.92429414140514,0.094974815635183,0.4831396766467026,0,True,0.0189949631270366,completed,completed,100
10525->8845,10525,8845,1,"(19888,)",0.13,1,0.13,127.0,0.564,False,2863.12,1252.6586202893645,114.07656830901162,170.4016574352029,0.0,127.70870090382785,0.04460473221654274,0.45336989120614407,0,True,0.008920946443308549,completed,completed,100
10643->7777,10643,7777,1,"(20440,)",0.13,1,0.13,127.0,0.564,False,2863.12,3211.5131655398995,688.4679673081583,341.3035616677529,0.0,715.7722522415786,0.2499972939456183,0.5143853951917611,0,True,0.04999945878912366,completed,completed,100
11057->7627,11057,7627,1,"(22305,)",0.13,1,0.13,88.9,0.637,False,2863.12,2226.2539231431524,176.96607162333967,165.87935152598746,0.0,190.23641974541866,0.06644374659302393,0.42038923893006447,0,True,0.013288749318604787,completed,completed,100
12112->5019,12112,5019,1,"(25143,)",0.13,1,0.13,127.0,0.564,False,2863.12,3495.3741018131636,828.7294429979711,371.47088267019404,0.0,858.4471136115866,0.29982924697937446,0.5206741512955211,0,True,0.0599658493958749,completed,completed,100
12269->12270,12269,12270,1,"(25641,)",0.13,1,0.13,88.9,0.637,False,2863.12,3594.258196324168,134.92869699146544,407.0713062828901,0.0,167.49440149409665,0.058500657148179834,0.42186776799380815,0,True,0.011700131429635968,completed,completed,100
12270->12269,12270,12269,1,"(25645,)",0.13,1,0.13,88.9,0.637,False,2863.12,3687.7867869290462,153.42176943362963,417.6639803404362,0.0,186.8348878608645,0.06525569583561448,0.4253595015412878,0,True,0.013051139167122897,completed,completed,100
12281->12280,12281,12280,1,"(25677,)",0.13,1,0.13,127.0,0.564,False,2863.12,774.5183217198436,95.57926327905939,94.07078244660158,0.0,103.10492587478751,0.0360113882319943,0.44186274567676825,0,True,0.00720227764639886,completed,completed,100
12315->12314,12315,12314,1,"(25769,)",0.13,1,0.13,88.9,0.637,False,2863.12,4255.320017571025,326.9247997428798,502.02137907294184,0.0,367.0865100687152,0.12821205889683815,0.4468046475278368,0,True,0.02564241177936763,completed,completed,100
12626->12625,12626,12625,1,"(26801,)",0.13,1,0.13,88.9,0.637,False,2863.12,2141.6162116761493,101.83138860940875,183.75067096181365,0.0,116.53144228635384,0.040700858604024226,0.40557816530270874,0,True,0.008140171720804846,completed,completed,100
12729->12728,12729,12728,1,"(27152,)",0.13,1,0.13,127.0,0.564,False,2863.12,983.2079122065612,88.75739221389,133.74773871328296,0.0,99.45721131095263,0.03473735341548822,0.44340668983145803,0,True,0.006947470683097644,completed,completed,100
12757->2817,12757,2817,1,"(27241,)",0.13,1,0.13,127.0,0.564,False,2863.12,3308.2438171871318,615.5359173690051,401.80984191035714,0.0,647.6807047218336,0.2262150048624695,0.5117584894152055,0,True,0.0452430009724939,completed,completed,100
2451->2453,2451,2453,1,"(3287,)",0.13,1,0.13,127.0,0.564,False,2863.12,1765.3989967537,92.21274687018969,272.8985867345447,0.0,114.04463380895326,0.03983229267685367,0.4537909100590433,0,True,0.007966458535370735,completed,completed,100
2453->2451,2453,2451,1,"(3292,)",0.13,1,0.13,127.0,0.564,False,2863.12,2170.154444974322,127.25700004531733,335.46641983948524,0.0,154.09431363247614,0.053820417458044424,0.46486950699947593,0,True,0.010764083491608886,completed,completed,100
2453->6729,2453,6729,1,"(3295,)",0.13,1,0.13,127.0,0.564,False,2863.12,2180.4758745443432,221.40575370318263,296.6144941660162,0.0,245.13491323646392,0.08561810655385171,0.4785721983017397,0,True,0.017123621310770342,completed,completed,100
2817->12757,2817,12757,1,"(4257,)",0.13,1,0.13,127.0,0.564,False,2863.12,3102.6985161487582,533.1641949137422,376.84489691852497,0.0,563.3117866672242,0.19674752950181068,0.5069410059724323,0,True,0.03934950590036214,completed,completed,100
2836->6891,2836,6891,1,"(4316,)",0.13,1,0.13,177.8,0.509,False,2863.12,524.4751676698422,239.17529692296384,71.73696418364149,0.0,244.91425405765517,0.08554103707062756,0.5161428240151835,0,True,0.017108207414125512,completed,completed,100
4545->4546,4545,4546,1,"(7092,)",0.13,1,0.13,127.0,0.564,False,2863.12,2248.914491776063,433.03623337907254,218.51738296091534,0.0,450.5176240159458,0.15735198804658757,0.49684249295535526,0,True,0.03147039760931752,completed,completed,100
4546->4545,4546,4545,1,"(7095,)",0.13,1,0.13,127.0,0.564,False,2863.12,2729.7020033728754,569.1429214044604,265.23344494487077,0.0,590.36159700005,0.20619519859455768,0.5069289674353725,0,True,0.04123903971891154,completed,completed,100
5019->12112,5019,12112,1,"(8615,)",0.13,1,0.13,127.0,0.564,False,2863.12,2620.6139981260962,479.61478890138835,278.505752650851,0.0,501.89524911345643,0.17529661666764104,0.5016948254969875,0,True,0.03505932333352821,completed,completed,100
5128->5152,5128,5152,1,"(8943,)",0.13,1,0.13,127.0,0.564,False,2863.12,2067.8893274313477,294.5515396547763,242.49924223201828,0.0,313.95147903333776,0.10965362228385041,0.4852815133689849,0,True,0.021930724456770082,completed,completed,100
5152->5128,5152,5128,1,"(8971,)",0.13,1,0.13,127.0,0.564,False,2863.12,4008.9440165218684,1077.179832887125,470.1247176340542,0.0,1114.7898102978493,0.38936188853343534,0.5298837052641853,0,True,0.07787237770668708,completed,completed,100
5625->8761,5625,8761,1,"(9956,)",0.13,1,0.13,127.0,0.564,False,2863.12,1222.6812372254924,111.20206451394702,166.32377406225822,0.0,124.50796643892768,0.04348681383907335,0.45236168947690647,0,True,0.008697362767814671,completed,completed,100
5742->8524,5742,8524,1,"(10189,)",0.13,1,0.13,127.0,0.564,False,2863.12,2929.88522546381,375.31659870415405,398.5581469902931,0.0,407.2012504633775,0.1422229073400268,0.49674432228070386,0,True,0.02844458146800536,completed,completed,100
6049->8791,6049,8791,1,"(10717,)",0.13,1,0.13,127.0,0.564,False,2863.12,1919.1426642481458,185.8501712531212,261.0648149030038,0.0,206.7353564453615,0.07220631913624351,0.47216761039125127,0,True,0.014441263827248703,completed,completed,100
6074->6090,6074,6090,1,"(10761,)",0.13,1,0.13,127.0,0.564,False,2863.12,1811.9675988308838,267.2136233679139,205.40464700346902,0.0,283.64599512819143,0.09906884626847336,0.4808514512245359,0,True,0.01981376925369467,completed,completed,100
6206->8798,6206,8798,1,"(10921,)",0.13,1,0.13,127.0,0.564,False,2863.12,3787.425462538319,913.0034199399269,444.1474659655282,0.0,948.5352172171691,0.33129425843735827,0.5244951930363115,0,True,0.06625885168747166,completed,completed,100
6363->6367,6363,6367,1,"(11204,)",0.13,1,0.13,127.0,0.564,False,2863.12,4641.42419641362,1536.6662527433507,631.3822162865378,0.0,1587.1768300462736,0.5543521857436201,0.5419149935645988,0,True,0.11087043714872402,completed,completed,100
6367->6363,6367,6363,1,"(11214,)",0.13,1,0.13,127.0,0.564,False,2863.12,4566.786059299913,1442.7677281425008,621.229041218686,0.0,1492.4660514399957,0.5212726156919709,0.5399208826783414,0,True,0.10425452313839419,completed,completed,100
6478->8804,6478,8804,1,"(11536,)",0.13,1,0.13,127.0,0.564,False,2863.12,3600.9093076544473,761.3355396945718,437.35615619540164,0.0,796.324032190204,0.2781315600429615,0.5187807350900406,0,True,0.055626312008592305,completed,completed,100
6498->6512,6498,6512,1,"(11580,)",0.13,1,0.13,127.0,0.564,False,2863.12,848.1644191407477,104.73770167291192,103.0156270219234,0.0,112.97895183466579,0.039460082649230836,0.4455301845373336,0,True,0.007892016529846167,completed,completed,100
6512->6498,6512,6498,1,"(11597,)",0.13,1,0.13,127.0,0.564,False,2863.12,930.4359762063355,115.01043791608832,113.00809528151808,0.0,124.05108553860977,0.0433272393537853,0.44927863453015854,0,True,0.008665447870757062,completed,completed,100
6729->2453,6729,2453,1,"(11917,)",0.13,1,0.13,127.0,0.564,False,2863.12,1541.1974982199645,142.90101595845474,209.65217807785825,0.0,159.6731902046834,0.05576894793256427,0.46218475157978806,0,True,0.011153789586512855,completed,completed,100
6865->6866,6865,6866,1,"(12107,)",0.13,1,0.13,203.2,0.463,False,2863.12,1177.140283121205,754.0832085486672,273.92054388230434,0.0,775.9968520592516,0.27103189948701123,0.5919833278266549,0,True,0.05420637989740225,completed,completed,100
6866->6865,6866,6865,1,"(12111,)",0.13,1,0.13,203.2,0.463,False,2863.12,1135.694482956253,726.5890781640703,264.27610618392004,0.0,747.7311666587839,0.26115956252577044,0.5904975834816144,0,True,0.05223191250515409,completed,completed,100
6891->2836,6891,2836,1,"(12172,)",0.13,1,0.13,177.8,0.509,False,2863.12,621.583793363086,283.5288733548434,85.01934327935524,0.0,290.33042081719185,0.10140351114071078,0.523000904503681,0,True,0.020280702228142156,completed,completed,100
6913->10350,6913,10350,1,"(12239,)",0.13,1,0.13,127.0,0.564,False,2863.12,3706.9634639719034,984.6784859442248,382.01943479623185,0.0,1015.2400407279233,0.3545922073569824,0.5262678554530517,0,True,0.07091844147139648,completed,completed,100
6920->7512,6920,7512,1,"(12267,)",0.13,1,0.13,127.0,0.564,False,2863.12,1901.0627116539513,158.84146395651183,269.38058624136494,0.0,180.39191085582104,0.0630053615831055,0.4680563319086899,0,True,0.012601072316621102,completed,completed,100
7037->10121,7037,10121,1,"(12450,)",0.13,1,0.13,177.8,0.509,False,2863.12,953.4403039798517,363.43474304561676,165.976621644638,0.0,376.7128727771878,0.13157425213654608,0.5353344173225507,0,True,0.026314850427309217,completed,completed,100
7283->7190,7283,7190,1,"(12840,)",0.13,1,0.13,127.0,0.564,False,2863.12,1631.751391630515,207.12733496565377,198.18786188060915,0.0,222.9823639161025,0.07788090052673395,0.47262566238975073,0,True,0.01557618010534679,completed,completed,100
7450->10164,7450,10164,1,"(13367,)",0.13,1,0.13,177.8,0.509,False,2863.12,1577.2483072337625,613.9442996191598,274.5702530474484,0.0,635.9099198629557,0.22210383073813034,0.5562614649136967,0,True,0.04442076614762607,completed,completed,100
7461->10374,7461,10374,1,"(13398,)",0.13,1,0.13,127.0,0.564,False,2863.12,1809.0052311606023,148.94540080132955,256.3360412554574,0.0,169.45228410176614,0.059184485491968954,0.46567685106993784,0,True,0.011836897098393792,completed,completed,100
7627->11057,7627,11057,1,"(13929,)",0.13,1,0.13,88.9,0.637,False,2863.12,1991.9015908045476,154.61047807225026,148.41763590010518,0.0,166.48388894425867,0.05814771610839178,0.4152570970128141,0,True,0.011629543221678355,completed,completed,100
7777->10643,7777,10643,1,"(14399,)",0.13,1,0.13,127.0,0.564,False,2863.12,2437.9845815022077,430.90840566214536,259.09681139914716,0.0,451.63615057407713,0.15774265506652782,0.49779536036024213,0,True,0.03154853101330556,completed,completed,100
7777->7778,7777,7778,1,"(14397,)",0.13,1,0.13,107.95,0.564,False,2863.12,2580.0201926368777,348.8557322978174,243.7259075310971,0.0,368.35380490030514,0.128654686111761,0.47970247228217405,0,True,0.0257309372223522,completed,completed,100
7778->7777,7778,7777,1,"(14400,)",0.13,1,0.13,107.95,0.564,False,2863.12,1883.093332006144,228.55234839727677,177.8895500968471,0.0,242.78351240502454,0.08479683436426855,0.4639906214700632,0,True,0.01695936687285371,completed,completed,100
8524->5742,8524,5742,1,"(15617,)",0.13,1,0.13,127.0,0.564,False,2863.12,3053.141489883389,412.0663457628055,415.3249431518173,0.0,445.29234121495085,0.15552695703112368,0.4998303813577491,0,True,0.031105391406224737,completed,completed,100
8761->5625,8761,5625,1,"(15953,)",0.13,1,0.13,127.0,0.564,False,2863.12,1770.2470612714078,167.9845076830954,240.81024823887222,0.0,187.24932754220515,0.06540044690484687,0.4683762543616833,0,True,0.013080089380969374,completed,completed,100
8791->6049,8791,6049,1,"(16047,)",0.13,1,0.13,127.0,0.564,False,2863.12,3495.5180925651553,585.1788247124219,475.5023171678234,0.0,623.2190100858478,0.21767128520140538,0.5112224949559261,0,True,0.04353425704028108,completed,completed,100
8798->6206,8798,6206,1,"(16075,)",0.13,1,0.13,127.0,0.564,False,2863.12,3629.5837849334703,813.4442883252342,425.6375357173017,0.0,847.4952911826183,0.29600411131304954,0.5207057577134526,0,True,0.05920082226260991,completed,completed,100
8804->6478,8804,6478,1,"(16098,)",0.13,1,0.13,127.0,0.564,False,2863.12,3024.92188674101,505.59676288398504,367.39836972960103,0.0,534.9886324623532,0.18685512044984254,0.5051422811787454,0,True,0.03737102408996851,completed,completed,100
9009->9010,9009,9010,1,"(16631,)",0.13,1,0.13,177.8,0.509,False,2863.12,1260.753665663978,579.6210155594189,172.44408531285367,0.0,593.4165423844472,0.20726219731776777,0.5517804152458592,0,True,0.04145243946355356,completed,completed,100
9010->9009,9010,9009,1,"(16633,)",0.13,1,0.13,177.8,0.509,False,2863.12,732.7975626564712,334.4122973451708,100.2310037664912,0.0,342.4307776464901,0.1196005677884581,0.5296558281320624,0,True,0.023920113557691622,completed,completed,100
10345->9003,10345,9003,1,"(19111,)",0.14,1,0.14,127.0,0.564,False,3083.36,2963.431883016725,277.24463085911526,493.33058765274797,0.0,316.7110778713351,0.10271621798016939,0.4894607889507938,0,True,0.020543243596033878,completed,completed,100
10359->2808,10359,2808,1,"(19170,)",0.07,2,0.14,127.0,0.564,False,3083.36,2769.943713099522,186.65683469064822,181.15431883670877,0.0,201.14918019758494,0.06523700774401463,0.47536089947703575,0,True,0.013047401548802927,completed,completed,100
10542->2745,10542,2745,1,"(19964,)",0.14,1,0.14,127.0,0.564,False,3083.36,3561.4527290698215,665.1854602227086,521.7385789978126,0.0,706.9245465425336,0.22927084302271986,0.5151455688263092,0,True,0.04585416860454397,completed,completed,100
10790->7003,10790,7003,1,"(21112,)",0.14,1,0.14,63.5,0.637,False,3083.36,3570.6812588081216,109.84697501427476,340.24129044867897,0.0,137.0662782501691,0.04445354361805598,0.39897579113288373,1,False,0.055566929522569974,completed,completed,100
10836->12146,10836,12146,1,"(21320,)",0.14,1,0.14,63.5,0.637,False,3083.36,4961.132234615347,584.1310551551971,420.20790027192,0.0,617.7476871769508,0.2003488684996078,0.4468956415994312,0,True,0.04006977369992157,completed,completed,100
11085->12439,11085,12439,1,"(22432,)",0.14,1,0.14,63.5,0.637,False,3083.36,4649.866977287631,494.4188020898745,373.115115451196,0.0,524.2680113259702,0.17003139799633196,0.44134816528066584,0,True,0.034006279599266394,completed,completed,100
11172->12478,11172,12478,1,"(22833,)",0.14,1,0.14,63.5,0.637,False,3083.36,3432.1940182619805,96.74997415046627,299.0127428709838,0.0,120.67099358014498,0.0391361999831823,0.3948081910591544,0,False,0.0391361999831823,completed,completed,100
12096->12287,12096,12287,1,"(25086,)",0.14,1,0.14,127.0,0.564,False,3083.36,1602.0257105365479,325.44339542795575,162.97941561858482,0.0,338.4817486774425,0.10977691501395961,0.48471687340699715,0,True,0.021955383002791925,completed,completed,100
12114->8440,12114,8440,1,"(25151,)",0.07,2,0.14,88.9,0.637,False,3083.36,4427.882411092923,161.97071583051454,187.52082010978532,0.0,176.97238143929735,0.05739595163694714,0.4257588842434143,0,True,0.011479190327389428,completed,completed,100
12270->8912,12270,8912,1,"(25642,)",0.14,1,0.14,107.95,0.564,False,3083.36,1979.7053445462514,129.0838065912266,258.94545906664973,0.0,149.79944331655858,0.04858318305892227,0.4503385208709682,0,True,0.009716636611784455,completed,completed,100
12316->12317,12316,12317,1,"(25773,)",0.14,1,0.14,88.9,0.637,False,3083.36,3374.1810434306567,110.36041469156244,428.689701567865,0.0,144.65559081699163,0.04691492100078863,0.4168738140124951,0,True,0.009382984200157728,completed,completed,100
12317->12316,12317,12316,1,"(25776,)",0.14,1,0.14,88.9,0.637,False,3083.36,3955.6589064351874,244.37996376661238,502.5664640625907,0.0,284.5852808916196,0.09229713069236793,0.4385076942962559,0,True,0.018459426138473588,completed,completed,100
12522->8534,12522,8534,1,"(26424,)",0.14,1,0.14,127.0,0.564,False,3083.36,1758.2177608945362,98.74923745207566,292.6953057954614,0.0,122.16486191571258,0.039620693631529424,0.45576241758751396,0,True,0.007924138726305886,completed,completed,100
2451->6729,2451,6729,1,"(3289,)",0.07,2,0.14,127.0,0.564,False,3083.36,3753.6060784101346,332.70205662024665,214.80010783702,0.0,349.88606524720825,0.11347558029137313,0.4949726984659544,0,True,0.022695116058274626,completed,completed,100
2465->4063,2465,4063,1,"(3332,)",0.14,1,0.14,127.0,0.564,False,3083.36,1560.6936953887343,134.22627024121152,238.1618579163209,0.0,153.2792188745172,0.04971174915498586,0.46112144017904405,0,True,0.009942349830997172,completed,completed,100
2492->2491,2492,2491,1,"(3416,)",0.14,1,0.14,127.0,0.564,False,3083.36,2306.8422293596514,343.0154874885809,301.73496360024245,0.0,367.1542845766003,0.11907603542129373,0.49108661761103317,0,True,0.023815207084258747,completed,completed,100
2645->2644,2645,2644,1,"(3805,)",0.07,2,0.14,127.0,0.564,False,3083.36,2960.037211957158,200.40216885156028,193.58643366199814,0.0,215.88908354452013,0.07001747559302843,0.47816456844659416,0,True,0.014003495118605686,completed,completed,100
2678->2683,2678,2683,1,"(3866,)",0.07,2,0.14,127.0,0.564,False,3083.36,3415.565134552003,234.82058192306113,223.37795979970102,0.0,252.6908187070372,0.08195307025680984,0.4843572445524137,0,True,0.016390614051361968,completed,completed,100
2695->2701,2695,2701,1,"(3910,)",0.07,2,0.14,127.0,0.564,False,3083.36,2249.801930024485,150.28549801825505,147.13704622360135,0.0,162.05646171614316,0.05255839788936198,0.4667420417443191,0,True,0.010511679577872397,completed,completed,100
2745->10542,2745,10542,1,"(4055,)",0.14,1,0.14,127.0,0.564,False,3083.36,4891.680774494957,2041.219672188379,716.6116667404134,0.0,2098.548605527612,0.6806044722405467,0.5507379541867281,0,True,0.13612089444810935,completed,completed,100
2766->2767,2766,2767,1,"(4116,)",0.07,2,0.14,127.0,0.564,False,3083.36,1725.697689132934,114.76521050213194,112.86062886929389,0.0,123.79406081167545,0.040149077892842694,0.45594740470049305,0,True,0.00802981557856854,completed,completed,100
2767->2768,2767,2768,1,"(4118,)",0.07,2,0.14,127.0,0.564,False,3083.36,2347.3377546117495,156.99730112075943,153.51588915160843,0.0,169.2785722528881,0.05490068375177991,0.4684855434758434,0,True,0.010980136750355982,completed,completed,100
2768->2769,2768,2769,1,"(4121,)",0.07,2,0.14,127.0,0.564,False,3083.36,3074.471759897429,131.9097038149838,234.58219528017386,0.0,150.6762794373977,0.04886755988188136,0.468007144958774,0,True,0.009773511976376272,completed,completed,100
2774->2775,2774,2775,1,"(4134,)",0.07,2,0.14,127.0,0.564,False,3083.36,962.3606585243888,63.86437969435831,62.93838706749503,0.0,68.89945065975792,0.02234557452252021,0.4324535631090799,0,True,0.004469114904504043,completed,completed,100
2781->4521,2781,4521,1,"(4151,)",0.07,2,0.14,127.0,0.564,False,3083.36,1821.9604270719956,121.23622254490188,119.15621193050852,0.0,130.76871949934255,0.04241110979559395,0.458146321492243,0,True,0.00848222195911879,completed,completed,100
2808->10359,2808,10359,1,"(4226,)",0.07,2,0.14,127.0,0.564,False,3083.36,2711.355732297971,182.4778109818515,177.32266489228732,0.0,196.66362417323447,0.06378224539892664,0.47446465828865647,0,True,0.012756449079785329,completed,completed,100
2828->2827,2828,2827,1,"(4292,)",0.07,2,0.14,127.0,0.564,False,3083.36,2949.0112481691203,199.59645362040445,192.8653356302605,0.0,215.02568047082528,0.0697374553963291,0.4780059959070553,0,True,0.01394749107926582,completed,completed,100
2845->2846,2845,2846,1,"(4342,)",0.07,2,0.14,177.8,0.509,False,3083.36,1291.3751571065388,317.20507277907274,95.10978032089658,0.0,324.81385520474447,0.10534412303615032,0.5342703395345573,0,True,0.021068824607230065,completed,completed,100
2881->4559,2881,4559,1,"(4457,)",0.14,1,0.14,88.9,0.637,False,3083.36,2436.1156740046445,168.08447399904549,212.23439751928464,0.0,185.06322580058827,0.060019986573279886,0.42056040401214645,1,False,0.07502498321659985,completed,completed,100
4063->2465,4063,2465,1,"(6019,)",0.14,1,0.14,127.0,0.564,False,3083.36,1758.5537748373413,154.80524516966173,268.35530604017833,0.0,176.273669652876,0.057169344368765244,0.46652844843329033,0,True,0.011433868873753049,completed,completed,100
4138->4151,4138,4151,1,"(6107,)",0.14,1,0.14,127.0,0.564,False,3083.36,3388.880257680126,577.9488131751765,496.45740222910786,0.0,617.6654053535051,0.20032218273361044,0.5106206586322202,0,True,0.04006443654672209,completed,completed,100
4151->4138,4151,4138,1,"(6118,)",0.14,1,0.14,127.0,0.564,False,3083.36,1717.3344626769313,174.4197298134667,251.58262944431976,0.0,194.54634016901227,0.06309556463371525,0.4691696634470518,0,True,0.012619112926743052,completed,completed,100
4299->4300,4299,4300,1,"(6389,)",0.07,2,0.14,127.0,0.564,False,3083.36,1788.7853072472906,119.00403065332283,116.98655909397283,0.0,128.36295538084065,0.041630868721408025,0.4574014500000173,0,True,0.008326173744281606,completed,completed,100
4342->4482,4342,4482,1,"(6506,)",0.07,2,0.14,127.0,0.564,False,3083.36,2597.1699431506595,174.4011048612814,169.85491428205316,0.0,187.98949800384565,0.060969039620364034,0.4726693329880788,0,True,0.012193807924072807,completed,completed,100
4407->2649,4407,2649,1,"(6694,)",0.07,2,0.14,127.0,0.564,False,3083.36,1908.2367341914896,127.0526700953719,124.79868241612343,0.0,137.03656468866177,0.04444390687064169,0.46002402600813963,0,True,0.008888781374128338,completed,completed,100
4521->2781,4521,2781,1,"(7019,)",0.07,2,0.14,127.0,0.564,False,3083.36,2929.812967888074,198.1961719940391,191.60976809988009,0.0,213.5249534420295,0.06925073732617323,0.4777287591071042,0,True,0.013850147465234648,completed,completed,100
4524->4521,4524,4521,1,"(7027,)",0.07,2,0.14,127.0,0.564,False,3083.36,2827.858026605868,190.81312503029181,184.9419149400238,0.0,205.6084782254937,0.06668325405580072,0.4762313564742484,0,True,0.013336650811160145,completed,completed,100
5076->5077,5076,5077,1,"(8764,)",0.14,1,0.14,127.0,0.564,False,3083.36,2789.0202208010624,465.4376520224137,364.803844880779,0.0,494.621959612876,0.1604165454610801,0.5019430096675861,0,True,0.032083309092216024,completed,completed,100
5077->5076,5077,5076,1,"(8768,)",0.14,1,0.14,127.0,0.564,False,3083.36,2792.956491489905,466.6347402569689,365.3187090868796,0.0,495.86023698391926,0.16081814545947254,0.5020321358840618,0,True,0.03216362909189451,completed,completed,100
5805->8788,5805,8788,1,"(10278,)",0.07,2,0.14,127.0,0.564,False,3083.36,3578.0350910901834,247.74688749700204,234.00349495729802,0.0,266.4671670935859,0.08642103649706355,0.4864267703068941,0,True,0.01728420729941271,completed,completed,100
5986->5992,5986,5992,1,"(10593,)",0.14,1,0.14,127.0,0.564,False,3083.36,2284.4099850468615,255.72176232370234,334.6569251694251,0.0,282.49431633725635,0.09161898589112408,0.48325647692409945,0,True,0.018323797178224816,completed,completed,100
5992->5986,5992,5986,1,"(10613,)",0.14,1,0.14,127.0,0.564,False,3083.36,1318.008137831362,129.6705849429806,193.08292015974325,0.0,145.11721855576008,0.04706463681041464,0.4576734786328287,0,True,0.009412927362082928,completed,completed,100
6729->2451,6729,2451,1,"(11916,)",0.07,2,0.14,127.0,0.564,False,3083.36,4049.343199533699,363.9923565304453,231.72366459331596,0.0,382.53024969791056,0.12406279179139333,0.4984286604601924,0,True,0.02481255835827867,completed,completed,100
7189->8995,7189,8995,1,"(12764,)",0.14,1,0.14,127.0,0.564,False,3083.36,3144.857107626212,591.1128577862856,411.3473096775085,0.0,624.0206425604863,0.20238332292060812,0.5101082147593368,0,True,0.04047666458412163,completed,completed,100
7464->7465,7464,7465,1,"(13407,)",0.14,1,0.14,76.2,0.637,False,3083.36,3682.9498687153455,141.50236505298724,387.24312895471843,0.0,172.4818153693647,0.055939564426263785,0.41452899486745065,0,True,0.011187912885252758,completed,completed,100
7516->2544,7516,2544,1,"(13562,)",0.07,2,0.14,127.0,0.564,False,3083.36,1814.2040605337775,120.71412863734602,118.64894555890906,0.0,130.20604428205874,0.04222862211420617,0.4579733478885411,0,True,0.008445724422841234,completed,completed,100
7518->7519,7518,7519,1,"(13570,)",0.14,1,0.14,127.0,0.564,False,3083.36,2556.8427200394854,401.02094330931027,334.4350277811647,0.0,427.77574553180347,0.13873687974540871,0.4967134699870734,0,True,0.027747375949081745,completed,completed,100
7519->7518,7519,7518,1,"(13573,)",0.14,1,0.14,127.0,0.564,False,3083.36,2012.4005132838986,285.6820328411314,263.221987137534,0.0,306.7397918121341,0.09948231533526221,0.48430043512783855,0,True,0.019896463067052443,completed,completed,100
7561->7560,7561,7560,1,"(13703,)",0.14,1,0.14,127.0,0.564,False,3083.36,3638.893150553485,843.3667136442303,475.9672240923959,0.0,881.444091571622,0.28587128702831394,0.5218932419645554,0,True,0.05717425740566279,completed,completed,100
7827->8176,7827,8176,1,"(14553,)",0.14,1,0.14,63.5,0.637,False,3083.36,3766.206225317473,152.96141389311592,382.79720074126806,0.0,183.58518995241735,0.05954062774130084,0.40813967583679406,0,True,0.011908125548260168,completed,completed,100
8087->2864,8087,2864,1,"(15040,)",0.14,1,0.14,127.0,0.564,False,3083.36,4074.8323091512048,1260.164948045255,497.4555283011792,0.0,1299.9613903093493,0.4216054532423555,0.5345996694407483,0,True,0.0843210906484711,completed,completed,100
8110->8109,8110,8109,1,"(15068,)",0.14,1,0.14,88.9,0.637,False,3083.36,3674.5935581905796,224.75048023072077,373.48568925449064,0.0,254.62933537108003,0.08258177292663849,0.4344290014503682,0,True,0.016516354585327696,completed,completed,100
8636->8640,8636,8640,1,"(15782,)",0.14,1,0.14,127.0,0.564,False,3083.36,1552.4901404111047,227.17561587669599,196.06344449109073,0.0,242.86069143598326,0.07876494844454857,0.4745963768262731,0,True,0.015752989688909712,completed,completed,100
8640->8636,8640,8636,1,"(15785,)",0.14,1,0.14,127.0,0.564,False,3083.36,1646.3031328533386,242.33633433582577,207.9110549573127,0.0,258.9692187324108,0.08398929049232357,0.4771263349511827,0,True,0.016797858098464714,completed,completed,100
8652->6260,8652,6260,1,"(15807,)",0.07,2,0.14,177.8,0.509,False,3083.36,1459.3969016715762,358.60747721644026,107.48458180811157,0.0,367.2062437610892,0.119092886902953,0.5392183158129097,0,True,0.0238185773805906,completed,completed,100
8751->8750,8751,8750,1,"(15921,)",0.07,2,0.14,127.0,0.564,False,3083.36,2252.981575538788,150.50367041133407,147.34499504023677,0.0,162.29127001455302,0.05263455127346564,0.46679996617751207,0,True,0.010526910254693128,completed,completed,100
8912->12270,8912,12270,1,"(16326,)",0.14,1,0.14,107.95,0.564,False,3083.36,3009.6044307998386,288.61554946645214,393.65625954861895,0.0,320.10805023034163,0.10381792921693919,0.4772436464174337,0,True,0.02076358584338784,completed,completed,100
8995->7189,8995,7189,1,"(16581,)",0.14,1,0.14,127.0,0.564,False,3083.36,3601.5403303390435,820.2833804851671,471.0814752083469,0.0,857.9698985018348,0.2782581010656669,0.5209838656641123,0,True,0.055651620213133385,completed,completed,100
9003->10345,9003,10345,1,"(16610,)",0.14,1,0.14,127.0,0.564,False,3083.36,3334.6082661847945,397.823013454016,555.1213324579634,0.0,442.2327200506531,0.143425587687021,0.5005881949709455,0,True,0.0286851175374042,completed,completed,100
10122->10121,10122,10121,1,"(18615,)",0.15,1,0.15,177.8,0.509,False,3303.6,906.6203205779691,443.02896285275847,160.25420786536182,0.0,455.84929948198743,0.13798562158917163,0.5404084103643426,0,True,0.02759712431783433,completed,completed,100
10331->5371,10331,5371,1,"(19037,)",0.15,1,0.15,127.0,0.564,False,3303.6,1951.1877258067098,294.52567230865253,273.4450227166261,0.0,316.40127412598264,0.09577469249484885,0.484877504982907,0,True,0.01915493849896977,completed,completed,100
10529->12267,10529,12267,1,"(19909,)",0.15,1,0.15,88.9,0.637,False,3303.6,3973.3881503794832,528.7885106666735,360.5849746469381,0.0,557.6353086384286,0.16879625518780378,0.45838816558846074,0,True,0.03375925103756076,completed,completed,100
10543->12336,10543,12336,1,"(19969,)",0.15,1,0.15,127.0,0.564,False,3303.6,3305.6344407228457,843.9873671256067,405.353423293639,0.0,876.4156409890978,0.2652910888089048,0.5206774152210094,0,True,0.05305821776178096,completed,completed,100
10595->12180,10595,12180,1,"(20221,)",0.15,1,0.15,228.6,0.463,False,3303.6,112.75558018539567,158.96481093539398,45.91349999999999,0.0,162.63789093539398,0.04923050337068471,0.537386054482339,0,True,0.009846100674136942,completed,completed,100
10596->12182,10596,12182,1,"(20226,)",0.15,1,0.15,177.8,0.509,False,3303.6,653.0957330919749,318.5796967870595,115.44120178133748,0.0,327.81499292956653,0.09922962614407511,0.527116777399452,0,True,0.019845925228815023,completed,completed,100
10883->2568,10883,2568,1,"(21533,)",0.15,1,0.15,127.0,0.564,False,3303.6,1654.7228253709682,361.0864139980172,180.36478796543554,0.0,375.51559703525203,0.11366860304977965,0.48812987261729057,0,True,0.022733720609955932,completed,completed,100
10957->8259,10957,8259,1,"(21870,)",0.15,1,0.15,63.5,0.637,False,3303.6,3522.5690113729856,109.97486960306371,359.63228000486083,0.0,138.74545200345258,0.04199826008095792,0.39918523933551386,2,False,0.06299739012143689,completed,completed,100
10983->12242,10983,12242,1,"(21984,)",0.15,1,0.15,88.9,0.637,False,3303.6,2826.076434087174,286.3342374646993,242.96820289902104,0.0,305.77169369662096,0.09255711759796009,0.43695788808826885,0,True,0.018511423519592018,completed,completed,100
12127->5024,12127,5024,1,"(25197,)",0.15,1,0.15,127.0,0.564,False,3303.6,2475.97908638813,508.3614776781308,303.6169354683444,0.0,532.6508325155984,0.16123345214783824,0.5028306144610063,0,True,0.03224669042956765,completed,completed,100
12147->10836,12147,10836,1,"(25256,)",0.15,1,0.15,63.5,0.637,False,3303.6,5885.367204419375,1406.117554225053,534.0970738010584,0.0,1448.8453201291377,0.4385656012014583,0.47392643137671353,0,True,0.08771312024029167,completed,completed,100
12182->10596,12182,10596,1,"(25365,)",0.15,1,0.15,177.8,0.509,False,3303.6,630.8608630827745,307.7076582847077,111.51096615851121,0.0,316.62853557738856,0.09584348455545119,0.5257166505401619,0,True,0.01916869691109024,completed,completed,100
12326->12324,12326,12324,1,"(25812,)",0.15,1,0.15,88.9,0.637,False,3303.6,3519.300642622755,274.057859065025,359.2985999827669,0.0,302.80174706364636,0.09165811450043782,0.4390613438515376,0,True,0.018331622900087562,completed,completed,100
12335->12337,12335,12337,1,"(25848,)",0.15,1,0.15,127.0,0.564,False,3303.6,1319.7759814939607,139.1319643973714,207.15203805529208,0.0,155.70412744179478,0.047131652573494005,0.45975563196589075,0,True,0.009426330514698801,completed,completed,100
12337->12335,12337,12335,1,"(25855,)",0.15,1,0.15,127.0,0.564,False,3303.6,2582.4563420105696,336.4488332447596,405.34234744197903,0.0,368.8762210401179,0.11165886337332544,0.49245453482684676,0,True,0.022331772674665087,completed,completed,100
12590->2568,12590,2568,1,"(26673,)",0.15,1,0.15,127.0,0.564,False,3303.6,1112.1292935263282,238.598961057074,121.22209299436979,0.0,248.2967284966236,0.07515944076057138,0.47161382761095233,0,True,0.015031888152114276,completed,completed,100
12776->2435,12776,2435,1,"(27314,)",0.15,1,0.15,88.9,0.637,False,3303.6,3934.49968549161,387.28532512030324,401.6878272656591,0.0,419.42035130155597,0.12695857588738224,0.44987950766820894,0,True,0.02539171517747645,completed,completed,100
12966->12965,12966,12965,1,"(27961,)",0.15,1,0.15,88.9,0.637,False,3303.6,3694.754065203667,164.3692837225922,431.0986261078708,0.0,198.85717381122186,0.0601940833670002,0.42721380656332597,1,False,0.07524260420875026,completed,completed,100
2458->4345,2458,4345,1,"(3308,)",0.15,1,0.15,127.0,0.564,False,3303.6,3191.5473135702246,654.2137460360408,447.2725592303416,0.0,689.9955507744681,0.2088617117007108,0.5132348897979062,0,True,0.04177234234014216,completed,completed,100
2568->10883,2568,10883,1,"(3602,)",0.15,1,0.15,127.0,0.564,False,3303.6,684.6567761650715,146.33587225002069,74.6275886019928,0.0,152.3060793381801,0.04610306312452479,0.451959842282672,0,True,0.009220612624904959,completed,completed,100
2568->12590,2568,12590,1,"(3603,)",0.15,1,0.15,127.0,0.564,False,3303.6,1729.7454018398619,379.0066170578004,188.54224880054497,0.0,394.089996961844,0.11929107548185132,0.49003633241349526,0,True,0.023858215096370265,completed,completed,100
2847->7045,2847,7045,1,"(4351,)",0.15,1,0.15,228.6,0.463,False,3303.6,477.0427021067567,757.8737528771574,82.34097783149838,0.0,764.4610311036772,0.2314024189077604,0.5986403646166529,0,True,0.046280483781552084,completed,completed,100
2850->2851,2850,2851,1,"(4360,)",0.15,1,0.15,127.0,0.564,False,3303.6,2045.0865675806122,312.41115089267737,286.60427468522585,0.0,335.33949286749544,0.10150729291303288,0.4871026735800436,0,True,0.02030145858260658,completed,completed,100
2859->7570,2859,7570,1,"(4389,)",0.15,1,0.15,127.0,0.564,False,3303.6,867.5732426167822,158.50307753030918,106.38616887588293,0.0,167.01397104037983,0.05055514318936307,0.45724583680687675,0,True,0.010111028637872615,completed,completed,100
3928->12232,3928,12232,1,"(5714,)",0.15,1,0.15,63.5,0.637,False,3303.6,3698.5589567787865,160.3801374573014,431.54257542129636,0.0,194.9035434910051,0.05899731913397661,0.40970111831605793,0,True,0.011799463826795323,completed,completed,100
4052->4053,4052,4053,1,"(6002,)",0.15,1,0.15,127.0,0.564,False,3303.6,2854.9979414278046,366.34234985009397,466.79216342344614,0.0,403.68572292396965,0.12219570254388233,0.49620646701952204,0,True,0.024439140508776467,completed,completed,100
4053->4052,4053,4052,1,"(6006,)",0.15,1,0.15,127.0,0.564,False,3303.6,1381.0290602649382,125.36330665884302,225.7982513533174,0.0,143.42716676710842,0.04341541553672007,0.45783847280683054,0,True,0.008683083107344015,completed,completed,100
4087->11075,4087,11075,1,"(6061,)",0.15,1,0.15,63.5,0.637,False,3303.6,3751.3872994152716,233.59380097781516,322.52058703130774,0.0,259.3954479403198,0.07851902407686155,0.41826712290052165,0,True,0.01570380481537231,completed,completed,100
4325->4481,4325,4481,1,"(6452,)",0.15,1,0.15,127.0,0.564,False,3303.6,2965.9829275976967,560.6353703169539,415.6613217104773,0.0,593.8882760537921,0.1797700314970917,0.5080094974208004,0,True,0.03595400629941834,completed,completed,100
4345->2458,4345,2458,1,"(6512,)",0.15,1,0.15,127.0,0.564,False,3303.6,1538.3218954331287,223.92187906875589,215.58482563141422,0.0,241.168665119269,0.07300177537209983,0.4742906860691972,0,True,0.014600355074419966,completed,completed,100
4391->4392,4391,4392,1,"(6637,)",0.15,1,0.15,127.0,0.564,False,3303.6,3235.2909290527928,547.8199769486424,507.8112642241264,0.0,588.4448780865725,0.17812231447105356,0.5086850478335554,0,True,0.035624462894210715,completed,completed,100
4392->4391,4392,4391,1,"(6638,)",0.15,1,0.15,127.0,0.564,False,3303.6,3525.3537648649212,691.8881737541791,553.339526933198,0.0,736.1553359088349,0.22283428257320345,0.516230451995801,0,True,0.04456685651464069,completed,completed,100
4396->6363,4396,6363,1,"(6654,)",0.15,1,0.15,127.0,0.564,False,3303.6,2445.1104369748145,305.74468163911985,383.7845341875669,0.0,336.4474443741252,0.10184266992799529,0.48914678231030334,0,True,0.02036853398559906,completed,completed,100
4409->8798,4409,8798,1,"(6702,)",0.15,1,0.15,127.0,0.564,False,3303.6,3188.3596365959015,527.975951553054,500.44492856009276,0.0,568.0115458378614,0.1719371430675207,0.5074829838476327,0,True,0.03438742861350414,completed,completed,100
4452->10851,4452,10851,1,"(6841,)",0.15,1,0.15,88.9,0.637,False,3303.6,5287.396603068132,1072.5444815265716,690.9569880889436,0.0,1127.8210405736872,0.341391524571282,0.48229410096914704,0,True,0.0682783049142564,completed,completed,100
4481->4325,4481,4325,1,"(6919,)",0.15,1,0.15,127.0,0.564,False,3303.6,2991.6114959896154,570.3871197889428,419.25298250940193,0.0,603.9273583896949,0.18280886257104215,0.5085979062450049,0,True,0.03656177251420843,completed,completed,100
4514->4505,4514,4505,1,"(7001,)",0.15,1,0.15,127.0,0.564,False,3303.6,1450.3284842410483,210.08125167436648,203.2531775772098,0.0,226.34150588054328,0.06851359301384649,0.47178145200395044,0,True,0.013702718602769299,completed,completed,100
4559->12808,4559,12808,1,"(7136,)",0.15,1,0.15,88.9,0.637,False,3303.6,1152.249163443332,14.539939114950661,129.80682817135747,0.0,24.92448536865926,0.0075446438335934314,0.354147975621091,0,False,0.0075446438335934314,completed,completed,100
5204->5206,5204,5206,1,"(9103,)",0.15,1,0.15,63.5,0.637,False,3303.6,4928.942609164282,629.2068402617189,536.7618501379903,0.0,672.1477882727581,0.20345919247873778,0.44931540853057295,1,False,0.25432399059842226,completed,completed,100
5371->10331,5371,10331,1,"(9478,)",0.15,1,0.15,127.0,0.564,False,3303.6,1742.6265453276546,257.4818279219628,244.21666299520422,0.0,277.01916096157913,0.08385372350211259,0.47973000605981303,0,True,0.01677074470042252,completed,completed,100
5371->9629,5371,9629,1,"(9477,)",0.15,1,0.15,127.0,0.564,False,3303.6,1545.5630714165945,225.07527803949853,216.59962472281134,0.0,242.40324801732345,0.07337548371997925,0.4744921554418434,0,True,0.01467509674399585,completed,completed,100
5742->8522,5742,8522,1,"(10188,)",0.15,1,0.15,127.0,0.564,False,3303.6,1898.816116579661,284.9022634156766,266.1055157663783,0.0,306.19070467698685,0.09268395225723056,0.48361455052033486,0,True,0.01853679045144611,completed,completed,100
6212->8358,6212,8358,1,"(10927,)",0.15,1,0.15,127.0,0.564,False,3303.6,1871.7011967744354,280.01037221689694,262.3055534336745,0.0,300.9948164915909,0.09111115646312837,0.4829536048034002,0,True,0.018222231292625676,completed,completed,100
6363->4396,6363,4396,1,"(11203,)",0.15,1,0.15,127.0,0.564,False,3303.6,2630.61956876613,348.1081324594241,412.90204751353184,0.0,381.14029626050666,0.11537119998199136,0.4936200671933897,0,True,0.023074239996398273,completed,completed,100
7045->2847,7045,2847,1,"(12473,)",0.15,1,0.15,228.6,0.463,False,3303.6,564.1111984575704,896.3622967569172,97.3696222194799,0.0,904.1518665344756,0.27368684663230286,0.6054191798624657,0,True,0.054737369326460575,completed,completed,100
7570->7572,7570,7572,1,"(13740,)",0.15,1,0.15,127.0,0.564,False,3303.6,781.5304751801943,142.690919360069,95.83517451897134,0.0,150.3577333215867,0.045513298620167904,0.45302265126840013,0,True,0.00910265972403358,completed,completed,100
7572->7570,7572,7570,1,"(13746,)",0.15,1,0.15,127.0,0.564,False,3303.6,861.8280653843292,157.44562540287882,105.68166651775338,0.0,165.9001587242991,0.05021799210688313,0.4569768843241092,0,True,0.010043598421376627,completed,completed,100
8180->7828,8180,7828,1,"(15116,)",0.15,1,0.15,63.5,0.637,False,3303.6,3987.173073385074,217.9465841990546,434.20314769163457,0.0,252.68283601438537,0.0764871158779469,0.4181596063636406,0,True,0.01529742317558938,completed,completed,100
8754->8755,8754,8755,1,"(15931,)",0.15,1,0.15,152.4,0.509,False,3303.6,1003.8077635621752,295.06082187348113,158.4223752564733,0.0,307.734611893999,0.09315129310267556,0.5130014535330011,0,True,0.018630258620535113,completed,completed,100
8798->4409,8798,4409,1,"(16074,)",0.15,1,0.15,127.0,0.564,False,3303.6,3745.022001938609,829.9163007023058,587.8186534242841,0.0,876.9417929762485,0.26545035506000986,0.5220553977569248,0,True,0.05309007101200197,completed,completed,100
9629->5371,9629,5371,1,"(17582,)",0.15,1,0.15,127.0,0.564,False,3303.6,2295.187518904559,364.87064239994373,321.65413657791044,0.0,390.60297332617654,0.11823555313178852,0.4928564825611097,0,True,0.023647110626357704,completed,completed,100
8099->8105,8099,8105,1,"(15055,)",0.05,3,0.15000000000000002,127.0,0.564,False,3303.6000000000004,4578.317271803442,448.5560822279418,115.16228829844046,0.0,457.769065291817,0.13856673486251875,0.5050615251876275,0,True,0.02771334697250375,completed,completed,100
8103->8100,8103,8100,1,"(15061,)",0.05,3,0.15000000000000002,107.95,0.564,False,3303.6000000000004,8046.6658923473215,636.3701564993759,202.40459590750572,0.0,652.5625241719763,0.19753073137546198,0.5089689425256148,0,True,0.0395061462750924,completed,completed,100
8146->8137,8146,8137,1,"(15093,)",0.05,3,0.15000000000000002,88.9,0.637,False,3303.6000000000004,2883.1127919704795,143.85787812465574,60.37903520107409,0.0,148.68820094074167,0.04500793102698319,0.41596676145286504,0,True,0.009001586205396638,completed,completed,100
10120->7036,10120,7036,1,"(18606,)",0.16,1,0.16,177.8,0.509,False,3523.84,1153.4672570611017,651.046204334816,194.17797367440033,0.0,666.5804422287681,0.18916308408689614,0.5542425715881086,0,True,0.03783261681737923,completed,completed,100
10348->6624,10348,6624,1,"(19123,)",0.16,1,0.16,127.0,0.564,False,3523.84,2905.948472814824,574.5014428846004,434.3977831362046,0.0,609.2532655354967,0.17289470167076162,0.5085403543176584,0,True,0.034578940334152326,completed,completed,100
10356->4204,10356,4204,1,"(19158,)",0.08,2,0.16,127.0,0.564,False,3523.84,2064.133135819485,157.26947427384133,154.2792080943935,0.0,169.61181092139282,0.04813266519518276,0.4671421887357928,0,True,0.009626533039036551,completed,completed,100
10356->4296,10356,4296,1,"(19159,)",0.08,2,0.16,127.0,0.564,False,3523.84,1226.6211650522132,93.06485086745346,91.68117050790258,0.0,100.39934450808566,0.028491459461293833,0.4460920642735889,0,True,0.005698291892258767,completed,completed,100
10361->4470,10361,4470,1,"(19178,)",0.08,2,0.16,127.0,0.564,False,3523.84,3069.66392385565,238.2579392346951,229.4354521373252,0.0,256.61277540568113,0.07282191456072952,0.4836469161276743,0,True,0.014564382912145905,completed,completed,100
10368->2544,10368,2544,1,"(19204,)",0.16,1,0.16,127.0,0.564,False,3523.84,2581.659313528564,465.5646417554175,385.9211865251842,0.0,496.43833667743223,0.14087993117662329,0.5012091256659763,0,True,0.02817598623532466,completed,completed,100
10612->4433,10612,4433,1,"(20303,)",0.16,1,0.16,228.6,0.463,False,3523.84,580.0940415614278,950.103972723089,124.60420012739468,0.0,960.0723087332806,0.2724505961488832,0.6074951332835676,0,True,0.05449011922977664,completed,completed,100
10814->12360,10814,12360,1,"(21220,)",0.16,1,0.16,63.5,0.637,False,3523.84,4092.9104500457097,248.41959058987976,445.7179480099779,0.0,284.07702643067796,0.08061575622919256,0.42189350109263823,0,True,0.016123151245838515,completed,completed,100
10859->8607,10859,8607,1,"(21425,)",0.16,1,0.16,127.0,0.564,False,3523.84,1744.8897532944281,203.17374708861087,292.1364220555664,0.0,226.54466085305617,0.06428914503866695,0.47382251331753356,0,True,0.012857829007733391,completed,completed,100
10882->4518,10882,4518,1,"(21529,)",0.16,1,0.16,127.0,0.564,False,3523.84,966.9108953962054,158.61108197535032,139.55524978518477,0.0,169.7755019581651,0.048179117655218484,0.4589083383265816,0,True,0.009635823531043697,completed,completed,100
11048->11047,11048,11047,1,"(22267,)",0.16,1,0.16,88.9,0.637,False,3523.84,1854.4965731811485,187.30137659924978,165.70640149286325,0.0,200.55788871867884,0.05691458429403118,0.4199519347999918,0,True,0.011382916858806236,completed,completed,100
12089->6911,12089,6911,1,"(25059,)",0.16,1,0.16,63.5,0.637,False,3523.84,3427.0279021582514,185.49338806737404,314.2764956168704,0.0,210.63550771672368,0.059774424411075326,0.4111531254418447,0,True,0.011954884882215066,completed,completed,100
12843->12635,12843,12635,1,"(27554,)",0.16,1,0.16,88.9,0.637,False,3523.84,2233.7875306740993,187.27398137320122,216.23063296925287,0.0,204.57243201074147,0.05805383672662251,0.42256270017994646,0,True,0.011610767345324503,completed,completed,100
2441->4008,2441,4008,1,"(3262,)",0.08,2,0.16,127.0,0.564,False,3523.84,2884.6816485454237,284.61510056669283,188.65817981487072,0.0,299.70775495188246,0.08505146514934914,0.48754147915783647,0,True,0.017010293029869828,completed,completed,100
2453->4403,2453,4403,1,"(3294,)",0.16,1,0.16,127.0,0.564,False,3523.84,2441.008085766059,196.7418242022248,464.4128838082917,0.0,233.89485490688813,0.06637499287904335,0.4784206661498734,0,True,0.01327499857580867,completed,completed,100
2459->4345,2459,4345,1,"(3311,)",0.16,1,0.16,127.0,0.564,False,3523.84,1632.9672883043816,255.138215320275,244.10528149738641,0.0,274.6666378400659,0.07794526364422502,0.4787706354321647,0,True,0.015589052728845004,completed,completed,100
2459->9340,2459,9340,1,"(3313,)",0.16,1,0.16,127.0,0.564,False,3523.84,1751.1817834567287,276.20193118149786,261.77665974416016,0.0,297.14406396103067,0.08432393751164373,0.48184904226365854,0,True,0.016864787502328747,completed,completed,100
2544->10368,2544,10368,1,"(3524,)",0.16,1,0.16,127.0,0.564,False,3523.84,1814.2040605337775,287.8156539002791,271.19758984893497,0.0,309.51146108819387,0.08783357391033471,0.48343563421907526,0,True,0.017566714782066943,completed,completed,100
2546->2549,2546,2549,1,"(3529,)",0.16,1,0.16,127.0,0.564,False,3523.84,1586.5048856774627,156.34543864249667,276.6864520621495,0.0,178.48035480746864,0.05064939236953682,0.4657722502385032,0,True,0.010129878473907365,completed,completed,100
2562->4373,2562,4373,1,"(3583,)",0.16,1,0.16,127.0,0.564,False,3523.84,2442.3482277385133,426.5004977680879,365.0961693579401,0.0,455.70819131672306,0.1293214763771122,0.4980795669913676,0,True,0.02586429527542244,completed,completed,100
2565->8995,2565,8995,1,"(3593,)",0.08,2,0.16,127.0,0.564,False,3523.84,2587.194923455011,198.51374828935502,193.37434056452315,0.0,213.98369553451687,0.06072457760128634,0.4764364795849647,0,True,0.012144915520257269,completed,completed,100
2589->2590,2589,2590,1,"(3666,)",0.16,1,0.16,127.0,0.564,False,3523.84,1624.8112219746795,186.80037385283862,272.03239402788876,0.0,208.56296537506972,0.05918627559000117,0.4706123796431784,0,True,0.011837255118000234,completed,completed,100
2590->2589,2590,2589,1,"(3670,)",0.16,1,0.16,127.0,0.564,False,3523.84,2027.1705194178012,245.92357523638347,339.39699704300597,0.0,273.07533499982395,0.07749368160864964,0.48095585127985374,0,True,0.015498736321729928,completed,completed,100
2643->2645,2643,2645,1,"(3800,)",0.08,2,0.16,127.0,0.564,False,3523.84,2465.7384156839685,188.80441377180546,184.29633415512177,0.0,203.5481205042152,0.057763156245520565,0.47444170680781106,0,True,0.011552631249104113,completed,completed,100
2643->2875,2643,2875,1,"(3801,)",0.08,2,0.16,127.0,0.564,False,3523.84,1728.8713832361523,131.40373698165348,129.22078681559356,0.0,141.74139992690095,0.04022356291060347,0.45993904708821076,0,True,0.008044712582120694,completed,completed,100
2646->2643,2646,2643,1,"(3808,)",0.08,2,0.16,127.0,0.564,False,3523.84,1928.4354234342404,146.76222254662989,144.13677336297067,0.0,158.29316441566755,0.044920644642114156,0.4643722048076019,0,True,0.008984128928422831,completed,completed,100
2648->2644,2648,2644,1,"(3812,)",0.08,2,0.16,127.0,0.564,False,3523.84,1870.406646136284,142.2859331527355,139.79953675121487,0.0,153.4698960928327,0.0435518911451237,0.46313046354178955,0,True,0.00871037822902474,completed,completed,100
2650->2649,2650,2649,1,"(3817,)",0.08,2,0.16,127.0,0.564,False,3523.84,2568.5217432577274,197.01464620775374,191.97865372463474,0.0,212.37293850572453,0.06026747483022059,0.4761352424450107,0,True,0.012053494966044118,completed,completed,100
2650->4457,2650,4457,1,"(3818,)",0.08,2,0.16,127.0,0.564,False,3523.84,2211.000732830749,168.71584608911584,165.25651191672114,0.0,181.93636704245353,0.05163014411620662,0.4699527914265683,0,True,0.010326028823241323,completed,completed,100
2673->2650,2673,2650,1,"(3853,)",0.08,2,0.16,127.0,0.564,False,3523.84,2434.758507642807,186.34267874866194,181.9808073141024,0.0,200.90114333379012,0.057011993545050314,0.47391892445229905,0,True,0.011402398709010064,completed,completed,100
2701->2702,2701,2702,1,"(3925,)",0.08,2,0.16,127.0,0.564,False,3523.84,2422.332537591056,185.35686547137476,181.05205480966293,0.0,199.8410298561478,0.056711153132987815,0.473707557394747,0,True,0.011342230626597564,completed,completed,100
2702->2765,2702,2765,1,"(3930,)",0.08,2,0.16,127.0,0.564,False,3523.84,4345.230409190386,360.7368983611059,324.77493572691577,0.0,386.71889321925914,0.10974360164458634,0.49951843703749693,0,True,0.02194872032891727,completed,completed,100
2712->2714,2712,2714,1,"(3947,)",0.08,2,0.16,127.0,0.564,False,3523.84,3329.075964182133,260.67930600414167,248.82464920858462,0.0,280.5852779408284,0.07962486320060741,0.48716109370778643,0,True,0.015924972640121483,completed,completed,100
2714->2715,2714,2715,1,"(3950,)",0.08,2,0.16,127.0,0.564,False,3523.84,3667.3315125092818,291.46248795849635,274.1068353349795,0.0,313.3910347852947,0.08893452449183127,0.4914731350394699,0,True,0.017786904898366256,completed,completed,100
2760->2779,2760,2779,1,"(4103,)",0.08,2,0.16,127.0,0.564,False,3523.84,3488.6120827493205,349.80639508765546,228.15523021180556,0.0,368.0588135045999,0.10444821941535368,0.4956671824693976,0,True,0.020889643883070737,completed,completed,100
2764->2711,2764,2711,1,"(4111,)",0.08,2,0.16,127.0,0.564,False,3523.84,3748.09289644254,299.1265537897397,280.1431719169625,0.0,321.53800754309674,0.09124648325210473,0.49246674374112487,0,True,0.018249296650420948,completed,completed,100
2774->4514,2774,4514,1,"(4135,)",0.08,2,0.16,127.0,0.564,False,3523.84,5063.005830863698,451.0388610570789,378.4235215296982,0.0,481.31274277945477,0.13658757003140176,0.5076376498238908,0,True,0.027317514006280352,completed,completed,100
2776->10361,2776,10361,1,"(4139,)",0.08,2,0.16,127.0,0.564,False,3523.84,2205.5617799612896,168.2903862266988,164.8499890393924,0.0,181.4783853498502,0.05150017746261187,0.46985186052870553,0,True,0.010300035492522374,completed,completed,100
2779->2760,2779,2760,1,"(4143,)",0.08,2,0.16,127.0,0.564,False,3523.84,4253.905343883809,442.08268764697345,278.2054094900011,0.0,464.33912040617355,0.13177077290858086,0.5046807118881838,0,True,0.026354154581716173,completed,completed,100
2787->4199,2787,4199,1,"(4162,)",0.16,1,0.16,127.0,0.564,False,3523.84,2314.9247351161534,493.60353098551633,302.7921553531929,0.0,517.8269034137718,0.1469496070802794,0.5012649420858222,0,True,0.029389921416055884,completed,completed,100
2827->8335,2827,8335,1,"(4290,)",0.08,2,0.16,127.0,0.564,False,3523.84,2949.0112481691203,228.11023270903343,220.4175264345834,0.0,245.7436348238001,0.06973745539632903,0.48193573017068514,0,True,0.013947491079265807,completed,completed,100
2874->2645,2874,2645,1,"(4434,)",0.08,2,0.16,127.0,0.564,False,3523.84,2505.3209331250328,191.9582118064891,187.2548446015739,0.0,206.938599374615,0.0587253108468645,0.4751011801430003,0,True,0.0117450621693729,completed,completed,100
3941->9766,3941,9766,1,"(5754,)",0.16,1,0.16,88.9,0.637,False,3523.84,1547.9685464878505,84.53839551951026,163.46547850911702,0.0,97.61563380023962,0.02770149433579266,0.3968542837044416,0,False,0.02770149433579266,completed,completed,100
4008->2441,4008,2441,1,"(5951,)",0.08,2,0.16,127.0,0.564,False,3523.84,2669.6792390560404,262.39878450730856,174.59702223426507,0.0,276.36654628604975,0.07842766592298452,0.4843090909234486,0,True,0.015685533184596905,completed,completed,100
4165->4154,4165,4154,1,"(6127,)",0.08,2,0.16,127.0,0.564,False,3523.84,2808.3531872393337,216.46905874088645,209.90434108051707,0.0,233.2614060273278,0.06619523191385755,0.47986868832186136,0,True,0.013239046382771512,completed,completed,100
4199->2787,4199,2787,1,"(6142,)",0.16,1,0.16,127.0,0.564,False,3523.84,2853.3932227422088,678.3011345367651,373.223833534681,0.0,708.1590412195395,0.2009623141855304,0.5127811315804436,0,True,0.040192462837106084,completed,completed,100
4204->10356,4204,10356,1,"(6148,)",0.08,2,0.16,127.0,0.564,False,3523.84,1964.9177346312567,149.58137213750334,146.86356553701052,0.0,161.33045738046417,0.04578257167761991,0.4651347067111345,0,True,0.009156514335523983,completed,completed,100
4210->4347,4210,4347,1,"(6153,)",0.08,2,0.16,127.0,0.564,False,3523.84,3614.659333434865,286.5345236415462,270.16996617901736,0.0,308.14812093586755,0.08744668342940302,0.49081838436589803,0,True,0.017489336685880607,completed,completed,100
4270->2643,4270,2643,1,"(6298,)",0.08,2,0.16,127.0,0.564,False,3523.84,2266.174375485881,173.03924193716506,169.3803476077447,0.0,186.58966974578465,0.05295066454373202,0.47096384125457785,0,True,0.010590132908746405,completed,completed,100
4287->4283,4287,4283,1,"(6352,)",0.08,2,0.16,127.0,0.564,False,3523.84,3146.5858986486473,244.81509463518063,235.18482031042464,0.0,263.6298802600146,0.07481323790524388,0.4847110142861223,0,True,0.014962647581048778,completed,completed,100
4296->4287,4296,4287,1,"(6381,)",0.08,2,0.16,127.0,0.564,False,3523.84,1957.057102480752,148.97360958732008,146.2760394311328,0.0,160.6756927418107,0.04559676169798024,0.46497156350079505,0,True,0.009119352339596048,completed,completed,100
4303->4304,4303,4304,1,"(6399,)",0.08,2,0.16,127.0,0.564,False,3523.84,1970.1962251336624,149.98959660226754,147.25809499856175,0.0,161.77024420215247,0.04590737496655707,0.465243910179569,0,True,0.009181474993311414,completed,completed,100
4329->7024,4329,7024,1,"(6467,)",0.16,1,0.16,127.0,0.564,False,3523.84,3246.774213303721,589.6642787893004,543.5879258881622,0.0,633.1513128603534,0.17967652131207812,0.5108845006334272,0,True,0.035935304262415625,completed,completed,100
4335->4481,4335,4481,1,"(6486,)",0.16,1,0.16,127.0,0.564,False,3523.84,1195.300720277239,182.84346861375803,178.68038195687186,0.0,197.13789917030778,0.05594405511325933,0.4656107010948375,0,True,0.011188811022651866,completed,completed,100
4345->2459,4345,2459,1,"(6513,)",0.16,1,0.16,127.0,0.564,False,3523.84,2269.7663278504233,383.11241061503193,339.29764078038335,0.0,410.2562218774626,0.11642305606311938,0.4941824699936727,0,True,0.023284611212623877,completed,completed,100
4368->10349,4368,10349,1,"(6565,)",0.08,2,0.16,127.0,0.564,False,3523.84,3074.829686135696,238.69606854002083,229.82155596945665,0.0,257.08179301757735,0.07295501300217301,0.48371900650762956,0,True,0.014591002600434604,completed,completed,100
4374->4437,4374,4437,1,"(6581,)",0.08,2,0.16,127.0,0.564,False,3523.84,3174.6670174513015,315.31705094782643,207.62322294131513,0.0,331.92690878313164,0.09419465945761772,0.49159396092545715,0,True,0.018838931891523546,completed,completed,100
4389->6893,4389,6893,1,"(6631,)",0.16,1,0.16,127.0,0.564,False,3523.84,1358.953666112334,153.1404114437777,227.52145859519146,0.0,171.34212813139303,0.04862369691342201,0.4628858955975506,0,True,0.009724739382684403,completed,completed,100
4403->2453,4403,2453,1,"(6678,)",0.16,1,0.16,127.0,0.564,False,3523.84,2590.7280263200873,224.4491193145592,492.89778304387994,0.0,263.88094195806957,0.0748844845276941,0.4826205237919703,0,True,0.014976896905538821,completed,completed,100
4410->4414,4410,4414,1,"(6705,)",0.08,2,0.16,127.0,0.564,False,3523.84,3565.927527703773,282.02236872918087,266.5276117849449,0.0,303.3445776719765,0.08608352753586328,0.49020756986748315,0,True,0.017216705507172657,completed,completed,100
4414->4416,4414,4416,1,"(6722,)",0.08,2,0.16,127.0,0.564,False,3523.84,2289.5224762970497,174.87304061374573,171.12545137123095,0.0,188.5630767234442,0.05351068059941547,0.47138486099237914,0,True,0.010702136119883094,completed,completed,100
4416->4417,4416,4417,1,"(6726,)",0.08,2,0.16,127.0,0.564,False,3523.84,1979.9986658873524,150.7479200538763,147.99075742746612,0.0,162.5871806480736,0.046139206277263894,0.4654459695852323,0,True,0.00922784125545278,completed,completed,100
4417->4419,4417,4419,1,"(6729,)",0.08,2,0.16,127.0,0.564,False,3523.84,2231.1162932604225,170.29050623192106,166.76000637626476,0.0,183.63130674202225,0.052111136357502676,0.4703240849496532,0,True,0.010422227271500537,completed,completed,100
4433->10612,4433,10612,1,"(6779,)",0.16,1,0.16,228.6,0.463,False,3523.84,327.5372400785135,536.2471471634129,70.35499916886468,0.0,541.8755470969221,0.1537741631563641,0.584395424896126,0,True,0.03075483263127282,completed,completed,100
4437->4374,4437,4374,1,"(6791,)",0.08,2,0.16,127.0,0.564,False,3523.84,4177.580905901772,432.20408041565565,273.2137912459759,0.0,454.06118371533375,0.12885408637036125,0.5038232120473909,0,True,0.025770817274072252,completed,completed,100
4467->4461,4467,4461,1,"(6885,)",0.08,2,0.16,127.0,0.564,False,3523.84,2502.5961203250736,191.74079480264143,187.05118430772552,0.0,206.70488954725948,0.058658988361349966,0.4750560811660913,0,True,0.011731797672269994,completed,completed,100
4473->4534,4473,4534,1,"(6902,)",0.08,2,0.16,127.0,0.564,False,3523.84,3792.5591279020205,384.82334518305385,248.03336696479218,0.0,404.6660145402372,0.11483665959301137,0.4993730815779011,0,True,0.022967331918602275,completed,completed,100
4487->4482,4487,4482,1,"(6937,)",0.16,1,0.16,127.0,0.564,False,3523.84,1922.3799182278126,229.23739101849173,321.85253542937335,0.0,254.9855938528416,0.07236015081639392,0.4783592254205709,0,True,0.014472030163278785,completed,completed,100
4505->4494,4505,4494,1,"(6984,)",0.08,2,0.16,127.0,0.564,False,3523.84,1937.7281595951154,147.47993896236432,144.8313390143092,0.0,159.06644608350905,0.04514008754186031,0.46456772754532033,0,True,0.009028017508372062,completed,completed,100
4519->9345,4519,9345,1,"(7017,)",0.16,1,0.16,127.0,0.564,False,3523.84,3143.211749014121,917.5934492499481,365.45075268537516,0.0,946.8295094647781,0.2686925369667119,0.5224099199740669,0,True,0.053738507393342384,completed,completed,100
4534->4473,4534,4473,1,"(7054,)",0.08,2,0.16,127.0,0.564,False,3523.84,4323.996896303592,451.3152834927255,282.78939701825493,0.0,473.9384352541859,0.13449487923804312,0.5054623760457492,0,True,0.026898975847608628,completed,completed,100
4534->4540,4534,4540,1,"(7056,)",0.08,2,0.16,127.0,0.564,False,3523.84,2760.7167092122063,271.75675018128186,180.5508727824783,0.0,286.20082000388015,0.08121844919289188,0.48570437954148993,0,True,0.016243689838578376,completed,completed,100
4540->4534,4540,4534,1,"(7072,)",0.08,2,0.16,127.0,0.564,False,3523.84,1882.0033688384367,183.51289329235598,123.08302032203376,0.0,193.3595349181187,0.054871825882593615,0.46998746413999476,0,True,0.010974365176518723,completed,completed,100
5795->8730,5795,8730,1,"(10240,)",0.08,2,0.16,127.0,0.564,False,3523.84,1875.650257690224,142.69004275145036,140.19145926050362,0.0,153.90535949229064,0.04367546752755251,0.4632441774104175,0,True,0.008735093505510503,completed,completed,100
6402->9633,6402,9633,1,"(11339,)",0.16,1,0.16,127.0,0.564,False,3523.84,1731.3758295824907,272.6104189166729,258.8159525821598,0.0,293.3156951232457,0.08323751791319858,0.48134310572440875,0,True,0.01664750358263972,completed,completed,100
6543->6498,6543,6498,1,"(11604,)",0.16,1,0.16,127.0,0.564,False,3523.84,843.133593951579,147.40971572279062,117.63399902812432,0.0,156.82043564504056,0.04450271171365344,0.45508468482095715,0,True,0.008900542342730688,completed,completed,100
6624->10348,6624,10348,1,"(11664,)",0.16,1,0.16,127.0,0.564,False,3523.84,1915.1249706468595,307.06536931951393,286.2838241835534,0.0,329.9680752541982,0.09363877907458856,0.48591134376459616,0,True,0.018727755814917712,completed,completed,100
6660->4368,6660,4368,1,"(11746,)",0.08,2,0.16,127.0,0.564,False,3523.84,3077.0413482350227,238.88374422292748,229.98686191379485,0.0,257.28269317603105,0.07301202471622747,0.48374984285125716,0,True,0.014602404943245495,completed,completed,100
6835->6838,6835,6838,1,"(12077,)",0.16,1,0.16,228.6,0.463,False,3523.84,227.7476941024477,385.8723557339493,41.93160402274779,0.0,389.2268840557691,0.11045532261844156,0.570689872780463,0,True,0.022091064523688312,completed,completed,100
6838->6835,6838,6835,1,"(12080,)",0.16,1,0.16,228.6,0.463,False,3523.84,437.88838378256804,742.0064750390703,80.62150700271052,0.0,748.4561955992872,0.2123978942288206,0.5970841117900229,0,True,0.04247957884576412,completed,completed,100
6893->4389,6893,4389,1,"(12180,)",0.16,1,0.16,127.0,0.564,False,3523.84,1301.0737581308415,146.16422364085776,217.83097288129804,0.0,163.5907014713616,0.04642398675063612,0.46105148260283296,0,True,0.009284797350127225,completed,completed,100
7024->4329,7024,4329,1,"(12419,)",0.16,1,0.16,127.0,0.564,False,3523.84,3946.522973129209,1048.7282659435205,660.7426622531848,0.0,1101.5876789237752,0.31261001604039207,0.5293608408863102,0,True,0.06252200320807842,completed,completed,100
7036->10120,7036,10120,1,"(12447,)",0.16,1,0.16,177.8,0.509,False,3523.84,744.1487728473946,417.9852854873499,125.2721305604814,0.0,428.00705593218845,0.12146041135017152,0.5363993557287313,0,True,0.024292082270034307,completed,completed,100
7037->10122,7037,10122,1,"(12451,)",0.08,2,0.16,177.8,0.509,False,3523.84,1058.8291528850584,266.8921690645198,103.97702281331271,0.0,275.21033088958484,0.078099553580635,0.5272257140869863,0,True,0.015619910716127,completed,completed,100
7435->7437,7435,7437,1,"(13336,)",0.08,2,0.16,127.0,0.564,False,3523.84,2033.7581353582193,154.91226200387663,152.00889377420293,0.0,167.07297350581285,0.0474121905381098,0.46653749216539114,0,True,0.009482438107621961,completed,completed,100
7560->4378,7560,4378,1,"(13698,)",0.08,2,0.16,127.0,0.564,False,3523.84,5231.308777122146,325.2657379539698,456.17012536505115,0.0,361.7593479831739,0.10266054871480369,0.4995745926850887,0,True,0.02053210974296074,completed,completed,100
8081->2863,8081,2863,1,"(15034,)",0.16,1,0.16,127.0,0.564,False,3523.84,4720.223259365187,2344.4399112609076,658.565549146631,0.0,2397.125155192638,0.6802593634196326,0.5542791246863766,0,True,0.13605187268392652,completed,completed,100
8092->2859,8092,2859,1,"(15046,)",0.16,1,0.16,127.0,0.564,False,3523.84,4072.845170605604,1438.0657060920933,568.243358202894,0.0,1483.5251747483248,0.42099674637563705,0.5384956780956643,0,True,0.08419934927512741,completed,completed,100
8116->2821,8116,2821,1,"(15073,)",0.16,1,0.16,88.9,0.637,False,3523.84,3521.7646594666,220.9432686771805,409.0881828436403,0.0,253.67032330467174,0.07198690159163632,0.4338548832786014,0,True,0.014397380318327263,completed,completed,100
8121->2806,8121,2806,1,"(15079,)",0.16,1,0.16,88.9,0.637,False,3523.84,3214.455408574639,163.6204318870721,373.3911402600301,0.0,193.49172310787452,0.05490933842282127,0.4248916198604743,0,True,0.010981867684564255,completed,completed,100
8335->2827,8335,2827,1,"(15293,)",0.08,2,0.16,127.0,0.564,False,3523.84,2550.4489191344023,195.566012801381,190.62783921301707,0.0,210.81623993842237,0.059825712841225016,0.4758418551787499,0,True,0.011965142568245005,completed,completed,100
8757->8758,8757,8758,1,"(15939,)",0.16,1,0.16,127.0,0.564,False,3523.84,4505.367166849086,1881.9395630613458,673.4880290558406,0.0,1935.818605385813,0.5493491774274124,0.5474566522890834,0,True,0.10986983548548249,completed,completed,100
8758->8757,8758,8757,1,"(15944,)",0.16,1,0.16,127.0,0.564,False,3523.84,3998.098474912187,1265.9830291194482,597.6586063068734,0.0,1313.7957176239981,0.3728306953845799,0.5347051038858275,0,True,0.07456613907691599,completed,completed,100
8918->12035,8918,12035,1,"(16345,)",0.16,1,0.16,63.5,0.637,False,3523.84,3789.7396291310433,203.33941238673705,366.846796099885,0.0,232.68715607472785,0.0660322704988671,0.4151793434603991,1,False,0.08254033812358388,completed,completed,100
9335->4076,9335,4076,1,"(17331,)",0.08,2,0.16,127.0,0.564,False,3523.84,2626.9449290899265,301.82951954308817,152.7130652110944,0.0,314.0465647599757,0.08912055165954631,0.4878982615516685,0,True,0.017824110331909265,completed,completed,100
9340->2459,9340,2459,1,"(17349,)",0.16,1,0.16,127.0,0.564,False,3523.84,877.5645873409785,133.41913912791136,131.18336917051428,0.0,143.9138086615525,0.04084005194945074,0.4529987595899989,0,True,0.00816801038989015,completed,completed,100
9345->4519,9345,4519,1,"(17364,)",0.16,1,0.16,127.0,0.564,False,3523.84,1994.7520625387785,475.22211413250295,231.92317313784204,0.0,493.77596798353034,0.1401244006491584,0.4982397963837164,0,True,0.028024880129831682,completed,completed,100
10004->10007,10004,10007,1,"(18367,)",0.17,1,0.17,63.5,0.637,False,3744.0800000000004,4122.73204120127,308.32535687247116,424.0229904375507,0.0,342.24719610747525,0.09141022523756843,0.4274611916123086,0,True,0.018282045047513688,completed,completed,100
10352->2458,10352,2458,1,"(19140,)",0.17,1,0.17,127.0,0.564,False,3744.0800000000004,4112.438987298466,1469.6534424520348,653.1728094397764,0.0,1521.907267207217,0.406483640095088,0.5393556190646327,0,True,0.0812967280190176,completed,completed,100
10354->2792,10354,2792,1,"(19152,)",0.17,1,0.17,127.0,0.564,False,3744.0800000000004,1206.5235429364384,196.15958293227683,191.63041071953322,0.0,211.4900157898395,0.05648651091585636,0.46777950731069917,0,True,0.011297302183171272,completed,completed,100
10369->7518,10369,7518,1,"(19209,)",0.17,1,0.17,127.0,0.564,False,3744.0800000000004,1771.3587923196826,297.38175690016635,281.3423864715748,0.0,319.8891478178923,0.08543865190324253,0.4841469027537065,0,True,0.017087730380648505,completed,completed,100
10550->3983,10550,3983,1,"(20001,)",0.17,1,0.17,127.0,0.564,False,3744.0800000000004,4127.592979781181,1299.1972635492452,734.249259987315,0.0,1357.9372043482304,0.3626891531025593,0.5360285824636828,0,True,0.07253783062051186,completed,completed,100
10566->4430,10566,4430,1,"(20075,)",0.17,1,0.17,127.0,0.564,False,3744.0800000000004,4415.328383389844,1921.2330678313826,677.0982202279764,0.0,1975.4009254496207,0.5276064949065246,0.5478345746944772,0,True,0.10552129898130491,completed,completed,100
12410->10835,12410,10835,1,"(26064,)",0.17,1,0.17,127.0,0.564,False,3744.0800000000004,1923.6873554071592,136.5437845442647,388.86465486212364,0.0,167.65295693323458,0.04477814494701891,0.466032974873251,0,True,0.008955628989403781,completed,completed,100
12600->12601,12600,12601,1,"(26709,)",0.17,1,0.17,63.5,0.637,False,3744.0800000000004,3612.7401940906907,206.37142187028616,361.52788763892414,0.0,235.29365288140008,0.06284418412037138,0.4149858505027566,0,True,0.012568836824074276,completed,completed,100
12968->2629,12968,2629,1,"(27965,)",0.17,1,0.17,88.9,0.637,False,3744.0800000000004,4023.568391530365,283.22455016110473,532.0594402314404,0.0,325.78930537962,0.08701451501560328,0.44267683216602915,2,False,0.1305217725234049,completed,completed,100
2458->10352,2458,10352,1,"(3310,)",0.17,1,0.17,127.0,0.564,False,3744.0800000000004,2341.266004649667,425.510935463604,371.8599348527858,0.0,455.2597302518269,0.12159455199991102,0.49758988354889433,0,True,0.024318910399982206,completed,completed,100
2560->2557,2560,2557,1,"(3577,)",0.17,1,0.17,127.0,0.564,False,3744.0800000000004,1149.7888513583084,186.6425787954363,182.61932070573823,0.0,201.25212445189536,0.053752089819634016,0.46579528189448705,0,True,0.010750417963926805,completed,completed,100
2595->2590,2595,2590,1,"(3686,)",0.17,1,0.17,127.0,0.564,False,3744.0800000000004,1806.9043664063206,225.2516659482348,321.4266039312876,0.0,250.9657942627378,0.0670300298772296,0.47721634640678623,0,True,0.01340600597544592,completed,completed,100
2792->10354,2792,10354,1,"(4180,)",0.17,1,0.17,127.0,0.564,False,3744.0800000000004,1068.7477650807587,173.162489875055,169.7476807452554,0.0,186.74230433467542,0.04987668648497773,0.4627987183570483,0,True,0.009975337296995547,completed,completed,100
2803->8152,2803,8152,1,"(4209,)",0.17,1,0.17,76.2,0.637,False,3744.0800000000004,4624.430059725055,518.4099973664768,570.7471579712663,0.0,564.069770004178,0.1506564416369784,0.45191392855658485,0,True,0.03013128832739568,completed,completed,100
2836->2837,2836,2837,1,"(4315,)",0.17,1,0.17,177.8,0.509,False,3744.0800000000004,621.5230553916106,370.73222525194814,111.16827735758088,0.0,379.6256874405546,0.10139358332101733,0.5309022614014582,0,True,0.02027871666420347,completed,completed,100
2837->2836,2837,2836,1,"(4318,)",0.17,1,0.17,177.8,0.509,False,3744.0800000000004,524.4751676698422,312.76769597618346,93.80987624014658,0.0,320.2724860753952,0.08554103707062755,0.5240437182701579,0,True,0.01710820741412551,completed,completed,100
2842->6907,2842,6907,1,"(4332,)",0.17,1,0.17,177.8,0.509,False,3744.0800000000004,1574.0849269331884,638.7667893640596,437.9628961703775,0.0,673.8038210576898,0.17996512389096647,0.5579478244652545,0,True,0.03599302477819329,completed,completed,100
2863->7515,2863,7515,1,"(4401,)",0.17,1,0.17,127.0,0.564,False,3744.0800000000004,1178.446634759604,191.44076776308847,187.1709955036754,0.0,206.4144474033825,0.05513088593282795,0.46680842582892235,0,True,0.011026177186565591,completed,completed,100
3983->10550,3983,10550,1,"(5896,)",0.17,1,0.17,127.0,0.564,False,3744.0800000000004,3341.7468483796856,675.7075437783917,594.4566633645657,0.0,723.2640768475569,0.19317538002594944,0.5151259979420777,0,True,0.038635076005189894,completed,completed,100
4396->4397,4396,4397,1,"(6653,)",0.17,1,0.17,127.0,0.564,False,3744.0800000000004,2340.0433884215304,322.4588722049714,416.2656382795293,0.0,355.7601232673337,0.09501937011691355,0.49031310952823853,0,True,0.019003874023382713,completed,completed,100
4397->4396,4397,4396,1,"(6655,)",0.17,1,0.17,127.0,0.564,False,3744.0800000000004,3249.9710518718352,628.1036704158719,578.1308504753772,0.0,674.354138453902,0.18011210723432777,0.5127558546359057,0,True,0.03602242144686556,completed,completed,100
4430->10566,4430,10566,1,"(6769,)",0.17,1,0.17,127.0,0.564,False,3744.0800000000004,2893.758142702476,642.1987301152424,443.7628004216019,0.0,677.6997541489706,0.1810056820764969,0.5116366314733446,0,True,0.03620113641529938,completed,completed,100
5022->5021,5022,5021,1,"(8624,)",0.17,1,0.17,127.0,0.564,False,3744.0800000000004,2422.422275842391,205.70639326423333,489.6816520511947,0.0,244.8809254283289,0.06540483254319589,0.4796884206354423,0,True,0.013080966508639179,completed,completed,100
5022->5024,5022,5024,1,"(8625,)",0.17,1,0.17,127.0,0.564,False,3744.0800000000004,1717.7574050665282,287.0409974177366,272.82895470756665,0.0,308.86731379434195,0.08249484887992295,0.48277900593159695,0,True,0.01649896977598459,completed,completed,100
5083->5084,5083,5084,1,"(8786,)",0.17,1,0.17,127.0,0.564,False,3744.0800000000004,3221.0106479065116,756.8718992258903,511.58851976320864,0.0,797.7989808069469,0.2130827815663519,0.5176201606391562,0,True,0.04261655631327038,completed,completed,100
5084->5083,5084,5083,1,"(8790,)",0.17,1,0.17,127.0,0.564,False,3744.0800000000004,2436.918083233158,451.62194186617046,387.0522178483751,0.0,482.5861192940405,0.1288931110697529,0.4997455429958262,0,True,0.02577862221395058,completed,completed,100
5837->9016,5837,9016,1,"(10353,)",0.17,1,0.17,127.0,0.564,False,3744.0800000000004,1829.57494122664,228.75589730853042,325.45942714492463,0.0,254.7926514801244,0.06805213870433441,0.47779775630075866,0,True,0.013610427740866883,completed,completed,100
5885->5896,5885,5896,1,"(10449,)",0.17,1,0.17,127.0,0.564,False,3744.0800000000004,4016.759578666434,1182.5394229162723,714.5333279298148,0.0,1239.7020891506575,0.3311099359924621,0.5330414166085345,0,True,0.06622198719849241,completed,completed,100
5896->5885,5896,5885,1,"(10452,)",0.17,1,0.17,127.0,0.564,False,3744.0800000000004,3566.667285381281,811.1977283089631,634.4673100619054,0.0,861.9551131139156,0.23021813452541492,0.5210146270359477,0,True,0.046043626905082985,completed,completed,100
6907->2842,6907,2842,1,"(12219,)",0.17,1,0.17,177.8,0.509,False,3744.0800000000004,1437.071896735115,577.9068293404958,399.8413040682669,0.0,609.8941336659572,0.16289559348784136,0.5540146983882446,0,True,0.03257911869756827,completed,completed,100
7020->8328,7020,8328,1,"(12405,)",0.17,1,0.17,127.0,0.564,False,3744.0800000000004,1730.002849951606,289.38508682688456,274.7738812251709,0.0,311.36699732489825,0.08316248512983115,0.48309388951246385,0,True,0.016632497025966232,completed,completed,100
7436->7439,7436,7439,1,"(13338,)",0.17,1,0.17,127.0,0.564,False,3744.0800000000004,1461.5729543684547,176.14418196439973,259.99628970669573,0.0,196.94388514093538,0.05260140946265447,0.4677727908053104,0,True,0.010520281892530896,completed,completed,100
7451->8696,7451,8696,1,"(13372,)",0.17,1,0.17,228.6,0.463,False,3744.0800000000004,577.8535305403883,983.2533321076995,143.86976946281467,0.0,994.7629136647247,0.26568954553981877,0.6085011068514541,0,True,0.05313790910796376,completed,completed,100
7495->7494,7495,7494,1,"(13502,)",0.17,1,0.17,127.0,0.564,False,3744.0800000000004,2587.8162009114917,382.7517614724655,460.3414483477435,0.0,419.579077340285,0.11206466671125749,0.49627419739564504,0,True,0.0224129333422515,completed,completed,100
7513->8082,7513,8082,1,"(13554,)",0.17,1,0.17,127.0,0.564,False,3744.0800000000004,3938.805709473596,1384.027888552963,583.888558372366,0.0,1430.7389732227523,0.382133654522006,0.5370607854684715,0,True,0.0764267309044012,completed,completed,100
7515->7525,7515,7525,1,"(13561,)",0.17,1,0.17,127.0,0.564,False,3744.0800000000004,1127.2529401905142,182.88147744520842,179.03997412911627,0.0,197.20467537553773,0.05267106348569948,0.46498215680030075,0,True,0.010534212697139896,completed,completed,100
7518->10369,7518,10369,1,"(13571,)",0.17,1,0.17,127.0,0.564,False,3744.0800000000004,1420.529417839442,232.85651253879377,225.62065810769886,0.0,250.90616518740967,0.06701410364826864,0.47458795318234925,0,True,0.013402820729653729,completed,completed,100
8041->6386,8041,6386,1,"(14989,)",0.17,1,0.17,152.4,0.509,False,3744.0800000000004,1834.656288302752,682.715400635231,306.27752076926146,0.0,707.2176022967719,0.18888955425545711,0.5441121123703391,0,True,0.037777910851091424,completed,completed,100
8094->8421,8094,8421,1,"(15050,)",0.17,1,0.17,127.0,0.564,False,3744.0800000000004,2892.564529599658,675.953958179744,428.7937658678534,0.0,710.2574594491722,0.18970146456517278,0.5130170660915182,0,True,0.03794029291303456,completed,completed,100
8328->7020,8328,7020,1,"(15286,)",0.17,1,0.17,127.0,0.564,False,3744.0800000000004,2578.757891701931,493.75377767483826,409.5804319991725,0.0,526.5202122347721,0.1406273937081398,0.5029323508577838,0,True,0.02812547874162796,completed,completed,100
8421->8098,8421,8098,1,"(15441,)",0.17,1,0.17,127.0,0.564,False,3744.0800000000004,2791.9542754375643,634.6474026944948,413.8793017908646,0.0,667.7577468377639,0.17835028814495518,0.5108101183557789,0,True,0.03567005762899104,completed,completed,100
8422->8093,8422,8093,1,"(15445,)",0.17,1,0.17,127.0,0.564,False,3744.0800000000004,2914.340888473811,685.3273321116501,432.0218933073578,0.0,719.8890835762387,0.1922739587765856,0.5134963817848388,0,True,0.03845479175531712,completed,completed,100
8696->7451,8696,7451,1,"(15832,)",0.17,1,0.17,228.6,0.463,False,3744.0800000000004,349.2662804752172,594.0744298687524,86.95777839431612,0.0,601.0310521402977,0.16052836802106193,0.5881507646382551,0,True,0.03210567360421239,completed,completed,100
8781->5854,8781,5854,1,"(16013,)",0.17,1,0.17,127.0,0.564,False,3744.0800000000004,254.64876928418735,47.21626159929536,37.749133558687944,0.0,50.23619228399039,0.013417499701926879,0.4088088750157458,0,True,0.002683499940385376,completed,completed,100
8939->10326,8939,10326,1,"(16406,)",0.17,1,0.17,127.0,0.564,False,3744.0800000000004,896.2214739797112,194.27490520800347,120.77806482068402,0.0,203.9371503936582,0.05446922886093731,0.463471402443068,0,True,0.010893845772187463,completed,completed,100
9016->5837,9016,5837,1,"(16654,)",0.17,1,0.17,127.0,0.564,False,3744.0800000000004,2331.19204635191,320.524176778174,414.69109074144865,0.0,353.6994640374899,0.0944689921255662,0.4901005892330498,0,True,0.01889379842511324,completed,completed,100
10357->2759,10357,2759,1,"(19161,)",0.09,2,0.18,127.0,0.564,False,3964.3199999999997,2913.8839426448685,323.6234598745886,214.38901108009622,0.0,340.7745807609963,0.08596041206587669,0.4914349757672434,0,True,0.01719208241317534,completed,completed,100
10357->9916,10357,9916,1,"(19163,)",0.09,2,0.18,127.0,0.564,False,3964.3199999999997,3328.0319035602843,373.47735945519395,244.8599473044479,0.0,393.0661552395498,0.09915096542144676,0.4970914316010051,0,True,0.019830193084289353,completed,completed,100
10361->2774,10361,2774,1,"(19177,)",0.09,2,0.18,127.0,0.564,False,3964.3199999999997,4158.564246805472,382.97394827912154,349.67584509567155,0.0,410.94801588677524,0.10366166603270555,0.5008314922873902,0,True,0.02073233320654111,completed,completed,100
10365->4542,10365,4542,1,"(19191,)",0.09,2,0.18,127.0,0.564,False,3964.3199999999997,3912.450299941163,449.07107787727176,287.8585308181711,0.0,472.09976034272546,0.11908719789086791,0.5042575399140873,0,True,0.023817439578173585,completed,completed,100
10368->8053,10368,8053,1,"(19206,)",0.18,1,0.18,127.0,0.564,False,3964.3199999999997,1974.2989069556456,358.6196434572107,332.0206676097409,0.0,385.18129686598996,0.09716200933980859,0.4908032139751377,0,True,0.01943240186796172,completed,completed,100
10557->5489,10557,5489,1,"(20034,)",0.18,1,0.18,127.0,0.564,False,3964.3199999999997,2011.642493973617,393.94912193988654,326.6352474352748,0.0,420.07994173470854,0.10596519497283483,0.4935645908191341,0,True,0.021193038994566968,completed,completed,100
10850->12502,10850,12502,1,"(21385,)",0.18,1,0.18,88.9,0.637,False,3964.3199999999997,4724.51700508648,663.6667462804998,661.4998738121799,0.0,716.5867361854741,0.1807590548153212,0.4676765807672643,0,True,0.03615181096306424,completed,completed,100
12721->10296,12721,10296,1,"(27126,)",0.09,2,0.18,127.0,0.564,False,3964.3199999999997,2710.3233767781235,234.5199368599058,227.8994770816576,0.0,252.75189502643843,0.06375668337229044,0.4818436615968139,0,True,0.012751336674458089,completed,completed,100
12757->6916,12757,6916,1,"(27243,)",0.18,1,0.18,127.0,0.564,False,3964.3199999999997,1639.1322855429917,310.0663487975831,266.14986572982207,0.0,331.35833805596883,0.08358516417846411,0.4843395630204299,0,True,0.016717032835692824,completed,completed,100
2498->2514,2498,2514,1,"(3437,)",0.09,2,0.18,127.0,0.564,False,3964.3199999999997,3739.6934141701104,425.92347657258256,275.14794294756587,0.0,447.9353120083878,0.11299171409179579,0.5022156788053276,0,True,0.02259834281835916,completed,completed,100
2498->9326,2498,9326,1,"(3438,)",0.09,2,0.18,127.0,0.564,False,3964.3199999999997,3503.6505975374807,395.43500141384214,257.78109271382016,0.0,416.05748883094776,0.10495053094375524,0.49932799406985817,0,True,0.02099010618875105,completed,completed,100
2514->2498,2514,2498,1,"(3478,)",0.09,2,0.18,127.0,0.564,False,3964.3199999999997,3548.9161382259717,401.1895388411018,261.1115048699759,0.0,422.0784592306999,0.10646932115235397,0.4998915736167999,0,True,0.021293864230470794,completed,completed,100
2549->9232,2549,9232,1,"(3540,)",0.18,1,0.18,127.0,0.564,False,3964.3199999999997,3144.6673262398112,759.90244809532,528.8431966356437,0.0,802.2099038261715,0.20235750490025314,0.5175214836787737,0,True,0.04047150098005063,completed,completed,100
2550->9233,2550,9233,1,"(3545,)",0.18,1,0.18,127.0,0.564,False,3964.3199999999997,1472.1067558892214,256.1736942349609,247.56629614754164,0.0,275.97899792676424,0.06961572171942837,0.4777810848968524,0,True,0.013923144343885675,completed,completed,100
2551->9234,2551,9234,1,"(3549,)",0.18,1,0.18,127.0,0.564,False,3964.3199999999997,2076.5829526656444,382.33066759689,349.22192169685667,0.0,410.2684213326385,0.1034902382584248,0.4932139614197799,0,True,0.02069804765168496,completed,completed,100
2552->9235,2552,9235,1,"(3553,)",0.18,1,0.18,127.0,0.564,False,3964.3199999999997,2612.4851282272257,534.1133597123054,439.3453561355843,0.0,569.2609882031521,0.14359612448116,0.5053766948403859,0,True,0.028719224896232,completed,completed,100
2641->4735,2641,4735,1,"(3797,)",0.09,2,0.18,127.0,0.564,False,3964.3199999999997,2338.4304875176545,201.06338929222088,196.62859785041306,0.0,216.79367712025393,0.05468622036572576,0.47571855657977435,0,True,0.010937244073145154,completed,completed,100
2647->4407,2647,4407,1,"(3811,)",0.09,2,0.18,127.0,0.564,False,3964.3199999999997,2131.872973701896,182.85564307040445,179.26006176013374,0.0,197.19644801121515,0.049742817938818046,0.4719237814408954,0,True,0.00994856358776361,completed,completed,100
2674->2675,2674,2675,1,"(3856,)",0.09,2,0.18,127.0,0.564,False,3964.3199999999997,2225.2807037843886,191.06269605620213,187.1143174639273,0.0,206.0318414533163,0.05197154655863208,0.4736802132526283,0,True,0.010394309311726416,completed,completed,100
2683->2695,2683,2695,1,"(3881,)",0.09,2,0.18,127.0,0.564,False,3964.3199999999997,2728.036991478916,236.14089375452866,229.38893902635573,0.0,254.49200887663713,0.06419562721390734,0.4821166589250178,0,True,0.01283912544278147,completed,completed,100
2683->4287,2683,4287,1,"(3882,)",0.09,2,0.18,127.0,0.564,False,3964.3199999999997,3708.678747713336,332.2906607221155,311.84690155772427,0.0,357.2384128467334,0.09011341487234467,0.4954543869447927,0,True,0.018022682974468934,completed,completed,100
2759->10357,2759,10357,1,"(4102,)",0.09,2,0.18,127.0,0.564,False,3964.3199999999997,4324.242757783691,507.76644270258805,318.156160903935,0.0,533.2189355749028,0.13450451416003323,0.5089395549958036,0,True,0.02690090283200665,completed,completed,100
2759->4374,2759,4374,1,"(4101,)",0.09,2,0.18,127.0,0.564,False,3964.3199999999997,2703.5291865015956,299.104248985929,198.9121598968549,0.0,315.01722177767743,0.07946311644309174,0.48830237626480744,0,True,0.01589262328861835,completed,completed,100
2760->4437,2760,4437,1,"(4104,)",0.09,2,0.18,127.0,0.564,False,3964.3199999999997,4299.254927848214,504.0429155064022,316.31768131643236,0.0,529.3483300117168,0.1335281536333386,0.5086614515212646,0,True,0.02670563072666772,completed,completed,100
2763->2764,2763,2764,1,"(4110,)",0.09,2,0.18,127.0,0.564,False,3964.3199999999997,4386.55149315122,411.05801382536794,368.84631555268686,0.0,440.5657190695829,0.11113273375246774,0.503465434809063,0,True,0.02222654675049355,completed,completed,100
2771->4461,2771,4461,1,"(4129,)",0.09,2,0.18,127.0,0.564,False,3964.3199999999997,2385.3238268407767,205.22922434561463,200.5716577826402,0.0,221.27495696822584,0.05581662352388956,0.4765369329448973,0,True,0.011163324704777912,completed,completed,100
2775->2776,2775,2776,1,"(4136,)",0.09,2,0.18,127.0,0.564,False,3964.3199999999997,6006.006659978889,689.7477372671646,505.01936000908205,0.0,730.1492860678911,0.18418020898108406,0.5217961137800515,0,True,0.036836041796216815,completed,completed,100
2776->2763,2776,2763,1,"(4138,)",0.09,2,0.18,127.0,0.564,False,3964.3199999999997,4257.170018322599,394.8953054627724,357.9671818263832,0.0,423.53268000888306,0.10683614844636233,0.5019763704944309,0,True,0.021367229689272467,completed,completed,100
2780->2775,2780,2775,1,"(4147,)",0.09,2,0.18,127.0,0.564,False,3964.3199999999997,6097.610997066751,711.510739746541,512.7219761247843,0.0,752.5284978365238,0.18982536673036582,0.5228522524449969,0,True,0.037965073346073165,completed,completed,100
2781->2780,2781,2780,1,"(4149,)",0.09,2,0.18,127.0,0.564,False,3964.3199999999997,6828.734236360299,919.6170810487694,574.1989959316675,0.0,965.5530007233027,0.24356081262948068,0.5314455983921701,0,True,0.048712162525896135,completed,completed,100
2808->2807,2808,2807,1,"(4224,)",0.09,2,0.18,127.0,0.564,False,3964.3199999999997,2881.4263695220907,250.3045735933115,242.2867944429575,0.0,269.6875171487481,0.06802869524880638,0.484420507996035,0,True,0.013605739049761277,completed,completed,100
2860->8096,2860,8096,1,"(4393,)",0.18,1,0.18,127.0,0.564,False,3964.3199999999997,3998.6370190975795,1531.3801464670837,627.6260665175562,0.0,1581.5902317884882,0.39895624767639554,0.540185971627277,0,True,0.07979124953527911,completed,completed,100
4243->9916,4243,9916,1,"(6220,)",0.09,2,0.18,127.0,0.564,False,3964.3199999999997,2209.8074955821007,242.98373347830287,162.58658648745305,0.0,255.9906603972991,0.0645736621658441,0.4799935128189163,0,True,0.012914732433168822,completed,completed,100
4287->4165,4287,4165,1,"(6351,)",0.09,2,0.18,127.0,0.564,False,3964.3199999999997,2519.149951545441,217.19517761847618,211.82452306852096,0.0,234.14113946395787,0.05906211896717669,0.47879505154827345,0,True,0.011812423793435339,completed,completed,100
4324->4325,4324,4325,1,"(6446,)",0.18,1,0.18,127.0,0.564,False,3964.3199999999997,1327.0808152562254,229.3991160255952,223.1770765313755,0.0,247.25328214810523,0.062369657885363756,0.4734148356479948,0,True,0.012473931577072751,completed,completed,100
4347->2702,4347,2702,1,"(6519,)",0.09,2,0.18,127.0,0.564,False,3964.3199999999997,3608.036191384341,321.658491293423,303.3843003212604,0.0,345.92923531912385,0.08726067404223772,0.49420637303392895,0,True,0.017452134808447546,completed,completed,100
4374->2759,4374,2759,1,"(6580,)",0.09,2,0.18,127.0,0.564,False,3964.3199999999997,4872.446000969097,596.0290826663766,358.49021452130137,0.0,624.7082998280806,0.1575827127547929,0.5149130026542879,0,True,0.031516542550958586,completed,completed,100
4414->2768,4414,2768,1,"(6721,)",0.09,2,0.18,127.0,0.564,False,3964.3199999999997,3779.7116360340538,339.9349101649356,317.81975270994917,0.0,365.36049038173155,0.09216220950421045,0.49632382841537415,0,True,0.01843244190084209,completed,completed,100
4419->10361,4419,10361,1,"(6736,)",0.09,2,0.18,127.0,0.564,False,3964.3199999999997,5346.303758223374,555.2161809693029,449.54777029861117,0.0,591.1800025931917,0.1491251974091879,0.5142968453883245,0,True,0.02982503948183758,completed,completed,100
4437->2760,4437,2760,1,"(6790,)",0.09,2,0.18,127.0,0.564,False,3964.3199999999997,2983.7664154959834,331.87494909741815,219.53061402011699,0.0,349.4373982190275,0.08814560838152004,0.4924331197855891,0,True,0.017629121676304007,completed,completed,100
4439->5489,4439,5489,1,"(6798,)",0.18,1,0.18,127.0,0.564,False,3964.3199999999997,1782.0857950300554,234.48984987718063,335.659423665501,0.0,261.34260377042074,0.0659236902597219,0.47825851566235067,0,True,0.01318473805194438,completed,completed,100
4457->2674,4457,2674,1,"(6856,)",0.09,2,0.18,127.0,0.564,False,3964.3199999999997,2330.0884288436537,200.323670782028,195.92714988819637,0.0,215.9978427730837,0.05448547109544227,0.4755714068121841,0,True,0.010897094219088455,completed,completed,100
4461->4414,4461,4414,1,"(6868,)",0.09,2,0.18,127.0,0.564,False,3964.3199999999997,2773.2365846273296,240.29030771918278,233.18957910166375,0.0,258.9454740473159,0.0653190141177594,0.48280653048220673,0,True,0.013063802823551879,completed,completed,100
4482->2673,4482,2673,1,"(6923,)",0.09,2,0.18,127.0,0.564,False,3964.3199999999997,3274.559248988059,287.87817487499626,275.3436534220531,0.0,309.90566714876053,0.07817372642691825,0.48990891355649574,0,True,0.01563474528538365,completed,completed,100
4494->2771,4494,2771,1,"(6948,)",0.09,2,0.18,127.0,0.564,False,3964.3199999999997,2041.1311650425705,174.91966096586813,171.6299719634367,0.0,188.65005872294307,0.04758699063721977,0.47014694002842866,0,True,0.009517398127443955,completed,completed,100
4513->4519,4513,4519,1,"(7000,)",0.18,1,0.18,127.0,0.564,False,3964.3199999999997,1400.6077339382057,242.86867887699276,235.54220348457943,0.0,261.7120551557591,0.06601688439776787,0.47567554696228714,0,True,0.013203376879553575,completed,completed,100
4514->4517,4514,4517,1,"(7002,)",0.09,2,0.18,127.0,0.564,False,3964.3199999999997,4837.029475017425,472.7260942345981,406.72507842789383,0.0,505.26410050882964,0.1274529050401657,0.508572457971199,0,True,0.025490581008033142,completed,completed,100
4519->4513,4519,4513,1,"(7016,)",0.18,1,0.18,127.0,0.564,False,3964.3199999999997,1885.8502402315862,339.0667237306885,317.1461289715176,0.0,364.4384140484099,0.0919296156840038,0.48867191077038247,0,True,0.01838592313680076,completed,completed,100
4542->10365,4542,10365,1,"(7082,)",0.09,2,0.18,127.0,0.564,False,3964.3199999999997,3126.7021465393327,348.9421926836555,230.0471104316314,0.0,367.345961518186,0.09266304473861496,0.4944162746909705,0,True,0.018532608947722993,completed,completed,100
4542->4540,4542,4540,1,"(7080,)",0.09,2,0.18,127.0,0.564,False,3964.3199999999997,2613.55802947683,288.7451880914967,192.29253201875778,0.0,304.12859065299733,0.07671645847282696,0.48689712300420473,0,True,0.015343291694565393,completed,completed,100
4727->10355,4727,10355,1,"(7680,)",0.09,2,0.18,127.0,0.564,False,3964.3199999999997,2524.1611030644735,217.6456449416075,212.24588932339273,0.0,234.6253160874789,0.05918425255465727,0.47887750815145014,0,True,0.011836850510931455,completed,completed,100
5120->5121,5120,5121,1,"(8916,)",0.18,1,0.18,127.0,0.564,False,3964.3199999999997,3195.5772532190845,637.165319437768,601.8933667983209,0.0,685.3167887816336,0.17287120837410544,0.5130478283974723,0,True,0.034574241674821087,completed,completed,100
5121->5120,5121,5120,1,"(8920,)",0.18,1,0.18,127.0,0.564,False,3964.3199999999997,1778.6026880660215,233.93087148950372,335.0033735026113,0.0,260.73114136971265,0.06576944882595569,0.4781682251039153,0,True,0.013153889765191138,completed,completed,100
5161->5162,5161,5162,1,"(8994,)",0.18,1,0.18,177.8,0.509,False,3964.3199999999997,311.60304934968946,204.7227538535053,55.07895500305111,0.0,209.1290702537494,0.05275282274229866,0.505832061481509,0,True,0.010550564548459733,completed,completed,100
5489->10557,5489,10557,1,"(9735,)",0.18,1,0.18,127.0,0.564,False,3964.3199999999997,2257.4953789575043,457.8742931246243,366.5549738081068,0.0,487.1986910292728,0.12289590422298727,0.4991926677589322,0,True,0.024579180844597454,completed,completed,100
5489->4439,5489,4439,1,"(9732,)",0.18,1,0.18,127.0,0.564,False,3964.3199999999997,1640.6785066289417,212.52896614411426,309.0250780805744,0.0,237.2509723905602,0.05984657454255969,0.4745104970769741,0,True,0.01196931490851194,completed,completed,100
5506->5507,5506,5507,1,"(9778,)",0.18,1,0.18,127.0,0.564,False,3964.3199999999997,2312.0975181140043,473.33645123584176,375.4208549412146,0.0,503.37011963113895,0.1269751482299963,0.5004163334104182,0,True,0.025395029645999264,completed,completed,100
5507->5506,5507,5506,1,"(9782,)",0.18,1,0.18,127.0,0.564,False,3964.3199999999997,1842.6936002146238,354.35878493455107,299.20260774795247,0.0,378.29499355438725,0.09542493884307707,0.4895196668633517,0,True,0.019084987768615416,completed,completed,100
5518->8646,5518,8646,1,"(9802,)",0.18,1,0.18,127.0,0.564,False,3964.3199999999997,2603.758599798011,409.85392020886616,490.4231397891549,0.0,449.08777139199856,0.11328242205270982,0.49834542325068687,0,True,0.022656484410541966,completed,completed,100
5636->5638,5636,5638,1,"(9991,)",0.18,1,0.18,127.0,0.564,False,3964.3199999999997,1605.0599125578751,207.21132360743175,302.3162446501009,0.0,231.3966231794398,0.05836981454056177,0.4735359800903904,0,True,0.011673962908112354,completed,completed,100
5638->5636,5638,5636,1,"(9999,)",0.18,1,0.18,127.0,0.564,False,3964.3199999999997,2179.9635098079807,306.4564462158303,410.60048699935277,0.0,339.3044851757785,0.08558958035067263,0.4881450839421657,0,True,0.017117916070134527,completed,completed,100
5968->8796,5968,8796,1,"(10559,)",0.18,1,0.18,127.0,0.564,False,3964.3199999999997,3875.9969953749464,1296.7905240357181,651.8319518507697,0.0,1348.9370801837797,0.3402694737518111,0.5351466576476044,0,True,0.06805389475036222,completed,completed,100
5986->8360,5986,8360,1,"(10595,)",0.18,1,0.18,127.0,0.564,False,3964.3199999999997,2891.56494721229,505.00358015509045,544.6320409373292,0.0,548.5741434300768,0.13837786642603947,0.5053907155014059,0,True,0.027675573285207894,completed,completed,100
6036->8790,6036,8790,1,"(10681,)",0.18,1,0.18,127.0,0.564,False,3964.3199999999997,2694.828378695588,437.33362994518615,507.57631478407137,0.0,477.93973512791183,0.12056033194290872,0.5005565671351969,0,True,0.024112066388581745,completed,completed,100
6238->6248,6238,6248,1,"(10964,)",0.18,1,0.18,127.0,0.564,False,3964.3199999999997,1258.3245700060288,249.3388853454808,197.5066245081463,0.0,265.1394153061325,0.06688143623777407,0.4748915850456598,0,True,0.013376287247554814,completed,completed,100
6729->6369,6729,6369,1,"(11919,)",0.18,1,0.18,127.0,0.564,False,3964.3199999999997,2659.697487831527,679.5976402853548,391.37448533440914,0.0,710.9075991121076,0.17932649208744694,0.5121293233115853,0,True,0.03586529841748939,completed,completed,100
6914->6915,6914,6915,1,"(12241,)",0.18,1,0.18,127.0,0.564,False,3964.3199999999997,3370.371475682724,1091.5264402914693,480.92136983923666,0.0,1130.0001498786082,0.2850426176188119,0.5283927459360394,0,True,0.05700852352376238,completed,completed,100
6915->6914,6915,6914,1,"(12246,)",0.18,1,0.18,127.0,0.564,False,3964.3199999999997,2958.6322336776566,844.2420490280417,422.16992308913177,0.0,878.0156428751723,0.22147950792952445,0.5195225248578219,0,True,0.04429590158590489,completed,completed,100
6916->12757,6916,12757,1,"(12251,)",0.18,1,0.18,127.0,0.564,False,3964.3199999999997,2983.944855805386,721.0724851671738,484.51032886263454,0.0,759.8333114761846,0.1916680064869094,0.5153476281480254,0,True,0.038333601297381885,completed,completed,100
7284->7337,7284,7337,1,"(12845,)",0.18,1,0.18,127.0,0.564,False,3964.3199999999997,1606.143424442546,281.7837422952431,270.10743417910925,0.0,303.3923370295718,0.07653073844431627,0.4815200491920503,0,True,0.015306147688863254,completed,completed,100
7337->7284,7337,7284,1,"(13006,)",0.18,1,0.18,127.0,0.564,False,3964.3199999999997,2091.3614812454844,385.8644757221398,351.70724796031203,0.0,414.00105555896477,0.10443179550565161,0.4935582918496034,0,True,0.020886359101130323,completed,completed,100
7438->7437,7438,7437,1,"(13346,)",0.09,2,0.18,127.0,0.564,False,3964.3199999999997,2764.083096156366,239.44843243646994,232.41990148537673,0.0,258.0420245553001,0.06509111891958774,0.48266759113510166,0,True,0.01301822378391755,completed,completed,100
7546->7547,7546,7547,1,"(13653,)",0.18,1,0.18,177.8,0.509,False,3964.3199999999997,1061.6634115026768,724.216835895683,175.9308980786373,0.0,738.2913077419739,0.18623403452344262,0.5563549710886873,0,True,0.037246806904688526,completed,completed,100
7547->7546,7547,7546,1,"(13656,)",0.18,1,0.18,177.8,0.509,False,3964.3199999999997,696.7576915206448,473.77770674300535,115.46145895611484,0.0,483.01462345949454,0.12184047288298991,0.5392487735482939,0,True,0.024368094576597985,completed,completed,100
7584->7588,7584,7588,1,"(13786,)",0.18,1,0.18,88.9,0.637,False,3964.3199999999997,3945.502081259562,469.0804007379644,483.3733237303121,0.0,507.75026663638937,0.1280800406214406,0.4555466092509147,0,True,0.02561600812428812,completed,completed,100
7588->7584,7588,7584,1,"(13802,)",0.18,1,0.18,88.9,0.637,False,3964.3199999999997,2988.9178178519023,216.37889123709704,366.1797941595812,0.0,245.67327476986353,0.06197110091260633,0.4311237995957585,0,True,0.012394220182521266,completed,completed,100
7941->10552,7941,10552,1,"(14879,)",0.18,1,0.18,127.0,0.564,False,3964.3199999999997,969.8938070586677,166.09391251162853,163.10842709563767,0.0,179.14258667927953,0.04518873014269271,0.46052021831796996,0,True,0.009037746028538542,completed,completed,100
8053->10368,8053,10368,1,"(15005,)",0.18,1,0.18,127.0,0.564,False,3964.3199999999997,2863.008768780412,628.1899538133516,481.47627465832875,0.0,666.7080557860179,0.16817715416162618,0.5110375908293615,0,True,0.03363543083232524,completed,completed,100
8083->7514,8083,7514,1,"(15037,)",0.18,1,0.18,127.0,0.564,False,3964.3199999999997,2733.372298335955,648.0182700632566,429.0301159468115,0.0,682.3406793390016,0.17212048455699883,0.511216604349905,0,True,0.03442409691139977,completed,completed,100
8097->2860,8097,2860,1,"(15052,)",0.18,1,0.18,127.0,0.564,False,3964.3199999999997,4228.812497754455,1817.5811137198666,663.7544096475393,0.0,1870.6814664916697,0.4718795320487927,0.5457549976875726,0,True,0.09437590640975854,completed,completed,100
8336->8342,8336,8342,1,"(15298,)",0.18,1,0.18,127.0,0.564,False,3964.3199999999997,2435.053705056016,477.6314033636613,409.50646022742035,0.0,510.39192018185497,0.12874639791486434,0.5013896636754878,0,True,0.025749279582972868,completed,completed,100
8342->8336,8342,8336,1,"(15301,)",0.18,1,0.18,127.0,0.564,False,3964.3199999999997,3072.4636256515855,723.0878351977204,516.700597159578,0.0,764.4238829704867,0.19282597847057925,0.5158440500628687,0,True,0.03856519569411585,completed,completed,100
8360->5986,8360,5986,1,"(15335,)",0.18,1,0.18,127.0,0.564,False,3964.3199999999997,2794.1530254623653,469.9782236564073,526.2843106518874,0.0,512.0809685085583,0.12917246047457276,0.5029863327028524,0,True,0.025834492094914552,completed,completed,100
8646->5518,8646,5518,1,"(15794,)",0.18,1,0.18,127.0,0.564,False,3964.3199999999997,2136.3145338998916,297.6210765610363,402.3791150891124,0.0,329.8114057681653,0.08319495039960581,0.48708842010047515,0,True,0.016638990079921163,completed,completed,100
8790->6036,8790,6036,1,"(16044,)",0.18,1,0.18,127.0,0.564,False,3964.3199999999997,2137.2102107976093,297.7996340275132,402.5478176241513,0.0,330.0034594374453,0.08324339595124645,0.4871101427855043,0,True,0.01664867919024929,completed,completed,100
9115->9114,9115,9114,1,"(16961,)",0.18,1,0.18,63.5,0.637,False,3964.3199999999997,3786.347339921446,216.40702492512767,530.142718265287,0.0,258.8184423863506,0.06528697037230866,0.41830266217395096,0,True,0.013057394074461732,completed,completed,100
9232->2549,9232,2549,1,"(17241,)",0.18,1,0.18,127.0,0.564,False,3964.3199999999997,2542.340931072601,510.89841841554363,427.54910629409517,0.0,545.1023469190712,0.13750210551092526,0.5038006013126647,0,True,0.027500421102185053,completed,completed,100
9233->2550,9233,2550,1,"(17243,)",0.18,1,0.18,127.0,0.564,False,3964.3199999999997,2058.4825369676782,378.0411905082154,346.177948931193,0.0,405.7354264227108,0.10234678997223,0.492790967917665,0,True,0.020469357994446002,completed,completed,100
9234->2551,9234,2551,1,"(17247,)",0.18,1,0.18,127.0,0.564,False,3964.3199999999997,2388.8338705921915,464.06323948498016,401.733604637304,0.0,496.20192785596447,0.12516697134841903,0.5003490697118939,0,True,0.025033394269683807,completed,completed,100
9235->2552,9235,2552,1,"(17251,)",0.18,1,0.18,127.0,0.564,False,3964.3199999999997,2190.9312560820267,410.46138673458677,368.45203923710886,0.0,439.9375498735555,0.11097427802840223,0.49585699118691007,0,True,0.02219485560568045,completed,completed,100
9326->2498,9326,2498,1,"(17303,)",0.09,2,0.18,127.0,0.564,False,3964.3199999999997,3313.6738029546646,371.70635041004937,243.80355005238945,0.0,391.21063441424053,0.09868291016220702,0.4969048021961514,0,True,0.019736582032441406,completed,completed,100
9625->9624,9625,9624,1,"(17567,)",0.18,1,0.18,177.8,0.509,False,3964.3199999999997,1078.5390925487502,698.2533056660196,197.21645172301766,0.0,714.0306218038611,0.1801142747820209,0.5555405197805628,0,True,0.036022854956404185,completed,completed,100
9916->10357,9916,10357,1,"(18203,)",0.09,2,0.18,127.0,0.564,False,3964.3199999999997,2564.7290107588974,283.1513091370902,188.69993696658588,0.0,298.2473040944171,0.07523290352302969,0.4861163055215225,0,True,0.01504658070460594,completed,completed,100
9916->4243,9916,4243,1,"(18201,)",0.09,2,0.18,127.0,0.564,False,3964.3199999999997,2263.381953240917,248.99899485745334,166.52832720970045,0.0,262.3212610342294,0.06617055662364023,0.4809738495597776,0,True,0.013234111324728046,completed,completed,100
10293->2378,10293,2378,1,"(18869,)",0.19,1,0.19,127.0,0.564,False,4184.56,847.1764561601257,111.50465564894937,168.43223430793157,0.0,124.9792343935839,0.02986675645553747,0.44847628631803893,0,True,0.005973351291107494,completed,completed,100
10345->6468,10345,6468,1,"(19110,)",0.19,1,0.19,127.0,0.564,False,4184.56,2451.9553173676713,235.85946245276435,553.9635777020126,0.0,280.17654866892536,0.06695484081215834,0.4837851782460322,0,True,0.013390968162431668,completed,completed,100
10351->8757,10351,8757,1,"(19137,)",0.19,1,0.19,127.0,0.564,False,4184.56,1832.1546527646979,345.77418596821576,325.23362450363055,0.0,371.7928759285062,0.08884873820150892,0.4889460803801474,0,True,0.017769747640301783,completed,completed,100
10367->7030,10367,7030,1,"(19201,)",0.19,1,0.19,127.0,0.564,False,4184.56,2780.629673909838,628.2195275522093,493.6014904000521,0.0,667.7076467842135,0.15956460100565253,0.5107636067824461,0,True,0.031912920201130505,completed,completed,100
10372->7296,10372,7296,1,"(19222,)",0.19,1,0.19,127.0,0.564,False,4184.56,2271.45900421541,455.42332093677794,403.21642266258124,0.0,487.6806347497844,0.11654287063628778,0.4992890329658241,0,True,0.023308574127257557,completed,completed,100
10543->12337,10543,12337,1,"(19970,)",0.19,1,0.19,127.0,0.564,False,4184.56,2326.5156086901684,471.2367018840327,412.9897564797719,0.0,504.2758824024145,0.12050869921865487,0.5005371142600719,0,True,0.024101739843730974,completed,completed,100
10549->5022,10549,5022,1,"(19997,)",0.19,1,0.19,127.0,0.564,False,4184.56,1808.1046126023975,251.95804196582142,359.4801266591583,0.0,280.7164520985541,0.067083863559981,0.48052241781026916,0,True,0.0134167727119962,completed,completed,100
10553->5232,10553,5232,1,"(20014,)",0.19,1,0.19,127.0,0.564,False,4184.56,3231.8857851949374,852.3926460261208,573.7058966690328,0.0,898.2891177596434,0.2146675200641509,0.5211593111759517,0,True,0.042933504012830186,completed,completed,100
10560->8726,10560,8726,1,"(20046,)",0.19,1,0.19,127.0,0.564,False,4184.56,3004.0938645975198,580.1336997375877,597.2619257838206,0.0,627.9146538002933,0.15005512020386688,0.5097926919535378,0,True,0.03001102404077338,completed,completed,100
10567->5803,10567,5803,1,"(20081,)",0.19,1,0.19,127.0,0.564,False,4184.56,3538.097165013244,1285.4264646556037,532.9017620903585,0.0,1328.0586056228324,0.3173711466971037,0.5336917318187231,0,True,0.06347422933942075,completed,completed,100
10641->9222,10641,9222,1,"(20430,)",0.19,1,0.19,127.0,0.564,False,4184.56,1949.8103983688807,472.1766074277633,302.8543001266464,0.0,496.404951437895,0.1186277533212321,0.49814811202164033,0,True,0.02372555066424642,completed,completed,100
12337->10543,12337,10543,1,"(25853,)",0.19,1,0.19,127.0,0.564,False,4184.56,1712.0886068724726,319.60167170314105,303.92018612853354,0.0,343.91528659342373,0.0821867261058328,0.48591020127666507,0,True,0.01643734522116656,completed,completed,100
12491->7471,12491,7471,1,"(26339,)",0.19,1,0.19,127.0,0.564,False,4184.56,3245.9039653326904,860.8319867620218,576.1943239032003,0.0,906.9275326742778,0.21673187448005948,0.5214890528634465,0,True,0.0433463748960119,completed,completed,100
12491->7473,12491,7473,1,"(26340,)",0.19,1,0.19,127.0,0.564,False,4184.56,3662.7505424539518,1165.1156219098589,650.1905462933258,0.0,1217.1308656133249,0.2908623285634152,0.5314931124555002,0,True,0.058172465712683044,completed,completed,100
1898->10358,1898,10358,1,"(1754,)",0.19,1,0.19,127.0,0.564,False,4184.56,3919.9496696053197,1415.656952172843,695.8470656359386,0.0,1471.324717423718,0.35160798684299377,0.5378346923985059,0,True,0.07032159736859876,completed,completed,100
2030->7132,2030,7132,1,"(2189,)",0.19,1,0.19,127.0,0.564,False,4184.56,1325.1108376751654,241.76539078676612,235.22610384216583,0.0,260.58347909413936,0.062272611479854356,0.4749446203613949,0,True,0.012454522295970872,completed,completed,100
2447->4051,2447,4051,1,"(3277,)",0.19,1,0.19,127.0,0.564,False,4184.56,2477.107859454205,348.6192346387453,513.009037692966,0.0,389.65995765418256,0.09311850174311816,0.49361650000126894,0,True,0.018623700348623633,completed,completed,100
2449->2347,2449,2347,1,"(3281,)",0.19,1,0.19,88.9,0.637,False,4184.56,500.52940062964433,14.306554386470154,69.04302552285314,0.0,19.829996428298404,0.0047388486312296635,0.3386025534798912,1,False,0.005923560789037079,completed,completed,100
2450->6305,2450,6305,1,"(3284,)",0.19,1,0.19,127.0,0.564,False,4184.56,4410.140799780519,1846.3995409484423,876.8065532491638,0.0,1916.5440652083755,0.4580037244557075,0.5469281736449606,0,True,0.0916007448911415,completed,completed,100
2546->7518,2546,7518,1,"(3530,)",0.19,1,0.19,127.0,0.564,False,4184.56,2196.907621957073,434.8719154208849,389.98248729197985,0.0,466.0705144042433,0.11137861911509053,0.4975885039337343,0,True,0.02227572382301811,completed,completed,100
2555->6594,2555,6594,1,"(3561,)",0.19,1,0.19,127.0,0.564,False,4184.56,2140.1526163738504,419.83751420266975,379.9076630151638,0.0,450.23012724388286,0.1075931823761358,0.4962834592552577,0,True,0.02151863647522716,completed,completed,100
2815->6916,2815,6916,1,"(4248,)",0.19,1,0.19,127.0,0.564,False,4184.56,2661.610696344941,581.7430829030836,472.47392161117483,0.0,619.5409966319776,0.148054035939735,0.508077259177331,0,True,0.029610807187947005,completed,completed,100
2825->2847,2825,2847,1,"(4280,)",0.19,1,0.19,228.6,0.463,False,4184.56,673.5530317351488,1417.1319245467907,114.53769304656204,0.0,1426.2949399905158,0.3408470520175396,0.620810701540231,0,True,0.06816941040350792,completed,completed,100
2847->2825,2847,2825,1,"(4350,)",0.19,1,0.19,228.6,0.463,False,4184.56,133.21224476201797,280.07033627159785,29.078549999999996,0.0,282.39662027159784,0.06748537965081103,0.5554217177979641,0,True,0.013497075930162207,completed,completed,100
2849->2853,2849,2853,1,"(4356,)",0.19,1,0.19,127.0,0.564,False,4184.56,2485.040727153051,520.1891366809986,441.13022965148315,0.0,555.4795550531172,0.13274503294327653,0.5041085484534363,0,True,0.026549006588655305,completed,completed,100
2853->2849,2853,2849,1,"(4368,)",0.19,1,0.19,127.0,0.564,False,4184.56,2438.560303465467,505.2720271599793,432.87929044088423,0.0,539.90237039525,0.1290224946936476,0.5030635921473103,0,True,0.02580449893872952,completed,completed,100
2864->8085,2864,8085,1,"(4405,)",0.19,1,0.19,127.0,0.564,False,4184.56,3827.130993140369,1425.8466753310424,634.0790629434964,0.0,1476.5730003665221,0.3528621887047914,0.5376786673299001,0,True,0.07057243774095828,completed,completed,100
3983->5292,3983,5292,1,"(5895,)",0.19,1,0.19,127.0,0.564,False,4184.56,2397.870812855029,374.9053459842204,476.7350835285855,0.0,413.0441526665072,0.09870671054220925,0.4949805154089876,0,True,0.01974134210844185,completed,completed,100
4051->2447,4051,2447,1,"(5997,)",0.19,1,0.19,127.0,0.564,False,4184.56,2015.534595082713,251.384272189542,417.4172146416299,0.0,284.7776493608724,0.06805438310380837,0.4821289467529641,0,True,0.013610876620761676,completed,completed,100
4348->7424,4348,7424,1,"(6522,)",0.19,1,0.19,127.0,0.564,False,4184.56,3424.560158128866,1293.782376664442,472.8176058323255,0.0,1331.6077851310279,0.3182193074375867,0.5334150566903147,0,True,0.06364386148751734,completed,completed,100
4387->6895,4387,6895,1,"(6625,)",0.19,1,0.19,127.0,0.564,False,4184.56,4044.2390599086175,1352.8206483754582,804.0594329347919,0.0,1417.1454030102416,0.3386605528443233,0.5370667462168635,0,True,0.06773211056886466,completed,completed,100
4402->2453,4402,2453,1,"(6675,)",0.19,1,0.19,127.0,0.564,False,4184.56,1670.437136527026,229.09080829893773,332.10962973575727,0.0,255.65957867779832,0.061095928527204364,0.47690619983906,0,True,0.012219185705440873,completed,completed,100
5021->5020,5021,5020,1,"(8621,)",0.19,1,0.19,127.0,0.564,False,4184.56,3459.368777235317,1182.5268352339676,537.3264553240757,0.0,1225.5129516598936,0.29286542710820096,0.5310731248279079,0,True,0.05857308542164019,completed,completed,100
5022->10549,5022,10549,1,"(8627,)",0.19,1,0.19,127.0,0.564,False,4184.56,2968.398507262159,564.6635383683049,590.1651176198335,0.0,611.8767477778915,0.14622248164153256,0.508898892507833,0,True,0.029244496328306516,completed,completed,100
5107->5116,5107,5116,1,"(8873,)",0.19,1,0.19,127.0,0.564,False,4184.56,1893.222862806296,266.925478565954,376.4029966916966,0.0,297.0377183012897,0.07098421776752865,0.48268833140730105,0,True,0.014196843553505731,completed,completed,100
5116->5107,5116,5107,1,"(8902,)",0.19,1,0.19,127.0,0.564,False,4184.56,2798.2714520856507,497.58516529085,556.3411370178609,0.0,542.0924562522789,0.1295458677261836,0.5046826029954061,0,True,0.02590917354523672,completed,completed,100
5232->10553,5232,10553,1,"(9188,)",0.19,1,0.19,127.0,0.564,False,4184.56,3713.5070761218767,1210.2658564138005,659.2005561127206,0.0,1263.001900902818,0.30182430193444904,0.5327357143560946,0,True,0.06036486038688981,completed,completed,100
5292->3983,5292,3983,1,"(9405,)",0.19,1,0.19,127.0,0.564,False,4184.56,2371.3534977067693,368.16761989085336,471.4630170000691,0.0,405.88466125085887,0.09699578002247759,0.49434375894438365,0,True,0.01939915600449552,completed,completed,100
5335->5344,5335,5344,1,"(9455,)",0.19,1,0.19,127.0,0.564,False,4184.56,3229.9287574069936,487.02798462447055,729.7289952643509,0.0,545.4063042456187,0.13033779041180402,0.5064259737754189,0,True,0.026067558082360803,completed,completed,100
5344->5335,5344,5335,1,"(9462,)",0.19,1,0.19,127.0,0.564,False,4184.56,4463.950216151687,1639.4683383094216,1008.5280979254703,0.0,1720.1505861434591,0.4110708380674334,0.5438666223422459,0,True,0.08221416761348668,completed,completed,100
5506->8634,5506,8634,1,"(9779,)",0.19,1,0.19,127.0,0.564,False,4184.56,1286.066025138163,252.36147908387545,220.42284728781814,0.0,269.99530686690093,0.06452179126763648,0.47566358613697834,0,True,0.012904358253527296,completed,completed,100
5803->10567,5803,10567,1,"(10271,)",0.19,1,0.19,127.0,0.564,False,4184.56,3497.6623925428617,1251.6340800127302,526.8115501786376,0.0,1293.7790040270213,0.30917922171674467,0.532794089066001,0,True,0.061835844343348934,completed,completed,100
5803->5805,5803,5805,1,"(10269,)",0.19,1,0.19,127.0,0.564,False,4184.56,3496.0529422440773,1030.0680304783634,620.5993408617844,0.0,1079.7159777473062,0.25802377734990206,0.5274475677007506,0,True,0.05160475546998042,completed,completed,100
5805->5803,5805,5803,1,"(10276,)",0.19,1,0.19,127.0,0.564,False,4184.56,3243.4858762273407,859.3689100678591,575.7650785428706,0.0,905.4301163512888,0.21637403128436172,0.5214321418245076,0,True,0.04327480625687235,completed,completed,100
5837->8779,5837,8779,1,"(10352,)",0.19,1,0.19,127.0,0.564,False,4184.56,2088.300119111622,304.22209479761483,415.1874764812963,0.0,337.43709291611856,0.08063860786226473,0.487514306350806,0,True,0.016127721572452947,completed,completed,100
5839->5840,5839,5840,1,"(10357,)",0.19,1,0.19,127.0,0.564,False,4184.56,2922.4825869341594,689.7703346677472,518.7824089320552,0.0,731.2729273823117,0.17475503455137734,0.5139898932198146,0,True,0.034951006910275466,completed,completed,100
5840->5839,5840,5839,1,"(10361,)",0.19,1,0.19,127.0,0.564,False,4184.56,3444.0855900829456,991.81636743382,611.3743934624383,0.0,1040.726318910815,0.24870627232273285,0.5261982613126285,0,True,0.04974125446454657,completed,completed,100
5884->5885,5884,5885,1,"(10444,)",0.19,1,0.19,127.0,0.564,False,4184.56,3528.469956305133,878.6325756394945,701.5162828327615,0.0,934.7538782661154,0.2233816406661908,0.5232911164675472,0,True,0.04467632813323816,completed,completed,100
5885->5884,5885,5884,1,"(10448,)",0.19,1,0.19,127.0,0.564,False,4184.56,3499.1198344351315,857.7812374763444,695.6810090030552,0.0,913.4357181965888,0.2182871599873317,0.5225189133376861,0,True,0.04365743199746634,completed,completed,100
5968->6206,5968,6206,1,"(10558,)",0.19,1,0.19,127.0,0.564,False,4184.56,3738.7501879106026,1045.7326438174707,743.3233573596345,0.0,1105.1985124062414,0.2641134342454742,0.5288679747496771,0,True,0.05282268684909484,completed,completed,100
6133->8648,6133,8648,1,"(10835,)",0.19,1,0.19,127.0,0.564,False,4184.56,3150.394064603407,649.2318246128368,626.3487463481911,0.0,699.3397243206921,0.167123837230364,0.5134904551333781,0,True,0.033424767446072805,completed,completed,100
6206->5968,6206,5968,1,"(10918,)",0.19,1,0.19,127.0,0.564,False,4184.56,3107.5436172134905,628.0018575441358,617.8293917999174,0.0,677.4282088881291,0.16188756019465106,0.5124016527361543,0,True,0.03237751203893021,completed,completed,100
6213->8748,6213,8748,1,"(10931,)",0.19,1,0.19,127.0,0.564,False,4184.56,3146.7501886237037,1000.0986511978487,473.957792046523,0.0,1038.0152745615705,0.2480584038851326,0.525137150609837,0,True,0.04961168077702652,completed,completed,100
6305->2450,6305,2450,1,"(11059,)",0.19,1,0.19,127.0,0.564,False,4184.56,3748.650841264526,1054.4208317588161,745.2917656568482,0.0,1114.044173011364,0.2662273149414428,0.5291322149536417,0,True,0.05324546298828856,completed,completed,100
6367->6725,6367,6725,1,"(11216,)",0.19,1,0.19,127.0,0.564,False,4184.56,3579.6517601738137,688.5956691595368,808.7409594894513,0.0,753.2949459186929,0.1800177189283205,0.5170764223752679,0,True,0.0360035437856641,completed,completed,100
6434->8818,6434,8818,1,"(11438,)",0.19,1,0.19,152.4,0.509,False,4184.56,3491.6873331141924,1944.854759199683,781.7748271349352,0.0,2007.396745370478,0.4797151302336393,0.5819343933644849,0,True,0.09594302604672787,completed,completed,100
6468->10345,6468,10345,1,"(11512,)",0.19,1,0.19,127.0,0.564,False,4184.56,2479.908934199601,241.67125996276215,560.2790621157136,0.0,286.49358493201925,0.06846444666393103,0.484565422211591,0,True,0.013692889332786208,completed,completed,100
6478->8806,6478,8806,1,"(11538,)",0.19,1,0.19,127.0,0.564,False,4184.56,1818.6658618296624,342.77082371640245,322.8391714156484,0.0,368.59795742965434,0.08808523654330547,0.4886111535376423,0,True,0.017617047308661093,completed,completed,100
6479->7506,6479,7506,1,"(11541,)",0.19,1,0.19,127.0,0.564,False,4184.56,1172.140232415845,212.78138769210102,208.0716361142756,0.0,229.42711858124306,0.054827059136741504,0.4698598762123132,0,True,0.010965411827348302,completed,completed,100
6594->2555,6594,2555,1,"(11635,)",0.19,1,0.19,127.0,0.564,False,4184.56,2543.6672897798544,539.733193870057,451.53728204006393,0.0,575.8561764332621,0.13761451058970647,0.5054256346935061,0,True,0.027522902117941297,completed,completed,100
6725->6367,6725,6367,1,"(11903,)",0.19,1,0.19,127.0,0.564,False,4184.56,3095.139465424731,427.04283711884005,699.2764181339585,0.0,482.98495056955676,0.11542072537364902,0.5023757880438898,0,True,0.023084145074729806,completed,completed,100
6895->4387,6895,4387,1,"(12188,)",0.19,1,0.19,127.0,0.564,False,4184.56,3881.013639796794,1178.3621993707457,771.6076078098396,0.0,1240.090807995533,0.29634915212006346,0.5326759442270929,0,True,0.059269830424012696,completed,completed,100
6916->2815,6916,2815,1,"(12249,)",0.19,1,0.19,127.0,0.564,False,4184.56,4642.75482354281,2490.2268744235844,824.1553062477566,0.0,2556.159298923405,0.6108549761321154,0.555996616568721,0,True,0.12217099522642308,completed,completed,100
7030->10367,7030,10367,1,"(12435,)",0.19,1,0.19,127.0,0.564,False,4184.56,2634.309809143098,571.6801481442492,467.6276241201734,0.0,609.0903580738631,0.14555660764186987,0.5074628710313392,0,True,0.029111321528373976,completed,completed,100
7072->7073,7072,7073,1,"(12530,)",0.19,1,0.19,127.0,0.564,False,4184.56,1951.3996000267528,373.11578384649675,346.4013061418919,0.0,400.8278883378481,0.09578734403087734,0.49185001140528795,0,True,0.01915746880617547,completed,completed,100
7073->7072,7073,7072,1,"(12532,)",0.19,1,0.19,127.0,0.564,False,4184.56,2551.226721310609,542.3151361230325,452.87918912865183,0.0,578.5454712533246,0.13825718146073293,0.5055954513581847,0,True,0.027651436292146586,completed,completed,100
7296->10372,7296,10372,1,"(12876,)",0.19,1,0.19,127.0,0.564,False,4184.56,1706.9901833425715,318.5165609120456,303.0151431173542,0.0,342.7577723614339,0.08191011058783573,0.4857783450032158,0,True,0.016382022117567147,completed,completed,100
7337->7338,7337,7338,1,"(13008,)",0.19,1,0.19,127.0,0.564,False,4184.56,1560.1151275563439,288.0403808508465,276.9427225002161,0.0,310.19579865086376,0.07412865358624653,0.4818566002067886,0,True,0.014825730717249306,completed,completed,100
7338->7337,7338,7337,1,"(13011,)",0.19,1,0.19,127.0,0.564,False,4184.56,1725.864678630285,322.5437262562519,306.3656356665703,0.0,347.0529771095775,0.08293655177834168,0.486265194408573,0,True,0.016587310355668336,completed,completed,100
7506->6479,7506,6479,1,"(13533,)",0.19,1,0.19,127.0,0.564,False,4184.56,1299.2718712332417,236.81841115213248,230.63931817063232,0.0,255.26955660578307,0.06100272348963404,0.47412346127577476,0,True,0.012200544697926809,completed,completed,100
7518->2546,7518,2546,1,"(13568,)",0.19,1,0.19,127.0,0.564,False,4184.56,3450.4923668073843,996.4392070249276,612.5116878564081,0.0,1045.4401420534402,0.24983275232125723,0.526351964044569,0,True,0.04996655046425145,completed,completed,100
7625->7627,7625,7627,1,"(13924,)",0.19,1,0.19,88.9,0.637,False,4184.56,2414.664238115075,287.5917309276622,262.9569355307317,0.0,308.6282857701207,0.07375405915320146,0.43551718771891373,0,True,0.014750811830640293,completed,completed,100
7627->7625,7627,7625,1,"(13927,)",0.19,1,0.19,88.9,0.637,False,4184.56,1902.7669964265413,214.3036547280945,207.21132591085035,0.0,230.88056080096254,0.055174393676028666,0.42437428730805365,0,True,0.011034878735205735,completed,completed,100
8023->2562,8023,2562,1,"(14966,)",0.19,1,0.19,127.0,0.564,False,4184.56,1539.7507855313497,283.922438367581,273.3277608716079,0.0,305.7886592373096,0.07307546294886669,0.4812918582867217,0,True,0.014615092589773337,completed,completed,100
8300->5797,8300,5797,1,"(15253,)",0.19,1,0.19,127.0,0.564,False,4184.56,1991.336308011492,382.62088380791863,353.4906423335829,0.0,410.90013519460524,0.09819434664447521,0.492802533399044,0,True,0.019638869328895043,completed,completed,100
8634->5506,8634,5506,1,"(15779,)",0.19,1,0.19,127.0,0.564,False,4184.56,1770.2000529698128,357.0027322962954,303.4000808027986,0.0,381.27473876051926,0.0911146545301105,0.48931361476193647,0,True,0.0182229309060221,completed,completed,100
8648->6133,8648,6133,1,"(15801,)",0.19,1,0.19,127.0,0.564,False,4184.56,1923.434286446626,272.4125336522511,382.40951109417244,0.0,303.0052945397849,0.0724103118463554,0.4834468271899233,0,True,0.01448206236927108,completed,completed,100
8695->7451,8695,7451,1,"(15827,)",0.19,1,0.19,228.6,0.463,False,4184.56,665.679992738655,1400.5205251521886,113.19888276520825,0.0,1409.5764357734054,0.3368517683516081,0.6203344400135808,0,True,0.06737035367032163,completed,completed,100
8726->10560,8726,10560,1,"(15858,)",0.19,1,0.19,127.0,0.564,False,4184.56,2589.088513156751,428.16534690573525,514.7522218317728,0.0,469.34552465227705,0.11216126059903,0.4995851093275573,0,True,0.022432252119806,completed,completed,100
8748->6213,8748,6213,1,"(15911,)",0.19,1,0.19,127.0,0.564,False,4184.56,2372.893513479325,632.049312654896,357.4009066484133,0.0,660.6413851867691,0.1578759499652936,0.5087214678662328,0,True,0.03157518999305872,completed,completed,100
8757->10351,8757,10351,1,"(15940,)",0.19,1,0.19,127.0,0.564,False,4184.56,2626.7860908731986,568.9439596337996,466.29205664557674,0.0,606.2473241654458,0.14487719716420502,0.5072936395180866,0,True,0.028975439432841005,completed,completed,100
8790->8791,8790,8791,1,"(16046,)",0.19,1,0.19,127.0,0.564,False,4184.56,1835.082012733465,256.6268934236291,364.84366544361666,0.0,285.81438665911844,0.06830213610489953,0.48121388751583694,0,True,0.013660427220979907,completed,completed,100
8791->8790,8791,8790,1,"(16050,)",0.19,1,0.19,127.0,0.564,False,4184.56,1548.2901816573108,209.93953327495072,307.82486075637996,0.0,234.56552213546112,0.05605500270887766,0.4735439370973446,0,True,0.011211000541775533,completed,completed,100
8805->8807,8805,8807,1,"(16100,)",0.19,1,0.19,127.0,0.564,False,4184.56,1354.8911089807148,247.4965975525944,240.51252743134805,0.0,266.73759974710225,0.0637432847771575,0.47587407855385294,0,True,0.012748656955431502,completed,completed,100
8806->6478,8806,6478,1,"(16102,)",0.19,1,0.19,127.0,0.564,False,4184.56,2638.084271567834,573.0587954246151,468.29764512145584,0.0,610.5226070343316,0.14589887754849531,0.5075477831511449,0,True,0.029179775509699066,completed,completed,100
8811->6389,8811,6389,1,"(16110,)",0.19,1,0.19,177.8,0.509,False,4184.56,3018.1186254743507,2721.109192663418,527.9255373196916,0.0,2763.3432356489934,0.6603664986638961,0.6067217253115076,0,True,0.13207329973277923,completed,completed,100
8818->6434,8818,6434,1,"(16115,)",0.19,1,0.19,152.4,0.509,False,4184.56,3449.5617094355525,1882.9499973632148,772.3430684957825,0.0,1944.7374428428775,0.4647412016658567,0.5808652519711763,0,True,0.09294824033317134,completed,completed,100
8926->8475,8926,8475,1,"(16367,)",0.19,1,0.19,127.0,0.564,False,4184.56,2644.5416086230994,710.9503770286841,410.76342535938295,0.0,743.8114510574347,0.17775141258756827,0.5134025332878523,0,True,0.03555028251751365,completed,completed,100
8993->8992,8993,8992,1,"(16572,)",0.19,1,0.19,127.0,0.564,False,4184.56,2784.158321785925,492.478402217391,553.5352209041906,0.0,536.7612198897262,0.1282718421745001,0.5043359133616742,0,True,0.025654368434900023,completed,completed,100
8997->9004,8997,9004,1,"(16590,)",0.19,1,0.19,177.8,0.509,False,4184.56,1310.0916919531699,817.4726061449858,293.3242894615469,0.0,840.9385493019096,0.20096223959075973,0.5624883415135178,0,True,0.04019244791815195,completed,completed,100
9004->8997,9004,8997,1,"(16612,)",0.19,1,0.19,177.8,0.509,False,4184.56,2549.669403528425,1812.2502732873088,570.8607807724003,0.0,1857.9191357491009,0.443993905153493,0.5931548131444819,0,True,0.0887987810306986,completed,completed,100
9022->9021,9022,9021,1,"(16678,)",0.19,1,0.19,127.0,0.564,False,4184.56,113.91933497646775,14.949392217066853,33.997536000000004,0.0,17.669195097066854,0.004222473831673307,0.3702510232770127,0,False,0.004222473831673307,completed,completed,100
9222->10641,9222,10641,1,"(17206,)",0.19,1,0.19,127.0,0.564,False,4184.56,2002.3437669182272,487.411944823503,311.0140455965737,0.0,512.2930684712289,0.12242459624697194,0.4993671862115768,0,True,0.024484919249394388,completed,completed,100
10013->10014,10013,10014,1,"(18391,)",0.2,1,0.2,63.5,0.637,False,4404.8,2219.7812132479467,25.40297976717065,276.26762756880163,0.0,47.50438997267478,0.010784687153258895,0.3628756593848299,1,False,0.013480858941573618,completed,completed,100
10120->4440,10120,4440,1,"(18605,)",0.2,1,0.2,177.8,0.509,False,4404.8,692.1098416071226,367.16822497670904,203.8955593374583,0.0,383.4798697237057,0.08705954180069599,0.5323710901991963,0,True,0.017411908360139196,completed,completed,100
10167->6879,10167,6879,1,"(18703,)",0.2,1,0.2,127.0,0.564,False,4404.8,1029.6682233170459,143.15845020045055,215.4889657757914,0.0,160.39756746251385,0.036414267949172234,0.457923898415222,0,True,0.0072828535898344475,completed,completed,100
10344->6389,10344,6389,1,"(19105,)",0.2,1,0.2,177.8,0.509,False,4404.8,1711.72073310249,1146.7281176071654,403.4183423775948,0.0,1179.001584997373,0.2676629097796433,0.5753793200004632,0,True,0.053532581955928665,completed,completed,100
10365->9326,10365,9326,1,"(19193,)",0.1,2,0.2,127.0,0.564,False,4404.8,3032.33285563593,375.1603204209977,247.8932109482373,0.0,394.9917772968567,0.08967303334926822,0.4962213464080415,0,True,0.017934606669853647,completed,completed,100
10369->2549,10369,2549,1,"(19207,)",0.1,2,0.2,127.0,0.564,False,4404.8,3227.229938405289,314.71192345138604,301.51548281672274,0.0,338.83316207672385,0.07692362015908187,0.49237981078117204,0,True,0.015384724031816375,completed,completed,100
10370->2031,10370,2031,1,"(19211,)",0.2,1,0.2,127.0,0.564,False,4404.8,1885.4473034680982,241.72721075502528,411.0275121560455,0.0,274.6094117275089,0.062343219153539076,0.4803310502205508,0,True,0.012468643830707817,completed,completed,100
10371->12573,10371,12573,1,"(19218,)",0.2,1,0.2,127.0,0.564,False,4404.8,1482.6212326720267,286.8327507823621,277.03836747643015,0.0,308.9958201804765,0.07014979571841548,0.4811872987547202,0,True,0.014029959143683097,completed,completed,100
10372->7285,10372,7285,1,"(19221,)",0.2,1,0.2,127.0,0.564,False,4404.8,2470.052189601904,542.4469812990615,461.5468948570416,0.0,579.3707328876247,0.13153167746268268,0.5052851109642074,0,True,0.02630633549253654,completed,completed,100
10531->12282,10531,12282,1,"(19917,)",0.2,1,0.2,127.0,0.564,False,4404.8,1976.052833069845,297.06072930705346,413.5483369048572,0.0,330.14459625944204,0.07495109795210725,0.4862683850925853,0,True,0.01499021959042145,completed,completed,100
10542->3979,10542,3979,1,"(19965,)",0.2,1,0.2,127.0,0.564,False,4404.8,2799.7882075886673,524.3557103566443,585.9396760841564,0.0,571.2308844433768,0.12968372785220142,0.5062332672462277,0,True,0.025936745570440286,completed,completed,100
10545->5100,10545,5100,1,"(19977,)",0.2,1,0.2,127.0,0.564,False,4404.8,2310.4503925542795,371.8154587014798,483.5310581537596,0.0,410.4979433537806,0.09319332168402211,0.49439344654297324,0,True,0.018638664336804424,completed,completed,100
10604->8872,10604,8872,1,"(20265,)",0.1,2,0.2,127.0,0.564,False,4404.8,3613.116580047613,357.9887417859772,337.5683204787341,0.0,384.99420742427594,0.08740333441342987,0.4973755309469163,0,True,0.017480666882685975,completed,completed,100
10886->12774,10886,12774,1,"(21551,)",0.2,1,0.2,107.95,0.564,False,4404.8,3483.9515992400034,817.4131364607986,569.6260864757406,0.0,862.9832233788578,0.19591882114485512,0.5080940662260653,0,True,0.039183764228971026,completed,completed,100
10888->2569,10888,2569,1,"(21557,)",0.2,1,0.2,127.0,0.564,False,4404.8,1002.103706115635,286.22965471718777,145.6390719554723,0.0,297.8807804736256,0.06762640312241772,0.47584085252075814,0,True,0.013525280624483544,completed,completed,100
10891->9205,10891,9205,1,"(21571,)",0.2,1,0.2,88.9,0.637,False,4404.8,3457.465739682171,494.436055472771,418.35335450154264,0.0,527.9043238328944,0.1198475126754664,0.45525571338700954,0,True,0.02396950253509328,completed,completed,100
10905->10906,10905,10906,1,"(21631,)",0.2,1,0.2,127.0,0.564,False,4404.8,2933.46082598382,1065.734217439161,403.8912379354565,0.0,1098.0455164739976,0.2492838531769882,0.5260323696740089,0,True,0.049856770635397646,completed,completed,100
10906->10905,10906,10905,1,"(21635,)",0.2,1,0.2,127.0,0.564,False,4404.8,2904.8262243441873,1048.517921748513,399.9487054149681,0.0,1080.5138181817103,0.24530371825774389,0.5254501644554348,0,True,0.04906074365154878,completed,completed,100
10906->4532,10906,4532,1,"(21633,)",0.1,2,0.2,127.0,0.564,False,4404.8,2042.6729222455715,291.7898682782966,148.43423234984488,0.0,303.66460686628415,0.06893947667687163,0.4841662953288041,0,True,0.013787895335374327,completed,completed,100
11078->12438,11078,12438,1,"(22403,)",0.2,1,0.2,63.5,0.637,False,4404.8,6009.104184135611,2255.253736339249,671.1707134896084,0.0,2308.9473934184175,0.5241889287637163,0.4879201335801639,0,True,0.10483778575274326,completed,completed,100
11861->2913,11861,2913,1,"(24597,)",0.1,2,0.2,127.0,0.564,False,4404.8,2060.0188231425923,251.3754007541846,168.40653879190694,0.0,264.8479238575371,0.060127116749350056,0.4802301494485529,0,True,0.012025423349870012,completed,completed,100
12252->8890,12252,8890,1,"(25574,)",0.2,1,0.2,88.9,0.637,False,4404.8,2119.1135088721576,218.82789515209785,256.4127345735311,0.0,239.34091391798034,0.05433638619641762,0.42660702182455346,0,True,0.010867277239283525,completed,completed,100
12264->3972,12264,3972,1,"(25619,)",0.2,1,0.2,88.9,0.637,False,4404.8,2888.90194072387,395.7938848187274,331.15939088929423,0.0,422.28663608987097,0.09586965040180506,0.4467134074468292,0,True,0.019173930080361015,completed,completed,100
12282->10531,12282,10531,1,"(25679,)",0.2,1,0.2,127.0,0.564,False,4404.8,1859.8542640199532,274.70972826815574,389.23030037409586,0.0,305.8481522980834,0.06943519621732731,0.48335565209792036,0,True,0.013887039243465463,completed,completed,100
12319->2383,12319,2383,1,"(25783,)",0.2,1,0.2,127.0,0.564,False,4404.8,1278.3194581664106,281.614678672189,222.93891350422206,0.0,299.4497917525267,0.06798260800774762,0.47864747536056823,0,True,0.013596521601549526,completed,completed,100
12406->12407,12406,12407,1,"(26050,)",0.2,1,0.2,63.5,0.637,False,4404.8,5064.205453251903,900.5155654701241,689.3649673239154,0.0,955.6647628560373,0.21695985353615085,0.45999959533767454,0,True,0.04339197070723017,completed,completed,100
12407->12406,12407,12406,1,"(26055,)",0.2,1,0.2,63.5,0.637,False,4404.8,4562.875875416896,534.7218306085523,621.121478541125,0.0,584.4115488918424,0.13267606903646983,0.4443465209530926,0,True,0.02653521380729397,completed,completed,100
12438->11078,12438,11078,1,"(26147,)",0.2,1,0.2,63.5,0.637,False,4404.8,4464.7883371137,636.3841348918648,498.6825127299303,0.0,676.2787359102592,0.15353222300904903,0.44841816201038565,0,True,0.03070644460180981,completed,completed,100
12640->2151,12640,2151,1,"(26846,)",0.2,1,0.2,88.9,0.637,False,4404.8,3430.448141017488,379.6701491624526,452.8191546143085,0.0,415.8956815315973,0.09441874353695906,0.44813638458546,0,True,0.018883748707391814,completed,completed,100
12758->8757,12758,8757,1,"(27245,)",0.2,1,0.2,127.0,0.564,False,4404.8,2752.9272252434776,649.4803124791375,514.4041158026383,0.0,690.6326417433486,0.15679091939324113,0.5116508022096183,0,True,0.03135818387864823,completed,completed,100
12774->10886,12774,10886,1,"(27307,)",0.2,1,0.2,107.95,0.564,False,4404.8,2959.010046157381,555.1547712239742,483.7981425467318,0.0,593.8586226277127,0.13482079155187812,0.4952823707355899,0,True,0.026964158310375626,completed,completed,100
1959->1956,1959,1956,1,"(1968,)",0.04,5,0.2,127.0,0.564,False,4404.8,4496.230586580411,7.4223009091312395,3920.7130714981195,0.0,321.07934662898083,0.07289305907850091,0.4944084100863488,0,True,0.014578611815700183,completed,completed,100
1960->1961,1960,1961,1,"(1969,)",0.04,5,0.2,127.0,0.564,False,4404.8,4257.69836423266,5.651583288606522,3712.712973610881,0.0,302.668621177477,0.06871336296255834,0.49207445545433603,0,True,0.013742672592511669,completed,completed,100
2031->10370,2031,10370,1,"(2193,)",0.2,1,0.2,127.0,0.564,False,4404.8,1874.5717101598348,239.9009964625773,408.65663281484404,0.0,272.5935270877648,0.061885562815057395,0.4800510270964931,0,True,0.01237711256301148,completed,completed,100
2061->2127,2061,2127,1,"(2263,)",0.2,1,0.2,127.0,0.564,False,4404.8,1880.6948018131804,278.60839893933786,393.59180812346244,0.0,310.09574358921486,0.07039950590020315,0.48388342476597734,0,True,0.01407990118004063,completed,completed,100
2061->2877,2061,2877,1,"(2264,)",0.2,1,0.2,127.0,0.564,False,4404.8,1918.3882196451275,567.6833420277103,278.8057545884252,0.0,589.9878023947844,0.13394201834244104,0.5030664977803299,0,True,0.02678840366848821,completed,completed,100
2151->12640,2151,12640,1,"(2444,)",0.2,1,0.2,88.9,0.637,False,4404.8,4522.437987229294,904.8356769280814,596.9618143142668,0.0,952.5926220732227,0.21626240057964555,0.47560451566598805,0,True,0.04325248011592911,completed,completed,100
2383->12319,2383,12319,1,"(3105,)",0.2,1,0.2,127.0,0.564,False,4404.8,1535.8084164760544,341.94435170750745,267.84498783342394,0.0,363.3719507341814,0.08249454021389878,0.48634827536324304,0,True,0.016498908042779755,completed,completed,100
2387->2388,2387,2388,1,"(3112,)",0.04,5,0.2,127.0,0.564,False,4404.8,11.731154109579611,5.397227401682015e-12,4473.360000000001,0.0,357.8688000000055,0.08124518706865362,0.43363720729652544,2,False,0.12186778060298042,completed,completed,100
2389->2386,2389,2386,1,"(3114,)",0.04,5,0.2,127.0,0.564,False,4404.8,0.0,0.0,4473.360000000001,0.0,357.8688000000001,0.0812451870686524,0.4059001010485418,2,False,0.12186778060297859,completed,completed,100
2494->4524,2494,4524,1,"(3423,)",0.1,2,0.2,127.0,0.564,False,4404.8,2632.4629147188575,252.69766165578298,245.94724946087612,0.0,272.3734416126531,0.06183559789607998,0.4837274755204243,0,True,0.012367119579215997,completed,completed,100
2549->10369,2549,10369,1,"(3541,)",0.1,2,0.2,127.0,0.564,False,4404.8,2834.8549858098236,273.31007344719853,264.85645153137494,0.0,294.49858956970854,0.06685856101746017,0.4868350687419259,0,True,0.013371712203492035,completed,completed,100
2555->2556,2555,2556,1,"(3559,)",0.2,1,0.2,127.0,0.564,False,4404.8,2813.045334876211,529.4758877964243,588.7141276828936,0.0,576.5730180110559,0.13089652606498725,0.5065594088523604,0,True,0.026179305212997453,completed,completed,100
2556->2555,2556,2555,1,"(3563,)",0.2,1,0.2,127.0,0.564,False,4404.8,1923.8922598622887,286.838378387824,402.63217214397986,0.0,319.0489521593424,0.07243210864496512,0.4849695248809121,0,True,0.014486421728993025,completed,completed,100
2584->12879,2584,12879,1,"(3654,)",0.2,1,0.2,88.9,0.637,False,4404.8,3206.5285863519084,528.4334061254569,349.19096305372284,0.0,556.3686831697547,0.12630963566331155,0.4559838537364448,0,True,0.02526192713266231,completed,completed,100
2590->12721,2590,12721,1,"(3672,)",0.2,1,0.2,127.0,0.564,False,4404.8,2236.5871803322793,469.1492778481223,417.9222902678031,0.0,502.5830610695466,0.1140989513870202,0.5000083186062684,0,True,0.02281979027740404,completed,completed,100
2711->2712,2711,2712,1,"(3945,)",0.1,2,0.2,127.0,0.564,False,4404.8,3966.41578644956,400.7063221993035,370.576560619716,0.0,430.3524470488808,0.09770079164749382,0.5016763220265472,0,True,0.019540158329498764,completed,completed,100
2765->4419,2765,4419,1,"(4114,)",0.1,2,0.2,127.0,0.564,False,4404.8,3722.258775724303,370.8253786930649,347.7653199033849,0.0,398.6466042853357,0.09050277067865412,0.49872727273259787,0,True,0.018100554135730824,completed,completed,100
2768->2683,2768,2683,1,"(4120,)",0.1,2,0.2,127.0,0.564,False,4404.8,3052.5776307483748,296.01373982589354,285.19796721563387,0.0,318.82957720314425,0.07238230503158923,0.4899802551038124,0,True,0.014476461006317845,completed,completed,100
2779->4473,2779,4473,1,"(4145,)",0.1,2,0.2,127.0,0.564,False,4404.8,3093.873064711365,383.33144993429204,252.92412304015411,0.0,403.56537977750435,0.0916194559974356,0.49707344387629593,0,True,0.01832389119948712,completed,completed,100
2877->12584,2877,12584,1,"(4443,)",0.1,2,0.2,127.0,0.564,False,4404.8,2960.718078526753,427.44273066258927,215.14551370627737,0.0,444.6543717590915,0.1009476870139601,0.49945306922644533,0,True,0.020189537402792022,completed,completed,100
2913->11861,2913,11861,1,"(4561,)",0.1,2,0.2,127.0,0.564,False,4404.8,2200.4640214894725,268.81793903827366,179.8879337567644,0.0,283.2089737388148,0.0642955352658043,0.48292288317540616,0,True,0.01285910705316086,completed,completed,100
3972->12264,3972,12264,1,"(5858,)",0.2,1,0.2,88.9,0.637,False,4404.8,2511.484793414566,319.61085873179024,287.8954673714171,0.0,342.6424961215036,0.077788434462746,0.4390263922925566,0,True,0.0155576868925492,completed,completed,100
3979->10542,3979,10542,1,"(5882,)",0.2,1,0.2,127.0,0.564,False,4404.8,2534.6250081040735,433.7925526483937,530.4463216960205,0.0,476.2282583840754,0.10811575063205489,0.4997827957629529,0,True,0.02162315012641098,completed,completed,100
4208->4210,4208,4210,1,"(6151,)",0.1,2,0.2,127.0,0.564,False,4404.8,3630.883779897044,533.2245128709637,263.84422133918525,0.0,554.3320505780986,0.12584726901972815,0.5081803246178953,0,True,0.02516945380394563,completed,completed,100
4440->10120,4440,10120,1,"(6804,)",0.2,1,0.2,177.8,0.509,False,4404.8,955.9590463208382,508.4774414510736,281.6255350461189,0.0,531.0074842547631,0.12055200786749978,0.5454872515650474,0,True,0.02411040157349996,completed,completed,100
4448->4449,4448,4449,1,"(6828,)",0.2,1,0.2,127.0,0.564,False,4404.8,2504.968596937649,374.5344073383446,546.0831541324076,0.0,418.2210596689372,0.094946662656406,0.49582398900411234,0,True,0.0189893325312812,completed,completed,100
4473->2779,4473,2779,1,"(6900,)",0.1,2,0.2,127.0,0.564,False,4404.8,4685.243546068197,627.0573756461592,383.0186598910752,0.0,657.6988684374453,0.1493141274149667,0.5160046675914268,0,True,0.02986282548299334,completed,completed,100
4524->2494,4524,2494,1,"(7026,)",0.1,2,0.2,127.0,0.564,False,4404.8,2461.829024382971,235.61681107763116,230.00516884949474,0.0,254.01722458559072,0.05766827655866117,0.4809426456867806,0,True,0.011533655311732234,completed,completed,100
4532->10906,4532,10906,1,"(7049,)",0.1,2,0.2,127.0,0.564,False,4404.8,2580.1468738847957,370.347045735954,187.4906728356285,0.0,385.3462995628043,0.08748326815356072,0.493732473430857,0,True,0.017496653630712147,completed,completed,100
4726->4727,4726,4727,1,"(7678,)",0.1,2,0.2,127.0,0.564,False,4404.8,2344.5762152418542,224.00956661079755,219.05040639545325,0.0,241.5335991224338,0.05483418069434112,0.47892730378606513,0,True,0.010966836138868225,completed,completed,100
5100->10545,5100,10545,1,"(8850,)",0.2,1,0.2,127.0,0.564,False,4404.8,3101.816184012721,658.1352071262439,649.1480909901823,0.0,710.0670544054585,0.1612030181632443,0.513770391809517,0,True,0.032240603632648863,completed,completed,100
5154->5152,5154,5152,1,"(8978,)",0.2,1,0.2,127.0,0.564,False,4404.8,2245.1224590072234,355.75553450779876,469.85922822103174,0.0,393.3442727654813,0.08929900852830579,0.4928223214229998,0,True,0.01785980170566116,completed,completed,100
5540->8723,5540,8723,1,"(9844,)",0.2,1,0.2,127.0,0.564,False,4404.8,2625.1631935267255,462.3497668020983,549.3941531412731,0.0,506.30129905340016,0.11494308460166186,0.5019715636958225,0,True,0.022988616920332373,completed,completed,100
5570->8979,5570,8979,1,"(9887,)",0.2,1,0.2,127.0,0.564,False,4404.8,1952.320483875078,292.36963486221737,408.5816308653763,0.0,325.05616533144746,0.07379589659722291,0.4856790074614512,0,True,0.014759179319444583,completed,completed,100
5926->5930,5926,5930,1,"(10503,)",0.2,1,0.2,127.0,0.564,False,4404.8,4169.885642234767,1299.7573663901835,991.6746218260137,0.0,1379.0913361362645,0.31308829825105894,0.5365962662307139,0,True,0.0626176596502118,completed,completed,100
5930->5926,5930,5926,1,"(10508,)",0.2,1,0.2,127.0,0.564,False,4404.8,3026.489679560694,420.70578849670846,719.754272884616,0.0,478.28613032747774,0.10858293914081858,0.5018429613600892,0,True,0.021716587828163717,completed,completed,100
5933->5947,5933,5947,1,"(10511,)",0.2,1,0.2,127.0,0.564,False,4404.8,3185.0854907201833,702.1652566163102,666.57469149792,0.0,755.4912319361438,0.17151544495462762,0.5158894468469739,0,True,0.034303088990925525,completed,completed,100
5933->8739,5933,8739,1,"(10513,)",0.2,1,0.2,127.0,0.564,False,4404.8,2030.721003982769,308.1355486019365,424.9892917135139,0.0,342.1346919390176,0.07767315018593753,0.4876170632945875,0,True,0.015534630037187505,completed,completed,100
5947->5933,5947,5933,1,"(10535,)",0.2,1,0.2,127.0,0.564,False,4404.8,3864.5206468130905,1223.2649162583368,808.7668809650437,0.0,1287.9662667355403,0.29240062357781066,0.5337482689235407,0,True,0.05848012471556213,completed,completed,100
5986->5972,5986,5972,1,"(10592,)",0.2,1,0.2,127.0,0.564,False,4404.8,3134.04754142593,838.1598010246594,585.6191691693024,0.0,885.0093345582036,0.20091930043548029,0.5203845328678947,0,True,0.04018386008709606,completed,completed,100
6237->8999,6237,8999,1,"(10961,)",0.2,1,0.2,152.4,0.509,False,4404.8,2209.1213589105714,836.0513287004841,520.6457218680436,0.0,877.7029864499276,0.19926057629175617,0.5525115549075733,0,True,0.03985211525835124,completed,completed,100
6389->10344,6389,10344,1,"(11298,)",0.2,1,0.2,177.8,0.509,False,4404.8,2279.33647973782,1624.492891407528,537.1940215446093,0.0,1667.468413131097,0.37855712248708157,0.5887385152824722,0,True,0.07571142449741632,completed,completed,100
6463->6468,6463,6468,1,"(11506,)",0.2,1,0.2,127.0,0.564,False,4404.8,2767.954572107579,655.8505552730052,517.2120829023877,0.0,697.2275219051962,0.15828812248120147,0.5119906350226789,0,True,0.031657624496240294,completed,completed,100
6468->6463,6468,6463,1,"(11509,)",0.2,1,0.2,127.0,0.564,False,4404.8,3258.4490861835657,914.1808991649732,608.8644863897291,0.0,962.8900580761515,0.21860017664278775,0.5232990045296153,0,True,0.043720035328557554,completed,completed,100
6498->9011,6498,9011,1,"(11583,)",0.1,2,0.2,127.0,0.564,False,4404.8,1039.3923545820116,98.54578777930992,97.10894284237652,0.0,106.31450320670004,0.024136056848596994,0.4459636985909425,0,True,0.004827211369719399,completed,completed,100
6773->8528,6773,8528,1,"(12030,)",0.1,2,0.2,177.8,0.509,False,4404.8,1183.8718950709651,415.35622445001763,124.5602358171094,0.0,425.32104331538636,0.09655853689506591,0.5412704659897389,0,True,0.019311707379013183,completed,completed,100
7024->7025,7024,7025,1,"(12421,)",0.2,1,0.2,127.0,0.564,False,4404.8,2056.022575351622,529.8253625396653,336.15969106999023,0.0,556.7181378252645,0.12638897062869245,0.5021089394986883,0,True,0.025277794125738492,completed,completed,100
7025->7024,7025,7024,1,"(12425,)",0.2,1,0.2,127.0,0.564,False,4404.8,3118.2437804340316,998.3652893271059,509.83285810096424,0.0,1039.151917975183,0.23591353023410438,0.5250702813987448,0,True,0.04718270604682088,completed,completed,100
7055->7056,7055,7056,1,"(12508,)",0.2,1,0.2,127.0,0.564,False,4404.8,2751.3571289062675,506.1685677136412,575.8040199375037,0.0,552.2328893086415,0.12537070679909224,0.5050451270952819,0,True,0.025074141359818447,completed,completed,100
7056->7055,7056,7055,1,"(12511,)",0.2,1,0.2,127.0,0.564,False,4404.8,2347.4038754496287,381.26834206929124,491.2646830540983,0.0,420.5695167136191,0.09547982126625933,0.49528108929323295,0,True,0.019095964253251867,completed,completed,100
7285->10372,7285,10372,1,"(12850,)",0.2,1,0.2,127.0,0.564,False,4404.8,2811.979611785528,674.962940052113,525.4384760307815,0.0,716.9980181345755,0.1627765206444278,0.5129879154767332,0,True,0.03255530412888556,completed,completed,100
7562->7564,7562,7564,1,"(13708,)",0.2,1,0.2,152.4,0.509,False,4404.8,3097.24025766763,1461.1850579421455,760.3724832574031,0.0,1522.0148566027378,0.345535519570182,0.5724509336101085,0,True,0.0691071039140364,completed,completed,100
7587->10627,7587,10627,1,"(13799,)",0.1,2,0.2,127.0,0.564,False,4404.8,5139.8638591446725,577.6492387866422,480.21013769723083,0.0,616.0660498024206,0.13986243411787608,0.5150843337257457,0,True,0.027972486823575216,completed,completed,100
7593->12249,7593,12249,1,"(13819,)",0.2,1,0.2,88.9,0.637,False,4404.8,1700.8331346236816,199.01209575771298,194.96918774791467,0.0,214.60963077754616,0.04872176506936663,0.4210013925575085,0,True,0.009744353013873327,completed,completed,100
7593->5150,7593,5150,1,"(13818,)",0.2,1,0.2,88.9,0.637,False,4404.8,2617.528726526682,339.21884026981144,300.0514508618481,0.0,363.2229563387593,0.08246071475180695,0.4411963023800708,0,True,0.01649214295036139,completed,completed,100
8089->8422,8089,8422,1,"(15044,)",0.2,1,0.2,127.0,0.564,False,4404.8,2974.60045768267,837.7886874050247,518.7703198198577,0.0,879.2903129906133,0.19962093920055696,0.519624021141085,0,True,0.0399241878401114,completed,completed,100
8239->8238,8239,8238,1,"(15176,)",0.04,5,0.2,127.0,0.564,False,4404.8,0.0,0.0,4473.360000000001,0.0,357.8688000000001,0.0812451870686524,0.4059001010485418,2,False,0.12186778060297859,completed,completed,100
8242->8243,8242,8243,1,"(15179,)",0.04,5,0.2,127.0,0.564,False,4404.8,17.11684076592883,3.557457208127476e-11,4473.360000000001,0.0,357.86880000003566,0.08124518706866048,0.43748357903807095,1,False,0.10155648383582559,completed,completed,100
8703->5005,8703,5005,1,"(15835,)",0.2,1,0.2,127.0,0.564,False,4404.8,1266.5933263419538,278.93210613949043,220.89387611403677,0.0,296.60361622861336,0.0673364548285083,0.4782657476470552,0,True,0.013467290965701659,completed,completed,100
8723->5540,8723,5540,1,"(15854,)",0.2,1,0.2,127.0,0.564,False,4404.8,3098.5542273992455,656.47953208002,648.4654287101142,0.0,708.3567663768291,0.1608147399148268,0.5136877455161456,0,True,0.032162947982965366,completed,completed,100
8739->5933,8739,5933,1,"(15889,)",0.2,1,0.2,127.0,0.564,False,4404.8,1674.5100155930566,241.83827109318662,350.4414560633149,0.0,269.87358757825183,0.06126806837501177,0.4785259275253885,0,True,0.012253613675002354,completed,completed,100
8757->12758,8757,12758,1,"(15941,)",0.2,1,0.2,127.0,0.564,False,4404.8,2527.6915607188093,562.4462526926645,472.31722306002894,0.0,600.2316305374668,0.13626762407770313,0.5065802715251018,0,True,0.027253524815540626,completed,completed,100
8890->12252,8890,12252,1,"(16255,)",0.2,1,0.2,88.9,0.637,False,4404.8,3235.5939225066686,427.8207822743562,391.5068646233069,0.0,459.1413314442207,0.1042365899573694,0.4504162490317477,0,True,0.02084731799147388,completed,completed,100
8979->5570,8979,5570,1,"(16522,)",0.2,1,0.2,127.0,0.564,False,4404.8,1513.275277533182,215.38306907688482,316.69825008214434,0.0,240.71892908345637,0.05464923017695613,0.4740568838149026,0,True,0.010929846035391226,completed,completed,100
8999->6237,8999,6237,1,"(16595,)",0.2,1,0.2,152.4,0.509,False,4404.8,3035.4431145926405,1457.5075925846872,715.3932332471934,0.0,1514.7390512444626,0.34388372939621836,0.5720897298680729,0,True,0.06877674587924368,completed,completed,100
9055->9054,9055,9054,1,"(16773,)",0.2,1,0.2,63.5,0.637,False,4404.8,3403.0434598325583,255.00014476496835,380.0937772059135,0.0,285.40764694144144,0.06479468918939371,0.42001918912856107,0,True,0.012958937837878742,completed,completed,100
9205->10891,9205,10891,1,"(17153,)",0.2,1,0.2,88.9,0.637,False,4404.8,4484.063238251274,1020.7616249322192,542.5716518284042,0.0,1064.1673570784915,0.24159266188668985,0.4787821740578131,0,True,0.04831853237733797,completed,completed,100
9326->10365,9326,10365,1,"(17305,)",0.1,2,0.2,127.0,0.564,False,4404.8,3601.500431427365,453.2525726419348,294.42266026918713,0.0,476.8063854634698,0.10824699996900422,0.5036474878804154,0,True,0.021649399993800847,completed,completed,100
9971->9976,9971,9976,1,"(18310,)",0.2,1,0.2,76.2,0.637,False,4404.8,2950.161256758194,271.3530761725388,338.1816430115446,0.0,298.40760761346235,0.06774600608732799,0.42824137125737227,0,True,0.013549201217465598,completed,completed,100
10372->7460,10372,7460,1,"(19223,)",0.21,1,0.21,127.0,0.564,False,4625.04,1299.1113626369238,261.71277928778613,254.8856493493645,0.0,282.1036312357353,0.06099485220359938,0.4770655360322648,0,True,0.012198970440719877,completed,completed,100
10568->5933,10568,5933,1,"(20085,)",0.21,1,0.21,127.0,0.564,False,4625.04,2591.1613592853832,473.9277991395365,569.3921617348072,0.0,519.4791720783211,0.11231884958364059,0.5025874734461677,0,True,0.02246376991672812,completed,completed,100
10585->2450,10585,2450,1,"(20169,)",0.21,1,0.21,127.0,0.564,False,4625.04,4120.84071165234,1595.7079643259672,905.530021341332,0.0,1668.1503660332737,0.36067804084576,0.5420880891312293,0,True,0.072135608169152,completed,completed,100
10624->10630,10624,10630,1,"(20356,)",0.21,1,0.21,177.8,0.509,False,4625.04,1422.4827883505409,1141.9410737785452,275.0103755752955,0.0,1163.9419038245687,0.25166093781341753,0.5729829180541853,0,True,0.05033218756268351,completed,completed,100
10630->10624,10630,10624,1,"(20383,)",0.21,1,0.21,177.8,0.509,False,4625.04,1893.6044538981762,1560.8998294465966,366.0929160777018,0.0,1590.1872627328128,0.34382129943369416,0.5853163197468951,0,True,0.06876425988673883,completed,completed,100
10643->7778,10643,7778,1,"(20441,)",0.21,1,0.21,107.95,0.564,False,4625.04,3163.886704086862,713.5824986171694,526.7008484112603,0.0,755.7185664900703,0.16339719580588932,0.5031255435895337,0,True,0.03267943916117787,completed,completed,100
10862->1987,10862,1987,1,"(21438,)",0.21,1,0.21,88.9,0.637,False,4625.04,2905.6642116582952,365.5507151145661,369.1646380911864,0.0,395.083886161861,0.08542280416209612,0.4448131555059348,0,True,0.017084560832419226,completed,completed,100
12255->7465,12255,7465,1,"(25586,)",0.21,1,0.21,88.9,0.637,False,4625.04,4388.438136097131,796.9981550545812,627.2449483400331,0.0,847.1777509217839,0.18317198357674397,0.4718141165215749,0,True,0.036634396715348794,completed,completed,100
12367->12368,12367,12368,1,"(25943,)",0.21,1,0.21,127.0,0.564,False,4625.04,2366.0610306809763,405.4548264661009,519.9277151259605,0.0,447.04904367617775,0.09665841672205597,0.4971679435219478,0,True,0.019331683344411196,completed,completed,100
12368->12367,12368,12367,1,"(25946,)",0.21,1,0.21,127.0,0.564,False,4625.04,2767.0787541194427,537.5840022843416,608.0489537452229,0.0,586.2279185839594,0.12675088617265134,0.5068698526605429,0,True,0.02535017723453027,completed,completed,100
12627->12626,12627,12626,1,"(26805,)",0.21,1,0.21,88.9,0.637,False,4625.04,3276.267311569486,461.1141661820506,416.24976193490323,0.0,494.41414713684287,0.10689943160207109,0.4527355286985523,0,True,0.02137988632041422,completed,completed,100
2450->10585,2450,10585,1,"(3286,)",0.21,1,0.21,127.0,0.564,False,4625.04,4301.337954877267,1860.4629054230227,945.1932075565503,0.0,1936.0783620275467,0.41860791734288716,0.5469554629133105,0,True,0.08372158346857744,completed,completed,100
2569->10883,2569,10883,1,"(3605,)",0.21,1,0.21,127.0,0.564,False,4625.04,1198.6996014751733,360.59326717867964,182.92155918511145,0.0,375.2269919134886,0.08112945875354345,0.4845947144757944,0,True,0.016225891750708692,completed,completed,100
2800->8136,2800,8136,1,"(4199,)",0.21,1,0.21,88.9,0.637,False,4625.04,3463.373847299091,273.8052808641592,528.0259767592194,0.0,316.04735900489675,0.06833397311264265,0.44014812896522154,0,True,0.013666794622528532,completed,completed,100
4295->6629,4295,6629,1,"(6378,)",0.21,1,0.21,127.0,0.564,False,4625.04,1645.8826202746284,337.83496971134315,322.92217009788214,0.0,363.6687433191737,0.07863039958987894,0.4871265521319514,0,True,0.01572607991797579,completed,completed,100
4383->4384,4383,4384,1,"(6609,)",0.21,1,0.21,127.0,0.564,False,4625.04,2996.004102381742,800.9116409524855,587.8160048872979,0.0,847.9369213434694,0.1833361271131643,0.5186302095974655,0,True,0.036667225422632864,completed,completed,100
4384->4383,4384,4383,1,"(6612,)",0.21,1,0.21,127.0,0.564,False,4625.04,2595.2176287860993,616.3314938288132,509.18169876783276,0.0,657.0660297302398,0.142067102064034,0.5095373712345044,0,True,0.0284134204128068,completed,completed,100
4408->8798,4408,8798,1,"(6697,)",0.21,1,0.21,127.0,0.564,False,4625.04,3397.0047274729013,1113.2420163990805,643.5098334774184,0.0,1164.722803077274,0.2518297794348317,0.5293723236104766,0,True,0.050365955886966345,completed,completed,100
4516->10857,4516,10857,1,"(7008,)",0.21,1,0.21,88.9,0.637,False,4625.04,3333.9881062099807,330.26494348286957,476.53108750572534,0.0,368.3874304833276,0.07965064745025505,0.44424936164926476,0,True,0.01593012949005101,completed,completed,100
5933->10568,5933,10568,1,"(10514,)",0.21,1,0.21,127.0,0.564,False,4625.04,3004.05933815915,641.1835892729896,660.1240152044443,0.0,693.9935104893451,0.15005135317518228,0.5127455572893183,0,True,0.03001027063503646,completed,completed,100
5933->8737,5933,8737,1,"(10512,)",0.21,1,0.21,127.0,0.564,False,4625.04,2695.8673675154682,699.4194235863243,510.6902403511371,0.0,740.2746428144153,0.16005799794475623,0.5134713392929994,0,True,0.032011599588951244,completed,completed,100
6071->6051,6071,6051,1,"(10747,)",0.21,1,0.21,127.0,0.564,False,4625.04,3755.8594585180895,1172.4587282353205,825.3275808525992,0.0,1238.4849347035283,0.2677782105027261,0.5322803851537549,0,True,0.053555642100545225,completed,completed,100
6629->4295,6629,4295,1,"(11672,)",0.21,1,0.21,127.0,0.564,False,4625.04,2594.6397357475703,616.1054297890446,509.0683161536734,0.0,656.8308950813384,0.14201626257964006,0.5095243810283804,0,True,0.028403252515928012,completed,completed,100
6660->4295,6660,4295,1,"(11745,)",0.21,1,0.21,127.0,0.564,False,4625.04,1701.9137325972208,350.8526332167763,333.9154743355748,0.0,377.5658711636223,0.08163515800157886,0.4885967877974998,0,True,0.01632703160031577,completed,completed,100
6708->12491,6708,12491,1,"(11878,)",0.21,1,0.21,127.0,0.564,False,4625.04,3267.3924867519463,558.4734203722046,815.8976075100225,0.0,623.7452289730064,0.13486266691163892,0.5105118012819058,0,True,0.026972533382327787,completed,completed,100
7112->7520,7112,7520,1,"(12649,)",0.21,1,0.21,127.0,0.564,False,4625.04,2058.3923254312454,441.023236351833,403.8565742496104,0.0,473.33176229180185,0.10234111754531892,0.49733476722743464,0,True,0.020468223509063785,completed,completed,100
7465->12255,7465,12255,1,"(13413,)",0.21,1,0.21,88.9,0.637,False,4625.04,2911.9299638863595,238.25115265148776,416.20578965073224,0.0,271.5476158235463,0.058712490232202603,0.433787697713363,0,True,0.011742498046440522,completed,completed,100
7483->10905,7483,10905,1,"(13471,)",0.21,1,0.21,127.0,0.564,False,4625.04,2752.370176784453,1010.304499444317,397.9058106100809,0.0,1042.1369642931236,0.22532496244208128,0.5237947064423107,0,True,0.04506499248841626,completed,completed,100
7520->7112,7520,7112,1,"(13576,)",0.21,1,0.21,127.0,0.564,False,4625.04,1500.8401246417247,305.18303365731435,294.4648324547064,0.0,328.7402202536909,0.07107835180964725,0.48314543031431545,0,True,0.014215670361929451,completed,completed,100
7778->10643,7778,10643,1,"(14401,)",0.21,1,0.21,107.95,0.564,False,4625.04,2860.9252148030137,578.7270571867667,476.26602303157085,0.0,616.8283390292924,0.1333671360743458,0.4960348075250316,0,True,0.026673427214869164,completed,completed,100
8319->12569,8319,12569,1,"(15272,)",0.21,1,0.21,127.0,0.564,False,4625.04,2429.3296088834904,555.2484626866001,476.6344692629409,0.0,593.3792202276353,0.12829710018240606,0.5058088958495296,0,True,0.025659420036481213,completed,completed,100
8737->5933,8737,5933,1,"(15885,)",0.21,1,0.21,127.0,0.564,False,4625.04,2785.541178686039,740.16787080024,527.6775523872285,0.0,782.3820749912184,0.16916222886531107,0.515460997697941,0,True,0.033832445773062214,completed,completed,100
8798->4408,8798,4408,1,"(16073,)",0.21,1,0.21,127.0,0.564,False,4625.04,3293.9402665640623,1036.2502411510543,623.9858706343563,0.0,1086.1691108018028,0.23484534421362904,0.5269744677685123,0,True,0.04696906884272581,completed,completed,100
9631->9632,9631,9632,1,"(17591,)",0.21,1,0.21,127.0,0.564,False,4625.04,1471.3143614832816,298.69583794984175,288.6718777230199,0.0,321.78958816768335,0.06957552543711694,0.4822992462611424,0,True,0.013915105087423389,completed,completed,100
9632->9631,9632,9631,1,"(17594,)",0.21,1,0.21,127.0,0.564,False,4625.04,2244.919911329548,495.155513918204,440.45328660285736,0.0,530.3917768464325,0.1146783112895094,0.501637581931109,0,True,0.02293566225790188,completed,completed,100
2553->2554,2553,2554,1,"(3554,)",0.07,3,0.21000000000000002,127.0,0.564,False,4625.040000000001,3796.552962455643,254.6412005960684,248.2945637445991,0.0,274.5047656956363,0.05935186845857252,0.48794804489080057,0,True,0.011870373691714505,completed,completed,100
10326->9194,10326,9194,1,"(19015,)",0.22,1,0.22,127.0,0.564,False,4845.28,1226.9405212809081,345.9764277015513,213.9784269113904,0.0,363.0947018544625,0.07493781615396067,0.4838795381266425,0,True,0.014987563230792134,completed,completed,100
10352->4345,10352,4345,1,"(19144,)",0.22,1,0.22,127.0,0.564,False,4845.28,3115.032520770756,961.2807440579343,618.194315984133,0.0,1010.7362893366649,0.20860224576013459,0.5242403457526728,0,True,0.04172044915202692,completed,completed,100
10573->5903,10573,5903,1,"(20111,)",0.22,1,0.22,127.0,0.564,False,4845.28,3867.9610274072334,1349.4959373294128,890.4355721973645,0.0,1420.730783105202,0.29321954213279766,0.5366556123123338,0,True,0.05864390842655953,completed,completed,100
10846->12460,10846,12460,1,"(21366,)",0.22,1,0.22,127.0,0.564,False,4845.28,3216.9270656703993,556.7842025108648,841.5481203793765,0.0,624.1080521412149,0.12880742746367907,0.5103593057799383,0,True,0.025761485492735815,completed,completed,100
11042->2878,11042,2878,1,"(22238,)",0.22,1,0.22,63.5,0.637,False,4845.28,4036.1648062917006,482.3416591224472,495.88941758531575,0.0,522.0128125292724,0.1077363563156871,0.439678133866707,0,True,0.02154727126313742,completed,completed,100
11052->12352,11052,12352,1,"(22285,)",0.22,1,0.22,88.9,0.637,False,4845.28,2971.117339196699,88.13254579717452,569.4562336997961,0.0,133.6890444931582,0.027591603476611923,0.413173627243352,0,True,0.005518320695322385,completed,completed,100
11122->11116,11122,11116,1,"(22602,)",0.22,1,0.22,44.45,0.742,False,4845.28,5022.420556287899,417.5987011519003,518.3138014089111,0.0,459.06380526461317,0.09474453597410536,0.38882066059276404,1,False,0.1184306699676317,completed,completed,100
12152->2698,12152,2698,1,"(25266,)",0.11,2,0.22,63.5,0.637,False,4845.28,5315.021149140511,45.04994653762885,454.7759881825299,0.0,81.43202559223124,0.016806464351333927,0.3880671577624959,0,False,0.016806464351333927,completed,completed,100
12189->10592,12189,10592,1,"(25383,)",0.22,1,0.22,127.0,0.564,False,4845.28,3719.4168912906866,1407.59801727034,764.4995747412916,0.0,1468.7579832496433,0.30313170410165013,0.5372107462838354,0,True,0.06062634082033003,completed,completed,100
12423->9971,12423,9971,1,"(26108,)",0.22,1,0.22,88.9,0.637,False,4845.28,2950.2948095738425,451.097884126189,372.01664761984273,0.0,480.85921593577643,0.09924281278600544,0.4507733099470589,0,True,0.01984856255720109,completed,completed,100
12460->10846,12460,10846,1,"(26229,)",0.22,1,0.22,127.0,0.564,False,4845.28,3640.9782714540606,847.5341733919873,952.4799158123824,0.0,923.732566656978,0.19064585878565904,0.5232830429074231,0,True,0.03812917175713181,completed,completed,100
12640->9205,12640,9205,1,"(26848,)",0.22,1,0.22,88.9,0.637,False,4845.28,4914.0343979053505,1366.1337372692508,713.5177945758569,0.0,1423.2151608353192,0.2937322839619835,0.4883663784752617,0,True,0.0587464567923967,completed,completed,100
12641->12642,12641,12642,1,"(26852,)",0.22,1,0.22,127.0,0.564,False,4845.28,2311.363251065794,849.1192409846376,341.08609698804764,0.0,876.4061287436814,0.18087832462596207,0.516777616212339,0,True,0.03617566492519241,completed,completed,100
12642->12641,12642,12641,1,"(26856,)",0.22,1,0.22,127.0,0.564,False,4845.28,2892.8771386640315,1171.5982078354334,426.89965406254447,0.0,1205.750180160437,0.24885046481533307,0.5286438206279337,0,True,0.049770092963066614,completed,completed,100
2451->6725,2451,6725,1,"(3288,)",0.22,1,0.22,127.0,0.564,False,4845.28,2277.5259928099726,235.3738551861664,595.8007997190889,0.0,283.0379191636935,0.05841518326364906,0.4832802090625169,0,True,0.011683036652729814,completed,completed,100
2644->2678,2644,2678,1,"(3802,)",0.11,2,0.22,127.0,0.564,False,4845.28,3318.010262604224,357.09302610802695,340.996654702497,0.0,384.3727584842267,0.07932931811664687,0.49639920198680754,0,True,0.015865863623329375,completed,completed,100
2716->9335,2716,9335,1,"(3956,)",0.11,2,0.22,127.0,0.564,False,4845.28,2994.855415389986,475.9129453136236,239.3887762035062,0.0,495.0640474099041,0.10217449712088963,0.5027454293338084,0,True,0.02043489942417793,completed,completed,100
2806->8120,2806,8120,1,"(4218,)",0.22,1,0.22,88.9,0.637,False,4845.28,3400.076479131441,269.57067106178874,543.0602152468739,0.0,313.01548828153864,0.06460214647688857,0.4396630708777983,0,True,0.012920429295377714,completed,completed,100
2811->7878,2811,7878,1,"(4236,)",0.11,2,0.22,127.0,0.564,False,4845.28,2829.6744237038984,300.054708887608,290.80968291608355,0.0,323.31948352089466,0.06672875118071499,0.48956589451167726,0,True,0.013345750236142997,completed,completed,100
2830->6906,2830,6906,1,"(4298,)",0.11,2,0.22,177.8,0.509,False,4845.28,1043.5098825528312,402.65680462537534,120.77136162145375,0.0,412.31851355509167,0.08509694249972999,0.5389802586299729,0,True,0.017019388499945998,completed,completed,100
2851->2561,2851,2561,1,"(4363,)",0.22,1,0.22,127.0,0.564,False,4845.28,2585.6924900837857,641.7902469166083,531.4706221046501,0.0,684.3078966849804,0.14123185794938176,0.5106962328220965,0,True,0.028246371589876352,completed,completed,100
2859->8091,2859,8091,1,"(4390,)",0.22,1,0.22,127.0,0.564,False,4845.28,3954.5957671648316,1811.9773526167667,758.6496519729014,0.0,1872.6693247745989,0.38649352045177965,0.5450556020982825,0,True,0.07729870409035594,completed,completed,100
4345->10352,4345,10352,1,"(6515,)",0.22,1,0.22,127.0,0.564,False,4845.28,2942.8303970125344,857.9552820218379,584.0199138236737,0.0,904.6768751277318,0.1867130228031676,0.520347330343007,0,True,0.03734260456063352,completed,completed,100
4439->10557,4439,10557,1,"(6800,)",0.22,1,0.22,127.0,0.564,False,4845.28,1864.4999119290965,408.7909168327019,383.23463904051204,0.0,439.44968795594286,0.09069644849336733,0.49406616242362966,0,True,0.018139289698673466,completed,completed,100
5105->5107,5105,5107,1,"(8865,)",0.22,1,0.22,127.0,0.564,False,4845.28,2342.208115275901,417.9147205032772,539.1950458014347,0.0,461.050324167392,0.09515452650154212,0.4979670336473965,0,True,0.019030905300308425,completed,completed,100
5107->5105,5107,5105,1,"(8872,)",0.22,1,0.22,127.0,0.564,False,4845.28,2362.553982912473,423.74720748345936,543.8788272983147,0.0,467.25751366732453,0.09643560612953732,0.4984557235242532,0,True,0.019287121225907464,completed,completed,100
5154->5128,5154,5128,1,"(8977,)",0.22,1,0.22,127.0,0.564,False,4845.28,1323.8854295565732,418.41990978603684,211.64515067177751,0.0,435.351521839779,0.08985064265424889,0.4900589110319734,0,True,0.01797012853084978,completed,completed,100
5839->10338,5839,10338,1,"(10360,)",0.11,2,0.22,127.0,0.564,False,4845.28,3572.5626849456094,388.62193242737806,367.15737079283883,0.0,417.99452209080516,0.08626839358939116,0.4996772566488902,0,True,0.017253678717878234,completed,completed,100
5903->10573,5903,10573,1,"(10465,)",0.22,1,0.22,127.0,0.564,False,4845.28,3354.008432558744,883.0847451873317,772.1195732424835,0.0,944.8543110467303,0.19500510002450433,0.5230557500569635,0,True,0.03900102000490087,completed,completed,100
6366->6369,6366,6369,1,"(11213,)",0.22,1,0.22,127.0,0.564,False,4845.28,1845.6210404321312,403.861733593852,379.3542218533929,0.0,434.21007134212346,0.08961506277080447,0.4936015397185083,0,True,0.017923012554160896,completed,completed,100
6369->6366,6369,6366,1,"(11223,)",0.22,1,0.22,127.0,0.564,False,4845.28,1257.129579640586,264.92364007635643,258.39400559812503,0.0,285.59516052420645,0.05894296315676421,0.47706997067810347,0,True,0.011788592631352842,completed,completed,100
6831->6806,6831,6806,1,"(12071,)",0.11,2,0.22,228.6,0.463,False,4845.28,504.05821653957463,587.1448183950207,63.80296896641286,0.0,592.2490559123337,0.12223216324182168,0.5917066072968598,0,True,0.02444643264836434,completed,completed,100
6888->6889,6888,6889,1,"(12162,)",0.22,1,0.22,152.4,0.509,False,4845.28,2304.0129255432867,977.5744411939811,597.310742921246,0.0,1025.3593006276808,0.21162023673093833,0.5575609338830796,0,True,0.042324047346187665,completed,completed,100
6888->6892,6888,6892,1,"(12163,)",0.22,1,0.22,127.0,0.564,False,4845.28,1834.3107298166829,400.92780405996047,377.0294682943205,0.0,431.0901615235061,0.08897115574817267,0.4933219039439842,0,True,0.017794231149634535,completed,completed,100
6889->6888,6889,6888,1,"(12165,)",0.22,1,0.22,152.4,0.509,False,4845.28,1665.9171649518648,644.3484750928404,431.8856931794411,0.0,678.8993305471957,0.1401156033391663,0.5418546653594317,0,True,0.028023120667833263,completed,completed,100
6892->6888,6892,6888,1,"(12178,)",0.22,1,0.22,127.0,0.564,False,4845.28,2206.6872299149295,506.59553129342703,453.56879805737157,0.0,542.8810351380167,0.11204327410139699,0.5021370325962904,0,True,0.0224086548202794,completed,completed,100
7557->8322,7557,8322,1,"(13691,)",0.22,1,0.22,127.0,0.564,False,4845.28,3548.7192351725057,1239.6888440068826,729.4138907951717,0.0,1298.0419552704964,0.2678982340072187,0.533049200932227,0,True,0.05357964680144374,completed,completed,100
7878->2811,7878,2811,1,"(14717,)",0.11,2,0.22,127.0,0.564,False,4845.28,3463.6524467621166,374.951218761024,355.96451002866667,0.0,403.4283795633173,0.08326213955918282,0.49829397402489173,0,True,0.016652427911836565,completed,completed,100
8058->8995,8058,8995,1,"(15010,)",0.22,1,0.22,127.0,0.564,False,4845.28,2284.66570425889,401.91798317514093,525.9483224460306,0.0,443.99384897082336,0.09163430162360553,0.4965841986356002,0,True,0.018326860324721108,completed,completed,100
8322->7557,8322,7557,1,"(15274,)",0.22,1,0.22,127.0,0.564,False,4845.28,3849.291951645198,1553.0055503575807,791.1944657181588,0.0,1616.3011076150333,0.333582601545222,0.5404123464951847,0,True,0.0667165203090444,completed,completed,100
8607->8603,8607,8603,1,"(15720,)",0.11,2,0.22,127.0,0.564,False,4845.28,1153.2100498379177,180.69708398646398,92.17992331704423,0.0,188.07147785182752,0.038815399285867386,0.4638357749853623,0,True,0.007763079857173477,completed,completed,100
8609->8275,8609,8275,1,"(15727,)",0.22,1,0.22,177.8,0.509,False,4845.28,211.86013168903128,170.11927768053292,45.77026285009831,0.0,173.78089870854078,0.03586601779639996,0.4961980121805104,0,True,0.0071732035592799925,completed,completed,100
8733->8735,8733,8735,1,"(15877,)",0.11,2,0.22,127.0,0.564,False,4845.28,2553.132831034605,344.4535027078546,229.59046983078687,0.0,362.8207402943176,0.07488127420795447,0.49184216755146637,0,True,0.014976254841590896,completed,completed,100
8735->8733,8735,8733,1,"(15880,)",0.11,2,0.22,127.0,0.564,False,4845.28,2446.0763588957443,329.5516801691234,219.96341657369982,0.0,347.1487534950194,0.07164678893583434,0.4900738709560715,0,True,0.014329357787166869,completed,completed,100
8995->8058,8995,8058,1,"(16582,)",0.22,1,0.22,127.0,0.564,False,4845.28,2649.567559999834,517.487501601778,609.9516488524418,0.0,566.2836335099734,0.11687325263142138,0.5053755804842301,0,True,0.023374650526284277,completed,completed,100
9049->10998,9049,10998,1,"(16752,)",0.22,1,0.22,63.5,0.637,False,4845.28,3745.2216753044286,266.37646672277333,498.48900498301947,0.0,306.2555871214149,0.0632069946672669,0.42314030969815053,1,False,0.07900874333408361,completed,completed,100
9194->12295,9194,12295,1,"(17142,)",0.22,1,0.22,127.0,0.564,False,4845.28,1027.7110347211587,288.7351276932097,179.2328044553701,0.0,303.07375204963927,0.06255030711323996,0.4766248266613999,0,True,0.012510061422647992,completed,completed,100
9205->12640,9205,12640,1,"(17154,)",0.22,1,0.22,88.9,0.637,False,4845.28,4334.582403069521,854.5130786779046,629.3813649256945,0.0,904.8635878719601,0.18675155777828323,0.4736243526553686,0,True,0.03735031155565665,completed,completed,100
9336->4763,9336,4763,1,"(17334,)",0.11,2,0.22,127.0,0.564,False,4845.28,3865.5168941275324,629.8454018814392,308.9836504039274,0.0,654.5640939137534,0.13509314093587024,0.5137673205922686,0,True,0.02701862818717405,completed,completed,100
9338->4754,9338,4754,1,"(17341,)",0.11,2,0.22,127.0,0.564,False,4845.28,2911.0679014391403,309.3075946984963,299.1746068993311,0.0,333.24156325044277,0.0687765337091856,0.4907656791101871,0,True,0.013755306741837121,completed,completed,100
9971->12423,9971,12423,1,"(18311,)",0.22,1,0.22,88.9,0.637,False,4845.28,2652.310742921007,380.52211344025665,334.4424251521131,0.0,407.2775074524257,0.08405654728982138,0.4447150623589092,0,True,0.016811309457964278,completed,completed,100
10341->6035,10341,6035,1,"(19089,)",0.23,1,0.23,127.0,0.564,False,5065.52,3844.398459601155,1084.7700023678817,1051.4080296240106,0.0,1168.8826447378026,0.23075274497737694,0.5308261558863814,0,True,0.04615054899547539,completed,completed,100
10536->3977,10536,3977,1,"(19937,)",0.23,1,0.23,127.0,0.564,False,5065.52,1768.9774969380649,533.9951716180939,322.53284253263485,0.0,559.7977990207047,0.1105114181803062,0.500633102540676,0,True,0.022102283636061242,completed,completed,100
10586->6354,10586,6354,1,"(20175,)",0.23,1,0.23,127.0,0.564,False,5065.52,1844.4086155676398,421.8895729712786,396.33706279097777,0.0,453.5965379945568,0.08954589814955953,0.4948825340881581,0,True,0.017909179629911908,completed,completed,100
10834->12776,10834,12776,1,"(21311,)",0.23,1,0.23,88.9,0.637,False,5065.52,4367.090820276267,857.2194105079413,683.6407735966229,0.0,911.9106723956712,0.18002311162440798,0.4739348463414245,0,True,0.0360046223248816,completed,completed,100
12322->12323,12322,12323,1,"(25798,)",0.23,1,0.23,88.9,0.637,False,5065.52,4327.866946315692,549.2034684690885,774.2863100312084,0.0,611.1463732715852,0.1206482993397687,0.4620233915909789,0,True,0.02412965986795374,completed,completed,100
12323->12322,12323,12322,1,"(25801,)",0.23,1,0.23,88.9,0.637,False,5065.52,5916.366664051037,2596.66935780904,1058.480255960617,0.0,2681.347778285889,0.529333173748379,0.5091018015094774,0,True,0.1058666347496758,completed,completed,100
12672->10655,12672,10655,1,"(26954,)",0.23,1,0.23,88.9,0.637,False,5065.52,3940.7113052926015,345.8648204588089,705.0214004547415,0.0,402.2665324951882,0.07941268270487298,0.4486654196059539,0,True,0.015882536540974598,completed,completed,100
12776->10834,12776,10834,1,"(27315,)",0.23,1,0.23,88.9,0.637,False,5065.52,4683.580827190345,1120.4580177342352,733.1853061164787,0.0,1179.1128422235536,0.2327723199639037,0.48228569091218043,0,True,0.046554463992780744,completed,completed,100
2040->7470,2040,7470,1,"(2216,)",0.23,1,0.23,127.0,0.564,False,5065.52,2376.5837113766097,588.4665883275261,510.69388837895673,0.0,629.3220993978426,0.12423642575645592,0.5073050831720676,0,True,0.024847285151291185,completed,completed,100
2056->2057,2056,2057,1,"(2252,)",0.23,1,0.23,127.0,0.564,False,5065.52,3741.0230045216076,1179.8545522662089,937.8744672335673,0.0,1254.8845096448943,0.24773063962730266,0.5326257516115929,0,True,0.04954612792546054,completed,completed,100
2057->2056,2057,2056,1,"(2255,)",0.23,1,0.23,127.0,0.564,False,5065.52,3576.84055098111,1022.5531893842513,896.7139261309644,0.0,1094.2903034747285,0.21602723974532298,0.5280925148212705,0,True,0.0432054479490646,completed,completed,100
2156->2151,2156,2151,1,"(2457,)",0.23,1,0.23,88.9,0.637,False,5065.52,3444.0636678597075,294.2484371089188,575.089751259214,0.0,340.2556172096559,0.0671709157617887,0.4422620412910137,0,True,0.01343418315235774,completed,completed,100
2384->12319,2384,12319,1,"(3108,)",0.23,1,0.23,127.0,0.564,False,5065.52,1495.081964762219,382.01725625208815,299.85363885271073,0.0,406.005547360305,0.08015081321568268,0.4893260238965784,0,True,0.016030162643136538,completed,completed,100
2427->6341,2427,6341,1,"(3229,)",0.23,1,0.23,127.0,0.564,False,5065.52,3477.9981538307616,1020.6232411748614,837.0567716787572,0.0,1087.587782909162,0.21470407439101252,0.5276056449812636,0,True,0.042940814878202505,completed,completed,100
2567->12581,2567,12581,1,"(3599,)",0.23,1,0.23,88.9,0.637,False,5065.52,3841.053673787337,304.93179032811764,687.1919383382246,0.0,359.90714539517563,0.07105038483614232,0.4451060304162495,0,True,0.014210076967228464,completed,completed,100
3977->10536,3977,10536,1,"(5874,)",0.23,1,0.23,127.0,0.564,False,5065.52,2267.5863381964195,719.9497669071336,413.44283271697634,0.0,753.0251935244917,0.1486570368934466,0.5120899765740304,0,True,0.029731407378689317,completed,completed,100
3978->8477,3978,8477,1,"(5878,)",0.23,1,0.23,127.0,0.564,False,5065.52,3255.7011461069114,1253.050272125062,612.1532079967521,0.0,1302.0225287648022,0.2570363020508856,0.5322003225646222,0,True,0.051407260410177125,completed,completed,100
4345->4726,4345,4726,1,"(6514,)",0.23,1,0.23,127.0,0.564,False,5065.52,3428.449350696335,1187.092525162654,736.7247876167754,0.0,1246.0305081719962,0.245982743760166,0.5314656249209838,0,True,0.0491965487520332,completed,completed,100
4726->4345,4726,4345,1,"(7677,)",0.23,1,0.23,127.0,0.564,False,5065.52,2239.8208483470594,540.603245450154,481.3055028690925,0.0,579.1076856796814,0.11432344274224193,0.5042054049752549,0,True,0.02286468854844839,completed,completed,100
5798->5803,5798,5803,1,"(10251,)",0.23,1,0.23,127.0,0.564,False,5065.52,2681.0297236565416,713.0382614597174,576.1149871891672,0.0,759.1274604348508,0.14986170431364415,0.514153521427937,0,True,0.029972340862728833,completed,completed,100
5803->5798,5803,5798,1,"(10268,)",0.23,1,0.23,127.0,0.564,False,5065.52,2388.9244807925375,593.0031436003974,513.3457434297336,0.0,634.0708030747761,0.12517388206438354,0.50758337126476,0,True,0.02503477641287671,completed,completed,100
6035->10341,6035,10341,1,"(10678,)",0.23,1,0.23,127.0,0.564,False,5065.52,3116.7628972431444,527.901812339276,852.4063181878435,0.0,596.0943177943035,0.11767682642538248,0.5086593530013279,0,True,0.023535365285076496,completed,completed,100
6286->6287,6286,6287,1,"(11046,)",0.23,1,0.23,127.0,0.564,False,5065.52,4152.146963219118,1794.8093613004846,999.3055139318718,0.0,1874.7538024150344,0.3701009575354622,0.545619812546084,0,True,0.07402019150709244,completed,completed,100
6287->6286,6287,6286,1,"(11048,)",0.23,1,0.23,127.0,0.564,False,5065.52,4324.804183807992,2078.726934213799,1040.859272525437,0.0,2161.995676015834,0.42680626589488024,0.5502753437759519,0,True,0.08536125317897605,completed,completed,100
6341->2427,6341,2427,1,"(11122,)",0.23,1,0.23,127.0,0.564,False,5065.52,4197.163186368386,1864.8478122340982,1010.1396583896525,0.0,1945.6589849052705,0.38409856932857245,0.5468340488716299,0,True,0.0768197138657145,completed,completed,100
6354->10586,6354,10586,1,"(11171,)",0.23,1,0.23,127.0,0.564,False,5065.52,1646.0487457354302,370.0516028818961,353.71236047646204,0.0,398.3485917200131,0.07863922987571129,0.48981280396673654,0,True,0.01572784597514226,completed,completed,100
6879->11862,6879,11862,1,"(12129,)",0.23,1,0.23,127.0,0.564,False,5065.52,1949.2098612511506,451.04207628082025,418.8573533277116,0.0,484.5506645470372,0.09565664819150593,0.4974318054015252,0,True,0.01913132963830119,completed,completed,100
7470->2040,7470,2040,1,"(13431,)",0.23,1,0.23,127.0,0.564,False,5065.52,3008.604430365781,884.6873970278253,646.5061120223155,0.0,936.4078859896106,0.18485918247082442,0.5216060847804924,0,True,0.036971836494164884,completed,completed,100
9630->9631,9630,9631,1,"(17587,)",0.23,1,0.23,127.0,0.564,False,5065.52,2422.054443319419,605.3742741145655,520.4648990915815,0.0,647.011466041892,0.1277285384406521,0.5083296997181671,0,True,0.02554570768813042,completed,completed,100
9631->9630,9631,9630,1,"(17590,)",0.23,1,0.23,127.0,0.564,False,5065.52,3506.0694741103853,1256.0928517743055,753.4042432795488,0.0,1316.3651912366695,0.2598677314938386,0.5333314116843892,0,True,0.05197354629876773,completed,completed,100
10337->5818,10337,5818,1,"(19067,)",0.24,1,0.24,127.0,0.564,False,5285.76,2913.6581054803105,866.1826819735188,653.3253946231279,0.0,918.4487135433691,0.17375906464602422,0.520684820164778,0,True,0.034751812929204845,completed,completed,100
10367->7029,10367,7029,1,"(19200,)",0.24,1,0.24,127.0,0.564,False,5285.76,3709.0783261026518,1288.621051831868,931.4830945041155,0.0,1363.1396993921974,0.2578890640876993,0.5349761990936721,0,True,0.05157781281753986,completed,completed,100
10567->5805,10567,5805,1,"(20082,)",0.24,1,0.24,127.0,0.564,False,5285.76,3756.9422498982667,1579.5877187612543,842.4137936343315,0.0,1646.980822252001,0.31158827155451646,0.5407030995177531,0,True,0.062317654310903296,completed,completed,100
10577->6186,10577,6186,1,"(20131,)",0.12,2,0.24,127.0,0.564,False,5285.76,6053.358866443419,934.5226984095548,678.6680054835423,0.0,988.8161388482382,0.18707170564842865,0.530834706454836,0,True,0.03741434112968573,completed,completed,100
10592->12192,10592,12192,1,"(20206,)",0.24,1,0.24,127.0,0.564,False,5285.76,2173.7230745829384,541.4770304419299,487.4108196950543,0.0,580.4698960175342,0.10981767920176742,0.50394829276848,0,True,0.021963535840353487,completed,completed,100
10597->12185,10597,12185,1,"(20231,)",0.24,1,0.24,177.8,0.509,False,5285.76,2206.6168973210824,1866.9945090314616,624.0665644327593,0.0,1916.9198341860824,0.36265737267414383,0.5925035488486832,0,True,0.07253147453482876,completed,completed,100
10603->7004,10603,7004,1,"(20260,)",0.24,1,0.24,127.0,0.564,False,5285.76,3186.1589495470994,843.306804047279,800.1592139534604,0.0,907.3195411635559,0.17165356375687807,0.5212993263342468,0,True,0.034330712751375614,completed,completed,100
10608->7047,10608,7047,1,"(20284,)",0.24,1,0.24,177.8,0.509,False,5285.76,1139.757705934458,894.342486069557,322.3417153615597,0.0,920.1298232984818,0.17407710968687223,0.5636280693073865,0,True,0.03481542193737445,completed,completed,100
10610->7112,10610,7112,1,"(20294,)",0.24,1,0.24,127.0,0.564,False,5285.76,2010.391227376652,489.12428731309257,450.787152927199,0.0,525.1872595472685,0.09935889248608874,0.500144219873484,0,True,0.01987177849721775,completed,completed,100
10881->9211,10881,9211,1,"(21526,)",0.24,1,0.24,127.0,0.564,False,5285.76,2518.5098248983145,514.728137586862,632.4884833856631,0.0,565.327216257715,0.1069528726725608,0.5047728348258704,0,True,0.021390574534512163,completed,completed,100
10911->2239,10911,2239,1,"(21657,)",0.24,1,0.24,127.0,0.564,False,5285.76,1937.1218497928483,501.48982274811357,419.3802007496351,0.0,535.0402388080844,0.10122295352193145,0.5002880009198236,0,True,0.020244590704386292,completed,completed,100
12149->12152,12149,12152,1,"(25261,)",0.12,2,0.24,63.5,0.637,False,5285.76,7545.361380636461,299.40858834206597,547.7932362342071,0.0,343.23204724080256,0.06493523111923405,0.4341344704920795,0,True,0.012987046223846811,completed,completed,100
12185->10597,12185,10597,1,"(25372,)",0.24,1,0.24,177.8,0.509,False,5285.76,1972.1477852804808,1621.4159767444783,557.7549480418844,0.0,1666.036372587829,0.31519334449309633,0.5871355883073848,0,True,0.06303866889861927,completed,completed,100
12192->10592,12192,10592,1,"(25392,)",0.24,1,0.24,127.0,0.564,False,5285.76,2629.9966729526236,720.1384871924222,589.7203968380626,0.0,767.3161189394672,0.14516665889852493,0.5142607792485839,0,True,0.029033331779704987,completed,completed,100
1909->2454,1909,2454,1,"(1789,)",0.24,1,0.24,127.0,0.564,False,5285.76,2556.437702807919,775.4697925049592,535.0112824436412,0.0,818.2706951004504,0.15480663047517298,0.5158495904031754,0,True,0.0309613260950346,completed,completed,100
2032->7184,2032,7184,1,"(2195,)",0.24,1,0.24,127.0,0.564,False,5285.76,1470.0417244632006,341.0483446336314,329.62535581677713,0.0,367.4183730989736,0.06951098292373728,0.48619785440204666,0,True,0.013902196584747457,completed,completed,100
2056->8322,2056,8322,1,"(2254,)",0.12,2,0.24,127.0,0.564,False,5285.76,3543.926571226346,419.99941866881653,397.3247961569195,0.0,451.7854023613701,0.08547217474145062,0.5018820234361063,0,True,0.017094434948290126,completed,completed,100
2239->10911,2239,10911,1,"(2645,)",0.24,1,0.24,127.0,0.564,False,5285.76,2499.442556659074,707.6189395733344,541.1206947492527,0.0,750.9085951532746,0.14206255962307685,0.5130678440880363,0,True,0.028412511924615372,completed,completed,100
2309->2233,2309,2233,1,"(2863,)",0.24,1,0.24,88.9,0.637,False,5285.76,286.77038422701446,10.347685729047067,49.966871747715,0.0,14.345035468864266,0.0027139021576583623,0.323513289327905,0,False,0.0027139021576583623,completed,completed,100
2446->12359,2446,12359,1,"(3273,)",0.24,1,0.24,88.9,0.637,False,5285.76,4018.1407122344785,825.7992835915826,600.1035751712019,0.0,873.8075696052788,0.1653135158624831,0.4717669546877252,0,True,0.03306270317249662,completed,completed,100
2514->4556,2514,4556,1,"(3480,)",0.12,2,0.24,127.0,0.564,False,5285.76,3996.5730610126993,614.1769441333388,392.0638172853458,0.0,645.5420495161665,0.12212852068882553,0.513721143376023,0,True,0.024425704137765108,completed,completed,100
2555->6438,2555,6438,1,"(3560,)",0.24,1,0.24,152.4,0.509,False,5285.76,1815.2672909131393,889.5921848677793,458.3809233454378,0.0,926.2626587354143,0.17523736581596863,0.5519616332664052,0,True,0.035047473163193725,completed,completed,100
2818->6919,2818,6919,1,"(4260,)",0.12,2,0.24,127.0,0.564,False,5285.76,4669.601030731298,749.0430250709433,458.08786111474035,0.0,785.6900539601224,0.1486427787035587,0.5212166599187388,0,True,0.02972855574071174,completed,completed,100
2830->2834,2830,2834,1,"(4297,)",0.12,2,0.24,177.8,0.509,False,5285.76,1277.7903874592175,538.0468996925051,161.33016349092233,0.0,550.9533127717789,0.10423350904539344,0.5497359409737428,0,True,0.020846701809078688,completed,completed,100
3931->10811,3931,10811,1,"(5724,)",0.24,1,0.24,107.95,0.564,False,5285.76,3580.322231688809,594.9320304061974,899.1478039774007,0.0,666.8638547243895,0.12616234084112588,0.5007813527585229,0,True,0.025232468168225178,completed,completed,100
4053->4304,4053,4304,1,"(6007,)",0.24,1,0.24,127.0,0.564,False,5285.76,2786.317679366484,1015.4631390717358,530.1096035798344,0.0,1057.8719073581226,0.20013619751145012,0.5243708312449281,0,True,0.04002723950229003,completed,completed,100
4304->4053,4304,4053,1,"(6401,)",0.24,1,0.24,127.0,0.564,False,5285.76,1748.2945182495537,549.9266398070641,332.6209788902424,0.0,576.5363181182835,0.10907349522458142,0.5013742596317221,0,True,0.021814699044916286,completed,completed,100
4365->4556,4365,4556,1,"(6556,)",0.24,1,0.24,127.0,0.564,False,5285.76,3158.199465298878,1228.6430785712428,619.6387350916399,0.0,1278.214177378574,0.24182221239302845,0.5313238650958555,0,True,0.04836444247860569,completed,completed,100
4425->4426,4425,4426,1,"(6751,)",0.24,1,0.24,177.8,0.509,False,5285.76,684.4577258752207,480.5138362036947,219.9722684103709,0.0,498.1116176765244,0.09423651805540252,0.5399627128275214,0,True,0.018847303611080505,completed,completed,100
4528->5085,4528,5085,1,"(7037,)",0.24,1,0.24,127.0,0.564,False,5285.76,1329.4818932988758,306.4478730773743,298.10782567455936,0.0,330.29649913133903,0.0624879864260464,0.4819637402292049,0,True,0.01249759728520928,completed,completed,100
4555->9236,4555,9236,1,"(7125,)",0.24,1,0.24,127.0,0.564,False,5285.76,2536.4452545087124,678.6694289112207,568.7434959252678,0.0,724.1689085852422,0.13700374375401875,0.5121577268578447,0,True,0.02740074875080375,completed,completed,100
4556->2514,4556,2514,1,"(7127,)",0.12,2,0.24,127.0,0.564,False,5285.76,3702.1200984982156,561.3163650377714,363.177981662675,0.0,590.3706035707854,0.11169076983646352,0.5102505738679353,0,True,0.022338153967292704,completed,completed,100
4556->4365,4556,4365,1,"(7128,)",0.24,1,0.24,127.0,0.564,False,5285.76,2834.6669453187087,1005.998542320437,556.1616546715306,0.0,1050.4914746941595,0.1987399115158765,0.5243515910458567,0,True,0.039747982303175305,completed,completed,100
5019->5020,5019,5020,1,"(8614,)",0.24,1,0.24,127.0,0.564,False,5285.76,1431.8420158108386,495.2754445677057,249.71324755741026,0.0,515.2525043722985,0.09747936046515515,0.49588297880775545,0,True,0.01949587209303103,completed,completed,100
5020->5019,5020,5019,1,"(8618,)",0.24,1,0.24,127.0,0.564,False,5285.76,4355.630776663213,3032.513121986995,759.6220074500643,0.0,3093.282882583,0.5852106192076447,0.5609361497102795,0,True,0.11704212384152896,completed,completed,100
5805->10567,5805,10567,1,"(10279,)",0.24,1,0.24,127.0,0.564,False,5285.76,4879.342641068946,3788.8342157652373,1094.0880299174025,0.0,3876.3612581586294,0.7333593008684899,0.5688419004690238,0,True,0.146671860173698,completed,completed,100
5856->10339,5856,10339,1,"(10384,)",0.12,2,0.24,127.0,0.564,False,5285.76,3840.2114642552074,462.0572406016261,430.54256530678384,0.0,496.5006458261688,0.09393174223312613,0.5055408637941095,0,True,0.018786348446625228,completed,completed,100
5856->5839,5856,5839,1,"(10381,)",0.24,1,0.24,127.0,0.564,False,5285.76,2271.2980469845993,575.2142008331782,509.289916363861,0.0,615.9573941422871,0.11653147213310612,0.5061778208508398,0,True,0.023306294426621226,completed,completed,100
5904->5922,5904,5922,1,"(10468,)",0.24,1,0.24,127.0,0.564,False,5285.76,2092.996133767087,385.48950975472405,525.6266770497311,0.0,427.53964391870255,0.08088517903171967,0.49451566379490874,0,True,0.016177035806343935,completed,completed,100
5922->5904,5922,5904,1,"(10486,)",0.24,1,0.24,127.0,0.564,False,5285.76,1708.734481591301,297.2242898104828,429.12474276891294,0.0,331.5542692319958,0.06272594087359165,0.48481011276838804,0,True,0.01254518817471833,completed,completed,100
6002->6006,6002,6006,1,"(10623,)",0.24,1,0.24,127.0,0.564,False,5285.76,1935.0466356350553,346.7969685521569,485.9598718868453,0.0,385.67375830310453,0.07296467457907747,0.49062204602291204,0,True,0.014592934915815495,completed,completed,100
6006->6002,6006,6002,1,"(10635,)",0.24,1,0.24,127.0,0.564,False,5285.76,2384.726760672547,469.3231449748863,598.8907397682608,0.0,517.2344041563472,0.09785431123553608,0.501554921929538,0,True,0.019570862247107218,completed,completed,100
6006->8989,6006,8989,1,"(10637,)",0.24,1,0.24,127.0,0.564,False,5285.76,1764.12521260512,308.82393924718554,443.03534939279945,0.0,344.2667671986095,0.06513098725606337,0.4862665557524104,0,True,0.013026197451212675,completed,completed,100
6047->6235,6047,6235,1,"(10711,)",0.24,1,0.24,127.0,0.564,False,5285.76,2615.44637781123,551.0106580169193,656.8327415380011,0.0,603.5572773399593,0.11418552437870037,0.5071152617136042,0,True,0.022837104875740075,completed,completed,100
6186->10577,6186,10577,1,"(10874,)",0.12,2,0.24,127.0,0.564,False,5285.76,7489.040089735377,1564.8554410780462,839.6283803463319,0.0,1632.0257115057527,0.3087589507480008,0.5479532868265653,0,True,0.061751790149600166,completed,completed,100
6206->8796,6206,8796,1,"(10919,)",0.24,1,0.24,127.0,0.564,False,5285.76,3968.963452561499,1929.6824548635118,859.2669013986936,0.0,1998.4238069754074,0.37807690984369463,0.5470151907924646,0,True,0.07561538196873893,completed,completed,100
6235->6047,6235,6047,1,"(10949,)",0.24,1,0.24,127.0,0.564,False,5285.76,2973.3322852849697,715.9215526931971,746.7107767973262,0.0,775.6584148369832,0.14674491744554863,0.5159172747346346,0,True,0.029348983489109727,completed,completed,100
6236->8997,6236,8997,1,"(10957,)",0.24,1,0.24,177.8,0.509,False,5285.76,1941.7056341795458,1591.4460287740083,549.1454206361224,0.0,1635.377662424898,0.30939309814007787,0.5864174121052562,0,True,0.06187861962801558,completed,completed,100
6334->7625,6334,7625,1,"(11098,)",0.24,1,0.24,88.9,0.637,False,5285.76,2414.817572895296,363.30499940401194,332.1772215010077,0.0,389.87917712409256,0.07376028747504475,0.4424055249213608,0,True,0.01475205749500895,completed,completed,100
6438->2555,6438,2555,1,"(11449,)",0.24,1,0.24,152.4,0.509,False,5285.76,1440.1635099627413,686.8173868523564,363.6618600300202,0.0,715.910335654758,0.1354413245502554,0.5418347656196231,0,True,0.02708826491005108,completed,completed,100
6463->9001,6463,9001,1,"(11508,)",0.12,2,0.24,127.0,0.564,False,5285.76,4887.6177387709395,640.335014765726,547.9717716267762,0.0,684.172756495868,0.12943696961191353,0.5176303119626827,0,True,0.025887393922382707,completed,completed,100
6742->7585,6742,7585,1,"(11964,)",0.12,2,0.24,127.0,0.564,False,5285.76,4256.581721246975,663.6485210295061,417.5706668543282,0.0,697.0541743778524,0.13187397353982253,0.5166739926142697,0,True,0.026374794707964506,completed,completed,100
6884->6888,6884,6888,1,"(12146,)",0.24,1,0.24,152.4,0.509,False,5285.76,1816.8098553893512,890.4828871984591,458.7704429123167,0.0,927.1845226314445,0.17541177099063227,0.5520002597968847,0,True,0.035082354198126456,completed,completed,100
6888->6884,6888,6884,1,"(12161,)",0.24,1,0.24,152.4,0.509,False,5285.76,2264.0967044187732,1179.6099539238025,571.7167621043747,0.0,1225.3472948921526,0.23182045626213688,0.5626323509337183,0,True,0.04636409125242738,completed,completed,100
6917->6919,6917,6919,1,"(12253,)",0.12,2,0.24,127.0,0.564,False,5285.76,3490.319928209891,412.6606926355876,391.3147256655889,0.0,443.96587068883474,0.08399281667893259,0.5012009813827961,0,True,0.01679856333578652,completed,completed,100
6919->2818,6919,2818,1,"(12261,)",0.12,2,0.24,127.0,0.564,False,5285.76,3197.8418058456964,476.7212490020309,313.7082811534628,0.0,501.8179114943079,0.09493770271338613,0.5038599077137438,0,True,0.018987540542677227,completed,completed,100
6919->6917,6919,6917,1,"(12262,)",0.12,2,0.24,127.0,0.564,False,5285.76,4255.742651640076,526.2938198072442,477.1295475724474,0.0,564.46418361304,0.10678959763837934,0.5104455824659168,0,True,0.021357919527675868,completed,completed,100
7004->10603,7004,10603,1,"(12345,)",0.24,1,0.24,127.0,0.564,False,5285.76,2277.254983536967,436.26484129972374,571.9007075455397,0.0,482.0168979033669,0.0911915974057405,0.4989722386520827,0,True,0.0182383194811481,completed,completed,100
7008->7007,7008,7007,1,"(12360,)",0.24,1,0.24,127.0,0.564,False,5285.76,2701.3664971239496,372.0724976721858,770.9208825246819,0.0,433.74616827416037,0.08205937618699305,0.4977214523117662,0,True,0.01641187523739861,completed,completed,100
7029->10367,7029,10367,1,"(12431,)",0.24,1,0.24,127.0,0.564,False,5285.76,3415.923397328675,1012.6454700171209,857.8613383115342,0.0,1081.2743770820437,0.2045636534920321,0.5272374332887546,0,True,0.040912730698406424,completed,completed,100
7036->4440,7036,4440,1,"(12445,)",0.12,2,0.24,177.8,0.509,False,5285.76,963.8980648897576,455.2947465530951,97.35921254280773,0.0,463.0834835565197,0.08760963107604577,0.541539990145587,0,True,0.017521926215209156,completed,completed,100
7047->10608,7047,10608,1,"(12483,)",0.24,1,0.24,177.8,0.509,False,5285.76,1324.7583837188035,1044.6526656301896,374.6628670498171,0.0,1074.625694994175,0.20330580559733605,0.5698497399134634,0,True,0.040661161119467215,completed,completed,100
7131->8023,7131,8023,1,"(12711,)",0.12,2,0.24,127.0,0.564,False,5285.76,1861.877564305505,212.44316540585257,208.74307320956578,0.0,229.14261126261783,0.04335092990650689,0.4748651975282311,0,True,0.008670185981301377,completed,completed,100
7463->8319,7463,8319,1,"(13406,)",0.12,2,0.24,127.0,0.564,False,5285.76,2313.311867763853,339.49168759929483,226.935894227634,0.0,357.64655913750556,0.06766227735226449,0.4903437776036735,0,True,0.013532455470452898,completed,completed,100
7470->2023,7470,2023,1,"(13428,)",0.24,1,0.24,127.0,0.564,False,5285.76,2662.0790914153677,359.0066933152029,759.7089712519202,0.0,419.7834110153565,0.07941779630845072,0.49659690826192787,0,True,0.015883559261690144,completed,completed,100
7562->7563,7562,7563,1,"(13707,)",0.24,1,0.24,152.4,0.509,False,5285.76,2792.179385567239,1474.2977544955265,789.6730051085842,0.0,1537.4715949042134,0.2908704888046777,0.5716192843213649,0,True,0.058174097760935545,completed,completed,100
7563->7562,7563,7562,1,"(13711,)",0.24,1,0.24,152.4,0.509,False,5285.76,2021.7352116056256,889.4393663756438,571.7790656054566,0.0,935.1816916240803,0.1769247358230567,0.5534184438037454,0,True,0.035384947164611345,completed,completed,100
7585->6742,7585,6742,1,"(13788,)",0.12,2,0.24,127.0,0.564,False,5285.76,3914.2587210304555,599.0900461507092,383.98878053308766,0.0,629.8091485933562,0.11915205166208004,0.5127661576488349,0,True,0.023830410332416008,completed,completed,100
7895->7899,7895,7899,1,"(14758,)",0.24,1,0.24,177.8,0.509,False,5285.76,891.98750273642,697.2996855420884,252.26833757390332,0.0,717.4811525480006,0.13573850355445585,0.5536143808345331,0,True,0.027147700710891173,completed,completed,100
7899->7895,7899,7895,1,"(14768,)",0.24,1,0.24,177.8,0.509,False,5285.76,613.2903173407559,478.59102192918965,173.44831438904322,0.0,492.4668870803131,0.09316860528671621,0.5384313789292499,0,True,0.018633721057343244,completed,completed,100
8319->7463,8319,7463,1,"(15270,)",0.12,2,0.24,127.0,0.564,False,5285.76,2801.4647965251843,413.95192846438545,274.8236965391206,0.0,435.9378241875151,0.08247401020619836,0.49826663166936186,0,True,0.016494802041239674,completed,completed,100
8322->2056,8322,2056,1,"(15273,)",0.12,2,0.24,127.0,0.564,False,5285.76,2928.842800857849,339.6437100156736,328.3651185876057,0.0,365.9129195026821,0.06922616984174122,0.4935885666095007,0,True,0.013845233968348246,completed,completed,100
8328->8334,8328,8334,1,"(15287,)",0.12,2,0.24,127.0,0.564,False,5285.76,3484.203947358345,411.8281831084993,390.62903684097563,0.0,443.0785060557773,0.0838249383354101,0.5011228624411053,0,True,0.01676498766708202,completed,completed,100
8334->8328,8334,8328,1,"(15291,)",0.12,2,0.24,127.0,0.564,False,5285.76,3209.1758484732477,375.3077815209728,359.79445798311497,0.0,404.091338159622,0.0764490514438079,0.4975106542181613,0,True,0.01528981028876158,completed,completed,100
8478->12329,8478,12329,1,"(15530,)",0.24,1,0.24,127.0,0.564,False,5285.76,1075.5116796282932,282.9282975259018,225.08308431260923,0.0,300.9349442709106,0.05693314571053369,0.47691138393620675,0,True,0.011386629142106738,completed,completed,100
8613->8612,8613,8612,1,"(15737,)",0.24,1,0.24,63.5,0.637,False,5285.76,5292.197905450534,1479.1699442633706,727.9836024045009,0.0,1537.4086324557306,0.29085857709312013,0.47452089003222314,0,True,0.05817171541862403,completed,completed,100
8796->6206,8796,6206,1,"(16067,)",0.24,1,0.24,127.0,0.564,False,5285.76,3827.1056010404195,1735.760104808526,828.5551657093852,0.0,1802.0445180652769,0.3409243927203045,0.5435627588741194,0,True,0.0681848785440609,completed,completed,100
8989->6006,8989,6006,1,"(16556,)",0.24,1,0.24,127.0,0.564,False,5285.76,2297.350143161168,442.2356552289022,576.9473255529232,0.0,488.3914412731361,0.0923975816671843,0.4994555115452881,0,True,0.01847951633343686,completed,completed,100
8997->6236,8997,6236,1,"(16587,)",0.24,1,0.24,177.8,0.509,False,5285.76,2957.7989663212434,2938.3223034036105,836.5128724591087,0.0,3005.2433332003393,0.5685546322951363,0.6089812085072738,0,True,0.11371092645902725,completed,completed,100
9009->6237,9009,6237,1,"(16629,)",0.12,2,0.24,177.8,0.509,False,5285.76,1223.4739797715101,515.130084558502,154.47232904600864,0.0,527.4878708821826,0.09979413951488199,0.5479786463204557,0,True,0.0199588279029764,completed,completed,100
9183->10792,9183,10792,1,"(17130,)",0.24,1,0.24,76.2,0.637,False,5285.76,4750.909803113338,875.0018720176188,776.0611163385637,0.0,937.0867613247038,0.17728515129795977,0.46719050535058115,0,True,0.03545703025959195,completed,completed,100
9233->9236,9233,9236,1,"(17246,)",0.24,1,0.24,127.0,0.564,False,5285.76,2180.113071065071,543.6256092338077,488.84363947767645,0.0,582.7331003920218,0.11024584929925342,0.5040951017305766,0,True,0.022049169859850684,completed,completed,100
9236->4555,9236,4555,1,"(17254,)",0.24,1,0.24,127.0,0.564,False,5285.76,2756.167203547366,781.0167569090518,618.0114346697065,0.0,830.4576716826283,0.15711225475288856,0.5171058928793252,0,True,0.03142245095057771,completed,completed,100
9236->9233,9236,9233,1,"(17255,)",0.24,1,0.24,127.0,0.564,False,5285.76,2850.8937682488317,830.9217973738439,639.2518369490524,0.0,882.061944329768,0.16687514081792743,0.5192539795530395,0,True,0.033375028163585486,completed,completed,100
9238->9237,9238,9237,1,"(17261,)",0.24,1,0.24,127.0,0.564,False,5285.76,1595.9109806287,373.058410320337,357.8488393135439,0.0,401.6863174654205,0.07599405146382364,0.48972176989075134,0,True,0.01519881029276473,completed,completed,100
9635->10590,9635,10590,1,"(17603,)",0.12,2,0.24,177.8,0.509,False,5285.76,1455.4762426441791,613.0979610905988,183.76427189270365,0.0,627.7991028420151,0.11877177602502102,0.5550072039653435,0,True,0.023754355205004206,completed,completed,100
10306->2587,10306,2587,1,"(18925,)",0.25,1,0.25,88.9,0.637,False,5506.0,1695.8866191483066,6.067903864818408,369.3641056505012,0.0,35.6170323168585,0.006468767220642662,0.3685656684291581,1,False,0.008085959025803328,completed,completed,100
10326->8936,10326,8936,1,"(19013,)",0.25,1,0.25,127.0,0.564,False,5506.0,1970.978651496993,533.5302382228382,444.4896683031151,0.0,569.0894116870874,0.10335804789086221,0.5022970778225209,0,True,0.020671609578172444,completed,completed,100
10334->8980,10334,8980,1,"(19054,)",0.25,1,0.25,127.0,0.564,False,5506.0,2241.3027214772605,770.7280386211322,444.18544843822076,0.0,806.2628744961899,0.1464335042673792,0.5139794334721184,0,True,0.02928670085347584,completed,completed,100
10335->8984,10335,8984,1,"(19058,)",0.25,1,0.25,127.0,0.564,False,5506.0,1964.7844306603677,368.5310324021475,513.9876070607522,0.0,409.65004096700767,0.07440066127261309,0.4925664142738969,0,True,0.014880132254522619,completed,completed,100
10337->5824,10337,5824,1,"(19068,)",0.25,1,0.25,127.0,0.564,False,5506.0,2611.8614706733706,741.5298442774798,610.0562149358516,0.0,790.3343414723479,0.14354056328956555,0.5150578816422378,0,True,0.02870811265791311,completed,completed,100
10338->5840,10338,5840,1,"(19072,)",0.25,1,0.25,127.0,0.564,False,5506.0,2485.032905158771,523.838217495257,650.0846079895346,0.0,575.8449861344197,0.1045849956655321,0.505170900403314,0,True,0.02091699913310642,completed,completed,100
10341->6043,10341,6043,1,"(19090,)",0.25,1,0.25,127.0,0.564,False,5506.0,2570.2143089580486,555.9379531078517,672.3680632234256,0.0,609.7273981657258,0.11073872106170103,0.5072252659255632,0,True,0.02214774421234021,completed,completed,100
10343->8746,10343,8746,1,"(19102,)",0.25,1,0.25,127.0,0.564,False,5506.0,2219.4624279490254,761.0222227953539,439.8570993571705,0.0,796.2107907439275,0.14460784430510853,0.5135023577960351,0,True,0.028921568861021707,completed,completed,100
10344->8811,10344,8811,1,"(19106,)",0.25,1,0.25,177.8,0.509,False,5506.0,2991.903235714409,3127.2587506762206,881.4146932414649,0.0,3197.771926135538,0.5807794998429964,0.6109409565525354,0,True,0.11615589996859928,completed,completed,100
10346->6375,10346,6375,1,"(19113,)",0.25,1,0.25,127.0,0.564,False,5506.0,3461.4187414132175,1608.2470734580563,685.9902596618923,0.0,1663.1262942310077,0.3020570821342186,0.5400982893965305,0,True,0.06041141642684372,completed,completed,100
10346->6743,10346,6743,1,"(19115,)",0.25,1,0.25,127.0,0.564,False,5506.0,3746.756562773767,1945.4448807658775,742.5390278951648,0.0,2004.8480029974908,0.3641205962581712,0.546482015804223,0,True,0.07282411925163425,completed,completed,100
10369->7429,10369,7429,1,"(19208,)",0.25,1,0.25,127.0,0.564,False,5506.0,1787.7832844332388,442.0489969201011,417.57509572119227,0.0,475.4550045777965,0.08635216211002479,0.49593085435046824,0,True,0.017270432422004958,completed,completed,100
10546->4990,10546,4990,1,"(19983,)",0.25,1,0.25,127.0,0.564,False,5506.0,1123.649208538821,195.80930815582641,293.9466329537556,0.0,219.32503879212686,0.039833824698897,0.4680745600729159,0,True,0.0079667649397794,completed,completed,100
10574->8018,10574,8018,1,"(20116,)",0.25,1,0.25,127.0,0.564,False,5506.0,2757.482278078732,635.5308611319095,721.3573639453964,0.0,693.2394502475413,0.12590618420769004,0.5117800150377819,0,True,0.02518123684153801,completed,completed,100
10579->6197,10579,6197,1,"(20141,)",0.25,1,0.25,127.0,0.564,False,5506.0,2069.849768659464,528.7918095830448,483.45776739403203,0.0,567.4684309745674,0.1030636452914216,0.5027462941370378,0,True,0.02061272905828432,completed,completed,100
10579->6201,10579,6201,1,"(20142,)",0.25,1,0.25,127.0,0.564,False,5506.0,2267.009211853376,597.5915562655932,529.5085801971815,0.0,639.9522426813677,0.11622815885967448,0.5072849855632137,0,True,0.023245631771934897,completed,completed,100
10580->6208,10580,6208,1,"(20146,)",0.25,1,0.25,127.0,0.564,False,5506.0,2228.6936123313676,583.5767216920118,520.5591508802552,0.0,625.2214537624322,0.11355275222710356,0.5064119861674329,0,True,0.022710550445420714,completed,completed,100
10582->6265,10582,6265,1,"(20156,)",0.25,1,0.25,177.8,0.509,False,5506.0,974.9357624112179,857.347696727101,256.44292464852214,0.0,877.8631306989828,0.15943754644006225,0.5605383204606105,0,True,0.03188750928801245,completed,completed,100
10583->6274,10583,6274,1,"(20161,)",0.25,1,0.25,177.8,0.509,False,5506.0,913.422614225036,530.823002637672,373.7420863204105,0.0,560.7223695433048,0.10183842527121409,0.5465979792039639,0,True,0.02036768505424282,completed,completed,100
10593->6783,10593,6783,1,"(20209,)",0.25,1,0.25,177.8,0.509,False,5506.0,1178.9523682422287,964.4803394003437,347.3193676841605,0.0,992.2658888150766,0.18021538118690095,0.5662249305056077,0,True,0.03604307623738019,completed,completed,100
10597->6891,10597,6891,1,"(20228,)",0.25,1,0.25,177.8,0.509,False,5506.0,1116.9559334598348,984.3642105253233,293.79930178327436,0.0,1007.8681546679852,0.1830490655045378,0.5660971676192402,0,True,0.036609813100907565,completed,completed,100
10597->6895,10597,6895,1,"(20230,)",0.25,1,0.25,152.4,0.509,False,5506.0,1715.284690075725,757.3199102658144,505.3228696963086,0.0,797.7457398415191,0.1448866218382708,0.5469345097026067,0,True,0.028977324367654163,completed,completed,100
10598->7899,10598,7899,1,"(20235,)",0.25,1,0.25,177.8,0.509,False,5506.0,487.16350471053255,395.88567382088513,143.51836848772288,0.0,407.367143299903,0.07398604128221994,0.530330847726874,0,True,0.01479720825644399,completed,completed,100
10603->7005,10603,7005,1,"(20261,)",0.25,1,0.25,127.0,0.564,False,5506.0,2764.310715852321,638.6933696730342,723.1436832669673,0.0,696.5448643343916,0.12650651368223603,0.511947365492572,0,True,0.025301302736447207,completed,completed,100
10609->7067,10609,7067,1,"(20291,)",0.25,1,0.25,127.0,0.564,False,5506.0,2505.859064585035,325.298184115198,744.9235582902786,0.0,384.8920687784203,0.06990411710468948,0.4933793072838977,0,True,0.013980823420937897,completed,completed,100
10611->2068,10611,2068,1,"(20298,)",0.25,1,0.25,177.8,0.509,False,5506.0,852.7517616186652,624.3697240198285,285.4780329237031,0.0,647.2079666537247,0.11754594381651376,0.5500822163159675,0,True,0.023509188763302755,completed,completed,100
10846->4450,10846,4450,1,"(21363,)",0.25,1,0.25,127.0,0.564,False,5506.0,3547.2116655398468,877.2537478286373,1054.4892860286636,0.0,961.6128907109304,0.17464818211241018,0.5241852984007245,0,True,0.034929636422482035,completed,completed,100
10847->12465,10847,12465,1,"(21371,)",0.25,1,0.25,127.0,0.564,False,5506.0,3034.2703062046676,529.8311863557972,902.0058092081148,0.0,601.9916510924463,0.1093337542848613,0.5086574917654955,0,True,0.02186675085697226,completed,completed,100
10852->12519,10852,12519,1,"(21394,)",0.25,1,0.25,107.95,0.564,False,5506.0,1907.6280077691777,346.7770802984268,389.87147408782573,0.0,377.96679822545286,0.06864634911468451,0.47717146430946383,0,True,0.013729269822936901,completed,completed,100
10876->9209,10876,9209,1,"(21499,)",0.25,1,0.25,152.4,0.509,False,5506.0,1080.8570264815842,460.8072649875889,318.4204800014747,0.0,486.28090338770687,0.08831836240241679,0.5272957592159404,0,True,0.01766367248048336,completed,completed,100
11098->3916,11098,3916,1,"(22489,)",0.25,1,0.25,63.5,0.637,False,5506.0,4246.330090886275,514.8318314870957,797.2850808577851,0.0,578.6146379557184,0.10508801997016318,0.44326867015447746,0,True,0.021017603994032637,completed,completed,100
11952->10593,11952,10593,1,"(24775,)",0.25,1,0.25,177.8,0.509,False,5506.0,891.026342836014,782.8495018091357,234.37175053525868,0.0,801.5992418519564,0.14558649506937094,0.5568751188670447,0,True,0.02911729901387419,completed,completed,100
11952->6802,11952,6802,1,"(24773,)",0.25,1,0.25,177.8,0.509,False,5506.0,1115.9635892388328,983.4717016377797,293.53827981228585,0.0,1006.9547640227626,0.18288317544910326,0.5660607133367742,0,True,0.036576635089820654,completed,completed,100
12086->6954,12086,6954,1,"(25049,)",0.25,1,0.25,203.2,0.463,False,5506.0,310.6155543830531,451.43712309427013,100.08033162221969,0.0,459.4435496240477,0.08344416084708459,0.5620177506769715,0,True,0.01668883216941692,completed,completed,100
12087->6964,12087,6964,1,"(25052,)",0.25,1,0.25,228.6,0.463,False,5506.0,232.16855715008654,599.7044428759554,74.80470911375787,0.0,605.688819605056,0.11000523421813585,0.5839418937817418,0,True,0.02200104684362717,completed,completed,100
12135->10594,12135,10594,1,"(25227,)",0.25,1,0.25,228.6,0.463,False,5506.0,908.848272547859,2412.0625099915596,261.45617269189296,0.0,2432.979003806911,0.44187777039718684,0.6398492583622098,0,True,0.08837555407943737,completed,completed,100
12135->6802,12135,6802,1,"(25226,)",0.25,1,0.25,203.2,0.463,False,5506.0,1073.8349035741305,1638.5985993000795,308.91929101034356,0.0,1663.312142580907,0.3020908359209784,0.613497576014303,0,True,0.06041816718419568,completed,completed,100
12141->6788,12141,6788,1,"(25242,)",0.25,1,0.25,228.6,0.463,False,5506.0,183.15462567187103,484.86974730876653,52.689661063818605,0.0,489.084920193872,0.0888276280773469,0.5750603498034096,0,True,0.01776552561546938,completed,completed,100
12141->6831,12141,6831,1,"(25243,)",0.25,1,0.25,228.6,0.463,False,5506.0,164.2032663717572,434.69870873043004,49.193035714285706,0.0,438.6341515875729,0.07966475691746693,0.5706653309230735,0,True,0.015932951383493387,completed,completed,100
12185->4386,12185,4386,1,"(25370,)",0.25,1,0.25,152.4,0.509,False,5506.0,1025.0510578042586,502.36529551467106,269.6250371688701,0.0,523.9352984881807,0.09515715555542693,0.5289184179301352,0,True,0.01903143111108539,completed,completed,100
12218->2383,12218,2383,1,"(25456,)",0.25,1,0.25,127.0,0.564,False,5506.0,1912.731637140178,547.5022876088722,416.97549689655887,0.0,580.8603273605969,0.10549588219407863,0.5025742596608498,0,True,0.021099176438815728,completed,completed,100
12221->6904,12221,6904,1,"(25468,)",0.25,1,0.25,127.0,0.564,False,5506.0,2127.2302512346314,548.004559938221,496.86020868123177,0.0,587.7533766327194,0.10674779815341799,0.5040806145849314,0,True,0.0213495596306836,completed,completed,100
12278->3977,12278,3977,1,"(25667,)",0.25,1,0.25,127.0,0.564,False,5506.0,1436.7817123432144,463.3211918175843,284.7440120825643,0.0,486.10071278418945,0.08828563617584262,0.49420247394740213,0,True,0.017657127235168525,completed,completed,100
12317->12318,12317,12318,1,"(25777,)",0.25,1,0.25,107.95,0.564,False,5506.0,2947.0699361431734,488.66554310774984,688.3513350848699,0.0,543.7336499145395,0.09875293314829994,0.49263645778454623,0,True,0.01975058662965999,completed,completed,100
12318->12317,12318,12317,1,"(25782,)",0.25,1,0.25,107.95,0.564,False,5506.0,3082.7356393059154,548.8635241623116,720.0389671807388,0.0,606.4666415367707,0.11014650227692893,0.49634874945924556,0,True,0.022029300455385786,completed,completed,100
12504->4451,12504,4451,1,"(26369,)",0.25,1,0.25,88.9,0.637,False,5506.0,2559.436298090066,382.9333258828088,376.65217954325436,0.0,413.06550024626915,0.07502097716060101,0.44474267407937285,0,True,0.015004195432120202,completed,completed,100
12521->8534,12521,8534,1,"(26421,)",0.25,1,0.25,152.4,0.509,False,5506.0,2020.9110568094775,760.2679610550633,676.5459060637182,0.0,814.3916335401608,0.14790984989832198,0.5493309091426203,0,True,0.029581969979664398,completed,completed,100
1898->7021,1898,7021,1,"(1753,)",0.25,1,0.25,127.0,0.564,False,5506.0,3566.9459293559603,1427.7896671550639,833.1366563567136,0.0,1494.440599663601,0.271420377708609,0.5372665411877634,0,True,0.0542840755417218,completed,completed,100
2011->7022,2011,7022,1,"(2135,)",0.25,1,0.25,127.0,0.564,False,5506.0,3176.7004412558563,1079.1389669430166,741.9864602076178,0.0,1138.4978837596261,0.2067740435451555,0.5279689692273093,0,True,0.041354808709031105,completed,completed,100
2011->7878,2011,7878,1,"(2136,)",0.25,1,0.25,127.0,0.564,False,5506.0,3736.356364368384,1877.193176677124,763.6178319677887,0.0,1938.2826032345472,0.35203098496813423,0.5454541909548809,0,True,0.07040619699362685,completed,completed,100
2013->1843,2013,1843,1,"(2140,)",0.25,1,0.25,127.0,0.564,False,5506.0,3504.3313684453865,1363.58280544675,818.5116839154582,0.0,1429.0637401599865,0.2595466291609129,0.5357522370898755,0,True,0.051909325832182586,completed,completed,100
2023->2040,2023,2040,1,"(2167,)",0.25,1,0.25,127.0,0.564,False,5506.0,1677.6671801553941,523.4092275380985,342.87322994425875,0.0,550.8390859336392,0.10004342279942595,0.49957963093532753,0,True,0.020008684559885193,completed,completed,100
2032->7167,2032,7167,1,"(2194,)",0.25,1,0.25,127.0,0.564,False,5506.0,1937.6494607244913,616.705095688358,396.00710853556797,0.0,648.3856643712035,0.11775983733585242,0.505960598681785,0,True,0.023551967467170486,completed,completed,100
2040->2023,2040,2023,1,"(2214,)",0.25,1,0.25,127.0,0.564,False,5506.0,1550.905508333515,480.48689430948275,316.96631326566217,0.0,505.84419937073574,0.0918714492137188,0.49620964431897224,0,True,0.018374289842743762,completed,completed,100
2068->10611,2068,10611,1,"(2279,)",0.25,1,0.25,177.8,0.509,False,5506.0,819.0086561738883,599.4767510291521,274.18176148730396,0.0,621.4112919481364,0.11286075044463066,0.5484422173334436,0,True,0.022572150088926133,completed,completed,100
2092->7640,2092,7640,1,"(2335,)",0.25,1,0.25,127.0,0.564,False,5506.0,1876.3009555293202,468.06008084795076,438.2502946129198,0.0,503.12010441698436,0.0913766989496884,0.4981257070630515,0,True,0.018275339789937683,completed,completed,100
2291->12941,2291,12941,1,"(2807,)",0.25,1,0.25,63.5,0.637,False,5506.0,1306.325429991244,25.459808194374652,197.58172128617568,0.0,41.26634589726871,0.007494795840404778,0.35302960368399133,0,False,0.007494795840404778,completed,completed,100
2383->12218,2383,12218,1,"(3104,)",0.25,1,0.25,127.0,0.564,False,5506.0,930.0316813251892,254.29554098168563,202.74690652889126,0.0,270.51529350399693,0.049131001362876306,0.4721896469328225,0,True,0.009826200272575261,completed,completed,100
2425->6379,2425,6379,1,"(3220,)",0.25,1,0.25,127.0,0.564,False,5506.0,5099.85845965089,5063.4908664494415,1042.2835726911508,0.0,5146.873552264734,0.9347754362994432,0.5777011533654375,0,True,0.18695508725988863,completed,completed,100
2463->4303,2463,4303,1,"(3325,)",0.25,1,0.25,127.0,0.564,False,5506.0,2687.7964369626875,778.4176478263774,627.7924534905707,0.0,828.6410441056231,0.15049782856985527,0.516767474477107,0,True,0.030099565713971058,completed,completed,100
2587->10306,2587,10306,1,"(3661,)",0.25,1,0.25,88.9,0.637,False,5506.0,1464.6491450610158,2.91556438199943,319.00058379428924,0.0,28.435611085542572,0.0051644771314098385,0.3605158245904121,1,False,0.006455596414262298,completed,completed,100
2594->12722,2594,12722,1,"(3685,)",0.25,1,0.25,127.0,0.564,False,5506.0,1411.7514061524103,434.7682442723998,288.5266936323989,0.0,457.8503797629917,0.08315480925590114,0.4922450388125061,0,True,0.01663096185118023,completed,completed,100
2753->2867,2753,2867,1,"(4084,)",0.25,1,0.25,63.5,0.637,False,5506.0,2297.7771421578354,21.6463251879629,390.98114184529425,0.0,52.924816535586444,0.009612207870611414,0.3663832107460068,1,False,0.012015259838264267,completed,completed,100
2837->12185,2837,12185,1,"(4321,)",0.25,1,0.25,177.8,0.509,False,5506.0,452.1388604577306,367.4043652093922,133.2001082908474,0.0,378.06037387266,0.06866334432848893,0.5273179461315731,0,True,0.013732668865697788,completed,completed,100
2849->7462,2849,7462,1,"(4357,)",0.25,1,0.25,127.0,0.564,False,5506.0,2435.0350183553064,954.7025615882806,442.36469500121405,0.0,990.0917371883777,0.17982051165789642,0.5209468564725883,0,True,0.03596410233157928,completed,completed,100
3977->12278,3977,12278,1,"(5875,)",0.25,1,0.25,127.0,0.564,False,5506.0,1223.125405516352,391.8975151956187,242.4012167296043,0.0,411.28961253398705,0.07469844034398603,0.4875199534942571,0,True,0.014939688068797205,completed,completed,100
3978->12333,3978,12333,1,"(5879,)",0.25,1,0.25,127.0,0.564,False,5506.0,1750.0722133825448,548.598573636458,357.67100861005764,0.0,577.2122543252626,0.10483331898388351,0.5014199068796965,0,True,0.020966663796776704,completed,completed,100
3984->5363,3984,5363,1,"(5900,)",0.25,1,0.25,127.0,0.564,False,5506.0,2772.5067407140864,1009.4620918619875,566.6310651334414,0.0,1054.7925770726629,0.19157148148795186,0.52423059298252,0,True,0.038314296297590374,completed,completed,100
4061->4300,4061,4300,1,"(6016,)",0.25,1,0.25,127.0,0.564,False,5506.0,2169.702919369641,244.63451564738295,644.9935042126115,0.0,296.23399598439187,0.05380203341525461,0.48409392946504826,0,True,0.010760406683050922,completed,completed,100
4303->2463,4303,2463,1,"(6397,)",0.25,1,0.25,127.0,0.564,False,5506.0,2875.7147554405706,879.8419109422952,671.6848035921905,0.0,933.5766952296703,0.16955624686336185,0.521024315315902,0,True,0.03391124937267237,completed,completed,100
4371->10377,4371,10377,1,"(6574,)",0.25,1,0.25,127.0,0.564,False,5506.0,1867.6535174283965,298.4322251474949,508.93558349923813,0.0,339.14707182743393,0.06159590843215291,0.4864464069479016,0,True,0.012319181686430583,completed,completed,100
4382->7056,4382,7056,1,"(6605,)",0.25,1,0.25,127.0,0.564,False,5506.0,1445.1482550059843,348.7931393377523,337.54534241925495,0.0,375.7967667312927,0.06825222788436118,0.4866764269713504,0,True,0.013650445576872236,completed,completed,100
4384->4385,4384,4385,1,"(6613,)",0.25,1,0.25,127.0,0.564,False,5506.0,3336.9092966394483,1208.1401233143035,779.406671429357,0.0,1270.492657028652,0.23074694097868725,0.5317448450579559,0,True,0.046149388195737454,completed,completed,100
4385->4384,4385,4384,1,"(6616,)",0.25,1,0.25,127.0,0.564,False,5506.0,2806.2382864290207,840.5396616381815,655.4570854730641,0.0,892.9762284760267,0.16218238802688462,0.5194449902833362,0,True,0.03243647760537693,completed,completed,100
4385->7006,4385,7006,1,"(6617,)",0.25,1,0.25,127.0,0.564,False,5506.0,3562.7355566122665,1423.3617160827387,832.1532335801509,0.0,1489.9339747691508,0.27060188426610077,0.5371644597644243,0,True,0.05412037685322016,completed,completed,100
4386->7895,4386,7895,1,"(6623,)",0.25,1,0.25,152.4,0.509,False,5506.0,772.8558117790724,377.56003763244496,203.28868049117386,0.0,393.8231320717389,0.07152617727419885,0.5174238503189648,0,True,0.014305235454839771,completed,completed,100
4388->6895,4388,6895,1,"(6628,)",0.25,1,0.25,127.0,0.564,False,5506.0,3610.3523674537937,1236.6985758806873,944.4681793259125,0.0,1312.2560302267602,0.23833200694274614,0.5335585380063872,0,True,0.04766640138854923,completed,completed,100
4392->6896,4392,6896,1,"(6640,)",0.25,1,0.25,127.0,0.564,False,5506.0,1728.2267450137495,425.0653528890397,403.6643897282115,0.0,457.3585040672966,0.08306547476703535,0.49441716187072937,0,True,0.01661309495340707,completed,completed,100
4397->6336,4397,6336,1,"(6657,)",0.25,1,0.25,127.0,0.564,False,5506.0,2735.1663852634106,625.3311063557156,715.5195263849083,0.0,682.5726684665083,0.1239688827581744,0.5112337883639699,0,True,0.02479377655163488,completed,completed,100
4400->6198,4400,6198,1,"(6668,)",0.25,1,0.25,127.0,0.564,False,5506.0,1945.7739947133334,363.8593937814782,509.01447701700806,0.0,404.58055194283884,0.07347994041824171,0.4920933063151778,0,True,0.014695988083648344,completed,completed,100
4404->4403,4404,4403,1,"(6682,)",0.25,1,0.25,127.0,0.564,False,5506.0,2553.7633067072284,549.554077586221,668.064481034611,0.0,602.9992360689898,0.10951675191954047,0.5068278543964697,0,True,0.021903350383908095,completed,completed,100
4425->9634,4425,9634,1,"(6753,)",0.25,1,0.25,177.8,0.509,False,5506.0,812.5916886772225,594.7470598842539,272.03353577762465,0.0,616.5097427464639,0.1119705308293614,0.5481228737498753,0,True,0.02239410616587228,completed,completed,100
4450->10846,4450,10846,1,"(6837,)",0.25,1,0.25,127.0,0.564,False,5506.0,2854.118298307609,446.45481636838804,848.4515304968984,0.0,514.3309388081399,0.09341281126192152,0.5033470908335618,0,True,0.018682562252384304,completed,completed,100
4481->7881,4481,7881,1,"(6921,)",0.25,1,0.25,127.0,0.564,False,5506.0,1482.9529031602833,358.62761761926475,346.37542809529475,0.0,386.33765186688834,0.07016666397873017,0.4877732938258095,0,True,0.014033332795746034,completed,completed,100
4971->8703,4971,8703,1,"(8455,)",0.25,1,0.25,127.0,0.564,False,5506.0,638.0008384010787,194.00765670703527,130.3914213482205,0.0,204.4389704148929,0.037130216203213384,0.4598433371702217,0,True,0.007426043240642677,completed,completed,100
5098->12966,5098,12966,1,"(8841,)",0.25,1,0.25,88.9,0.637,False,5506.0,3459.6569150997284,435.0858140849235,588.6822469599382,0.0,482.18039384171857,0.08757362765014867,0.4525901121789358,0,True,0.017514725530029734,completed,completed,100
5617->8980,5617,8980,1,"(9929,)",0.25,1,0.25,127.0,0.564,False,5506.0,2725.8065774979286,1020.7052349423237,540.2053035404987,0.0,1063.9216592255636,0.19322950585280851,0.5242999246536583,0,True,0.03864590117056171,completed,completed,100
5625->8981,5625,8981,1,"(9957,)",0.25,1,0.25,127.0,0.564,False,5506.0,2514.2233417816315,866.441358170439,513.844395476621,0.0,907.5489098085686,0.1648290791515744,0.5187253689313446,0,True,0.03296581583031488,completed,completed,100
5636->8981,5636,8981,1,"(9993,)",0.25,1,0.25,127.0,0.564,False,5506.0,2184.4331941469095,714.546936911681,446.44353405377467,0.0,750.262419635983,0.1362626988078429,0.511574339828392,0,True,0.02725253976156858,completed,completed,100
5639->8983,5639,8983,1,"(10006,)",0.25,1,0.25,127.0,0.564,False,5506.0,1754.2709331556787,432.4445803885707,409.747567958505,0.0,465.22438582525115,0.08449407661192357,0.4950830764732372,0,True,0.016898815322384714,completed,completed,100
5802->5804,5802,5804,1,"(10265,)",0.25,1,0.25,127.0,0.564,False,5506.0,1975.3847899616378,498.42346458946315,461.3934473696112,0.0,535.3349403790321,0.09722755909535635,0.5005173939037967,0,True,0.01944551181907127,completed,completed,100
5802->8771,5802,8771,1,"(10266,)",0.25,1,0.25,127.0,0.564,False,5506.0,3626.9534930829636,1492.6906006496745,847.1527087415209,0.0,1560.4628173489962,0.28341133624209885,0.5387253293369199,0,True,0.05668226724841977,completed,completed,100
5804->5802,5804,5802,1,"(10274,)",0.25,1,0.25,127.0,0.564,False,5506.0,2119.3581126482422,545.3320186841383,495.02150202569663,0.0,584.933738846194,0.10623569539524047,0.5038983161713202,0,True,0.021247139079048096,completed,completed,100
5821->5829,5821,5829,1,"(10327,)",0.25,1,0.25,127.0,0.564,False,5506.0,1580.2280458268049,282.7070374989429,413.3876567882922,0.0,315.77805004200627,0.05735162550708432,0.48252167390341144,0,True,0.011470325101416864,completed,completed,100
5824->5835,5824,5835,1,"(10329,)",0.25,1,0.25,127.0,0.564,False,5506.0,2141.627929964038,552.9237178001347,500.2230950701717,0.0,592.9415654057484,0.10769007726221366,0.5044134478854261,0,True,0.021538015452442733,completed,completed,100
5834->5828,5834,5828,1,"(10339,)",0.25,1,0.25,127.0,0.564,False,5506.0,2011.2631560143095,380.18685795184984,526.1464416133434,0.0,422.2785732809173,0.07669425595367187,0.49371646558401994,0,True,0.015338851190734373,completed,completed,100
5835->5824,5835,5824,1,"(10343,)",0.25,1,0.25,127.0,0.564,False,5506.0,2234.826500103195,585.7974811611047,521.9916182383892,0.0,627.5568106201758,0.1139768998583683,0.5065519564310201,0,True,0.022795379971673663,completed,completed,100
5840->10338,5840,10338,1,"(10364,)",0.25,1,0.25,127.0,0.564,False,5506.0,2646.2104186742213,586.649280681871,692.2486455251764,0.0,642.0291723238851,0.11660537092696786,0.5090662128962916,0,True,0.023321074185393573,completed,completed,100
5840->6036,5840,6036,1,"(10362,)",0.25,1,0.25,127.0,0.564,False,5506.0,3300.5099384729533,961.4853059638132,863.4133999045247,0.0,1030.5583779561753,0.18717006501201874,0.5254442278183502,0,True,0.03743401300240375,completed,completed,100
5884->5896,5884,5896,1,"(10445,)",0.25,1,0.25,127.0,0.564,False,5506.0,2952.2045418980933,980.9223869813867,665.7730242763287,0.0,1034.184228923493,0.18782859224909063,0.5243324029828687,0,True,0.037565718449818125,completed,completed,100
5896->5884,5896,5884,1,"(10451,)",0.25,1,0.25,127.0,0.564,False,5506.0,4105.352048180178,2228.2838671280388,925.8276687964955,0.0,2302.3500806317584,0.4181529387271628,0.5515660033460273,0,True,0.08363058774543257,completed,completed,100
5992->5972,5992,5972,1,"(10612,)",0.25,1,0.25,127.0,0.564,False,5506.0,2807.018280861483,1030.5969147108058,573.6843611510657,0.0,1076.491663602891,0.19551247068704888,0.5249667394510212,0,True,0.03910249413740978,completed,completed,100
6004->6035,6004,6035,1,"(10627,)",0.25,1,0.25,127.0,0.564,False,5506.0,2223.6716782635185,438.3175233689718,581.7125110337365,0.0,484.85452425167074,0.08805930335119337,0.4988858845823351,0,True,0.017611860670238674,completed,completed,100
6006->6012,6006,6012,1,"(10636,)",0.25,1,0.25,127.0,0.564,False,5506.0,2042.7798676456916,519.9355713968367,477.13501194295804,0.0,558.1063723522734,0.10136330772834606,0.502112003877494,0,True,0.020272661545669216,completed,completed,100
6012->6006,6012,6006,1,"(10654,)",0.25,1,0.25,127.0,0.564,False,5506.0,2215.127961807264,578.6942575333657,517.3906025078396,0.0,620.0855057339928,0.11261996108499688,0.5061020361021249,0,True,0.022523992216999376,completed,completed,100
6012->6035,6012,6035,1,"(10655,)",0.25,1,0.25,127.0,0.564,False,5506.0,2090.132745114842,535.5132850395325,488.1952911803952,0.0,574.5689083339641,0.10435323435052019,0.5032194628715744,0,True,0.020870646870104037,completed,completed,100
6035->6004,6035,6004,1,"(10675,)",0.25,1,0.25,127.0,0.564,False,5506.0,2916.8139660708944,714.7332216085344,763.038533524146,0.0,775.7763042904661,0.14089653183626336,0.5157125934389677,0,True,0.028179306367252674,completed,completed,100
6035->6012,6035,6012,1,"(10676,)",0.25,1,0.25,127.0,0.564,False,5506.0,2214.734109203355,578.5531111089799,517.2986097924979,0.0,619.9369998923797,0.11259298944649106,0.5060930300593065,0,True,0.022518597889298213,completed,completed,100
6036->5840,6036,5840,1,"(10679,)",0.25,1,0.25,127.0,0.564,False,5506.0,3516.151060606669,1144.4889408158206,919.8251174547047,0.0,1218.0749502121969,0.22122683440105284,0.5310707869829279,0,True,0.04424536688021057,completed,completed,100
6036->8989,6036,8989,1,"(10682,)",0.25,1,0.25,127.0,0.564,False,5506.0,2127.9711261867305,411.05995829511636,556.6772466104488,0.0,455.59413802395227,0.08274503051651876,0.4965705466331534,0,True,0.016549006103303752,completed,completed,100
6043->10341,6043,10341,1,"(10706,)",0.25,1,0.25,127.0,0.564,False,5506.0,2849.5011899601745,679.8515846542904,745.4295112935818,0.0,739.4859455577769,0.13430547503773643,0.5140439286030136,0,True,0.026861095007547287,completed,completed,100
6043->6047,6043,6047,1,"(10704,)",0.25,1,0.25,127.0,0.564,False,5506.0,2532.004889229792,541.2487976074685,662.3724790225135,0.0,594.2385959292696,0.10792564401185428,0.506302748639248,0,True,0.02158512880237086,completed,completed,100
6047->6043,6047,6043,1,"(10710,)",0.25,1,0.25,127.0,0.564,False,5506.0,3092.191368425832,816.5806083230736,808.9172619801977,0.0,881.2939892814895,0.1600606591502887,0.5201137844753518,0,True,0.03201213183005774,completed,completed,100
6049->6056,6049,6056,1,"(10715,)",0.25,1,0.25,127.0,0.564,False,5506.0,1792.1362840992497,327.9282523454907,468.82285192036375,0.0,365.43408049911983,0.06637015628389391,0.48819691845512153,0,True,0.013274031256778783,completed,completed,100
6051->6043,6051,6043,1,"(10718,)",0.25,1,0.25,127.0,0.564,False,5506.0,2576.299996320609,558.3227171646745,673.9600790374714,0.0,612.2395234876722,0.11119497339042357,0.5073723707069577,0,True,0.022238994678084715,completed,completed,100
6197->10579,6197,10579,1,"(10909,)",0.25,1,0.25,127.0,0.564,False,5506.0,2018.093420260073,511.9691373323598,471.36896316074564,0.0,549.6786543852195,0.0998326651625898,0.5015305828635777,0,True,0.019966533032517962,completed,completed,100
6201->10579,6201,10579,1,"(10917,)",0.25,1,0.25,127.0,0.564,False,5506.0,1912.6359852417872,479.0313917093039,446.73711941004603,0.0,514.7703612621076,0.09349261919035735,0.4990100131710161,0,True,0.01869852383807147,completed,completed,100
6201->6208,6201,6208,1,"(10915,)",0.25,1,0.25,127.0,0.564,False,5506.0,1790.2596336669033,442.7637518378628,418.153500149341,0.0,476.21603184981007,0.08649037992186888,0.4959931108899047,0,True,0.017298075984373776,completed,completed,100
6208->10580,6208,10580,1,"(10925,)",0.25,1,0.25,127.0,0.564,False,5506.0,1999.0733632269357,505.90041055357,466.92642126800575,0.0,543.2545242550104,0.098665914321651,0.5010805521853,0,True,0.019733182864330203,completed,completed,100
6208->6201,6208,6201,1,"(10922,)",0.25,1,0.25,127.0,0.564,False,5506.0,1789.9617335925045,442.6777306767483,418.08391920339216,0.0,476.1244442130197,0.08647374577061745,0.4959856243093616,0,True,0.01729474915412349,completed,completed,100
6225->6214,6225,6214,1,"(10943,)",0.25,1,0.25,127.0,0.564,False,5506.0,2829.49208661092,669.8938111040165,740.1951298574168,0.0,729.1094214926098,0.13242089020933706,0.5135500057737965,0,True,0.026484178041867413,completed,completed,100
6225->8990,6225,8990,1,"(10945,)",0.25,1,0.25,152.4,0.509,False,5506.0,1573.133759620267,686.2670530058191,463.44520558413063,0.0,723.3426694525496,0.13137353241056113,0.543101828008493,0,True,0.026274706482112227,completed,completed,100
6235->8990,6235,8990,1,"(10951,)",0.25,1,0.25,152.4,0.509,False,5506.0,1981.7901859951828,902.9064695231625,583.8353887941807,0.0,949.613300626697,0.17246881595108918,0.5536531449698503,0,True,0.03449376319021784,completed,completed,100
6235->8996,6235,8996,1,"(10952,)",0.25,1,0.25,152.4,0.509,False,5506.0,1501.8675940657479,651.9371539852337,442.4501932117693,0.0,687.3331694421753,0.12483348518746373,0.5410895236899749,0,True,0.024966697037492748,completed,completed,100
6258->6675,6258,6675,1,"(10985,)",0.25,1,0.25,203.2,0.463,False,5506.0,1083.2347752609614,1583.6125663901962,349.0182445890817,0.0,1611.5340259573227,0.29268689174669865,0.6126583471905915,0,True,0.05853737834933973,completed,completed,100
6265->10582,6265,10582,1,"(11003,)",0.25,1,0.25,177.8,0.509,False,5506.0,958.9065436317993,843.0898029079375,252.22666763743578,0.0,863.2679363189324,0.15678676649453913,0.5598627836264816,0,True,0.03135735329890783,completed,completed,100
6274->10583,6274,10583,1,"(11023,)",0.25,1,0.25,177.8,0.509,False,5506.0,819.0855235887004,475.4216099111658,335.14249340170994,0.0,502.23300938330254,0.09121558470455912,0.5421608763783389,0,True,0.018243116940911824,completed,completed,100
6285->6286,6285,6286,1,"(11042,)",0.25,1,0.25,127.0,0.564,False,5506.0,4326.882742970314,2263.483387231524,1131.9125255610343,0.0,2354.0363892764067,0.42754020873163945,0.5527947946684365,0,True,0.0855080417463279,completed,completed,100
6285->6303,6285,6303,1,"(11043,)",0.25,1,0.25,127.0,0.564,False,5506.0,3196.4154085945306,1094.0656235417036,746.5913132931511,0.0,1153.7929286051558,0.2095519303678089,0.5284305013308486,0,True,0.04191038607356178,completed,completed,100
6286->6285,6286,6285,1,"(11045,)",0.25,1,0.25,127.0,0.564,False,5506.0,4494.4962404645385,2609.781561206155,1175.7602165055234,0.0,2703.842378526597,0.4910719902881578,0.5573024029778672,0,True,0.09821439805763156,completed,completed,100
6287->6305,6287,6305,1,"(11050,)",0.25,1,0.25,127.0,0.564,False,5506.0,3257.3536891302674,929.0928167371334,852.123725076478,0.0,997.2627147432516,0.18112290496608274,0.5243310091201905,0,True,0.03622458099321655,completed,completed,100
6298->6312,6298,6312,1,"(11054,)",0.25,1,0.25,127.0,0.564,False,5506.0,2033.191818024695,516.8292186419087,474.8955174957681,0.0,554.8208600415702,0.10076659281539596,0.5018865327814723,0,True,0.020153318563079194,completed,completed,100
6303->6285,6303,6285,1,"(11056,)",0.25,1,0.25,127.0,0.564,False,5506.0,3386.8564907140963,1252.1665965604416,791.0729089025068,0.0,1315.4524292726421,0.23891253710000765,0.5329338721792802,0,True,0.047782507420001535,completed,completed,100
6303->6333,6303,6333,1,"(11057,)",0.25,1,0.25,127.0,0.564,False,5506.0,1521.6914043020415,368.8026904631822,355.4236351476912,0.0,397.2365812749975,0.07214612809208092,0.48887445940596586,0,True,0.014429225618416183,completed,completed,100
6305->6287,6305,6287,1,"(11060,)",0.25,1,0.25,127.0,0.564,False,5506.0,4226.741517276452,2078.654762005377,1105.7155809195199,0.0,2167.1120084789386,0.3935909931854229,0.5500951751054801,0,True,0.07871819863708458,completed,completed,100
6305->6312,6305,6312,1,"(11061,)",0.25,1,0.25,127.0,0.564,False,5506.0,3266.93206368566,1149.585758937278,763.061989160865,0.0,1210.6307180701472,0.21987481258084765,0.5300884583814804,0,True,0.04397496251616953,completed,completed,100
6312->6305,6312,6305,1,"(11064,)",0.25,1,0.25,127.0,0.564,False,5506.0,2901.949597908468,895.2763146910469,677.8125132257637,0.0,949.501315749108,0.17244847725192664,0.5216226921485427,0,True,0.03448969545038533,completed,completed,100
6312->6721,6312,6721,1,"(11066,)",0.25,1,0.25,127.0,0.564,False,5506.0,2978.240069165199,942.1217165726966,695.6317875835858,0.0,997.7722595793836,0.18121544852513322,0.52336971156208,0,True,0.03624308970502665,completed,completed,100
6333->6303,6333,6303,1,"(11095,)",0.25,1,0.25,127.0,0.564,False,5506.0,1463.8967967657668,353.6590616345276,341.9244661017184,0.0,381.013018922665,0.0691996038726235,0.4872232433867143,0,True,0.0138399207745247,completed,completed,100
6336->4397,6336,4397,1,"(11106,)",0.25,1,0.25,127.0,0.564,False,5506.0,2757.8522209911753,635.7016935380262,721.4541410112914,0.0,693.4180248189296,0.12593861693042674,0.5117890789931573,0,True,0.02518772338608535,completed,completed,100
6341->6312,6341,6312,1,"(11124,)",0.25,1,0.25,127.0,0.564,False,5506.0,2100.128076368885,538.8533346338072,490.5299149804468,0.0,578.0957278322429,0.1049937754871491,0.5034520137548707,0,True,0.020998755097429822,completed,completed,100
6341->6722,6341,6722,1,"(11125,)",0.25,1,0.25,127.0,0.564,False,5506.0,3353.7044955661577,1003.2606645523937,877.329096040107,0.0,1073.4469922356022,0.19495949731848933,0.5268225290661026,0,True,0.03899189946369787,completed,completed,100
6354->4397,6354,4397,1,"(11168,)",0.25,1,0.25,127.0,0.564,False,5506.0,2275.848648499712,454.0108719842054,595.3620064475247,0.0,501.63983250000734,0.09110785188884986,0.5001425486569068,0,True,0.01822157037776997,completed,completed,100
6375->10346,6375,10346,1,"(11249,)",0.25,1,0.25,127.0,0.564,False,5506.0,3626.708500552822,1794.0311512424762,718.7476846550138,0.0,1851.5309660148773,0.33627514820466353,0.543776832592116,0,True,0.0672550296409327,completed,completed,100
6379->2425,6379,2425,1,"(11261,)",0.25,1,0.25,127.0,0.564,False,5506.0,4210.383927922781,2627.221821636229,860.4972152692185,0.0,2696.0615988577665,0.48965884468902404,0.5565054735232462,0,True,0.09793176893780481,completed,completed,100
6379->6759,6379,6759,1,"(11263,)",0.25,1,0.25,127.0,0.564,False,5506.0,4266.205235257761,2436.7894690527064,996.4636513780628,0.0,2516.5065611629516,0.4570480496118692,0.5546127120668989,0,True,0.09140960992237385,completed,completed,100
6391->6402,6391,6402,1,"(11302,)",0.25,1,0.25,152.4,0.509,False,5506.0,1482.4088425357304,642.6924937355302,436.71764501102615,0.0,677.6299053364123,0.12307117786712901,0.5405278077916006,0,True,0.024614235573425805,completed,completed,100
6402->6391,6402,6391,1,"(11338,)",0.25,1,0.25,152.4,0.509,False,5506.0,2224.461913645872,1055.4164030789489,655.3264797600738,0.0,1107.8425214597548,0.2012064150853169,0.5594627634445696,0,True,0.04024128301706338,completed,completed,100
6675->6258,6675,6258,1,"(11783,)",0.25,1,0.25,203.2,0.463,False,5506.0,456.55769847065477,663.6416582010224,147.10289044724493,0.0,675.409889436802,0.12266797846654595,0.5775738907567076,0,True,0.024533595693309193,completed,completed,100
6702->6265,6702,6265,1,"(11854,)",0.25,1,0.25,177.8,0.509,False,5506.0,1321.548843877216,1170.4228515085524,347.61454411270347,0.0,1198.2320150375688,0.2176229595055519,0.5730385339290108,0,True,0.04352459190111038,completed,completed,100
6721->6312,6721,6312,1,"(11886,)",0.25,1,0.25,127.0,0.564,False,5506.0,2454.1371507188865,671.3371706234163,573.2163202036257,0.0,717.1944762397064,0.1302568972465867,0.5115125586997626,0,True,0.026051379449317343,completed,completed,100
6722->6341,6722,6341,1,"(11891,)",0.25,1,0.25,127.0,0.564,False,5506.0,3349.946242699918,1000.2403003157318,876.3459370902985,0.0,1070.3479752829558,0.19439665370195347,0.5267249326346237,0,True,0.0388793307403907,completed,completed,100
6726->10591,6726,10591,1,"(11908,)",0.25,1,0.25,127.0,0.564,False,5506.0,1925.298417730229,358.88721911044894,503.65806607822793,0.0,399.17986439670716,0.07249906727146879,0.4915817986730642,0,True,0.01449981345429376,completed,completed,100
6743->10346,6743,10346,1,"(11970,)",0.25,1,0.25,127.0,0.564,False,5506.0,3722.3692199452194,1913.4809717410526,737.70589995278,0.0,1972.497443737275,0.358245086040188,0.5459302464002895,0,True,0.07164901720803761,completed,completed,100
6759->6379,6759,6379,1,"(12009,)",0.25,1,0.25,127.0,0.564,False,5506.0,4057.1664272352086,2070.5185089596152,947.6381583613668,0.0,2146.3295616285245,0.3898164841315882,0.5493641643514904,0,True,0.07796329682631764,completed,completed,100
6773->6779,6773,6779,1,"(12028,)",0.25,1,0.25,177.8,0.509,False,5506.0,725.5940053171516,636.7551316454213,190.85713747002933,0.0,652.0237026430236,0.1184205780317878,0.5485426844539167,0,True,0.02368411560635756,completed,completed,100
6783->10593,6783,10593,1,"(12043,)",0.25,1,0.25,177.8,0.509,False,5506.0,1012.4032539593185,825.6373705273223,298.25399861641523,0.0,849.4976904166356,0.1542858137334972,0.5599793519224274,0,True,0.030857162746699442,completed,completed,100
6788->12141,6788,12141,1,"(12051,)",0.25,1,0.25,228.6,0.463,False,5506.0,162.60639482577804,430.4712333459295,49.193035714285706,0.0,434.4066762030723,0.07889696262315153,0.57027383514005,0,True,0.015779392524630308,completed,completed,100
6802->12135,6802,12135,1,"(12055,)",0.25,1,0.25,203.2,0.463,False,5506.0,1001.6898683686568,1526.4811240596225,288.1647103467689,0.0,1549.534300887364,0.28142649852658264,0.610647016576432,0,True,0.05628529970531653,completed,completed,100
6885->6889,6885,6889,1,"(12151,)",0.25,1,0.25,177.8,0.509,False,5506.0,892.7403216389235,726.9724159489776,263.00129875482685,0.0,748.0125198493638,0.13585407189418158,0.5548536361802737,0,True,0.027170814378836318,completed,completed,100
6886->6887,6886,6887,1,"(12154,)",0.25,1,0.25,177.8,0.509,False,5506.0,915.2612598468249,745.4885395363261,269.63596715087465,0.0,767.0594169083961,0.1393133703066466,0.5558671923453299,0,True,0.02786267406132932,completed,completed,100
6887->6886,6887,6886,1,"(12156,)",0.25,1,0.25,177.8,0.509,False,5506.0,742.0909857776369,603.5807826738541,218.6200044100918,0.0,621.0703830266614,0.11279883454897591,0.5473521442049525,0,True,0.022559766909795182,completed,completed,100
6887->6891,6887,6891,1,"(12157,)",0.25,1,0.25,177.8,0.509,False,5506.0,858.733655004678,699.0522710706614,252.98293476437814,0.0,719.2909058518117,0.13063765089934828,0.5532749802573339,0,True,0.026127530179869657,completed,completed,100
6889->6885,6889,6885,1,"(12164,)",0.25,1,0.25,177.8,0.509,False,5506.0,1087.497904874419,887.9784839652573,320.3768827760038,0.0,913.6086345873376,0.16592964667405333,0.5629067990806751,0,True,0.03318592933481067,completed,completed,100
6890->6891,6890,6891,1,"(12170,)",0.25,1,0.25,177.8,0.509,False,5506.0,1045.5679544657303,853.1230240810593,308.02431938560414,0.0,877.7649696319077,0.15941971842206823,0.5612968438724334,0,True,0.03188394368441365,completed,completed,100
6891->10597,6891,10597,1,"(12175,)",0.25,1,0.25,177.8,0.509,False,5506.0,875.306264239332,768.9274572680883,230.23680843295284,0.0,787.3464019427246,0.14299789356024784,0.5561516607586828,0,True,0.02859957871204957,completed,completed,100
6891->6887,6891,6887,1,"(12173,)",0.25,1,0.25,177.8,0.509,False,5506.0,1146.142102468004,936.9521395610188,337.65346338707394,0.0,963.9644166319847,0.17507526636977563,0.5650630488412788,0,True,0.03501505327395513,completed,completed,100
6891->6890,6891,6890,1,"(12174,)",0.25,1,0.25,177.8,0.509,False,5506.0,902.7005505296629,735.158773164841,265.9355821860387,0.0,756.4336197397241,0.1373835124845122,0.5553049267088837,0,True,0.02747670249690244,completed,completed,100
6895->10597,6895,10597,1,"(12191,)",0.25,1,0.25,152.4,0.509,False,5506.0,1980.9231532102285,902.4002179230783,583.5799609357333,0.0,949.086614797937,0.17237315924408592,0.5536319956161573,0,True,0.03447463184881718,completed,completed,100
6895->4388,6895,4388,1,"(12189,)",0.25,1,0.25,127.0,0.564,False,5506.0,3822.30494182432,1475.73781567784,999.9149727812421,0.0,1555.7310135003393,0.2825519457864764,0.5392074335055382,0,True,0.05651038915729528,completed,completed,100
6896->4392,6896,4392,1,"(12192,)",0.25,1,0.25,127.0,0.564,False,5506.0,1963.541159576308,494.71812640495546,458.62711370103773,0.0,531.4082955010384,0.09651440165293106,0.5002346685865883,0,True,0.019302880330586213,completed,completed,100
6901->6903,6901,6903,1,"(12201,)",0.25,1,0.25,127.0,0.564,False,5506.0,2687.410810124489,382.6733723282249,798.8939408279164,0.0,446.5848875944582,0.0811087699953611,0.4985252371709744,0,True,0.01622175399907222,completed,completed,100
6903->6901,6903,6901,1,"(12204,)",0.25,1,0.25,127.0,0.564,False,5506.0,2889.3882987558713,461.512584240001,858.9363397210636,0.0,530.2274914176861,0.09629994395526446,0.5043789352330725,0,True,0.019259988791052896,completed,completed,100
6903->6906,6903,6906,1,"(12205,)",0.25,1,0.25,152.4,0.509,False,5506.0,1030.6349526396762,438.8884278265629,303.6250570476486,0.0,463.17843239037484,0.0841224904450372,0.5253418527162682,0,True,0.01682449808900744,completed,completed,100
6903->7895,6903,7895,1,"(12206,)",0.25,1,0.25,152.4,0.509,False,5506.0,2215.744331284622,867.6113466093962,741.7707727232382,0.0,926.9530084272552,0.1683532525294688,0.554156066102297,0,True,0.03367065050589376,completed,completed,100
6906->6903,6906,6903,1,"(12215,)",0.25,1,0.25,152.4,0.509,False,5506.0,1035.053673823388,440.8120645757269,304.9268123083701,0.0,465.2062095603965,0.08449077543777633,0.5255172929883999,0,True,0.016898155087555267,completed,completed,100
6906->6905,6906,6905,1,"(12216,)",0.25,1,0.25,152.4,0.509,False,5506.0,1114.4989790215511,587.0373119062452,273.6094993497908,0.0,608.9260718542286,0.11059318413625654,0.5342651809238383,0,True,0.02211863682725131,completed,completed,100
6954->12087,6954,12087,1,"(12294,)",0.25,1,0.25,228.6,0.463,False,5506.0,207.36866030731503,535.6427770330089,66.81418235101688,0.0,540.9879116210902,0.09825425201981297,0.579382595277342,0,True,0.019650850403962597,completed,completed,100
6996->7002,6996,7002,1,"(12329,)",0.25,1,0.25,177.8,0.509,False,5506.0,392.29226503957784,370.2414050083099,90.28851662551534,0.0,377.46448633835115,0.0685551192042047,0.5257271215808208,0,True,0.013711023840840941,completed,completed,100
7002->6996,7002,6996,1,"(12336,)",0.25,1,0.25,177.8,0.509,False,5506.0,1342.0173724415686,1279.2157186860593,308.87368587600474,0.0,1303.9256135561398,0.23681903624339626,0.5757025354242029,0,True,0.04736380724867925,completed,completed,100
7004->7002,7004,7002,1,"(12343,)",0.25,1,0.25,152.4,0.509,False,5506.0,1331.031233807407,657.984400571703,350.1087513211269,0.0,685.9931006773932,0.12459010183025666,0.5397162922749071,0,True,0.024918020366051334,completed,completed,100
7005->10603,7005,10603,1,"(12350,)",0.25,1,0.25,127.0,0.564,False,5506.0,3489.3815599627274,1119.7203313262037,912.8222160862497,0.0,1192.7461086131036,0.21662660890176236,0.5303669006672589,0,True,0.04332532178035248,completed,completed,100
7006->4385,7006,4385,1,"(12351,)",0.25,1,0.25,127.0,0.564,False,5506.0,2857.5842961619273,869.3690089230345,667.4500463178217,0.0,922.7650126284602,0.16759262851951692,0.5206114544083074,0,True,0.03351852570390339,completed,completed,100
7006->7004,7006,7004,1,"(12353,)",0.25,1,0.25,127.0,0.564,False,5506.0,1585.819941459638,385.8853181089899,370.40222918378686,0.0,415.51749644369283,0.07546630883466997,0.49065082672461957,0,True,0.015093261766933994,completed,completed,100
7014->7012,7014,7012,1,"(12385,)",0.25,1,0.25,127.0,0.564,False,5506.0,1588.5084485038556,386.6084393889166,371.0301876148292,0.0,416.29085439810297,0.07560676614567798,0.49072411235854463,0,True,0.015121353229135596,completed,completed,100
7017->10604,7017,10604,1,"(12397,)",0.25,1,0.25,127.0,0.564,False,5506.0,3596.5508043832615,1459.386102837557,840.051509309519,0.0,1526.5902235823185,0.277259394039651,0.5379853366202995,0,True,0.055451878807930205,completed,completed,100
7024->7029,7024,7029,1,"(12422,)",0.25,1,0.25,127.0,0.564,False,5506.0,3061.2047064329486,797.3487281483918,800.8111512028594,0.0,861.4136202446206,0.15644998551482392,0.5193303903959331,0,True,0.03128999710296478,completed,completed,100
7029->7024,7029,7024,1,"(12428,)",0.25,1,0.25,127.0,0.564,False,5506.0,3886.9982360483064,1558.3184690754538,1016.838738550237,0.0,1639.6655681594727,0.29779614387204373,0.5409425468872532,0,True,0.05955922877440875,completed,completed,100
7167->2032,7167,2032,1,"(12755,)",0.25,1,0.25,127.0,0.564,False,5506.0,3060.7335877645824,1203.7916865676896,625.5374269993866,0.0,1253.8346807276405,0.22772151847577923,0.5304134547122327,0,True,0.04554430369515585,completed,completed,100
7429->10369,7429,10369,1,"(13322,)",0.25,1,0.25,127.0,0.564,False,5506.0,2530.987611508946,704.5193962782452,591.1663921167325,0.0,751.8127076475837,0.13654426219534757,0.5132400493647465,0,True,0.027308852439069515,completed,completed,100
7460->7190,7460,7190,1,"(13392,)",0.25,1,0.25,127.0,0.564,False,5506.0,1459.4813670397314,352.51112677324676,340.89314787285156,0.0,379.78257860307485,0.0689761312392072,0.4870949749800706,0,True,0.013795226247841443,completed,completed,100
7462->2849,7462,2849,1,"(13399,)",0.25,1,0.25,127.0,0.564,False,5506.0,2499.0141363293073,989.6396326130535,453.9875680998243,0.0,1025.9586380610394,0.18633466001835078,0.5222802670252681,0,True,0.03726693200367016,completed,completed,100
7547->7548,7547,7548,1,"(13657,)",0.25,1,0.25,177.8,0.509,False,5506.0,491.4209605538436,489.4428648194207,100.53653817997383,0.0,497.48578787381865,0.09035339409259328,0.5363195195595278,0,True,0.01807067881851866,completed,completed,100
7548->7547,7548,7547,1,"(13661,)",0.25,1,0.25,177.8,0.509,False,5506.0,473.93077827557414,472.0121531887164,96.95833838887788,0.0,479.76882025982667,0.08713563753356823,0.5348555837770932,0,True,0.017427127506713647,completed,completed,100
7640->2092,7640,2092,1,"(13968,)",0.25,1,0.25,127.0,0.564,False,5506.0,1722.8472258361198,423.5500575016169,402.40788774886516,0.0,455.74268852152613,0.08277201026544245,0.4942788107537309,0,True,0.01655440205308849,completed,completed,100
7895->6903,7895,6903,1,"(14756,)",0.25,1,0.25,152.4,0.509,False,5506.0,2727.6687161254977,1244.5130331513813,913.1490951938314,0.0,1317.5649607668877,0.2392962151774224,0.5668054275670582,0,True,0.04785924303548448,completed,completed,100
7899->10598,7899,10598,1,"(14769,)",0.25,1,0.25,177.8,0.509,False,5506.0,1231.1267854541143,1008.469985626454,362.68995099478207,0.0,1037.4851817060367,0.18842811146132157,0.5680125618291293,0,True,0.03768562229226432,completed,completed,100
8018->10574,8018,10574,1,"(14962,)",0.25,1,0.25,127.0,0.564,False,5506.0,1910.6478912818786,355.366400238423,499.82548835933943,0.0,395.3524393071702,0.07180393013206869,0.491214505297335,0,True,0.01436078602641374,completed,completed,100
8300->5795,8300,5795,1,"(15252,)",0.25,1,0.25,127.0,0.564,False,5506.0,2566.351057963343,720.4272436362024,599.4262828242952,0.0,768.381346262146,0.13955345918309953,0.514034743626485,0,True,0.027910691836619907,completed,completed,100
8352->8355,8352,8355,1,"(15317,)",0.25,1,0.25,152.4,0.509,False,5506.0,1525.572331185256,761.419392284469,401.2800078278361,0.0,793.5217929106959,0.14411946838189174,0.5455006762143126,0,True,0.02882389367637835,completed,completed,100
8355->8352,8355,8352,1,"(15319,)",0.25,1,0.25,152.4,0.509,False,5506.0,1698.9768452739302,858.3213502761731,446.8915880515177,0.0,894.0726773202946,0.16238152512173892,0.5501958916701082,0,True,0.032476305024347785,completed,completed,100
8355->8356,8355,8356,1,"(15320,)",0.25,1,0.25,127.0,0.564,False,5506.0,1871.1440479380442,466.51745987544894,437.04578833981464,0.0,501.4811229426341,0.09107902705096878,0.49799946348643515,0,True,0.018215805410193756,completed,completed,100
8356->8355,8356,8355,1,"(15324,)",0.25,1,0.25,127.0,0.564,False,5506.0,1871.248775131405,466.5487525637618,437.0702496199782,0.0,501.5143725333601,0.09108506584332729,0.4980020291383122,0,True,0.018217013168665457,completed,completed,100
8382->8383,8382,8383,1,"(15387,)",0.25,1,0.25,177.8,0.509,False,5506.0,795.8333730590946,698.6821106854524,209.33259973500824,0.0,715.428718664253,0.1299362002659377,0.5522877104664734,0,True,0.02598724005318754,completed,completed,100
8383->8382,8383,8382,1,"(15391,)",0.25,1,0.25,177.8,0.509,False,5506.0,817.5099382409592,717.8209576483385,215.03431054088085,0.0,735.023702491609,0.13349504222513786,0.5533779034470665,0,True,0.026699008445027574,completed,completed,100
8481->8478,8481,8478,1,"(15532,)",0.25,1,0.25,127.0,0.564,False,5506.0,1909.7461133372808,606.2786191216094,390.3043619133068,0.0,637.502968074674,0.1157833214810523,0.5053029995503819,0,True,0.023156664296210463,completed,completed,100
8534->12521,8534,12521,1,"(15630,)",0.25,1,0.25,152.4,0.509,False,5506.0,1481.9687450266938,521.1489141592825,496.1227185055272,0.0,560.8387316397248,0.10185955896108331,0.5349423286636947,0,True,0.020371911792216663,completed,completed,100
8703->4971,8703,4971,1,"(15834,)",0.25,1,0.25,127.0,0.564,False,5506.0,1231.637490486779,377.20340209944004,251.7159121182355,0.0,397.34067506889886,0.07216503361222282,0.48657818446797385,0,True,0.014433006722444564,completed,completed,100
8746->10343,8746,10343,1,"(15907,)",0.25,1,0.25,127.0,0.564,False,5506.0,2869.846950163676,1111.6227273006825,568.751486486983,0.0,1157.1228462196411,0.21015671017429008,0.5273409962678505,0,True,0.04203134203485802,completed,completed,100
8749->10343,8749,10343,1,"(15915,)",0.25,1,0.25,127.0,0.564,False,5506.0,2007.9135277294868,508.7136850299679,468.991231119673,0.0,546.2329835195418,0.09920686224474061,0.501289948550768,0,True,0.019841372448948125,completed,completed,100
8771->5802,8771,5802,1,"(15977,)",0.25,1,0.25,127.0,0.564,False,5506.0,3010.2914548562426,962.7145831966158,703.1180755271367,0.0,1018.9640292387867,0.1850642988083521,0.5241069624206719,0,True,0.03701285976167042,completed,completed,100
8804->6463,8804,6463,1,"(16096,)",0.25,1,0.25,127.0,0.564,False,5506.0,1634.9965486537258,399.2072777451206,381.88847957840596,0.0,429.7583561113931,0.07805273449171687,0.49197726444160117,0,True,0.015610546898343375,completed,completed,100
8811->10344,8811,10344,1,"(16113,)",0.25,1,0.25,177.8,0.509,False,5506.0,2366.5871003966517,2138.4321852807634,697.1965597768535,0.0,2194.2079100629117,0.39851215220902864,0.5972575810270802,0,True,0.07970243044180574,completed,completed,100
8936->10326,8936,10326,1,"(16395,)",0.25,1,0.25,127.0,0.564,False,5506.0,1956.509056454458,528.7459259354713,441.2265251452468,0.0,564.044047947091,0.1024417086718291,0.5019540317465372,0,True,0.020488341734365822,completed,completed,100
8980->10334,8980,10334,1,"(16526,)",0.25,1,0.25,127.0,0.564,False,5506.0,2760.7849462395416,1041.9417098881343,547.1373802547456,0.0,1085.7127003085138,0.19718719584244712,0.52503760683041,0,True,0.03943743916848943,completed,completed,100
8980->5617,8980,5617,1,"(16524,)",0.25,1,0.25,127.0,0.564,False,5506.0,2640.6712057896057,971.0922480278937,523.3330207837582,0.0,1012.9588896905943,0.18397364505822636,0.5225046342652434,0,True,0.03679472901164527,completed,completed,100
8981->5625,8981,5625,1,"(16527,)",0.25,1,0.25,127.0,0.564,False,5506.0,2363.2899857370103,793.3294319900732,482.99739083500157,0.0,831.9692232568733,0.15110229263655528,0.5154835452316758,0,True,0.030220458527311058,completed,completed,100
8981->5636,8981,5636,1,"(16528,)",0.25,1,0.25,127.0,0.564,False,5506.0,2311.0656415484386,769.5201843259719,472.3240404914622,0.0,807.3061075652888,0.14662297631044113,0.514351643920788,0,True,0.029324595262088228,completed,completed,100
8983->5639,8983,5639,1,"(16535,)",0.25,1,0.25,127.0,0.564,False,5506.0,2046.253738636148,521.0649331226055,477.9464089528717,0.0,559.3006458388352,0.10158021173970853,0.5021935882945866,0,True,0.02031604234794171,completed,completed,100
8984->10335,8984,10335,1,"(16542,)",0.25,1,0.25,127.0,0.564,False,5506.0,2039.1540841655935,387.34848503471716,533.4427084177192,0.0,430.0239017081347,0.07810096289650104,0.4944025099165625,0,True,0.015620192579300208,completed,completed,100
8988->5835,8988,5835,1,"(16552,)",0.25,1,0.25,127.0,0.564,False,5506.0,2622.381656085503,746.5124830963807,612.5134296713996,0.0,795.5135574700927,0.14448121276245782,0.5152945116734587,0,True,0.028896242552491565,completed,completed,100
8990->6225,8990,6225,1,"(16560,)",0.25,1,0.25,152.4,0.509,False,5506.0,2331.281906675888,1130.6172883948896,686.7956497067166,0.0,1185.5609403714268,0.21532163828031725,0.5619762038807838,0,True,0.04306432765606345,completed,completed,100
8990->6235,8990,6235,1,"(16561,)",0.25,1,0.25,152.4,0.509,False,5506.0,1108.1594020378084,472.77756369537803,326.4637598403383,0.0,498.8946644826051,0.09060927433392756,0.5283228804813812,0,True,0.01812185486678551,completed,completed,100
8996->6235,8996,6235,1,"(16584,)",0.25,1,0.25,152.4,0.509,False,5506.0,2129.7429085718964,993.1365448706429,627.4222608652806,0.0,1043.3303257398652,0.18948970681799224,0.5572168660410803,0,True,0.03789794136359845,completed,completed,100
8996->8997,8996,8997,1,"(16585,)",0.25,1,0.25,177.8,0.509,False,5506.0,881.326397469777,695.5612456818562,270.4570382235378,0.0,717.1978087397392,0.13025750249541213,0.5534717745563029,0,True,0.026051500499082426,completed,completed,100
8997->8996,8997,8996,1,"(16588,)",0.25,1,0.25,177.8,0.509,False,5506.0,761.661825754781,600.5299321118765,233.73497277849845,0.0,619.2287299341564,0.11246435342066044,0.5475479387742987,0,True,0.02249287068413209,completed,completed,100
8997->8998,8997,8998,1,"(16589,)",0.25,1,0.25,177.8,0.509,False,5506.0,1624.0022807134096,1219.2644945616908,543.6716726115573,0.0,1262.7582283706154,0.229342213652491,0.5768329968377406,0,True,0.0458684427304982,completed,completed,100
8998->8997,8998,8997,1,"(16592,)",0.25,1,0.25,177.8,0.509,False,5506.0,1280.853329564856,945.8329527565346,428.7947623747802,0.0,980.136533746517,0.17801244710252762,0.5667648698317911,0,True,0.03560248942050553,completed,completed,100
8998->9003,8998,9003,1,"(16594,)",0.25,1,0.25,152.4,0.509,False,5506.0,2885.8406690061865,1400.3091900161219,966.1007512377528,0.0,1477.597250115142,0.2683612877070727,0.5708055805575858,0,True,0.05367225754141454,completed,completed,100
9003->8998,9003,8998,1,"(16606,)",0.25,1,0.25,152.4,0.509,False,5506.0,2515.1425067238765,1067.6941020523295,842.0011164555158,0.0,1135.0541913687707,0.20614859995800414,0.5615178087830216,0,True,0.04122971999160083,completed,completed,100
9052->6786,9052,6786,1,"(16761,)",0.25,1,0.25,203.2,0.463,False,5506.0,150.04803539055212,218.06597508547685,55.09619999999999,0.0,222.47367108547684,0.040405679456134554,0.5327553439994247,0,True,0.008081135891226911,completed,completed,100
9209->10876,9209,10876,1,"(17167,)",0.25,1,0.25,152.4,0.509,False,5506.0,1771.4980733946427,786.5333318189631,521.8833324220617,0.0,828.283998412728,0.1504329819129546,0.5483948769708868,0,True,0.03008659638259092,completed,completed,100
9634->4425,9634,4425,1,"(17598,)",0.25,1,0.25,177.8,0.509,False,5506.0,946.9480270055018,694.0928067865949,317.01237358616,0.0,719.4537966734877,0.13066723513866466,0.5543466099208485,0,True,0.02613344702773293,completed,completed,100
10334->5614,10334,5614,1,"(19051,)",0.26,1,0.26,127.0,0.564,False,5726.24,3816.8086679023254,1527.6982399664057,1038.4162334241785,0.0,1610.77153864034,0.28129654688597405,0.540218744356874,0,True,0.05625930937719481,completed,completed,100
10370->7132,10370,7132,1,"(19213,)",0.26,1,0.26,127.0,0.564,False,5726.24,3208.4970827458133,1147.4727896491386,779.3897770715688,0.0,1209.823971814864,0.21127720315859344,0.5298720520761622,0,True,0.04225544063171869,completed,completed,100
10550->5292,10550,5292,1,"(20004,)",0.26,1,0.26,127.0,0.564,False,5726.24,1960.9383375399373,650.5152611740924,416.79744364411374,0.0,683.8590566656216,0.11942549677722582,0.5076628406184437,0,True,0.023885099355445166,completed,completed,100
10553->5243,10553,5243,1,"(20015,)",0.26,1,0.26,127.0,0.564,False,5726.24,2992.3226041495755,989.1452296177936,726.8779080137056,0.0,1047.29546225889,0.18289409145597985,0.5248515265603864,0,True,0.03657881829119597,completed,completed,100
10561->5567,10561,5567,1,"(20052,)",0.26,1,0.26,127.0,0.564,False,5726.24,2437.1921922026063,527.0735470464583,663.07225657941,0.0,580.1193275728111,0.1013089440143639,0.5051772543422326,0,True,0.02026178880287278,completed,completed,100
10586->6369,10586,6369,1,"(20177,)",0.26,1,0.26,127.0,0.564,False,5726.24,2765.7330003942848,1045.590181441369,587.8565492338054,0.0,1092.6187053800734,0.19080910080263375,0.5252443643812819,0,True,0.03816182016052675,completed,completed,100
10592->6896,10592,6896,1,"(20203,)",0.26,1,0.26,127.0,0.564,False,5726.24,2153.553446044866,579.3104773345452,523.1288970935273,0.0,621.1607891020274,0.10847620587017438,0.5058459471562505,0,True,0.021695241174034877,completed,completed,100
10597->6894,10597,6894,1,"(20229,)",0.26,1,0.26,152.4,0.509,False,5726.24,2572.102874070625,1376.53662305262,788.0511669692546,0.0,1439.5807164101602,0.25140069511759205,0.5687813222010996,0,True,0.05028013902351841,completed,completed,100
10859->12522,10859,12522,1,"(21427,)",0.26,1,0.26,127.0,0.564,False,5726.24,1751.6901169434477,331.70882310520363,476.5718199761023,0.0,369.83456870329184,0.0645859357454965,0.4883010184886198,0,True,0.012917187149099299,completed,completed,100
11083->12434,11083,12434,1,"(22423,)",0.26,1,0.26,63.5,0.637,False,5726.24,4685.851316455959,948.1090039207782,698.2904956533371,0.0,1003.9722435730451,0.17532835570514774,0.46060923844472773,0,True,0.03506567114102955,completed,completed,100
11096->12485,11096,12485,1,"(22481,)",0.26,1,0.26,63.5,0.637,False,5726.24,4758.753228072084,857.7167980605273,842.1208681227065,0.0,925.0864675103438,0.1615521646857875,0.4583612729884736,1,False,0.20194020585723438,completed,completed,100
11861->2058,11861,2058,1,"(24596,)",0.13,2,0.26,127.0,0.564,False,5726.24,3902.4458766207786,510.52252070194186,473.9799263289981,0.0,548.4409148082617,0.09577679503623,0.5086512720857428,0,True,0.019155359007246003,completed,completed,100
12142->6806,12142,6806,1,"(25247,)",0.26,1,0.26,228.6,0.463,False,5726.24,197.20906390928755,529.7754020471807,66.08239080723534,0.0,535.0619933117596,0.09344037157222883,0.5785126546421999,0,True,0.018688074314445767,completed,completed,100
12272->8912,12272,8912,1,"(25651,)",0.26,1,0.26,127.0,0.564,False,5726.24,1719.002717630273,439.36773211185533,417.57031729407385,0.0,472.7733574953812,0.08256261656783181,0.495336531861641,0,True,0.016512523313566365,completed,completed,100
12304->8280,12304,8280,1,"(25740,)",0.26,1,0.26,63.5,0.637,False,5726.24,4025.5007283353084,424.5897330048438,814.1287687291853,0.0,489.7200345031786,0.08552209381778944,0.4377655379324132,0,True,0.01710441876355789,completed,completed,100
12370->6905,12370,6905,1,"(25951,)",0.26,1,0.26,127.0,0.564,False,5726.24,2100.170375855344,560.4222093232512,510.1613867292039,0.0,601.2351202615876,0.10499649338162347,0.5046102966397323,0,True,0.020999298676324694,completed,completed,100
12370->6907,12370,6907,1,"(25952,)",0.26,1,0.26,152.4,0.509,False,5726.24,1894.1662650325661,426.54662153058746,806.030884646858,0.0,491.0290923023361,0.08575070068707147,0.5336947491873063,0,True,0.017150140137414293,completed,completed,100
12434->11083,12434,11083,1,"(26133,)",0.26,1,0.26,63.5,0.637,False,5726.24,3699.0319481254473,385.93637865113755,551.2336346274944,0.0,430.0350694213371,0.07509902997801997,0.4330105117579872,0,True,0.015019805995603994,completed,completed,100
12457->4449,12457,4449,1,"(26218,)",0.26,1,0.26,127.0,0.564,False,5726.24,2252.5144801963647,464.7925300879978,612.828099540144,0.0,513.8187780512094,0.08973056980692556,0.5007378723279252,0,True,0.017946113961385114,completed,completed,100
12529->11187,12529,11187,1,"(26450,)",0.26,1,0.26,63.5,0.637,False,5726.24,3746.7190850858324,482.22685317070415,530.4230208756013,0.0,524.6606948407523,0.09162394430564424,0.4390162868987469,0,True,0.01832478886112885,completed,completed,100
2058->11861,2058,11861,1,"(2259,)",0.13,2,0.26,127.0,0.564,False,5726.24,3350.1069483684823,426.6241432961137,406.89441821469774,0.0,459.1756967532895,0.08018799364911172,0.5017475355896301,0,True,0.016037598729822345,completed,completed,100
2244->10915,2244,10915,1,"(2661,)",0.26,1,0.26,127.0,0.564,False,5726.24,1951.3476661647012,797.2520419187176,349.2706917417325,0.0,825.1936972580562,0.1441074242885482,0.5131548620027454,0,True,0.02882148485770964,completed,completed,100
4364->7424,4364,7424,1,"(6555,)",0.26,1,0.26,127.0,0.564,False,5726.24,3816.455900389364,2063.896507896339,811.1877016277595,0.0,2128.7915240265597,0.3717607931254296,0.5484550971997625,0,True,0.07435215862508592,completed,completed,100
4365->9234,4365,9234,1,"(6557,)",0.26,1,0.26,127.0,0.564,False,5726.24,2575.211419466956,753.4582813527377,625.5556425230875,0.0,803.5027327545847,0.1403194299845247,0.5153916783820162,0,True,0.028063885996904944,completed,completed,100
4380->7457,4380,7457,1,"(6599,)",0.26,1,0.26,127.0,0.564,False,5726.24,1995.0883530049,391.13561015632087,542.7917176719253,0.0,434.5589475700749,0.07588905591977893,0.4944738046496393,0,True,0.015177811183955787,completed,completed,100
4394->4395,4394,4395,1,"(6643,)",0.26,1,0.26,127.0,0.564,False,5726.24,3185.795629550265,913.3225056470603,866.7403021579636,0.0,982.6617298196974,0.17160680129014805,0.5236533902757016,0,True,0.034321360258029614,completed,completed,100
4394->6725,4394,6725,1,"(6645,)",0.26,1,0.26,127.0,0.564,False,5726.24,1936.2854917949164,210.92021726941064,598.6290636814684,0.0,258.8105423639281,0.0451972921784501,0.47887614706454734,0,True,0.00903945843569002,completed,completed,100
4395->4394,4395,4394,1,"(6647,)",0.26,1,0.26,127.0,0.564,False,5726.24,3360.5911276086235,1049.175775084952,914.2958645417128,0.0,1122.319444248289,0.19599587936382148,0.5281596599245157,0,True,0.0391991758727643,completed,completed,100
4400->6196,4400,6196,1,"(6667,)",0.26,1,0.26,127.0,0.564,False,5726.24,1833.4484884050596,350.7841631952269,498.81532954943424,0.0,390.6893895591816,0.06822791038433276,0.49041527378714167,0,True,0.013645582076866553,completed,completed,100
4449->12457,4449,12457,1,"(6834,)",0.26,1,0.26,127.0,0.564,False,5726.24,2598.7078534891307,589.9019499339468,707.014853451667,0.0,646.4631382100802,0.11289487311221329,0.5090719052513595,0,True,0.022578974622442658,completed,completed,100
5243->10553,5243,10553,1,"(9230,)",0.26,1,0.26,127.0,0.564,False,5726.24,3551.143276264763,1467.7039486028937,862.6234324229434,0.0,1536.7138231967292,0.2683635026119634,0.5380420846160381,0,True,0.05367270052239268,completed,completed,100
5292->10550,5292,10550,1,"(9408,)",0.26,1,0.26,127.0,0.564,False,5726.24,4771.576664775357,4128.158927452558,1014.1986200980024,0.0,4209.294817060398,0.735088787242658,0.5710333280685976,0,True,0.1470177574485316,completed,completed,100
5565->5561,5565,5561,1,"(9872,)",0.26,1,0.26,127.0,0.564,False,5726.24,1878.5129701548688,361.65753090155147,511.07575271221435,0.0,402.54359111852864,0.0702980648939843,0.49156113479255475,0,True,0.01405961297879686,completed,completed,100
5567->10561,5567,10561,1,"(9879,)",0.26,1,0.26,127.0,0.564,False,5726.24,2778.033392849767,670.9129151703241,755.8028769922793,0.0,731.3771453297065,0.1277238022384159,0.5134416321406682,0,True,0.025544760447683182,completed,completed,100
5579->5567,5579,5567,1,"(9888,)",0.26,1,0.26,127.0,0.564,False,5726.24,1947.731535864082,378.91147425255815,529.9076325733257,0.0,421.30408485842423,0.07357429742002156,0.49329856447311343,0,True,0.014714859484004313,completed,completed,100
5614->10334,5614,10334,1,"(9919,)",0.26,1,0.26,127.0,0.564,False,5726.24,2946.082389719368,759.8162511789059,801.5229592766103,0.0,823.9380879210347,0.1438881513735077,0.5175994665924475,0,True,0.028777630274701538,completed,completed,100
5921->5926,5921,5926,1,"(10482,)",0.26,1,0.26,127.0,0.564,False,5726.24,3268.9281936778743,692.4886559676069,1010.6337273690652,0.0,773.3393541571321,0.13505185848953802,0.5168619024165497,0,True,0.027010371697907605,completed,completed,100
5926->5921,5926,5921,1,"(10502,)",0.26,1,0.26,127.0,0.564,False,5726.24,3059.608163375185,564.6410403287385,945.9195856369391,0.0,640.3146071796937,0.1118211264598923,0.5105693606846221,0,True,0.02236422529197846,completed,completed,100
5957->5968,5957,5968,1,"(10554,)",0.26,1,0.26,127.0,0.564,False,5726.24,2646.6636063487717,610.3122061373564,720.0618873976724,0.0,667.9171571291702,0.11664148850365513,0.5102347140290402,0,True,0.023328297700731027,completed,completed,100
5968->5957,5968,5957,1,"(10557,)",0.26,1,0.26,127.0,0.564,False,5726.24,2011.257002685197,395.3927037882742,547.1906251785456,0.0,439.16795380255786,0.07669394817586372,0.4948728907309732,0,True,0.015338789635172746,completed,completed,100
5972->8360,5972,8360,1,"(10577,)",0.26,1,0.26,127.0,0.564,False,5726.24,2070.623528503925,411.4111447261378,563.3421196588921,0.0,456.4785142988492,0.07971697209667238,0.4963300287801847,0,True,0.015943394419334476,completed,completed,100
6198->8797,6198,8797,1,"(10913,)",0.26,1,0.26,127.0,0.564,False,5726.24,2013.934885823729,396.10201298845317,547.9191807767472,0.0,439.93554745059294,0.07682799663489356,0.49493888953376103,0,True,0.015365599326978714,completed,completed,100
6235->6236,6235,6236,1,"(10950,)",0.26,1,0.26,152.4,0.509,False,5726.24,1481.3747663277452,667.8907760231496,453.86952640656,0.0,704.2003381356743,0.12297778963782069,0.5416553870903376,0,True,0.02459555792756414,completed,completed,100
6236->6235,6236,6235,1,"(10955,)",0.26,1,0.26,152.4,0.509,False,5726.24,2085.0161432527107,1003.6126434914027,638.8155860343386,0.0,1054.7178903741496,0.18419030469804787,0.5573061237189378,0,True,0.036838060939609577,completed,completed,100
6262->6698,6262,6698,1,"(10995,)",0.26,1,0.26,203.2,0.463,False,5726.24,406.4183555657643,614.3478837016174,136.18591392982083,0.0,625.2427568160031,0.10918905893151581,0.5740307655918158,0,True,0.021837811786303164,completed,completed,100
6298->6718,6298,6718,1,"(11055,)",0.26,1,0.26,127.0,0.564,False,5726.24,2114.968616726032,423.79808060261416,575.4068217409514,0.0,469.83062634189025,0.08204871370076879,0.4974112717988485,0,True,0.01640974274015376,completed,completed,100
6369->10586,6369,10586,1,"(11225,)",0.26,1,0.26,127.0,0.564,False,5726.24,2263.7092127326428,778.4654544924385,481.1513931663234,0.0,816.9575659457444,0.1426691102618375,0.5144768476961525,0,True,0.028533822052367503,completed,completed,100
6369->4404,6369,4404,1,"(11222,)",0.26,1,0.26,127.0,0.564,False,5726.24,2013.455344280674,530.9031519321937,489.0970667735512,0.0,570.0309172740779,0.0995471578687023,0.502578204462921,0,True,0.019909431573740463,completed,completed,100
6698->6262,6698,6262,1,"(11843,)",0.26,1,0.26,203.2,0.463,False,5726.24,462.8846088778947,699.7592554384388,155.10707781967596,0.0,712.1678216640129,0.12436918844896702,0.5792877212881127,0,True,0.024873837689793406,completed,completed,100
6718->6298,6718,6298,1,"(11883,)",0.26,1,0.26,127.0,0.564,False,5726.24,1964.377443507279,383.1676685662539,534.4363847903645,0.0,425.92257934948304,0.07438084665495737,0.49371279658768075,0,True,0.014876169330991474,completed,completed,100
6889->6893,6889,6893,1,"(12167,)",0.26,1,0.26,152.4,0.509,False,5726.24,1320.2111683405155,590.147959137695,404.49157860084057,0.0,622.5072854257622,0.1087113508036272,0.5367613691474296,0,True,0.02174227016072544,completed,completed,100
6893->6889,6893,6889,1,"(12181,)",0.26,1,0.26,152.4,0.509,False,5726.24,1252.768140252834,558.441434319715,383.8281138832244,0.0,589.1476834303729,0.10288560790857054,0.5345648250113603,0,True,0.02057712158171411,completed,completed,100
6894->10597,6894,10597,1,"(12187,)",0.26,1,0.26,152.4,0.509,False,5726.24,3259.422628645143,2231.918608235593,998.6349426548136,0.0,2311.8094036479783,0.4037220590907783,0.5853554516854255,0,True,0.08074441181815567,completed,completed,100
6896->10592,6896,10592,1,"(12195,)",0.26,1,0.26,127.0,0.564,False,5726.24,2026.6636693586945,535.3120795817182,492.3055576253606,0.0,574.696524191747,0.10036193456644274,0.5028899753408933,0,True,0.02007238691328855,completed,completed,100
6901->6905,6901,6905,1,"(12202,)",0.26,1,0.26,127.0,0.564,False,5726.24,1681.0129038329574,428.34064606204356,408.3420488110802,0.0,461.00800996693,0.0805079790520359,0.4943497482208423,0,True,0.01610159581040718,completed,completed,100
6906->6907,6906,6907,1,"(12217,)",0.26,1,0.26,177.8,0.509,False,5726.24,1071.4001631841118,909.5653371689847,328.259867597001,0.0,935.8261265767447,0.16342768144135503,0.5634537756906128,0,True,0.032685536288271005,completed,completed,100
6907->12370,6907,12370,1,"(12221,)",0.26,1,0.26,152.4,0.509,False,5726.24,1875.9679142625696,420.4998672387857,798.2868797825321,0.0,484.3628176213883,0.0845865380461504,0.533186352486578,0,True,0.016917307609230083,completed,completed,100
6907->6906,6907,6906,1,"(12220,)",0.26,1,0.26,177.8,0.509,False,5726.24,549.3941248947905,464.3723794398536,168.32556956176552,0.0,477.83842500479483,0.08344715293190555,0.5363444418878874,0,True,0.016689430586381112,completed,completed,100
6933->6929,6933,6929,1,"(12279,)",0.26,1,0.26,127.0,0.564,False,5726.24,1481.0575498232527,372.4576764532668,359.7700368170656,0.0,401.23927939863205,0.07007028685466066,0.4888751617707399,0,True,0.014014057370932132,completed,completed,100
7046->7047,7046,7047,1,"(12476,)",0.26,1,0.26,177.8,0.509,False,5726.24,1286.2613419442514,1097.488273236628,394.0898949902476,0.0,1129.0154648358478,0.1971652366711573,0.5709864928388944,0,True,0.03943304733423146,completed,completed,100
7047->7046,7047,7046,1,"(12482,)",0.26,1,0.26,177.8,0.509,False,5726.24,930.6794808247864,788.505043182829,285.1453020530214,0.0,811.3166673470707,0.14168401382880752,0.5577050288331573,0,True,0.028336802765761504,completed,completed,100
7060->4382,7060,4382,1,"(12517,)",0.26,1,0.26,127.0,0.564,False,5726.24,1570.0354265450803,396.9174889530966,381.38403418532215,0.0,427.4282116879224,0.07464378225291332,0.4913751943628538,0,True,0.014928756450582665,completed,completed,100
7132->10370,7132,10370,1,"(12715,)",0.26,1,0.26,127.0,0.564,False,5726.24,2986.2707190178066,985.1184307416305,725.4078186596971,0.0,1043.1510562344063,0.1821703345012445,0.524712375191296,0,True,0.036434066900248904,completed,completed,100
7190->7283,7190,7283,1,"(12766,)",0.13,2,0.26,127.0,0.564,False,5726.24,3034.1157733443365,382.2833960961511,368.5150329281936,0.0,411.7645987304066,0.07190837246262934,0.49745391263446337,0,True,0.014381674492525868,completed,completed,100
8360->5972,8360,5972,1,"(15334,)",0.26,1,0.26,127.0,0.564,False,5726.24,2755.185498499554,659.8503977691771,749.5867874637828,0.0,719.8173407662797,0.12570505964931258,0.512881370807037,0,True,0.025141011929862518,completed,completed,100
8377->8378,8377,8378,1,"(15369,)",0.26,1,0.26,203.2,0.463,False,5726.24,256.4034084766391,404.6871698806154,76.71223691037501,0.0,410.8241488334454,0.07174413731059917,0.556635534767825,0,True,0.014348827462119835,completed,completed,100
8728->7973,8728,7973,1,"(15862,)",0.26,1,0.26,127.0,0.564,False,5726.24,1252.1555722939522,228.05636723152915,340.66645362058193,0.0,255.3096835211757,0.04458592086974624,0.47372568521979025,0,True,0.008917184173949249,completed,completed,100
8797->6198,8797,6198,1,"(16069,)",0.26,1,0.26,127.0,0.564,False,5726.24,1967.0859135570495,383.86430025431963,535.1732619859853,0.0,426.67816121319845,0.07451279744006511,0.49378007665753726,0,True,0.014902559488013023,completed,completed,100
8912->12272,8912,12272,1,"(16327,)",0.26,1,0.26,127.0,0.564,False,5726.24,1745.0685055701936,447.0220949514954,423.9020695530796,0.0,480.93426051574176,0.08398779312703306,0.49600531871686443,0,True,0.016797558625406613,completed,completed,100
8953->4468,8953,4468,1,"(16448,)",0.26,1,0.26,63.5,0.637,False,5726.24,3402.138851201128,183.07545106045623,688.058281663634,0.0,238.12011359354696,0.04158402609627731,0.414682652506611,1,False,0.05198003262034664,completed,completed,100
8971->10858,8971,10858,1,"(16496,)",0.26,1,0.26,127.0,0.564,False,5726.24,1780.1621594767737,581.6003596055052,378.37346699678835,0.0,611.8702369652483,0.10685375341677057,0.5033262669212233,0,True,0.021370750683354117,completed,completed,100
8971->12517,8971,12517,1,"(16498,)",0.26,1,0.26,127.0,0.564,False,5726.24,1258.6892382570943,401.1863928317019,267.5343975915454,0.0,422.5891446390255,0.07379871340338957,0.48863136191187856,0,True,0.014759742680677916,completed,completed,100
8996->9005,8996,9005,1,"(16586,)",0.26,1,0.26,177.8,0.509,False,5726.24,720.9124379746189,609.7371524691343,220.87603639641569,0.0,627.4072353808476,0.10956705191903372,0.5473364653799626,0,True,0.021913410383806745,completed,completed,100
9005->8996,9005,8996,1,"(16616,)",0.26,1,0.26,177.8,0.509,False,5726.24,1468.4523241957634,1261.425720010299,449.9102968963948,0.0,1297.4185437620106,0.22657425182353702,0.5765357056758865,0,True,0.04531485036470741,completed,completed,100
9234->4365,9234,4365,1,"(17248,)",0.26,1,0.26,127.0,0.564,False,5726.24,2679.068664121065,805.0291678612631,650.7840509244942,0.0,857.0918919352226,0.14967795480720728,0.5177286455491918,0,True,0.029935590961441456,completed,completed,100
10105->7429,10105,7429,1,"(18571,)",0.27,1,0.27,127.0,0.564,False,5946.4800000000005,2893.0407664709865,961.1972961730593,729.7901979192098,0.0,1019.5805120065961,0.17145950411110372,0.5236918166180708,0,True,0.03429190082222074,completed,completed,100
10285->12360,10285,12360,1,"(18857,)",0.27,1,0.27,63.5,0.637,False,5946.4800000000005,4879.00274767245,1167.5081306602365,755.0385146832268,0.0,1227.9112118348946,0.20649379327516354,0.4669955674256156,0,True,0.041298758655032713,completed,completed,100
10539->12323,10539,12323,1,"(19953,)",0.27,1,0.27,88.9,0.637,False,5946.4800000000005,5291.041224334074,2172.8662814645754,972.3280319943428,0.0,2250.652524024123,0.3784848387658115,0.5027107274391842,0,True,0.07569696775316231,completed,completed,100
10574->4409,10574,4409,1,"(20114,)",0.27,1,0.27,127.0,0.564,False,5946.4800000000005,2936.580196391355,783.4280256772311,829.666129726057,0.0,849.8013160553156,0.14290829466429142,0.5184767023222068,0,True,0.028581658932858287,completed,completed,100
10581->6258,10581,6258,1,"(20150,)",0.27,1,0.27,152.4,0.509,False,5946.4800000000005,1850.4800944949475,895.1383660361683,588.7635507052686,0.0,942.2394500925898,0.15845331189083117,0.5526759247881113,0,True,0.031690662378166236,completed,completed,100
10584->4426,10584,4426,1,"(20164,)",0.27,1,0.27,177.8,0.509,False,5946.4800000000005,689.8523855327003,544.8538083616801,249.41926568200932,0.0,564.8073496162408,0.09498179588870066,0.5437553886392955,0,True,0.018996359177740132,completed,completed,100
10595->6866,10595,6866,1,"(20219,)",0.27,1,0.27,228.6,0.463,False,5946.4800000000005,1261.4305611786456,3234.6369062146623,609.6493902176394,0.0,3283.4088574320735,0.552160077462982,0.6522772327182205,0,True,0.1104320154925964,completed,completed,100
12345->8936,12345,8936,1,"(25885,)",0.27,1,0.27,127.0,0.564,False,5946.4800000000005,2082.578093719012,617.3011600317352,507.2298479846942,0.0,657.8795478705107,0.11063344161092119,0.5071756265281376,0,True,0.02212668832218424,completed,completed,100
12360->10285,12360,10285,1,"(25931,)",0.27,1,0.27,63.5,0.637,False,5946.4800000000005,4885.485559937735,1174.147258033646,756.0417469413119,0.0,1234.630597788951,0.2076237703294976,0.4671712139463108,0,True,0.041524754065899526,completed,completed,100
12512->4447,12512,4447,1,"(26392,)",0.27,1,0.27,127.0,0.564,False,5946.4800000000005,1903.8994507159998,514.4869256310021,480.27223572490186,0.0,552.9087044889943,0.09298083983953435,0.5010686976898876,0,True,0.018596167967906873,completed,completed,100
12588->4518,12588,4518,1,"(26666,)",0.27,1,0.27,127.0,0.564,False,5946.4800000000005,2190.770504644738,869.9639887838632,442.1100065259062,0.0,905.3327893059358,0.15224684003073005,0.5171524032710348,0,True,0.030449368006146012,completed,completed,100
2051->2056,2051,2056,1,"(2244,)",0.27,1,0.27,127.0,0.564,False,5946.4800000000005,3741.564084144023,1385.7032695445714,1101.1423099635865,0.0,1473.7946543416583,0.2478432037678859,0.5373765727656526,0,True,0.049568640753577184,completed,completed,100
2056->2051,2056,2051,1,"(2251,)",0.27,1,0.27,127.0,0.564,False,5946.4800000000005,4225.744727589492,2123.7794767297623,1243.636673329588,0.0,2223.2704105961293,0.37388007873500445,0.550848452526223,0,True,0.07477601574700089,completed,completed,100
2151->12639,2151,12639,1,"(2443,)",0.27,1,0.27,88.9,0.637,False,5946.4800000000005,3465.567215122872,526.4097578427323,617.5640777348959,0.0,575.814884061524,0.09683289678289071,0.4578442596816482,0,True,0.019366579356578144,completed,completed,100
2233->4536,2233,4536,1,"(2632,)",0.27,1,0.27,88.9,0.637,False,5946.4800000000005,3530.4870296600884,786.2780652189493,546.35215859524,0.0,829.9862379065685,0.13957605808925086,0.46883772058314055,0,True,0.027915211617850173,completed,completed,100
2561->2560,2561,2560,1,"(3580,)",0.27,1,0.27,127.0,0.564,False,5946.4800000000005,1561.3126826291475,409.6657210880623,393.8522764266499,0.0,441.1739032021943,0.07419076549525001,0.4922479160963117,0,True,0.014838153099050004,completed,completed,100
2745->3979,2745,3979,1,"(4054,)",0.27,1,0.27,127.0,0.564,False,5946.4800000000005,3399.1750225377527,1614.884870349544,750.2829068496457,0.0,1674.9075028975155,0.28166369060309887,0.5401090234521001,0,True,0.05633273812061978,completed,completed,100
3979->2745,3979,2745,1,"(5880,)",0.27,1,0.27,127.0,0.564,False,5946.4800000000005,2492.5655483120354,923.9694989238192,550.1715306511742,0.0,967.9832213759131,0.16278255730716543,0.520534537551006,0,True,0.03255651146143309,completed,completed,100
4400->9014,4400,9014,1,"(6669,)",0.27,1,0.27,127.0,0.564,False,5946.4800000000005,1904.1310101963336,552.6225494203886,463.76752245581883,0.0,589.7239512168542,0.09917193889777719,0.5029720109927889,0,True,0.01983438777955544,completed,completed,100
4405->4404,4405,4404,1,"(6686,)",0.27,1,0.27,127.0,0.564,False,5946.4800000000005,1998.3318148470921,407.0624839557779,564.5846909851194,0.0,452.22925923458746,0.0760499083885908,0.49566694368773695,0,True,0.01520998167771816,completed,completed,100
4409->10574,4409,10574,1,"(6703,)",0.27,1,0.27,127.0,0.564,False,5946.4800000000005,3513.8126506525923,1233.684744602505,992.7504605635759,0.0,1313.104781447591,0.22082051590984766,0.5332822133103529,0,True,0.04416410318196953,completed,completed,100
4426->10584,4426,10584,1,"(6757,)",0.27,1,0.27,177.8,0.509,False,5946.4800000000005,1078.5194347798688,855.6244537314752,389.9436040057288,0.0,886.8199420519335,0.14913359534580684,0.5619378331006706,0,True,0.02982671906916137,completed,completed,100
4518->12588,4518,12588,1,"(7014,)",0.27,1,0.27,127.0,0.564,False,5946.4800000000005,2101.24059145129,826.1814286685927,424.0423584439645,0.0,860.1048173441098,0.1446410006161813,0.5151846414658264,0,True,0.02892820012323626,completed,completed,100
5611->5614,5611,5614,1,"(9905,)",0.27,1,0.27,127.0,0.564,False,5946.4800000000005,2387.9582225118493,529.1569337603478,674.665060689828,0.0,583.1301386155341,0.09806307910150779,0.5051075875979866,0,True,0.01961261582030156,completed,completed,100
5614->5611,5614,5611,1,"(9916,)",0.27,1,0.27,127.0,0.564,False,5946.4800000000005,2379.919483382855,526.256032269507,672.3938918011916,0.0,580.0475436136023,0.09754468923020043,0.5049144439551576,0,True,0.01950893784604009,completed,completed,100
5902->5904,5902,5904,1,"(10460,)",0.27,1,0.27,127.0,0.564,False,5946.4800000000005,2032.5304872528407,416.4868638535375,574.2467735025707,0.0,462.42660573374314,0.077764762638358,0.49650950886722556,0,True,0.015552952527671603,completed,completed,100
5903->5921,5903,5921,1,"(10463,)",0.27,1,0.27,127.0,0.564,False,5946.4800000000005,3264.8308828551503,919.8067706657948,960.8397288242711,0.0,996.6739489717365,0.1676073826821475,0.5243385619607954,0,True,0.0335214765364295,completed,completed,100
5904->5902,5904,5902,1,"(10466,)",0.27,1,0.27,127.0,0.564,False,5946.4800000000005,2728.418527242749,672.0702486435896,770.8546296648396,0.0,733.7386190167767,0.12339041231397006,0.5133403756156004,0,True,0.024678082462794015,completed,completed,100
5921->9014,5921,9014,1,"(10484,)",0.27,1,0.27,127.0,0.564,False,5946.4800000000005,2966.381184092408,1069.24620596085,722.4877096372932,0.0,1127.0452227318333,0.18953149135822087,0.5269237990342746,0,True,0.03790629827164418,completed,completed,100
6257->6256,6257,6256,1,"(10979,)",0.27,1,0.27,127.0,0.564,False,5946.4800000000005,2680.9304062884753,836.9915434774839,676.2838444891702,0.0,891.0942510366175,0.14985239184132754,0.518884835203661,0,True,0.02997047836826551,completed,completed,100
6258->10581,6258,10581,1,"(10986,)",0.27,1,0.27,152.4,0.509,False,5946.4800000000005,1925.1052385104274,939.9311721955484,612.5068835263858,0.0,988.9317228776592,0.1663053979627711,0.5545348314310874,0,True,0.03326107959255422,completed,completed,100
6267->6270,6267,6270,1,"(11009,)",0.27,1,0.27,177.8,0.509,False,5946.4800000000005,628.1730564357556,595.1228216076322,178.45050448218882,0.0,609.3988619662073,0.1024806039818863,0.5449779620586253,0,True,0.020496120796377262,completed,completed,100
6274->6707,6274,6707,1,"(11021,)",0.27,1,0.27,177.8,0.509,False,5946.4800000000005,839.8851148806901,526.6175664071715,371.14523226577705,0.0,556.3091849884337,0.09355268747030741,0.5454507830570187,0,True,0.018710537494061482,completed,completed,100
6287->6298,6287,6298,1,"(11049,)",0.27,1,0.27,127.0,0.564,False,5946.4800000000005,2837.984073575257,728.0253819778378,801.8099643390703,0.0,792.1701791249634,0.13321665575684494,0.5160313028737243,0,True,0.02664333115136899,completed,completed,100
6298->6287,6298,6287,1,"(11053,)",0.27,1,0.27,127.0,0.564,False,5946.4800000000005,2400.4695989784395,533.7097310715475,678.1998748601808,0.0,587.965721060362,0.09887626311033787,0.5054082147859721,0,True,0.019775252622067575,completed,completed,100
6367->6729,6367,6729,1,"(11217,)",0.27,1,0.27,127.0,0.564,False,5946.4800000000005,2333.7252929334454,509.9450288197139,659.3427395619007,0.0,562.6924479846659,0.09462613983140714,0.5038045395186322,0,True,0.01892522796628143,completed,completed,100
6704->6270,6704,6270,1,"(11861,)",0.27,1,0.27,177.8,0.509,False,5946.4800000000005,745.7173526739573,706.8430533016082,211.842320237114,0.0,723.7904389205772,0.12171745955936573,0.5519224602747569,0,True,0.024343491911873148,completed,completed,100
6707->6274,6707,6274,1,"(11872,)",0.27,1,0.27,177.8,0.509,False,5946.4800000000005,1158.699973632976,731.2077282614499,512.0295183484121,0.0,772.1700897293229,0.12985330644840692,0.5586320629428074,0,True,0.025970661289681386,completed,completed,100
6729->6367,6729,6367,1,"(11918,)",0.27,1,0.27,127.0,0.564,False,5946.4800000000005,3269.6121995154745,1013.2136204871125,923.7569955047082,0.0,1087.1141801274891,0.18281641914670343,0.5269193521484223,0,True,0.03656328382934069,completed,completed,100
6838->6847,6838,6847,1,"(12081,)",0.27,1,0.27,228.6,0.463,False,5946.4800000000005,197.2534043312337,544.9492346724633,71.49942773496394,0.0,550.6691888912604,0.09260422786106409,0.579363354321606,0,True,0.01852084557221282,completed,completed,100
6847->6838,6847,6838,1,"(12083,)",0.27,1,0.27,228.6,0.463,False,5946.4800000000005,226.06153356940192,624.539666347515,81.94165438056898,0.0,631.0949986979605,0.1061291719972085,0.5848650833541151,0,True,0.0212258343994417,completed,completed,100
6866->10595,6866,10595,1,"(12113,)",0.27,1,0.27,228.6,0.463,False,5946.4800000000005,1280.8679932343325,3286.627844632839,619.0435011301529,0.0,3336.151324723251,0.5610296048625827,0.6529146960304706,0,True,0.11220592097251654,completed,completed,100
6884->6885,6884,6885,1,"(12145,)",0.27,1,0.27,177.8,0.509,False,5946.4800000000005,739.433271717997,649.5226326734056,235.2640051959717,0.0,668.3437530890833,0.11239317261456916,0.5494779982243854,0,True,0.022478634522913835,completed,completed,100
6885->6884,6885,6884,1,"(12149,)",0.27,1,0.27,177.8,0.509,False,5946.4800000000005,1044.1212313351439,920.0763653192837,332.2059639314401,0.0,946.6528424337989,0.1591954975773565,0.5635124821966622,0,True,0.0318390995154713,completed,completed,100
7429->10105,7429,10105,1,"(13321,)",0.27,1,0.27,127.0,0.564,False,5946.4800000000005,2260.236113356718,642.6966778014951,570.1607041378991,0.0,688.309534132527,0.11575075240016396,0.50940224952982,0,True,0.023150150480032793,completed,completed,100
7588->7583,7588,7583,1,"(13801,)",0.27,1,0.27,88.9,0.637,False,5946.4800000000005,3940.3928296336326,700.5909934828832,724.1210648107358,0.0,758.520678667742,0.12755792984551229,0.46737703466866565,0,True,0.025511585969102458,completed,completed,100
8260->12251,8260,12251,1,"(15196,)",0.27,1,0.27,88.9,0.637,False,5946.4800000000005,3146.2395027152625,545.6342181348915,513.9382227685383,0.0,586.7492759563746,0.09867169753473896,0.4573456903598773,0,True,0.019734339506947793,completed,completed,100
8382->9634,8382,9634,1,"(15388,)",0.27,1,0.27,177.8,0.509,False,5946.4800000000005,1106.4056482236094,878.2503820524631,400.02599123182887,0.0,910.2524613510094,0.1530741651112943,0.562985897803134,0,True,0.03061483302225886,completed,completed,100
8385->8383,8385,8383,1,"(15393,)",0.27,1,0.27,177.8,0.509,False,5946.4800000000005,761.2290734992346,721.6097399831147,216.2488677295576,0.0,738.9096494014792,0.12426000750048417,0.5527568527638257,0,True,0.024852001500096838,completed,completed,100
8738->5957,8738,5957,1,"(15886,)",0.27,1,0.27,127.0,0.564,False,5946.4800000000005,2025.3747877567164,414.49772325650264,572.2250880353297,0.0,460.275730299329,0.07740305698485977,0.4963335736290457,0,True,0.015480611396971955,completed,completed,100
8761->8982,8761,8982,1,"(15955,)",0.27,1,0.27,127.0,0.564,False,5946.4800000000005,2199.584980616899,465.77966676739857,621.4443454037314,0.0,515.495214399697,0.08668913616117384,0.5005748321392093,0,True,0.01733782723223477,completed,completed,100
8893->12358,8893,12358,1,"(16266,)",0.27,1,0.27,88.9,0.637,False,5946.4800000000005,2419.8362132893903,321.01489116929145,406.57396673913127,0.0,353.54080850842195,0.05945379594456248,0.4395440851380354,0,True,0.011890759188912498,completed,completed,100
8982->8761,8982,8761,1,"(16532,)",0.27,1,0.27,127.0,0.564,False,5946.4800000000005,3165.294736322184,933.3714141395708,894.2843912636342,0.0,1004.9141654406616,0.16899311280634283,0.5242442236423619,0,True,0.03379862256126857,completed,completed,100
9014->4400,9014,4400,1,"(16648,)",0.27,1,0.27,127.0,0.564,False,5946.4800000000005,1939.6570815521795,565.0709382964275,472.42020339377103,0.0,602.8645545679292,0.10138175098006369,0.5038237437153796,0,True,0.02027635019601274,completed,completed,100
9014->5921,9014,5921,1,"(16649,)",0.27,1,0.27,127.0,0.564,False,5946.4800000000005,2333.223889528758,719.1914394802732,568.2767922937768,0.0,764.6535828637753,0.12858928018992333,0.5128532983821353,0,True,0.025717856037984668,completed,completed,100
9634->8382,9634,8382,1,"(17599,)",0.27,1,0.27,177.8,0.509,False,5946.4800000000005,1053.150018744621,835.0936731715477,380.77117632265754,0.0,865.5553672773603,0.14555760168660456,0.5609619943292515,0,True,0.029111520337320913,completed,completed,100
10573->5902,10573,5902,1,"(20110,)",0.28,1,0.28,127.0,0.564,False,6166.72,2086.927226375857,447.91579571779863,611.4529819103153,0.0,496.83203427062386,0.08056666011601367,0.4989140686972767,0,True,0.016113332023202736,completed,completed,100
10590->6882,10590,6882,1,"(20194,)",0.28,1,0.28,177.8,0.509,False,6166.72,766.6664689983255,628.24492074051,287.4581077033358,0.0,651.2415693567768,0.10560582762907621,0.549106775570719,0,True,0.021121165525815243,completed,completed,100
10594->6831,10594,6831,1,"(20213,)",0.28,1,0.28,228.6,0.463,False,6166.72,671.2013148435466,1991.5961355753718,216.26106364259067,0.0,2008.897020666779,0.325764267011763,0.6308901995802622,0,True,0.06515285340235259,completed,completed,100
10596->6883,10596,6883,1,"(20223,)",0.28,1,0.28,177.8,0.509,False,6166.72,1273.9851071336311,1170.2031685525603,420.3539340689559,0.0,1203.8314832780768,0.19521422786798764,0.5727768957636272,0,True,0.03904284557359753,completed,completed,100
12316->12318,12316,12318,1,"(25774,)",0.28,1,0.28,107.95,0.564,False,6166.72,2746.7809449998626,715.0317537923883,609.6854868465151,0.0,763.8065927401094,0.12385945733552187,0.5018989726306935,0,True,0.024771891467104373,completed,completed,100
12591->7546,12591,7546,1,"(26678,)",0.28,1,0.28,177.8,0.509,False,6166.72,1351.4753640029296,1341.8190850677413,398.144642235263,0.0,1373.6706564465624,0.2227554772142342,0.5773180465275889,0,True,0.04455109544284684,completed,completed,100
12642->2894,12642,2894,1,"(26853,)",0.28,1,0.28,127.0,0.564,False,6166.72,2757.8372180778706,1351.2019127693559,531.5948961835998,0.0,1393.7295044640439,0.22600823524726985,0.5324018153279017,0,True,0.04520164704945397,completed,completed,100
2427->4396,2427,4396,1,"(3227,)",0.28,1,0.28,127.0,0.564,False,6166.72,2998.1815701903665,851.1050502469819,878.443214613216,0.0,921.3805074160392,0.14941176304681245,0.5210905936160086,0,True,0.029882352609362492,completed,completed,100
2561->2562,2561,2562,1,"(3581,)",0.28,1,0.28,127.0,0.564,False,6166.72,2382.0905167883284,718.8527712326464,623.1548791918268,0.0,768.7051615679926,0.12465381297804871,0.5132351844198988,0,True,0.024930762595609744,completed,completed,100
2894->12642,2894,12642,1,"(4505,)",0.28,1,0.28,127.0,0.564,False,6166.72,3484.2346237853635,2066.613737626828,671.61373085008,0.0,2120.342836094834,0.34383640510592894,0.5473449317929975,0,True,0.06876728102118579,completed,completed,100
4396->2427,4396,2427,1,"(6651,)",0.28,1,0.28,127.0,0.564,False,6166.72,2949.8022538632513,820.5560037239574,864.2684619639018,0.0,889.6974806810695,0.14427401936216813,0.51988016956835,0,True,0.028854803872433627,completed,completed,100
4763->4208,4763,4208,1,"(7787,)",0.14,2,0.28,127.0,0.564,False,6166.72,3856.042922711339,541.780492588777,504.3704142906432,0.0,582.1301257320284,0.09439866342756416,0.5102798227600169,0,True,0.018879732685512834,completed,completed,100
4955->11028,4955,11028,1,"(8407,)",0.28,1,0.28,19.05,0.742,False,6166.72,1975.2650826754034,4.342965574567244,225.304973009165,0.0,22.367363415300446,0.003627108643703694,0.27363432958864675,2,False,0.005440662965555541,completed,completed,100
5902->10573,5902,10573,1,"(10461,)",0.28,1,0.28,127.0,0.564,False,6166.72,3309.8940129082976,1084.948816511281,969.7724666300281,0.0,1162.5306138416831,0.1885168475042945,0.5290335417140193,0,True,0.0377033695008589,completed,completed,100
6262->8687,6262,8687,1,"(10996,)",0.28,1,0.28,152.4,0.509,False,6166.72,720.9564573376654,409.2412792532537,205.06984914782532,0.0,425.6468671850797,0.0690232193427105,0.5189582288646181,0,True,0.0138046438685421,completed,completed,100
6831->10594,6831,10594,1,"(12073,)",0.28,1,0.28,228.6,0.463,False,6166.72,421.74321271140155,1250.6108823439865,135.88566313561356,0.0,1261.4817353948356,0.20456283654760318,0.6120892754248453,0,True,0.04091256730952064,completed,completed,100
6882->10590,6882,10590,1,"(12139,)",0.28,1,0.28,177.8,0.509,False,6166.72,783.150454692203,641.830596575841,293.63870321204746,0.0,665.3216928328048,0.10788907114848814,0.5499696847520742,0,True,0.02157781422969763,completed,completed,100
6883->10596,6883,10596,1,"(12143,)",0.28,1,0.28,177.8,0.509,False,6166.72,1192.7555354721317,1093.222482676941,393.5520744401008,0.0,1124.706648632149,0.18238328457140082,0.5700513689115505,0,True,0.03647665691428017,completed,completed,100
7009->7008,7009,7008,1,"(12364,)",0.28,1,0.28,127.0,0.564,False,6166.72,2888.2036686078727,516.3170064654825,961.6142832644977,0.0,593.2461491266423,0.09620124622597463,0.507687948337484,0,True,0.019240249245194928,completed,completed,100
7546->12591,7546,12591,1,"(13655,)",0.28,1,0.28,177.8,0.509,False,6166.72,1478.4458519467212,1474.8389100179868,435.550147983504,0.0,1509.682921856667,0.24481132950039355,0.5810850317569883,0,True,0.04896226590007871,completed,completed,100
7557->7563,7557,7563,1,"(13690,)",0.28,1,0.28,127.0,0.564,False,6166.72,3138.438996255044,947.9068782341922,919.5375183907581,0.0,1021.4698797054529,0.16564233169423176,0.5246338621166524,0,True,0.033128466338846356,completed,completed,100
7563->7557,7563,7557,1,"(13710,)",0.28,1,0.28,127.0,0.564,False,6166.72,2770.1911287155344,718.4045008770568,811.643839184622,0.0,783.3360080118265,0.12702636215229918,0.5154367429632687,0,True,0.025405272430459837,completed,completed,100
8687->6262,8687,6262,1,"(15820,)",0.28,1,0.28,152.4,0.509,False,6166.72,801.7018140940877,455.3439355315772,228.03716979652796,0.0,473.5869091152994,0.07679721296172023,0.5232616318369022,0,True,0.015359442592344048,completed,completed,100
8766->8983,8766,8983,1,"(15959,)",0.28,1,0.28,127.0,0.564,False,6166.72,1892.4025666320033,529.6475663055803,495.0525114309321,0.0,569.2517672200548,0.09231029902769297,0.5018621684366502,0,True,0.018462059805538594,completed,completed,100
8768->8769,8768,8769,1,"(15967,)",0.14,2,0.28,127.0,0.564,False,6166.72,3205.480176983943,437.2996312514636,419.27680714949975,0.0,470.8417758234236,0.07635206006165735,0.5020065208826675,0,True,0.01527041201233147,completed,completed,100
8769->8768,8769,8768,1,"(15972,)",0.14,2,0.28,127.0,0.564,False,6166.72,3450.8940898522887,475.19583583313744,451.37694695267936,0.0,511.3059915893518,0.08291376803054976,0.5052425248895848,0,True,0.016582753606109953,completed,completed,100
8800->9632,8800,9632,1,"(16083,)",0.28,1,0.28,127.0,0.564,False,6166.72,2345.2954221576633,533.0101189114359,687.1527963288182,0.0,587.9823426177414,0.09534766336362627,0.5051556344979546,0,True,0.019069532672725254,completed,completed,100
10549->5020,10549,5020,1,"(19996,)",0.29,1,0.29,127.0,0.564,False,6386.959999999999,3758.2674559179504,2444.2909395117367,791.9922285437762,0.0,2507.6503177952386,0.39262032606987346,0.5531267927893657,0,True,0.0785240652139747,completed,completed,100
10828->12407,10828,12407,1,"(21284,)",0.29,1,0.29,63.5,0.637,False,6386.959999999999,4581.705401365182,791.4772733014393,904.3427392532114,0.0,863.8246924416961,0.13524817635333497,0.4559250584330763,0,True,0.027049635270666995,completed,completed,100
11080->2753,11080,2753,1,"(22410,)",0.29,1,0.29,63.5,0.637,False,6386.959999999999,4091.658321069925,509.06897265978176,717.8814524317183,0.0,566.4994888543192,0.08869626377092064,0.44223986473573107,0,True,0.01773925275418413,completed,completed,100
2753->11080,2753,11080,1,"(4085,)",0.29,1,0.29,63.5,0.637,False,6386.959999999999,5203.703452183512,1512.5871259924083,912.9897706855973,0.0,1585.6263076472562,0.24825994019803732,0.4752492551690974,0,True,0.049651988039607464,completed,completed,100
4392->6892,4392,6892,1,"(6639,)",0.29,1,0.29,127.0,0.564,False,6386.959999999999,2020.720257467244,594.8618728024103,547.499720044625,0.0,638.6618504059803,0.09999465323189442,0.5059721106454047,0,True,0.019998930646378886,completed,completed,100
5020->10549,5020,10549,1,"(8620,)",0.29,1,0.29,127.0,0.564,False,6386.959999999999,2134.355544567401,934.1168617822533,449.77985842517035,0.0,970.0992504562669,0.151887478621483,0.5189082134538516,0,True,0.0303774957242966,completed,completed,100
5638->8982,5638,8982,1,"(10002,)",0.29,1,0.29,127.0,0.564,False,6386.959999999999,2927.1835174649696,835.5511979392127,888.2714014758498,0.0,906.6129100572807,0.1419474851975401,0.5203523426775009,0,True,0.02838949703950802,completed,completed,100
6892->4392,6892,4392,1,"(12176,)",0.29,1,0.29,127.0,0.564,False,6386.959999999999,1693.248125626583,481.7077479384573,458.7734850090539,0.0,518.4096267391816,0.08116688169945978,0.4978902554883412,0,True,0.016233376339891956,completed,completed,100
6892->6893,6892,6893,1,"(12179,)",0.29,1,0.29,127.0,0.564,False,6386.959999999999,2797.919063183258,759.2762477566964,849.0453272373387,0.0,827.1998739356835,0.12951386480198462,0.5171537169793577,0,True,0.025902772960396926,completed,completed,100
6893->6892,6893,6892,1,"(12182,)",0.29,1,0.29,127.0,0.564,False,6386.959999999999,2439.591989683889,588.8623715031899,740.3088268215142,0.0,648.0870776489111,0.1014703517242806,0.5084573477505684,0,True,0.02029407034485612,completed,completed,100
7015->7072,7015,7072,1,"(12389,)",0.29,1,0.29,127.0,0.564,False,6386.959999999999,2702.600233070632,911.6049423921125,732.2502288631086,0.0,970.1849607011612,0.1519008981896178,0.521483333072937,0,True,0.03038017963792356,completed,completed,100
10340->5992,10340,5992,1,"(19082,)",0.3,1,0.3,127.0,0.564,False,6607.2,3648.1531895092394,1902.632734174295,987.2657321127074,0.0,1981.6139927433114,0.2999173617785615,0.5458469585119889,0,True,0.0599834723557123,completed,completed,100
10363->4613,10363,4613,1,"(19183,)",0.15,2,0.3,127.0,0.564,False,6607.2,3588.001729017816,532.6139284203614,502.8328137380683,0.0,572.8405535194069,0.086699442051006,0.5090198790275369,0,True,0.0173398884102012,completed,completed,100
10551->7932,10551,7932,1,"(20006,)",0.3,1,0.3,127.0,0.564,False,6607.2,2487.7349008197425,629.7852145382467,780.9497400653337,0.0,692.2611937434734,0.1047737610097278,0.5106163787875286,0,True,0.02095475220194556,completed,completed,100
10585->6286,10585,6286,1,"(20170,)",0.3,1,0.3,127.0,0.564,False,6607.2,4478.249133523308,3088.8856631591334,1405.811967995637,0.0,3201.350620598784,0.48452455209450057,0.5622534447912778,0,True,0.09690491041890012,completed,completed,100
10618->6550,10618,6550,1,"(20328,)",0.15,2,0.3,177.8,0.509,False,6607.2,1727.4550640724453,817.8655895369441,318.067663672339,0.0,843.3110026307312,0.12763515598600483,0.5655846758513792,0,True,0.02552703119720097,completed,completed,100
10898->1910,10898,1910,1,"(21603,)",0.3,1,0.3,107.95,0.564,False,6607.2,3003.539890529953,1129.2561766369768,620.3100279178703,0.0,1178.8809788704064,0.1784236861106681,0.5156874148568908,0,True,0.035684737222133625,completed,completed,100
11105->9988,11105,9988,1,"(22524,)",0.3,1,0.3,63.5,0.637,False,6607.2,4230.584558559353,725.236826950308,727.4378817270215,0.0,783.4318574884697,0.11857244483116446,0.4521721381809387,0,True,0.02371448896623289,completed,completed,100
12037->11777,12037,11777,1,"(24871,)",0.3,1,0.3,63.5,0.637,False,6607.2,4349.203706645143,749.5417902730154,768.0458653843073,0.0,810.98545950376,0.12274268366384551,0.45349395898720585,0,True,0.024548536732769105,completed,completed,100
12336->10543,12336,10543,1,"(25851,)",0.15,2,0.3,127.0,0.564,False,6607.2,2501.01441443129,459.7994971506473,306.686892569637,0.0,484.33444855621826,0.07330403931411464,0.5001351552189548,0,True,0.014660807862822929,completed,completed,100
12369->12368,12369,12368,1,"(25950,)",0.3,1,0.3,107.95,0.564,False,6607.2,3276.9094036900324,523.9833312516412,1028.6874000063751,0.0,606.2783232521512,0.09176024991708305,0.497005350414751,0,True,0.01835204998341661,completed,completed,100
1910->10898,1910,10898,1,"(1795,)",0.3,1,0.3,107.95,0.564,False,6607.2,3603.6141496907944,1672.5779190072783,744.2411538624567,0.0,1732.1172113162747,0.2621560133364019,0.5290377586258705,0,True,0.05243120266728039,completed,completed,100
1952->1954,1952,1954,1,"(1944,)",0.3,1,0.3,127.0,0.564,False,6607.2,4399.69062432629,4451.340782114765,734.6547238236751,0.0,4510.113160020659,0.6826058178987557,0.5721886403607431,0,True,0.13652116357975116,completed,completed,100
1954->1952,1954,1952,1,"(1952,)",0.3,1,0.3,127.0,0.564,False,6607.2,5146.004901139819,7303.132786665246,859.2733290243681,0.0,7371.874652987196,1.1157335411350036,0.5884170743796189,0,True,0.22314670822700072,completed,completed,100
2556->6402,2556,6402,1,"(3564,)",0.3,1,0.3,127.0,0.564,False,6607.2,2327.7617527557886,564.3141748574952,730.7309694250972,0.0,622.772652411503,0.09425666733434784,0.506770146008071,0,True,0.01885133346686957,completed,completed,100
2564->7284,2564,7284,1,"(3590,)",0.3,1,0.3,127.0,0.564,False,6607.2,2157.0503776692235,669.8863253429023,604.5904058552882,0.0,718.2535578113253,0.10870770641290188,0.5101499076757927,0,True,0.02174154128258038,completed,completed,100
3984->5077,3984,5077,1,"(5899,)",0.15,2,0.3,127.0,0.564,False,6607.2,4696.310430145401,754.1211062695006,658.1543617103771,0.0,806.7734552063308,0.12210519663493323,0.5220605446934581,0,True,0.024421039326986648,completed,completed,100
3986->3984,3986,3984,1,"(5905,)",0.3,1,0.3,127.0,0.564,False,6607.2,3050.9452123340197,949.3240418739201,957.7527210558957,0.0,1025.9442595583919,0.15527670716164063,0.5244547595131994,0,True,0.03105534143232813,completed,completed,100
4061->4295,4061,4295,1,"(6015,)",0.3,1,0.3,127.0,0.564,False,6607.2,1124.552036721545,321.93775674168074,315.1958708639531,0.0,347.153426410797,0.05254168579894615,0.48160698742771274,0,True,0.01050833715978923,completed,completed,100
4295->4061,4295,4061,1,"(6377,)",0.3,1,0.3,127.0,0.564,False,6607.2,2494.0245961512865,825.9949244851508,699.0394653784035,0.0,881.9180817154231,0.13347833904156423,0.5177916363854077,0,True,0.026695667808312847,completed,completed,100
4373->2565,4373,2565,1,"(6577,)",0.15,2,0.3,127.0,0.564,False,6607.2,3646.7526556996163,542.870070701478,511.0663364630463,0.0,583.7553776185217,0.08835140114095559,0.5097538299796294,0,True,0.01767028022819112,completed,completed,100
4459->12462,4459,12462,1,"(6864,)",0.3,1,0.3,127.0,0.564,False,6607.2,2941.13214268322,1341.6095100834045,721.3126579930598,0.0,1399.3145227228492,0.2117863123142707,0.5332212585017766,0,True,0.042357262462854144,completed,completed,100
4613->10363,4613,10363,1,"(7313,)",0.15,2,0.3,127.0,0.564,False,6607.2,3950.7561187718848,598.1056232838393,553.6702503593172,0.0,642.3992433125848,0.09722715269896247,0.5134514362234359,0,True,0.019445430539792495,completed,completed,100
5017->5020,5017,5020,1,"(8608,)",0.3,1,0.3,127.0,0.564,False,6607.2,3350.2094834780605,1737.6454643249267,821.6388758229945,0.0,1803.3765743907663,0.27294112095755635,0.5421339931497218,0,True,0.05458822419151127,completed,completed,100
5020->5017,5020,5017,1,"(8617,)",0.3,1,0.3,127.0,0.564,False,6607.2,3654.676956488396,2129.726770173717,896.3095235787792,0.0,2201.4315320600194,0.33318675566957556,0.5489742705724396,0,True,0.06663735113391511,completed,completed,100
5024->12127,5024,12127,1,"(8634,)",0.15,2,0.3,127.0,0.564,False,6607.2,3917.6002011012506,749.6219292459826,480.39572466004097,0.0,788.0535872187859,0.11927194382170751,0.5193913197333406,0,True,0.023854388764341504,completed,completed,100
5337->5292,5337,5292,1,"(9458,)",0.3,1,0.3,127.0,0.564,False,6607.2,2791.743427614087,781.9181838325237,876.3840967966142,0.0,852.0289115762529,0.1289546118743572,0.5180027282701547,0,True,0.02579092237487144,completed,completed,100
5828->5638,5828,5638,1,"(10332,)",0.3,1,0.3,127.0,0.564,False,6607.2,3356.727486933958,1206.837428132512,1053.7438926983082,0.0,1291.1369395483766,0.19541363051646335,0.5322854339710492,0,True,0.03908272610329267,completed,completed,100
5992->10340,5992,10340,1,"(10614,)",0.3,1,0.3,127.0,0.564,False,6607.2,3737.4451507880503,2030.8157927085513,1011.4299842546422,0.0,2111.7301914489226,0.31961045396672155,0.5479893410492801,0,True,0.06392209079334431,completed,completed,100
6286->10585,6286,10585,1,"(11047,)",0.3,1,0.3,127.0,0.564,False,6607.2,4317.147915361606,2693.7852974764323,1355.2390735903155,0.0,2802.2044233636575,0.4241137582279419,0.5579193516217309,0,True,0.08482275164558839,completed,completed,100
6468->6479,6468,6479,1,"(11510,)",0.3,1,0.3,127.0,0.564,False,6607.2,3123.9008515007836,1556.8602829719764,742.9204206841864,0.0,1616.2939166267113,0.24462615277677555,0.5381363097369875,0,True,0.04892523055535511,completed,completed,100
6479->6468,6479,6468,1,"(11539,)",0.3,1,0.3,127.0,0.564,False,6607.2,3675.5753237548342,2224.6704797713664,874.1186406311497,0.0,2294.5999710218584,0.3472878028547431,0.5502610503936859,0,True,0.06945756057094862,completed,completed,100
6550->10618,6550,10618,1,"(11609,)",0.15,2,0.3,177.8,0.509,False,6607.2,1086.85010284278,513.6824206611524,200.11627518592687,0.0,529.6917226760265,0.08016886467429872,0.5468117679678847,0,True,0.016033772934859743,completed,completed,100
7012->7011,7012,7011,1,"(12377,)",0.3,1,0.3,127.0,0.564,False,6607.2,1790.9644516284357,531.5607778777184,501.9817505849988,0.0,571.7193179245182,0.08652974299620388,0.5013894538845465,0,True,0.017305948599240777,completed,completed,100
7025->7029,7025,7029,1,"(12426,)",0.3,1,0.3,127.0,0.564,False,6607.2,2446.9618375967048,801.9978557817403,685.8484464806766,0.0,856.8657315001944,0.12968666477482058,0.5167332128697759,0,True,0.025937332954964115,completed,completed,100
7029->7025,7029,7025,1,"(12429,)",0.3,1,0.3,127.0,0.564,False,6607.2,2829.588288705925,1024.2004256717887,793.0931746344323,0.0,1087.6478796425433,0.1646155526762537,0.5253584823145123,0,True,0.03292311053525074,completed,completed,100
7060->7072,7060,7072,1,"(12520,)",0.3,1,0.3,127.0,0.564,False,6607.2,1032.8344634983766,295.1038933352698,289.48874534054505,0.0,318.2629929625134,0.048169117472229295,0.47811976567387005,0,True,0.009633823494445859,completed,completed,100
7520->7072,7520,7072,1,"(13575,)",0.3,1,0.3,127.0,0.564,False,6607.2,2058.3923254312454,630.0331947883328,576.9379632137292,0.0,676.1882318454311,0.10234111754531891,0.5078584548467772,0,True,0.020468223509063785,completed,completed,100
7905->7965,7905,7965,1,"(14783,)",0.15,2,0.3,127.0,0.564,False,6607.2,3472.7456405739313,512.8388105694138,486.68049620043246,0.0,551.7732502654484,0.08351090481072897,0.5075584506019161,0,True,0.016702180962145794,completed,completed,100
7965->7905,7965,7905,1,"(14907,)",0.15,2,0.3,127.0,0.564,False,6607.2,2983.1718662788408,433.06361322312574,418.07022868850623,0.0,466.50923151820626,0.07060619196001428,0.5009504874297867,0,True,0.014121238392002855,completed,completed,100
8322->8324,8322,8324,1,"(15276,)",0.3,1,0.3,127.0,0.564,False,6607.2,4121.669628423524,2612.1857348254493,1155.2451158524223,0.0,2704.605344093643,0.40934213344437026,0.556366834040567,0,True,0.08186842668887406,completed,completed,100
8324->8322,8324,8322,1,"(15279,)",0.3,1,0.3,127.0,0.564,False,6607.2,3549.622588943989,1691.6094035374476,994.9085027868725,0.0,1771.2020837603975,0.2680715104371591,0.542232384247143,0,True,0.05361430208743182,completed,completed,100
8511->8512,8511,8512,1,"(15590,)",0.3,1,0.3,88.9,0.637,False,6607.2,1155.2494247260972,168.62751784758498,209.67777058778668,0.0,185.4017394946079,0.028060561129466022,0.41248468907969427,0,True,0.005612112225893205,completed,completed,100
8512->8511,8512,8511,1,"(15594,)",0.3,1,0.3,88.9,0.637,False,6607.2,1737.3214496506996,259.77470894695387,315.323843111602,0.0,285.00061639588205,0.043134855369276255,0.4295833741298835,0,True,0.00862697107385525,completed,completed,100
8522->5742,8522,5742,1,"(15613,)",0.15,2,0.3,127.0,0.564,False,6607.2,4673.886119871052,748.8889985763838,655.0117547990718,0.0,801.2899389603095,0.1212752662187174,0.5218070392969112,0,True,0.024255053243743482,completed,completed,100
8741->8014,8741,8014,1,"(15894,)",0.3,1,0.3,127.0,0.564,False,6607.2,2971.9043938766667,893.937223825171,932.9402273257633,0.0,968.572442011232,0.1465934801445744,0.5224694856465171,0,True,0.029318696028914883,completed,completed,100
9988->11105,9988,11105,1,"(18338,)",0.3,1,0.3,63.5,0.637,False,6607.2,4739.158599286087,1146.969748877084,814.8858496772447,0.0,1212.1606168512635,0.18346056072939573,0.4662972912944792,0,True,0.03669211214587915,completed,completed,100
8098->8099,8098,8099,1,"(15054,)",0.1,3,0.30000000000000004,127.0,0.564,False,6607.200000000001,5281.18048639794,1044.0552533483235,265.6840029310964,0.0,1065.3099735828112,0.16123470964747716,0.5315474014146191,0,True,0.03224694192949543,completed,completed,100
8100->8097,8100,8097,1,"(15057,)",0.1,3,0.30000000000000004,127.0,0.564,False,6607.200000000001,8251.14782914104,1795.296964125507,415.09620617371087,0.0,1828.504660619404,0.27674425787313894,0.5523677920336816,0,True,0.055348851574627794,completed,completed,100
8107->8113,8107,8113,1,"(15065,)",0.1,3,0.30000000000000004,88.9,0.637,False,6607.200000000001,3264.5180968366035,326.08079120716025,136.73308490211775,0.0,337.0194379993297,0.05100790622341229,0.44139684926010503,0,True,0.010201581244682458,completed,completed,100
8114->8109,8114,8109,1,"(15072,)",0.1,3,0.30000000000000004,88.9,0.637,False,6607.200000000001,5159.388101100865,521.7646684165541,216.09898623457087,0.0,539.0525873153198,0.08158563193415058,0.4602353771937088,0,True,0.016317126386830118,completed,completed,100
10120->10605,10120,10605,1,"(18608,)",0.31,1,0.31,177.8,0.509,False,6827.44,1253.96621007529,1374.4875111352515,408.99899321905696,0.0,1407.207430592776,0.20611055250471277,0.5772146524603379,0,True,0.04122211050094256,completed,completed,100
10567->5802,10567,5802,1,"(20080,)",0.31,1,0.31,127.0,0.564,False,6827.44,3843.904523525422,2578.2535210144606,944.6220643630841,0.0,2653.8232861635074,0.38869961305606604,0.5550463039400504,0,True,0.07773992261121321,completed,completed,100
10605->10120,10605,10120,1,"(20270,)",0.31,1,0.31,177.8,0.509,False,6827.44,1819.075457277013,2049.6322670671593,593.3174471831447,0.0,2097.0976628418107,0.3071572452986494,0.5930528901490999,0,True,0.06143144905972989,completed,completed,100
10607->4431,10607,4431,1,"(20279,)",0.31,1,0.31,228.6,0.463,False,6827.44,686.2548046317,2038.6456693468322,360.7605389274919,0.0,2067.5065124610314,0.3028230951075413,0.6319812444988658,0,True,0.06056461902150826,completed,completed,100
10622->7564,10622,7564,1,"(20345,)",0.31,1,0.31,127.0,0.564,False,6827.44,4465.073977137478,3010.1369478109605,1508.7484968747542,0.0,3130.836827560941,0.458566728899989,0.5615632200392471,0,True,0.0917133457799978,completed,completed,100
12487->7112,12487,7112,1,"(26324,)",0.31,1,0.31,127.0,0.564,False,6827.44,4232.590102679146,2943.1729106774355,1225.879024881672,0.0,3041.243232667969,0.4454441536898119,0.5601224772737312,0,True,0.08908883073796238,completed,completed,100
12627->12774,12627,12774,1,"(26806,)",0.31,1,0.31,107.95,0.564,False,6827.44,2011.5710485933344,590.143480707999,453.1399048797919,0.0,626.3946730983823,0.09174663901819458,0.49265031290553013,0,True,0.018349327803638914,completed,completed,100
1843->8328,1843,8328,1,"(1595,)",0.31,1,0.31,127.0,0.564,False,6827.44,3321.0154895135374,1481.2131285621983,961.8609719199638,0.0,1558.1620063157955,0.2282205345364874,0.5377212464506934,0,True,0.045644106907297484,completed,completed,100
2013->10366,2013,10366,1,"(2142,)",0.31,1,0.31,127.0,0.564,False,6827.44,2847.3487984740295,1070.7711359074751,824.6735648608927,0.0,1136.7450210963466,0.16649652301541232,0.52673050835277,0,True,0.03329930460308247,completed,completed,100
2030->7167,2030,7167,1,"(2190,)",0.31,1,0.31,127.0,0.564,False,6827.44,2116.1865873184565,674.8807601140144,612.9080981613486,0.0,723.9134079669223,0.10602999191013357,0.510173158015919,0,True,0.021205998382026716,completed,completed,100
2051->7461,2051,7461,1,"(2245,)",0.31,1,0.31,127.0,0.564,False,6827.44,3073.733956630899,901.777230628096,1038.614703945581,0.0,984.8664069437425,0.14425119912349907,0.5233292723658629,0,True,0.028850239824699815,completed,completed,100
2127->9206,2127,9206,1,"(2392,)",0.31,1,0.31,127.0,0.564,False,6827.44,2137.028504531716,512.8147460001386,693.2178544140163,0.0,568.2721743532599,0.0832335654876879,0.5031361258326772,0,True,0.01664671309753758,completed,completed,100
2879->4566,2879,4566,1,"(4451,)",0.31,1,0.31,63.5,0.637,False,6827.44,4560.641129389697,1071.537358159684,789.552225061881,0.0,1134.7015361646345,0.16619721830797993,0.46392860285231313,0,True,0.03323944366159599,completed,completed,100
3978->3979,3978,3979,1,"(5877,)",0.31,1,0.31,127.0,0.564,False,6827.44,2752.479010040478,785.200334335924,892.8601511929706,0.0,856.6291464313617,0.12546857188512264,0.5180073238765672,0,True,0.02509371437702453,completed,completed,100
3979->3978,3979,3978,1,"(5881,)",0.31,1,0.31,127.0,0.564,False,6827.44,2495.424450986301,654.2615111928586,809.4757651087406,0.0,719.0195724015579,0.1053132026647701,0.5117693988427476,0,True,0.02106264053295402,completed,completed,100
4348->7351,4348,7351,1,"(6521,)",0.31,1,0.31,127.0,0.564,False,6827.44,2940.463531455265,1438.1045318308193,722.6055471118068,0.0,1495.9129755997637,0.21910305701694396,0.5351904992376313,0,True,0.0438206114033888,completed,completed,100
4382->4383,4382,4383,1,"(6604,)",0.31,1,0.31,127.0,0.564,False,6827.44,2848.7425816655104,842.5436683368445,924.0865136109851,0.0,916.4705894257232,0.13423341536882394,0.5203755896639239,0,True,0.02684668307376479,completed,completed,100
4431->10607,4431,10607,1,"(6773,)",0.31,1,0.31,228.6,0.463,False,6827.44,736.7992989550405,2189.4456239215565,387.33151356961764,0.0,2220.432145007126,0.3252217734622532,0.6348631647407902,0,True,0.06504435469245065,completed,completed,100
4434->8648,4434,8648,1,"(6781,)",0.31,1,0.31,127.0,0.564,False,6827.44,5060.101738918832,5196.300904657932,1641.4160424774468,0.0,5327.614188056127,0.7803238385187021,0.5786357948729521,0,True,0.15606476770374045,completed,completed,100
5049->5046,5049,5046,1,"(8708,)",0.31,1,0.31,88.9,0.637,False,6827.44,867.5323225289221,40.67039792929542,195.24682450835923,0.0,56.290143889964156,0.008244692577300447,0.3744939574757427,1,False,0.010305865721625559,completed,completed,100
5802->10567,5802,10567,1,"(10267,)",0.31,1,0.31,127.0,0.564,False,6827.44,3058.5020468725806,1545.1670506746852,751.6129757369056,0.0,1605.2960887336376,0.23512415908944462,0.537704031794842,0,True,0.047024831817888926,completed,completed,100
5803->8735,5803,8735,1,"(10270,)",0.31,1,0.31,127.0,0.564,False,6827.44,2446.078752600845,884.5896415835043,684.024836279028,0.0,939.3116284858265,0.13757889172015084,0.5194415776781909,0,True,0.02751577834403017,completed,completed,100
5921->5930,5921,5930,1,"(10483,)",0.31,1,0.31,127.0,0.564,False,6827.44,3006.399103520547,1260.2933311956315,840.7135920658702,0.0,1327.550418560901,0.19444336655626432,0.5319055070929075,0,True,0.03888867331125287,completed,completed,100
5930->5921,5930,5921,1,"(10507,)",0.31,1,0.31,127.0,0.564,False,6827.44,5219.967417138073,6514.7918658027575,1459.718888483549,0.0,6631.569376881442,0.9713112640874826,0.5854450021484666,0,True,0.19426225281749654,completed,completed,100
5947->10568,5947,10568,1,"(10537,)",0.31,1,0.31,127.0,0.564,False,6827.44,3793.5798102977033,1786.322795357674,1230.5765931836104,0.0,1884.768922812363,0.2760579254907202,0.5447927708151943,0,True,0.05521158509814405,completed,completed,100
5972->8744,5972,8744,1,"(10578,)",0.31,1,0.31,127.0,0.564,False,6827.44,2514.8839068702573,922.7252110889789,703.2656045225878,0.0,978.9864594507859,0.14338997625036412,0.5209654332524942,0,True,0.028677995250072825,completed,completed,100
6215->9630,6215,9630,1,"(10940,)",0.31,1,0.31,127.0,0.564,False,6827.44,2602.2923754984354,705.1283110630206,844.1420099336847,0.0,772.6596718577155,0.11316974910914128,0.5143502221447344,0,True,0.02263394982182826,completed,completed,100
6236->8998,6236,8998,1,"(10958,)",0.31,1,0.31,177.8,0.509,False,6827.44,1301.5251448739912,1192.5925245065982,540.286751730737,0.0,1235.815464645057,0.18100715123751468,0.5737843002007421,0,True,0.036201430247502935,completed,completed,100
6656->6660,6656,6660,1,"(11736,)",0.31,1,0.31,127.0,0.564,False,6827.44,2145.258913827724,782.4619757725696,579.9063895859103,0.0,828.8544869394425,0.1214004790872483,0.514317958595562,0,True,0.02428009581744966,completed,completed,100
6887->12183,6887,12183,1,"(12159,)",0.31,1,0.31,177.8,0.509,False,6827.44,984.0367824046275,994.7046830517503,359.4725727595401,0.0,1023.4624888725135,0.14990428167402622,0.5651705008392082,0,True,0.029980856334805246,completed,completed,100
7005->7055,7005,7055,1,"(12349,)",0.31,1,0.31,127.0,0.564,False,6827.44,2415.836674676991,619.2718006685236,783.6587638784213,0.0,681.9645017787973,0.09988582862372973,0.5098544699947658,0,True,0.01997716572474595,completed,completed,100
7029->7030,7029,7030,1,"(12430,)",0.31,1,0.31,127.0,0.564,False,6827.44,2007.201510873172,630.5234136195461,581.3429061634672,0.0,677.0308461126235,0.09916320701648401,0.5076207728662826,0,True,0.019832641403296804,completed,completed,100
7030->7029,7030,7029,1,"(12433,)",0.31,1,0.31,127.0,0.564,False,6827.44,2787.386562823773,1029.5143059114803,807.3067882098456,0.0,1094.098848968268,0.1602502327326594,0.5253693383561486,0,True,0.03205004654653188,completed,completed,100
7055->7005,7055,7005,1,"(12507,)",0.31,1,0.31,127.0,0.564,False,6827.44,3247.2914974677096,1142.9417435815324,1053.3694051145658,0.0,1227.2112959906976,0.1797469177306132,0.5304244705539745,0,True,0.03594938354612264,completed,completed,100
7073->7112,7073,7112,1,"(12533,)",0.31,1,0.31,127.0,0.564,False,6827.44,3447.0377506552377,1621.696977969742,998.3606193826329,0.0,1701.5658275203525,0.24922457429436987,0.5407278896558666,0,True,0.049844914858873976,completed,completed,100
7112->7073,7112,7073,1,"(12648,)",0.31,1,0.31,127.0,0.564,False,6827.44,4179.285383730846,2823.1535084424363,1210.4404552822741,0.0,2919.9887448650184,0.42768427768900474,0.5587821426500404,0,True,0.08553685553780095,completed,completed,100
7284->8053,7284,8053,1,"(12846,)",0.31,1,0.31,127.0,0.564,False,6827.44,3397.1917996673724,1564.2825053796487,983.9238078065189,0.0,1642.9964100041702,0.2406460415623089,0.5395344300550771,0,True,0.048129208312461785,completed,completed,100
7351->4348,7351,4348,1,"(13057,)",0.31,1,0.31,127.0,0.564,False,6827.44,2968.864744895128,1463.004110215567,729.5850162182284,0.0,1521.3709115130252,0.2228318244485525,0.535793720169078,0,True,0.044566364889710504,completed,completed,100
7439->10373,7439,10373,1,"(13351,)",0.31,1,0.31,127.0,0.564,False,6827.44,2829.9789496534822,830.9660806767066,917.9998916043953,0.0,904.4060720050583,0.13246635224990017,0.5199123142487491,0,True,0.026493270449980035,completed,completed,100
7458->2848,7458,2848,1,"(13385,)",0.31,1,0.31,127.0,0.564,False,6827.44,2551.3089941978405,600.7089506622855,862.0873091394504,0.0,669.6759353934415,0.09808594954967624,0.5099124242537643,0,True,0.01961718990993525,completed,completed,100
7461->2051,7461,2051,1,"(13395,)",0.31,1,0.31,127.0,0.564,False,6827.44,3589.8501830647056,1393.8554805288593,1213.010376857564,0.0,1490.8963106774645,0.2183682772279895,0.5372661709389047,0,True,0.0436736554455979,completed,completed,100
7563->7564,7563,7564,1,"(13712,)",0.31,1,0.31,127.0,0.564,False,6827.44,3854.928088179567,2197.745347817468,1116.4973151393222,0.0,2287.0651330286137,0.33498135948885877,0.5506831718649738,0,True,0.06699627189777176,completed,completed,100
7871->7866,7871,7866,1,"(14698,)",0.31,1,0.31,127.0,0.564,False,6827.44,2530.090406527318,873.1102802401023,732.7864700276408,0.0,931.7331978423135,0.13646889578558194,0.5195704190359829,0,True,0.02729377915711639,completed,completed,100
8053->7284,8053,7284,1,"(15004,)",0.31,1,0.31,127.0,0.564,False,6827.44,2651.688539170404,943.1525714584745,768.0047634734398,0.0,1004.5929525363497,0.14714050252164057,0.5223051276422799,0,True,0.029428100504328116,completed,completed,100
8328->1843,8328,1843,1,"(15285,)",0.31,1,0.31,127.0,0.564,False,6827.44,2637.9747429631234,934.9253011279637,764.0328562690626,0.0,996.0479296294887,0.14588893196124592,0.5219963796051768,0,True,0.029177786392249185,completed,completed,100
8617->8620,8617,8620,1,"(15750,)",0.31,1,0.31,127.0,0.564,False,6827.44,3018.7164373764986,1200.593695120283,874.3065293053021,0.0,1270.538217464707,0.18609291586080684,0.5306536501636524,0,True,0.03721858317216137,completed,completed,100
8620->8295,8620,8295,1,"(15753,)",0.31,1,0.31,127.0,0.564,False,6827.44,2493.938251090925,653.5864755939033,808.9936656418788,0.0,718.3059688452536,0.10520868273397549,0.5117335976202418,0,True,0.0210417365467951,completed,completed,100
8648->4434,8648,4434,1,"(15800,)",0.31,1,0.31,127.0,0.564,False,6827.44,5701.947901258147,8693.355756696295,1849.6206680017233,0.0,8841.325410136433,1.2949693311309118,0.5949071773386699,0,True,0.25899386622618237,completed,completed,100
8735->5803,8735,5803,1,"(15878,)",0.31,1,0.31,127.0,0.564,False,6827.44,2366.105803283194,842.4396754559926,661.6610904243239,0.0,895.3725626899386,0.13114323416828835,0.5176648374401331,0,True,0.026228646833657672,completed,completed,100
8744->5972,8744,5972,1,"(15899,)",0.31,1,0.31,127.0,0.564,False,6827.44,1817.71116932941,600.6137004130386,508.3072585790961,0.0,641.2782810993663,0.09392660808434293,0.5049390299293197,0,True,0.018785321616868588,completed,completed,100
8790->5840,8790,5840,1,"(16043,)",0.31,1,0.31,127.0,0.564,False,6827.44,2560.1247073050345,684.4947064277225,830.4634930544365,0.0,750.9317858720774,0.10998731382071134,0.5133301896027034,0,True,0.02199746276414227,completed,completed,100
8963->12498,8963,12498,1,"(16475,)",0.31,1,0.31,76.2,0.637,False,6827.44,4185.481192800423,628.0061657404431,883.1103724234343,0.0,698.6549955343178,0.10233044824038261,0.4571414210411333,0,True,0.020466089648076523,completed,completed,100
8998->6236,8998,6236,1,"(16591,)",0.31,1,0.31,177.8,0.509,False,6827.44,1323.3831691967953,1213.559664035373,549.360415045757,0.0,1257.5084972390337,0.1841844816269398,0.5744796696661907,0,True,0.03683689632538796,completed,completed,100
9000->9009,9000,9009,1,"(16600,)",0.31,1,0.31,152.4,0.509,False,6827.44,1979.5386016771436,1475.7902700710308,547.8283101114147,0.0,1519.616534879944,0.22257486479265204,0.5675257583141047,0,True,0.04451497295853041,completed,completed,100
9009->9000,9009,9000,1,"(16630,)",0.31,1,0.31,152.4,0.509,False,6827.44,2144.331490601494,1630.998433963262,593.4339930626426,0.0,1678.4731534082734,0.24584224151486847,0.5713341122775026,0,True,0.0491684483029737,completed,completed,100
10347->6386,10347,6386,1,"(19119,)",0.32,1,0.32,152.4,0.509,False,7047.68,3733.3291648291633,4362.37647307204,1213.6151966440514,0.0,4459.465688803564,0.6327565509222275,0.6062480930921315,0,True,0.12655131018444551,completed,completed,100
10363->4481,10363,4481,1,"(19182,)",0.16,2,0.32,127.0,0.564,False,7047.68,3950.7561187718848,637.979331502762,590.5816003832715,0.0,685.2258595334237,0.09722715269896244,0.5153561564191341,0,True,0.019445430539792488,completed,completed,100
10573->5921,10573,5921,1,"(20112,)",0.32,1,0.32,127.0,0.564,False,7047.68,4719.105314138823,4573.40426997785,1362.22670364548,0.0,4682.3824062694885,0.6643863521427602,0.5740603028398028,0,True,0.13287727042855205,completed,completed,100
10803->8890,10803,8890,1,"(21169,)",0.32,1,0.32,88.9,0.637,False,7047.68,2857.8001591497223,348.7440397236826,622.4288746628096,0.0,398.53834969670737,0.05654887135861835,0.4448887942481069,0,True,0.011309774271723671,completed,completed,100
12593->12594,12593,12594,1,"(26685,)",0.32,1,0.32,127.0,0.564,False,7047.68,6593.399986663676,19367.27920483052,1533.1852768988604,0.0,19489.934026982428,2.765439694620418,0.6198528266145935,0,True,0.5530879389240836,completed,completed,100
12594->12593,12594,12593,1,"(26689,)",0.32,1,0.32,127.0,0.564,False,7047.68,5806.145700710913,11310.380691457338,1350.122413605311,0.0,11418.390484545762,1.6201630159918954,0.6026642716299907,0,True,0.3240326031983791,completed,completed,100
4481->10363,4481,10363,1,"(6922,)",0.16,2,0.32,127.0,0.564,False,7047.68,3588.001729017816,568.1215236483856,536.3550013206062,0.0,611.0299237540341,0.08669944205100602,0.5109242511498994,0,True,0.017339888410201204,completed,completed,100
5152->5116,5152,5116,1,"(8970,)",0.32,1,0.32,127.0,0.564,False,7047.68,2801.2722564371597,839.8812759520397,938.0004125234702,0.0,914.9213089539173,0.12981879270255137,0.5201424908881906,0,True,0.025963758540510275,completed,completed,100
5232->5243,5232,5243,1,"(9185,)",0.16,2,0.32,127.0,0.564,False,7047.68,4212.60501063802,692.3851541320884,629.7242690188035,0.0,742.7630956535927,0.10539114937874487,0.5184354962229871,0,True,0.021078229875748977,completed,completed,100
5243->5232,5243,5232,1,"(9227,)",0.16,2,0.32,127.0,0.564,False,7047.68,5344.359905444093,986.4359655144699,798.9054578652427,0.0,1050.3484021436893,0.14903463297761665,0.5312593717347738,0,True,0.029806926595523333,completed,completed,100
5921->10573,5921,10573,1,"(10485,)",0.32,1,0.32,127.0,0.564,False,7047.68,4131.565081994338,2909.599739926453,1192.6261246341724,0.0,3005.0098298971866,0.4263828422824513,0.5595050092776537,0,True,0.08527656845649027,completed,completed,100
6386->10347,6386,10347,1,"(11288,)",0.32,1,0.32,152.4,0.509,False,7047.68,2971.579055249041,2546.4128797579756,965.9886230911641,0.0,2623.6919696052687,0.3722773976124439,0.5880867757290753,0,True,0.07445547952248878,completed,completed,100
8800->9631,8800,9631,1,"(16082,)",0.16,2,0.32,127.0,0.564,False,7047.68,4152.592426781871,858.0158154444662,543.1590894230687,0.0,901.4685425983116,0.12790997074190535,0.5239958331391924,0,True,0.02558199414838107,completed,completed,100
8890->10803,8890,10803,1,"(16254,)",0.32,1,0.32,88.9,0.637,False,7047.68,3889.299520987125,795.306247992363,847.089435670996,0.0,863.0734028460427,0.12246205884007824,0.4710468000270919,0,True,0.02449241176801565,completed,completed,100
8986->5834,8986,5834,1,"(16546,)",0.32,1,0.32,127.0,0.564,False,7047.68,2987.530450658439,964.8691504020973,1000.368596342077,0.0,1044.8986381094635,0.14826136233618203,0.5247664003968752,0,True,0.02965227246723641,completed,completed,100
9190->12120,9190,12120,1,"(17136,)",0.32,1,0.32,127.0,0.564,False,7047.68,1653.7236334753686,659.4478323602774,432.6141025171565,0.0,694.0569605616499,0.09848020349414983,0.5062429982268906,0,True,0.019696040698829968,completed,completed,100
9631->8800,9631,8800,1,"(17589,)",0.16,2,0.32,127.0,0.564,False,7047.68,5597.189503142972,1312.4986957716421,732.1123870111009,0.0,1371.06768673253,0.19454170545946042,0.5396327568171064,0,True,0.03890834109189209,completed,completed,100
10364->9345,10364,9345,1,"(19188,)",0.33,1,0.33,127.0,0.564,False,7267.92,2584.9794836162987,1371.038638823451,619.8780801711886,0.0,1420.628885237146,0.19546567453097255,0.5322609849296895,0,True,0.03909313490619451,completed,completed,100
10546->5116,10546,5116,1,"(19985,)",0.33,1,0.33,127.0,0.564,False,7267.92,1086.176758784788,437.7760755173637,293.02333510116625,0.0,461.21794232545705,0.06345941374223396,0.4896051489403534,0,True,0.012691882748446792,completed,completed,100
10550->5037,10550,5037,1,"(20003,)",0.33,1,0.33,127.0,0.564,False,7267.92,3534.5630018187226,1533.6887229687052,1220.527019284027,0.0,1631.3308845114273,0.22445636227578555,0.5397560130340902,0,True,0.044891272455157116,completed,completed,100
10980->12235,10980,12235,1,"(21971,)",0.33,1,0.33,88.9,0.637,False,7267.92,2841.7123769756886,552.5760099584361,567.3478760631964,0.0,597.9638400434918,0.08227441139191018,0.45679480974692394,0,True,0.016454882278382037,completed,completed,100
11065->3935,11065,3935,1,"(22339,)",0.33,1,0.33,63.5,0.637,False,7267.92,4191.593834103729,577.1843535249809,941.4581726011609,0.0,652.5010073330737,0.0897782319195965,0.446673567236186,0,True,0.0179556463839193,completed,completed,100
12235->10980,12235,10980,1,"(25514,)",0.33,1,0.33,88.9,0.637,False,7267.92,3401.186660401998,786.0410016299265,679.046916749259,0.0,840.3647549698672,0.11562658297970634,0.4687979094639649,0,True,0.02312531659594127,completed,completed,100
2458->7517,2458,7517,1,"(3309,)",0.33,1,0.33,127.0,0.564,False,7267.92,1996.0374116470746,666.5170653661897,615.4068488309597,0.0,715.7496132726665,0.0984806675462397,0.5092014275469332,0,True,0.01969613350924794,completed,completed,100
5037->10550,5037,10550,1,"(8678,)",0.33,1,0.33,127.0,0.564,False,7267.92,3263.581884833936,1232.466740675651,1126.9539878157761,0.0,1322.623059700913,0.1819809601235172,0.5326903151036082,0,True,0.03639619202470344,completed,completed,100
7517->2458,7517,2458,1,"(13564,)",0.33,1,0.33,127.0,0.564,False,7267.92,1878.0898471353719,618.546760710695,579.0419297267944,0.0,664.8701150888386,0.09148010917688122,0.5063613301100527,0,True,0.018296021835376246,completed,completed,100
7563->8322,7563,8322,1,"(13713,)",0.33,1,0.33,127.0,0.564,False,7267.92,3187.030188934205,1434.7452266559126,982.6069362511146,0.0,1513.3537815560016,0.20822378088311397,0.5364105129050998,0,True,0.0416447561766228,completed,completed,100
8891->12313,8891,12313,1,"(16258,)",0.33,1,0.33,88.9,0.637,False,7267.92,3286.7609833955275,729.5334575296931,656.2018303349172,0.0,782.0296039564865,0.10760019427243098,0.46630106878007627,0,True,0.021520038854486195,completed,completed,100
9345->10364,9345,10364,1,"(17365,)",0.33,1,0.33,127.0,0.564,False,7267.92,2434.146671015275,1259.5786121717824,583.7083717094631,0.0,1306.2752819085395,0.17973165388564258,0.5291271261485483,0,True,0.03594633077712852,completed,completed,100
10359->4329,10359,4329,1,"(19171,)",0.34,1,0.34,127.0,0.564,False,7488.160000000001,3200.6132238817186,1208.2987675399065,1138.7013703397424,0.0,1299.394877167086,0.17352659093383233,0.531954657468561,0,True,0.03470531818676647,completed,completed,100
10545->5105,10545,5105,1,"(19978,)",0.34,1,0.34,127.0,0.564,False,7488.160000000001,2552.0466383267635,746.4946721066366,907.9569447973429,0.0,819.131227690424,0.10939018766832224,0.5158618843216253,0,True,0.02187803753366445,completed,completed,100
10853->12521,10853,12521,1,"(21398,)",0.34,1,0.34,152.4,0.509,False,7488.160000000001,1870.2569898447616,933.4846080030627,851.5110051400487,0.0,1001.6054884142666,0.13375855863313102,0.554595868213855,0,True,0.026751711726626205,completed,completed,100
12521->10853,12521,10853,1,"(26423,)",0.34,1,0.34,152.4,0.509,False,7488.160000000001,1519.6959551883763,728.9886434518028,691.9037529794933,0.0,784.3409436901622,0.10474414858792576,0.5451150962775104,0,True,0.020948829717585153,completed,completed,100
3956->11056,3956,11056,1,"(5802,)",0.34,1,0.34,76.2,0.637,False,7488.160000000001,5174.892249196274,2435.390292330471,1008.4503179933752,0.0,2516.0663177699407,0.33600595042973713,0.4972956764541793,0,True,0.06720119008594742,completed,completed,100
4329->10359,4329,10359,1,"(6468,)",0.34,1,0.34,127.0,0.564,False,7488.160000000001,3834.9356311754505,2028.4211910368647,1364.3780591170773,0.0,2137.571435766231,0.2854601712258059,0.5486293461526089,0,True,0.05709203424516118,completed,completed,100
4550->7025,4550,7025,1,"(7107,)",0.34,1,0.34,127.0,0.564,False,7488.160000000001,2488.5468953779364,1160.7852665312635,691.6916095702976,0.0,1216.1205952968874,0.16240579732496196,0.5272559203386098,0,True,0.032481159464992394,completed,completed,100
4554->4642,4554,4642,1,"(7121,)",0.17,2,0.34,127.0,0.564,False,7488.160000000001,2507.0274172549416,408.2005974192789,398.18758321486354,0.0,440.055604076468,0.05876685381675444,0.49733364875273567,0,True,0.011753370763350889,completed,completed,100
5335->10556,5335,10556,1,"(9457,)",0.34,1,0.34,127.0,0.564,False,7488.160000000001,3115.4481585028548,779.3811453971551,1259.547368226718,0.0,880.1449348552926,0.11753821163747737,0.5201569330773483,0,True,0.023507642327495474,completed,completed,100
5507->5518,5507,5518,1,"(9784,)",0.34,1,0.34,127.0,0.564,False,7488.160000000001,2968.58402780171,1010.5920508327697,1056.1509510751812,0.0,1095.0841269187842,0.14624208442645245,0.5260823417578945,0,True,0.029248416885290493,completed,completed,100
5518->5507,5518,5507,1,"(9799,)",0.34,1,0.34,127.0,0.564,False,7488.160000000001,1938.2075194886368,492.34026657125634,689.5677184535894,0.0,547.5056840475435,0.07311618395541006,0.5009735844688565,0,True,0.014623236791082012,completed,completed,100
5896->5902,5896,5902,1,"(10453,)",0.34,1,0.34,127.0,0.564,False,7488.160000000001,3171.658274120537,1181.2114694333861,1128.3998941335085,0.0,1271.4834609640668,0.1697991844410465,0.5312142842699821,0,True,0.0339598368882093,completed,completed,100
5902->5896,5902,5896,1,"(10459,)",0.34,1,0.34,127.0,0.564,False,7488.160000000001,2644.5795275780047,796.9170100496756,940.8779260035925,0.0,872.187244129963,0.11647550855349818,0.5181028769028713,0,True,0.023295101710699637,completed,completed,100
6724->6892,6724,6892,1,"(11899,)",0.34,1,0.34,127.0,0.564,False,7488.160000000001,2727.2128136151,1085.8842917006896,866.3186303363625,0.0,1155.1897821275986,0.1542688433644044,0.5267360129927607,0,True,0.030853768672880883,completed,completed,100
7025->4550,7025,4550,1,"(12424,)",0.34,1,0.34,127.0,0.564,False,7488.160000000001,1893.0721414047478,816.1376287473446,526.1794017034498,0.0,858.2319808836206,0.11461186471491268,0.5139834083874654,0,True,0.022922372942982536,completed,completed,100
7472->12573,7472,12573,1,"(13437,)",0.34,1,0.34,127.0,0.564,False,7488.160000000001,2037.952160402203,704.9825469535751,647.3700605529057,0.0,756.7721517978076,0.10106249756920359,0.5110729433903421,0,True,0.02021249951384072,completed,completed,100
7547->12591,7547,12591,1,"(13659,)",0.34,1,0.34,177.8,0.509,False,7488.160000000001,946.3270602248483,1131.3972043758033,338.52822735843466,0.0,1158.4794625644781,0.1547081609586972,0.5684042161689365,0,True,0.03094163219173944,completed,completed,100
8380->8381,8380,8381,1,"(15380,)",0.34,1,0.34,177.8,0.509,False,7488.160000000001,645.1811695149537,769.7495989932547,230.79973808319937,0.0,788.2135780399107,0.10526131626993955,0.5528627954868375,0,True,0.021052263253987912,completed,completed,100
10121->10605,10121,10605,1,"(18612,)",0.35,1,0.35,177.8,0.509,False,7708.4,1632.514176436409,1716.8889891505617,765.1297124198097,0.0,1778.0993661441464,0.23067035521562795,0.5869991016555457,0,True,0.04613407104312559,completed,completed,100
10567->8772,10567,8772,1,"(20083,)",0.35,1,0.35,127.0,0.564,False,7708.4,3833.4423696560957,2441.0579332618768,1253.5356548775435,0.0,2541.3407856520803,0.32968460194749627,0.553736971647214,0,True,0.06593692038949926,completed,completed,100
10589->6865,10589,6865,1,"(20191,)",0.35,1,0.35,203.2,0.463,False,7708.4,640.3027908240008,1094.5502592733446,401.1496984512364,0.0,1126.6422351494436,0.14615772860119397,0.5963609859931073,0,True,0.029231545720238797,completed,completed,100
10605->10121,10605,10121,1,"(20271,)",0.35,1,0.35,177.8,0.509,False,7708.4,955.0788964052615,980.1818111012808,447.6281136743023,0.0,1015.992060195225,0.1318032354568036,0.5646288555979156,0,True,0.026360647091360725,completed,completed,100
10809->12313,10809,12313,1,"(21196,)",0.35,1,0.35,88.9,0.637,False,7708.4,3355.2837477255184,808.9686533853748,710.4813335808786,0.0,865.807160071845,0.11231995745833702,0.46953035868111426,0,True,0.022463991491667404,completed,completed,100
10973->12041,10973,12041,1,"(21941,)",0.35,1,0.35,63.5,0.637,False,7708.4,3205.266068644241,422.9696935187082,610.8435810318763,0.0,471.8371800012583,0.06121078044746748,0.43418474856717026,0,True,0.012242156089493497,completed,completed,100
12313->10809,12313,10809,1,"(25760,)",0.35,1,0.35,88.9,0.637,False,7708.4,3975.68565308657,1235.8531772255856,841.8514370410812,0.0,1303.201292188872,0.16906248925702766,0.48345469411966535,0,True,0.03381249785140553,completed,completed,100
2068->6909,2068,6909,1,"(2277,)",0.35,1,0.35,177.8,0.509,False,7708.4,1094.2278260463006,1125.6543187776572,512.8446870165185,0.0,1166.6818937389787,0.15135201776490306,0.5701942705909392,0,True,0.030270403552980614,completed,completed,100
2551->7437,2551,7437,1,"(3548,)",0.35,1,0.35,127.0,0.564,False,7708.4,3284.3262303189367,1629.3341120446703,1073.9746773142924,0.0,1715.2520862298136,0.22251726509130476,0.5404375094753517,0,True,0.044503453018260954,completed,completed,100
4433->7451,4433,7451,1,"(6777,)",0.35,1,0.35,228.6,0.463,False,7708.4,322.52417177505134,1155.0838178668762,151.54604521280223,0.0,1167.2075014839004,0.15142020412587573,0.6068789750169132,0,True,0.03028404082517515,completed,completed,100
4446->12551,4446,12551,1,"(6822,)",0.35,1,0.35,177.8,0.509,False,7708.4,578.4383838985643,764.502856509137,186.38369301181552,0.0,779.4135519500823,0.10111223495797861,0.551342746415543,0,True,0.020222446991595724,completed,completed,100
5019->5017,5019,5017,1,"(8613,)",0.35,1,0.35,127.0,0.564,False,7708.4,4672.816571748995,4697.167763687606,1528.0110189619215,0.0,4819.408645204559,0.6252151737331431,0.574805235301826,0,True,0.12504303474662862,completed,completed,100
5839->9016,5839,9016,1,"(10359,)",0.35,1,0.35,127.0,0.564,False,7708.4,3048.9493691068355,1105.853536949872,1116.6472169416875,0.0,1195.185314305207,0.15504972683114615,0.5289566082562643,0,True,0.03100994536622923,completed,completed,100
6145->6142,6145,6142,1,"(10858,)",0.35,1,0.35,127.0,0.564,False,7708.4,2241.525882071526,881.7047326266118,707.7038267671344,0.0,938.3210387679825,0.12172708198432652,0.5184587013424349,0,True,0.024345416396865306,completed,completed,100
6379->6386,6379,6386,1,"(11262,)",0.35,1,0.35,152.4,0.509,False,7708.4,2117.0659499726503,1570.1997996541243,779.6095360774285,0.0,1632.5685625403185,0.21179084667898895,0.5703755277471954,0,True,0.04235816933579779,completed,completed,100
6386->6379,6386,6379,1,"(11286,)",0.35,1,0.35,152.4,0.509,False,7708.4,1461.5354253493715,1017.5893606241855,538.210420384906,0.0,1060.646194254978,0.1375961540987725,0.5536002465280049,0,True,0.0275192308197545,completed,completed,100
6743->6750,6743,6750,1,"(11967,)",0.35,1,0.35,127.0,0.564,False,7708.4,3323.319031077305,2059.279156277181,922.0699711679943,0.0,2133.0447539706206,0.2767169262065566,0.5470060067600845,0,True,0.05534338524131132,completed,completed,100
6750->6743,6750,6743,1,"(11983,)",0.35,1,0.35,127.0,0.564,False,7708.4,3480.8382006327874,2280.3338906650506,965.7743807573881,0.0,2357.5958411256415,0.30584762611250604,0.5504678943505696,0,True,0.061169525222501214,completed,completed,100
6865->10589,6865,10589,1,"(12109,)",0.35,1,0.35,203.2,0.463,False,7708.4,943.7668622923709,1618.4470787760622,591.2699392261703,0.0,1665.748673914156,0.2160952563325925,0.6121345368948587,0,True,0.0432190512665185,completed,completed,100
6909->2068,6909,2068,1,"(12225,)",0.35,1,0.35,177.8,0.509,False,7708.4,1045.4339473987816,1074.446517654789,489.9758832558563,0.0,1113.6445883152576,0.14447156197333527,0.5683234137017024,0,True,0.028894312394667054,completed,completed,100
6918->12840,6918,12840,1,"(12260,)",0.35,1,0.35,127.0,0.564,False,7708.4,2200.045962378802,603.9754462442754,805.7448332616126,0.0,668.4350329052045,0.08671514619184326,0.5082433651503147,0,True,0.01734302923836865,completed,completed,100
7438->2552,7438,2552,1,"(13345,)",0.35,1,0.35,127.0,0.564,False,7708.4,3479.122155771979,1874.1858955008647,1137.6729449374373,0.0,1965.1997310958598,0.25494262507081367,0.5450841393663792,0,True,0.05098852501416273,completed,completed,100
7451->4433,7451,4433,1,"(13370,)",0.35,1,0.35,228.6,0.463,False,7708.4,341.30060949176743,1222.342313799069,160.3686238849442,0.0,1235.1718037098644,0.16023711843052574,0.6091654946134849,0,True,0.03204742368610515,completed,completed,100
7477->12269,7477,12269,1,"(13453,)",0.35,1,0.35,88.9,0.637,False,7708.4,3729.954440231574,837.2884204137251,861.6194756934937,0.0,906.2179784692046,0.11756239666716889,0.47203101105443374,0,True,0.02351247933343378,completed,completed,100
8772->10567,8772,10567,1,"(15983,)",0.35,1,0.35,127.0,0.564,False,7708.4,3580.919227608639,2019.6424141835353,1170.960587428025,0.0,2113.319261177777,0.27415796548930743,0.5475452430679656,0,True,0.05483159309786149,completed,completed,100
8970->8591,8970,8591,1,"(16493,)",0.35,1,0.35,88.9,0.637,False,7708.4,4229.431445664376,745.9009136992142,1151.4627110821264,0.0,838.0179305857844,0.10871489940659337,0.4710908971526532,0,True,0.021742979881318677,completed,completed,100
9016->5839,9016,5839,1,"(16655,)",0.35,1,0.35,127.0,0.564,False,7708.4,2982.0745863185866,1050.9759813323058,1092.1549964933192,0.0,1138.3483810517714,0.14767635061125156,0.5272760027334518,0,True,0.029535270122250313,completed,completed,100
10591->4392,10591,4392,1,"(20198,)",0.36,1,0.36,127.0,0.564,False,7928.639999999999,3566.533353043362,1717.6411677765573,1343.5273802248464,0.0,1825.123358194545,0.23019374800653644,0.5431700960000689,0,True,0.04603874960130729,completed,completed,100
10856->8566,10856,8566,1,"(21410,)",0.36,1,0.36,63.5,0.637,False,7928.639999999999,5046.3656515534285,1592.578045080173,1236.4857437718788,0.0,1691.4969045819234,0.21334010682562501,0.4768238416347095,0,True,0.04266802136512501,completed,completed,100
10874->10868,10874,10868,1,"(21492,)",0.36,1,0.36,88.9,0.637,False,7928.639999999999,2930.6200428309717,729.7935869150868,604.6948850481339,0.0,778.1691777189376,0.09814661502085321,0.4649049718530347,0,True,0.019629323004170644,completed,completed,100
11777->12381,11777,12381,1,"(24304,)",0.18,2,0.36,63.5,0.637,False,7928.639999999999,4881.552029777665,251.9169449552419,478.4409144385089,0.0,290.1922181103226,0.03660050375730549,0.42444153833665,0,True,0.007320100751461098,completed,completed,100
12459->12460,12459,12460,1,"(26227,)",0.36,1,0.36,127.0,0.564,False,7928.639999999999,2975.632726888035,1644.4106615730075,875.7287115231487,0.0,1714.4689584948594,0.2162374579366524,0.5393482117494972,0,True,0.04324749158733048,completed,completed,100
4051->6763,4051,6763,1,"(5999,)",0.36,1,0.36,127.0,0.564,False,7928.639999999999,3556.9989264980877,1573.259364897825,1395.7663787578497,0.0,1684.920675198453,0.2125106796623952,0.5407797686759884,0,True,0.04250213593247904,completed,completed,100
4392->10591,4392,10591,1,"(6641,)",0.36,1,0.36,127.0,0.564,False,7928.639999999999,3184.31279995313,1263.1331474043066,1199.5433689935437,0.0,1359.09661692379,0.17141610880602348,0.5332257726604147,0,True,0.0342832217612047,completed,completed,100
4613->4550,4613,4550,1,"(7312,)",0.18,2,0.36,127.0,0.564,False,7928.639999999999,3523.5642522653093,625.8043421503874,592.5628339666746,0.0,673.2093688677213,0.08490855542283687,0.5135866842797248,0,True,0.016981711084567374,completed,completed,100
4988->8484,4988,8484,1,"(8509,)",0.36,1,0.36,127.0,0.564,False,7928.639999999999,2027.9167967930332,741.7826945786258,682.0753294813596,0.0,796.3487209371345,0.10043951055125906,0.5125238989071934,0,True,0.020087902110251812,completed,completed,100
6763->4051,6763,4051,1,"(12021,)",0.36,1,0.36,127.0,0.564,False,7928.639999999999,2949.3397456331095,947.315725511171,1157.3209161864322,0.0,1039.9013988060856,0.13115760064854573,0.5244846136045085,0,True,0.026231520129709147,completed,completed,100
7522->12238,7522,12238,1,"(13583,)",0.18,2,0.36,88.9,0.637,False,7928.639999999999,3265.909169640174,366.5431233881874,328.2992386835214,0.0,392.80706248286907,0.04954280462763716,0.4459166146527125,0,True,0.009908560925527433,completed,completed,100
8566->10856,8566,10856,1,"(15664,)",0.36,1,0.36,63.5,0.637,False,7928.639999999999,5471.432295914422,2386.2299607010036,1340.6376983064313,0.0,2493.480976565518,0.31449037622663134,0.48917000420295453,0,True,0.06289807524532627,completed,completed,100
10352->4051,10352,4051,1,"(19141,)",0.37,1,0.37,127.0,0.564,False,8148.88,3417.993205125324,1895.282971154077,1181.5514225374657,0.0,1989.807084957074,0.24418166483701736,0.5452585499796254,0,True,0.04883633296740347,completed,completed,100
10557->5499,10557,5499,1,"(20035,)",0.37,1,0.37,127.0,0.564,False,8148.88,3305.155535992425,1839.9650166986105,1103.1469470337202,0.0,1928.2167724613082,0.2366235326156856,0.543963781716136,0,True,0.047324706523137125,completed,completed,100
10587->6675,10587,6675,1,"(20180,)",0.37,1,0.37,228.6,0.463,False,8148.88,596.4536068679687,2281.2614585480046,284.42248115663205,0.0,2304.0152570405353,0.28274011361567913,0.6336544503743884,0,True,0.05654802272313583,completed,completed,100
10849->8958,10849,8958,1,"(21377,)",0.37,1,0.37,76.2,0.637,False,8148.88,5071.078364022343,1916.902066843093,1459.4925751539447,0.0,2033.6614728554086,0.2495633108912401,0.49078600459317373,0,True,0.049912662178248024,completed,completed,100
11084->12439,11084,12439,1,"(22428,)",0.37,1,0.37,63.5,0.637,False,8148.88,4310.196637150683,961.8451788613862,914.0565952669077,0.0,1034.9697064827387,0.1270076018400981,0.4605962591717606,0,True,0.025401520368019622,completed,completed,100
12127->12112,12127,12112,1,"(25198,)",0.37,1,0.37,127.0,0.564,False,8148.88,2852.3827925783457,659.6786382345927,1254.944705723833,0.0,760.0742146924993,0.09327345778714366,0.5148655336990571,0,True,0.018654691557428733,completed,completed,100
12183->6996,12183,6996,1,"(25369,)",0.37,1,0.37,177.8,0.509,False,8148.88,743.4738475093492,894.9714380419248,324.1605453048563,0.0,920.9042816663133,0.11300992058618034,0.5589999501344085,0,True,0.02260198411723607,completed,completed,100
12641->2894,12641,2894,1,"(26851,)",0.37,1,0.37,127.0,0.564,False,8148.88,2223.1640191279057,1326.2065835411008,566.2749782616534,0.0,1371.5085818020332,0.1683063907926038,0.5295783584825613,0,True,0.03366127815852076,completed,completed,100
2032->7470,2032,7470,1,"(2196,)",0.37,1,0.37,127.0,0.564,False,8148.88,2841.8802520569343,1273.4259070297037,982.3974048467672,0.0,1352.017699417445,0.1659145427859344,0.5318315354467072,0,True,0.033182908557186884,completed,completed,100
2894->12641,2894,12641,1,"(4504,)",0.37,1,0.37,127.0,0.564,False,8148.88,2186.6278248301883,1299.1941504570252,556.9686326867463,0.0,1343.751641071965,0.1649001630987283,0.5287938911027784,0,True,0.03298003261974566,completed,completed,100
4051->10352,4051,10352,1,"(6000,)",0.37,1,0.37,127.0,0.564,False,8148.88,3528.284639459629,2053.844957965175,1219.677595794916,0.0,2151.4191656287685,0.2640140934249576,0.547911724645017,0,True,0.052802818684991516,completed,completed,100
5232->8711,5232,8711,1,"(9186,)",0.37,1,0.37,127.0,0.564,False,8148.88,2594.980987422655,1344.5925954756917,784.9168741706676,0.0,1407.3859454093451,0.17270912633507243,0.5320264434275982,0,True,0.034541825267014485,completed,completed,100
5499->10557,5499,10557,1,"(9764,)",0.37,1,0.37,127.0,0.564,False,8148.88,3815.46464631534,2652.981909341931,1273.470531193636,0.0,2754.859551837422,0.3380660350670794,0.5560693668529659,0,True,0.06761320701341587,completed,completed,100
5528->5540,5528,5540,1,"(9828,)",0.37,1,0.37,127.0,0.564,False,8148.88,2978.5816407401767,1108.1001706312302,1153.2114966820927,0.0,1200.3570903657976,0.1473033214829274,0.5288296335255993,0,True,0.029460664296585483,completed,completed,100
5540->5528,5540,5528,1,"(9841,)",0.37,1,0.37,127.0,0.564,False,8148.88,2716.252866351049,912.9323585102788,1051.6461897594031,0.0,997.0640536910311,0.12235596225383501,0.5223451838039129,0,True,0.024471192450767003,completed,completed,100
5796->5884,5796,5884,1,"(10243,)",0.37,1,0.37,127.0,0.564,False,8148.88,3665.0538186854,1915.1718294515806,1418.9915568727893,0.0,2028.6911540014037,0.2489533719973056,0.5465909742450291,0,True,0.049790674399461124,completed,completed,100
5884->5796,5884,5796,1,"(10443,)",0.37,1,0.37,127.0,0.564,False,8148.88,3100.2563178586224,1216.0842378792188,1200.3200380726873,0.0,1312.1098409250337,0.1610172000231975,0.5318950344443094,0,True,0.032203440004639504,completed,completed,100
6047->6236,6047,6236,1,"(10712,)",0.37,1,0.37,152.4,0.509,False,8148.88,1904.6445155082251,1039.9256913861584,943.6820976337615,0.0,1115.4202591968592,0.13688019202600346,0.5579725741624502,0,True,0.027376038405200694,completed,completed,100
6236->6047,6236,6047,1,"(10953,)",0.37,1,0.37,152.4,0.509,False,8148.88,1285.6881016561267,660.909160591472,637.011702076005,0.0,711.8700967575523,0.08735802917180673,0.540431577147221,0,True,0.017471605834361345,completed,completed,100
6675->10587,6675,10587,1,"(11786,)",0.37,1,0.37,228.6,0.463,False,8148.88,660.1230735782557,2525.38230701711,314.7836483742326,0.0,2550.5649988870487,0.3129957735157529,0.6377621096329089,0,True,0.06259915470315058,completed,completed,100
6708->8327,6708,8327,1,"(11877,)",0.37,1,0.37,127.0,0.564,False,8148.88,3739.0393124445686,2402.541792630929,1292.5324754647668,0.0,2505.9443906681104,0.30752009977666994,0.5530507773052816,0,True,0.06150401995533399,completed,completed,100
6726->6896,6726,6896,1,"(11907,)",0.37,1,0.37,127.0,0.564,False,8148.88,3397.9483780189653,1119.3950224532537,1494.9737245691442,0.0,1238.9929204187852,0.1520445656849512,0.5312009450099361,0,True,0.03040891313699024,completed,completed,100
6742->7587,6742,7587,1,"(11965,)",0.37,1,0.37,127.0,0.564,False,8148.88,2367.680463859738,1177.138441611858,716.1641483059744,0.0,1234.431573476336,0.15148481429059404,0.5271546816195891,0,True,0.03029696285811881,completed,completed,100
6835->6706,6835,6706,1,"(12075,)",0.37,1,0.37,228.6,0.463,False,8148.88,164.7201328344088,645.3792115329595,72.80569285714284,0.0,651.203666961531,0.07991327237136035,0.5823572445044946,0,True,0.015982654474272072,completed,completed,100
6896->6726,6896,6726,1,"(12193,)",0.37,1,0.37,127.0,0.564,False,8148.88,3118.474338413235,850.6457876302343,1372.015309834972,0.0,960.4070124170321,0.11785754759145209,0.5227442035505966,0,True,0.02357150951829042,completed,completed,100
8351->8352,8351,8352,1,"(15313,)",0.37,1,0.37,177.8,0.509,False,8148.88,1468.3231939594725,1934.7303910429678,571.6077313856085,0.0,1980.4590095538165,0.2430345040734207,0.589028263724561,0,True,0.04860690081468414,completed,completed,100
8352->8351,8352,8351,1,"(15316,)",0.37,1,0.37,177.8,0.509,False,8148.88,1572.930934140688,2082.558952426628,612.3307774400116,0.0,2131.545414621829,0.2615752612164897,0.5919500548641419,0,True,0.052315052243297945,completed,completed,100
8647->5530,8647,5530,1,"(15797,)",0.37,1,0.37,127.0,0.564,False,8148.88,2444.191260409939,753.6924204054292,946.3126419103953,0.0,829.3974317582608,0.10178054306337322,0.515758974239366,0,True,0.020356108612674645,completed,completed,100
8711->5232,8711,5232,1,"(15839,)",0.37,1,0.37,127.0,0.564,False,8148.88,2400.796053668936,1200.0998344376044,726.1807863335115,0.0,1258.1942973442854,0.15440088666715981,0.5278691718512292,0,True,0.030880177333431964,completed,completed,100
8791->6071,8791,6071,1,"(16049,)",0.37,1,0.37,127.0,0.564,False,8148.88,2391.596415698789,726.9486835505026,925.9496010732688,0.0,801.0246516363641,0.09829874186837505,0.5144943375556329,0,True,0.019659748373675012,completed,completed,100
8958->10849,8958,10849,1,"(16466,)",0.37,1,0.37,76.2,0.637,False,8148.88,4595.982432661378,1172.1686898615003,1322.7565725658924,0.0,1277.9892156667718,0.15683004482416868,0.47599141065688605,0,True,0.031366008964833735,completed,completed,100
9003->9004,9003,9004,1,"(16608,)",0.37,1,0.37,152.4,0.509,False,8148.88,1793.2334535146895,963.6081231011419,888.4819677273099,0.0,1034.6866805193267,0.1269728699550523,0.5550971086374531,0,True,0.02539457399101046,completed,completed,100
9004->9003,9004,9003,1,"(16613,)",0.37,1,0.37,152.4,0.509,False,8148.88,1550.1403773432778,811.2951615792019,768.0381882325997,0.0,872.73821663781,0.1070991616808457,0.548483891272471,0,True,0.02141983233616914,completed,completed,100
9010->10342,9010,10342,1,"(16635,)",0.37,1,0.37,177.8,0.509,False,8148.88,1197.4972259052354,1305.4766505326386,593.3163300823749,0.0,1352.9419569392285,0.16602796420357502,0.5755511634858673,0,True,0.033205592840715004,completed,completed,100
10344->8993,10344,8993,1,"(19107,)",0.38,1,0.38,152.4,0.509,False,8369.12,3098.3630280725706,2897.8441707634856,1387.4221770666727,0.0,3008.8379449288195,0.3595166451106949,0.5925892266104242,0,True,0.07190332902213899,completed,completed,100
10358->1898,10358,1898,1,"(19166,)",0.19,2,0.38,127.0,0.564,False,8369.12,3923.415069618973,751.102517762429,696.4622236440766,0.0,806.8194956539551,0.09640434067786756,0.5201022156738198,0,True,0.019280868135573514,completed,completed,100
10612->7451,10612,7451,1,"(20305,)",0.38,1,0.38,228.6,0.463,False,8369.12,437.72787018261556,1840.8273606770188,148.8712486491075,0.0,1852.7370605689473,0.2213777626045447,0.6238476408045358,0,True,0.044275552520908944,completed,completed,100
10637->2090,10637,2090,1,"(20413,)",0.19,2,0.38,127.0,0.564,False,8369.12,4099.135665553353,1002.7991618353756,636.6982472520746,0.0,1053.7350216155414,0.12590750540266377,0.528462930078529,0,True,0.025181501080532756,completed,completed,100
10653->2888,10653,2888,1,"(20490,)",0.38,1,0.38,88.9,0.637,False,8369.12,4212.735582084264,917.7473730702825,1202.285681778007,0.0,1013.930227612523,0.12115135493487045,0.47667383143456393,0,True,0.02423027098697409,completed,completed,100
10809->8511,10809,8511,1,"(21193,)",0.38,1,0.38,88.9,0.637,False,8369.12,4034.9296372306676,1539.142715163869,878.8076749888395,0.0,1609.4473291629763,0.1923078327426272,0.4898502065754063,0,True,0.03846156654852544,completed,completed,100
12218->12319,12218,12319,1,"(25461,)",0.38,1,0.38,127.0,0.564,False,8369.12,1808.5697386016482,976.0540188967963,513.6751444997506,0.0,1017.1480304567763,0.12153584014290346,0.5185017495706561,0,True,0.024307168028580694,completed,completed,100
2022->7132,2022,7132,1,"(2165,)",0.38,1,0.38,127.0,0.564,False,8369.12,2847.633912752141,1312.8045907421606,1010.9913999959458,0.0,1393.6839027418362,0.16652693505910252,0.5327500660755087,0,True,0.0333053870118205,completed,completed,100
2090->10637,2090,10637,1,"(2329,)",0.19,2,0.38,127.0,0.564,False,8369.12,3859.3924865978893,932.8570208069486,599.4601379808172,0.0,980.813831845414,0.11719438027479759,0.5256884419364569,0,True,0.02343887605495952,completed,completed,100
4449->4454,4449,4454,1,"(6833,)",0.38,1,0.38,107.95,0.564,False,8369.12,1812.42134494176,133.04451473619457,720.6767242318821,0.0,190.69865267474515,0.02278598618190982,0.45646949496039624,0,True,0.004557197236381964,completed,completed,100
6186->8399,6186,8399,1,"(10873,)",0.38,1,0.38,127.0,0.564,False,8369.12,3214.3616479443817,1683.9711010079707,1141.1902239244826,0.0,1775.2663189219293,0.2121210257377035,0.5412187247948615,0,True,0.0424242051475407,completed,completed,100
6389->8811,6389,8811,1,"(11297,)",0.19,2,0.38,177.8,0.509,False,8369.12,2238.7586397065575,1613.509316619053,391.6008628091714,0.0,1644.8373856437865,0.19653648001746735,0.5881390987224391,0,True,0.039307296003493475,completed,completed,100
6477->7389,6477,7389,1,"(11534,)",0.19,2,0.38,19.05,0.742,False,8369.12,244.69703334061978,6.381344331606351e-06,31.434075000000004,0.0,2.514732381344332,0.00030047751512038683,0.1949107403700013,2,False,0.00045071627268058025,completed,completed,100
6556->6563,6556,6563,1,"(11610,)",0.19,2,0.38,177.8,0.509,False,8369.12,1777.8406193972135,1187.095335853401,355.4030386790701,0.0,1215.5275789477266,0.1452395925674057,0.5766933513655135,0,True,0.029047918513481142,completed,completed,100
6563->6556,6563,6556,1,"(11617,)",0.19,2,0.38,177.8,0.509,False,8369.12,1662.7576857129582,1109.7124469658722,332.39713821463255,0.0,1136.3042180230427,0.13577344069902722,0.5739737526332227,0,True,0.027154688139805445,completed,completed,100
6759->6761,6759,6761,1,"(12011,)",0.38,1,0.38,127.0,0.564,False,8369.12,3354.192771874508,2206.751113611616,1041.979984582816,0.0,2290.109512378241,0.2736380303279486,0.5492058766181265,0,True,0.05472760606558972,completed,completed,100
6761->6759,6761,6759,1,"(12017,)",0.38,1,0.38,127.0,0.564,False,8369.12,3773.819006240055,2928.2990410558787,1172.3368742884734,0.0,3022.0859909989567,0.36109961274291164,0.5586852433055266,0,True,0.07221992254858232,completed,completed,100
7189->7190,7189,7190,1,"(12763,)",0.38,1,0.38,127.0,0.564,False,8369.12,3523.8902127775273,2102.562383099589,1251.0817081135303,0.0,2202.6489197486717,0.26318763737987644,0.5485933956734901,0,True,0.05263752747597529,completed,completed,100
7190->7189,7190,7189,1,"(12765,)",0.38,1,0.38,127.0,0.564,False,8369.12,3327.9572655613956,1824.6830593251268,1181.5199137675972,0.0,1919.2046524265345,0.22931976748171065,0.5439003193590354,0,True,0.04586395349634213,completed,completed,100
7424->4348,7424,4348,1,"(13300,)",0.19,2,0.38,127.0,0.564,False,8369.12,3536.5210348403984,983.8021658650862,488.2756708769644,0.0,1022.8642195352434,0.12221884971600877,0.5259757324041633,0,True,0.024443769943201757,completed,completed,100
7450->8311,7450,8311,1,"(13366,)",0.38,1,0.38,177.8,0.509,False,8369.12,1115.6960858547902,1246.6852864001246,567.7270246330548,0.0,1292.103448370769,0.1543894039481772,0.5734214975126589,0,True,0.030877880789635444,completed,completed,100
7451->10612,7451,10612,1,"(13373,)",0.38,1,0.38,228.6,0.463,False,8369.12,692.4158044648792,2913.8846311495045,235.49061509850537,0.0,2932.723880357385,0.3504220133487613,0.6424072583802549,0,True,0.07008440266975226,completed,completed,100
7865->2844,7865,2844,1,"(14679,)",0.38,1,0.38,127.0,0.564,False,8369.12,2538.5722591182,826.4836089840301,1009.4175645376881,0.0,907.2370141470451,0.10840291621425491,0.5188202579746601,0,True,0.021680583242850982,completed,completed,100
8311->7450,8311,7450,1,"(15264,)",0.38,1,0.38,177.8,0.509,False,8369.12,962.417822197675,1072.484298948747,489.7306834517515,0.0,1111.662753624887,0.13282910910882947,0.5673696356071194,0,True,0.026565821821765895,completed,completed,100
8399->6186,8399,6186,1,"(15405,)",0.38,1,0.38,127.0,0.564,False,8369.12,4201.7387753955645,3521.8212852527886,1491.7373149447226,0.0,3641.160270448366,0.4350708641348631,0.5653625322448184,0,True,0.08701417282697263,completed,completed,100
8475->8926,8475,8926,1,"(15519,)",0.19,2,0.38,127.0,0.564,False,8369.12,3703.3191132546885,889.0823734395254,575.2180412662846,0.0,935.0998167408281,0.11173215544057535,0.5238292075869538,0,True,0.02234643108811507,completed,completed,100
8511->10809,8511,10809,1,"(15591,)",0.38,1,0.38,88.9,0.637,False,8369.12,4684.41265480586,2415.5436670048107,1020.2650762167165,0.0,2497.164873102148,0.29837842844912577,0.5044540986559968,0,True,0.059675685689825154,completed,completed,100
8648->8649,8648,8649,1,"(15802,)",0.19,2,0.38,127.0,0.564,False,8369.12,3160.747008635127,584.3217177432107,561.0777475614299,0.0,629.2079375481251,0.07518209053617644,0.5104074427815221,0,True,0.01503641810723529,completed,completed,100
8993->10344,8993,10344,1,"(16574,)",0.38,1,0.38,152.4,0.509,False,8369.12,2473.953239574515,1885.7174232379118,1107.8164690555511,0.0,1974.3427407623558,0.2359080453813968,0.5776884489399636,0,True,0.047181609076279364,completed,completed,100
9989->11200,9989,11200,1,"(18341,)",0.38,1,0.38,63.5,0.637,False,8369.12,4656.644696550375,1184.5351894070868,1070.5626157369313,0.0,1270.1801986660414,0.1517698633388028,0.46748665713427795,0,True,0.030353972667760562,completed,completed,100
10284->12358,10284,12358,1,"(18854,)",0.39,1,0.39,88.9,0.637,False,8589.36,4378.109063270675,2269.2690020135624,885.4412858388993,0.0,2340.104304880674,0.2724422197789677,0.5017977083674184,0,True,0.054488443955793546,completed,completed,100
10352->4136,10352,4136,1,"(19142,)",0.39,1,0.39,127.0,0.564,False,8589.36,3187.2467287585973,1695.8638776396092,1161.3416437673827,0.0,1788.7712091409999,0.20825430639081371,0.5413502669665513,0,True,0.04165086127816275,completed,completed,100
10917->12752,10917,12752,1,"(21688,)",0.39,1,0.39,88.9,0.637,False,8589.36,3019.870161010981,479.96115825237274,801.6056600518588,0.0,544.0896110565214,0.06334460437756963,0.45467172962422964,0,True,0.012668920875513925,completed,completed,100
12358->10284,12358,10284,1,"(25925,)",0.39,1,0.39,88.9,0.637,False,8589.36,2747.3823616245822,874.2572116100902,555.638458478846,0.0,918.7082882883979,0.10695887566575366,0.46910273709627637,0,True,0.021391775133150732,completed,completed,100
12358->12359,12358,12359,1,"(25926,)",0.39,1,0.39,88.9,0.637,False,8589.36,3085.127660019647,700.3931969473085,748.7340391353969,0.0,760.2919200781403,0.08851554947960502,0.46477889080401136,0,True,0.017703109895921006,completed,completed,100
12462->12461,12462,12461,1,"(26239,)",0.39,1,0.39,127.0,0.564,False,8589.36,2024.9001386902517,1059.0947146444519,626.02549015071,0.0,1109.1767538565086,0.12913380669299093,0.5222906587602885,0,True,0.025826761338598188,completed,completed,100
12752->10917,12752,10917,1,"(27222,)",0.39,1,0.39,88.9,0.637,False,8589.36,4058.041976144426,1117.9119060930386,1077.1818798051872,0.0,1204.0864564774536,0.1401834893958867,0.48134197797277073,0,True,0.02803669787917734,completed,completed,100
2426->6386,2426,6386,1,"(3224,)",0.39,1,0.39,152.4,0.509,False,8589.36,2146.5930576862465,1844.1118696636843,850.4505612751849,0.0,1912.147914565699,0.2226182060788812,0.5751960394663468,0,True,0.04452364121577624,completed,completed,100
4136->10352,4136,10352,1,"(6104,)",0.39,1,0.39,127.0,0.564,False,8589.36,2756.6786276483062,1269.5736245028338,1004.4549296685387,0.0,1349.9300188763168,0.15716305043406223,0.5314541404705676,0,True,0.031432610086812446,completed,completed,100
6051->8791,6051,8791,1,"(10721,)",0.39,1,0.39,127.0,0.564,False,8589.36,3630.3688805560178,1961.4594598959102,1481.5390186793888,0.0,2079.982581390261,0.24215803987610965,0.5472249818659375,0,True,0.04843160797522193,completed,completed,100
6386->2426,6386,2426,1,"(11285,)",0.39,1,0.39,152.4,0.509,False,8589.36,4199.08007439809,7579.227018186346,1663.6176071306697,0.0,7712.3164267568,0.8978918600171374,0.6237179972772076,0,True,0.1795783720034275,completed,completed,100
6725->6726,6725,6726,1,"(11904,)",0.39,1,0.39,127.0,0.564,False,8589.36,3516.206467438432,1326.9394077460342,1630.6247665179028,0.0,1457.3893890674665,0.16967380445894298,0.5363688388647188,0,True,0.033934760891788596,completed,completed,100
6726->6725,6726,6725,1,"(11905,)",0.39,1,0.39,127.0,0.564,False,8589.36,3112.644899150397,891.5667988301159,1443.4749235950917,0.0,1007.0447927177232,0.11724328619567967,0.5241239458675647,0,True,0.023448657239135934,completed,completed,100
7020->7021,7020,7021,1,"(12404,)",0.39,1,0.39,127.0,0.564,False,8589.36,2875.320255917127,1675.4809291807503,916.7239805927782,0.0,1748.8188476281725,0.20360292823076137,0.5395604549379936,0,True,0.040720585646152274,completed,completed,100
7021->7020,7021,7020,1,"(12410,)",0.39,1,0.39,127.0,0.564,False,8589.36,2997.5718255246707,1805.7137296053322,955.7008372729033,0.0,1882.1697965871645,0.21912806036621638,0.5421850925896591,0,True,0.04382561207324328,completed,completed,100
8381->9635,8381,9635,1,"(15383,)",0.39,1,0.39,177.8,0.509,False,8589.36,1165.0361606349466,1603.2232907947928,478.05594514282694,0.0,1641.467766406219,0.1911047815444013,0.5809616794209186,0,True,0.03822095630888026,completed,completed,100
9630->6213,9630,6213,1,"(17584,)",0.39,1,0.39,127.0,0.564,False,8589.36,3087.9770654711706,1269.7339580107337,1260.191088510523,0.0,1370.5492450915756,0.15956360486597088,0.5331387891215973,0,True,0.03191272097319418,completed,completed,100
9635->8381,9635,8381,1,"(17601,)",0.39,1,0.39,177.8,0.509,False,8589.36,986.5934032523571,1353.652210569041,404.83450883312975,0.0,1386.0389712756914,0.16136696695396296,0.574154750606717,0,True,0.0322733933907926,completed,completed,100
10122->7040,10122,7040,1,"(18614,)",0.4,1,0.4,203.2,0.463,False,8809.6,425.8623567834436,973.3581586031372,228.68808559270917,0.0,991.653205450554,0.11256506600192448,0.5881544845970915,0,True,0.022513013200384898,completed,completed,100
10165->10612,10165,10612,1,"(18699,)",0.4,1,0.4,203.2,0.463,False,8809.6,1570.214849871897,3684.0055571663875,843.2053743812086,0.0,3751.4619871168843,0.42583794804723074,0.6416673275878082,0,True,0.08516758960944615,completed,completed,100
10350->6750,10350,6750,1,"(19130,)",0.4,1,0.4,127.0,0.564,False,8809.6,3512.4470646161735,2660.762442348502,1113.7650328528377,0.0,2749.863644976729,0.3121439844007366,0.5551137869827398,0,True,0.062428796880147325,completed,completed,100
10554->5530,10554,5530,1,"(20018,)",0.4,1,0.4,127.0,0.564,False,8809.6,3400.504678990879,1666.8417391995777,1423.3152384384223,0.0,1780.7069582746515,0.2021325551982668,0.5419227039132231,0,True,0.04042651103965336,completed,completed,100
10568->8788,10568,8788,1,"(20087,)",0.4,1,0.4,127.0,0.564,False,8809.6,5123.675446475365,7064.3261598511035,2144.565594876729,0.0,7235.891407441241,0.8213643533691928,0.5878194331410441,0,True,0.16427287067383856,completed,completed,100
10580->4408,10580,4408,1,"(20145,)",0.4,1,0.4,127.0,0.564,False,8809.6,3455.7381002977922,1743.1252441365073,1446.433739260644,0.0,1858.8399432773588,0.21100162814172707,0.5433668812758369,0,True,0.042200325628345414,completed,completed,100
10585->6303,10585,6303,1,"(20171,)",0.4,1,0.4,127.0,0.564,False,8809.6,2657.9129309403934,1221.8266038300437,993.3000324771527,0.0,1301.290606428216,0.14771279132176443,0.5299726704202908,0,True,0.029542558264352887,completed,completed,100
10591->4394,10591,4394,1,"(20199,)",0.4,1,0.4,127.0,0.564,False,8809.6,3329.4519096102085,1574.3290916258213,1393.575391286449,0.0,1685.8151229287373,0.19136114272256824,0.5400748815420507,0,True,0.03827222854451365,completed,completed,100
10607->2847,10607,2847,1,"(20278,)",0.4,1,0.4,228.6,0.463,False,8809.6,605.0186804075263,2679.189329814149,216.59668758589436,0.0,2696.5170648210205,0.3060884790252702,0.6384573804083795,0,True,0.06121769580505404,completed,completed,100
10612->10165,10612,10165,1,"(20306,)",0.4,1,0.4,203.2,0.463,False,8809.6,653.4682661241704,1494.5563238069876,350.91245890867947,0.0,1522.6293205196819,0.17283750913999293,0.605478327834691,0,True,0.03456750182799859,completed,completed,100
10622->7561,10622,7561,1,"(20344,)",0.4,1,0.4,127.0,0.564,False,8809.6,3416.3499750489786,1232.4365958844423,1624.9402790414779,0.0,1362.4318182077607,0.15465308506717224,0.5340647881536829,0,True,0.03093061701343445,completed,completed,100
10875->12550,10875,12550,1,"(21496,)",0.4,1,0.4,127.0,0.564,False,8809.6,1878.101261833065,951.3400127057881,614.1391126194123,0.0,1000.4711417153411,0.11356601227244609,0.5184246832160924,0,True,0.02271320245448922,completed,completed,100
12038->8278,12038,8278,1,"(24872,)",0.4,1,0.4,63.5,0.637,False,8809.6,4340.574304251881,991.1529818668498,1022.0292794227673,0.0,1072.9153242206712,0.1217893348416127,0.46173608894338697,0,True,0.02435786696832254,completed,completed,100
12259->8442,12259,8442,1,"(25601,)",0.4,1,0.4,88.9,0.637,False,8809.6,3070.3378357740908,511.62187913350647,835.8994757894963,0.0,578.4938371966662,0.06566630008135059,0.45666142557851425,0,True,0.013133260016270118,completed,completed,100
12260->10793,12260,10793,1,"(25605,)",0.4,1,0.4,63.5,0.637,False,8809.6,4969.816033715726,1639.3293003720014,1353.0324151791065,0.0,1747.57189358633,0.1983713101146851,0.47762063033042745,0,True,0.03967426202293702,completed,completed,100
12593->1954,12593,1954,1,"(26684,)",0.2,2,0.4,127.0,0.564,False,8809.6,5806.145700710913,1992.0588363441602,843.8265085033195,0.0,2059.564957024426,0.23378643264443627,0.5520521533531939,0,True,0.046757286528887256,completed,completed,100
12758->12840,12758,12840,1,"(27248,)",0.4,1,0.4,127.0,0.564,False,8809.6,2270.9065050279582,958.4578106685976,848.6702024504485,0.0,1026.3514268646336,0.11650374896302143,0.5212484292566381,0,True,0.023300749792604287,completed,completed,100
12840->12758,12840,12758,1,"(27543,)",0.4,1,0.4,127.0,0.564,False,8809.6,2371.8453272708352,1020.4084182675882,886.3924823057865,0.0,1091.3198168520512,0.12387847539639156,0.5235348256422424,0,True,0.024775695079278313,completed,completed,100
12879->2584,12879,2584,1,"(27673,)",0.2,2,0.4,88.9,0.637,False,8809.6,3327.5884327599606,441.1885252212863,362.3743803275597,0.0,470.17847564749104,0.05337114916085759,0.4514224247958703,0,True,0.01067422983217152,completed,completed,100
1909->1910,1909,1910,1,"(1788,)",0.4,1,0.4,127.0,0.564,False,8809.6,1257.5526446805036,765.6075739546259,346.29028615623133,0.0,793.3107968471244,0.09005071704130997,0.507204584111843,0,True,0.018010143408261996,completed,completed,100
1910->1909,1910,1909,1,"(1792,)",0.4,1,0.4,127.0,0.564,False,8809.6,2466.038055548918,1641.3423049598398,679.0690056122073,0.0,1695.6678254088165,0.1924795479259917,0.5369752277511829,0,True,0.03849590958519834,completed,completed,100
1954->12593,1954,12593,1,"(1955,)",0.2,2,0.4,127.0,0.564,False,8809.6,6593.399986663676,2516.979167969053,958.2407980617876,0.0,2593.638431813996,0.29441046492621636,0.5602502418490692,0,True,0.05888209298524327,completed,completed,100
2056->7461,2056,7461,1,"(2253,)",0.4,1,0.4,127.0,0.564,False,8809.6,2298.998576614408,975.289755447852,859.1686109176131,0.0,1044.023244321261,0.11850972170373922,0.5218865182167777,0,True,0.023701944340747846,completed,completed,100
2847->10607,2847,10607,1,"(4352,)",0.4,1,0.4,228.6,0.463,False,8809.6,1232.4279637314708,5499.451209601207,441.2092110158664,0.0,5534.747946482476,0.6282632521888027,0.6674539862207344,0,True,0.12565265043776055,completed,completed,100
4394->10591,4394,10591,1,"(6646,)",0.4,1,0.4,127.0,0.564,False,8809.6,3565.0951436975542,1906.2330111761728,1492.2062233460485,0.0,2025.6095090438566,0.2299320637763186,0.5462446617735728,0,True,0.045986412755263724,completed,completed,100
4408->10580,4408,10580,1,"(6699,)",0.4,1,0.4,127.0,0.564,False,8809.6,3623.712912154262,2000.7006079095572,1516.741276511288,0.0,2122.0399100304603,0.24087812273320697,0.5477963882636391,0,True,0.0481756245466414,completed,completed,100
4447->4448,4447,4448,1,"(6823,)",0.4,1,0.4,127.0,0.564,False,8809.6,2311.0080432838336,982.57929114738,863.6567201757871,0.0,1051.671828761443,0.11937793188810424,0.522158843341886,0,True,0.02387558637762085,completed,completed,100
4448->4447,4448,4447,1,"(6827,)",0.4,1,0.4,127.0,0.564,False,8809.6,2173.9939988922547,902.6132681117059,812.4526144431626,0.0,967.6094772671589,0.1098358015423128,0.5190328657975343,0,True,0.02196716030846256,completed,completed,100
4451->4452,4451,4452,1,"(6839,)",0.4,1,0.4,88.9,0.637,False,8809.6,2592.5107540819067,80.42960340908344,806.6412031986276,0.0,144.96089966497365,0.016454878730586365,0.41406352809627733,0,True,0.0032909757461172732,completed,completed,100
4565->4567,4565,4567,1,"(7153,)",0.08,5,0.4,127.0,0.564,False,8809.6,1668.9981404027267,258.611668729562,67.17075592759282,0.0,263.9853292037694,0.029965643071622937,0.4778403956869949,0,True,0.005993128614324588,completed,completed,100
5037->5024,5037,5024,1,"(8675,)",0.4,1,0.4,127.0,0.564,False,8809.6,2832.6762174810106,1368.372598681046,1058.6115692757605,0.0,1453.0615242231067,0.1649406924517693,0.533925000884536,0,True,0.03298813849035386,completed,completed,100
5161->5159,5161,5159,1,"(8993,)",0.2,2,0.4,177.8,0.509,False,8809.6,1204.0494324335332,909.3988022643294,221.69560174682428,0.0,927.1344504040754,0.10524137876907866,0.564449758552347,0,True,0.021048275753815734,completed,completed,100
5795->8769,5795,8769,1,"(10242,)",0.4,1,0.4,127.0,0.564,False,8809.6,2383.8037618397875,781.7116631682845,997.7649025556615,0.0,861.5328553727375,0.09779477562803503,0.51660859518422,0,True,0.019558955125607007,completed,completed,100
6263->8652,6263,8652,1,"(10998,)",0.4,1,0.4,177.8,0.509,False,8809.6,1742.3061054982745,2518.983066539312,733.2619695425595,0.0,2577.6440241027167,0.2925948992125314,0.5986787440384389,0,True,0.058518979842506286,completed,completed,100
6303->10585,6303,10585,1,"(11058,)",0.4,1,0.4,127.0,0.564,False,8809.6,2409.677241284552,1044.7290961733404,900.5308090286269,0.0,1116.7715608956305,0.1267675673010841,0.5243880894223534,0,True,0.02535351346021682,completed,completed,100
6722->6724,6722,6724,1,"(11893,)",0.4,1,0.4,127.0,0.564,False,8809.6,3456.1998335531443,1743.7796599837434,1446.6270023320042,0.0,1859.5098201703038,0.2110776675638285,0.5433789815758835,0,True,0.042215533512765704,completed,completed,100
6724->6722,6724,6722,1,"(11898,)",0.4,1,0.4,127.0,0.564,False,8809.6,3173.085698092529,1391.211306708768,1328.1267497936092,0.0,1497.4614466922567,0.16998064006223398,0.5360508912522862,0,True,0.0339961280124468,completed,completed,100
6750->10350,6750,10350,1,"(11986,)",0.4,1,0.4,127.0,0.564,False,8809.6,3526.9546288375777,2686.323927916476,1118.3652495804974,0.0,2775.7931478829155,0.31508730792350564,0.5554360151298396,0,True,0.06301746158470113,completed,completed,100
6761->6917,6761,6917,1,"(12018,)",0.4,1,0.4,127.0,0.564,False,8809.6,3094.3616848607285,1631.1416081542668,1156.407166799381,0.0,1723.6541814982172,0.1956563500610944,0.5399324784013961,0,True,0.03913127001221888,completed,completed,100
6917->6761,6917,6761,1,"(12252,)",0.4,1,0.4,127.0,0.564,False,8809.6,3627.3218770640296,2388.959291629192,1355.582004342786,0.0,2497.405851976615,0.2834868611488166,0.55261929953799,0,True,0.05669737222976332,completed,completed,100
7461->2056,7461,2056,1,"(13396,)",0.4,1,0.4,127.0,0.564,False,8809.6,3562.4454439688707,2276.8915324144323,1331.336754488938,0.0,2383.3984727735474,0.27054559489347385,0.5510420806156919,0,True,0.054109118978694776,completed,completed,100
7564->7562,7564,7562,1,"(13715,)",0.2,2,0.4,152.4,0.509,False,8809.6,4522.636123332942,1638.3840566164413,1110.3071682782372,0.0,1727.2086300787003,0.19605982451855933,0.5803132844398744,0,True,0.03921196490371187,completed,completed,100
7586->7587,7586,7587,1,"(13792,)",0.4,1,0.4,127.0,0.564,False,8809.6,3986.8975554840804,3137.7387739761193,1489.960572163765,0.0,3256.9356197492207,0.36970300805362566,0.5614952859447453,0,True,0.07394060161072513,completed,completed,100
7587->7586,7587,7586,1,"(13797,)",0.4,1,0.4,127.0,0.564,False,8809.6,4281.541563948395,3945.9803921114662,1600.0732473270004,0.0,4073.986251897626,0.4624484939041075,0.568886628349876,0,True,0.09248969878082151,completed,completed,100
8278->12038,8278,12038,1,"(15222,)",0.4,1,0.4,63.5,0.637,False,8809.6,3872.4072192889366,627.8962349679464,911.7949106606817,0.0,700.8398278208009,0.07955410323065756,0.4479194845725938,0,True,0.015910820646131512,completed,completed,100
8349->8351,8349,8351,1,"(15307,)",0.4,1,0.4,152.4,0.509,False,8809.6,1761.9306964229056,1431.8937802893322,741.5211188088399,0.0,1491.2154697940393,0.16927164341105605,0.5656995021733416,0,True,0.033854328682211214,completed,completed,100
8351->8349,8351,8349,1,"(15312,)",0.4,1,0.4,152.4,0.509,False,8809.6,2509.691273898508,2291.722267262816,1056.221498986429,0.0,2376.21998718173,0.26973074681957526,0.5833184883895511,0,True,0.05394614936391506,completed,completed,100
8399->8398,8399,8398,1,"(15406,)",0.2,2,0.4,127.0,0.564,False,8809.6,3801.5904944616686,760.6978132050612,710.3543381079804,0.0,817.5261602536996,0.09279946424964806,0.5201475748332046,0,True,0.018559892849929614,completed,completed,100
8652->6263,8652,6263,1,"(15809,)",0.4,1,0.4,177.8,0.509,False,8809.6,1724.2550336076538,2489.8625146304657,725.6650470011639,0.0,2547.915718390559,0.2892203639655102,0.5982225264057515,0,True,0.057844072793102046,completed,completed,100
8769->5795,8769,5795,1,"(15970,)",0.4,1,0.4,127.0,0.564,False,8809.6,2828.1579626440844,1070.778176135799,1183.7537968443082,0.0,1165.4784798833437,0.13229641299075368,0.5273939970031585,0,True,0.026459282598150738,completed,completed,100
8788->10568,8788,10568,1,"(16039,)",0.4,1,0.4,127.0,0.564,False,8809.6,3478.1410051331345,1775.2036143273267,1455.810699108525,0.0,1891.6684702560087,0.21472807735379684,0.5439544877769665,0,True,0.04294561547075937,completed,completed,100
9117->10776,9117,10776,1,"(16970,)",0.4,1,0.4,63.5,0.637,False,8809.6,4372.414753985675,938.9785802431677,1058.1243704645333,0.0,1023.6285298803303,0.11619466603254748,0.46042711899931604,0,True,0.023238933206509497,completed,completed,100
10445->5164,10445,5164,1,"(19558,)",0.41,1,0.41,88.9,0.637,False,9029.84,5387.954151847556,3567.1882653419584,1503.5422807865095,0.0,3687.471647804879,0.40836511475340415,0.5174965767850159,0,True,0.08167302295068084,completed,completed,100
10611->7554,10611,7554,1,"(20301,)",0.41,1,0.41,177.8,0.509,False,9029.84,958.3145972164543,1152.1545309801115,526.1408497244848,0.0,1194.2457989580703,0.1322554772795609,0.5694392888457384,0,True,0.026451095455912184,completed,completed,100
10857->8590,10857,8590,1,"(21417,)",0.41,1,0.41,88.9,0.637,False,9029.84,4450.094053605397,1123.6849835017022,1419.2303528530526,0.0,1237.2234117299463,0.1370149871680945,0.4831490249060168,0,True,0.0274029974336189,completed,completed,100
11062->12355,11062,12355,1,"(22327,)",0.41,1,0.41,63.5,0.637,False,9029.84,5175.35233791022,2084.268080572212,1283.74614741863,0.0,2186.9677723657023,0.2421934134343136,0.48468836770597434,0,True,0.04843868268686272,completed,completed,100
12349->6334,12349,6334,1,"(25901,)",0.41,1,0.41,88.9,0.637,False,9029.84,3665.0792517100663,1300.982746920524,861.274334261067,0.0,1369.8846936614095,0.15170641934534937,0.48404191375252037,0,True,0.030341283869069875,completed,completed,100
4438->4439,4438,4439,1,"(6793,)",0.41,1,0.41,127.0,0.564,False,9029.84,2468.828069781378,849.5049145876791,1059.1864938098859,0.0,934.2398340924699,0.10346139401057713,0.5193826104461353,0,True,0.020692278802115428,completed,completed,100
5164->10445,5164,10445,1,"(9004,)",0.41,1,0.41,88.9,0.637,False,9029.84,4544.362755502218,1775.947184818087,1268.1328291901157,0.0,1877.3978111532963,0.2079104182525157,0.49569532155530693,0,True,0.04158208365050314,completed,completed,100
7554->10611,7554,10611,1,"(13681,)",0.41,1,0.41,177.8,0.509,False,9029.84,839.2789140758064,1007.65847070046,460.78701325254707,0.0,1044.5214317606637,0.11567441192320835,0.5640389899541866,0,True,0.02313488238464167,completed,completed,100
8590->10857,8590,10857,1,"(15692,)",0.41,1,0.41,88.9,0.637,False,9029.84,4241.031376881302,885.6745728952725,1352.5557853312375,0.0,993.8790357217715,0.11006607378666416,0.47615701169919816,0,True,0.022013214757332835,completed,completed,100
10560->8768,10560,8768,1,"(20048,)",0.42,1,0.42,127.0,0.564,False,9250.08,2770.0731032403714,1077.5141446750783,1217.4138879969044,0.0,1174.9072557148306,0.12701590210190947,0.5274057810146635,0,True,0.025403180420381893,completed,completed,100
10623->10889,10623,10889,1,"(20351,)",0.42,1,0.42,152.4,0.509,False,9250.08,3840.524571821473,5654.106030746681,1900.783145282458,0.0,5806.168682369278,0.6276884829503396,0.6143550783847094,0,True,0.12553769659006794,completed,completed,100
10876->10877,10876,10877,1,"(21500,)",0.42,1,0.42,177.8,0.509,False,9250.08,1072.827777956607,1471.2925004697206,530.9725064885075,0.0,1513.7703009888012,0.1636494280037363,0.5776712479729689,0,True,0.032729885600747265,completed,completed,100
10877->10876,10877,10876,1,"(21507,)",0.42,1,0.42,177.8,0.509,False,9250.08,1248.9918058830422,1719.6453858444038,618.1610165020822,0.0,1769.0982671645704,0.19125221264730363,0.5839316474244864,0,True,0.03825044252946073,completed,completed,100
10889->10623,10889,10623,1,"(21562,)",0.42,1,0.42,152.4,0.509,False,9250.08,3189.344161906528,3423.0760273808314,1578.4957273640741,0.0,3549.355685569957,0.3837108095897503,0.5977864141140864,0,True,0.07674216191795007,completed,completed,100
10905->7483,10905,7483,1,"(21630,)",0.21,2,0.42,127.0,0.564,False,9250.08,2222.7747346330543,708.578317816547,321.3430337415828,0.0,734.2857605158737,0.07938155783689153,0.5111285999306618,0,True,0.015876311567378308,completed,completed,100
12464->6255,12464,6255,1,"(26244,)",0.42,1,0.42,127.0,0.564,False,9250.08,2699.7566824484315,1317.8404485192477,1059.3845221927645,0.0,1402.5912102946688,0.1516301707979465,0.5323570397506674,0,True,0.030326034159589302,completed,completed,100
12569->8319,12569,8319,1,"(26596,)",0.21,2,0.42,127.0,0.564,False,9250.08,2721.415320010635,549.5807684755708,533.9416857860866,0.0,592.2961033384578,0.06403145738614777,0.5069923639433176,0,True,0.012806291477229554,completed,completed,100
12588->7527,12588,7527,1,"(26667,)",0.42,1,0.42,152.4,0.509,False,9250.08,1757.383713897524,1604.5827107059688,724.8153389598948,0.0,1662.5679378227603,0.17973551988985612,0.568884317056988,0,True,0.035947103977971226,completed,completed,100
5742->12367,5742,12367,1,"(10190,)",0.42,1,0.42,127.0,0.564,False,9250.08,2873.922863583449,1162.991317070514,1263.054611470563,0.0,1264.035685988159,0.1366513247440194,0.529966380144015,0,True,0.02733026494880388,completed,completed,100
6257->10847,6257,10847,1,"(10982,)",0.42,1,0.42,127.0,0.564,False,9250.08,2610.427586199521,960.8479619722932,1147.2515990036554,0.0,1052.6280898925856,0.11379664715252037,0.5235134222947665,0,True,0.022759329430504075,completed,completed,100
7527->12588,7527,12588,1,"(13601,)",0.42,1,0.42,152.4,0.509,False,9250.08,1958.3412662979126,1823.712316254263,807.6982718719111,0.0,1888.3281780040159,0.20414182126035837,0.5738255139892591,0,True,0.040828364252071675,completed,completed,100
7560->7590,7560,7590,1,"(13701,)",0.42,1,0.42,127.0,0.564,False,9250.08,3949.052283909759,2587.2129364418615,1807.876135573888,0.0,2731.8430272877727,0.29533182710720046,0.5561965719409825,0,True,0.059066365421440094,completed,completed,100
7590->7560,7590,7560,1,"(13807,)",0.42,1,0.42,127.0,0.564,False,9250.08,4244.768410692998,3359.601238680056,1943.2549784152548,0.0,3515.061636953277,0.3800033769387159,0.564432122535189,0,True,0.07600067538774319,completed,completed,100
8768->10560,8768,10560,1,"(15968,)",0.42,1,0.42,127.0,0.564,False,9250.08,3817.844692507585,2469.968400077812,1677.8969282207738,0.0,2604.200154335474,0.2815327169424993,0.5544144497756205,0,True,0.056306543388499865,completed,completed,100
8772->5798,8772,5798,1,"(15981,)",0.42,1,0.42,127.0,0.564,False,9250.08,1866.761595417894,781.5515760305792,732.5172500419817,0.0,840.1529560339377,0.09082656107124887,0.5132023459604639,0,True,0.018165312214249774,completed,completed,100
8963->8567,8963,8567,1,"(16473,)",0.42,1,0.42,63.5,0.637,False,9250.08,4758.887239461904,1385.7376224507623,1360.3874034906787,0.0,1494.5686147300166,0.16157358798302465,0.47252827381244267,0,True,0.03231471759660493,completed,completed,100
10342->6238,10342,6238,1,"(19097,)",0.43,1,0.43,152.4,0.509,False,9470.32,1701.4333232756187,1478.7427166391137,769.7648947353887,0.0,1540.3239082179448,0.16264750380324475,0.5662758534687431,0,True,0.03252950076064895,completed,completed,100
10344->9005,10344,9005,1,"(19108,)",0.43,1,0.43,177.8,0.509,False,9470.32,1303.7914562676774,1840.8061015586122,660.6467763883074,0.0,1893.6578436696768,0.19995711271315825,0.586409440869774,0,True,0.039991422542631654,completed,completed,100
10554->8717,10554,8717,1,"(20021,)",0.43,1,0.43,127.0,0.564,False,9470.32,2290.360135213236,1042.8375192667552,920.1358246066662,0.0,1116.4483852352885,0.11788919331503989,0.5238260966886678,0,True,0.02357783866300798,completed,completed,100
10573->5896,10573,5896,1,"(20109,)",0.43,1,0.43,127.0,0.564,False,9470.32,4798.531772491879,6534.8348971899795,1861.3008345657465,0.0,6683.738963955239,0.7057564014685079,0.5847589604008088,0,True,0.14115128029370158,completed,completed,100
10580->8819,10580,8819,1,"(20147,)",0.43,1,0.43,127.0,0.564,False,9470.32,3052.9402356711357,1704.513551716175,1226.49693296491,0.0,1802.6333063533677,0.19034555393623107,0.5411090752092697,0,True,0.038069110787246216,completed,completed,100
10582->6261,10582,6261,1,"(20154,)",0.43,1,0.43,177.8,0.509,False,9470.32,2680.593083589575,4736.108632231372,1212.7577522962865,0.0,4833.129252415075,0.510344872445184,0.6219487403320724,0,True,0.1020689744890368,completed,completed,100
10621->7965,10621,7965,1,"(20341,)",0.43,1,0.43,127.0,0.564,False,9470.32,3017.88050974529,1664.3969525839714,1212.4119385008153,0.0,1761.3899076640366,0.18599053755987513,0.5402994539553028,0,True,0.037198107511975026,completed,completed,100
12452->10850,12452,10850,1,"(26203,)",0.43,1,0.43,88.9,0.637,False,9470.32,5258.660193809777,2699.488085452441,1758.909149253789,0.0,2840.200817392744,0.29990547493566677,0.5095177525253973,0,True,0.05998109498713336,completed,completed,100
12742->11041,12742,11041,1,"(27188,)",0.43,1,0.43,127.0,0.564,False,9470.32,978.1851214057327,400.22387705259814,392.9788854881717,0.0,431.66218789165185,0.045580528207246625,0.4865113872376329,0,True,0.009116105641449325,completed,completed,100
1952->2457,1952,2457,1,"(1946,)",0.43,1,0.43,127.0,0.564,False,9470.32,2159.862881845834,1094.9339663985563,809.8621861769141,0.0,1159.7229412927095,0.12245868579865406,0.5243098220194151,0,True,0.02449173715973081,completed,completed,100
2825->8372,2825,8372,1,"(4284,)",0.43,1,0.43,228.6,0.463,False,9470.32,275.80004442575625,1287.615333744161,119.40935298440883,0.0,1297.1680819829137,0.13697193779966396,0.6082962059574436,0,True,0.027394387559932794,completed,completed,100
2845->7056,2845,7056,1,"(4345,)",0.43,1,0.43,152.4,0.509,False,9470.32,1634.3409318905494,1232.2163191675331,828.1401622801241,0.0,1298.467532149943,0.1371091507097905,0.5607924145676955,0,True,0.0274218301419581,completed,completed,100
5087->5085,5087,5085,1,"(8799,)",0.43,1,0.43,127.0,0.564,False,9470.32,2372.333235073328,1097.2719431582975,953.0679319533162,0.0,1173.5173777145628,0.12391528245239473,0.5256815641805226,0,True,0.024783056490478947,completed,completed,100
5796->10566,5796,10566,1,"(10246,)",0.43,1,0.43,127.0,0.564,False,9470.32,3148.367754023562,1819.9780521979774,1264.8342568378662,0.0,1921.1647927450067,0.20286165543983803,0.5433258391682311,0,True,0.04057233108796761,completed,completed,100
5837->8767,5837,8767,1,"(10351,)",0.43,1,0.43,127.0,0.564,False,9470.32,2763.6772544718974,1098.0465605574757,1243.5221080041395,0.0,1197.528329197807,0.12645067212066824,0.5279437871956933,0,True,0.02529013442413365,completed,completed,100
5896->10573,5896,10573,1,"(10454,)",0.43,1,0.43,127.0,0.564,False,9470.32,3568.397812952414,2574.423406424681,1384.1445971841074,0.0,2685.15497419941,0.2835337110255419,0.554582453996832,0,True,0.056706742205108386,completed,completed,100
6261->10582,6261,10582,1,"(10992,)",0.43,1,0.43,177.8,0.509,False,9470.32,2327.268376047358,3851.7541127273757,1052.9060833604544,0.0,3935.986599396212,0.41561284089621175,0.6143406297384035,0,True,0.08312256817924235,completed,completed,100
6918->10351,6918,10351,1,"(12259,)",0.43,1,0.43,127.0,0.564,False,9470.32,3149.622928525554,1821.5605632145446,1265.3385142285092,0.0,1922.7876443528253,0.20303301729538445,0.5433551278627229,0,True,0.04060660345907689,completed,completed,100
7056->2845,7056,2845,1,"(12509,)",0.43,1,0.43,152.4,0.509,False,9470.32,2122.4218935388926,1700.1844410056485,1075.4566425188793,0.0,1786.2209724071588,0.18861252549091886,0.5730601248460886,0,True,0.03772250509818378,completed,completed,100
7787->12224,7787,12224,1,"(14436,)",0.43,1,0.43,63.5,0.637,False,9470.32,4639.682831667019,1428.2575033275846,1551.874485417654,0.0,1552.4074621609968,0.16392344315302934,0.47337329206664125,0,True,0.03278468863060587,completed,completed,100
7965->10621,7965,10621,1,"(14909,)",0.43,1,0.43,127.0,0.564,False,9470.32,3481.7470024307436,2306.9830967620846,1398.7669886051056,0.0,2418.884455850493,0.25541739411661835,0.5512289858455457,0,True,0.051083478823323675,completed,completed,100
8372->2825,8372,2825,1,"(15357,)",0.43,1,0.43,228.6,0.463,False,9470.32,330.9104239860427,1544.941221771551,143.2697362549071,0.0,1556.4028006719436,0.16434532314345698,0.6156571948438325,0,True,0.0328690646286914,completed,completed,100
8736->5926,8736,5926,1,"(15882,)",0.43,1,0.43,127.0,0.564,False,9470.32,2927.3143326390773,822.7907197013617,1496.7624302268391,0.0,942.5317141195088,0.09952480107530778,0.5215000119596054,0,True,0.019904960215061558,completed,completed,100
8767->5837,8767,5837,1,"(15961,)",0.43,1,0.43,127.0,0.564,False,9470.32,3141.272749945561,1458.9239852307605,1413.4219563835052,0.0,1571.997741741441,0.16599204057956235,0.5373759091064543,0,True,0.03319840811591247,completed,completed,100
8788->5922,8788,5922,1,"(16037,)",0.43,1,0.43,127.0,0.564,False,9470.32,3827.912182511789,1995.1290312084407,1957.2462981199376,0.0,2151.7087350580355,0.22720549411825952,0.5488041154144718,0,True,0.04544109882365191,completed,completed,100
8801->6213,8801,6213,1,"(16084,)",0.43,1,0.43,127.0,0.564,False,9470.32,2499.509519382273,1188.0110261859124,1004.1600957724042,0.0,1268.343833847705,0.13392829744377222,0.5285455964982596,0,True,0.026785659488754443,completed,completed,100
8819->10580,8819,10580,1,"(16121,)",0.43,1,0.43,127.0,0.564,False,9470.32,3418.5300414159665,2203.4809248040146,1373.3700260671405,0.0,2313.350526889386,0.24427374438132882,0.5497112817647307,0,True,0.048854748876265765,completed,completed,100
8990->8992,8990,8992,1,"(16562,)",0.43,1,0.43,152.4,0.509,False,9470.32,852.5218783714781,622.5977913890549,431.98306603336846,0.0,657.1564366717244,0.06939115432970844,0.533596137810873,0,True,0.013878230865941688,completed,completed,100
9005->10344,9005,10344,1,"(16618,)",0.43,1,0.43,177.8,0.509,False,9470.32,2122.079486512119,3180.5157935832804,1075.2831407695287,0.0,3266.5384448448426,0.34492376655116647,0.6078259038266376,0,True,0.0689847533102333,completed,completed,100
10557->4439,10557,4439,1,"(20033,)",0.22,2,0.44,127.0,0.564,False,9690.56,2326.9619072358987,489.00264053531356,478.2903988758587,0.0,527.2658724453822,0.054410258276650914,0.5018543652055275,0,True,0.010882051655330183,completed,completed,100
10840->12402,10840,12402,1,"(21336,)",0.44,1,0.44,88.9,0.637,False,9690.56,3526.4231483745466,808.6018872320024,1056.0755723594675,0.0,893.0879330207598,0.09216061125680661,0.47098850030826844,0,True,0.018432122251361323,completed,completed,100
10905->2894,10905,2894,1,"(21629,)",0.22,2,0.44,127.0,0.564,False,9690.56,5667.875067139207,2216.0597566190445,858.4145943789359,0.0,2284.732924169359,0.2357689260650942,0.5548547106998312,0,True,0.04715378521301884,completed,completed,100
12189->6732,12189,6732,1,"(25382,)",0.22,2,0.44,127.0,0.564,False,9690.56,4714.405602854045,1391.310678861564,847.8858476733001,0.0,1459.141546675428,0.15057350108512077,0.5396006582798607,0,True,0.030114700217024157,completed,completed,100
12235->10975,12235,10975,1,"(25512,)",0.44,1,0.44,88.9,0.637,False,9690.56,3016.405450939754,819.8262225276655,802.9671310401625,0.0,884.0635930108785,0.09122936063662766,0.4689859693288193,0,True,0.018245872127325532,completed,completed,100
12250->12249,12250,12249,1,"(25566,)",0.44,1,0.44,88.9,0.637,False,9690.56,3927.8603247893784,1501.9200076601817,1045.5964184589325,0.0,1585.5677211368964,0.16361982394587066,0.4891155047125036,0,True,0.03272396478917413,completed,completed,100
12253->12254,12253,12254,1,"(25580,)",0.44,1,0.44,88.9,0.637,False,9690.56,3956.208036548463,1157.0591178538214,1184.785401745351,0.0,1251.8419499934494,0.12918159012414654,0.4822136549014701,0,True,0.02583631802482931,completed,completed,100
12254->12253,12254,12253,1,"(25584,)",0.44,1,0.44,88.9,0.637,False,9690.56,4558.412444644742,1928.6781244214978,1365.1305668599844,0.0,2037.8885697702965,0.2102962645884548,0.498152253497705,0,True,0.04205925291769096,completed,completed,100
12408->5861,12408,5861,1,"(26056,)",0.44,1,0.44,107.95,0.564,False,9690.56,3609.266403738891,1127.2974862365604,1661.7640005438454,0.0,1260.238606280068,0.13004806804561017,0.5196606869618766,0,True,0.026009613609122035,completed,completed,100
2128->9210,2128,9210,1,"(2395,)",0.44,1,0.44,127.0,0.564,False,9690.56,2400.548481281447,869.7962098723644,1105.250929557679,0.0,958.2162842369787,0.09888141492720531,0.5198251583261871,0,True,0.019776282985441065,completed,completed,100
2553->7439,2553,7439,1,"(3555,)",0.22,2,0.44,127.0,0.564,False,9690.56,5250.002623148512,1316.0566599011445,1079.1005391694398,0.0,1402.3847030346997,0.14471658015993913,0.539601772959841,0,True,0.028943316031987826,completed,completed,100
2894->10905,2894,10905,1,"(4503,)",0.22,2,0.44,127.0,0.564,False,9690.56,4945.884226627441,1812.3938977457567,749.0671816075329,0.0,1872.3192722743593,0.19321063718447223,0.5474882204377582,0,True,0.03864212743689445,completed,completed,100
4566->11148,4566,11148,1,"(7157,)",0.44,1,0.44,63.5,0.637,False,9690.56,3978.150553691755,986.978235250982,953.0853096534706,0.0,1063.2250600232596,0.10971760765355766,0.4605177967695047,0,True,0.021943521530711534,completed,completed,100
5128->5154,5128,5154,1,"(8944,)",0.22,2,0.44,127.0,0.564,False,9690.56,1649.814523399811,517.5456226257292,263.7503484741831,0.0,538.6456505036638,0.05558457411167815,0.49873678992999815,0,True,0.01111691482233563,completed,completed,100
5163->5152,5163,5152,1,"(8999,)",0.44,1,0.44,127.0,0.564,False,9690.56,3720.662708233265,2942.095473488777,1476.7695185120062,0.0,3060.2370349697376,0.3157956851791576,0.55890129938612,0,True,0.06315913703583152,completed,completed,100
6186->8398,6186,8398,1,"(10872,)",0.44,1,0.44,127.0,0.564,False,9690.56,2961.0978823894566,1300.460474929561,1363.3368426182242,0.0,1409.527422339019,0.14545366029816845,0.5335097845426051,0,True,0.02909073205963369,completed,completed,100
6256->4458,6256,4458,1,"(10975,)",0.44,1,0.44,127.0,0.564,False,9690.56,2714.939736921392,1084.621917473122,1250.0016939143998,0.0,1184.622052986274,0.12224495312822727,0.5274298593506528,0,True,0.024448990625645456,completed,completed,100
6672->12465,6672,12465,1,"(11778,)",0.44,1,0.44,152.4,0.509,False,9690.56,1767.7074886725798,1125.8894146946393,1041.533252325884,0.0,1209.2120748807101,0.12478247643899942,0.5595438887123044,0,True,0.024956495287799887,completed,completed,100
6732->12189,6732,12189,1,"(11930,)",0.22,2,0.44,127.0,0.564,False,9690.56,4881.968250989121,1461.0157705218435,878.0219899403935,0.0,1531.257529717075,0.15801538091886072,0.5414062900919299,0,True,0.031603076183772144,completed,completed,100
7080->3991,7080,3991,1,"(12551,)",0.22,2,0.44,63.5,0.637,False,9690.56,7467.278197058418,674.1527227398191,941.5844791848715,0.0,749.4794810746088,0.077341194015063,0.4570580078232644,0,True,0.0154682388030126,completed,completed,100
7559->7904,7559,7904,1,"(13697,)",0.44,1,0.44,127.0,0.564,False,9690.56,3189.9844306408745,1408.277434113331,1529.9165329353634,0.0,1530.67075674816,0.15795482993223922,0.5367566891192082,0,True,0.031590965986447846,completed,completed,100
8398->6186,8398,6186,1,"(15401,)",0.44,1,0.44,127.0,0.564,False,9690.56,3409.4019782302325,1846.7521995399409,1569.743221208851,0.0,1972.3316572366489,0.20353123629972356,0.544970516941059,0,True,0.04070624725994471,completed,completed,100
4560->4565,4560,4565,1,"(7138,)",0.09,5,0.44999999999999996,127.0,0.564,False,9910.8,1778.9056103003754,310.09950249025974,80.54337247867701,0.0,316.5429722885539,0.03193919484688965,0.48388339095082045,0,True,0.006387838969377931,completed,completed,100
10578->6282,10578,6282,1,"(20136,)",0.45,1,0.45,127.0,0.564,False,9910.800000000001,3108.699633868848,1024.8003727843368,1663.4369131774583,0.0,1157.8753258385334,0.11682965308941087,0.5282315303029999,0,True,0.023365930617882176,completed,completed,100
12325->8886,12325,8886,1,"(25807,)",0.45,1,0.45,88.9,0.637,False,9910.800000000001,2676.1870864274106,682.4871375969659,728.5919342798626,0.0,740.7744923393549,0.07474416720540772,0.4624614095226084,0,True,0.014948833441081544,completed,completed,100
12331->12332,12331,12332,1,"(25832,)",0.45,1,0.45,127.0,0.564,False,9910.800000000001,2599.157547837354,1639.3417300368153,956.1650829106667,0.0,1715.8349366696687,0.17312779358575175,0.5378974640331013,0,True,0.034625558717150354,completed,completed,100
12332->12331,12332,12331,1,"(25836,)",0.45,1,0.45,127.0,0.564,False,9910.800000000001,3598.8953626479097,3075.598113426146,1323.9436315341,0.0,3181.513603948874,0.32101481252258884,0.5596869833018217,0,True,0.06420296250451778,completed,completed,100
12332->3979,12332,3979,1,"(25833,)",0.45,1,0.45,127.0,0.564,False,9910.800000000001,2466.016569021987,1516.2298577685797,907.1858453289635,0.0,1588.8047253948966,0.16031044167926872,0.5350522745675921,0,True,0.03206208833585374,completed,completed,100
12336->5015,12336,5015,1,"(25850,)",0.45,1,0.45,127.0,0.564,False,9910.800000000001,3748.666980267324,2497.346190529771,1765.1723076682779,0.0,2638.5599751432333,0.26623077603656947,0.5546024204803723,0,True,0.0532461552073139,completed,completed,100
2698->11080,2698,11080,1,"(3920,)",0.45,1,0.45,63.5,0.637,False,9910.800000000001,5261.198435368131,2802.41544439428,1841.6073523229663,0.0,2949.744032580117,0.29762925622352554,0.4937078530292451,0,True,0.05952585124470511,completed,completed,100
2837->7002,2837,7002,1,"(4319,)",0.45,1,0.45,177.8,0.509,False,9910.800000000001,440.2593247170281,694.8869175720031,208.4470667062015,0.0,711.5626829084993,0.07179669480854212,0.5456841270951482,0,True,0.014359338961708424,completed,completed,100
3452->11098,3452,11098,1,"(4835,)",0.45,1,0.45,53.975,0.637,False,9910.800000000001,5235.391882316566,2126.7214592347336,1425.3354399606853,0.0,2240.7482944315884,0.2260915662137858,0.47918183812934245,0,True,0.04521831324275716,completed,completed,100
3979->12332,3979,12332,1,"(5883,)",0.45,1,0.45,127.0,0.564,False,9910.800000000001,3894.843801786476,3773.8389826791717,1432.8156635822,0.0,3888.4642357657476,0.3923461512456862,0.5664775781596223,0,True,0.07846923024913725,completed,completed,100
4428->6285,4428,6285,1,"(6761,)",0.45,1,0.45,127.0,0.564,False,9910.800000000001,4218.174433255766,4755.78573265153,1551.7609196339654,0.0,4879.926606222248,0.4923847324355498,0.5740582575063451,0,True,0.09847694648710997,completed,completed,100
5015->12336,5015,12336,1,"(8602,)",0.45,1,0.45,127.0,0.564,False,9910.800000000001,3874.568302355726,2775.739997706329,1824.4567222132644,0.0,2921.69653548339,0.29479926297406767,0.5579742217016478,0,True,0.05895985259481354,completed,completed,100
5344->8759,5344,8759,1,"(9464,)",0.45,1,0.45,127.0,0.564,False,9910.800000000001,3173.089556284669,1937.5784359958345,1334.057509163683,0.0,2044.303036728929,0.2062702341616145,0.5452464242189754,0,True,0.0412540468323229,completed,completed,100
5745->10829,5745,10829,1,"(10195,)",0.45,1,0.45,127.0,0.564,False,9910.800000000001,2463.4732913581256,928.9368152602248,1160.0003034347144,0.0,1021.7368395350019,0.10309327597519895,0.5220023986144713,0,True,0.02061865519503979,completed,completed,100
6282->10578,6282,10578,1,"(11039,)",0.45,1,0.45,127.0,0.564,False,9910.800000000001,3873.699436181897,2184.965012842287,2072.7813528515135,0.0,2350.787521070408,0.23719452729047177,0.5515480363357539,0,True,0.04743890545809436,completed,completed,100
6285->4428,6285,4428,1,"(11040,)",0.45,1,0.45,127.0,0.564,False,9910.800000000001,4921.918491827098,7987.966959321483,1810.6507651808938,0.0,8132.819020535954,0.820601668940545,0.5908349705491671,0,True,0.164120333788109,completed,completed,100
6376->6377,6376,6377,1,"(11251,)",0.45,1,0.45,127.0,0.564,False,9910.800000000001,3105.6245891600347,2228.57040858296,1142.4816457372478,0.0,2319.96894024194,0.23408493161419255,0.5487493925420434,0,True,0.04681698632283851,completed,completed,100
6377->6376,6377,6376,1,"(11257,)",0.45,1,0.45,127.0,0.564,False,9910.800000000001,4840.351279822005,7518.864927123183,1780.6442270645205,0.0,7661.316465288345,0.7730270477951673,0.5888877548653215,0,True,0.15460540955903346,completed,completed,100
6438->8818,6438,8818,1,"(11452,)",0.45,1,0.45,177.8,0.509,False,9910.800000000001,1583.5881670990082,2367.987521174299,839.745133249262,0.0,2435.16713183424,0.24570843240043586,0.5959580062771977,0,True,0.049141686480087175,completed,completed,100
7109->10970,7109,10970,1,"(12642,)",0.45,1,0.45,63.5,0.637,False,9910.800000000001,2675.108725260805,322.8924949627287,672.2754004174654,0.0,376.6745269961259,0.03800647041572082,0.42557206248716123,0,True,0.007601294083144164,completed,completed,100
8818->6438,8818,6438,1,"(16116,)",0.45,1,0.45,177.8,0.509,False,9910.800000000001,1539.8687454297801,2297.248039998852,816.5615983265039,0.0,2362.5729678649723,0.23838367920500586,0.5947588115940272,0,True,0.047676735841001176,completed,completed,100
10285->10819,10285,10819,1,"(18856,)",0.46,1,0.46,63.5,0.637,False,10131.04,5398.0366557780935,3096.981589945984,1423.206569655515,0.0,3210.838115518425,0.31693075099085827,0.4964937998371771,0,True,0.06338615019817166,completed,completed,100
10819->10285,10819,10285,1,"(21242,)",0.46,1,0.46,63.5,0.637,False,10131.04,5710.126019689462,3994.658618160517,1505.489751738547,0.0,4115.097798299601,0.40618710401889646,0.5044385615926892,0,True,0.0812374208037793,completed,completed,100
11862->6879,11862,6879,1,"(24601,)",0.23,2,0.46,127.0,0.564,False,10131.04,2590.469943483453,571.4836448993464,556.6549841411158,0.0,616.0160436306356,0.0608048180276295,0.5076136150744637,0,True,0.0121609636055259,completed,completed,100
12331->8476,12331,8476,1,"(25829,)",0.46,1,0.46,127.0,0.564,False,10131.04,2249.999007403563,1425.3063164438233,820.4723653179249,0.0,1490.9441056692574,0.14716594798453636,0.5321753819728915,0,True,0.029433189596907272,completed,completed,100
12462->12460,12462,12460,1,"(26238,)",0.46,1,0.46,127.0,0.564,False,10131.04,3650.1032427297896,2794.307762265252,1568.710085061186,0.0,2919.804569070147,0.2882038338680083,0.5573045932645775,0,True,0.057640766773601665,completed,completed,100
5159->10614,5159,10614,1,"(8990,)",0.23,2,0.46,177.8,0.509,False,10131.04,1259.2281429206803,1093.8228695954617,266.6336890875608,0.0,1115.1535647224666,0.11007296039917586,0.5703902681578358,0,True,0.022014592079835173,completed,completed,100
7463->7472,7463,7472,1,"(13404,)",0.23,2,0.46,127.0,0.564,False,10131.04,1737.6163197130088,379.7150118899269,373.3889240160441,0.0,409.5861258112105,0.04042883315150374,0.4912229390578248,0,True,0.008085766630300749,completed,completed,100
8476->12331,8476,12331,1,"(15523,)",0.46,1,0.46,127.0,0.564,False,10131.04,2239.8295360276343,1416.9286967968535,816.7640213558226,0.0,1482.2698185053193,0.14630973903027913,0.5319536637162453,0,True,0.02926194780605583,completed,completed,100
10583->6267,10583,6267,1,"(20159,)",0.47,1,0.47,177.8,0.509,False,10351.279999999999,1996.3952511723985,3222.5748290427723,1105.6995170713303,0.0,3311.030790408479,0.3198667981552503,0.6075603316132473,0,True,0.06397335963105007,completed,completed,100
10865->10871,10865,10871,1,"(21454,)",0.47,1,0.47,177.8,0.509,False,10351.279999999999,744.5570959864398,1228.5082494051194,368.18880223026576,0.0,1257.9633535835405,0.12152732353714137,0.5682259663007352,0,True,0.024305464707428275,completed,completed,100
10871->10865,10871,10865,1,"(21482,)",0.47,1,0.47,177.8,0.509,False,10351.279999999999,738.3344378242916,1218.1999163501325,365.11165332152524,0.0,1247.4088486158546,0.12050769070258506,0.5678857480283211,0,True,0.024101538140517013,completed,completed,100
4425->6718,4425,6718,1,"(6752,)",0.47,1,0.47,152.4,0.509,False,10351.279999999999,946.7104046256961,611.0796436592199,595.8337092967415,0.0,658.7463404029592,0.06363911906575412,0.5348087268451193,0,True,0.012727823813150824,completed,completed,100
6267->10583,6267,10583,1,"(11011,)",0.47,1,0.47,177.8,0.509,False,10351.279999999999,1571.356611563305,2452.480121187565,870.2927166011132,0.0,2522.1035385156542,0.24365136857622,0.5969099144541123,0,True,0.048730273715244,completed,completed,100
6704->6706,6704,6706,1,"(11863,)",0.47,1,0.47,203.2,0.463,False,10351.279999999999,414.68540333776696,1183.2710116946594,224.27667631804067,0.0,1201.2131458001027,0.11604488969481096,0.5935265729199557,0,True,0.02320897793896219,completed,completed,100
6706->6704,6706,6704,1,"(11868,)",0.47,1,0.47,203.2,0.463,False,10351.279999999999,548.8547010809947,1566.5081489679728,296.8402242982119,0.0,1590.2553669118297,0.1536288620259359,0.604863030836428,0,True,0.03072577240518718,completed,completed,100
6718->4425,6718,4425,1,"(11882,)",0.47,1,0.47,152.4,0.509,False,10351.279999999999,1140.1791620717859,739.8935317027846,717.5976688126527,0.0,797.3013452077968,0.07702442067143357,0.5424686594116659,0,True,0.015404884134286714,completed,completed,100
7471->12487,7471,12487,1,"(13433,)",0.47,1,0.47,127.0,0.564,False,10351.279999999999,3245.9039653326904,2129.4264935692117,1425.3228012342322,0.0,2243.4523176679504,0.21673187448005954,0.5482400535335785,0,True,0.04334637489601191,completed,completed,100
9003->9633,9003,9633,1,"(16609,)",0.47,1,0.47,127.0,0.564,False,10351.279999999999,2348.940676592235,1182.0329382147079,1031.4534073870304,0.0,1264.5492108056703,0.12216355956033172,0.5277799964273485,0,True,0.024432711912066345,completed,completed,100
10441->2584,10441,2584,1,"(19540,)",0.24,2,0.48,88.9,0.637,False,10571.52,3244.36640584615,515.2410700784461,423.9738019159749,0.0,549.1589742317241,0.0519470212638981,0.4557268886635932,0,True,0.010389404252779622,completed,completed,100
10555->5267,10555,5267,1,"(20024,)",0.48,1,0.48,127.0,0.564,False,10571.52,2430.8485610305283,1356.9885366605663,1052.5406624533841,0.0,1441.191789656837,0.13632777402462815,0.5320154489736035,0,True,0.02726555480492563,completed,completed,100
10587->6781,10587,6781,1,"(20181,)",0.48,1,0.48,203.2,0.463,False,10571.52,473.882367924386,1322.5826191386843,293.15500597485527,0.0,1346.0350196166728,0.12732653578829467,0.5983400560918449,0,True,0.025465307157658934,completed,completed,100
10600->6968,10600,6968,1,"(20245,)",0.48,1,0.48,228.6,0.463,False,10571.52,957.9252546085207,4615.359016848839,673.4040371669788,0.0,4669.231339822198,0.4416802257217692,0.6596840459855684,0,True,0.08833604514435384,completed,completed,100
10608->7052,10608,7052,1,"(20285,)",0.48,1,0.48,177.8,0.509,False,10571.52,1321.1372087376342,1875.7186799043898,849.1789564235061,0.0,1943.6529964182703,0.18385747711003433,0.5873232568380397,0,True,0.03677149542200687,completed,completed,100
10626->7585,10626,7585,1,"(20363,)",0.48,1,0.48,127.0,0.564,False,10571.52,3568.9430850161275,2294.734600893417,1792.5801811972203,0.0,2438.1410153891943,0.23063296625170213,0.5517328679837208,0,True,0.04612659325034043,completed,completed,100
10869->10863,10869,10863,1,"(21473,)",0.48,1,0.48,107.95,0.564,False,10571.52,3482.9841048819735,1629.277950641617,1508.1080968338608,0.0,1749.9265983883258,0.16553216551530203,0.5289688288792844,0,True,0.033106433103060405,completed,completed,100
2584->10441,2584,10441,1,"(3653,)",0.24,2,0.48,88.9,0.637,False,10571.52,4626.468492363912,774.3307389459425,604.5869025821161,0.0,822.6976911525118,0.07782208151264074,0.4715242383359743,0,True,0.015564416302528148,completed,completed,100
2846->7052,2846,7052,1,"(4349,)",0.48,1,0.48,177.8,0.509,False,10571.52,1981.1116225717071,3260.6310283953867,1120.5801292984797,0.0,3350.277438739265,0.31691539520705303,0.6078247737468007,0,True,0.0633830790414106,completed,completed,100
2863->4364,2863,4364,1,"(4399,)",0.24,2,0.48,127.0,0.564,False,10571.52,3816.455900389364,1162.9719338670243,748.7886476563932,0.0,1222.8750256795358,0.11567636684975631,0.5320802320784055,0,True,0.023135273369951262,completed,completed,100
3931->12318,3931,12318,1,"(5725,)",0.48,1,0.48,107.95,0.564,False,10571.52,2641.3489907200947,729.3618039266288,1184.5318216669316,0.0,824.1243496599833,0.07795703452861871,0.5037161355489477,0,True,0.015591406905723743,completed,completed,100
4443->7546,4443,7546,1,"(6814,)",0.48,1,0.48,177.8,0.509,False,10571.52,754.0837880117772,1425.900651004765,304.6670865576268,0.0,1450.274017929375,0.13718689629583777,0.5725660774302785,0,True,0.027437379259167557,completed,completed,100
5487->8518,5487,8518,1,"(9727,)",0.48,1,0.48,127.0,0.564,False,10571.52,1314.5193457246871,774.7271536188483,515.8173912623672,0.0,815.9925449198377,0.07718781640859948,0.5085194321336348,0,True,0.015437563281719897,completed,completed,100
5868->5869,5868,5869,1,"(10414,)",0.48,1,0.48,127.0,0.564,False,10571.52,3518.1974575142885,2201.1030339833114,1767.0920733806167,0.0,2342.4703998537607,0.22158312142944067,0.5503940956208372,0,True,0.04431662428588814,completed,completed,100
5869->5868,5869,5868,1,"(10418,)",0.48,1,0.48,127.0,0.564,False,10571.52,3408.949825223301,2013.9026132468196,1712.220046614558,0.0,2150.8802169759842,0.2034598824933391,0.547529294886361,0,True,0.04069197649866782,completed,completed,100
6781->10587,6781,10587,1,"(12039,)",0.48,1,0.48,203.2,0.463,False,10571.52,551.2973624752635,1538.9222005756012,341.0457795638973,0.0,1566.205862940713,0.1481533273304797,0.6044612303000374,0,True,0.02963066546609594,completed,completed,100
6955->10599,6955,10599,1,"(12297,)",0.48,1,0.48,203.2,0.463,False,10571.52,1209.0127808378584,3214.6474113908857,849.9140028784535,0.0,3282.640531621162,0.3105173647329014,0.6348746217749074,0,True,0.062103472946580286,completed,completed,100
6968->10600,6968,10600,1,"(12310,)",0.48,1,0.48,228.6,0.463,False,10571.52,510.1754330526298,2450.6737561693003,358.64405351903406,0.0,2479.365280450823,0.23453252516675208,0.6341211259736287,0,True,0.04690650503335042,completed,completed,100
6996->6999,6996,6999,1,"(12328,)",0.48,1,0.48,177.8,0.509,False,10571.52,982.2766308478957,1537.396297998417,555.6070952597569,0.0,1581.8448656191974,0.14963267965431626,0.5780101213427926,0,True,0.02992653593086325,completed,completed,100
7052->10608,7052,10608,1,"(12501,)",0.48,1,0.48,177.8,0.509,False,10571.52,1434.3461705591635,2045.9021059243614,921.9455603928643,0.0,2119.6577507557904,0.20050643150235636,0.5907799223121653,0,True,0.04010128630047127,completed,completed,100
7052->2846,7052,2846,1,"(12498,)",0.48,1,0.48,177.8,0.509,False,10571.52,1179.5370863077273,1852.7459120735186,667.1839212024123,0.0,1906.1206257697115,0.1803071484299052,0.585512151916501,0,True,0.03606142968598104,completed,completed,100
7455->7456,7455,7456,1,"(13374,)",0.48,1,0.48,152.4,0.509,False,10571.52,1559.049690313454,1304.4878572412115,881.8483944313796,0.0,1375.0357287957218,0.13006982239032056,0.5619707537000639,0,True,0.026013964478064113,completed,completed,100
7456->7455,7456,7455,1,"(13378,)",0.48,1,0.48,152.4,0.509,False,10571.52,1908.9863624047048,1653.532010746858,1079.7837741396977,0.0,1739.914712678034,0.16458510343621674,0.5711292507082928,0,True,0.03291702068724335,completed,completed,100
7561->7564,7561,7564,1,"(13704,)",0.48,1,0.48,127.0,0.564,False,10571.52,2854.69345008963,1666.0099599459072,1280.2076683601952,0.0,1768.4265734147227,0.16728214801795036,0.5398113529117862,0,True,0.03345642960359007,completed,completed,100
7585->10626,7585,10626,1,"(13791,)",0.48,1,0.48,127.0,0.564,False,10571.52,3018.3423541882507,1481.5691974479944,1516.0288509228412,0.0,1602.8515055218218,0.1516197770539924,0.5375149556808418,0,True,0.03032395541079848,completed,completed,100
7586->7589,7586,7589,1,"(13793,)",0.48,1,0.48,127.0,0.564,False,10571.52,3223.881276606513,1737.327217673413,1619.2652965637067,0.0,1866.8684413985097,0.17659413607489838,0.5427372308380758,0,True,0.03531882721497968,completed,completed,100
7589->7586,7589,7586,1,"(13804,)",0.48,1,0.48,127.0,0.564,False,10571.52,4076.885149641712,3513.6654114975795,2047.7052578808418,0.0,3677.481832128047,0.3478668944605929,0.5653270311204113,0,True,0.06957337889211858,completed,completed,100
9892->11105,9892,11105,1,"(18148,)",0.24,2,0.48,63.5,0.637,False,10571.52,5505.129453205802,416.12881201524027,719.4103169449343,0.0,473.681637370835,0.0448073349311012,0.4401955257129983,0,True,0.00896146698622024,completed,completed,100
10166->10613,10166,10613,1,"(18702,)",0.49,1,0.49,177.8,0.509,False,10791.76,1927.7445657353553,3599.980613303541,927.5921301405382,0.0,3674.187983714784,0.3404623512489885,0.610254246797917,0,True,0.0680924702497977,completed,completed,100
10284->10808,10284,10808,1,"(18853,)",0.49,1,0.49,88.9,0.637,False,10791.76,3581.86733956776,1744.2838804398102,910.152490984168,0.0,1817.0960797185437,0.16837810326754335,0.4921366427621974,0,True,0.033675620653508674,completed,completed,100
10340->6213,10340,6213,1,"(19085,)",0.49,1,0.49,127.0,0.564,False,10791.76,2529.575938032538,1784.4041738203598,982.5792789114026,0.0,1863.010516133272,0.1726326860617056,0.5400327616467466,0,True,0.03452653721234112,completed,completed,100
10342->6071,10342,6071,1,"(19095,)",0.49,1,0.49,152.4,0.509,False,10791.76,2700.102637466442,2826.7196863514237,1559.082464515323,0.0,2951.4462835126496,0.2734907265833052,0.5905206591034257,0,True,0.05469814531666104,completed,completed,100
10374->7474,10374,7474,1,"(19232,)",0.49,1,0.49,127.0,0.564,False,10791.76,2491.0326609232584,908.2776984732753,1330.4605441991123,0.0,1014.7145420092044,0.0940267891436804,0.5219199969508294,0,True,0.01880535782873608,completed,completed,100
10565->8408,10565,8408,1,"(20073,)",0.49,1,0.49,127.0,0.564,False,10791.76,3076.055906151949,1973.2468998710174,1408.2183938363623,0.0,2085.9043713779265,0.19328676428848737,0.5455030843837899,0,True,0.038657352857697475,completed,completed,100
10572->8406,10572,8406,1,"(20107,)",0.49,1,0.49,127.0,0.564,False,10791.76,3545.756329225408,2120.6660000160286,1893.7884554392904,0.0,2272.169076451172,0.2105466649046283,0.5495788833893531,0,True,0.042109332980925666,completed,completed,100
10575->10581,10575,10581,1,"(20122,)",0.49,1,0.49,127.0,0.564,False,10791.76,2934.924521034328,1420.0113992931026,1504.8414592170573,0.0,1540.3987160304673,0.14273841486749772,0.5360355465152534,0,True,0.028547682973499546,completed,completed,100
10595->6847,10595,6847,1,"(20218,)",0.49,1,0.49,228.6,0.463,False,10791.76,566.5808970240453,2869.5653555570548,357.8026354414488,0.0,2898.1895663923706,0.2685557838936717,0.6398740260159074,0,True,0.05371115677873434,completed,completed,100
10606->4433,10606,4433,1,"(20273,)",0.49,1,0.49,228.6,0.463,False,10791.76,318.6530853225586,1597.704835685757,209.61796585231204,0.0,1614.4742729539419,0.1496024997733402,0.6163290057955513,0,True,0.029920499954668042,completed,completed,100
10634->7635,10634,7635,1,"(20400,)",0.49,1,0.49,127.0,0.564,False,10791.76,2710.7741996666987,1548.4322644897898,1240.992428607415,0.0,1647.711658778383,0.1526823853364403,0.5371589888309886,0,True,0.03053647706728806,completed,completed,100
10808->10284,10808,10284,1,"(21190,)",0.49,1,0.49,88.9,0.637,False,10791.76,4894.021865037199,4004.6700788792823,1243.5709559059524,0.0,4104.155755351759,0.3803045801010918,0.5196120433514209,0,True,0.07606091602021836,completed,completed,100
10835->6130,10835,6130,1,"(21313,)",0.49,1,0.49,127.0,0.564,False,10791.76,4133.219431504469,3762.6950097511403,2119.2503984318755,0.0,3932.2350416256904,0.36437384093286823,0.5674558440817064,0,True,0.07287476818657365,completed,completed,100
12587->2128,12587,2128,1,"(26662,)",0.49,1,0.49,127.0,0.564,False,10791.76,2485.6950956054,1342.09119560038,1137.9512147681526,0.0,1433.1272927818322,0.13279829173200963,0.5320928670661222,0,True,0.026559658346401928,completed,completed,100
12774->2157,12774,2157,1,"(27306,)",0.49,1,0.49,127.0,0.564,False,10791.76,1842.60511416582,1328.4101013377017,656.0902609839763,0.0,1380.8973222164198,0.12795849075743157,0.5277338737484323,0,True,0.025591698151486316,completed,completed,100
2050->7473,2050,7473,1,"(2241,)",0.49,1,0.49,127.0,0.564,False,10791.76,3231.482115585071,1623.3808521824594,1725.9345979339864,0.0,1761.4556200171783,0.16322227514484924,0.5410459125582022,0,True,0.03264445502896985,completed,completed,100
2069->2084,2069,2084,1,"(2280,)",0.49,1,0.49,177.8,0.509,False,10791.76,862.9682420346581,1238.5523596575952,566.2405345939592,0.0,1283.8516024251119,0.11896591495966477,0.5704347037977591,0,True,0.023793182991932955,completed,completed,100
2084->2069,2084,2069,1,"(2307,)",0.49,1,0.49,177.8,0.509,False,10791.76,1064.0576908219236,1531.5494404347626,698.1862904586725,0.0,1587.4043436714564,0.14709411103207043,0.5789848147048793,0,True,0.029418822206414088,completed,completed,100
2157->12774,2157,12774,1,"(2462,)",0.49,1,0.49,127.0,0.564,False,10791.76,1659.5616778317587,1183.292191415039,590.914594753295,0.0,1230.5653589953026,0.1140282362650117,0.5231896388915801,0,True,0.02280564725300234,completed,completed,100
4051->6438,4051,6438,1,"(5998,)",0.49,1,0.49,152.4,0.509,False,10791.76,1867.179702674892,1642.4389121464442,1078.1394351997253,0.0,1728.6900669624222,0.16018611115910864,0.5706967661873038,0,True,0.032037222231821726,completed,completed,100
4386->7006,4386,7006,1,"(6621,)",0.49,1,0.49,127.0,0.564,False,10791.76,3933.368729311512,3688.6814047647877,1800.6962042788107,0.0,3832.7371011070927,0.3551540342916348,0.5661583093833511,0,True,0.07103080685832695,completed,completed,100
4438->5747,4438,5747,1,"(6794,)",0.49,1,0.49,127.0,0.564,False,10791.76,2048.7225955788313,764.0776444376701,1050.4538287667078,0.0,848.1139507390067,0.07858903003208065,0.5144943316646386,0,True,0.01571780600641613,completed,completed,100
5747->4438,5747,4438,1,"(10196,)",0.49,1,0.49,127.0,0.564,False,10791.76,3050.0661278464017,1549.5192062455596,1563.878706127453,0.0,1674.629502735756,0.15517668135093404,0.5389229640503186,0,True,0.03103533627018681,completed,completed,100
6071->10342,6071,10342,1,"(10751,)",0.49,1,0.49,152.4,0.509,False,10791.76,1888.9756716576057,1666.0623122682216,1090.7247764258482,0.0,1753.3202943822894,0.16246842909611495,0.5712411509750167,0,True,0.03249368581922299,completed,completed,100
6130->10835,6130,10835,1,"(10829,)",0.49,1,0.49,127.0,0.564,False,10791.76,3160.5775612420784,1687.673904748312,1620.5418964410185,0.0,1817.3172564635934,0.16839859823268802,0.5417263912431597,0,True,0.033679719646537605,completed,completed,100
6391->9004,6391,9004,1,"(11305,)",0.49,1,0.49,177.8,0.509,False,10791.76,1900.153788031599,3166.9231970627384,1097.1791996700538,0.0,3254.6975330363425,0.30159098544040475,0.6065148653234392,0,True,0.06031819708808095,completed,completed,100
6438->4051,6438,4051,1,"(11450,)",0.49,1,0.49,152.4,0.509,False,10791.76,2168.5870535026834,1995.6974206351076,1252.1768620853052,0.0,2095.871569601932,0.19421035768048328,0.5780174399197033,0,True,0.03884207153609666,completed,completed,100
6835->6865,6835,6865,1,"(12078,)",0.49,1,0.49,203.2,0.463,False,10791.76,859.0447288059353,2452.71275877847,542.4970547776937,0.0,2496.112523160685,0.23129800173101378,0.6230590702974981,0,True,0.04625960034620276,completed,completed,100
6847->10595,6847,10595,1,"(12085,)",0.49,1,0.49,228.6,0.463,False,10791.76,379.6791304043787,1922.3655968227097,239.77192699992995,0.0,1941.547350982704,0.1799101676633565,0.6236834832377954,0,True,0.0359820335326713,completed,completed,100
6865->6835,6865,6835,1,"(12106,)",0.49,1,0.49,203.2,0.463,False,10791.76,431.7291296890726,1229.9546413404457,272.64212614820553,0.0,1251.766011432302,0.11599275849651049,0.5951821426788733,0,True,0.0231985516993021,completed,completed,100
6913->8344,6913,8344,1,"(12238,)",0.49,1,0.49,127.0,0.564,False,10791.76,2046.8132017684168,1021.6441403640235,937.0310837695814,0.0,1096.6066270655901,0.10161517927248105,0.5220713775553116,0,True,0.020323035854496213,completed,completed,100
6917->10350,6917,10350,1,"(12255,)",0.49,1,0.49,127.0,0.564,False,10791.76,2004.405189273488,741.7531982349518,1027.7306991273313,0.0,823.9716541651383,0.07635192537316789,0.5134034513832013,0,True,0.015270385074633578,completed,completed,100
7006->4386,7006,4386,1,"(12352,)",0.49,1,0.49,127.0,0.564,False,10791.76,3844.39890339815,3446.09935841207,1759.9658179756734,0.0,3586.896623850124,0.33237364654608,0.5639500441690541,0,True,0.066474729309216,completed,completed,100
7024->7022,7024,7022,1,"(12420,)",0.49,1,0.49,127.0,0.564,False,10791.76,2697.512467530198,1891.9736793617521,1080.5560566809093,0.0,1978.418163896225,0.18332673853905432,0.5425088930113368,0,True,0.036665347707810866,completed,completed,100
7473->2050,7473,2050,1,"(13438,)",0.49,1,0.49,127.0,0.564,False,10791.76,3662.7505424539518,2347.3972143570168,1956.2750647246557,0.0,2503.8992195349892,0.23201954264503558,0.5528019627489595,0,True,0.04640390852900712,completed,completed,100
7508->7495,7508,7495,1,"(13540,)",0.49,1,0.49,127.0,0.564,False,10791.76,2461.0165036963735,1321.4971491974513,1126.6533553922,0.0,1411.6294176288272,0.13080622786541093,0.5315376988050313,0,True,0.02616124557308219,completed,completed,100
8357->8356,8357,8356,1,"(15328,)",0.49,1,0.49,127.0,0.564,False,10791.76,2016.902929353944,1002.7115879822609,923.3381610582356,0.0,1076.5786408669196,0.09975932015416573,0.5213666441526277,0,True,0.019951864030833148,completed,completed,100
8375->10602,8375,10602,1,"(15364,)",0.49,1,0.49,203.2,0.463,False,10791.76,807.4745316340915,2174.789794507908,579.4657459333049,0.0,2221.1470541825724,0.20581879639489503,0.6189366946811361,0,True,0.04116375927897901,completed,completed,100
9004->6391,9004,6391,1,"(16611,)",0.49,1,0.49,177.8,0.509,False,10791.76,1226.2995220236248,1968.600799702042,708.0849648087933,0.0,2025.2475968867454,0.18766610792741364,0.5877266013822242,0,True,0.03753322158548273,completed,completed,100
10120->10121,10120,10121,1,"(18607,)",0.5,1,0.5,177.8,0.509,False,11012.0,844.2669511883996,1374.3760452826746,497.442087640205,0.0,1414.171412293891,0.128420941908272,0.5730515794231461,0,True,0.0256841883816544,completed,completed,100
10164->10165,10164,10165,1,"(18695,)",0.5,1,0.5,177.8,0.509,False,11012.0,1535.9472978044346,2468.6303560053784,942.6876540274717,0.0,2544.045368327576,0.23102482458477805,0.5969175100720018,0,True,0.04620496491695561,completed,completed,100
10165->10164,10165,10164,1,"(18697,)",0.5,1,0.5,177.8,0.509,False,11012.0,1246.8548821029867,1981.209808452549,765.2571838907081,0.0,2042.4303831638056,0.1854731550275886,0.5881572858805785,0,True,0.03709463100551772,completed,completed,100
10165->2069,10165,2069,1,"(18696,)",0.5,1,0.5,177.8,0.509,False,11012.0,1418.034536815973,2266.5919547282297,870.3186969708034,0.0,2336.217450485894,0.21215196608117454,0.5935293203960061,0,True,0.04243039321623491,completed,completed,100
10166->10165,10166,10165,1,"(18701,)",0.5,1,0.5,177.8,0.509,False,11012.0,1042.8985710914162,1649.662562011239,640.0789980073567,0.0,1700.8688818518276,0.15445594640862945,0.5808054072958969,0,True,0.030891189281725892,completed,completed,100
10332->5617,10332,5617,1,"(19043,)",0.5,1,0.5,127.0,0.564,False,11012.0,1954.6945378177957,1301.907653878068,774.7698349895991,0.0,1363.8892406772359,0.12385481662524844,0.5280113360895552,0,True,0.02477096332504969,completed,completed,100
10334->5816,10334,5816,1,"(19053,)",0.5,1,0.5,127.0,0.564,False,11012.0,2986.1292848979747,2384.516408212708,1183.5930620141064,0.0,2479.2038531738367,0.2251365649449543,0.5502830560662898,0,True,0.04502731298899086,completed,completed,100
10343->5167,10343,5167,1,"(19100,)",0.5,1,0.5,127.0,0.564,False,11012.0,3175.7417641376505,2156.83915785546,1483.5250812471597,0.0,2275.521164355233,0.20664013479433643,0.5484212033551047,0,True,0.04132802695886729,completed,completed,100
10343->6374,10343,6374,1,"(19101,)",0.5,1,0.5,127.0,0.564,False,11012.0,3734.6996313803825,3859.1262451996863,1480.299126619861,0.0,3977.550175329275,0.3612014325580526,0.5666892930396212,0,True,0.07224028651161052,completed,completed,100
10346->8355,10346,8355,1,"(19116,)",0.5,1,0.5,127.0,0.564,False,11012.0,2472.4126130348905,1358.124302058497,1154.9698920891562,0.0,1450.5218934256295,0.13172193002412183,0.5323908214907265,0,True,0.026344386004824367,completed,completed,100
10347->6385,10347,6385,1,"(19118,)",0.5,1,0.5,152.4,0.509,False,11012.0,1707.7932957449957,1726.7954357267165,898.421258797278,0.0,1798.6691364304988,0.1633371900136668,0.5708967571554479,0,True,0.03266743800273336,completed,completed,100
10350->8349,10350,8349,1,"(19133,)",0.5,1,0.5,127.0,0.564,False,11012.0,2098.6606385714063,806.1520406840453,1098.0192461005597,0.0,893.9935803720902,0.08118357976499184,0.5163121781732349,0,True,0.01623671595299837,completed,completed,100
10352->4305,10352,4305,1,"(19143,)",0.5,1,0.5,127.0,0.564,False,11012.0,4243.891309538879,4953.221699067322,1914.1413216816738,0.0,5106.3530048018565,0.46370804620430955,0.5754648263774482,0,True,0.09274160924086192,completed,completed,100
10366->8327,10366,8327,1,"(19198,)",0.5,1,0.5,127.0,0.564,False,11012.0,2829.4418565505334,1706.8366111694206,1321.7535529886065,0.0,1812.5768954085092,0.16460015396008984,0.5404429751137039,0,True,0.03292003079201797,completed,completed,100
10378->10383,10378,10383,1,"(19253,)",0.5,1,0.5,127.0,0.564,False,11012.0,1957.7279268040575,1452.913262165606,711.3078134054743,0.0,1509.817887238044,0.13710660072993497,0.5310306124495552,0,True,0.027421320145986996,completed,completed,100
10383->10378,10383,10378,1,"(19276,)",0.5,1,0.5,127.0,0.564,False,11012.0,2594.1578170282146,2088.100520049098,942.5440068535848,0.0,2163.504040597385,0.19646785693764848,0.5447251919021854,0,True,0.0392935713875297,completed,completed,100
10383->7638,10383,7638,1,"(19275,)",0.5,1,0.5,127.0,0.564,False,11012.0,2151.668198630462,1626.6190460034916,781.7727788357347,0.0,1689.1608683103505,0.15339274140123052,0.5353755004391257,0,True,0.030678548280246104,completed,completed,100
10388->7638,10388,7638,1,"(19299,)",0.5,1,0.5,127.0,0.564,False,11012.0,2332.6761469579264,1802.5826748851737,847.5390000613801,0.0,1870.385794890084,0.1698497815919074,0.539266335508858,0,True,0.033969956318381477,completed,completed,100
10394->7681,10394,7681,1,"(19327,)",0.5,1,0.5,127.0,0.564,False,11012.0,2309.0937800290885,1778.772167181133,838.9707400772356,0.0,1845.8898263873118,0.16762530206931636,0.5387661467623769,0,True,0.03352506041386327,completed,completed,100
10536->12276,10536,12276,1,"(19940,)",0.5,1,0.5,127.0,0.564,False,11012.0,2760.2438091101526,2083.218435652895,1094.060273429115,0.0,2170.743257527224,0.19712525041111734,0.5455002209065266,0,True,0.03942505008222347,completed,completed,100
10548->5254,10548,5254,2,"(27997, 28001)",0.5,1,0.5,127.0,0.564,False,11012.0,4296.929353389676,1399.15982234066,878.1849365990151,0.0,1469.4146172685812,0.1334375787566819,0.5387971862456852,0,True,0.026687515751336384,completed,completed,100
10555->5565,10555,5565,1,"(20026,)",0.5,1,0.5,127.0,0.564,False,11012.0,2757.628646698695,1731.382689537855,1243.7856103041013,0.0,1830.885538362183,0.1662627622922433,0.5404596798177584,0,True,0.03325255245844866,completed,completed,100
10556->3983,10556,3983,1,"(20028,)",0.5,1,0.5,127.0,0.564,False,11012.0,2707.981519787788,1226.3615146904565,1416.8159311529707,0.0,1339.7067891826941,0.12165880759014658,0.5310353641428981,0,True,0.024331761518029318,completed,completed,100
10558->5514,10558,5514,1,"(20039,)",0.5,1,0.5,127.0,0.564,False,11012.0,3082.4437598803247,1620.9407057920673,1612.7345751693858,0.0,1749.9594718056183,0.15891386413055014,0.540337840029818,0,True,0.03178277282611003,completed,completed,100
10561->5554,10561,5554,1,"(20050,)",0.5,1,0.5,127.0,0.564,False,11012.0,3268.445450147352,1874.5863606574167,1710.0506595170946,0.0,2011.3904134187842,0.18265441458579587,0.545089639389703,0,True,0.036530882917159176,completed,completed,100
10561->8771,10561,8771,1,"(20053,)",0.5,1,0.5,127.0,0.564,False,11012.0,2840.4374788415253,1719.2135311302893,1326.890079401684,0.0,1825.364737482424,0.16576141822397603,0.5406929306994782,0,True,0.03315228364479521,completed,completed,100
10564->5753,10564,5753,1,"(20066,)",0.5,1,0.5,127.0,0.564,False,11012.0,2181.7465094995932,1426.8392838592324,891.7888857579588,0.0,1498.182394719869,0.1360499813585061,0.5319827385976739,0,True,0.02720999627170122,completed,completed,100
10569->5866,10569,5866,1,"(20092,)",0.5,1,0.5,127.0,0.564,False,11012.0,3552.0491929685963,2357.3684674170486,1858.4321377611698,0.0,2506.043038437942,0.22757383204122247,0.5524927399041957,0,True,0.0455147664082445,completed,completed,100
10570->5866,10570,5866,1,"(20094,)",0.5,1,0.5,127.0,0.564,False,11012.0,3717.6088818830567,2703.7900156958844,1945.0529670012156,0.0,2859.3942530559816,0.25966166482527986,0.5568865945639041,0,True,0.05193233296505598,completed,completed,100
10570->5870,10570,5870,1,"(20096,)",0.5,1,0.5,127.0,0.564,False,11012.0,3759.5942290367684,3297.402808965669,1756.2675898500333,0.0,3437.9042161536718,0.3121961692838423,0.5624532835015347,0,True,0.062439233856768465,completed,completed,100
10571->5879,10571,5879,1,"(20100,)",0.5,1,0.5,127.0,0.564,False,11012.0,3152.195102304024,1710.902622533088,1649.2284775254657,0.0,1842.8409007351254,0.16734842905331687,0.5421094570469772,0,True,0.033469685810663376,completed,completed,100
10571->6163,10571,6163,1,"(20101,)",0.5,1,0.5,127.0,0.564,False,11012.0,2895.927256608296,1407.3525406923068,1515.1491406574605,0.0,1528.5644719449035,0.13880897856383068,0.5356619518706426,0,True,0.027761795712766137,completed,completed,100
10571->8406,10571,8406,1,"(20102,)",0.5,1,0.5,127.0,0.564,False,11012.0,3913.9176168544236,2986.0086793854844,2133.0851011856607,0.0,3156.6554874803373,0.28665596508175967,0.5603698330573565,0,True,0.057331193016351936,completed,completed,100
10575->6260,10575,6260,1,"(20121,)",0.5,1,0.5,152.4,0.509,False,11012.0,2063.360328095716,1903.3383146637213,1215.7319053139959,0.0,2000.596867088841,0.18167425236912832,0.5761009397734909,0,True,0.03633485047382567,completed,completed,100
10577->6163,10577,6163,1,"(20130,)",0.5,1,0.5,127.0,0.564,False,11012.0,3421.131299902625,2118.5878364824725,1789.9358961090534,0.0,2261.7827081711966,0.20539254523893904,0.5490535329272459,0,True,0.041078509047787815,completed,completed,100
10577->6272,10577,6272,1,"(20132,)",0.5,1,0.5,152.4,0.509,False,11012.0,1488.3712794881897,1291.0392755574858,876.9483578744414,0.0,1361.1951441874412,0.12361016565450791,0.5611664613264981,0,True,0.024722033130901586,completed,completed,100
10578->6195,10578,6195,1,"(20135,)",0.5,1,0.5,127.0,0.564,False,11012.0,2951.1832308961475,1850.3296564706084,1378.6241664329148,0.0,1960.6195897852415,0.17804391480069393,0.5432214637742073,0,True,0.035608782960138786,completed,completed,100
10578->8399,10578,8399,1,"(20137,)",0.5,1,0.5,127.0,0.564,False,11012.0,3665.589454715268,3072.602498921086,1712.3539309884181,0.0,3209.5908134001593,0.291463023374515,0.5601467481649206,0,True,0.058292604674903006,completed,completed,100
10580->4406,10580,4406,1,"(20144,)",0.5,1,0.5,127.0,0.564,False,11012.0,2647.2446366892113,1174.163146762525,1385.0383939157955,0.0,1284.9662182757886,0.11668781495421256,0.529555989786644,0,True,0.02333756299084251,completed,completed,100
10582->6263,10582,6263,1,"(20155,)",0.5,1,0.5,177.8,0.509,False,11012.0,1323.7410926844884,2344.8853462902425,696.3823676872327,0.0,2400.595935705221,0.21799817796088095,0.5935827976747682,0,True,0.043599635592176195,completed,completed,100
10583->6272,10583,6272,1,"(20160,)",0.5,1,0.5,177.8,0.509,False,11012.0,1488.0535743732542,1765.480017251081,1217.7238416954463,0.0,1862.8979245867167,0.16916980789926594,0.5873658591005786,0,True,0.03383396157985319,completed,completed,100
10584->4429,10584,4429,1,"(20165,)",0.5,1,0.5,152.4,0.509,False,11012.0,2204.8489477959306,1722.394747167295,1476.2465909560933,0.0,1840.4944744437826,0.1671353500221379,0.5743595663319855,0,True,0.03342707000442758,completed,completed,100
10589->6706,10589,6706,1,"(20189,)",0.5,1,0.5,228.6,0.463,False,11012.0,391.8935349836679,2075.110736322797,225.4787445923889,0.0,2093.1490358901883,0.1900789171712848,0.6262489650820104,0,True,0.03801578343425696,completed,completed,100
10590->6884,10590,6884,1,"(20195,)",0.5,1,0.5,177.8,0.509,False,11012.0,1872.405492953235,3417.417517443274,985.0190325428981,0.0,3496.2190400467057,0.3174917399243285,0.6084697357379264,0,True,0.0634983479848657,completed,completed,100
10594->12135,10594,12135,1,"(20216,)",0.25,2,0.5,228.6,0.463,False,11012.0,1094.8878924534122,2899.4720533509185,314.9757847754369,0.0,2924.6701161329534,0.26558936761105645,0.6473160778476033,0,True,0.05311787352221129,completed,completed,100
10596->6887,10596,6887,1,"(20224,)",0.5,1,0.5,177.8,0.509,False,11012.0,1315.011870444432,2159.662915625952,774.8049940658593,0.0,2221.6473151512205,0.2017478491782801,0.5912219538439559,0,True,0.04034956983565602,completed,completed,100
10598->8335,10598,8335,1,"(20236,)",0.5,1,0.5,152.4,0.509,False,11012.0,2125.930112372603,1981.4167649349833,1252.5980222099377,0.0,2081.624606711778,0.18903238346456394,0.5775994326581335,0,True,0.03780647669291279,completed,completed,100
10601->8372,10601,8372,1,"(20250,)",0.5,1,0.5,228.6,0.463,False,11012.0,1515.7456845174192,7910.714553678543,1017.4442907323175,0.0,7992.110096937128,0.7257637211167025,0.6805663514562525,0,True,0.1451527442233405,completed,completed,100
10602->6986,10602,6986,1,"(20253,)",0.5,1,0.5,177.8,0.509,False,11012.0,561.9121381666271,913.3995125040551,331.0786318077767,0.0,939.8858030486772,0.08535105367314541,0.5565544382892966,0,True,0.017070210734629082,completed,completed,100
10602->7046,10602,7046,1,"(20255,)",0.5,1,0.5,177.8,0.509,False,11012.0,908.8882397340253,1480.4931783716015,535.5169508512877,0.0,1523.3345344397046,0.13833404780600297,0.5760511063169359,0,True,0.027666809561200597,completed,completed,100
10606->7041,10606,7041,1,"(20274,)",0.5,1,0.5,228.6,0.463,False,11012.0,668.0784374863895,3453.9276402305486,430.50974511622934,0.0,3488.368419839847,0.31677882490372744,0.6471443992073967,0,True,0.0633557649807455,completed,completed,100
10608->7045,10608,7045,1,"(20283,)",0.5,1,0.5,203.2,0.463,False,11012.0,568.9832489349018,1561.451296407278,416.6509154700575,0.0,1594.7833696448827,0.14482231834770093,0.6053390033657443,0,True,0.028964463669540187,completed,completed,100
10608->7455,10608,7455,1,"(20286,)",0.5,1,0.5,177.8,0.509,False,11012.0,1325.7994235254107,2178.1446379733543,781.1610203411719,0.0,2240.637519600648,0.20347235012719286,0.5915624254160107,0,True,0.04069447002543858,completed,completed,100
10620->10619,10620,10619,1,"(20339,)",0.5,1,0.5,152.4,0.509,False,11012.0,2468.4158329122274,3123.5961617022062,1136.2426630874097,0.0,3214.495574749199,0.2919084248773337,0.5920655679065574,0,True,0.058381684975466745,completed,completed,100
10622->7592,10622,7592,1,"(20346,)",0.5,1,0.5,127.0,0.564,False,11012.0,3396.077881658626,2521.012417876519,1586.4535247176727,0.0,2647.928699853933,0.24045847256210795,0.5536304845988882,0,True,0.048091694512421596,completed,completed,100
10628->7592,10628,7592,1,"(20374,)",0.5,1,0.5,127.0,0.564,False,11012.0,3118.4531175597936,2072.9795373181987,1456.7630992029324,0.0,2189.520585254433,0.19883042001947268,0.5470845579256408,0,True,0.03976608400389454,completed,completed,100
10629->9625,10629,9625,1,"(20379,)",0.5,1,0.5,177.8,0.509,False,11012.0,1434.4360903484742,2366.1575602636653,845.169744433321,0.0,2433.771139818331,0.22101081908993198,0.5948632658848951,0,True,0.0442021638179864,completed,completed,100
10632->2441,10632,2441,1,"(20389,)",0.5,1,0.5,127.0,0.564,False,11012.0,1737.813056864045,855.5462038655295,811.8069565636325,0.0,920.4907603906202,0.08358978935621324,0.5151185911956849,0,True,0.01671795787124265,completed,completed,100
10638->7674,10638,7674,1,"(20418,)",0.5,1,0.5,127.0,0.564,False,11012.0,1808.4566768846137,896.0759631931837,844.8076190589553,0.0,963.6605727179001,0.08751004111132402,0.5169060234429557,0,True,0.017502008222264803,completed,completed,100
10822->10816,10822,10816,1,"(21256,)",0.5,1,0.5,88.9,0.637,False,11012.0,4612.7133236975305,2294.5626946726147,1569.764002970816,0.0,2420.14381491028,0.2197733213685325,0.5033603383861006,0,True,0.043954664273706506,completed,completed,100
10876->12551,10876,12551,1,"(21501,)",0.5,1,0.5,177.8,0.509,False,11012.0,590.7953444697672,1226.2882255800794,217.56038560099176,0.0,1243.6930564281588,0.11293979807738457,0.5653708088568218,0,True,0.022587959615476914,completed,completed,100
10909->2173,10909,2173,1,"(21648,)",0.5,1,0.5,127.0,0.564,False,11012.0,2602.658695359372,1899.67199935093,1031.5992647060784,0.0,1982.1999405274164,0.18000362700031025,0.5421751773369436,0,True,0.03600072540006205,completed,completed,100
10987->12241,10987,12241,1,"(21999,)",0.5,1,0.5,88.9,0.637,False,11012.0,4385.671124616528,2374.017823433606,1326.6655151964999,0.0,2480.1510646493257,0.22522258124312802,0.5035338005519591,0,True,0.045044516248625606,completed,completed,100
11113->12535,11113,12535,1,"(22562,)",0.5,1,0.5,63.5,0.637,False,11012.0,3983.891437072349,964.0178961401443,1141.6994144662601,0.0,1055.353849297445,0.09583670988897976,0.46031409056511097,0,True,0.019167341977795953,completed,completed,100
12091->12242,12091,12242,1,"(25069,)",0.5,1,0.5,88.9,0.637,False,11012.0,3690.618296623173,1446.7836465067994,1116.4120347285102,0.0,1536.0966092850801,0.13949297214721032,0.48750012342542215,0,True,0.027898594429442064,completed,completed,100
12185->7004,12185,7004,1,"(25371,)",0.5,1,0.5,152.4,0.509,False,11012.0,2024.0102375052115,1855.7185263982476,1192.5468319380705,0.0,1951.1222729532933,0.17718146321769826,0.575151341775169,0,True,0.03543629264353965,completed,completed,100
12324->12323,12324,12323,1,"(25804,)",0.5,1,0.5,88.9,0.637,False,11012.0,4642.536735394406,1690.2036121581953,1805.6151803016103,0.0,1834.652826582324,0.1666048698313044,0.4952479172453083,0,True,0.03332097396626088,completed,completed,100
12344->12345,12344,12345,1,"(25884,)",0.5,1,0.5,127.0,0.564,False,11012.0,1911.1578953093442,1027.906175638802,861.9981127809044,0.0,1096.8660246612744,0.09960643158929118,0.5213310880058235,0,True,0.019921286317858236,completed,completed,100
12461->12459,12461,12459,1,"(26235,)",0.5,1,0.5,127.0,0.564,False,11012.0,3203.683653212008,1781.1979914952026,1676.1672873605226,0.0,1915.2913744840444,0.17392765841664043,0.5434252190857496,0,True,0.03478553168332809,completed,completed,100
12508->10858,12508,10858,1,"(26383,)",0.5,1,0.5,107.95,0.564,False,11012.0,2843.762280560373,1002.2041718659959,1282.6348493010235,0.0,1104.8149598100779,0.10032827459227006,0.5131754000149873,0,True,0.020065654918454013,completed,completed,100
12584->2160,12584,2160,1,"(26651,)",0.5,1,0.5,127.0,0.564,False,11012.0,2444.485437349712,1919.568977720744,888.1630422370621,0.0,1990.622021099709,0.18076843635122675,0.5416171158529853,0,True,0.03615368727024535,completed,completed,100
12589->12594,12589,12594,1,"(26672,)",0.5,1,0.5,127.0,0.564,False,11012.0,3114.1078370113532,2818.148392967707,1131.459180780792,0.0,2908.6651274301703,0.2641359541800009,0.5554606727550409,0,True,0.05282719083600018,completed,completed,100
12594->12589,12594,12589,1,"(26688,)",0.5,1,0.5,127.0,0.564,False,11012.0,4293.635330857163,6051.109269703219,1560.020836878103,0.0,6175.910936653468,0.5608346291911975,0.5812118060979534,0,True,0.1121669258382395,completed,completed,100
12758->10352,12758,10352,1,"(27247,)",0.5,1,0.5,127.0,0.564,False,11012.0,4256.39527573653,4836.292489077409,1988.3446502369218,0.0,4995.360061096363,0.4536287741642175,0.5748474709757788,0,True,0.09072575483284351,completed,completed,100
1993->10871,1993,10871,1,"(2080,)",0.5,1,0.5,152.4,0.509,False,11012.0,975.8572415559597,1086.4195163044612,449.1992865037277,0.0,1122.3554592247594,0.10192112779011618,0.5508700323279254,0,True,0.020384225558023238,completed,completed,100
2061->12589,2061,12589,1,"(2265,)",0.5,1,0.5,127.0,0.564,False,11012.0,2137.6026245724324,1613.5516401331527,776.6622869279839,0.0,1675.6846230873914,0.15216896322987572,0.5350674118926575,0,True,0.030433792645975146,completed,completed,100
2069->10165,2069,10165,1,"(2282,)",0.5,1,0.5,177.8,0.509,False,11012.0,1677.8427720237669,2719.6632424033983,1029.776001329587,0.0,2802.0453225097654,0.25445380698417774,0.6007342957624953,0,True,0.05089076139683555,completed,completed,100
2085->10613,2085,10613,1,"(2311,)",0.5,1,0.5,177.8,0.509,False,11012.0,1551.4434355799997,2980.8143420835313,714.1488064404185,0.0,3037.946246598765,0.2758759758989071,0.602269257157514,0,True,0.05517519517978142,completed,completed,100
2085->10614,2085,10614,1,"(2312,)",0.5,1,0.5,177.8,0.509,False,11012.0,1489.5963830575595,2854.4086413741693,685.6798350761828,0.0,2909.263028180264,0.2641902495623196,0.6005471486805064,0,True,0.05283804991246393,completed,completed,100
2086->9626,2086,9626,1,"(2315,)",0.5,1,0.5,127.0,0.564,False,11012.0,3623.342881784514,2500.1101625186434,1895.7329957496577,0.0,2651.768802178616,0.240807192351854,0.5543793344827894,0,True,0.0481614384703708,completed,completed,100
2173->10909,2173,10909,1,"(2502,)",0.5,1,0.5,127.0,0.564,False,11012.0,2269.969271836547,1567.2686302775091,899.7332750188496,0.0,1639.247292279017,0.14886008829268227,0.5350727480419971,0,True,0.029772017658536456,completed,completed,100
2425->6375,2425,6375,1,"(3218,)",0.5,1,0.5,127.0,0.564,False,11012.0,2199.7383675761175,862.6438123892742,1150.9031139158249,0.0,954.7160615025402,0.08669778982042683,0.5187650698339846,0,True,0.01733955796408537,completed,completed,100
2435->10840,2435,10840,1,"(3246,)",0.5,1,0.5,88.9,0.637,False,11012.0,4468.741144161076,2031.4249391897677,1520.7684706223163,0.0,2153.086416839553,0.19552183225931283,0.4995602198464535,0,True,0.03910436645186257,completed,completed,100
2441->10632,2441,10632,1,"(3264,)",0.5,1,0.5,127.0,0.564,False,11012.0,1627.857822686039,794.5212186749225,760.4421543119068,0.0,855.356591019875,0.07767495377950191,0.5122396528403536,0,True,0.015534990755900382,completed,completed,100
4305->10352,4305,10352,1,"(6406,)",0.5,1,0.5,127.0,0.564,False,11012.0,3706.1158079728702,3307.877977983287,1671.5860264925914,0.0,3441.6048601026946,0.31253222485494864,0.5623289156573078,0,True,0.06250644497098973,completed,completed,100
4406->10580,4406,10580,1,"(6693,)",0.5,1,0.5,127.0,0.564,False,11012.0,1730.710268192342,628.7282562358027,905.5076123182336,0.0,701.1688652212614,0.06367316247922825,0.5070397034019651,0,True,0.01273463249584565,completed,completed,100
4428->6286,4428,6286,1,"(6762,)",0.5,1,0.5,127.0,0.564,False,11012.0,3929.5491061334696,3230.597920127608,2055.9400923290314,0.0,3395.0731275139306,0.3083066770354096,0.5625647622246428,0,True,0.06166133540708192,completed,completed,100
4431->8371,4431,8371,1,"(6771,)",0.5,1,0.5,203.2,0.463,False,11012.0,1489.528100457594,4177.423949511093,1090.740804471447,0.0,4264.683213868809,0.38727599108870403,0.6448815212863686,0,True,0.07745519821774081,completed,completed,100
4436->5864,4436,5864,1,"(6787,)",0.5,1,0.5,127.0,0.564,False,11012.0,3111.6625472618307,1657.9095309855495,1628.02184472739,0.0,1788.1512785637408,0.16238206307335096,0.5410784417662847,0,True,0.03247641261467019,completed,completed,100
4452->12452,4452,12452,1,"(6842,)",0.5,1,0.5,88.9,0.637,False,11012.0,3438.5306486433988,415.8618852089542,1497.8239505490646,0.0,535.6878012528794,0.048645822852604374,0.45562766108170516,0,True,0.009729164570520876,completed,completed,100
4458->8531,4458,8531,1,"(6860,)",0.5,1,0.5,127.0,0.564,False,11012.0,1219.6444488540662,628.5196735944529,550.1017031383169,0.0,672.5278098455183,0.06107226751230642,0.5019957788200005,0,True,0.012214453502461285,completed,completed,100
4550->7032,4550,7032,1,"(7108,)",0.5,1,0.5,127.0,0.564,False,11012.0,2661.425546218526,1530.7213665816616,1243.2659337335117,0.0,1630.1826412803425,0.1480369271050075,0.5366428189916459,0,True,0.029607385421001498,completed,completed,100
4551->2885,4551,2885,1,"(7109,)",0.5,1,0.5,127.0,0.564,False,11012.0,1301.927583456875,1043.1891506271227,425.73031979039814,0.0,1077.2475762103545,0.09782487978662863,0.5166156423311622,0,True,0.019564975957325727,completed,completed,100
4998->12220,4998,12220,1,"(8543,)",0.5,1,0.5,127.0,0.564,False,11012.0,1635.0149801101304,1188.1092224690253,594.0554427733475,0.0,1235.6336578908931,0.1122079238912907,0.5231486588232883,0,True,0.02244158477825814,completed,completed,100
5166->5168,5166,5168,1,"(9009,)",0.5,1,0.5,63.5,0.637,False,11012.0,3162.3212994282844,273.59905029347163,1377.507158030961,0.0,383.7996229359485,0.03485285351761247,0.42794806566668653,0,True,0.006970570703522494,completed,completed,100
5167->10343,5167,10343,1,"(9014,)",0.5,1,0.5,127.0,0.564,False,11012.0,3539.7974217421483,2799.041731281444,1653.5910812995467,0.0,2931.329017785408,0.2661940626394304,0.5570865192197718,0,True,0.053238812527886085,completed,completed,100
5254->10548,5254,10548,1,"(9272,)",0.5,1,0.5,127.0,0.564,False,11012.0,2418.001764292158,1638.120525380405,988.3582211544197,0.0,1717.1891830727586,0.15593799337747535,0.5371334067369403,0,True,0.031187598675495073,completed,completed,100
5267->10549,5267,10549,1,"(9317,)",0.5,1,0.5,127.0,0.564,False,11012.0,2715.5900106319823,1686.0532530874577,1224.8247358298736,0.0,1784.0392319538475,0.16200864801615034,0.5395265583268852,0,True,0.03240172960323007,completed,completed,100
5337->5344,5337,5344,1,"(9459,)",0.5,1,0.5,127.0,0.564,False,11012.0,2544.046782349338,1420.6906987738207,1188.4332826117625,0.0,1515.7653613827617,0.1376466910082421,0.5340016599578148,0,True,0.02752933820164842,completed,completed,100
5371->5372,5371,5372,1,"(9475,)",0.5,1,0.5,127.0,0.564,False,11012.0,2702.0047619099205,1571.130073386366,1262.222224492206,0.0,1672.1078513457423,0.15184415649707067,0.537557834444887,0,True,0.030368831299414135,completed,completed,100
5514->10558,5514,10558,1,"(9796,)",0.5,1,0.5,127.0,0.564,False,11012.0,3002.866851025799,1525.2455602557309,1571.0999364566983,0.0,1650.9335551722668,0.14992131812316262,0.5383320128730122,0,True,0.029984263624632523,completed,completed,100
5565->10555,5565,10555,1,"(9875,)",0.5,1,0.5,127.0,0.564,False,11012.0,2401.7449293561535,1388.6254206668934,1083.269781930293,0.0,1475.2870032213168,0.13397085027436587,0.53257482338773,0,True,0.026794170054873175,completed,completed,100
5567->5802,5567,5802,1,"(9878,)",0.5,1,0.5,127.0,0.564,False,11012.0,2209.4709630315,1513.2353934040334,875.753945347031,0.0,1583.295709031796,0.143779123595332,0.5337525112979179,0,True,0.0287558247190664,completed,completed,100
5617->8760,5617,8760,1,"(9928,)",0.5,1,0.5,127.0,0.564,False,11012.0,3123.0755020706697,2593.440311738152,1237.8735626389202,0.0,2692.4701967492656,0.24450328702772117,0.5532099573505104,0,True,0.04890065740554424,completed,completed,100
5625->5617,5625,5617,1,"(9955,)",0.5,1,0.5,127.0,0.564,False,11012.0,1985.397470965111,1076.660049908105,895.4827213870226,0.0,1148.298667619067,0.10427703120405621,0.523099620230862,0,True,0.020855406240811242,completed,completed,100
5636->5821,5636,5821,1,"(9992,)",0.5,1,0.5,127.0,0.564,False,11012.0,1932.3461885220024,1229.4294487236255,789.8465045583686,0.0,1292.617169088295,0.1173825979920355,0.5263008368691566,0,True,0.023476519598407103,completed,completed,100
5750->10563,5750,10563,1,"(10202,)",0.5,1,0.5,127.0,0.564,False,11012.0,3058.659323688308,1591.5872894357055,1600.290558153723,0.0,1719.6105340880033,0.15615787632473696,0.5397366117977505,0,True,0.031231575264947395,completed,completed,100
5753->5747,5753,5747,1,"(10204,)",0.5,1,0.5,127.0,0.564,False,11012.0,3083.6384088860113,1622.4324237514825,1613.3596155291614,0.0,1751.5011929938155,0.15905386787085138,0.540368077234902,0,True,0.031810773574170274,completed,completed,100
5793->5791,5793,5791,1,"(10229,)",0.5,1,0.5,127.0,0.564,False,11012.0,3124.0618231640597,1673.9068362910557,1634.5091458794361,0.0,1804.6675679614107,0.16388190773350986,0.5413933896676005,0,True,0.032776381546701976,completed,completed,100
5794->8408,5794,8408,1,"(10238,)",0.5,1,0.5,127.0,0.564,False,11012.0,3125.540820047532,2507.4081497458546,1277.564810194429,0.0,2609.613334561409,0.23697905326565646,0.5522950301795451,0,True,0.047395810653131296,completed,completed,100
5795->8300,5795,8300,1,"(10239,)",0.25,2,0.5,127.0,0.564,False,11012.0,1992.0500102499645,474.0019788306872,465.2859666798132,0.0,511.2248561650723,0.046424342187166026,0.4992494445271244,0,True,0.009284868437433206,completed,completed,100
5802->5567,5802,5567,1,"(10264,)",0.5,1,0.5,127.0,0.564,False,11012.0,2522.1847241442265,1813.0476361697113,999.7023088426207,0.0,1893.023820877121,0.1719055413074029,0.5404729975958397,0,True,0.03438110826148058,completed,completed,100
5816->10334,5816,10334,1,"(10318,)",0.5,1,0.5,127.0,0.564,False,11012.0,3052.338762659693,2482.8018943803036,1209.8360913814786,0.0,2579.5887816908216,0.23425252285604992,0.5516948191571431,0,True,0.04685050457120998,completed,completed,100
5816->5818,5816,5818,1,"(10316,)",0.5,1,0.5,127.0,0.564,False,11012.0,2737.19651195543,2055.1278888090487,1084.925162920516,0.0,2141.92190184269,0.19450798236856975,0.5450139525583102,0,True,0.038901596473713954,completed,completed,100
5818->5816,5818,5816,1,"(10321,)",0.5,1,0.5,127.0,0.564,False,11012.0,2382.0106636494847,1672.060929728911,944.1424085010685,0.0,1747.5923224089966,0.15869890323365388,0.5374884128680262,0,True,0.031739780646730775,completed,completed,100
5818->5997,5818,5997,1,"(10322,)",0.5,1,0.5,127.0,0.564,False,11012.0,2313.439220404652,1607.1643665192337,916.9631819058441,0.0,1680.5214210717013,0.15260819297781522,0.5360140312211293,0,True,0.030521638595563047,completed,completed,100
5862->5861,5862,5861,1,"(10402,)",0.5,1,0.5,127.0,0.564,False,11012.0,1554.9362725954136,555.1527446900348,813.5426578219204,0.0,620.2361573157884,0.056323661216471886,0.5022530840196192,0,True,0.011264732243294377,completed,completed,100
5864->4436,5864,4436,1,"(10405,)",0.5,1,0.5,127.0,0.564,False,11012.0,3369.979239877916,2032.926949592146,1763.1731383041256,0.0,2173.9808006564763,0.1974192517850051,0.5477195854953777,0,True,0.03948385035700103,completed,completed,100
5866->10569,5866,10569,1,"(10411,)",0.5,1,0.5,127.0,0.564,False,11012.0,3616.594596959212,2486.193492069889,1892.20229312906,0.0,2637.569675520214,0.23951776929896604,0.5542003824195275,0,True,0.04790355385979321,completed,completed,100
5866->10570,5866,10570,1,"(10412,)",0.5,1,0.5,127.0,0.564,False,11012.0,3311.7766922752685,1940.320567494175,1732.7215653984206,0.0,2078.9382927260485,0.18878843922321545,0.5462090247792697,0,True,0.03775768784464309,completed,completed,100
5870->10570,5870,10570,1,"(10423,)",0.5,1,0.5,127.0,0.564,False,11012.0,3848.3114944375534,3526.9226723415873,1797.7112266872573,0.0,3670.7395704765677,0.3333399537301642,0.5646438906524867,0,True,0.06666799074603284,completed,completed,100
5879->10565,5879,10565,1,"(10430,)",0.5,1,0.5,127.0,0.564,False,11012.0,2529.7535204090345,1080.7965633720169,1323.5670418780069,0.0,1186.6819267222575,0.10776261593918066,0.5267112064530735,0,True,0.021552523187836133,completed,completed,100
5883->5885,5883,5885,1,"(10440,)",0.5,1,0.5,127.0,0.564,False,11012.0,2325.444453872318,939.0444856229757,1216.6725382659968,0.0,1036.3782886842555,0.0941135387472081,0.521794140346078,0,True,0.01882270774944162,completed,completed,100
5921->5904,5921,5904,1,"(10481,)",0.5,1,0.5,127.0,0.564,False,11012.0,3387.1974836884365,2632.43112379944,1527.7428650567158,0.0,2754.650553003977,0.25014988676025945,0.5547694123126791,0,True,0.05002997735205189,completed,completed,100
5997->5818,5997,5818,1,"(10616,)",0.5,1,0.5,127.0,0.564,False,11012.0,2267.879457361055,1565.3737938810805,898.9049485540182,0.0,1637.286189765402,0.1486820005235563,0.5350273500094721,0,True,0.02973640010471126,completed,completed,100
6004->6002,6004,6002,1,"(10626,)",0.5,1,0.5,127.0,0.564,False,11012.0,2390.133915414535,1611.6999785187693,976.9672379256913,0.0,1689.8573575528246,0.1534559896070491,0.536533114261657,0,True,0.03069119792140982,completed,completed,100
6004->6214,6004,6214,1,"(10628,)",0.5,1,0.5,127.0,0.564,False,11012.0,2344.101639628074,1568.9974574563673,958.1515451979752,0.0,1645.6495810722054,0.14944148030078144,0.5355381108513572,0,True,0.02988829606015629,completed,completed,100
6051->6236,6051,6236,1,"(10720,)",0.5,1,0.5,152.4,0.509,False,11012.0,2412.1545767916423,2383.026783657804,1421.2414766456357,0.0,2496.726101789455,0.2267277607872734,0.5843480717459684,0,True,0.045345552157454685,completed,completed,100
6133->6138,6133,6138,1,"(10834,)",0.5,1,0.5,127.0,0.564,False,11012.0,3268.790008617996,1875.098581002639,1710.2309325089357,0.0,2011.917055603354,0.1827022389759675,0.5450985224962754,0,True,0.0365404477951935,completed,completed,100
6138->6133,6138,6133,1,"(10850,)",0.5,1,0.5,127.0,0.564,False,11012.0,3726.866481707914,2724.7552788943544,1949.8965432295809,0.0,2880.7470023527208,0.26160070853184897,0.5571335291544285,0,True,0.0523201417063698,completed,completed,100
6138->6142,6138,6142,1,"(10851,)",0.5,1,0.5,127.0,0.564,False,11012.0,3480.949156984594,2224.089937410448,1821.2325989343399,0.0,2369.788545325195,0.21520055805713723,0.5506206445199135,0,True,0.04304011161142745,completed,completed,100
6142->6138,6142,6138,1,"(10855,)",0.5,1,0.5,127.0,0.564,False,11012.0,4104.299481637812,3746.282301055867,2147.3694887929037,0.0,3918.071860159299,0.3558002052451234,0.5672726833030023,0,True,0.07116004104902468,completed,completed,100
6163->10577,6163,10577,1,"(10867,)",0.5,1,0.5,127.0,0.564,False,11012.0,3220.061408143755,1804.2808148102965,1684.7361287408128,0.0,1939.0597051095615,0.1760860611250964,0.5438451507014951,0,True,0.03521721222501928,completed,completed,100
6195->10578,6195,10578,1,"(10901,)",0.5,1,0.5,127.0,0.564,False,11012.0,3140.1272555886517,2104.221862155275,1466.8880179678417,0.0,2221.5729035927025,0.20174109186275904,0.5475894075069986,0,True,0.040348218372551814,completed,completed,100
6195->6285,6195,6285,1,"(10900,)",0.5,1,0.5,127.0,0.564,False,11012.0,3125.8224445163523,1676.1935041776383,1635.4303029709558,0.0,1807.0279284153148,0.16409625212634532,0.5414381424817628,0,True,0.032819250425269064,completed,completed,100
6236->6051,6236,6051,1,"(10954,)",0.5,1,0.5,152.4,0.509,False,11012.0,3007.5932527376294,3571.8619109279052,1772.0739445130112,0.0,3713.627826488946,0.33723463734915965,0.5984838040618831,0,True,0.06744692746983193,completed,completed,100
6257->6672,6257,6672,1,"(10981,)",0.25,2,0.5,152.4,0.509,False,11012.0,3377.1306894264308,1704.6941700493442,888.3059831294879,0.0,1775.7586486997031,0.1612566880402927,0.5779486552117469,0,True,0.03225133760805854,completed,completed,100
6260->10575,6260,10575,1,"(10989,)",0.5,1,0.5,152.4,0.509,False,11012.0,2988.172227966814,3522.7604017762033,1760.6310767180466,0.0,3663.610887913647,0.33269259788536565,0.5980125067423536,0,True,0.06653851957707313,completed,completed,100
6261->8652,6261,8652,1,"(10990,)",0.5,1,0.5,177.8,0.509,False,11012.0,759.766914306063,1361.8077019418135,385.909194749252,0.0,1392.6804375217537,0.12646934594276732,0.5714509387180664,0,True,0.025293869188553465,completed,completed,100
6262->6258,6262,6258,1,"(10993,)",0.5,1,0.5,177.8,0.509,False,11012.0,2014.9765342647581,3467.1999884935553,1187.2241739887954,0.0,3562.177922412659,0.3234814677091045,0.6098216773794584,0,True,0.06469629354182091,completed,completed,100
6263->6266,6263,6266,1,"(10997,)",0.5,1,0.5,177.8,0.509,False,11012.0,1505.3544434506175,2684.710729522921,791.9239625724141,0.0,2748.064646528714,0.24955182042578225,0.598977541281972,0,True,0.04991036408515645,completed,completed,100
6266->6263,6266,6263,1,"(11005,)",0.5,1,0.5,177.8,0.509,False,11012.0,1330.286227035163,2356.953781310186,699.8255758652839,0.0,2412.9398273794086,0.21911912707767967,0.593788064192868,0,True,0.043823825415535936,completed,completed,100
6270->6265,6270,6265,1,"(11012,)",0.5,1,0.5,177.8,0.509,False,11012.0,1642.9976875363839,2950.7942804923064,864.3341406218191,0.0,3019.941011742052,0.2742409200637534,0.6027183486283508,0,True,0.054848184012750684,completed,completed,100
6272->10577,6272,10577,1,"(11018,)",0.5,1,0.5,152.4,0.509,False,11012.0,1697.7734814354912,1496.7165556245702,1000.3281352617913,0.0,1576.7428064455135,0.1431840543448523,0.5669426586857186,0,True,0.02863681086897046,completed,completed,100
6272->10583,6272,10583,1,"(11019,)",0.5,1,0.5,177.8,0.509,False,11012.0,1247.623173880974,1462.4517987500963,1020.9716306259304,0.0,1544.1295292001707,0.14022244180895121,0.5799020438152397,0,True,0.028044488361790243,completed,completed,100
6272->8386,6272,8386,1,"(11017,)",0.5,1,0.5,152.4,0.509,False,11012.0,1925.3022042529578,1988.858600868186,1012.8464810230738,0.0,2069.886319350032,0.18796642929077662,0.5763521524615826,0,True,0.03759328585815533,completed,completed,100
6274->8383,6274,8383,1,"(11022,)",0.5,1,0.5,177.8,0.509,False,11012.0,939.7602240916286,1652.1530355400967,494.3810036024889,0.0,1691.7035158282958,0.15362363928698655,0.5795115933003914,0,True,0.030724727857397313,completed,completed,100
6276->6275,6276,6275,1,"(11028,)",0.5,1,0.5,127.0,0.564,False,11012.0,2958.6819008234447,1859.6517287774145,1382.1271165275236,0.0,1970.2218980996165,0.17891590066287835,0.5433934553172968,0,True,0.03578318013257567,completed,completed,100
6285->6195,6285,6195,1,"(11041,)",0.5,1,0.5,127.0,0.564,False,11012.0,2780.132965558812,1292.1943820367376,1454.5655675803705,0.0,1408.5596274431673,0.127911335583288,0.5328021964483582,0,True,0.0255822671166576,completed,completed,100
6286->4428,6286,4428,1,"(11044,)",0.5,1,0.5,127.0,0.564,False,11012.0,4095.694047389821,3718.997619088824,2142.8671255943545,0.0,3890.4269891363724,0.35328977380461063,0.5670405704379442,0,True,0.07065795476092213,completed,completed,100
6374->10343,6374,10343,1,"(11245,)",0.5,1,0.5,127.0,0.564,False,11012.0,3132.4521776305155,2608.5642106092496,1241.5901358608226,0.0,2707.8914214781153,0.24590368883746053,0.5534113777704224,0,True,0.04918073776749211,completed,completed,100
6374->6375,6374,6375,1,"(11240,)",0.5,1,0.5,127.0,0.564,False,11012.0,2764.722119734535,2088.729253769586,1095.8353129129614,0.0,2176.396078802623,0.1976385832548695,0.5455947240255163,0,True,0.039527716650973904,completed,completed,100
6375->6374,6375,6374,1,"(11247,)",0.5,1,0.5,127.0,0.564,False,11012.0,3097.849209768818,2553.2920877658275,1227.8747776901862,0.0,2651.5220699810425,0.24078478659471872,0.5526687582719205,0,True,0.04815695731894375,completed,completed,100
6389->6380,6389,6380,1,"(11296,)",0.5,1,0.5,152.4,0.509,False,11012.0,1383.7776061858779,1556.5965104914308,636.9701293474369,0.0,1607.5541208392258,0.14598203058837866,0.5652861563281465,0,True,0.029196406117675735,completed,completed,100
6672->6257,6672,6257,1,"(11775,)",0.25,2,0.5,152.4,0.509,False,11012.0,2984.657493561635,1486.8036598457975,785.0715157171943,0.0,1549.609381103173,0.140720067299598,0.5725781147582825,0,True,0.028144013459919598,completed,completed,100
6702->6698,6702,6698,1,"(11855,)",0.5,1,0.5,203.2,0.463,False,11012.0,529.6648507162873,1453.3775773237467,387.85912477451757,0.0,1484.406307305708,0.1347989745101442,0.6024411473850294,0,True,0.02695979490202884,completed,completed,100
6706->10589,6706,10589,1,"(11871,)",0.5,1,0.5,228.6,0.463,False,11012.0,310.98282466489366,1646.5949452963291,178.926189476837,0.0,1660.909040454476,0.1508271921952848,0.6169018078550996,0,True,0.03016543843905696,completed,completed,100
6750->8351,6750,8351,1,"(11985,)",0.5,1,0.5,152.4,0.509,False,11012.0,1464.7805601066116,1268.723720983375,863.0487060148155,0.0,1337.7676174645603,0.1214827113571159,0.5604796254341449,0,True,0.02429654227142318,completed,completed,100
6802->11952,6802,11952,1,"(12054,)",0.25,2,0.5,177.8,0.509,False,11012.0,1044.2316122376046,915.7626627805555,274.6702080046413,0.0,937.7362794209268,0.08515585537785388,0.5632342082773997,0,True,0.017031171075570777,completed,completed,100
6882->8380,6882,8380,1,"(12138,)",0.5,1,0.5,177.8,0.509,False,11012.0,1175.2619989941536,1922.758233558846,692.4643698073553,0.0,1978.1553831434346,0.17963634064143066,0.5865684568740553,0,True,0.03592726812828614,completed,completed,100
6887->10596,6887,10596,1,"(12158,)",0.5,1,0.5,177.8,0.509,False,11012.0,1172.9725124636034,1918.911560472721,691.1154043435552,0.0,1974.2007928202054,0.17927722419362563,0.5864880966910285,0,True,0.035855444838725124,completed,completed,100
6944->6940,6944,6940,1,"(12284,)",0.5,1,0.5,177.8,0.509,False,11012.0,943.0250532030828,1784.2648669532718,434.08621980254406,0.0,1818.9917645374753,0.16518268838880087,0.581692425179413,0,True,0.03303653767776018,completed,completed,100
6954->6955,6954,6955,1,"(12292,)",0.5,1,0.5,228.6,0.463,False,11012.0,206.9922484043033,1035.4694538354945,151.57477826333297,0.0,1047.5954360965611,0.09513216818893581,0.598869684218254,0,True,0.019026433637787166,completed,completed,100
6964->10600,6964,10600,1,"(12301,)",0.5,1,0.5,228.6,0.463,False,11012.0,323.72335770642684,1619.4693144292462,237.05378602956978,0.0,1638.4336173116117,0.148786198448203,0.6169357368961093,0,True,0.029757239689640603,completed,completed,100
6968->6978,6968,6978,1,"(12308,)",0.5,1,0.5,228.6,0.463,False,11012.0,875.8547214669783,4391.438901193567,641.3645255833189,0.0,4442.748063240233,0.4034460645877436,0.6572392477188466,0,True,0.08068921291754873,completed,completed,100
6978->6968,6978,6968,1,"(12315,)",0.5,1,0.5,228.6,0.463,False,11012.0,395.88107434690806,1980.5527069410518,289.8929139876676,0.0,2003.7441400600653,0.1819600563076703,0.6250694461856322,0,True,0.03639201126153406,completed,completed,100
7004->12185,7004,12185,1,"(12346,)",0.5,1,0.5,152.4,0.509,False,11012.0,2362.453322811137,2307.3207465767755,1391.9574978003218,0.0,2418.677346400801,0.21964015132589912,0.5831828288752179,0,True,0.04392803026517983,completed,completed,100
7032->4550,7032,4550,1,"(12439,)",0.5,1,0.5,127.0,0.564,False,11012.0,3313.9022488589653,2376.989412064384,1548.0657648241167,0.0,2500.8346732503132,0.22710086026610182,0.5516748609940066,0,True,0.04542017205322037,completed,completed,100
7041->10606,7041,10606,1,"(12460,)",0.5,1,0.5,228.6,0.463,False,11012.0,703.363590398543,3636.9749398331546,453.24749765282104,0.0,3673.23473964538,0.3335665401058282,0.6492306027626571,0,True,0.06671330802116564,completed,completed,100
7045->10608,7045,10608,1,"(12475,)",0.5,1,0.5,203.2,0.463,False,11012.0,544.0317794537654,1492.8603118507551,398.37963486364356,0.0,1524.7306826398467,0.13846083205955745,0.6035240946957594,0,True,0.02769216641191149,completed,completed,100
7046->8372,7046,8372,1,"(12478,)",0.5,1,0.5,203.2,0.463,False,11012.0,1132.400483868629,3460.4021518241743,651.5347069687003,0.0,3512.52492838167,0.3189724780586333,0.636161553500143,0,True,0.06379449561172666,completed,completed,100
7052->7456,7052,7456,1,"(12500,)",0.5,1,0.5,152.4,0.509,False,11012.0,2529.6709558863463,2573.8449520338227,1490.4821272082352,0.0,2693.0835222104815,0.2445589831284491,0.5871033179784582,0,True,0.04891179662568982,completed,completed,100
7283->7495,7283,7495,1,"(12842,)",0.5,1,0.5,127.0,0.564,False,11012.0,2907.007728401943,1796.5816884049311,1357.9878959820508,0.0,1905.2207200834953,0.17301314203446197,0.5422103296778911,0,True,0.0346026284068924,completed,completed,100
7424->7513,7424,7513,1,"(13303,)",0.5,1,0.5,127.0,0.564,False,11012.0,3753.5921571913964,3799.392125336361,1534.2807942519835,0.0,3922.1345888765195,0.35616914174323644,0.5663297053162427,0,True,0.07123382834864729,completed,completed,100
7437->2553,7437,2553,1,"(13342,)",0.25,2,0.5,127.0,0.564,False,11012.0,5250.0107649278,1495.5228111705965,1226.252514379565,0.0,1593.6230123209616,0.14471694626961148,0.5433777605181898,0,True,0.0289433892539223,completed,completed,100
7455->10608,7455,10608,1,"(13376,)",0.5,1,0.5,177.8,0.509,False,11012.0,946.0712534006727,1541.7133031217015,557.4251825036763,0.0,1586.3073177219956,0.1440526078570646,0.5776843056307404,0,True,0.028810521571412923,completed,completed,100
7456->7052,7456,7052,1,"(13377,)",0.5,1,0.5,152.4,0.509,False,11012.0,2011.5617582063967,1840.8794768659995,1185.2121879352087,0.0,1935.6964519008163,0.17578064401569346,0.574849619207307,0,True,0.035156128803138696,completed,completed,100
7457->7902,7457,7902,1,"(13384,)",0.5,1,0.5,127.0,0.564,False,11012.0,3431.4190826960703,1961.365132846811,1870.1234000693585,0.0,2110.9750048523597,0.19169769386599705,0.5470476319449604,0,True,0.038339538773199414,completed,completed,100
7474->7463,7474,7463,1,"(13440,)",0.5,1,0.5,127.0,0.564,False,11012.0,2863.997036807552,1746.1108576828601,1337.8957586229565,0.0,1853.1425183726967,0.16828391921292196,0.5412291210726288,0,True,0.033656783842584394,completed,completed,100
7555->10164,7555,10164,1,"(13683,)",0.5,1,0.5,177.8,0.509,False,11012.0,800.2436213753807,1171.2987250837862,535.7994792208799,0.0,1214.1626834214564,0.11025814415378282,0.5679646779472601,0,True,0.022051628830756564,completed,completed,100
7569->7568,7569,7568,1,"(13734,)",0.5,1,0.5,127.0,0.564,False,11012.0,2655.800914103449,1525.220537895541,1240.638427016897,0.0,1624.4716120568926,0.14751830839601277,0.53651609479275,0,True,0.029503661679202556,completed,completed,100
7585->8366,7585,8366,1,"(13789,)",0.5,1,0.5,152.4,0.509,False,11012.0,2467.9291434374622,3122.676870634252,1136.0186338385568,0.0,3213.5583613413364,0.2918233165039354,0.5920548026212077,0,True,0.05836466330078708,completed,completed,100
7589->7590,7589,7590,1,"(13806,)",0.5,1,0.5,127.0,0.564,False,11012.0,3619.1636376881997,2491.4813216504094,1893.5464152384661,0.0,2642.9650348694868,0.24000772201866025,0.5542684996802816,0,True,0.048001544403732055,completed,completed,100
7590->7589,7590,7589,1,"(13808,)",0.5,1,0.5,127.0,0.564,False,11012.0,3626.151754002269,2505.9282755992986,1897.2025976939874,0.0,2657.7044834148173,0.24134621171583884,0.5544538429055492,0,True,0.04826924234316777,completed,completed,100
7590->7592,7590,7592,1,"(13810,)",0.5,1,0.5,127.0,0.564,False,11012.0,1550.503491494202,810.2101507473744,699.330540301523,0.0,866.1565939714962,0.07865570232214822,0.5120796195027697,0,True,0.015731140464429645,completed,completed,100
7591->7590,7591,7590,1,"(13811,)",0.5,1,0.5,127.0,0.564,False,11012.0,2531.7388743131883,954.9704711287374,1379.7976865006879,0.0,1065.3542860487923,0.09674484980464877,0.5235347139378028,0,True,0.019348969960929756,completed,completed,100
7638->10383,7638,10383,1,"(13962,)",0.5,1,0.5,127.0,0.564,False,11012.0,2339.245924441187,1809.2672252550233,849.9260192136314,0.0,1877.2613067921138,0.170474147002553,0.5394053813647358,0,True,0.034094829400510604,completed,completed,100
7638->10388,7638,10388,1,"(13963,)",0.5,1,0.5,127.0,0.564,False,11012.0,2021.8896663929086,1508.9205896111343,734.6199121227569,0.0,1567.6901825809548,0.1423619853415324,0.5324930850282072,0,True,0.028472397068306482,completed,completed,100
7681->10388,7681,10388,1,"(14111,)",0.5,1,0.5,127.0,0.564,False,11012.0,2185.3599662959714,1658.251763173968,794.0141210875364,0.0,1721.7728928609708,0.15635424017989202,0.5361097035375549,0,True,0.031270848035978405,completed,completed,100
7810->7819,7810,7819,1,"(14507,)",0.5,1,0.5,63.5,0.637,False,11012.0,1497.267299750101,5.812504410886447,582.3300319385215,0.0,52.39890696596817,0.00475834607391647,0.3614264242677366,2,False,0.007137519110874705,completed,completed,100
7902->7457,7902,7457,1,"(14774,)",0.5,1,0.5,127.0,0.564,False,11012.0,3260.532789461785,1697.2240676463614,1776.9903702566728,0.0,1839.3832972668952,0.16703444399445108,0.5424222835586363,0,True,0.03340688879889022,completed,completed,100
8327->10366,8327,10366,1,"(15282,)",0.5,1,0.5,127.0,0.564,False,11012.0,2969.6288999975504,1873.3662957503689,1387.240928998856,0.0,1984.3455700702773,0.18019847167365394,0.543644728701862,0,True,0.03603969433473079,completed,completed,100
8351->6750,8351,6750,1,"(15311,)",0.5,1,0.5,152.4,0.509,False,11012.0,1415.961342453548,1222.9980831136181,834.2844229736304,0.0,1289.7408369515085,0.11712139819755799,0.5590304893731763,0,True,0.0234242796395116,completed,completed,100
8371->4431,8371,4431,1,"(15353,)",0.5,1,0.5,203.2,0.463,False,11012.0,1879.1614198861987,5447.506156162391,1376.058657925757,0.0,5557.590848796452,0.5046849662909964,0.6552385265639373,0,True,0.10093699325819927,completed,completed,100
8372->10601,8372,10601,1,"(15360,)",0.5,1,0.5,228.6,0.463,False,11012.0,1355.577163794165,7024.502563333632,909.9311711968331,0.0,7097.297057029378,0.6445057262104412,0.6758403775424766,0,True,0.12890114524208826,completed,completed,100
8372->7046,8372,7046,1,"(15358,)",0.5,1,0.5,203.2,0.463,False,11012.0,1358.1689473620224,4180.268527317444,781.4322050715064,0.0,4242.7831037231645,0.3852872415295282,0.6437235286394914,0,True,0.07705744830590565,completed,completed,100
8377->10595,8377,10595,1,"(15370,)",0.5,1,0.5,228.6,0.463,False,11012.0,514.428639172672,2658.2701059797314,331.49781508286975,0.0,2684.789931186361,0.2438058419166692,0.6365633211349694,0,True,0.048761168383333844,completed,completed,100
8380->6882,8380,6882,1,"(15378,)",0.5,1,0.5,177.8,0.509,False,11012.0,1104.2736330995917,1803.9194954965708,650.6380246222793,0.0,1855.970537466353,0.1685407316987244,0.5840062671093907,0,True,0.033708146339744886,completed,completed,100
8383->6274,8383,6274,1,"(15390,)",0.5,1,0.5,177.8,0.509,False,11012.0,990.6060217097119,1742.59941807185,521.1295249922877,0.0,1784.289780071233,0.16203140029706076,0.581659530251334,0,True,0.03240628005941215,completed,completed,100
8386->6272,8386,6272,1,"(15398,)",0.5,1,0.5,152.4,0.509,False,11012.0,2396.6073237049263,2668.6226549778785,1260.7866385061986,0.0,2769.4855860583743,0.2514970564891368,0.5873409860170656,0,True,0.05029941129782736,completed,completed,100
8399->10578,8399,10578,1,"(15408,)",0.5,1,0.5,127.0,0.564,False,11012.0,2785.6549698610047,1658.6329764621946,1301.2988216350693,0.0,1762.7368821930002,0.16007418109271704,0.5394493363932248,0,True,0.03201483621854341,completed,completed,100
8407->5883,8407,5883,1,"(15418,)",0.5,1,0.5,127.0,0.564,False,11012.0,2820.0989279099317,1330.5639603764014,1475.4757590824763,0.0,1448.6020211029995,0.13154758636968758,0.5337857115821156,0,True,0.026309517273937516,completed,completed,100
8408->5794,8408,5794,1,"(15421,)",0.5,1,0.5,127.0,0.564,False,11012.0,2628.880426646959,1853.6929015784115,1074.5548743919446,0.0,1939.657291529767,0.17614032796310997,0.5416434798175419,0,True,0.035228065592621996,completed,completed,100
8531->10841,8531,10841,1,"(15627,)",0.5,1,0.5,127.0,0.564,False,11012.0,3646.835903014971,3530.5924553393556,1490.6441753573695,0.0,3649.843989367945,0.3314424254783822,0.5638890683706625,0,True,0.06628848509567645,completed,completed,100
8531->4458,8531,4458,1,"(15626,)",0.5,1,0.5,127.0,0.564,False,11012.0,1512.5506034954144,788.7088618651555,682.212479093794,0.0,843.285860192659,0.07657881040616228,0.5110195771509847,0,True,0.015315762081232457,completed,completed,100
8652->6261,8652,6261,1,"(15808,)",0.5,1,0.5,177.8,0.509,False,11012.0,675.7535532942583,1210.7304691346785,343.2362013801526,0.0,1238.1893652450908,0.11244000774110886,0.5667023849017654,0,True,0.022488001548221774,completed,completed,100
8760->5617,8760,5617,1,"(15951,)",0.5,1,0.5,127.0,0.564,False,11012.0,2370.1980340854752,1660.7025613658295,939.4603116920613,0.0,1735.8593863011945,0.15763343500737328,0.5372352368453583,0,True,0.03152668700147466,completed,completed,100
8771->10561,8771,10561,1,"(15979,)",0.5,1,0.5,127.0,0.564,False,11012.0,2521.7700524185575,1400.881807232155,1178.0268673440976,0.0,1495.123956619683,0.13577224451686187,0.533500804618326,0,True,0.027154448903372375,completed,completed,100
8806->8842,8806,8842,1,"(16105,)",0.5,1,0.5,127.0,0.564,False,11012.0,2201.297875711799,1147.5163327943244,1028.3205790825118,0.0,1229.7819791209254,0.11167653279340041,0.5262491668158695,0,True,0.022335306558680084,completed,completed,100
8842->8806,8842,8806,1,"(16136,)",0.5,1,0.5,127.0,0.564,False,11012.0,2712.21583201244,1581.5023884465338,1266.9922529543828,0.0,1682.8617686828845,0.15282072000389435,0.5377883163931365,0,True,0.03056414400077887,completed,completed,100
8972->10868,8972,10868,1,"(16500,)",0.5,1,0.5,88.9,0.637,False,11012.0,3816.5896294650743,642.4123786398998,1484.3807523169523,0.0,761.1628388252559,0.06912121674766218,0.46713171837592354,0,True,0.013824243349532438,completed,completed,100
8974->12550,8974,12550,1,"(16508,)",0.5,1,0.5,127.0,0.564,False,11012.0,2990.6424317300575,1511.1665481466055,1564.7041202811663,0.0,1636.3428777690988,0.1485963383371866,0.5380253279030942,0,True,0.02971926766743732,completed,completed,100
8990->10341,8990,10341,1,"(16563,)",0.5,1,0.5,152.4,0.509,False,11012.0,2033.6160662825182,1867.242054757483,1198.2065862536597,0.0,1963.0985816577756,0.1782690321156716,0.5753837189349058,0,True,0.03565380642313432,completed,completed,100
8992->9005,8992,9005,1,"(16570,)",0.25,2,0.5,152.4,0.509,False,11012.0,2853.3862364542765,1161.6227791574133,875.632901311906,0.0,1231.6734112623658,0.1118482937942577,0.5653055710313418,0,True,0.02236965875885154,completed,completed,100
9211->8974,9211,8974,1,"(17172,)",0.5,1,0.5,127.0,0.564,False,11012.0,2969.0088566028107,1486.6414520942317,1553.3854337745909,0.0,1610.912286796199,0.14628698572431884,0.537483523193283,0,True,0.029257397144863768,completed,completed,100
9625->10629,9625,10629,1,"(17569,)",0.5,1,0.5,177.8,0.509,False,11012.0,1206.5934075891766,1975.5014305876884,710.9248357515429,0.0,2032.375417447812,0.18456006333525354,0.5876539142274271,0,True,0.03691201266705071,completed,completed,100
9626->2086,9626,2086,1,"(17571,)",0.5,1,0.5,127.0,0.564,False,11012.0,3269.6953305927123,1876.4452223571022,1710.7045969661071,0.0,2013.3015901143908,0.18282796859011904,0.5451218641020472,0,True,0.03656559371802381,completed,completed,100
10340->5997,10340,5997,1,"(19083,)",0.51,1,0.51,127.0,0.564,False,11232.24,2501.2271946437672,1827.025250708389,1011.2234163654332,0.0,1907.9231240176236,0.1698613209847389,0.5406136646026574,0,True,0.033972264196947786,completed,completed,100
10558->5499,10558,5499,1,"(20038,)",0.51,1,0.51,127.0,0.564,False,11232.24,3269.5146678078036,1913.6999279869792,1744.822275680984,0.0,2053.285710041458,0.18280287013467109,0.5457022325940641,0,True,0.03656057402693422,completed,completed,100
10564->5750,10564,5750,1,"(20065,)",0.51,1,0.51,127.0,0.564,False,11232.24,3099.109589594429,2086.494260268063,1476.6814464476086,0.0,2204.628775983872,0.19627685804290793,0.54721990028442,0,True,0.039255371608581585,completed,completed,100
10564->5792,10564,5792,1,"(20067,)",0.51,1,0.51,127.0,0.564,False,11232.24,2613.344629329821,1514.148969211412,1245.2213823809552,0.0,1613.7666798018884,0.14367273845661135,0.536145158400079,0,True,0.028734547691322273,completed,completed,100
10565->5792,10565,5792,1,"(20070,)",0.51,1,0.51,127.0,0.564,False,11232.24,3180.9514055541476,2207.965534880598,1515.6779025836152,0.0,2329.2197670872874,0.2073691237978611,0.5491281731943466,0,True,0.041473824759572224,completed,completed,100
10571->5870,10571,5870,1,"(20099,)",0.51,1,0.51,127.0,0.564,False,11232.24,3891.486566307709,2986.090378645308,2163.277382210456,0.0,3159.152569222145,0.2812575736649275,0.5603305495922569,0,True,0.0562515147329855,completed,completed,100
10576->6145,10576,6145,1,"(20125,)",0.51,1,0.51,127.0,0.564,False,11232.24,3307.4174873783754,1972.2576697688662,1765.0496459842936,0.0,2113.4616414476095,0.18816029941023424,0.546681243095289,0,True,0.03763205988204685,completed,completed,100
10583->8385,10583,8385,1,"(20162,)",0.51,1,0.51,177.8,0.509,False,11232.24,1791.9127656985095,3079.471709446195,1076.910901580553,0.0,3165.6245815726393,0.2818337732787618,0.6050558215083274,0,True,0.05636675465575236,completed,completed,100
10584->6287,10584,6287,1,"(20166,)",0.51,1,0.51,152.4,0.509,False,11232.24,2060.756655934077,1938.1562419973372,1238.4817781098855,0.0,2037.2347842461281,0.18137386525271257,0.5766233170571818,0,True,0.03627477305054252,completed,completed,100
10584->8385,10584,8385,1,"(20167,)",0.51,1,0.51,177.8,0.509,False,11232.24,1218.3627891700953,2035.2722149521203,732.2165424866006,0.0,2093.8495383510485,0.1864142449191834,0.5886400135538533,0,True,0.03728284898383668,completed,completed,100
10588->6706,10588,6706,1,"(20186,)",0.51,1,0.51,228.6,0.463,False,11232.24,421.9249710576916,2223.547860321155,277.32622037656796,0.0,2245.7339579512804,0.19993642923862742,0.6291307993342183,0,True,0.039987285847725484,completed,completed,100
10589->8381,10589,8381,1,"(20192,)",0.51,1,0.51,203.2,0.463,False,11232.24,1173.4490697224094,3661.335522111352,688.6553501247348,0.0,3716.427950121331,0.33087148690923013,0.6382168367825919,0,True,0.06617429738184603,completed,completed,100
10596->8377,10596,8377,1,"(20225,)",0.51,1,0.51,203.2,0.463,False,11232.24,399.0189078413064,1183.1171165000876,262.27033989719655,0.0,1204.0987436918633,0.10720023287357315,0.5931785835685415,0,True,0.02144004657471463,completed,completed,100
10599->6950,10599,6950,1,"(20239,)",0.51,1,0.51,177.8,0.509,False,11232.24,1957.7585454513562,3087.8536519126737,1337.0245019085658,0.0,3194.815612065359,0.2844326342800153,0.606291600710044,0,True,0.05688652685600307,completed,completed,100
10599->7037,10599,7037,1,"(20241,)",0.51,1,0.51,177.8,0.509,False,11232.24,1619.4067710692345,2479.5117881700908,1105.9517714821282,0.0,2567.987929888661,0.22862651883227753,0.5977707978836121,0,True,0.045725303766455505,completed,completed,100
10601->7043,10601,7043,1,"(20249,)",0.51,1,0.51,228.6,0.463,False,11232.24,698.9137685448314,3650.5138113264993,478.52878447843244,0.0,3688.7961140847738,0.32841144011210355,0.6492864254696219,0,True,0.06568228802242071,completed,completed,100
10602->6999,10602,6999,1,"(20254,)",0.51,1,0.51,177.8,0.509,False,11232.24,1725.3716859642661,2661.9677098946877,1178.3190651335779,0.0,2756.2332351053738,0.24538589231581356,0.600551601065344,0,True,0.049077178463162716,completed,completed,100
10605->6909,10605,6909,1,"(20268,)",0.51,1,0.51,177.8,0.509,False,11232.24,1370.6293614277802,2071.516403424475,936.0526319867193,0.0,2146.4006139834123,0.19109283758034126,0.5906552727400144,0,True,0.03821856751606825,completed,completed,100
10605->7041,10605,7041,1,"(20269,)",0.51,1,0.51,203.2,0.463,False,11232.24,719.5892090825168,2230.2339644344174,422.301207195919,0.0,2264.018061010091,0.20156425263438915,0.6182468178058267,0,True,0.04031285052687783,completed,completed,100
10606->7044,10606,7044,1,"(20276,)",0.51,1,0.51,228.6,0.463,False,11232.24,370.20792190953614,1889.112263319499,276.5150279273581,0.0,1911.2334655536877,0.17015603882695596,0.6229439076305862,0,True,0.034031207765391196,completed,completed,100
10621->7586,10621,7586,2,"(28027, 28031)",0.51,1,0.51,127.0,0.564,False,11232.24,6987.800947317424,2760.573811221899,1664.7936628344673,0.0,2893.7573042486565,0.25762958272336206,0.5641187414339206,0,True,0.051525916544672416,completed,completed,100
10630->9625,10630,9625,1,"(20382,)",0.51,1,0.51,177.8,0.509,False,11232.24,1827.0441834177016,3148.8615697596365,1098.024321527104,0.0,3236.703515481805,0.2881618907254301,0.6059235074292757,0,True,0.05763237814508602,completed,completed,100
10632->10626,10632,10626,1,"(20392,)",0.51,1,0.51,127.0,0.564,False,11232.24,3166.71679090359,1764.9929125459983,1689.9627495007737,0.0,1900.1899325060601,0.1691728393006257,0.5430648707921358,0,True,0.03383456786012514,completed,completed,100
10636->9626,10636,9626,1,"(20410,)",0.51,1,0.51,127.0,0.564,False,11232.24,3243.0287642795847,1874.0007152071232,1730.6877024605005,0.0,2012.4557314039632,0.17916780013638983,0.5450201933021075,0,True,0.035833560027277965,completed,completed,100
10909->2229,10909,2229,1,"(21649,)",0.51,1,0.51,127.0,0.564,False,11232.24,4051.45427493575,4901.754926043046,1637.9661319540248,0.0,5032.792216599368,0.44806665603649565,0.5745302019542191,0,True,0.08961333120729914,completed,completed,100
12099->7003,12099,7003,1,"(25093,)",0.51,1,0.51,63.5,0.637,False,11232.24,4097.257847187926,796.0517475245375,1422.2350223435642,0.0,909.8305493120226,0.08100170129128496,0.4562388855956612,0,True,0.016200340258256993,completed,completed,100
12220->12331,12220,12331,1,"(25467,)",0.51,1,0.51,127.0,0.564,False,11232.24,2163.986803800604,1670.8924307654356,801.9735094885041,0.0,1735.050311524516,0.15447055186895187,0.5362295233118018,0,True,0.030894110373790376,completed,completed,100
12331->12220,12331,12220,1,"(25831,)",0.51,1,0.51,127.0,0.564,False,11232.24,1585.366119180984,1172.3202561457845,587.5366837684728,0.0,1219.3231908472624,0.10855565682777989,0.5224202260100367,0,True,0.02171113136555598,completed,completed,100
2069->10613,2069,10613,1,"(2283,)",0.51,1,0.51,177.8,0.509,False,11232.24,972.3886132854823,1454.5063302460055,664.0795435985934,0.0,1507.632693733893,0.1342236894630005,0.576480578519743,0,True,0.026844737892600102,completed,completed,100
2084->4431,2084,4431,1,"(2309,)",0.51,1,0.51,203.2,0.463,False,11232.24,854.4599250680141,2132.31916130121,780.0364655945899,0.0,2194.722078548777,0.19539487035077394,0.6191989978114854,0,True,0.03907897407015479,completed,completed,100
2463->8842,2463,8842,1,"(3326,)",0.51,1,0.51,127.0,0.564,False,11232.24,2812.676390630513,1721.940888266455,1340.2001190441451,0.0,1829.1568977899865,0.16284880823326306,0.540647194051187,0,True,0.032569761646652616,completed,completed,100
4053->6624,4053,6624,1,"(6008,)",0.51,1,0.51,127.0,0.564,False,11232.24,2428.910322667366,1752.2864868242527,981.9863624514829,0.0,1830.8453958203713,0.16299913426176535,0.5390757012891104,0,True,0.03259982685235307,completed,completed,100
4409->8358,4409,8358,1,"(6701,)",0.51,1,0.51,127.0,0.564,False,11232.24,2268.055955213379,921.3197923820138,1210.3798132829927,0.0,1018.1501774446532,0.09064533676672269,0.5209978402126121,0,True,0.01812906735334454,completed,completed,100
4426->8383,4426,8383,1,"(6756,)",0.51,1,0.51,177.8,0.509,False,11232.24,884.0912201488121,1584.4810183614468,474.39703379456586,0.0,1622.432781065012,0.1444442765703913,0.5776115247709968,0,True,0.02888885531407826,completed,completed,100
4429->8386,4429,8386,1,"(6765,)",0.51,1,0.51,127.0,0.564,False,11232.24,4027.8758580587196,4129.193218564275,1919.2253052812937,0.0,4282.731242986779,0.3812891500704026,0.5696975166560769,0,True,0.07625783001408053,completed,completed,100
4431->2084,4431,2084,1,"(6770,)",0.51,1,0.51,203.2,0.463,False,11232.24,1088.2657417487108,2727.8141209832493,993.4777956423981,0.0,2807.2923446346413,0.2499316560752478,0.6291063763014806,0,True,0.04998633121504956,completed,completed,100
4432->5507,4432,5507,1,"(6775,)",0.51,1,0.51,127.0,0.564,False,11232.24,1947.424346405366,1072.5470557838428,895.922643448339,0.0,1144.2208672597098,0.10186933926444858,0.5227841209933459,0,True,0.020373867852889718,completed,completed,100
5344->10332,5344,10332,1,"(9465,)",0.51,1,0.51,127.0,0.564,False,11232.24,2804.1546200540984,869.2387230938202,1700.5413308597165,0.0,1005.2820295625976,0.08949969280950172,0.522934673589597,0,True,0.017899938561900346,completed,completed,100
5507->4432,5507,4432,1,"(9781,)",0.51,1,0.51,127.0,0.564,False,11232.24,1772.507658592381,959.7073351334385,815.4513164784868,0.0,1024.9434404517174,0.09125013714554865,0.5185077231456627,0,True,0.018250027429109732,completed,completed,100
5565->5567,5565,5567,1,"(9873,)",0.51,1,0.51,127.0,0.564,False,11232.24,2118.4115542104832,1463.6031794922558,856.4545330804422,0.0,1532.119542138691,0.13640373978286532,0.5323233360446171,0,True,0.027280747956573065,completed,completed,100
5567->5565,5567,5565,1,"(9876,)",0.51,1,0.51,127.0,0.564,False,11232.24,2239.174033189,1570.3456526899056,905.2777054907384,0.0,1642.7678691291646,0.1462546980058443,0.5349872643232157,0,True,0.029250939601168865,completed,completed,100
5636->10334,5636,10334,1,"(9994,)",0.51,1,0.51,127.0,0.564,False,11232.24,2122.967240248191,835.7582365064646,1132.9511892998107,0.0,926.3943316504495,0.08247636550237972,0.517488797924058,0,True,0.016495273100475945,completed,completed,100
5791->5753,5791,5753,1,"(10222,)",0.51,1,0.51,127.0,0.564,False,11232.24,3081.953433711743,2062.0933288699316,1468.50678325745,0.0,2179.5738715305274,0.194046234013031,0.5468217166358478,0,True,0.0388092468026062,completed,completed,100
5792->10564,5792,10564,1,"(10227,)",0.51,1,0.51,127.0,0.564,False,11232.24,3133.6077843853554,2136.658412008322,1493.119343434131,0.0,2256.1079594830526,0.20086002075125287,0.5480224961320664,0,True,0.04017200415025057,completed,completed,100
5869->5879,5869,5879,1,"(10420,)",0.51,1,0.51,127.0,0.564,False,11232.24,2909.450065375188,1450.053358870911,1552.6687596883846,0.0,1574.2668596459819,0.14015609171865825,0.5365829463303784,0,True,0.02803121834373165,completed,completed,100
5879->5869,5879,5869,1,"(10428,)",0.51,1,0.51,127.0,0.564,False,11232.24,3181.366780779434,1785.3175509960217,1697.780921697876,0.0,1921.1400247318518,0.17103801421015324,0.543439102567054,0,True,0.03420760284203065,completed,completed,100
5879->8407,5879,8407,1,"(10429,)",0.51,1,0.51,127.0,0.564,False,11232.24,3350.6688963342103,2041.6732973048238,1788.1313658933002,0.0,2184.7238065762876,0.1945047298291603,0.5478025858716086,0,True,0.038900945965832066,completed,completed,100
5997->10340,5997,10340,1,"(10619,)",0.51,1,0.51,127.0,0.564,False,11232.24,2230.1205523042822,1562.1201975667573,901.6174654734189,0.0,1634.2495948046308,0.14549632084113506,0.5347895429629499,0,True,0.029099264168227015,completed,completed,100
6035->6225,6035,6225,1,"(10677,)",0.51,1,0.51,127.0,0.564,False,11232.24,1707.4148582048929,855.2079132023144,813.5587882938001,0.0,920.2926162658184,0.08193313321882531,0.5149199459925868,0,True,0.016386626643765063,completed,completed,100
6138->10570,6138,10570,1,"(10852,)",0.51,1,0.51,127.0,0.564,False,11232.24,2717.488048329367,1618.628478312159,1294.8442337711103,0.0,1722.2160170138477,0.15332792185831567,0.5384923315182777,0,True,0.030665584371663137,completed,completed,100
6145->10576,6145,10576,1,"(10860,)",0.51,1,0.51,127.0,0.564,False,11232.24,4588.041132530494,5762.740737653379,2448.472382950754,0.0,5958.618528289439,0.5304924510417726,0.5808762006813509,0,True,0.10609849020835452,completed,completed,100
6163->8402,6163,8402,1,"(10865,)",0.51,1,0.51,127.0,0.564,False,11232.24,3185.2339057074496,2214.5601718131898,1517.71845272809,0.0,2335.9776480314367,0.20797077413155673,0.5492284325292561,0,True,0.04159415482631135,completed,completed,100
6265->6262,6265,6262,1,"(11000,)",0.51,1,0.51,177.8,0.509,False,11232.24,2024.418681660373,3556.8491914296933,1216.6432369789777,0.0,3654.1806503880116,0.3253296448783156,0.6106261209051486,0,True,0.06506592897566313,completed,completed,100
6274->6270,6274,6270,1,"(11020,)",0.51,1,0.51,177.8,0.509,False,11232.24,1295.1421765236298,2338.131767409253,694.9640409070332,0.0,2393.7288906818158,0.21311233473303773,0.5932602118999797,0,True,0.04262246694660755,completed,completed,100
6287->10584,6287,10584,1,"(11051,)",0.51,1,0.51,152.4,0.509,False,11232.24,2419.972788894572,2443.097767050707,1454.3649265610156,0.0,2559.446961175588,0.22786612119894056,0.5851163933009558,0,True,0.045573224239788115,completed,completed,100
6374->8357,6374,8357,1,"(11243,)",0.51,1,0.51,127.0,0.564,False,11232.24,2108.2991590618253,1104.8592110541047,1004.5744307335449,0.0,1185.2251655127882,0.10551992883990978,0.5246888747412819,0,True,0.021103985767981958,completed,completed,100
6624->4053,6624,4053,1,"(11661,)",0.51,1,0.51,127.0,0.564,False,11232.24,2420.904802464068,1744.2098434351083,978.7498034107459,0.0,1822.509827707968,0.16225702332820238,0.5389049181527515,0,True,0.032451404665640476,completed,completed,100
6704->6707,6704,6707,1,"(11864,)",0.51,1,0.51,177.8,0.509,False,11232.24,1216.2577073474442,1828.578609846279,830.6266159005642,0.0,1895.0287391183242,0.1687133411606522,0.5856737050728857,0,True,0.03374266823213044,completed,completed,100
6706->10588,6706,10588,1,"(11870,)",0.51,1,0.51,228.6,0.463,False,11232.24,423.04108777590966,2229.4326389773946,278.0598305020521,0.0,2251.677425417559,0.20046557279915306,0.6292376215626873,0,True,0.04009311455983061,completed,completed,100
6707->6704,6707,6704,1,"(11873,)",0.51,1,0.51,177.8,0.509,False,11232.24,1488.2607717744893,2261.39273150832,1016.3873996183178,0.0,2342.7037234777854,0.20856959283969942,0.5941378707529378,0,True,0.041713918567939885,completed,completed,100
6866->6838,6866,6838,1,"(12110,)",0.51,1,0.51,228.6,0.463,False,11232.24,194.53142177385106,1050.5763407909685,114.16354388829555,0.0,1059.7094243020322,0.09434533310381832,0.5985356239359977,0,True,0.018869066620763666,completed,completed,100
6882->6885,6882,6885,1,"(12137,)",0.51,1,0.51,177.8,0.509,False,11232.24,1050.810617050266,1749.247889120476,631.5203678773371,0.0,1799.769518550663,0.16023246641370403,0.5825573432438985,0,True,0.032046493282740805,completed,completed,100
6883->8378,6883,8378,1,"(12142,)",0.51,1,0.51,177.8,0.509,False,11232.24,648.9847781887746,1161.4472887249115,348.240596370538,0.0,1189.3065364345546,0.10588329099400962,0.5650727859672229,0,True,0.021176658198801924,completed,completed,100
6885->6882,6885,6882,1,"(12148,)",0.51,1,0.51,177.8,0.509,False,11232.24,954.337479052207,1586.4480177738342,573.5415555107115,0.0,1632.3313422146912,0.14532553989361793,0.5786238823584507,0,True,0.029065107978723588,completed,completed,100
6909->10605,6909,10605,1,"(12228,)",0.51,1,0.51,177.8,0.509,False,11232.24,1214.053627327715,1825.1515364321124,829.1213695067266,0.0,1891.4812459926504,0.16839750984600138,0.5855985916070395,0,True,0.033679501969200276,completed,completed,100
6950->10599,6950,10599,1,"(12289,)",0.51,1,0.51,177.8,0.509,False,11232.24,1493.9508632870877,2270.704128494371,1020.2733700246898,0.0,2352.325998096346,0.20942625852869473,0.5943005499895544,0,True,0.04188525170573895,completed,completed,100
6978->8375,6978,8375,1,"(12317,)",0.51,1,0.51,228.6,0.463,False,11232.24,809.1373150254395,4135.492423537145,604.3593721800466,0.0,4183.841173311549,0.3724850228726905,0.6546021179976836,0,True,0.0744970045745381,completed,completed,100
6999->10602,6999,10602,1,"(12334,)",0.51,1,0.51,177.8,0.509,False,11232.24,1264.8741583824872,1904.4438041446965,863.8285581833417,0.0,1973.550088799364,0.17570405269112518,0.5873000921015528,0,True,0.035140810538225035,completed,completed,100
7007->7895,7007,7895,1,"(12358,)",0.51,1,0.51,152.4,0.509,False,11232.24,2152.6503861670653,1945.8923237886504,1347.612958000237,0.0,2053.7013604286694,0.18283987525450573,0.5773365704364845,0,True,0.03656797505090115,completed,completed,100
7022->7023,7022,7023,1,"(12414,)",0.51,1,0.51,127.0,0.564,False,11232.24,2767.3664339340567,1671.7794698846621,1318.6105719633792,0.0,1777.2683156417324,0.15822919699380822,0.539620072932259,0,True,0.031645839398761644,completed,completed,100
7023->7022,7023,7022,1,"(12417,)",0.51,1,0.51,127.0,0.564,False,11232.24,2991.4194961564585,1939.0651467743069,1425.368655354322,0.0,2053.0946392026526,0.1827858592055238,0.5447306112672102,0,True,0.03655717184110476,completed,completed,100
7037->10599,7037,10599,1,"(12452,)",0.51,1,0.51,177.8,0.509,False,11232.24,1313.5328092197608,1980.9406529182527,897.0593202456007,0.0,2052.7053985379007,0.18275120532840294,0.5888730826870653,0,True,0.03655024106568059,completed,completed,100
7040->7042,7040,7042,1,"(12455,)",0.51,1,0.51,228.6,0.463,False,11232.24,359.7787593966413,1877.5811185122468,246.33152208989537,0.0,1897.2876402794384,0.16891444985857126,0.6224168573283685,0,True,0.033782889971714254,completed,completed,100
7041->10605,7041,10605,1,"(12459,)",0.51,1,0.51,203.2,0.463,False,11232.24,838.6089103531575,2601.543842215268,492.1496191680412,0.0,2640.9158117487113,0.2351192470734877,0.624463008897133,0,True,0.04702384941469754,completed,completed,100
7042->7040,7042,7040,1,"(12461,)",0.51,1,0.51,228.6,0.463,False,11232.24,554.7989384115167,2896.195850928725,379.8569631569052,0.0,2926.5844079812778,0.2605521612769383,0.6399334016357313,0,True,0.05211043225538767,completed,completed,100
7042->7043,7042,7043,1,"(12462,)",0.51,1,0.51,228.6,0.463,False,11232.24,356.4689981061507,1860.3041200650482,244.06541127832872,0.0,1879.8293529673144,0.1673601483735492,0.6220432816614775,0,True,0.033472029674709844,completed,completed,100
7043->10601,7043,10601,1,"(12468,)",0.51,1,0.51,228.6,0.463,False,11232.24,497.66633475005733,2597.6179408073276,340.73969774499545,0.0,2624.877116626927,0.2336913310815053,0.6355360464666248,0,True,0.04673826621630106,completed,completed,100
7043->7042,7043,7042,1,"(12466,)",0.51,1,0.51,228.6,0.463,False,11232.24,605.2298617775746,3159.933401639079,414.3857556125609,0.0,3193.084262088084,0.28427849316682013,0.6434554558563672,0,True,0.05685569863336403,completed,completed,100
7044->10606,7044,10606,1,"(12471,)",0.51,1,0.51,228.6,0.463,False,11232.24,248.98900243054607,1270.4774004317653,185.9744129881463,0.0,1285.3553534708171,0.11443446306977212,0.6069152629803578,0,True,0.022886892613954424,completed,completed,100
7455->8371,7455,8371,1,"(13375,)",0.51,1,0.51,177.8,0.509,False,11232.24,2594.71854321072,4864.383837612163,1624.358676013491,0.0,4994.332531693242,0.444642611953915,0.622563452492731,0,True,0.08892852239078301,completed,completed,100
7457->7067,7457,7067,1,"(13382,)",0.51,1,0.51,127.0,0.564,False,11232.24,2857.5436364753714,913.6992464835918,1732.9183718363554,0.0,1052.3327162305002,0.0936885889395615,0.5244909077090739,0,True,0.018737717787912302,completed,completed,100
7515->7436,7515,7436,1,"(13559,)",0.51,1,0.51,127.0,0.564,False,11232.24,2844.167378842835,1757.9060721603469,1355.2051250560562,0.0,1866.3224821648314,0.16615763927451974,0.541362759374795,0,True,0.03323152785490395,completed,completed,100
7562->10616,7562,10616,1,"(13709,)",0.51,1,0.51,152.4,0.509,False,11232.24,2542.7169375674216,2517.6037811769324,1591.8043708406453,0.0,2644.948130844184,0.23547824217112384,0.5866264995107004,0,True,0.04709564843422477,completed,completed,100
7566->7474,7566,7474,1,"(13722,)",0.51,1,0.51,127.0,0.564,False,11232.24,2149.2604164675995,1133.318063351046,1024.0918847265762,0.0,1215.245414129172,0.10819261466360869,0.5256372813379813,0,True,0.02163852293272174,completed,completed,100
7586->10621,7586,10621,1,"(13795,)",0.51,1,0.51,127.0,0.564,False,11232.24,3522.9582307909673,2819.931288205503,1678.6392689971708,0.0,2954.2224297252765,0.263012758784114,0.5572644105587624,0,True,0.0526025517568228,completed,completed,100
7596->10384,7596,10384,1,"(13831,)",0.51,1,0.51,127.0,0.564,False,11232.24,2108.0879353037258,827.4776392068629,1125.0106399059275,0.0,917.4784903993371,0.08168259317814944,0.5171266152091131,0,True,0.016336518635629887,completed,completed,100
7672->10632,7672,10632,1,"(14078,)",0.51,1,0.51,127.0,0.564,False,11232.24,2932.670686301074,1475.4743174854138,1565.0607691341766,0.0,1600.679179016148,0.14250756563393838,0.5371610639270301,0,True,0.028501513126787677,completed,completed,100
7845->10416,7845,10416,1,"(14613,)",0.51,1,0.51,127.0,0.564,False,11232.24,1341.3895598102272,879.5628937751518,542.3116045807312,0.0,922.9478221416102,0.08216952470225086,0.5123762016240112,0,True,0.016433904940450172,completed,completed,100
7895->7007,7895,7007,1,"(14757,)",0.51,1,0.51,152.4,0.509,False,11232.24,2134.884627709599,1923.496883267497,1336.4911490619018,0.0,2030.4161751924491,0.1807668083296341,0.5769093834465628,0,True,0.03615336166592682,completed,completed,100
8082->8083,8082,8083,1,"(15036,)",0.17,3,0.51,127.0,0.564,False,11232.24,5218.110323128561,1752.0279300094223,446.2688505580258,0.0,1787.7294380540643,0.1591605448293541,0.5467065299401693,0,True,0.03183210896587082,completed,completed,100
8085->8081,8085,8081,1,"(15039,)",0.17,3,0.51,127.0,0.564,False,11232.24,7655.021631032555,2750.9055988404925,654.6810037986152,0.0,2803.280079144382,0.24957444633878745,0.5641743114507667,0,True,0.049914889267757494,completed,completed,100
8093->8094,8093,8094,1,"(15048,)",0.17,3,0.51,127.0,0.564,False,11232.24,5381.790740560032,1811.5841988296756,460.2673034888188,0.0,1848.4055831087812,0.16456250784427517,0.5480292038139158,0,True,0.032912501568855036,completed,completed,100
8096->8092,8096,8092,1,"(15051,)",0.17,3,0.51,127.0,0.564,False,11232.24,8020.972350484164,2931.996206174913,685.9782353283305,0.0,2986.8744650011795,0.2659197510916059,0.5665577749716899,0,True,0.05318395021832119,completed,completed,100
8352->4403,8352,4403,1,"(15314,)",0.51,1,0.51,152.4,0.509,False,11232.24,1936.6319616988785,1464.8979202289493,1322.5963896245894,0.0,1570.7056313989165,0.139839037573887,0.5682637050889568,0,True,0.0279678075147774,completed,completed,100
8371->7045,8371,7045,1,"(15354,)",0.51,1,0.51,203.2,0.463,False,11232.24,648.3227712688534,2097.1657650424586,332.91779506387667,0.0,2123.799188647569,0.1890806454142334,0.6152225363239526,0,True,0.03781612908284668,completed,completed,100
8375->6978,8375,6978,1,"(15361,)",0.51,1,0.51,228.6,0.463,False,11232.24,411.0308435541225,2097.5049019587677,307.00641033863866,0.0,2122.065414785859,0.18892628850397242,0.6271728355687795,0,True,0.03778525770079449,completed,completed,100
8378->6866,8378,6866,1,"(15373,)",0.51,1,0.51,203.2,0.463,False,11232.24,397.2361066973023,1229.9235726740974,233.1236840168361,0.0,1248.5734673954444,0.11115979247197749,0.5942010667427006,0,True,0.0222319584943955,completed,completed,100
8381->10589,8381,10589,1,"(15384,)",0.51,1,0.51,203.2,0.463,False,11232.24,835.4312114801972,2591.6062517129226,490.2847411887463,0.0,2630.8290310080224,0.23422122666609888,0.6243086010885137,0,True,0.04684424533321978,completed,completed,100
8385->10583,8385,10583,1,"(15395,)",0.51,1,0.51,177.8,0.509,False,11232.24,1392.1688964362183,2338.4264730251934,836.6712320558242,0.0,2405.3601715896593,0.2141478611202805,0.5941904787885894,0,True,0.0428295722240561,completed,completed,100
8385->10584,8385,10584,1,"(15396,)",0.51,1,0.51,177.8,0.509,False,11232.24,1564.8555415365422,2649.261965417112,940.4531427747972,0.0,2724.498216839096,0.24256054151612647,0.599145437757078,0,True,0.0485121083032253,completed,completed,100
8386->4429,8386,4429,1,"(15397,)",0.51,1,0.51,127.0,0.564,False,11232.24,2940.396159393047,1873.7621942471299,1401.0567642913675,0.0,1985.8467353904393,0.17679881621034088,0.5435592486400767,0,True,0.03535976324206818,completed,completed,100
8402->6163,8402,6163,1,"(15409,)",0.51,1,0.51,127.0,0.564,False,11232.24,3264.684750420523,2341.4377201418374,1555.575645221802,0.0,2465.8837717595816,0.2195362431500379,0.5510959390450852,0,True,0.043907248630007584,completed,completed,100
8407->5879,8407,5879,1,"(15417,)",0.51,1,0.51,127.0,0.564,False,11232.24,2965.20601897141,1512.0288856715467,1582.4237049083586,0.0,1638.6227820642155,0.14588566323940866,0.537973359560801,0,True,0.029177132647881732,completed,completed,100
8478->12328,8478,12328,1,"(15529,)",0.51,1,0.51,107.95,0.564,False,11232.24,3576.724411369755,2627.8529598663185,1325.5340668536317,0.0,2733.895685214609,0.24339719283193814,0.5424393741372449,0,True,0.04867943856638763,completed,completed,100
8696->2069,8696,2069,1,"(15830,)",0.51,1,0.51,203.2,0.463,False,11232.24,547.9216501979091,1597.132681529006,375.1482558492534,0.0,1627.1445419969464,0.14486376199199327,0.6055219052011566,0,True,0.028972752398398655,completed,completed,100
9625->10630,9625,10630,1,"(17570,)",0.51,1,0.51,177.8,0.509,False,11232.24,1395.2686844367768,2343.9107389506717,838.5341550475518,0.0,2410.993471354476,0.21464939062506463,0.5942838234717307,0,True,0.04292987812501293,completed,completed,100
9626->10636,9626,10636,1,"(17574,)",0.51,1,0.51,127.0,0.564,False,11232.24,3119.863155948354,1701.8382938271102,1664.9586512560224,0.0,1835.034985927592,0.16337213110898557,0.5418716894018979,0,True,0.032674426221797115,completed,completed,100
10543->5017,10543,5017,1,"(19968,)",0.52,1,0.52,127.0,0.564,False,11452.48,3571.995803858384,3489.9309929102947,1518.4554162201994,0.0,3611.4074262079107,0.3153384617312504,0.5633502243120542,0,True,0.06306769234625008,completed,completed,100
10559->5514,10559,5514,1,"(20042,)",0.52,1,0.52,127.0,0.564,False,11452.48,3113.2559095087136,1726.353029560661,1694.0097115291578,0.0,1861.8738064829936,0.1625738535656027,0.5422775198232211,0,True,0.03251477071312054,completed,completed,100
10582->6267,10582,6267,1,"(20157,)",0.52,1,0.52,177.8,0.509,False,11452.48,1918.3364637013967,3398.8435853579444,1175.4951981893776,0.0,3492.8832012130947,0.3049892426106044,0.6087056107535678,0,True,0.06099784852212088,completed,completed,100
10599->6944,10599,6944,1,"(20238,)",0.52,1,0.52,177.8,0.509,False,11452.48,857.2053260809911,1305.528968989475,596.895446877269,0.0,1353.2806047396566,0.1181648520442434,0.5719172586227272,0,True,0.02363297040884868,completed,completed,100
10600->6955,10600,6955,1,"(20243,)",0.52,1,0.52,228.6,0.463,False,11452.48,1216.6766031929383,6383.824228561899,926.576658206171,0.0,6457.950361218393,0.5638909966416351,0.6718727963760739,0,True,0.11277819932832703,completed,completed,100
10616->8324,10616,8324,1,"(20323,)",0.52,1,0.52,127.0,0.564,False,11452.48,1483.089431286124,470.39941618105183,840.6150896529751,0.0,537.6486233532898,0.04694604342057702,0.49752134521233915,0,True,0.009389208684115405,completed,completed,100
10811->12318,10811,12318,1,"(21205,)",0.52,1,0.52,127.0,0.564,False,11452.48,2119.660803010752,1660.8778660102016,800.9491620976628,0.0,1724.9537989780147,0.15061836379352025,0.5358315821017705,0,True,0.03012367275870405,completed,completed,100
10822->12364,10822,12364,1,"(21258,)",0.52,1,0.52,88.9,0.637,False,11452.48,4152.101559754342,1614.4260970651565,1469.5325445360559,0.0,1731.988700628041,0.151232632637476,0.49232983665136354,0,True,0.0302465265274952,completed,completed,100
10858->8971,10858,8971,1,"(21421,)",0.26,2,0.52,127.0,0.564,False,11452.48,860.5014105229532,272.01405492510645,182.89957480665373,0.0,286.64602090963876,0.02502916581470902,0.4730492362330116,0,True,0.0050058331629418045,completed,completed,100
12364->10822,12364,10822,1,"(25934,)",0.52,1,0.52,88.9,0.637,False,11452.48,4351.948748666632,1913.2911218889974,1540.263460871838,0.0,2036.5121987587445,0.17782281206854275,0.4976270583456241,0,True,0.035564562413708554,completed,completed,100
4415->5580,4415,5580,1,"(6723,)",0.52,1,0.52,127.0,0.564,False,11452.48,1869.3067618415355,1041.1651201856787,876.8466807821649,0.0,1111.312854648252,0.09703687364206286,0.5214762208119839,0,True,0.01940737472841257,completed,completed,100
4431->8696,4431,8696,1,"(6772,)",0.52,1,0.52,228.6,0.463,False,11452.48,743.6382607858486,3873.399933185637,566.3278580232009,0.0,3918.7061618274934,0.34217096749590425,0.6517483678542273,0,True,0.06843419349918085,completed,completed,100
5015->10548,5015,10548,1,"(8601,)",0.52,1,0.52,127.0,0.564,False,11452.48,2888.1459962588665,1957.2667747485114,1354.7595729761595,0.0,2065.647540586604,0.18036683238797221,0.5445277736761187,0,True,0.036073366477594446,completed,completed,100
5514->10559,5514,10559,1,"(9797,)",0.52,1,0.52,127.0,0.564,False,11452.48,3021.7628197922104,1609.2204912452044,1644.2257596078964,0.0,1740.7585520138362,0.1519983926637581,0.5399654119353705,0,True,0.03039967853275162,completed,completed,100
5899->5885,5899,5885,1,"(10455,)",0.52,1,0.52,127.0,0.564,False,11452.48,2294.5976056751747,956.3933199581024,1248.5548059808218,0.0,1056.2777044365682,0.09223135115159059,0.522210224575668,0,True,0.01844627023031812,completed,completed,100
6142->6163,6142,6163,1,"(10857,)",0.52,1,0.52,127.0,0.564,False,11452.48,3530.904792758491,2409.482961729542,1921.264163074093,0.0,2563.184094775469,0.22381039694244995,0.5530937794596272,0,True,0.04476207938848999,completed,completed,100
6163->6142,6163,6142,1,"(10864,)",0.52,1,0.52,127.0,0.564,False,11452.48,4118.287494368289,3942.713504129102,2240.875537735629,0.0,4121.983547147953,0.35992060646671753,0.5688089861980834,0,True,0.07198412129334351,completed,completed,100
6266->6272,6266,6272,1,"(11007,)",0.52,1,0.52,177.8,0.509,False,11452.48,1386.6200482666763,2559.784357967774,758.6396372645311,0.0,2620.4755289489367,0.22881293212901807,0.5966777332513891,0,True,0.045762586425803616,completed,completed,100
6267->10582,6267,10582,1,"(11010,)",0.52,1,0.52,177.8,0.509,False,11452.48,2224.8244974405634,4089.18310095826,1363.3012576476592,0.0,4198.247201570073,0.3665797453101925,0.6157561828200622,0,True,0.0733159490620385,completed,completed,100
6272->6266,6272,6266,1,"(11016,)",0.52,1,0.52,177.8,0.509,False,11452.48,1888.9533662636243,3590.565903925031,1033.4733717309182,0.0,3673.2437736635043,0.3207378466204267,0.6100251397131725,0,True,0.06414756932408534,completed,completed,100
6479->6624,6479,6624,1,"(11540,)",0.52,1,0.52,127.0,0.564,False,11452.48,2345.7474914310014,1888.5408807632791,886.3797854287279,0.0,1959.4512635975773,0.17109405679796666,0.5407015186684648,0,True,0.034218811359593336,completed,completed,100
6624->6479,6624,6479,1,"(11662,)",0.52,1,0.52,127.0,0.564,False,11452.48,2989.604111213841,2723.35383599798,1129.671740157337,0.0,2813.7275752105666,0.24568718523940375,0.5540354746856586,0,True,0.049137437047880754,completed,completed,100
6704->6702,6704,6702,1,"(11862,)",0.52,1,0.52,177.8,0.509,False,11452.48,1106.1436775710233,1691.035241746873,770.2380102475464,0.0,1752.6542825666768,0.15303709611950223,0.5823326947197695,0,True,0.030607419223900447,completed,completed,100
6707->8382,6707,8382,1,"(11874,)",0.52,1,0.52,177.8,0.509,False,11452.48,1211.758219846325,2000.5525404809564,773.4652717279092,0.0,2062.4297622191893,0.18008586456550804,0.5881341219036254,0,True,0.03601717291310161,completed,completed,100
6831->6838,6831,6838,1,"(12072,)",0.52,1,0.52,228.6,0.463,False,11452.48,290.7333574669295,1600.9399380834764,173.9665344408544,0.0,1614.8572608387447,0.14100502780522164,0.6153395457977505,0,True,0.02820100556104433,completed,completed,100
6838->6831,6838,6831,1,"(12079,)",0.52,1,0.52,228.6,0.463,False,11452.48,215.1514071896801,1184.7217248098543,128.740454879242,0.0,1195.0209612001936,0.10434604218476641,0.6031774384715486,0,True,0.020869208436953283,completed,completed,100
6865->8380,6865,8380,1,"(12108,)",0.52,1,0.52,177.8,0.509,False,11452.48,1488.8275882304176,2560.2272113537456,912.3059035847767,0.0,2633.2116836405276,0.2299250191784249,0.5975958473034292,0,True,0.04598500383568498,completed,completed,100
6955->10600,6955,10600,1,"(12298,)",0.52,1,0.52,228.6,0.463,False,11452.48,564.3730924187595,2937.3208312918578,429.80602452822103,0.0,2971.7053132541155,0.2594813798630616,0.6405716857749948,0,True,0.051896275972612316,completed,completed,100
7046->7048,7046,7048,1,"(12477,)",0.52,1,0.52,177.8,0.509,False,11452.48,1274.1867910810686,2344.032138795755,697.1257960688966,0.0,2399.8022024812667,0.20954432598714573,0.5931573676736984,0,True,0.041908865197429146,completed,completed,100
7048->7046,7048,7046,1,"(12487,)",0.52,1,0.52,177.8,0.509,False,11452.48,1140.322814283804,2091.239977391008,623.8869020205876,0.0,2141.150929552655,0.18695958688010414,0.5885788806418464,0,True,0.03739191737602083,completed,completed,100
7059->7052,7059,7052,1,"(12513,)",0.52,1,0.52,152.4,0.509,False,11452.48,1422.0169849775123,1035.6416565317138,990.1892089212503,0.0,1114.8567932454139,0.09734632090563912,0.5547736088559951,0,True,0.019469264181127825,completed,completed,100
7456->10615,7456,10615,1,"(13380,)",0.52,1,0.52,127.0,0.564,False,11452.48,2120.6342319269293,850.8160569312377,1153.8964633499365,0.0,943.1277739992325,0.08235140109384453,0.5180053804187694,0,True,0.016470280218768906,completed,completed,100
7554->7547,7554,7547,1,"(13678,)",0.52,1,0.52,177.8,0.509,False,11452.48,1177.5553473679709,2161.1758745442617,644.257352764265,0.0,2212.716462765403,0.19320849831350093,0.5899001993798816,0,True,0.03864169966270019,completed,completed,100
7672->8364,7672,8364,1,"(14077,)",0.52,1,0.52,127.0,0.564,False,11452.48,2483.027102009728,1421.8785976153565,1206.325509787812,0.0,1518.3846383983814,0.13258129578906766,0.5337880712166059,0,True,0.026516259157813533,completed,completed,100
7956->5530,7956,5530,1,"(14891,)",0.26,2,0.52,127.0,0.564,False,11452.48,5144.411722404041,1504.0514248623579,1249.6510989679762,0.0,1604.023512779796,0.14005905382762476,0.5433484238007872,0,True,0.028011810765524954,completed,completed,100
8380->6865,8380,6865,1,"(15377,)",0.52,1,0.52,177.8,0.509,False,11452.48,1406.4218607468772,2410.015563806602,861.8103107661426,0.0,2478.9603886678933,0.21645620762209525,0.5951919381069835,0,True,0.04329124152441905,completed,completed,100
8382->6707,8382,6707,1,"(15385,)",0.52,1,0.52,177.8,0.509,False,11452.48,1238.4706401182723,2046.122037744783,790.5158095874932,0.0,2109.3633025117824,0.18418397609179693,0.5890364240845696,0,True,0.036836795218359385,completed,completed,100
8696->4431,8696,4431,1,"(15831,)",0.52,1,0.52,228.6,0.463,False,11452.48,638.3552523612817,3323.2023117024355,486.1481472800844,0.0,3362.0941634848423,0.2935690927628638,0.6455595018204482,0,True,0.058713818552572766,completed,completed,100
10550->5024,10550,5024,1,"(20002,)",0.53,1,0.53,127.0,0.564,False,11672.720000000001,4343.977444062846,6138.720937685235,1882.13682707633,0.0,6289.2918838513415,0.5388025998954263,0.5818764905619238,0,True,0.10776051997908527,completed,completed,100
10576->8649,10576,8649,1,"(20127,)",0.53,1,0.53,127.0,0.564,False,11672.720000000001,3913.8667594255426,3379.378868948914,2170.599193843331,0.0,3553.0268044563804,0.3043872211837841,0.5638648981662534,0,True,0.06087744423675682,completed,completed,100
10581->8687,10581,8687,1,"(20151,)",0.53,1,0.53,127.0,0.564,False,11672.720000000001,3126.8547793280622,2210.1225408347113,1548.329148015276,0.0,2333.9888726759336,0.19995244233357207,0.5490016526281816,0,True,0.039990488466714415,completed,completed,100
10589->6707,10589,6707,1,"(20190,)",0.53,1,0.53,203.2,0.463,False,11672.720000000001,1599.0424332883538,4273.7618116899985,1517.011556460661,0.0,4395.122736206851,0.37652944097064356,0.6465448078331542,0,True,0.07530588819412871,completed,completed,100
10594->6847,10594,6847,1,"(20214,)",0.53,1,0.53,228.6,0.463,False,11672.720000000001,575.4173815867982,3312.413892889938,307.0678893251599,0.0,3336.979324035951,0.28587846911739084,0.6442081149927312,0,True,0.057175693823478174,completed,completed,100
10628->7635,10628,7635,1,"(20375,)",0.53,1,0.53,127.0,0.564,False,11672.720000000001,2690.0540565865977,1652.6417764672353,1332.0379101343524,0.0,1759.2048092779835,0.15071078628442927,0.5390094820396433,0,True,0.030142157256885856,completed,completed,100
10810->12319,10810,12319,1,"(21201,)",0.53,1,0.53,107.95,0.564,False,11672.720000000001,1822.284800050339,896.6867766042452,701.822619326054,0.0,952.8325861503296,0.0816290107318885,0.5039553789293176,0,True,0.0163258021463777,completed,completed,100
10828->12364,10828,12364,1,"(21283,)",0.53,1,0.53,76.2,0.637,False,11672.720000000001,4821.693130640307,2072.0787112690473,1739.3353901322912,0.0,2211.2255424796303,0.18943532805375526,0.4927093655701478,0,True,0.03788706561075106,completed,completed,100
12319->10810,12319,10810,1,"(25786,)",0.53,1,0.53,107.95,0.564,False,11672.720000000001,2382.582940552766,1262.2140717181464,917.6121098382221,0.0,1335.6230405052042,0.11442260591406322,0.5168499961907257,0,True,0.022884521182812645,completed,completed,100
12550->10869,12550,10869,1,"(26527,)",0.53,1,0.53,107.95,0.564,False,11672.720000000001,3441.861019429174,1599.1890116210889,1704.3112379350578,0.0,1735.5339106558936,0.14868290429787517,0.5285954061884554,0,True,0.029736580859575035,completed,completed,100
4595->11203,4595,11203,1,"(7249,)",0.53,1,0.53,63.5,0.637,False,11672.720000000001,2761.6748789897906,146.19777277743572,910.8319370894501,0.0,219.0643277445917,0.01876720487980451,0.409954819244771,1,False,0.02345900609975564,completed,completed,100
5864->5868,5864,5868,1,"(10408,)",0.53,1,0.53,127.0,0.564,False,11672.720000000001,3097.45952694103,1738.201327854844,1717.82627396528,0.0,1875.6274297720665,0.16068469300831908,0.5424394985367911,0,True,0.03213693860166382,completed,completed,100
5868->5864,5868,5864,1,"(10413,)",0.53,1,0.53,127.0,0.564,False,11672.720000000001,3432.595462895263,2266.655507943488,1903.68998295801,0.0,2418.9507065801286,0.20723110865163633,0.5510748302333666,0,True,0.04144622173032727,completed,completed,100
6698->6675,6698,6675,1,"(11844,)",0.53,1,0.53,228.6,0.463,False,11672.720000000001,266.8110602007716,1414.8108205999247,207.10117048293162,0.0,1431.3789142385592,0.12262599584660294,0.6108442000835111,0,True,0.02452519916932059,completed,completed,100
6707->10589,6707,10589,1,"(11875,)",0.53,1,0.53,203.2,0.463,False,11672.720000000001,1034.9369303809704,2692.3815760439775,981.8446658524264,0.0,2770.9291493121714,0.23738504387256537,0.6281738620243601,0,True,0.04747700877451308,completed,completed,100
6806->6835,6806,6835,1,"(12057,)",0.53,1,0.53,228.6,0.463,False,11672.720000000001,467.0896302680376,2558.2516646863883,319.0521112094068,0.0,2583.775833583141,0.22135165013665542,0.6343798466894712,0,True,0.044270330027331085,completed,completed,100
6847->10594,6847,10594,1,"(12084,)",0.53,1,0.53,228.6,0.463,False,11672.720000000001,710.4837033771905,4092.0664822690237,379.14518778409155,0.0,4122.398097291751,0.353165166070269,0.652749197249077,0,True,0.0706330332140538,completed,completed,100
6999->7048,6999,7048,1,"(12333,)",0.53,1,0.53,177.8,0.509,False,11672.720000000001,891.8266137152865,1539.5898825632428,556.9920952491096,0.0,1584.1492501831715,0.13571380536697286,0.5770010287767557,0,True,0.027142761073394573,completed,completed,100
7037->7035,7037,7035,1,"(12449,)",0.53,1,0.53,177.8,0.509,False,11672.720000000001,615.8777604286985,1285.1887330630138,274.74834787947464,0.0,1307.1686008933718,0.11198491875872733,0.5672935427306716,0,True,0.022396983751745467,completed,completed,100
8687->10581,8687,10581,1,"(15821,)",0.53,1,0.53,127.0,0.564,False,11672.720000000001,3315.4207691020515,2522.3320730383425,1641.7016385516474,0.0,2653.6682041224744,0.22733931801006743,0.5534324711024424,0,True,0.04546786360201349,completed,completed,100
10581->6256,10581,6256,1,"(20149,)",0.54,1,0.54,127.0,0.564,False,11892.960000000001,4137.286725366181,4759.413995234134,2087.3202570433155,0.0,4926.399615797599,0.4142282170122155,0.5741273018764531,0,True,0.0828456434024431,completed,completed,100
10977->6983,10977,6983,1,"(21957,)",0.54,1,0.54,88.9,0.637,False,11892.960000000001,1680.515193701675,261.3664511564708,617.6523530051295,0.0,310.7786393968812,0.026131311246054906,0.43177192371493456,0,True,0.0052262622492109815,completed,completed,100
12323->10539,12323,10539,1,"(25800,)",0.27,2,0.54,88.9,0.637,False,11892.960000000001,4662.456343378464,405.70729531150823,856.8137741522313,0.0,474.25239724368674,0.039876733567058724,0.45535337971988615,0,True,0.007975346713411746,completed,completed,100
12502->12504,12502,12504,1,"(26365,)",0.54,1,0.54,88.9,0.637,False,11892.960000000001,2809.4766221045284,170.35867563544113,1376.7840186623248,0.0,280.50139712842713,0.023585499079154987,0.4343527376910676,0,True,0.004717099815830998,completed,completed,100
4446->10877,4446,10877,1,"(6821,)",0.54,1,0.54,177.8,0.509,False,11892.960000000001,324.46623484231304,569.4401149595553,206.46954601461815,0.0,585.9576786407248,0.04926928860777508,0.5366339900558877,0,True,0.009853857721555018,completed,completed,100
5017->5015,5017,5015,1,"(8606,)",0.54,1,0.54,127.0,0.564,False,11892.960000000001,2809.559223521274,2229.4957381800095,1240.2799192234668,0.0,2328.718131717887,0.1958064377344149,0.5477686591778704,0,True,0.03916128754688298,completed,completed,100
5540->7956,5540,7956,1,"(9843,)",0.27,2,0.54,127.0,0.564,False,11892.960000000001,4629.529212423567,1329.5761441612817,1167.831811899648,0.0,1423.0026891132536,0.11965084294517542,0.5386618652617489,0,True,0.023930168589035086,completed,completed,100
6256->10581,6256,10581,1,"(10978,)",0.54,1,0.54,127.0,0.564,False,11892.960000000001,2931.6162511108805,1972.3805337572733,1479.0422789175982,0.0,2090.7039160706813,0.17579340349842942,0.5450467987879245,0,True,0.03515868069968588,completed,completed,100
6779->10859,6779,10859,1,"(12035,)",0.54,1,0.54,152.4,0.509,False,11892.960000000001,1298.3327596001418,1204.2332830486848,826.1758749129159,0.0,1270.3273530417182,0.10681338817600648,0.5576376799310676,0,True,0.021362677635201298,completed,completed,100
8088->8089,8088,8089,1,"(15042,)",0.18,3,0.54,127.0,0.564,False,11892.960000000001,5442.050309768893,1941.555139413563,492.79858651230325,0.0,1980.9790263345471,0.16656736643649242,0.5501968861498764,0,True,0.03331347328729849,completed,completed,100
8091->8087,8091,8087,1,"(15045,)",0.18,3,0.54,127.0,0.564,False,11892.960000000001,7902.72294704339,3041.1885923640943,715.6219579430369,0.0,3098.438348999537,0.26052709745929836,0.5674794001399769,0,True,0.05210541949185968,completed,completed,100
10593->6779,10593,6779,1,"(20208,)",0.55,1,0.55,177.8,0.509,False,12113.2,1669.0454106730267,3302.396519005508,965.8408138976805,0.0,3379.6637841173224,0.27900668560886654,0.606215056740167,0,True,0.05580133712177331,completed,completed,100
10611->7450,10611,7450,1,"(20299,)",0.55,1,0.55,177.8,0.509,False,12113.2,1053.5710438153155,2040.5171364954908,609.6789865335556,0.0,2089.2914554181752,0.1724805547186685,0.5869926167523193,0,True,0.0344961109437337,completed,completed,100
10612->7450,10612,7450,1,"(20304,)",0.55,1,0.55,203.2,0.463,False,12113.2,1395.620478167293,4938.3423852066435,772.8684529250811,0.0,5000.17186144065,0.4127870307962099,0.6488737193248793,0,True,0.08255740615924198,completed,completed,100
4434->6130,4434,6130,1,"(6780,)",0.55,1,0.55,127.0,0.564,False,12113.2,3979.9637095433454,3708.4501694267788,2290.5487141163867,0.0,3891.6940665560896,0.3212771246702844,0.5667377601686787,0,True,0.06425542493405688,completed,completed,100
6130->4434,6130,4434,1,"(10826,)",0.55,1,0.55,127.0,0.564,False,12113.2,4654.663775368909,6574.2735882124325,2678.852096000315,0.0,6788.581755892457,0.5604284380586845,0.5848871259641157,0,True,0.1120856876117369,completed,completed,100
6258->6257,6258,6257,1,"(10983,)",0.55,1,0.55,152.4,0.509,False,12113.2,2379.4569558532403,2566.1978775561524,1542.1736422276022,0.0,2689.5717689343605,0.22203643702195625,0.5863976048958865,0,True,0.04440728740439125,completed,completed,100
6385->6438,6385,6438,1,"(11282,)",0.55,1,0.55,177.8,0.509,False,12113.2,534.547739346042,1031.3494911514267,309.33132216513997,0.0,1056.0959969246378,0.08718554939443234,0.5594533442339451,0,True,0.017437109878886466,completed,completed,100
6672->6675,6672,6675,1,"(11777,)",0.55,1,0.55,203.2,0.463,False,12113.2,280.5404651122083,846.4902595697777,225.9753446478838,0.0,864.5682871416084,0.07137406194412775,0.5795677081537396,0,True,0.014274812388825551,completed,completed,100
6675->6672,6675,6672,1,"(11784,)",0.55,1,0.55,203.2,0.463,False,12113.2,1003.7417442479413,3042.5743902784448,808.5139749917165,0.0,3107.255508277782,0.2565181379220835,0.6312253621999068,0,True,0.0513036275844167,completed,completed,100
6779->10593,6779,10593,1,"(12034,)",0.55,1,0.55,177.8,0.509,False,12113.2,1312.4577857775676,2556.518132720493,759.4911965340688,0.0,2617.277428443219,0.21606820893267004,0.5960427993757755,0,True,0.04321364178653401,completed,completed,100
7047->2825,7047,2825,1,"(12480,)",0.55,1,0.55,203.2,0.463,False,12113.2,933.595249686672,3264.334757691236,517.0075443655472,0.0,3305.69536124048,0.2729002543704785,0.632265546375193,0,True,0.054580050874095704,completed,completed,100
7450->10611,7450,10611,1,"(13368,)",0.55,1,0.55,177.8,0.509,False,12113.2,1959.577838690674,3964.998880872273,1133.9657042966069,0.0,4055.7161372160012,0.33481789594954275,0.6133520952910599,0,True,0.06696357918990856,completed,completed,100
7450->10612,7450,10612,1,"(13369,)",0.55,1,0.55,203.2,0.463,False,12113.2,445.36276162021716,1552.7857157495337,246.63354683349584,0.0,1572.5163994962134,0.12981841292938393,0.6022582215736818,0,True,0.025963682585876786,completed,completed,100
9624->10629,9624,10629,1,"(17566,)",0.55,1,0.55,177.8,0.509,False,12113.2,1921.751336247268,3874.834915682723,1112.076317900517,0.0,3963.8010211147644,0.32722988319475976,0.6124622863315808,0,True,0.06544597663895195,completed,completed,100
10374->7565,10374,7565,1,"(19233,)",0.56,1,0.56,127.0,0.564,False,12333.44,1805.0516877636448,1483.4610032984122,734.5357001406194,0.0,1542.2238593096617,0.1250440963194098,0.5307731143555815,0,True,0.02500881926388196,completed,completed,100
10577->6145,10577,6145,1,"(20129,)",0.56,1,0.56,127.0,0.564,False,12333.44,4977.622085326512,8768.862293986265,2916.8069000479713,0.0,9002.206845990104,0.7299023505194093,0.593959206960452,0,True,0.14598047010388188,completed,completed,100
10792->12255,10792,12255,1,"(21124,)",0.56,1,0.56,88.9,0.637,False,12333.44,4234.67137369987,1864.990962009477,1614.0449940857056,0.0,1994.1145615363334,0.1616835661045364,0.4967077513474084,0,True,0.03233671322090728,completed,completed,100
2090->8364,2090,8364,1,"(2328,)",0.28,2,0.56,127.0,0.564,False,12333.44,3458.6731614410955,952.847490600893,904.7888990329906,0.0,1025.2306025235323,0.08312608668169888,0.5258013590416075,0,True,0.016625217336339777,completed,completed,100
5116->5163,5116,5163,1,"(8904,)",0.56,1,0.56,127.0,0.564,False,12333.44,1868.5133171024922,1324.001852501307,855.405396569521,0.0,1392.4342842268686,0.11289910067482134,0.5281317630800101,0,True,0.02257982013496427,completed,completed,100
5614->5816,5614,5816,1,"(9917,)",0.56,1,0.56,127.0,0.564,False,12333.44,2930.651852439463,1074.9392871074945,1951.4944262498711,0.0,1231.0588412074842,0.09981471845709584,0.5293987007499712,0,True,0.01996294369141917,completed,completed,100
5614->8760,5614,8760,1,"(9918,)",0.56,1,0.56,127.0,0.564,False,12333.44,2905.787083547182,1049.9201757251917,1934.937202687855,0.0,1204.71515194022,0.09767876212477784,0.528666988643486,0,True,0.01953575242495557,completed,completed,100
6071->6237,6071,6237,1,"(10749,)",0.56,1,0.56,152.4,0.509,False,12333.44,1885.994447630234,1900.3610418765763,1244.575279968982,0.0,1999.9270642740948,0.1621548460343663,0.5751115997418547,0,True,0.032430969206873266,completed,completed,100
6145->10577,6145,10577,1,"(10861,)",0.56,1,0.56,127.0,0.564,False,12333.44,3601.496697096122,2750.013372087025,2110.4194405511744,0.0,2918.846927331119,0.23666121757847922,0.5571487796538769,0,True,0.04733224351569584,completed,completed,100
6237->6071,6237,6071,1,"(10959,)",0.56,1,0.56,152.4,0.509,False,12333.44,2477.3949288260924,2785.230818843464,1634.8428231120538,0.0,2916.018244692428,0.2364318669156722,0.5892256701853003,0,True,0.04728637338313444,completed,completed,100
7565->10374,7565,10374,1,"(13720,)",0.56,1,0.56,127.0,0.564,False,12333.44,1999.597641823369,1668.0272611302862,813.7029337126564,0.0,1733.1234958272987,0.14052231136060164,0.5353357298237944,0,True,0.02810446227212033,completed,completed,100
8760->5614,8760,5614,1,"(15950,)",0.56,1,0.56,127.0,0.564,False,12333.44,2369.417842240553,647.4980696197484,1577.7738009857824,0.0,773.719973698611,0.06273350936142803,0.5133690006955622,0,True,0.012546701872285607,completed,completed,100
10566->5884,10566,5884,1,"(20077,)",0.57,1,0.57,127.0,0.564,False,12553.679999999998,2654.727653073347,1850.1595043357847,1365.0060338105964,0.0,1959.3599870406324,0.1560785353012529,0.5420486829790369,0,True,0.03121570706025058,completed,completed,100
10569->5862,10569,5862,1,"(20091,)",0.57,1,0.57,127.0,0.564,False,12553.679999999998,2346.32551556386,1085.817379036679,1399.4611611070331,0.0,1197.7742719252417,0.09541220358693561,0.526165649951831,0,True,0.019082440717387125,completed,completed,100
10575->6255,10575,6255,1,"(20120,)",0.57,1,0.57,127.0,0.564,False,12553.679999999998,3928.4668415622014,4274.804404525484,2092.0769559965106,0.0,4442.170561005205,0.3538540540307866,0.5705052668158155,0,True,0.07077081080615732,completed,completed,100
10587->6673,10587,6673,1,"(20179,)",0.57,1,0.57,177.8,0.509,False,12553.679999999998,1586.0347914901456,3004.494183968072,1065.3205370264327,0.0,3089.7198269301866,0.24612064565371963,0.6030088424384612,0,True,0.04922412913074393,completed,completed,100
10611->7546,10611,7546,1,"(20300,)",0.57,1,0.57,177.8,0.509,False,12553.679999999998,1722.8126011939091,3544.747810857778,1033.20763434887,0.0,3627.4044216056877,0.28895148049063607,0.6086508658512355,0,True,0.05779029609812722,completed,completed,100
10619->5161,10619,5161,1,"(20332,)",0.57,1,0.57,177.8,0.509,False,12553.679999999998,1203.9048844821111,2607.279530760647,631.7566125375157,0.0,2657.8200597636483,0.21171640983071485,0.5955564756285432,0,True,0.042343281966142975,completed,completed,100
12453->10845,12453,10845,1,"(26206,)",0.57,1,0.57,88.9,0.637,False,12553.679999999998,5150.903560080446,3576.074553928499,2557.8562934789884,0.0,3780.703057406818,0.30116293050379,0.5177439369133761,0,True,0.060232586100758004,completed,completed,100
5862->10569,5862,10569,1,"(10404,)",0.57,1,0.57,127.0,0.564,False,12553.679999999998,2405.3013757767744,1130.4587389592893,1434.6371949793056,0.0,1245.2297145576338,0.09919240529929343,0.5275837055282281,0,True,0.01983848105985869,completed,completed,100
5884->10566,5884,10566,1,"(10446,)",0.57,1,0.57,127.0,0.564,False,12553.679999999998,4343.322538312209,6094.377811714663,2233.2465873545175,0.0,6273.037538703024,0.49969710385345373,0.5817983708171015,0,True,0.09993942077069075,completed,completed,100
6255->10575,6255,10575,1,"(10973,)",0.57,1,0.57,127.0,0.564,False,12553.679999999998,2751.438878434441,1849.2326099200227,1465.2591215754155,0.0,1966.4533396460558,0.1566435769946387,0.5425454166314903,0,True,0.031328715398927745,completed,completed,100
6556->7581,6556,7581,1,"(11611,)",0.57,1,0.57,177.8,0.509,False,12553.679999999998,1661.7764760134287,3406.09537569899,996.6029621611676,0.0,3485.8236126718834,0.27767344815798106,0.6070813873457972,0,True,0.05553468963159622,completed,completed,100
6673->10587,6673,10587,1,"(11781,)",0.57,1,0.57,177.8,0.509,False,12553.679999999998,1775.684740365842,3406.2597949751485,1192.7061318868514,0.0,3501.6762855260968,0.27893623905708104,0.6079378825471893,0,True,0.05578724781141621,completed,completed,100
6708->2050,6708,2050,1,"(11876,)",0.57,1,0.57,127.0,0.564,False,12553.679999999998,2954.512905832521,2114.086406619123,1573.4047443374961,0.0,2239.9587861661225,0.17843045116381195,0.5471688307575342,0,True,0.03568609023276239,completed,completed,100
6783->6773,6783,6773,1,"(12040,)",0.57,1,0.57,177.8,0.509,False,12553.679999999998,490.6228489244225,909.0340834889728,329.54548014834745,0.0,935.3977219008406,0.07451183413157263,0.5549367534865051,0,True,0.014902366826314526,completed,completed,100
7546->10611,7546,10611,1,"(13654,)",0.57,1,0.57,177.8,0.509,False,12553.679999999998,1417.0216821729343,2870.591448424402,849.8182675494409,0.0,2938.5769098283577,0.2340809157018785,0.6002991847600185,0,True,0.0468161831403757,completed,completed,100
8381->8382,8381,8382,1,"(15382,)",0.57,1,0.57,177.8,0.509,False,12553.679999999998,898.028131615622,1799.0424055029596,538.5667139898516,0.0,1842.1277426221477,0.1467400589008281,0.5815333232216588,0,True,0.029348011780165623,completed,completed,100
8382->8381,8382,8381,1,"(15386,)",0.57,1,0.57,177.8,0.509,False,12553.679999999998,839.736647046551,1681.4112951129766,503.608061590539,0.0,1721.6999400402196,0.13714703099331987,0.5788052199718943,0,True,0.027429406198663978,completed,completed,100
8695->10607,8695,10607,1,"(15829,)",0.57,1,0.57,228.6,0.463,False,12553.679999999998,391.7329394541924,2470.984351393618,199.84255906255618,0.0,2486.9717561186226,0.19810698983235378,0.6313378565821551,0,True,0.03962139796647076,completed,completed,100
10853->12461,10853,12461,1,"(21396,)",0.58,1,0.58,127.0,0.564,False,12773.919999999998,2332.07169532838,1094.2069864594037,1415.3622967551378,0.0,1207.4359701998146,0.09452352685783337,0.526336510215428,0,True,0.018904705371566674,completed,completed,100
10892->10893,10892,10893,1,"(21575,)",0.58,1,0.58,127.0,0.564,False,12773.919999999998,1335.7165093611368,1242.4965631685945,506.66398633086635,0.0,1283.0296820750639,0.10044134314878002,0.5220574605726227,0,True,0.020088268629756004,completed,completed,100
4436->5861,4436,5861,1,"(6786,)",0.58,1,0.58,127.0,0.564,False,12773.919999999998,2850.585784564522,1578.5201207227008,1730.0547196816233,0.0,1716.9244982972307,0.13440858391920654,0.538922573028651,0,True,0.02688171678384131,completed,completed,100
10566->8408,10566,8408,1,"(20078,)",0.59,1,0.59,127.0,0.564,False,12994.16,3027.0086234408573,2431.4213849574194,1611.0366171598473,0.0,2560.304314330207,0.1970349999022797,0.5513822853090595,0,True,0.039406999980455944,completed,completed,100
10844->10849,10844,10849,1,"(21356,)",0.59,1,0.59,63.5,0.637,False,12994.16,4389.823368235958,1485.880332790347,2014.6467230894896,0.0,1647.0520706375062,0.12675325458802308,0.47451800156502966,0,True,0.02535065091760462,completed,completed,100
10849->10844,10849,10844,1,"(21379,)",0.59,1,0.59,63.5,0.637,False,12994.16,5044.911408799617,2978.628394651664,2315.2900209056015,0.0,3163.8515963241125,0.24348257958376013,0.49532072051678333,0,True,0.04869651591675203,completed,completed,100
12312->10802,12312,10802,1,"(25756,)",0.59,1,0.59,88.9,0.637,False,12994.16,2875.8476614799692,1158.8543819569973,972.5057268302608,0.0,1236.654840103418,0.0951700487067589,0.4783769019327715,0,True,0.01903400974135178,completed,completed,100
12328->12327,12328,12327,1,"(25822,)",0.59,1,0.59,88.9,0.637,False,12994.16,5102.996141907389,4073.9618832071205,2049.203781960573,0.0,4237.8981857639665,0.3261386796656318,0.5210154337584941,0,True,0.06522773593312636,completed,completed,100
4408->8819,4408,8819,1,"(6698,)",0.59,1,0.59,127.0,0.564,False,12994.16,3450.454140608128,3247.5761180566947,1836.4030823380035,0.0,3394.4883646437347,0.26123184296974444,0.5611424976270215,0,True,0.05224636859394889,completed,completed,100
6282->8398,6282,8398,1,"(11038,)",0.59,1,0.59,127.0,0.564,False,12994.16,3806.7906466024283,3437.664991474859,2350.221182236821,0.0,3625.682686053805,0.27902401433057655,0.5641606982263623,0,True,0.05580480286611531,completed,completed,100
8398->6282,8398,6282,1,"(15402,)",0.59,1,0.59,127.0,0.564,False,12994.16,4203.247448740814,4808.560309745032,2594.9840969138095,0.0,5016.159037498137,0.3860318048645035,0.574833295426925,0,True,0.0772063609729007,completed,completed,100
8408->10566,8408,10566,1,"(15424,)",0.59,1,0.59,127.0,0.564,False,12994.16,3021.961213238225,2423.337216596019,1608.35028102083,0.0,2552.0052390776855,0.19639632258473694,0.5512681696195628,0,True,0.03927926451694739,completed,completed,100
8819->4408,8819,4408,1,"(16118,)",0.59,1,0.59,127.0,0.564,False,12994.16,3880.7856815571226,4440.80887367846,2065.4344318422504,0.0,4606.043628225841,0.3544702872848911,0.5714426756508701,0,True,0.07089405745697823,completed,completed,100
10987->11050,10987,11050,1,"(21998,)",0.6,1,0.6,88.9,0.637,False,13214.4,4203.547912627015,2494.7924749174367,1525.8878922836066,0.0,2616.863506300125,0.19803120128799834,0.504656822060475,0,True,0.03960624025759967,completed,completed,100
12591->7527,12591,7527,1,"(26677,)",0.6,1,0.6,177.8,0.509,False,13214.4,2409.8056215170286,5265.526478389432,1703.8289666373998,0.0,5401.832795720424,0.40878381127561025,0.6240755899024313,0,True,0.08175676225512206,completed,completed,100
3971->3966,3971,3966,1,"(5853,)",0.3,2,0.6,63.5,0.637,False,13214.4,3284.571783493768,208.71886885701198,550.2921034191868,0.0,252.74223713054693,0.0191262741502109,0.41605365917813736,1,False,0.023907842687763626,completed,completed,100
5518->5528,5518,5528,1,"(9800,)",0.6,1,0.6,127.0,0.564,False,13214.4,3300.7306365090503,2974.6215986172692,1786.492002436071,0.0,3117.5409588121547,0.2359199781157037,0.5581441601638161,0,True,0.04718399562314074,completed,completed,100
5528->5518,5528,5518,1,"(9827,)",0.6,1,0.6,127.0,0.564,False,13214.4,3010.788482609745,2446.333836474465,1629.5633111393988,0.0,2576.698901365617,0.1949917439585314,0.5515123159993593,0,True,0.03899834879170628,completed,completed,100
7527->12591,7527,12591,1,"(13602,)",0.6,1,0.6,177.8,0.509,False,13214.4,1816.8807390196316,3680.820902027179,1284.6073577164402,0.0,3783.589490644494,0.28632321487502227,0.6104758397577784,0,True,0.05726464297500446,completed,completed,100
8769->5797,8769,5797,1,"(15971,)",0.6,1,0.6,127.0,0.564,False,13214.4,4358.881255480059,6289.204218690282,2443.464292357679,0.0,6484.681362078896,0.4907283994792723,0.5828179678883005,0,True,0.09814567989585447,completed,completed,100
8081->8080,8081,8080,1,"(15035,)",0.2,3,0.6000000000000001,127.0,0.564,False,13214.400000000001,2934.798371667368,1139.0840018987838,295.2858669339168,0.0,1162.7068712534972,0.08798786711871118,0.5277270878692364,0,True,0.017597573423742238,completed,completed,100
10301->11861,10301,11861,1,"(18907,)",0.61,1,0.61,127.0,0.564,False,13434.64,2058.4593003947393,1281.1210198441265,1173.1453618563962,0.0,1374.9726487926382,0.10234532885083919,0.528814034056564,0,True,0.02046906577016784,completed,completed,100
10619->8366,10619,8366,1,"(20333,)",0.61,1,0.61,177.8,0.509,False,13434.64,1023.7646617725557,2365.422771276984,574.927038464059,0.0,2411.4169343541084,0.17949248616666383,0.590916357507832,0,True,0.035898497233332764,completed,completed,100
10815->10814,10815,10814,1,"(21224,)",0.61,1,0.61,76.2,0.637,False,13434.64,4299.888349677287,1397.7980630801414,1785.2330198794532,0.0,1540.6167046704977,0.1146749525607309,0.4807857121582108,0,True,0.022934990512146182,completed,completed,100
10882->12589,10882,12589,1,"(21531,)",0.61,1,0.61,127.0,0.564,False,13434.64,2008.4512748276115,1826.4362186466105,890.2795017552527,0.0,1897.6585787870308,0.1412511670418434,0.5380631204421684,0,True,0.028250233408368682,completed,completed,100
12332->8476,12332,8476,1,"(25834,)",0.61,1,0.61,127.0,0.564,False,13434.64,2552.8623248085064,2162.553617384562,1273.0486198238823,0.0,2264.397506970473,0.16854917638064534,0.5458969126410687,0,True,0.03370983527612907,completed,completed,100
12589->10882,12589,10882,1,"(26670,)",0.61,1,0.61,127.0,0.564,False,13434.64,2523.4118691898584,2448.057702828207,1118.5443678828913,0.0,2537.541252258838,0.18888048003212876,0.549135251514893,0,True,0.03777609600642576,completed,completed,100
4439->8522,4439,8522,1,"(6799,)",0.61,1,0.61,127.0,0.564,False,13434.64,3349.753076991565,2975.041643318008,1909.0721321928788,0.0,3127.7674138934385,0.23281363802032942,0.5584016157827082,0,True,0.046562727604065886,completed,completed,100
8366->10619,8366,10619,1,"(15350,)",0.61,1,0.61,177.8,0.509,False,13434.64,883.2177733733128,2037.6000399877678,495.99854119320173,0.0,2077.279923283224,0.15462118250159468,0.5849013720548096,0,True,0.030924236500318936,completed,completed,100
8476->12332,8476,12332,1,"(15524,)",0.61,1,0.61,127.0,0.564,False,13434.64,3082.4109006931358,2977.3026373685216,1537.1212559031496,0.0,3100.2723378407736,0.23076705723717,0.557234174643007,0,True,0.046153411447434005,completed,completed,100
10554->7961,10554,7961,1,"(20020,)",0.31,2,0.62,127.0,0.564,False,13654.88,3438.3227300541403,1047.8336167677585,995.8365004159665,0.0,1127.5005368010359,0.08257125194809738,0.5285449123910915,0,True,0.016514250389619477,completed,completed,100
12038->12039,12038,12039,1,"(24875,)",0.62,1,0.62,63.5,0.637,False,13654.88,4570.307387139689,1775.1994275763755,1714.3223009160977,0.0,1912.3452116496633,0.14004848168930548,0.4793689029975572,0,True,0.028009696337861097,completed,completed,100
4402->8351,4402,8351,1,"(6677,)",0.62,1,0.62,152.4,0.509,False,13654.88,2274.6890233562513,2703.3924374743824,1661.9059979762642,0.0,2836.3449173124836,0.20771657585511435,0.5874768194772884,0,True,0.041543315171022874,completed,completed,100
5530->5243,5530,5243,1,"(9832,)",0.31,2,0.62,127.0,0.564,False,13654.88,6062.496349274033,2421.6798678346854,1755.872156931168,0.0,2562.149640389179,0.18763618870244037,0.5589742238638713,0,True,0.03752723774048808,completed,completed,100
6759->8756,6759,8756,1,"(12012,)",0.62,1,0.62,127.0,0.564,False,13654.88,2866.249729006016,1527.643996088423,1937.0115668622661,0.0,1682.6049214374043,0.12322370620887217,0.5383858419820814,0,True,0.024644741241774435,completed,completed,100
7020->10358,7020,10358,1,"(12407,)",0.62,1,0.62,127.0,0.564,False,13654.88,4485.848326513679,7181.295733724929,2598.4596849068103,0.0,7389.172508517474,0.5411378575657548,0.5869897823437715,0,True,0.10822757151315097,completed,completed,100
7564->10622,7564,10622,1,"(13717,)",0.31,2,0.62,127.0,0.564,False,13654.88,4707.62437469215,1040.5286751673204,1590.7062762084777,0.0,1167.7851772639988,0.08552145293580016,0.5330064198434178,0,True,0.017104290587160034,completed,completed,100
7589->7587,7589,7587,1,"(13805,)",0.62,1,0.62,127.0,0.564,False,13654.88,3686.959380773739,4499.797829043493,1868.73536214517,0.0,4649.296658015107,0.3404860868799365,0.5711604202530582,0,True,0.0680972173759873,completed,completed,100
8641->8642,8641,8642,1,"(15789,)",0.62,1,0.62,127.0,0.564,False,13654.88,1341.0704360534348,1021.743731260799,679.7215505136836,0.0,1076.1214553018938,0.07880856186959488,0.5169074750503153,0,True,0.015761712373918976,completed,completed,100
9232->2500,9232,2500,1,"(17240,)",0.62,1,0.62,127.0,0.564,False,13654.88,2634.7754775670815,1866.0369082320253,1526.2125152055721,0.0,1988.133909448471,0.14559878295880088,0.5423971497211562,0,True,0.02911975659176018,completed,completed,100
10847->4459,10847,4459,1,"(21369,)",0.63,1,0.63,127.0,0.564,False,13875.12,1567.9860246464978,706.1480447039493,1033.66656299976,0.0,788.84136974393,0.056852940352510824,0.5094414946313581,0,True,0.011370588070502166,completed,completed,100
12358->2446,12358,2446,1,"(25923,)",0.63,1,0.63,88.9,0.637,False,13875.12,1418.2624792970573,736.0216576380328,432.45659518725876,0.0,770.6181852530135,0.0555395690453858,0.4567080986927163,0,True,0.011107913809077162,completed,completed,100
12406->10834,12406,10834,1,"(26048,)",0.63,1,0.63,76.2,0.637,False,13875.12,4105.270632595678,1169.1103707920959,1760.314389315573,0.0,1309.9355219373417,0.09440895083699036,0.4754898665338443,0,True,0.018881790167398074,completed,completed,100
4430->5794,4430,5794,1,"(6767,)",0.63,1,0.63,127.0,0.564,False,13875.12,4133.036458440664,5734.690093907025,2348.8188711816865,0.0,5922.59560360156,0.4268500455204394,0.5795585706145017,0,True,0.08537000910408789,completed,completed,100
2022->7021,2022,7021,1,"(2164,)",0.64,1,0.64,127.0,0.564,False,14095.36,2415.030201973448,1677.1549210522542,1444.0500590542952,0.0,1792.6789257765977,0.12718220221240165,0.538390910143651,0,True,0.02543644044248033,completed,completed,100
3900->9116,3900,9116,1,"(5622,)",0.64,1,0.64,63.5,0.637,False,14095.36,3954.0555042207943,1200.5669770008255,1450.4308022219607,0.0,1316.6014411785825,0.09340672683624841,0.4667640374415137,0,True,0.018681345367249684,completed,completed,100
3950->11055,3950,11055,1,"(5783,)",0.32,2,0.64,88.9,0.637,False,14095.36,3134.0370223806167,623.5458474179799,560.0765238765115,0.0,668.3519693281008,0.04741645260057926,0.4611460826007845,0,True,0.009483290520115852,completed,completed,100
10306->10304,10306,10304,1,"(18927,)",0.65,1,0.65,88.9,0.637,False,14315.6,2070.7098906160245,48.45804253508309,1046.965711480395,0.0,132.2152994535147,0.009235749773220451,0.4089136349439795,0,True,0.0018471499546440903,completed,completed,100
10547->4971,10547,4971,1,"(19987,)",0.65,1,0.65,127.0,0.564,False,14315.6,1840.622336786049,1277.9400552729132,1079.2393867141373,0.0,1364.2792062100443,0.09530017646553719,0.5273645421812572,0,True,0.01906003529310744,completed,completed,100
4529->12407,4529,12407,1,"(7041,)",0.65,1,0.65,76.2,0.637,False,14315.6,5575.316007366091,5409.503295821107,2818.9195970100627,0.0,5635.016863581912,0.3936277112787387,0.5219338521153948,0,True,0.07872554225574774,completed,completed,100
4971->10547,4971,10547,1,"(8456,)",0.65,1,0.65,127.0,0.564,False,14315.6,2448.1105087664073,1857.0921735043532,1435.4369341746205,0.0,1971.927128238323,0.13774673281164065,0.5413545066535334,0,True,0.02754934656232813,completed,completed,100
5528->5794,5528,5794,1,"(9829,)",0.65,1,0.65,127.0,0.564,False,14315.6,2991.6211268780817,2617.015242600616,1754.121573842583,0.0,2757.3449685080227,0.19261120515437863,0.5534447422995271,0,True,0.03852224103087573,completed,completed,100
5794->5528,5794,5528,1,"(10234,)",0.65,1,0.65,127.0,0.564,False,14315.6,2927.783007015682,2510.184429999141,1716.6904224584366,0.0,2647.5196637958156,0.18493948306713065,0.552008733446685,0,True,0.03698789661342613,completed,completed,100
5972->8014,5972,8014,1,"(10576,)",0.65,1,0.65,127.0,0.564,False,14315.6,3510.5406289159255,2962.0415190976337,2387.7293141634564,0.0,3153.05986423071,0.22025342034079676,0.5591506005979442,0,True,0.04405068406815935,completed,completed,100
6266->6145,6266,6145,1,"(11004,)",0.65,1,0.65,152.4,0.509,False,14315.6,1318.9946943813989,1757.8639805160417,870.9458414727382,0.0,1827.5396478338607,0.12766070914483924,0.5685525124696065,0,True,0.025532141828967847,completed,completed,100
9116->10776,9116,10776,1,"(16966,)",0.65,1,0.65,63.5,0.637,False,14315.6,3760.4132121575212,1020.6514394113802,1400.9518380135273,0.0,1132.7275864524624,0.07912540071337998,0.4617741825880261,0,True,0.015825080142675998,completed,completed,100
10607->10601,10607,10601,1,"(20281,)",0.66,1,0.66,228.6,0.463,False,14535.84,386.9396387305904,2555.2605376986307,374.0158547969886,0.0,2585.18180608239,0.17784880722974317,0.6323482782342935,0,True,0.03556976144594864,completed,completed,100
12407->12400,12407,12400,1,"(26054,)",0.66,1,0.66,63.5,0.637,False,14535.84,5645.187142407747,5065.886946062726,2254.123225963414,0.0,5246.216804139799,0.3609159707412712,0.5114901903691365,0,True,0.07218319414825423,completed,completed,100
12581->8972,12581,8972,1,"(26641,)",0.66,1,0.66,88.9,0.637,False,14535.84,4192.313516081205,1346.6265214112966,2152.273868963004,0.0,1518.808430928337,0.10448714562958432,0.48855509320265433,0,True,0.020897429125916866,completed,completed,100
12825->10928,12825,10928,1,"(27487,)",0.66,1,0.66,88.9,0.637,False,14535.84,2562.89082229228,936.2855550534941,1023.3623053413077,0.0,1018.1545394807988,0.0700444239535382,0.47137986669828796,0,True,0.014008884790707641,completed,completed,100
10882->2127,10882,2127,1,"(21528,)",0.67,1,0.67,127.0,0.564,False,14756.080000000002,1982.3790841104776,1440.024443219874,1198.122575276592,0.0,1535.8742492420013,0.10408416390003314,0.5316723869286936,0,True,0.02081683278000663,completed,completed,100
6718->6884,6718,6884,1,"(11885,)",0.67,1,0.67,152.4,0.509,False,14756.080000000002,1557.4057221185226,1818.71145866868,1229.615424972793,0.0,1917.0806926665034,0.12991801973603445,0.5717758165431392,0,True,0.02598360394720689,completed,completed,100
6884->6718,6884,6718,1,"(12144,)",0.67,1,0.67,152.4,0.509,False,14756.080000000002,1705.1065649922662,2015.637064924874,1346.229376045214,0.0,2123.335415008491,0.14389562912429932,0.5757818802887966,0,True,0.028779125824859864,completed,completed,100
10895->7670,10895,7670,1,"(21589,)",0.68,1,0.68,127.0,0.564,False,14976.320000000002,2145.4648986817647,1131.2577161749825,1526.6098395868073,0.0,1253.3865033419272,0.08369122076330682,0.5265306939734461,0,True,0.016738244152661366,completed,completed,100
11056->3956,11056,3956,1,"(22300,)",0.34,2,0.68,76.2,0.637,False,14976.320000000002,4098.221074720495,524.1152353069217,798.6354395400057,0.0,588.0060704701222,0.03926238691949171,0.4518234367832275,0,True,0.007852477383898342,completed,completed,100
7589->7560,7589,7560,1,"(13803,)",0.68,1,0.68,127.0,0.564,False,14976.320000000002,3409.2802493678328,3461.3720635902678,2165.964446426947,0.0,3634.6492193044237,0.24269307942835244,0.5630316085848868,0,True,0.04853861588567049,completed,completed,100
10909->12660,10909,12660,1,"(21650,)",0.69,1,0.69,127.0,0.564,False,15196.56,4162.515995250926,7628.190721417202,2087.0855200188143,0.0,7795.157563018707,0.5129554032635483,0.5877550884162484,0,True,0.10259108065270967,completed,completed,100
6374->8828,6374,8828,1,"(11244,)",0.69,1,0.69,127.0,0.564,False,15196.56,3245.1132085533222,3292.5006451823524,2019.847981367962,0.0,3454.0884836917894,0.22729410364528482,0.560988066684251,0,True,0.045458820729056965,completed,completed,100
8828->6374,8828,6374,1,"(16123,)",0.69,1,0.69,127.0,0.564,False,15196.56,2600.6121436008684,2165.4932257211262,1618.6927392018317,0.0,2294.988644857273,0.15102027332878448,0.546495341855743,0,True,0.0302040546657569,completed,completed,100
10892->10898,10892,10898,1,"(21576,)",0.7,1,0.7,107.95,0.564,False,15416.8,2912.456720391021,2490.2617122327047,1403.4975648368522,0.0,2602.541517419653,0.16881204383657133,0.5387452637896415,0,True,0.03376240876731427,completed,completed,100
10894->12594,10894,12594,1,"(21587,)",0.7,1,0.7,127.0,0.564,False,15416.8,3308.4082676316552,4436.388710248146,1682.8770054686356,0.0,4571.018870685637,0.2964959570524128,0.5694778416845641,0,True,0.05929919141048256,completed,completed,100
10898->10892,10898,10892,1,"(21604,)",0.7,1,0.7,107.95,0.564,False,15416.8,3215.947824773619,3015.2265684707695,1549.7483307172242,0.0,3139.2064349281472,0.20362244012558686,0.5453651740156367,0,True,0.04072448802511738,completed,completed,100
12319->12317,12319,12317,1,"(25788,)",0.7,1,0.7,107.95,0.564,False,15416.8,3811.672487686764,2959.75384506745,2492.8338069471442,0.0,3159.180549623222,0.20491804717082807,0.5474049308795446,0,True,0.04098360943416562,completed,completed,100
12743->12744,12743,12744,1,"(27191,)",0.7,1,0.7,107.95,0.564,False,15416.8,1167.733372337445,694.8288209649162,610.9581004069512,0.0,743.7054689974723,0.04823993753551141,0.4917912868933488,0,True,0.009647987507102282,completed,completed,100
6374->6377,6374,6377,1,"(11242,)",0.7,1,0.7,127.0,0.564,False,15416.8,4670.167589689579,9632.646899955462,2948.9692724963993,0.0,9868.564441755174,0.6401175627727657,0.5959798062835459,0,True,0.12802351255455313,completed,completed,100
6377->6374,6377,6374,1,"(11256,)",0.7,1,0.7,127.0,0.564,False,15416.8,3804.0202626818955,4976.826157996345,2402.042036214858,0.0,5168.989520893533,0.33528290701660096,0.5746324105552386,0,True,0.0670565814033202,completed,completed,100
7463->7462,7463,7462,1,"(13403,)",0.7,1,0.7,127.0,0.564,False,15416.8,2941.047735083745,2572.9510800521143,1923.4452187447696,0.0,2726.826697551696,0.1768737155279757,0.5529300734258358,0,True,0.035374743105595144,completed,completed,100
8801->10340,8801,10340,1,"(16087,)",0.7,1,0.7,127.0,0.564,False,15416.8,3204.5586523047928,2495.3911482034364,2347.275121640215,0.0,2683.173157934654,0.17404215906898018,0.5533884809140522,0,True,0.03480843181379604,completed,completed,100
2229->10903,2229,10903,1,"(2622,)",0.71,1,0.71,107.95,0.564,False,15637.039999999999,2764.9611004962876,2134.992232693662,1426.5355971160513,0.0,2249.115080462946,0.14383253355257428,0.5338666760093481,0,True,0.028766506710514856,completed,completed,100
10623->6563,10623,6563,1,"(20348,)",0.36,2,0.72,177.8,0.509,False,15857.279999999999,1698.5476853584303,2148.1734955337006,643.3613332799059,0.0,2199.642402196093,0.1387149878286877,0.5937163090995541,0,True,0.027742997565737545,completed,completed,100
10868->10874,10868,10874,1,"(21469,)",0.36,2,0.72,88.9,0.637,False,15857.279999999999,2803.9751722130954,583.1414109772799,578.5633823760116,0.0,629.4264815673608,0.03969321860794291,0.4581623069793354,0,True,0.007938643721588581,completed,completed,100
3317->3991,3317,3991,1,"(4747,)",0.36,2,0.72,53.975,0.637,False,15857.279999999999,8490.199392840112,1530.392757909109,1664.2488849845188,0.0,1663.5326687078705,0.10490655829422642,0.47565260483392735,0,True,0.020981311658845286,completed,completed,100
3991->3317,3991,3317,1,"(5921,)",0.36,2,0.72,53.975,0.637,False,15857.279999999999,6027.124534335995,464.9451137547158,1181.4369512205417,0.0,559.4600698523591,0.03528096053373335,0.4397429191238752,0,True,0.00705619210674667,completed,completed,100
6563->10623,6563,10623,1,"(11619,)",0.36,2,0.72,177.8,0.509,False,15857.279999999999,1780.281200240859,2252.346632291978,674.3196534740875,0.0,2306.292204569905,0.14544059287405567,0.5956272318712685,0,True,0.029088118574811136,completed,completed,100
8484->4988,8484,4988,1,"(15545,)",0.36,2,0.72,127.0,0.564,False,15857.279999999999,1820.026598790988,622.8310700183898,612.1529463133575,0.0,671.8033057234584,0.04236560782955579,0.5063252920736176,0,True,0.008473121565911158,completed,completed,100
10803->8891,10803,8891,1,"(21170,)",0.73,1,0.73,88.9,0.637,False,16077.52,4281.05928635565,2528.928391968055,2127.0710630463445,0.0,2699.0940770117627,0.1678800012073854,0.5057701391501095,0,True,0.033576000241477076,completed,completed,100
10923->12085,10923,12085,1,"(21715,)",0.74,1,0.74,63.5,0.637,False,16297.76,3004.4629214700626,1144.1050490692376,1076.0784399537176,0.0,1230.191324265535,0.07548223340296673,0.46176565066423936,0,True,0.015096446680593345,completed,completed,100
12384->6913,12384,6913,1,"(25991,)",0.37,2,0.74,127.0,0.564,False,16297.76,2401.7495498656326,849.7320937457935,830.250508680694,0.0,916.152134440249,0.056213377448204475,0.5185051602845538,0,True,0.011242675489640896,completed,completed,100
2087->7670,2087,7670,1,"(2317,)",0.37,2,0.74,127.0,0.564,False,16297.76,1498.2230028129468,790.1032351857223,402.822224689641,0.0,822.3290131608935,0.05045656661779861,0.5101729453396249,0,True,0.010091313323559723,completed,completed,100
3990->9989,3990,9989,1,"(5918,)",0.37,2,0.74,63.5,0.637,False,16297.76,3837.068773995511,129.79083577440778,858.9278450588952,0.0,198.5050633791194,0.012179898549194454,0.4106403091015252,0,True,0.002435979709838891,completed,completed,100
6376->7138,6376,7138,1,"(11252,)",0.37,2,0.74,127.0,0.564,False,16297.76,5299.370758934858,2777.399013422638,1602.9271703088214,0.0,2905.6331870473437,0.17828420513293505,0.5612247985554806,0,True,0.03565684102658701,completed,completed,100
7138->6376,7138,6376,1,"(12729,)",0.37,2,0.74,127.0,0.564,False,16297.76,3062.4835848338334,1402.87987027643,926.3247223226139,0.0,1476.985848062239,0.09062508271457176,0.5352575354816753,0,True,0.018125016542914353,completed,completed,100
7587->6742,7587,6742,1,"(13796,)",0.37,2,0.74,127.0,0.564,False,16297.76,2410.898105393195,1092.0924711663943,729.2364044288066,0.0,1150.4313835206988,0.07058831296575105,0.5252705432167661,0,True,0.01411766259315021,completed,completed,100
7670->2087,7670,2087,1,"(14070,)",0.37,2,0.74,127.0,0.564,False,16297.76,1901.8333557775072,1004.4030033334311,511.3395949233792,0.0,1045.3101709273014,0.06413827243297861,0.5198561252715442,0,True,0.012827654486595723,completed,completed,100
8891->10810,8891,10810,1,"(16257,)",0.74,1,0.74,88.9,0.637,False,16297.76,3249.6616525739896,1088.3601412035875,1636.7327120895472,0.0,1219.2987581707514,0.074813885967811,0.47929138846445174,0,True,0.0149627771935622,completed,completed,100
10075->10642,10075,10642,1,"(18488,)",0.75,1,0.75,127.0,0.564,False,16518.0,484.7930035577443,549.7379359711972,250.30628236323537,0.0,569.762438560256,0.03449342768859765,0.48705712047370026,0,True,0.00689868553771953,completed,completed,100
10545->8484,10545,8484,1,"(19980,)",0.75,1,0.75,127.0,0.564,False,16518.0,2101.975512210026,1492.9534742546523,1527.4355388726192,0.0,1615.148317364462,0.09778110651195435,0.533797347933546,0,True,0.01955622130239087,completed,completed,100
10593->6950,10593,6950,1,"(20210,)",0.75,1,0.75,177.8,0.509,False,16518.0,1052.5829848378175,2717.2067149933314,861.3637425922807,0.0,2786.115814400714,0.16867149863183883,0.5954861759732129,0,True,0.03373429972636777,completed,completed,100
10642->10075,10642,10075,1,"(20437,)",0.75,1,0.75,127.0,0.564,False,16518.0,554.8134865905643,629.2063395988155,286.4589633396545,0.0,652.1230566659879,0.03947954090483036,0.4925092912232482,0,True,0.007895908180966072,completed,completed,100
10910->12660,10910,12660,1,"(21654,)",0.75,1,0.75,127.0,0.564,False,16518.0,4160.419388539106,7960.6594839565705,2400.8067177393314,0.0,8152.724021375717,0.49356605045258,0.5890750623737051,0,True,0.09871321009051601,completed,completed,100
12517->12524,12517,12524,1,"(26410,)",0.75,1,0.75,152.4,0.509,False,16518.0,529.0074289735356,924.4128059234461,343.777033622655,0.0,951.9149686132585,0.0576289483359522,0.5393399004430071,0,True,0.011525789667190442,completed,completed,100
12524->12517,12524,12517,1,"(26434,)",0.75,1,0.75,152.4,0.509,False,16518.0,1004.3348422950429,1760.9762515923057,652.6699511914403,0.0,1813.189847687621,0.10977054411476093,0.5653507507273594,0,True,0.02195410882295219,completed,completed,100
12531->11188,12531,11188,1,"(26459,)",0.75,1,0.75,63.5,0.637,False,16518.0,3549.1266893643597,1639.5443647990976,1288.3329882392627,0.0,1742.6110038582385,0.10549769971293368,0.47386678755006284,0,True,0.02109953994258674,completed,completed,100
3956->12355,3956,12355,1,"(5803,)",0.75,1,0.75,63.5,0.637,False,16518.0,4590.11284828592,2510.921717194674,1973.1445625460663,0.0,2668.773282198359,0.16156757974321098,0.4892628059450811,0,True,0.0323135159486422,completed,completed,100
6950->10593,6950,10593,1,"(12288,)",0.75,1,0.75,177.8,0.509,False,16518.0,1141.1642166526817,2950.544089427212,933.8527172941112,0.0,3025.2523068107407,0.1831488259359935,0.5987994309784528,0,True,0.0366297651871987,completed,completed,100
7167->12569,7167,12569,1,"(12757,)",0.75,1,0.75,127.0,0.564,False,16518.0,2721.415320010635,2386.3785201829287,1906.9345920931664,0.0,2538.933287550382,0.15370706426627812,0.5499747349485651,0,True,0.030741412853255625,completed,completed,100
8484->10545,8484,10545,1,"(15546,)",0.75,1,0.75,127.0,0.564,False,16518.0,1591.527028184357,1067.4429895327137,1156.509640480633,0.0,1159.9637607711643,0.07022422573986949,0.5209885989726887,0,True,0.014044845147973897,completed,completed,100
10637->9223,10637,9223,1,"(20414,)",0.76,1,0.76,107.95,0.564,False,16738.24,4023.7140863209943,5104.84336830327,2352.878646429397,0.0,5293.0736600176215,0.31622641687642317,0.5632454321490449,0,True,0.06324528337528464,completed,completed,100
10971->12038,10971,12038,1,"(21931,)",0.76,1,0.76,63.5,0.637,False,16738.24,3867.8952342950015,837.0719912910097,1883.073418654068,0.0,987.7178647833351,0.059009660799662036,0.4580362139873772,0,True,0.011801932159932409,completed,completed,100
12305->10979,12305,10979,1,"(25745,)",0.76,1,0.76,88.9,0.637,False,16738.24,2238.541301112131,1041.798728892362,975.1085907644442,0.0,1119.8074161535176,0.06690114469343954,0.4727154178548302,0,True,0.013380228938687908,completed,completed,100
12315->10798,12315,10798,1,"(25768,)",0.76,1,0.76,88.9,0.637,False,16738.24,2345.3265806799964,949.4310956599471,1078.3811617966624,0.0,1035.7015886036802,0.06187637341821363,0.4709176336086839,0,True,0.012375274683642726,completed,completed,100
6940->12524,6940,12524,1,"(12283,)",0.76,1,0.76,177.8,0.509,False,16738.24,913.7700561390973,2703.789357210517,601.7337073215274,0.0,2751.9280537962395,0.16440964245919756,0.5935810427941065,0,True,0.03288192849183951,completed,completed,100
9223->10637,9223,10637,1,"(17210,)",0.76,1,0.76,107.95,0.564,False,16738.24,4460.017917942113,7171.185675999695,2608.0085952164095,0.0,7379.826363617009,0.4408961971878171,0.5741894308039664,0,True,0.08817923943756342,completed,completed,100
10776->10777,10776,10777,1,"(21050,)",0.78,1,0.78,63.5,0.637,False,17178.72,5308.0315385582,5564.413477024611,2147.0229283248127,0.0,5736.175311290596,0.3339116832505912,0.5134574638637999,0,True,0.06678233665011823,completed,completed,100
10910->12642,10910,12642,1,"(21653,)",0.78,1,0.78,127.0,0.564,False,17178.72,1717.9112162885372,1824.4851842143992,1030.9892584154222,0.0,1906.964324887633,0.11100735822503847,0.5365049483987908,0,True,0.022201471645007697,completed,completed,100
6672->6673,6672,6673,1,"(11776,)",0.39,2,0.78,152.4,0.509,False,17178.72,2509.589650041632,1929.929434358729,1029.774261613869,0.0,2012.3113752878385,0.11713977381829603,0.5784070562934183,0,True,0.023427954763659206,completed,completed,100
6673->6672,6673,6672,1,"(11779,)",0.39,2,0.78,152.4,0.509,False,17178.72,2403.7913483270318,1845.4923648110237,986.3614399095928,0.0,1924.401280003791,0.11202239049264386,0.576618012406467,0,True,0.022404478098528774,completed,completed,100
10618->10624,10618,10624,1,"(20330,)",0.79,1,0.79,177.8,0.509,False,17398.96,629.9071124285047,1782.873344088326,505.52000656529526,0.0,1823.3149446135494,0.10479447878571763,0.5773688177428277,0,True,0.020958895757143527,completed,completed,100
10777->12099,10777,12099,1,"(21056,)",0.79,1,0.79,63.5,0.637,False,17398.96,4012.4004791628913,2370.796950861418,1534.1814472127235,0.0,2493.5314666384356,0.143314972081,0.485789837894204,0,True,0.028662994416200002,completed,completed,100
10827->4468,10827,4468,1,"(21277,)",0.79,1,0.79,63.5,0.637,False,17398.96,5140.711319666866,3608.4349476171847,2601.532562013296,0.0,3816.5575525782483,0.21935549898259715,0.5010679278653546,0,True,0.04387109979651943,completed,completed,100
12573->2032,12573,2032,1,"(26609,)",0.79,1,0.79,127.0,0.564,False,17398.96,2801.2658939865332,2470.311924935463,2144.1511656104926,0.0,2641.8440181843025,0.15183919143352836,0.5514638757774808,0,True,0.030367838286705674,completed,completed,100
2032->12573,2032,12573,1,"(2197,)",0.79,1,0.79,127.0,0.564,False,17398.96,2665.8451366155596,2257.0518586800144,2040.4971085685859,0.0,2420.2916273655014,0.13910553431730985,0.5483359561782074,0,True,0.02782110686346197,completed,completed,100
4468->10827,4468,10827,1,"(6888,)",0.79,1,0.79,63.5,0.637,False,17398.96,5864.606692162255,6972.640212313551,2967.870460784771,0.0,7210.069849176333,0.4143965989447837,0.5213027394248815,0,True,0.08287931978895674,completed,completed,100
10037->2166,10037,2166,1,"(18433,)",0.2,4,0.8,88.9,0.637,False,17619.2,2091.811887680754,494.8072092567636,146.9666545602801,0.0,506.564541621586,0.028750711815609446,0.448561810732733,0,True,0.00575014236312189,completed,completed,100
10613->6550,10613,6550,1,"(20310,)",0.8,1,0.8,177.8,0.509,False,17619.2,1170.0090476734488,3062.294342156133,1102.9909294227136,0.0,3150.53361650995,0.17881252363954947,0.6002703278092224,0,True,0.03576250472790989,completed,completed,100
10625->8366,10625,8366,1,"(20359,)",0.4,2,0.8,152.4,0.509,False,17619.2,1969.0103710777494,1753.891135571915,725.0880691493812,0.0,1811.8981811038655,0.10283657493551725,0.5726641615146495,0,True,0.02056731498710345,completed,completed,100
10643->10644,10643,10644,1,"(20443,)",0.8,1,0.8,107.95,0.564,False,17619.2,3523.764948416653,3688.983206552493,2168.980965895992,0.0,3862.5016838241722,0.219221172574474,0.552488292838796,0,True,0.0438442345148948,completed,completed,100
10644->10643,10644,10643,1,"(20447,)",0.8,1,0.8,107.95,0.564,False,17619.2,3397.8779218339682,3367.5289764213044,2091.493798474744,0.0,3534.848480299284,0.2006248002349303,0.5494723811587837,0,True,0.04012496004698606,completed,completed,100
2167->10042,2167,10042,1,"(2488,)",0.2,4,0.8,88.9,0.637,False,17619.2,2352.450106674533,556.4960732315924,165.27859136571396,0.0,569.7183605408495,0.03233508675427088,0.45330776124576244,0,True,0.006467017350854177,completed,completed,100
5083->8483,5083,8483,1,"(8788,)",0.8,1,0.8,127.0,0.564,False,17619.2,2602.0013656388273,2512.881878372603,1877.7477441410133,0.0,2663.101697903884,0.15114770806301558,0.5508964494291971,0,True,0.03022954161260312,completed,completed,100
6236->6237,6236,6237,1,"(10956,)",0.4,2,0.8,177.8,0.509,False,17619.2,2073.4652644061607,2919.845839487897,872.632666991507,0.0,2989.6564528472177,0.16968173656279614,0.60495621888467,0,True,0.03393634731255923,completed,completed,100
6237->6236,6237,6236,1,"(10960,)",0.4,2,0.8,177.8,0.509,False,17619.2,1615.6375469605143,2269.640247168871,679.952601906525,0.0,2324.036455321393,0.1319036310003515,0.5947962784620913,0,True,0.0263807262000703,completed,completed,100
6550->10613,6550,10613,1,"(11608,)",0.8,1,0.8,177.8,0.509,False,17619.2,1712.5156752579414,4589.296733145688,1614.4227773791665,0.0,4718.450555336021,0.26780163431574766,0.6163561698673947,0,True,0.053560326863149536,completed,completed,100
7040->10122,7040,10122,1,"(12456,)",0.4,2,0.8,203.2,0.463,False,17619.2,569.8645595317706,1302.3418900183099,306.01726846856076,0.0,1326.8232714957946,0.07530553438838282,0.5999224929137842,0,True,0.015061106877676565,completed,completed,100
8366->10625,8366,10625,1,"(15352,)",0.4,2,0.8,152.4,0.509,False,17619.2,1664.702325888378,1480.2593784995393,613.0266315083952,0.0,1529.301509020211,0.0867974430746124,0.5658259140173184,0,True,0.01735948861492248,completed,completed,100
8483->5083,8483,5083,1,"(15540,)",0.8,1,0.8,127.0,0.564,False,17619.2,2513.067326393044,2378.567112768751,1813.5680347156424,0.0,2523.6525555460025,0.14323309546097454,0.548928325977182,0,True,0.02864661909219491,completed,completed,100
10635->2087,10635,2087,1,"(20403,)",0.81,1,0.81,127.0,0.564,False,17839.440000000002,1643.485608989965,2052.4189035266527,916.4421752698358,0.0,2125.7342775482393,0.11915924925604386,0.539230834485013,0,True,0.023831849851208772,completed,completed,100
10892->12774,10892,12774,1,"(21578,)",0.81,1,0.81,127.0,0.564,False,17839.440000000002,2587.3659773483,3554.813464276536,1442.7697398320934,0.0,3670.2350434631035,0.205737121987187,0.5603128905534394,0,True,0.041147424397437404,completed,completed,100
12327->12326,12327,12326,1,"(25817,)",0.81,1,0.81,88.9,0.637,False,17839.440000000002,5819.868363182685,10498.443982920457,3019.792755576362,0.0,10740.027403366566,0.6020383713483476,0.5499298476760183,0,True,0.12040767426966953,completed,completed,100
12774->10892,12774,10892,1,"(27308,)",0.81,1,0.81,127.0,0.564,False,17839.440000000002,3017.919815005953,4530.077711661928,1682.8556240013197,0.0,4664.706161582034,0.26148276860607916,0.5690757567983983,0,True,0.05229655372121583,completed,completed,100
2087->10635,2087,10635,1,"(2319,)",0.81,1,0.81,127.0,0.564,False,17839.440000000002,2108.4951905052158,2720.785949594973,1175.74130759814,0.0,2814.845254202824,0.1577877587078307,0.5502418656970518,0,True,0.031557551741566145,completed,completed,100
10553->8641,10553,8641,1,"(20016,)",0.82,1,0.82,127.0,0.564,False,18059.68,2962.556152259146,1913.7184597749172,2763.0601971017995,0.0,2134.7632755430614,0.11820604105626796,0.5457773496956312,0,True,0.023641208211253595,completed,completed,100
11036->12886,11036,12886,1,"(22214,)",0.82,1,0.82,63.5,0.637,False,18059.68,1282.3944855322998,216.56970205226665,587.2577577900682,0.0,263.5503226754721,0.014593299697196855,0.40703765949620985,0,True,0.002918659939439371,completed,completed,100
12535->11107,12535,11107,1,"(26474,)",0.82,1,0.82,63.5,0.637,False,18059.68,4946.936722056166,3376.1037577139377,2454.175307812064,0.0,3572.4377823389027,0.19781290600602572,0.49869586174137015,0,True,0.03956258120120515,completed,completed,100
12601->10013,12601,10013,1,"(26711,)",0.82,1,0.82,63.5,0.637,False,18059.68,2224.6787810632854,627.9003472061262,945.9969799589965,0.0,703.580105602846,0.038958614194871996,0.4419937619050966,0,True,0.0077917228389743996,completed,completed,100
10547->5128,10547,5128,1,"(19989,)",0.83,1,0.83,127.0,0.564,False,18279.92,2210.2259518094643,2611.5067639154645,1411.4762954837806,0.0,2724.424867554167,0.1490392117445901,0.5497906676110046,0,True,0.02980784234891802,completed,completed,100
12251->12250,12251,12250,1,"(25571,)",0.83,1,0.83,88.9,0.637,False,18279.92,2871.891789425714,1626.5496853654536,1366.2193851095894,0.0,1735.8472361742208,0.09495923593616498,0.48837752281822455,0,True,0.018991847187233,completed,completed,100
5128->10547,5128,10547,1,"(8945,)",0.83,1,0.83,127.0,0.564,False,18279.92,4141.057354599523,8690.946274915292,2644.5279449690743,0.0,8902.508510512818,0.4870102555433951,0.5916244011233605,0,True,0.09740205110867903,completed,completed,100
10588->6806,10588,6806,1,"(20187,)",0.42,2,0.84,228.6,0.463,False,18500.16,246.61603289402822,1096.8225049459575,165.28859999999997,0.0,1110.0455929459574,0.060001945547819985,0.6024807802251916,0,True,0.012000389109563997,completed,completed,100
10911->12642,10911,12642,1,"(21659,)",0.84,1,0.84,127.0,0.564,False,18500.16,1947.988133306879,2973.355157064025,951.2415652564152,0.0,3049.4544822845382,0.1648339518298511,0.5517444654959993,0,True,0.03296679036597022,completed,completed,100
6255->12464,6255,12464,1,"(10974,)",0.42,2,0.84,127.0,0.564,False,18500.16,3419.422074888699,1410.737555820239,1341.7812221863257,0.0,1518.0800535951453,0.08205767158744277,0.5372697412439512,0,True,0.016411534317488555,completed,completed,100
8087->8085,8087,8085,1,"(15041,)",0.28,3,0.8400000000000001,127.0,0.564,False,18500.160000000003,3827.890637892186,2087.773691565722,539.2025643160133,0.0,2130.909896711003,0.11518332256104827,0.5485170905437755,0,True,0.023036664512209655,completed,completed,100
8113->8118,8113,8118,1,"(15070,)",0.28,3,0.8400000000000001,88.9,0.637,False,18500.160000000003,1595.1184679972594,445.12643354043576,187.07058586989396,0.0,460.0920804100273,0.02486962709565902,0.4427696096691758,0,True,0.0049739254191318045,completed,completed,100
8116->8114,8116,8114,1,"(15074,)",0.28,3,0.8400000000000001,88.9,0.637,False,18500.160000000003,2511.6753819571727,701.3860987028723,294.56156056399277,0.0,724.9510235479918,0.03918620290570415,0.46113263574456453,0,True,0.00783724058114083,completed,completed,100
10894->2157,10894,2157,1,"(21585,)",0.85,1,0.85,127.0,0.564,False,18720.399999999998,1858.9046421681169,2466.2869243377627,1087.7527269276382,0.0,2553.3071424919735,0.13639169796008493,0.545987656657621,0,True,0.02727833959201699,completed,completed,100
2157->10894,2157,10894,1,"(2461,)",0.85,1,0.85,127.0,0.564,False,18720.399999999998,1636.7593738430483,2144.2785119373248,957.7626693887901,0.0,2220.899525488428,0.11863526022352237,0.5404800208194889,0,True,0.023727052044704475,completed,completed,100
6213->8801,6213,8801,1,"(10932,)",0.43,2,0.86,127.0,0.564,False,18940.64,1894.7532093627551,774.8754505122911,761.2035679099915,0.0,835.7717359450904,0.04412584453033744,0.5132101750202542,0,True,0.008825168906067488,completed,completed,100
7478->12218,7478,12218,1,"(13457,)",0.43,2,0.86,107.95,0.564,False,18940.64,4765.433123835519,1068.0371268289227,1914.4787186928927,0.0,1221.1954243243542,0.06447487647325298,0.5217601993393918,0,True,0.012894975294650597,completed,completed,100
7961->8768,7961,8768,1,"(14900,)",0.43,2,0.86,127.0,0.564,False,18940.64,4542.588602533686,2061.179436472282,1824.952524006462,0.0,2207.1756383927986,0.11653120688597633,0.5514219019753757,0,True,0.023306241377195266,completed,completed,100
8828->8357,8828,8357,1,"(16124,)",0.43,2,0.86,127.0,0.564,False,18940.64,3059.7608786691785,1276.1265411864385,1229.237077570495,0.0,1374.465507392078,0.07256700446194417,0.5331230174626662,0,True,0.014513400892388834,completed,completed,100
12360->2446,12360,2446,1,"(25930,)",0.87,1,0.87,76.2,0.637,False,19160.88,5209.894559347612,7631.729068595279,2193.782401050093,0.0,7807.2316606792865,0.4074568423099193,0.5308306434242818,0,True,0.08149136846198386,completed,completed,100
2446->12360,2446,12360,1,"(3274,)",0.87,1,0.87,76.2,0.637,False,19160.88,3635.9672968974237,2702.4266734813305,1531.0331093775676,0.0,2824.909322231536,0.14743108470130473,0.49686938336355585,0,True,0.029486216940260948,completed,completed,100
5154->10553,5154,10553,1,"(8979,)",0.87,1,0.87,127.0,0.564,False,19160.88,3097.19385555387,3756.3441254175204,2430.6777378386773,0.0,3950.7983444446145,0.2061908609857488,0.5644498047705127,0,True,0.04123817219714976,completed,completed,100
12826->12825,12826,12825,1,"(27494,)",0.88,1,0.88,88.9,0.637,False,19381.12,2167.3639926099304,1446.1721843506687,989.0610768561661,0.0,1525.297070499162,0.07870015099742234,0.481490468431721,0,True,0.01574003019948447,completed,completed,100
10649->7778,10649,7778,1,"(20471,)",0.89,1,0.89,88.9,0.637,False,19601.36,3216.2436543775493,711.3022240384378,2149.8038015581137,0.0,883.2865281630868,0.045062512405419156,0.46965917345912644,0,True,0.009012502481083831,completed,completed,100
12404->12410,12404,12410,1,"(26043,)",0.89,1,0.89,107.95,0.564,False,19601.36,2133.395794680235,129.51387423937686,2159.590184785353,0.0,302.2810890222051,0.015421434483229994,0.47180532554886623,0,True,0.003084286896645999,completed,completed,100
6983->12238,6983,12238,1,"(12322,)",0.89,1,0.89,88.9,0.637,False,19601.36,4386.583462134685,5207.021356698151,2024.5335987312183,0.0,5368.984044596648,0.2739087514640131,0.526357413708904,0,True,0.054781750292802626,completed,completed,100
11039->12803,11039,12803,1,"(22227,)",0.9,1,0.9,53.975,0.637,False,19821.600000000002,4419.954345092591,2626.9151293857158,3465.5978029001994,0.0,2904.1629536177315,0.1465150620342319,0.4849985249836699,0,True,0.02930301240684638,completed,completed,100
12381->11776,12381,11776,1,"(25983,)",0.9,1,0.9,63.5,0.637,False,19821.600000000002,1616.4455184040562,307.3170345192161,812.4503859424696,0.0,372.31306539461366,0.01878319940845409,0.41973904683926205,0,True,0.0037566398816908184,completed,completed,100
12559->12531,12559,12531,1,"(26560,)",0.9,1,0.9,63.5,0.637,False,19821.600000000002,3470.4435316518457,612.4520130925491,2125.863565857484,0.0,782.5210983611478,0.03947820046621603,0.44997899524011475,0,True,0.007895640093243205,completed,completed,100
5742->12368,5742,12368,1,"(10191,)",0.45,2,0.9,127.0,0.564,False,19821.600000000002,4914.682178698303,2421.6631226241707,2066.272807415587,0.0,2586.964947217418,0.1305124181305958,0.5569710062532456,0,True,0.026102483626119163,completed,completed,100
8759->5344,8759,5344,1,"(15946,)",0.45,2,0.9,127.0,0.564,False,19821.600000000002,4375.168961749378,2048.055761546341,1839.4460363469173,0.0,2195.2114444540944,0.1107484483822746,0.5508519943420078,0,True,0.02214968967645492,completed,completed,100
9033->10843,9033,10843,1,"(16704,)",0.9,1,0.9,63.5,0.637,False,19821.600000000002,3446.386469717146,1537.5338876265453,1608.477799509417,0.0,1666.2121115872988,0.0840604245664981,0.47222227630049607,1,False,0.10507553070812262,completed,completed,100
10876->12587,10876,12587,1,"(21502,)",0.91,1,0.91,152.4,0.509,False,20041.84,1674.8800281340352,3728.01332470051,1282.8911063495457,0.0,3830.644613208474,0.19113238171786992,0.5930209869059873,0,True,0.038226476343573984,completed,completed,100
10912->4532,10912,4532,1,"(21662,)",0.91,1,0.91,107.95,0.564,False,20041.84,2578.826247528842,2440.2146265695083,1705.2918366159058,0.0,2576.637973498781,0.12856294499401158,0.537123743972228,0,True,0.025712588998802317,completed,completed,100
4532->10912,4532,10912,1,"(7050,)",0.91,1,0.91,107.95,0.564,False,20041.84,2042.6729222455715,1765.6058330841388,1350.7515143835885,0.0,1873.665954234826,0.09348772139857547,0.5251713485762042,0,True,0.018697544279715095,completed,completed,100
12903->10445,12903,10445,1,"(27752,)",0.92,1,0.92,88.9,0.637,False,20262.08,3924.6704286862646,1482.239586289115,3145.639047273756,0.0,1733.8907100710155,0.08557318449394215,0.4917482362743919,0,True,0.01711463689878843,completed,completed,100
10588->6702,10588,6702,1,"(20185,)",0.47,2,0.94,203.2,0.463,False,20702.559999999998,1684.5325571701592,4816.087025905681,911.0553687946638,0.0,4888.971455409254,0.23615299051949395,0.6502590959471042,0,True,0.04723059810389879,completed,completed,100
10811->5083,10811,5083,1,"(21204,)",0.94,1,0.94,127.0,0.564,False,20702.559999999998,2190.2634739209525,2695.9144326240325,1683.1079665345562,0.0,2830.563069946797,0.1367252682734308,0.5508210206841164,0,True,0.02734505365468616,completed,completed,100
6260->8649,6260,8649,1,"(10987,)",0.94,1,0.94,152.4,0.509,False,20702.559999999998,928.3115627486028,1638.729142917737,952.1175970466448,0.0,1714.8985506814686,0.0828350962722228,0.5628470382043032,0,True,0.01656701925444456,completed,completed,100
6702->10588,6702,10588,1,"(11857,)",0.47,2,0.94,203.2,0.463,False,20702.559999999998,1227.4437493717035,3504.0363201987975,663.8454169369803,0.0,3557.143953553756,0.17182145365373927,0.6374124962807677,0,True,0.03436429073074786,completed,completed,100
6879->6880,6879,6880,1,"(12127,)",0.47,2,0.94,127.0,0.564,False,20702.559999999998,1463.5437528939622,652.7655022173279,642.6629696636373,0.0,704.1785397904189,0.03401408037413822,0.5053391995300789,0,True,0.006802816074827645,completed,completed,100
6880->6879,6880,6879,1,"(12130,)",0.47,2,0.94,127.0,0.564,False,20702.559999999998,1045.2748628435115,465.78981811187543,458.9951247726265,0.0,502.50942809368553,0.02427281592680739,0.4917161570823596,0,True,0.004854563185361479,completed,completed,100
8649->6260,8649,6260,1,"(15804,)",0.94,1,0.94,152.4,0.509,False,20702.559999999998,1751.0590297172755,3210.134628807825,1795.963965723803,0.0,3353.811746065729,0.16199985634944322,0.5895775145519221,0,True,0.032399971269888646,completed,completed,100
10539->4972,10539,4972,1,"(19952,)",0.95,1,0.95,107.95,0.564,False,20922.8,3352.1829695018173,3870.380193194022,2450.2485634723284,0.0,4066.4000782718085,0.19435257605443865,0.5534643452881268,0,True,0.03887051521088773,completed,completed,100
10797->8890,10797,8890,1,"(21147,)",0.95,1,0.95,88.9,0.637,False,20922.8,3430.3078133456147,1980.937232036539,2087.5440872333565,0.0,2147.9407590152073,0.10266029207444545,0.4966069675237046,0,True,0.02053205841488909,completed,completed,100
10883->7581,10883,7581,1,"(21536,)",0.95,1,0.95,152.4,0.509,False,20922.8,1534.37762652399,3953.636281115171,1022.4434912744504,0.0,4035.4317604171274,0.19287245303769704,0.5936052861854355,0,True,0.03857449060753941,completed,completed,100
10903->10897,10903,10897,1,"(21624,)",0.95,1,0.95,88.9,0.637,False,20922.8,2773.330097906837,1526.6464341926337,1593.9714737719548,0.0,1654.1641520943901,0.07906036247989706,0.48657309048587677,0,True,0.015812072495979414,completed,completed,100
12367->12364,12367,12364,1,"(25942,)",0.95,1,0.95,107.95,0.564,False,20922.8,2267.8807030549474,910.3771035336687,2087.4581937896874,0.0,1077.3737590368437,0.051492809711742395,0.5099665486288347,0,True,0.01029856194234848,completed,completed,100
7581->10883,7581,10883,1,"(13778,)",0.95,1,0.95,152.4,0.509,False,20922.8,1403.3230585276192,3597.16461735605,935.1143437860114,0.0,3671.9737648589307,0.17550106892284642,0.5898435131388308,0,True,0.03510021378456928,completed,completed,100
12322->8482,12322,8482,1,"(25795,)",0.96,1,0.96,107.95,0.564,False,21143.04,3875.3769844614976,5755.876838886161,2862.4902187344787,0.0,5984.876056384919,0.2830660139878144,0.566466086931473,0,True,0.05661320279756288,completed,completed,100
12352->11051,12352,11051,1,"(25913,)",0.96,1,0.96,88.9,0.637,False,21143.04,2088.003740957446,612.4659489980188,1364.3016443415954,0.0,721.6100805453465,0.034129911334668354,0.4589829874463576,0,True,0.006825982266933671,completed,completed,100
8482->12322,8482,12322,1,"(15539,)",0.96,1,0.96,107.95,0.564,False,21143.04,4395.8500147465265,8613.757245740191,3246.9299685393635,0.0,8873.51164322334,0.4196894885136357,0.5794788284139072,0,True,0.08393789770272714,completed,completed,100
10635->10641,10635,10641,1,"(20405,)",0.97,1,0.97,127.0,0.564,False,21363.28,1648.395225245827,2465.7536379033727,1100.7462768331031,0.0,2553.813340050021,0.11954219296147507,0.5446839158256076,0,True,0.023908438592295016,completed,completed,100
10641->10635,10641,10635,1,"(20431,)",0.97,1,0.97,127.0,0.564,False,21363.28,1742.3069103265289,2618.974339785961,1163.4575344978352,0.0,2712.050942545788,0.12694918301617486,0.54706389802934,0,True,0.025389836603234975,completed,completed,100
10166->7555,10166,7555,1,"(18700,)",0.49,2,0.98,177.8,0.509,False,21583.52,2063.7724144020863,3704.325095193553,993.0460103619957,0.0,3783.7687760225126,0.17530823406110368,0.6118656871785624,0,True,0.03506164681222074,completed,completed,100
10613->10166,10613,10166,1,"(20311,)",0.49,2,0.98,177.8,0.509,False,21583.52,2635.763073273983,4759.400599138994,1268.2764755979751,0.0,4860.862717186832,0.2252117688489566,0.6219340179941133,0,True,0.04504235376979132,completed,completed,100
4433->10606,4433,10606,1,"(6778,)",0.49,2,0.98,228.6,0.463,False,21583.52,589.986324522189,2958.1203121806593,388.10775392880885,0.0,2989.168932494964,0.13849311569637224,0.6412278847299662,0,True,0.027698623139274448,completed,completed,100
7555->10166,7555,10166,1,"(13684,)",0.49,2,0.98,177.8,0.509,False,21583.52,1723.599839701943,3087.9982670346058,829.3617708677809,0.0,3154.347208704028,0.14614609705479126,0.6045268374022342,0,True,0.029229219410958254,completed,completed,100
7631->10627,7631,10627,1,"(13938,)",0.49,2,0.98,127.0,0.564,False,21583.52,4534.606742874373,2342.985822747831,2075.9429668878884,0.0,2509.0612600988625,0.1162489371566298,0.5551902329531987,0,True,0.023249787431325962,completed,completed,100
8406->10572,8406,10572,1,"(15416,)",0.49,2,0.98,127.0,0.564,False,21583.52,3887.527936612057,1233.5295966984022,2076.3286709444997,0.0,1399.6358903739622,0.06484743407812822,0.5362687694982233,0,True,0.012969486815625646,completed,completed,100
8408->10565,8408,10565,1,"(15423,)",0.49,2,0.98,127.0,0.564,False,21583.52,3529.322251864589,1706.8029785226802,1615.723726903609,0.0,1836.060876674969,0.08506772188572434,0.5432322833150038,0,True,0.01701354437714487,completed,completed,100
10641->10907,10641,10907,1,"(20433,)",0.99,1,0.99,127.0,0.564,False,21803.76,2475.6023173881817,4083.8989156559983,1687.214185701213,0.0,4218.876050512095,0.19349305122199545,0.5639483389160789,0,True,0.03869861024439909,completed,completed,100
10655->10656,10655,10656,1,"(20502,)",0.99,1,0.99,88.9,0.637,False,21803.76,3731.5885256728025,1419.3806454297446,2774.5261416642106,0.0,1641.3427367628815,0.07527796750481942,0.4895779973557539,0,True,0.015055593500963886,completed,completed,100
10677->12826,10677,12826,1,"(20601,)",0.99,1,0.99,88.9,0.637,False,21803.76,3271.7410533852,3264.7425597177516,1567.6874431400527,0.0,3390.1575551689557,0.1554849968615026,0.5095751007213322,0,True,0.031096999372300524,completed,completed,100
10821->10815,10821,10815,1,"(21251,)",0.99,1,0.99,76.2,0.637,False,21803.76,3668.765491872831,2222.125938523902,2081.754086548957,0.0,2388.666265447818,0.1095529516674105,0.49201118107306296,0,True,0.0219105903334821,completed,completed,100
10907->10641,10907,10641,1,"(21638,)",0.99,1,0.99,127.0,0.564,False,21803.76,2322.9120917533,3752.086443687133,1583.1501715016757,0.0,3878.738457407267,0.17789309997024674,0.5607705915720246,0,True,0.03557861999404935,completed,completed,100
11051->4486,11051,4486,1,"(22278,)",0.99,1,0.99,88.9,0.637,False,21803.76,2853.339680861028,2144.6575453918463,1538.1070216665414,0.0,2267.7061071251696,0.10400527739826387,0.4962028000785211,0,True,0.020801055479652775,completed,completed,100
12402->12454,12402,12454,1,"(26037,)",0.99,1,0.99,88.9,0.637,False,21803.76,3902.9832338322417,2929.2404174350413,2475.203090721693,0.0,3127.2566646927767,0.14342740264490056,0.5091128607045482,0,True,0.028685480528980112,completed,completed,100
6434->6763,6434,6763,1,"(11437,)",0.99,1,0.99,127.0,0.564,False,21803.76,2511.522010083384,2940.6807037102467,2242.9104008946038,0.0,3120.113535781815,0.14309979268629883,0.5551903467893783,0,True,0.028619958537259765,completed,completed,100
8097->8096,8097,8096,1,"(15053,)",0.33,3,0.99,127.0,0.564,False,21803.76,4022.3353313865837,2588.8016061891535,667.7695470921943,0.0,2642.223169956529,0.12118199658941986,0.5554114460125635,0,True,0.024236399317883975,completed,completed,100
10378->7565,10378,7565,1,"(19251,)",1.0,1,1.0,127.0,0.564,False,22024.0,2023.6262234154133,3198.8445955374,1393.1068948565057,0.0,3310.2931471259203,0.15030390243034508,0.554584716710744,0,True,0.030060780486069017,completed,completed,100
10572->5899,10572,5899,1,"(20105,)",0.5,2,1.0,127.0,0.564,False,22024.0,3269.924607144016,1012.2837186773245,1782.1089108934889,0.0,1154.8524315488037,0.052436089336578444,0.5287054252336945,0,True,0.01048721786731569,completed,completed,100
10613->2085,10613,2085,1,"(20309,)",0.5,2,1.0,177.8,0.509,False,22024.0,1388.9517752381107,2623.453590810697,639.3518640392929,0.0,2674.6017399338402,0.1214403260049873,0.597300102384519,0,True,0.024288065200997463,completed,completed,100
10614->2085,10614,2085,1,"(20313,)",0.5,2,1.0,177.8,0.509,False,22024.0,1619.371675506017,3060.5380840803973,745.4170243813635,0.0,3120.1714460309063,0.14167142417503206,0.6035252823915138,0,True,0.028334284835006412,completed,completed,100
10623->10629,10623,10629,1,"(20350,)",1.0,1,1.0,177.8,0.509,False,22024.0,2399.9685342192165,9523.008953096205,2438.0370006240732,0.0,9718.051913146131,0.4412482706659159,0.6413860782032893,0,True,0.08824965413318318,completed,completed,100
10623->7670,10623,7670,1,"(20349,)",1.0,1,1.0,152.4,0.509,False,22024.0,2649.567765259398,7270.543045509343,2295.7725401335842,0.0,7454.20484872003,0.33845826592444744,0.6176931372313216,0,True,0.0676916531848895,completed,completed,100
10629->10623,10629,10623,1,"(20380,)",1.0,1,1.0,177.8,0.509,False,22024.0,3229.2177846133427,15660.298211547586,3280.4398598175544,0.0,15922.73340033299,0.722971912474255,0.6592138316195527,0,True,0.144594382494851,completed,completed,100
10629->2086,10629,2086,1,"(20377,)",1.0,1,1.0,152.4,0.509,False,22024.0,1314.5141056504056,1984.985081096013,1683.7211109765628,0.0,2119.682769974138,0.09624422311905821,0.572896454161077,0,True,0.019248844623811642,completed,completed,100
10636->8364,10636,8364,1,"(20409,)",1.0,1,1.0,127.0,0.564,False,22024.0,3021.595828089191,4106.361531707422,2725.6878228556293,0.0,4324.416557535872,0.19635018877296911,0.5668506197383245,0,True,0.039270037754593826,completed,completed,100
10647->10648,10647,10648,1,"(20461,)",1.0,1,1.0,76.2,0.637,False,22024.0,4418.1221167565855,3975.449292053693,2532.281571130485,0.0,4178.031817744132,0.1897035878016769,0.5105574543645524,0,True,0.03794071756033538,completed,completed,100
10648->10647,10648,10647,1,"(20467,)",1.0,1,1.0,76.2,0.637,False,22024.0,4972.092735695575,6122.864012214698,2849.7942048276223,0.0,6350.847548600907,0.28836031368511206,0.5242197624015599,0,True,0.05767206273702241,completed,completed,100
10648->10649,10648,10649,1,"(20468,)",1.0,1,1.0,76.2,0.637,False,22024.0,3867.5930006246217,1290.80445006016,2904.695708744975,0.0,1523.180106759758,0.0691600121122302,0.4792945615767235,0,True,0.013832002422446041,completed,completed,100
10649->10650,10649,10650,1,"(20473,)",1.0,1,1.0,76.2,0.637,False,22024.0,4271.470023988644,2716.261913388101,2736.2534447786084,0.0,2935.1621889703897,0.13327107650610195,0.4997564351160744,0,True,0.02665421530122039,completed,completed,100
10650->10649,10650,10649,1,"(20478,)",1.0,1,1.0,76.2,0.637,False,22024.0,4098.778965068833,2312.7210855637677,2625.629584094094,0.0,2522.771452291295,0.11454646986429783,0.49483311553512327,0,True,0.022909293972859568,completed,completed,100
10841->8531,10841,8531,1,"(21340,)",0.5,2,1.0,127.0,0.564,False,22024.0,3645.221022453223,2297.635150927129,1489.9840929277552,0.0,2416.8338783613494,0.1097363729731815,0.5517040361726882,0,True,0.0219472745946363,completed,completed,100
10863->12508,10863,12508,1,"(21445,)",1.0,1,1.0,107.95,0.564,False,22024.0,3285.139048510181,3884.987399168262,2527.624632618422,0.0,4087.1973697777357,0.18557924853694768,0.5533948930394076,0,True,0.037115849707389535,completed,completed,100
10864->10865,10864,10865,1,"(21449,)",0.5,2,1.0,152.4,0.509,False,22024.0,1158.4448451787048,1285.828926149921,533.2466427963226,0.0,1328.4886575736268,0.06032004438674295,0.5577179432855541,0,True,0.01206400887734859,completed,completed,100
10865->10864,10865,10864,1,"(21453,)",0.5,2,1.0,152.4,0.509,False,22024.0,1488.8288584528216,1653.758850347673,685.3265339065645,0.0,1708.584973060198,0.07757832242372857,0.5678838696129168,0,True,0.015515664484745714,completed,completed,100
10866->10867,10866,10867,1,"(21457,)",1.0,1,1.0,63.5,0.637,False,22024.0,4155.245390612384,2256.416775625004,2381.611700198361,0.0,2446.945711640873,0.11110360114606216,0.4856139330757809,0,True,0.022220720229212433,completed,completed,100
10867->10866,10867,10866,1,"(21464,)",1.0,1,1.0,63.5,0.637,False,22024.0,3599.611775769192,1355.5367962878388,2063.1459072698162,0.0,1520.588468869424,0.06904233876087106,0.4699949189709507,0,True,0.013808467752174211,completed,completed,100
10874->10866,10874,10866,1,"(21491,)",1.0,1,1.0,76.2,0.637,False,22024.0,2864.057526072471,1717.0383162918072,1485.218402806153,0.0,1835.8557885162995,0.0833570554175581,0.4815358192805424,0,True,0.016671411083511622,completed,completed,100
10889->1952,10889,1952,1,"(21561,)",0.5,2,1.0,127.0,0.564,False,22024.0,6710.073768575131,6521.993979577486,2437.9934692489646,0.0,6717.0334571174035,0.3049869895167728,0.5885608476219019,0,True,0.06099739790335456,completed,completed,100
10906->10907,10906,10907,1,"(21636,)",1.0,1,1.0,127.0,0.564,False,22024.0,3023.841539754697,6071.904873927542,1883.421301904354,0.0,6222.578578079891,0.2825362594478701,0.5776127856188655,0,True,0.05650725188957402,completed,completed,100
10907->10906,10907,10906,1,"(21640,)",1.0,1,1.0,127.0,0.564,False,22024.0,3413.4239808436505,7590.699036267454,2126.075508068331,0.0,7760.785076912921,0.3523785450832238,0.5854619165931996,0,True,0.07047570901664477,completed,completed,100
10908->2173,10908,2173,1,"(21643,)",1.0,1,1.0,127.0,0.564,False,22024.0,912.9219949572023,1302.608237609393,663.3899830022337,0.0,1355.6794362495716,0.06155464203821157,0.5195387022231865,0,True,0.012310928407642314,completed,completed,100
11041->12740,11041,12740,1,"(22234,)",1.0,1,1.0,127.0,0.564,False,22024.0,1415.015774777223,2590.5405791421017,787.59175889728,0.0,2653.547919853884,0.12048437703659118,0.5441524857445476,0,True,0.02409687540731824,completed,completed,100
12085->7107,12085,7107,1,"(25044,)",0.5,2,1.0,63.5,0.637,False,22024.0,3359.109395934478,289.1570045742557,962.6500347822755,0.0,366.16900735683777,0.01662590843429158,0.42721979938089805,0,True,0.0033251816868583163,completed,completed,100
12241->10987,12241,10987,1,"(25533,)",0.5,2,1.0,88.9,0.637,False,22024.0,6209.51475384621,1968.7561803155095,1878.3782130384786,0.0,2119.026437358588,0.09621442232830493,0.5026751816630344,0,True,0.019242884465660987,completed,completed,100
12381->12382,12381,12382,1,"(25985,)",0.5,2,1.0,63.5,0.637,False,22024.0,3510.030476430954,444.3197831554255,955.6057972083272,0.0,520.7682469320916,0.023645488872688504,0.4380853334992743,0,True,0.004729097774537701,completed,completed,100
12382->12381,12382,12381,1,"(25987,)",0.5,2,1.0,63.5,0.637,False,22024.0,4549.697346191423,626.6492000665478,1238.655102500615,0.0,725.741608266597,0.03295230694999079,0.45070695706057606,0,True,0.006590461389998158,completed,completed,100
12410->12464,12410,12464,1,"(26066,)",1.0,1,1.0,127.0,0.564,False,22024.0,1055.5744123796235,628.7212307405484,1150.5761094937895,0.0,720.7673195000516,0.03272644930530565,0.5024665935378688,0,True,0.00654528986106113,completed,completed,100
12464->12410,12464,12410,1,"(26246,)",1.0,1,1.0,127.0,0.564,False,22024.0,1480.718769616794,902.9861722340482,1613.9834588823055,0.0,1032.1048489446327,0.04686273378789651,0.5167534895561678,0,True,0.009372546757579302,completed,completed,100
12589->2061,12589,2061,1,"(26669,)",0.5,2,1.0,127.0,0.564,False,22024.0,3277.9358165289864,2382.429856733284,1190.9833466721984,0.0,2477.7085244670598,0.11250038705353523,0.5512814310970036,0,True,0.022500077410707045,completed,completed,100
1952->10889,1952,10889,1,"(1947,)",0.5,2,1.0,127.0,0.564,False,22024.0,5827.918320485491,5011.633783482828,2117.4769897763954,0.0,5181.03194266494,0.23524482122525156,0.579351302059142,0,True,0.04704896424505031,completed,completed,100
2086->10629,2086,10629,1,"(2316,)",1.0,1,1.0,152.4,0.509,False,22024.0,984.7971333567349,1470.3853269168578,1261.3966760299743,0.0,1571.2970609992558,0.07134476303120486,0.5609070753063232,0,True,0.014268952606240974,completed,completed,100
2089->2090,2089,2090,1,"(2323,)",1.0,1,1.0,127.0,0.564,False,22024.0,1355.9079731243382,1403.8850897980487,1223.1225026528516,0.0,1501.7348900102768,0.06818629177307832,0.5268698073467827,0,True,0.013637258354615664,completed,completed,100
2441->8364,2441,8364,1,"(3263,)",0.5,2,1.0,127.0,0.564,False,22024.0,3337.888657487643,2081.6397802304623,1364.361988748074,0.0,2190.788739330308,0.09947279056167399,0.5478428353894238,0,True,0.0198945581123348,completed,completed,100
4036->11111,4036,11111,1,"(5983,)",1.0,1,1.0,53.975,0.637,False,22024.0,1960.5519239936223,263.2000619190768,1067.5205226145274,0.0,348.601703728239,0.015828264789694832,0.4135524089331777,0,True,0.0031656529579389666,completed,completed,100
4972->8482,4972,8482,1,"(8457,)",1.0,1,1.0,127.0,0.564,False,22024.0,1386.1408378579433,1224.389133445753,1343.0164562356965,0.0,1331.8304499446087,0.06047177851183294,0.5235637077658913,0,True,0.01209435570236659,completed,completed,100
5084->12321,5084,12321,1,"(8792,)",0.5,2,1.0,127.0,0.564,False,22024.0,1341.5541075451222,636.3207554770385,626.6974188103643,0.0,686.4565489818676,0.031168568333720833,0.5036386834699298,0,True,0.006233713666744167,completed,completed,100
5167->8358,5167,8358,1,"(9011,)",0.5,2,1.0,127.0,0.564,False,22024.0,3027.819115495818,1467.0016041214847,1414.4240725244752,0.0,1580.1555299234426,0.07174698192532886,0.5371278700999335,0,True,0.014349396385065771,completed,completed,100
6884->10590,6884,10590,1,"(12147,)",0.5,2,1.0,177.8,0.509,False,22024.0,2476.67945872606,4376.831826643073,1302.910300965531,0.0,4481.0646507203155,0.20346279743553922,0.618851409325999,0,True,0.04069255948710784,completed,completed,100
7036->7035,7036,7035,1,"(12446,)",0.5,2,1.0,177.8,0.509,False,22024.0,415.6482346378924,817.916346202626,174.9285284633187,0.0,831.9106284796915,0.037772912662535935,0.5496710988439552,0,True,0.0075545825325071874,completed,completed,100
7554->7555,7554,7555,1,"(13679,)",0.5,2,1.0,177.8,0.509,False,22024.0,1726.9222802067352,3033.7742676470248,908.484470980186,0.0,3106.4530253254397,0.14104853910849255,0.6040957373773399,0,True,0.028209707821698512,completed,completed,100
7555->7554,7555,7554,1,"(13682,)",0.5,2,1.0,177.8,0.509,False,22024.0,1668.9750972200322,2931.285428633819,878.0001136446812,0.0,3001.525437725393,0.13628430065952565,0.6027085470757175,0,True,0.027256860131905133,completed,completed,100
7565->10378,7565,10378,1,"(13721,)",1.0,1,1.0,127.0,0.564,False,22024.0,1678.0942375380096,2591.589046583563,1155.2354014209036,0.0,2684.007878697235,0.12186741185512327,0.5463476201053339,0,True,0.024373482371024657,completed,completed,100
7592->10622,7592,10622,1,"(13816,)",0.5,2,1.0,127.0,0.564,False,22024.0,3673.3763737298377,1825.1970510966248,1715.9915345852244,0.0,1962.4763738634429,0.08910626470502374,0.5456353642644828,0,True,0.01782125294100475,completed,completed,100
7592->10628,7592,10628,1,"(13817,)",0.5,2,1.0,127.0,0.564,False,22024.0,2987.666482598268,1445.9005610698064,1395.6670568709053,0.0,1557.5539256194788,0.07072075579456406,0.5365568145358697,0,True,0.014144151158912814,completed,completed,100
7670->10623,7670,10623,1,"(14071,)",1.0,1,1.0,152.4,0.509,False,22024.0,2188.2554098977894,5519.324721189193,1896.0589522232021,0.0,5671.009437367049,0.2574922556014824,0.6075283219007128,0,True,0.05149845112029649,completed,completed,100
8358->5167,8358,5167,1,"(15331,)",0.5,2,1.0,127.0,0.564,False,22024.0,3056.5868026021726,1482.1887768679323,1427.8626920727295,0.0,1596.4177922337508,0.0724853701522771,0.5375333821171998,0,True,0.014497074030455422,completed,completed,100
8364->2441,8364,2441,1,"(15346,)",0.5,2,1.0,127.0,0.564,False,22024.0,3442.935832799021,2154.330974695941,1407.3000216566,0.0,2266.9149764284693,0.10292930332493958,0.5491897445404408,0,True,0.020585860664987916,completed,completed,100
8399->8402,8399,8402,1,"(15407,)",0.5,2,1.0,127.0,0.564,False,22024.0,2774.033771593097,1335.3536989954807,1295.8700618727755,0.0,1439.0233039453028,0.06533887141052047,0.5334102552738917,0,True,0.013067774282104094,completed,completed,100
8402->8399,8402,8399,1,"(15411,)",0.5,2,1.0,127.0,0.564,False,22024.0,3076.4230244219457,1492.6954321529493,1437.1290414085377,0.0,1607.6657554656322,0.07299608406582057,0.537811280053611,0,True,0.014599216813164116,completed,completed,100
8406->10571,8406,10571,1,"(15415,)",0.5,2,1.0,127.0,0.564,False,22024.0,3774.8049147227653,1210.2842562807305,2057.2686785239075,0.0,1374.8657505626431,0.062425796883519936,0.5354206451498104,0,True,0.012485159376703988,completed,completed,100
8482->4972,8482,4972,1,"(15536,)",1.0,1,1.0,127.0,0.564,False,22024.0,1817.4304721281237,1658.1495576857512,1760.888190773027,0.0,1799.0206129475935,0.08168455380256055,0.535397196168353,0,True,0.01633691076051211,completed,completed,100
9011->9010,9011,9010,1,"(16638,)",1.0,1,1.0,152.4,0.509,False,22024.0,1093.9334236169952,2668.522418964016,895.2021849932411,0.0,2740.1385937634755,0.12441602768631836,0.5784809074799849,0,True,0.024883205537263673,completed,completed,100
9626->9625,9626,9625,1,"(17572,)",1.0,1,1.0,152.4,0.509,False,22024.0,867.862994538322,1761.5547867500159,881.6290972103093,0.0,1832.0851145268407,0.08318584791712862,0.5640664026378002,0,True,0.016637169583425725,completed,completed,100
10618->10619,10618,10619,1,"(20329,)",1.01,1,1.01,177.8,0.509,False,22244.24,629.4913678762985,2180.4215484988144,693.7134760967448,0.0,2235.918626586554,0.10051674620425576,0.583388232021337,0,True,0.02010334924085115,completed,completed,100
10619->10618,10619,10618,1,"(20334,)",1.01,1,1.01,177.8,0.509,False,22244.24,1282.264446119192,4479.888635549433,1413.0839143888188,0.0,4592.935348700539,0.20647751277186988,0.6124070244736949,0,True,0.041295502554373975,completed,completed,100
10625->10630,10625,10630,1,"(20361,)",1.01,1,1.01,152.4,0.509,False,22244.24,2708.6657905925517,6772.969318359353,2779.1471425091427,0.0,6995.301089760084,0.3144769652620222,0.6160557511365695,0,True,0.06289539305240444,completed,completed,100
10630->10625,10630,10625,1,"(20384,)",1.01,1,1.01,152.4,0.509,False,22244.24,2427.9969935815,5679.465439975078,2491.175149835176,0.0,5878.759451961892,0.2642823244112585,0.6097245507146725,0,True,0.0528564648822517,completed,completed,100
10647->10913,10647,10913,1,"(20463,)",1.01,1,1.01,88.9,0.637,False,22244.24,3938.865481794441,3835.4084799592865,2280.167765668889,0.0,4017.8219012127975,0.18062302426213694,0.5166171253921209,0,True,0.03612460485242739,completed,completed,100
10843->12146,10843,12146,1,"(21351,)",1.01,1,1.01,63.5,0.637,False,22244.24,4661.88344763625,3605.2909611275713,2698.715255379282,0.0,3821.188181557914,0.17178326531083615,0.5000379959563432,0,True,0.03435665306216723,completed,completed,100
10865->7035,10865,7035,1,"(21452,)",1.01,1,1.01,177.8,0.509,False,22244.24,440.5146514821896,1751.220972382403,374.49534997119883,0.0,1781.180600380099,0.08007378990606552,0.5727864528581184,0,True,0.016014757981213105,completed,completed,100
10912->10913,10912,10913,1,"(21663,)",1.01,1,1.01,88.9,0.637,False,22244.24,3332.047159940445,2599.7323930684643,1928.887026708893,0.0,2754.043355205176,0.12380928074886693,0.5036339728044065,0,True,0.024761856149773387,completed,completed,100
10913->10647,10913,10647,1,"(21666,)",1.01,1,1.01,88.9,0.637,False,22244.24,4022.4032163853126,4056.464248616002,2328.5268808789697,0.0,4242.74639908632,0.1907346081091698,0.5184555088516744,0,True,0.03814692162183397,completed,completed,100
11111->8503,11111,8503,1,"(22552,)",1.01,1,1.01,63.5,0.637,False,22244.24,3428.4680981541437,1451.1884106211896,1885.468888239381,0.0,1602.0259216803402,0.07201980924861177,0.4710050419446082,1,False,0.09002476156076472,completed,completed,100
11193->10912,11193,10912,1,"(22916,)",1.01,1,1.01,107.95,0.564,False,22244.24,1657.506910707603,1370.4186306878023,1288.05837035153,0.0,1473.4633003159247,0.06624021770651299,0.5157967113633329,0,True,0.0132480435413026,completed,completed,100
11195->11193,11195,11193,1,"(22927,)",1.01,1,1.01,107.95,0.564,False,22244.24,1725.3898588751235,1758.3175294003743,1199.672649875131,0.0,1854.2913413903848,0.08336051676255897,0.5230248174489728,0,True,0.016672103352511795,completed,completed,100
4434->10575,4434,10575,1,"(6783,)",1.01,1,1.01,127.0,0.564,False,22244.24,3559.5350835567233,5444.990245875284,3483.2819319889754,0.0,5723.652800434402,0.2573094338325068,0.5769205875397944,0,True,0.05146188676650137,completed,completed,100
7035->10865,7035,10865,1,"(12444,)",1.01,1,1.01,177.8,0.509,False,22244.24,729.3760697195885,2901.67785836596,620.0655201165278,0.0,2951.2830999752823,0.13267628383686214,0.5931931635824466,0,True,0.02653525676737243,completed,completed,100
10678->10677,10678,10677,1,"(20606,)",1.02,1,1.02,88.9,0.637,False,22464.48,2457.081743511054,2199.8143845849577,1213.0121151365374,0.0,2296.8553537958805,0.1022438691568147,0.494950632937521,0,True,0.02044877383136294,completed,completed,100
10846->12454,10846,12454,1,"(21364,)",1.02,1,1.02,107.95,0.564,False,22464.48,3711.359552837401,3624.886335594184,3667.812934084109,0.0,3918.311370320913,0.17442252704362232,0.5534775550598102,0,True,0.03488450540872447,completed,completed,100
10864->12517,10864,12517,1,"(21450,)",1.02,1,1.02,127.0,0.564,False,22464.48,1693.3295329271618,2806.012487147282,1129.5862648250513,0.0,2896.3793883332864,0.1289315126961891,0.5486960990664587,0,True,0.02578630253923782,completed,completed,100
10871->7036,10871,7036,1,"(21481,)",1.02,1,1.02,177.8,0.509,False,22464.48,626.6777317569633,2484.602822538121,553.8577793268042,0.0,2528.911444884265,0.11257378069219787,0.5869775422145193,0,True,0.022514756138439576,completed,completed,100
10907->10913,10907,10913,1,"(21641,)",1.02,1,1.02,107.95,0.564,False,22464.48,2038.72158389513,1769.892567014429,1599.9886990408982,0.0,1897.8916629377009,0.08448411282779307,0.5255297623397498,0,True,0.016896822565558616,completed,completed,100
10913->10907,10913,10907,1,"(21667,)",1.02,1,1.02,107.95,0.564,False,22464.48,2255.254203564358,2023.9326857656308,1769.9234989573083,0.0,2165.5265656822153,0.09639780514315112,0.5305270555071419,0,True,0.019279561028630224,completed,completed,100
12454->10846,12454,10846,1,"(26208,)",1.02,1,1.02,107.95,0.564,False,22464.48,2578.8546352607273,1264.6974999059244,2548.5960742070015,0.0,1468.5851858424844,0.06537365591558249,0.5205157533815912,0,True,0.013074731183116499,completed,completed,100
12517->10864,12517,10864,1,"(26409,)",1.02,1,1.02,127.0,0.564,False,22464.48,1776.5679189527114,2956.9583504157017,1185.112927374975,0.0,3051.7673846056996,0.13584856558467856,0.5507631165862947,0,True,0.027169713116935713,completed,completed,100
12746->12745,12746,12745,1,"(27202,)",0.51,2,1.02,107.95,0.564,False,22464.48,803.5433120647102,433.64985848120017,268.01383630606347,0.0,455.09096538568525,0.02025824614616876,0.4732283015458567,0,True,0.004051649229233753,completed,completed,100
2086->7670,2086,7670,1,"(2314,)",1.02,1,1.02,127.0,0.564,False,22464.48,2912.5234760928015,3440.311100058815,2878.349867306646,0.0,3670.5790894433467,0.16339479433502788,0.5616058497197008,0,True,0.03267895886700558,completed,completed,100
5870->10571,5870,10571,1,"(10424,)",0.51,2,1.02,127.0,0.564,False,22464.48,4672.345236014734,1690.368652229182,2597.356716700591,0.0,1898.1571895652294,0.084495932670831,0.5472729301698278,0,True,0.0168991865341662,completed,completed,100
7036->10871,7036,10871,1,"(12448,)",1.02,1,1.02,177.8,0.509,False,22464.48,799.6807042955775,3172.944382724043,706.7578064564314,0.0,3229.4850072405575,0.14375961550147423,0.5968569011130619,0,True,0.028751923100294847,completed,completed,100
7586->10620,7586,10620,1,"(13794,)",0.51,2,1.02,127.0,0.564,False,22464.48,3385.1947823106607,2156.524423155294,1411.3723346148724,0.0,2269.4342099244836,0.10102322466064131,0.5490382142094226,0,True,0.020204644932128264,completed,completed,100
7632->7631,7632,7631,1,"(13939,)",0.51,2,1.02,127.0,0.564,False,22464.48,4088.641777090367,2123.3801172950093,1948.179397615316,0.0,2279.2344691042344,0.10145948043775037,0.5512234193439973,0,True,0.020291896087550075,completed,completed,100
7670->2086,7670,2086,1,"(14069,)",1.02,1,1.02,127.0,0.564,False,22464.48,2993.8741229823017,3639.4276873033423,2958.7459999393095,0.0,3876.127367298487,0.17254471803035223,0.5635161714161463,0,True,0.03450894360607045,completed,completed,100
8371->7455,8371,7455,1,"(15355,)",0.51,2,1.02,177.8,0.509,False,22464.48,1865.053700994731,3004.4442471478787,1167.5702431652264,0.0,3097.849866601097,0.13789991429141013,0.6048522797402165,0,True,0.027579982858282028,completed,completed,100
10636->10630,10636,10630,1,"(20411,)",1.03,1,1.03,152.4,0.509,False,22684.72,1450.5124558730058,2585.913858804135,1760.5623943407727,0.0,2726.758850351397,0.12020244686076782,0.5814098972684303,0,True,0.024040489372153567,completed,completed,100
5164->5166,5164,5166,1,"(9002,)",1.03,1,1.03,76.2,0.637,False,22684.72,3699.6919091652453,1207.1714578000228,2593.645889845863,0.0,1414.6631289876918,0.06236193918142661,0.47662772792238983,0,True,0.012472387836285322,completed,completed,100
10441->10304,10441,10304,1,"(19541,)",1.04,1,1.04,88.9,0.637,False,22904.96,3990.6654262276325,5388.781898042775,1923.2629936716462,0.0,5542.642937536506,0.24198439715836684,0.5262670632956458,0,True,0.04839687943167337,completed,completed,100
10641->10647,10641,10647,1,"(20432,)",1.04,1,1.04,107.95,0.564,False,22904.96,2058.0892155171714,2225.116128750873,1473.5052219222734,0.0,2342.996546504655,0.1022921038283697,0.5318572047655135,0,True,0.020458420765673942,completed,completed,100
10644->2091,10644,2091,1,"(20445,)",0.52,2,1.04,88.9,0.637,False,22904.96,2627.494901689988,382.6615891788819,929.9361330806294,0.0,457.05647982533225,0.019954476228089123,0.4480130553501286,0,True,0.003990895245617825,completed,completed,100
10647->10641,10647,10641,1,"(20460,)",1.04,1,1.04,107.95,0.564,False,22904.96,2625.4626241223664,3110.501695342142,1879.720693076915,0.0,3260.879350788295,0.142365642672517,0.5442777785752321,0,True,0.0284731285345034,completed,completed,100
10867->12548,10867,12548,1,"(21465,)",1.04,1,1.04,63.5,0.637,False,22904.96,2784.1477465906623,691.4194036088244,1659.5865115151164,0.0,824.1863245300337,0.03598287552259571,0.44910886142205064,0,True,0.007196575104519142,completed,completed,100
10893->10894,10893,10894,1,"(21582,)",1.04,1,1.04,127.0,0.564,False,22904.96,1724.130664630195,2775.88497255492,1234.404960899867,0.0,2874.637369426909,0.12550283298582093,0.5486698831607004,0,True,0.025100566597164187,completed,completed,100
12318->10811,12318,10811,1,"(25780,)",0.52,2,1.04,127.0,0.564,False,22904.96,1885.3145429753063,1399.219886391289,712.3975219722691,0.0,1456.2116881490706,0.06357625982097635,0.5295521022829021,0,True,0.01271525196419527,completed,completed,100
12368->4529,12368,4529,1,"(25944,)",0.52,2,1.04,107.95,0.564,False,22904.96,5725.7187179635475,1893.9075977717928,2781.717745150062,0.0,2116.4450173837977,0.09240116627070284,0.5400049467529806,0,True,0.01848023325414057,completed,completed,100
12548->10867,12548,10867,1,"(26520,)",1.04,1,1.04,63.5,0.637,False,22904.96,3082.6764356338485,889.3874773661881,1837.5347494428802,0.0,1036.3902573216185,0.045247416163207384,0.4569833340015933,0,True,0.009049483232641478,completed,completed,100
2825->7044,2825,7044,1,"(4281,)",1.04,1,1.04,228.6,0.463,False,22904.96,213.33338021228516,2365.8151563158212,246.5015714088766,0.0,2385.5352820285316,0.10414928827767138,0.6235048630012529,0,True,0.020829857655534276,completed,completed,100
5017->10543,5017,10543,1,"(8609,)",0.52,2,1.04,127.0,0.564,False,22904.96,5688.092831967635,4384.100033029623,2418.008262869442,0.0,4577.540694059178,0.19984932058642227,0.5754268691799612,0,True,0.039969864117284454,completed,completed,100
7044->2825,7044,2825,1,"(12469,)",1.04,1,1.04,228.6,0.463,False,22904.96,314.350554229347,3486.169261934041,363.2244776400118,0.0,3515.227220145242,0.15347013136653556,0.6391698305650346,0,True,0.030694026273307112,completed,completed,100
7547->7554,7547,7554,1,"(13658,)",0.52,2,1.04,177.8,0.509,False,22904.96,1059.0164905181282,1931.783078780779,579.4030507694754,0.0,1978.135322842337,0.08636274950239324,0.5854336505661379,0,True,0.017272549900478648,completed,completed,100
10845->10844,10845,10844,1,"(21358,)",1.05,1,1.05,76.2,0.637,False,23125.2,3842.4661384010287,1311.8862190888794,3030.1157972101087,0.0,1554.2954828656882,0.0672121963427641,0.47982083968665323,0,True,0.01344243926855282,completed,completed,100
10868->12548,10868,12548,1,"(21470,)",1.05,1,1.05,76.2,0.637,False,23125.2,4798.965589654813,5618.595182519457,2888.093264995156,0.0,5849.642643719069,0.25295533200660186,0.5214039959986575,0,True,0.05059106640132038,completed,completed,100
11200->11111,11200,11111,1,"(22949,)",1.05,1,1.05,63.5,0.637,False,23125.2,3990.7294111533165,2379.932097013127,2281.59977259163,0.0,2562.4600788204575,0.11080812614898282,0.48653645398825346,0,True,0.022161625229796564,completed,completed,100
12548->10868,12548,10868,1,"(26521,)",1.05,1,1.05,76.2,0.637,False,23125.2,3692.2083490384493,2397.977966549255,2222.029282477903,0.0,2575.7403091474876,0.11138240141263589,0.49430839180703023,0,True,0.02227648028252718,completed,completed,100
10643->8361,10643,8361,1,"(20442,)",1.06,1,1.06,107.95,0.564,False,23345.440000000002,1601.6998486858995,1384.353456547337,1306.3087095329568,0.0,1488.8581533099734,0.06377511639574894,0.5157305399442691,0,True,0.012755023279149789,completed,completed,100
11106->9892,11106,9892,1,"(22528,)",0.53,2,1.06,53.975,0.637,False,23345.440000000002,5506.882466804528,539.1693845999816,1589.203676682785,0.0,666.3056787346045,0.02854114888109217,0.4439163651823267,0,True,0.005708229776218435,completed,completed,100
12364->10821,12364,10821,1,"(25933,)",1.06,1,1.06,76.2,0.637,False,23345.440000000002,3671.1768200035294,2383.4833029422853,2230.413816001513,0.0,2561.9164082224065,0.10973947838303352,0.4940871283054799,0,True,0.021947895676606707,completed,completed,100
12455->12460,12455,12460,1,"(26214,)",1.06,1,1.06,107.95,0.564,False,23345.440000000002,2318.926260014135,2187.71703341414,1891.261694696705,0.0,2339.0179689898764,0.10019164209326858,0.5331073791567813,0,True,0.020038328418653717,completed,completed,100
12460->12455,12460,12455,1,"(26230,)",1.06,1,1.06,107.95,0.564,False,23345.440000000002,4388.410665109705,9455.735272524389,3579.084481741944,0.0,9742.062031063744,0.41730042488227864,0.582220204253282,0,True,0.08346008497645574,completed,completed,100
8361->10643,8361,10643,1,"(15339,)",1.06,1,1.06,107.95,0.564,False,23345.440000000002,3452.966948590124,4642.649851915988,2816.158596988962,0.0,4867.942539675105,0.20851791783213786,0.5591037854744507,0,True,0.041703583566427574,completed,completed,100
10844->10843,10844,10843,1,"(21354,)",1.07,1,1.07,63.5,0.637,False,23565.68,3657.0670983634773,890.4799141383598,2506.6613500153385,0.0,1091.012822139587,0.04629668323339649,0.46036237619308285,0,True,0.009259336646679299,completed,completed,100
12035->10923,12035,10923,1,"(24860,)",1.07,1,1.07,63.5,0.637,False,23565.68,3815.975446414254,2801.113315980587,1976.2173641890142,0.0,2959.210705115708,0.12557289690412957,0.49030176551716154,0,True,0.025114579380825914,completed,completed,100
12524->10865,12524,10865,1,"(26433,)",1.07,1,1.07,177.8,0.509,False,23565.68,444.6707483304315,1736.8226328767366,467.2333421007176,0.0,1774.201300244794,0.07528750709696448,0.5727726244255961,0,True,0.015057501419392896,completed,completed,100
10815->8512,10815,8512,1,"(21222,)",1.08,1,1.08,88.9,0.637,False,23785.920000000002,3860.487173178728,3893.1369850813094,2389.682196904719,0.0,4084.311560833687,0.17171131328255063,0.516883057173026,0,True,0.03434226265651013,completed,completed,100
11056->11049,11056,11049,1,"(22301,)",1.08,1,1.08,88.9,0.637,False,23785.920000000002,2424.135099148692,2289.6244317460837,1267.1438990270046,0.0,2390.995943668244,0.10052148261106754,0.49599029757296453,0,True,0.02010429652221351,completed,completed,100
2846->7047,2846,7047,1,"(4347,)",0.54,2,1.08,177.8,0.509,False,23785.920000000002,1323.0935810506314,2507.2609482435223,751.7250687423524,0.0,2567.3989537429106,0.10793776123618135,0.5955622249384208,0,True,0.02158755224723627,completed,completed,100
7047->2846,7047,2846,1,"(12481,)",0.54,2,1.08,177.8,0.509,False,23785.920000000002,1273.3493467036162,2412.7775086395727,723.4625266821361,0.0,2470.6545107741435,0.10387046247419243,0.5940098776907864,0,True,0.020774092494838487,completed,completed,100
8092->8091,8092,8091,1,"(15047,)",0.36,3,1.08,127.0,0.564,False,23785.920000000002,3948.1271798785588,2770.6674879109405,715.0362024850831,0.0,2827.870384109747,0.11888841735403748,0.5572147835363861,0,True,0.023777683470807498,completed,completed,100
8512->10815,8512,10815,1,"(15595,)",1.08,1,1.08,88.9,0.637,False,23785.920000000002,3109.8850382180053,2431.65111513444,1925.0515742889268,0.0,2585.655241077554,0.10870528619778229,0.5010177926217434,0,True,0.02174105723955646,completed,completed,100
10624->9624,10624,9624,1,"(20354,)",0.55,2,1.1,177.8,0.509,False,24226.4,1347.4492407934295,2881.08059301672,642.1388249581157,0.0,2932.4516990133693,0.121043642431949,0.5996890426563728,0,True,0.024208728486389802,completed,completed,100
12091->10977,12091,10977,1,"(25066,)",0.55,2,1.1,88.9,0.637,False,24226.4,2429.464803873173,372.53149709781775,909.4549651748981,0.0,445.2878943118096,0.018380275002138558,0.44638972925308773,0,True,0.003676055000427712,completed,completed,100
12660->12661,12660,12661,1,"(26917,)",1.1,1,1.1,127.0,0.564,False,24226.4,1533.1383091516068,2439.7522973095033,1225.4885551151845,0.0,2537.791381718718,0.10475313631900399,0.5437081775447847,0,True,0.0209506272638008,completed,completed,100
12661->12660,12661,12660,1,"(26920,)",1.1,1,1.1,127.0,0.564,False,24226.4,2505.8136215889954,4371.08293024952,2002.9803548568038,0.0,4531.321358638064,0.18704063990679853,0.5661917745383016,0,True,0.03740812798135971,completed,completed,100
2825->7047,2825,7047,1,"(4283,)",0.55,2,1.1,203.2,0.463,False,24226.4,713.2698320045369,2486.6324532014896,394.9954591547624,0.0,2518.2320899338706,0.10394578187158927,0.6212948450418481,0,True,0.020789156374317858,completed,completed,100
5335->5292,5335,5292,1,"(9454,)",0.55,2,1.1,127.0,0.564,False,24226.4,4262.241918481221,2417.051416189933,2190.1834543967075,0.0,2592.26609254167,0.10700170444398134,0.5554789337251651,0,True,0.02140034088879627,completed,completed,100
7073->8872,7073,8872,1,"(12534,)",0.55,2,1.1,127.0,0.564,False,24226.4,2559.893422692511,1349.7190055929102,1315.4195202035664,0.0,1454.9525672091954,0.060056490737756964,0.5328598562165646,0,True,0.012011298147551393,completed,completed,100
4972->8486,4972,8486,1,"(8459,)",1.11,1,1.11,127.0,0.564,False,24446.640000000003,1128.3728003279693,1791.8902442286162,910.1455007445403,0.0,1864.7018842881794,0.07627640789442554,0.5312634179928671,0,True,0.015255281578885109,completed,completed,100
10835->10834,10835,10834,1,"(21314,)",1.12,1,1.12,107.95,0.564,False,24666.88,2744.936246279833,2079.429139381925,2773.2564161035207,0.0,2301.2896526702066,0.09329471958635249,0.5344649935584616,0,True,0.0186589439172705,completed,completed,100
10607->8695,10607,8695,1,"(20280,)",0.57,2,1.14,228.6,0.463,False,25107.359999999997,672.0733090613791,4239.161567708202,342.8581986176624,0.0,4266.590223597615,0.16993384503976583,0.6531600536760134,0,True,0.033986769007953166,completed,completed,100
10841->12455,10841,12455,1,"(21342,)",0.57,2,1.14,107.95,0.564,False,25107.359999999997,4988.083450736487,2903.653372165627,2066.064165295053,0.0,3068.938505389231,0.1222326244332033,0.5494805859164986,0,True,0.02444652488664066,completed,completed,100
12455->10841,12455,10841,1,"(26212,)",0.57,2,1.14,107.95,0.564,False,25107.359999999997,5198.782283950602,3095.5469672522845,2153.335622012339,0.0,3267.8138170132715,0.1301536209706346,0.5517868802746759,0,True,0.02603072419412692,completed,completed,100
2050->6708,2050,6708,1,"(2240,)",0.57,2,1.14,127.0,0.564,False,25107.359999999997,4854.388195890792,3010.1904609789763,2585.169759520242,0.0,3217.0040417405958,0.12812992053886177,0.5632766989711854,0,True,0.025625984107772354,completed,completed,100
7581->6556,7581,6556,1,"(13775,)",0.57,2,1.14,177.8,0.509,False,25107.359999999997,1915.5968323144782,3839.9970935025653,1148.824468842542,0.0,3931.9030510099687,0.15660360352541922,0.6121885723470029,0,True,0.03132072070508384,completed,completed,100
11050->11056,11050,11056,1,"(22275,)",1.15,1,1.15,88.9,0.637,False,25327.6,3486.9055280836733,3874.0224649422657,2079.4410181407566,0.0,4040.377746393526,0.15952469821039209,0.5154541095074123,0,True,0.03190493964207842,completed,completed,100
11056->11050,11056,11050,1,"(22302,)",1.15,1,1.15,88.9,0.637,False,25327.6,3179.281646215545,3256.3125348269364,1895.9873188752565,0.0,3407.991520336957,0.13455643331136613,0.5094176830635991,0,True,0.02691128666227323,completed,completed,100
2598->10678,2598,10678,1,"(3697,)",1.15,1,1.15,76.2,0.637,False,25327.6,2215.955544967284,1184.2217798160295,1387.5759633698892,0.0,1295.2278568856207,0.051138988964040046,0.46843615447357434,0,True,0.01022779779280801,completed,completed,100
12641->1909,12641,1909,1,"(26850,)",1.16,1,1.16,127.0,0.564,False,25547.839999999997,5022.243919086482,25622.695710862914,3386.733446022906,0.0,25893.634386544745,1.013535171135593,0.6252825618568716,0,True,0.20270703422711864,completed,completed,100
1909->12641,1909,12641,1,"(1791,)",1.16,1,1.16,127.0,0.564,False,25547.839999999997,4477.266225785962,17789.940659948308,3019.229555138011,0.0,18031.47902435935,0.7057927020194017,0.613334811424323,0,True,0.14115854040388034,completed,completed,100
12322->12315,12322,12315,1,"(25797,)",1.17,1,1.17,88.9,0.637,False,25768.079999999998,4448.019105698165,3524.793646910678,4533.883666514562,0.0,3887.504340231843,0.15086511452276782,0.5169678743526731,0,True,0.030173022904553565,completed,completed,100
11187->6406,11187,6406,1,"(22891,)",1.19,1,1.19,63.5,0.637,False,26208.559999999998,3135.6557430107337,1634.3596795771284,1935.0131590119238,0.0,1789.1607322980824,0.06826627377841753,0.47329549901224266,0,True,0.013653254755683505,completed,completed,100
11050->10987,11050,10987,1,"(22274,)",0.6,2,1.2,88.9,0.637,False,26428.8,4096.2054334823415,1258.7434466953923,1486.92257235409,0.0,1377.6972524837195,0.05212863438687036,0.48542207193582465,0,True,0.010425726877374072,completed,completed,100
11188->4036,11188,4036,1,"(22895,)",1.2,1,1.2,53.975,0.637,False,26428.8,4543.468677886344,4347.140636100267,2638.8466081163892,0.0,4558.248364749578,0.172472770793588,0.4986195398564224,0,True,0.0344945541587176,completed,completed,100
11203->7049,11203,7049,1,"(22963,)",0.6,2,1.2,63.5,0.637,False,26428.8,3147.831097787565,397.3002699717329,1054.7655586125104,0.0,481.68151466073374,0.018225629414151748,0.4345967321072305,0,True,0.0036451258828303496,completed,completed,100
12178->12204,12178,12204,1,"(25352,)",0.3,4,1.2,63.5,0.637,False,26428.8,2517.669774591211,584.1586033028636,265.32990818030606,0.0,605.3849959572881,0.022906261198287023,0.4389059095703946,0,True,0.004581252239657405,completed,completed,100
12203->12177,12203,12177,1,"(25427,)",0.3,4,1.2,63.5,0.637,False,26428.8,1978.1024156037704,458.8875987635354,208.4664707025006,0.0,475.5649164197354,0.017994192563405658,0.42915668904844523,0,True,0.003598838512681132,completed,completed,100
12555->11790,12555,11790,1,"(26544,)",1.2,1,1.2,63.5,0.637,False,26428.8,2838.7793014214326,1351.5806737741036,1766.5318052845375,0.0,1492.9032181968666,0.05648774133509152,0.46686410871279166,0,True,0.011297548267018304,completed,completed,100
12657->4551,12657,4551,1,"(26904,)",0.6,2,1.2,127.0,0.564,False,26428.8,1455.5883630168191,1390.229806635815,571.1728736478,0.0,1435.923636527639,0.05433177581001177,0.5263190371275627,0,True,0.010866355162002355,completed,completed,100
12803->11036,12803,11036,1,"(27405,)",1.2,1,1.2,63.5,0.637,False,26428.8,1524.1244447852896,15.811542829647093,1475.3524625521604,0.0,133.83973983381992,0.005064162573927682,0.38899906095830744,0,False,0.005064162573927682,completed,completed,100
5797->8769,5797,8769,1,"(10248,)",0.6,2,1.2,127.0,0.564,False,26428.8,4587.472479010452,2916.340472359859,2571.6060010910023,0.0,3122.0689524471395,0.11813131706498742,0.5617751372399771,0,True,0.023626263412997485,completed,completed,100
7107->7109,7107,7109,1,"(12635,)",0.6,2,1.2,63.5,0.637,False,26428.8,2954.781444744353,297.9860722552533,1016.1337873662949,0.0,379.2767752445569,0.014350889001564842,0.4268587435709716,0,True,0.0028701778003129685,completed,completed,100
8105->8107,8105,8107,1,"(15063,)",0.4,3,1.2000000000000002,107.95,0.564,False,26428.800000000003,5684.51400219772,3293.4782466645493,1143.899125365326,0.0,3384.9901766937755,0.1280796016729392,0.5538015346124512,0,True,0.02561592033458784,completed,completed,100
8109->8103,8109,8103,1,"(15066,)",0.4,3,1.2000000000000002,88.9,0.637,False,26428.800000000003,8833.981659291447,3970.6913237126964,1480.0316964566748,0.0,4089.0938594292306,0.15472113222807052,0.5259414608769251,0,True,0.030944226445614106,completed,completed,100
11861->10301,11861,10301,1,"(24598,)",0.61,2,1.22,127.0,0.564,False,26869.28,1550.6329249529012,897.9046278512477,883.7278558295865,0.0,968.6028563176146,0.03604870902077073,0.5153811159101775,0,True,0.0072097418041541465,completed,completed,100
4353->8414,4353,8414,1,"(6532,)",0.41,3,1.23,127.0,0.564,False,27089.52,3475.324153227247,2103.771868771295,1007.4307226447071,0.0,2184.3663265828714,0.08063510636522431,0.5481958868246963,0,True,0.016127021273044863,completed,completed,100
8414->4350,8414,4350,1,"(15432,)",0.41,3,1.23,127.0,0.564,False,27089.52,1460.8447677836512,880.0209859203762,423.47126057676564,0.0,913.8986867665175,0.033736245114956535,0.513014724321037,0,True,0.006747249022991307,completed,completed,100
10794->12244,10794,12244,1,"(21132,)",0.62,2,1.24,88.9,0.637,False,27309.76,4055.362941032577,1506.0028525766481,1441.1052371191452,0.0,1621.2912715461798,0.05936673451345526,0.49012184900627803,0,True,0.011873346902691054,completed,completed,100
10839->12450,10839,12450,1,"(21332,)",0.62,2,1.24,63.5,0.637,False,27309.76,4612.904741096159,314.8597731711395,1730.3005683851695,0.0,453.2838186419531,0.016597868990498383,0.4369698346959878,0,True,0.0033195737980996768,completed,completed,100
10915->12661,10915,12661,1,"(21677,)",1.24,1,1.24,127.0,0.564,False,27309.76,1455.608185584806,3033.5410763651175,1124.2285849350997,0.0,3123.4793631599255,0.11437227435026619,0.5492782941506746,0,True,0.02287445487005324,completed,completed,100
12244->10794,12244,10794,1,"(25544,)",0.62,2,1.24,88.9,0.637,False,27309.76,3937.626422059847,1454.795165991179,1399.2666356033515,0.0,1566.736496839447,0.057369105288345525,0.4887896521538699,0,True,0.011473821057669106,completed,completed,100
7587->7589,7587,7589,1,"(13798,)",0.62,2,1.24,127.0,0.564,False,27309.76,3780.9106396887364,2971.710711139434,1916.3545577262362,0.0,3125.019075757533,0.11442865392290276,0.5596953530344643,0,True,0.022885730784580553,completed,completed,100
10545->8483,10545,8483,1,"(19979,)",1.25,1,1.25,127.0,0.564,False,27530.0,2226.22026246637,3119.7589176225365,2510.2552614707006,0.0,3320.5793385401926,0.12061675766582611,0.5557161756918383,0,True,0.02412335153316522,completed,completed,100
10656->7788,10656,7788,1,"(20506,)",1.25,1,1.25,76.2,0.637,False,27530.0,4102.734231361183,3170.5923907538745,3191.3411271088066,0.0,3425.899680922579,0.12444241485370792,0.5038852873591453,0,True,0.024888482970741588,completed,completed,100
12306->12305,12306,12305,1,"(25750,)",1.25,1,1.25,88.9,0.637,False,27530.0,1081.5079871992184,882.2195317616105,736.1013737874681,0.0,941.107641664608,0.03418480354757021,0.4596555574816358,0,True,0.006836960709514043,completed,completed,100
7788->10656,7788,10656,1,"(14438,)",1.25,1,1.25,76.2,0.637,False,27530.0,3155.0468883256867,1405.1118422486147,2454.175758133338,0.0,1601.4459028992817,0.05817093726477594,0.4785551598021594,0,True,0.01163418745295519,completed,completed,100
8483->10545,8483,10545,1,"(15542,)",1.25,1,1.25,127.0,0.564,False,27530.0,2604.7330314155247,3933.039980123062,2937.061038871989,0.0,4168.004863232821,0.15139865104369127,0.5641440019521722,0,True,0.030279730208738254,completed,completed,100
12239->3938,12239,3938,1,"(25525,)",0.63,2,1.26,88.9,0.637,False,27750.24,4222.772240881122,1606.351346960794,1524.7986059480586,0.0,1728.3352354366386,0.06228181217303485,0.49245142227490035,0,True,0.01245636243460697,completed,completed,100
12307->3938,12307,3938,1,"(25751,)",0.63,2,1.26,88.9,0.637,False,27750.24,4994.956504228372,1997.8002978210814,1803.6262151873468,0.0,2142.090395036069,0.07719177906339075,0.5006224069256445,0,True,0.015438355812678151,completed,completed,100
2116->2122,2116,2122,1,"(2367,)",0.42,3,1.26,88.9,0.637,False,27750.24,2718.6957176033156,1351.672559082405,401.12162816690466,0.0,1383.7622893357575,0.04986487646001467,0.48108403736696675,0,True,0.009972975292002934,completed,completed,100
3938->12239,3938,12239,1,"(5743,)",0.63,2,1.26,88.9,0.637,False,27750.24,4249.473696655325,1618.7249981137757,1534.4402205601677,0.0,1741.480215758589,0.06275550106084088,0.49274395067070476,0,True,0.012551100212168176,completed,completed,100
3938->12307,3938,12307,1,"(5744,)",0.63,2,1.26,88.9,0.637,False,27750.24,4714.386198539178,1846.6627187496392,1702.3152311746178,0.0,1982.8479372436086,0.0714533617454699,0.4977101068922977,0,True,0.01429067234909398,completed,completed,100
10841->12404,10841,12404,1,"(21341,)",1.27,1,1.27,107.95,0.564,False,27970.48,2246.964739341477,2507.1250824072126,2195.6282037673463,0.0,2682.7753387086004,0.09591452626871617,0.5368151456808774,0,True,0.019182905253743235,completed,completed,100
12454->10839,12454,10839,1,"(26207,)",0.64,2,1.28,76.2,0.637,False,28190.72,6940.787316009281,2088.8132212661094,2687.472848758794,0.0,2303.811049166813,0.0817223202942959,0.49789227441747214,0,True,0.01634446405885918,completed,completed,100
7049->12601,7049,12601,1,"(12490,)",1.28,1,1.28,63.5,0.637,False,28190.72,4017.8250102974325,4158.564624941748,2383.202824831403,0.0,4349.22085092826,0.15427845939827928,0.5022421993786698,0,True,0.030855691879655856,completed,completed,100
10304->10306,10304,10306,1,"(18918,)",0.65,2,1.3,88.9,0.637,False,28631.2,2559.844585940793,19.373744299308534,1294.2757072558502,0.0,122.91580087977655,0.0042930719243264885,0.40908570641278147,0,True,0.0008586143848652978,completed,completed,100
8164->8161,8164,8161,1,"(15107,)",0.26,5,1.3,63.5,0.637,False,28631.2,6570.527227001934,1117.3356359461484,676.5014832921192,0.0,1171.455754609518,0.040915356485565324,0.46885019548778106,0,True,0.008183071297113065,completed,completed,100
2309->12654,2309,12654,1,"(2865,)",0.33,4,1.32,88.9,0.637,False,29071.68,1734.7621132314537,677.036986691879,201.10369697806053,0.0,693.1252824501238,0.02384194110729493,0.4557746392957651,0,True,0.004768388221458986,completed,completed,100
10979->10980,10979,10980,1,"(21965,)",1.34,1,1.34,88.9,0.637,False,29512.160000000003,2519.0286499825406,2418.4807697592137,1837.9588738867615,0.0,2565.5174796701544,0.08693086103050926,0.49849026261161955,0,True,0.017386172206101853,completed,completed,100
7778->10648,7778,10648,1,"(14402,)",1.34,1,1.34,76.2,0.637,False,29512.160000000003,3918.3091279857035,3625.05809726862,3009.385146370747,0.0,3865.8089089782798,0.13099037511921457,0.5069537142989279,0,True,0.026198075023842915,completed,completed,100
11038->12742,11038,12742,1,"(22220,)",1.35,1,1.35,107.95,0.564,False,29732.4,938.9118125324462,1517.3578847106417,753.6047629862699,0.0,1577.6462657495433,0.0530615175952679,0.5116231861108229,0,True,0.010612303519053581,completed,completed,100
2445->2439,2445,2439,1,"(3269,)",0.45,3,1.35,63.5,0.637,False,29732.4,2409.638982879733,839.0231311507509,380.9172850194236,0.0,869.4965139523048,0.02924407427426998,0.44911438661366154,0,True,0.0058488148548539965,completed,completed,100
10900->10895,10900,10895,1,"(21611,)",0.68,2,1.36,127.0,0.564,False,29952.640000000003,1743.5353790074237,1444.0957786673553,969.2313171902271,0.0,1521.6342840425734,0.05080134118537041,0.5299982753106631,0,True,0.010160268237074083,completed,completed,100
7560->7589,7560,7589,1,"(13700,)",0.68,2,1.36,127.0,0.564,False,29952.640000000003,4161.344747173965,2896.0871418377837,2643.761765661723,0.0,3107.5880830907217,0.10375005619173207,0.5605750946112522,0,True,0.020750011238346414,completed,completed,100
12660->10909,12660,10909,1,"(26914,)",0.69,2,1.38,127.0,0.564,False,30393.12,6585.3727373543,8662.300052256986,3301.9058905094457,0.0,8926.452523497741,0.2936997755905857,0.5967605783700504,0,True,0.05873995511811714,completed,completed,100
12382->8278,12382,8278,1,"(25986,)",1.39,1,1.39,63.5,0.637,False,30613.359999999997,4221.258260591487,4652.091147038109,2904.4367461999727,0.0,4884.446086734107,0.15955276019143627,0.5062102460895894,0,True,0.03191055203828726,completed,completed,100
2261->11039,2261,11039,1,"(2717,)",1.39,1,1.39,38.1,0.742,False,30613.359999999997,1363.448211282424,142.59665459573392,666.7633602683221,0.0,195.9377234171997,0.006400399153088708,0.3452983362019544,1,False,0.008000498941360885,completed,completed,100
4486->11052,4486,11052,1,"(6933,)",1.39,1,1.39,88.9,0.637,False,30613.359999999997,2429.809440169935,2389.8614152994414,1839.0134238398166,0.0,2536.9824892066267,0.08287174257274037,0.4977667983061963,0,True,0.016574348514548073,completed,completed,100
8278->12382,8278,12382,1,"(15223,)",1.39,1,1.39,63.5,0.637,False,30613.359999999997,4363.5943924970525,5166.486967478648,3002.3711217575974,0.0,5406.6766572192555,0.17661167076136877,0.5095735470989382,0,True,0.03532233415227375,completed,completed,100
10818->10819,10818,10819,1,"(21237,)",1.4,1,1.4,63.5,0.637,False,30833.6,3152.388369760328,2967.8865425129866,1922.4525234146386,0.0,3121.6827443861575,0.10124288906861857,0.48979886660796895,0,True,0.020248577813723717,completed,completed,100
10819->10818,10819,10818,1,"(21243,)",1.4,1,1.4,63.5,0.637,False,30833.6,3697.607739902891,4089.198207822922,2254.949104102379,0.0,4269.594136151112,0.13847212573786755,0.5007908786063948,0,True,0.02769442514757351,completed,completed,100
11049->12307,11049,12307,1,"(22272,)",0.71,2,1.42,88.9,0.637,False,31274.079999999998,4481.779501318603,2733.4686206425786,1540.1187078331247,0.0,2856.6781172692286,0.09134331424838808,0.5079461648664209,0,True,0.018268662849677618,completed,completed,100
12307->11049,12307,11049,1,"(25753,)",0.71,2,1.42,88.9,0.637,False,31274.079999999998,4264.4926272301245,2578.0077734384654,1465.45024642136,0.0,2695.243793152174,0.08618139344633556,0.5056856978936086,0,True,0.017236278689267113,completed,completed,100
2348->12636,2348,12636,1,"(2991,)",0.36,4,1.44,88.9,0.637,False,31714.559999999998,1800.4530938953774,766.5604646574255,227.69342933249797,0.0,784.7759390040254,0.02474497325531319,0.45984533031556607,0,True,0.004948994651062639,completed,completed,100
5206->8164,5206,8164,1,"(9109,)",0.29,5,1.45,63.5,0.637,False,31934.8,6778.54531245801,1286.7634707424638,778.4481436826778,0.0,1349.039322237078,0.04224355005314197,0.47335854284269074,0,True,0.008448710010628394,completed,completed,100
12238->12239,12238,12239,1,"(25523,)",0.73,2,1.46,88.9,0.637,False,32155.04,3103.2189486877223,1656.754209654728,1174.7456988753709,0.0,1750.7338655647575,0.05444663933133834,0.48947412192551887,0,True,0.010889327866267668,completed,completed,100
8486->10540,8486,10540,1,"(15549,)",0.73,2,1.46,107.95,0.564,False,32155.04,2201.6054974313806,793.895220162214,1449.7799952878481,0.0,909.8776197852418,0.028296578694513887,0.5046540140575265,0,True,0.005659315738902777,completed,completed,100
10975->7522,10975,7522,1,"(21947,)",1.47,1,1.47,88.9,0.637,False,32375.28,1769.092598131192,2088.20493377888,1287.280229030162,0.0,2191.187352101293,0.06768087726503966,0.4899792724880352,0,True,0.013536175453007932,completed,completed,100
11187->12555,11187,12555,1,"(22893,)",1.49,1,1.49,63.5,0.637,False,32815.76,2085.941892064253,1047.3241015490614,1611.7477016582752,0.0,1176.2639176817233,0.03584448197091042,0.456465225540065,0,True,0.007168896394182084,completed,completed,100
10644->8361,10644,8361,1,"(20446,)",0.75,2,1.5,88.9,0.637,False,33036.0,4415.866140929771,1403.5057983641307,2121.563923884936,0.0,1573.2309122749255,0.04762171304864165,0.49016127706264306,0,True,0.00952434260972833,completed,completed,100
10794->12249,10794,12249,1,"(21134,)",0.75,2,1.5,88.9,0.637,False,33036.0,3648.6992893300967,2025.2331022980063,1419.0834021715984,0.0,2138.759774471734,0.0647402765005368,0.4971531522709594,0,True,0.012948055300107363,completed,completed,100
12249->10794,12249,10794,1,"(25561,)",0.75,2,1.5,88.9,0.637,False,33036.0,4588.452346001707,2641.422461240121,1784.5802159985212,0.0,2784.1888785200026,0.08427742095047834,0.5074431280110099,0,True,0.01685548419009567,completed,completed,100
12355->3956,12355,3956,1,"(25919,)",0.75,2,1.5,63.5,0.637,False,33036.0,5669.6948756647735,1039.8442384218251,2437.2227840522123,0.0,1234.8220611460022,0.03737807425675028,0.46879853717534686,0,True,0.007475614851350056,completed,completed,100
12660->10910,12660,10910,1,"(26915,)",0.75,2,1.5,127.0,0.564,False,33036.0,2616.0751213367744,2625.1105170710994,1509.6292317831621,0.0,2745.8808556137524,0.08311783677242258,0.5518596692268684,0,True,0.016623567354484517,completed,completed,100
12661->12743,12661,12743,1,"(26921,)",1.5,1,1.5,127.0,0.564,False,33036.0,891.2659880408725,2352.886391098471,777.1839415716408,0.0,2415.061106424202,0.07310392016055824,0.5363347802014439,0,True,0.014620784032111648,completed,completed,100
12743->12661,12743,12661,1,"(27189,)",1.5,1,1.5,127.0,0.564,False,33036.0,1127.6539787284114,2983.8586165529578,983.3142694511748,0.0,3062.523758109052,0.09270262011469463,0.5459148380247101,0,True,0.018540524022938928,completed,completed,100
12808->11038,12808,11038,1,"(27426,)",1.5,1,1.5,88.9,0.637,False,33036.0,2091.971810442026,2568.523947107926,1553.2890692532044,0.0,2692.787072648182,0.08151068751205297,0.49789630964442416,0,True,0.016302137502410594,completed,completed,100
2122->12359,2122,12359,1,"(2381,)",0.5,3,1.5,88.9,0.637,False,33036.0,2756.133248774341,1631.3822247399473,484.1014690185899,0.0,1670.1103422614344,0.0505542542154448,0.486788698121518,0,True,0.01011085084308896,completed,completed,100
3308->7510,3308,7510,1,"(4740,)",0.5,3,1.5,88.9,0.637,False,33036.0,840.5849594990614,497.04042466335613,147.64468078943193,0.0,508.8519991265107,0.01540295432638669,0.43876258629252307,0,True,0.0030805908652773383,completed,completed,100
7509->3277,7509,3277,1,"(13543,)",0.5,3,1.5,76.2,0.637,False,33036.0,2943.928910827916,1418.0298582600674,517.086868369613,0.0,1459.3968077296365,0.04417595373924314,0.4750566966199107,0,True,0.008835190747848628,completed,completed,100
8129->8159,8129,8159,1,"(15083,)",0.5,3,1.5,76.2,0.637,False,33036.0,2632.5479719212312,1105.2362668292194,521.2444984404037,0.0,1146.9358267044518,0.03471775719531577,0.46672255398368145,0,True,0.006943551439063155,completed,completed,100
8160->8132,8160,8132,1,"(15101,)",0.5,3,1.5,76.2,0.637,False,33036.0,3494.526763472469,1470.4191131024934,691.9162991675488,0.0,1525.7724170358972,0.046185143995516924,0.4782391792142675,0,True,0.009237028799103385,completed,completed,100
11049->3950,11049,3950,1,"(22269,)",0.76,2,1.52,88.9,0.637,False,33476.48,3388.988212408983,2139.6857851339623,1246.6054240525204,0.0,2239.414219058164,0.06689515203086356,0.49770700249963606,0,True,0.013379030406172714,completed,completed,100
11790->12529,11790,12529,1,"(24365,)",1.52,1,1.52,63.5,0.637,False,33476.48,3597.106361269246,3260.9606398005662,2706.4628262189813,0.0,3477.4776658980845,0.10387823528334174,0.4944265764137911,0,True,0.02077564705666835,completed,completed,100
3524->11113,3524,11113,1,"(4904,)",0.76,2,1.52,63.5,0.637,False,33476.48,2593.5202377652863,326.42253860340026,1129.7374155705588,0.0,416.801531849045,0.012450578192481555,0.42821901257911327,1,False,0.015563222740601944,completed,completed,100
12570->3164,12570,3164,1,"(26597,)",0.51,3,1.53,44.45,0.742,False,33696.72,6707.953396126964,1887.6407657091904,854.1604914797286,0.0,1955.9736050275687,0.05804640941395984,0.43476806935088497,0,True,0.011609281882791969,completed,completed,100
3183->12570,3183,12570,1,"(4692,)",0.51,3,1.53,44.45,0.742,False,33696.72,3489.7969983503936,958.6160229536771,444.3749893963983,0.0,994.166022105389,0.029503346975770606,0.40765712904331186,0,True,0.005900669395154122,completed,completed,100
6263->10576,6263,10576,1,"(10999,)",0.77,2,1.54,152.4,0.509,False,33916.96,1559.3736820890656,2435.1825660751147,1219.7636027325789,0.0,2532.763654293721,0.07467543241769667,0.5800177902348894,0,True,0.014935086483539334,completed,completed,100
10818->12355,10818,12355,1,"(21238,)",1.55,1,1.55,63.5,0.637,False,34137.200000000004,3684.3934378220993,1477.0356042367669,3553.755373355322,0.0,1761.3360341051925,0.05159579678782068,0.4745902154426426,0,True,0.010319159357564138,completed,completed,100
12355->10818,12355,10818,1,"(25920,)",1.55,1,1.55,63.5,0.637,False,34137.200000000004,3163.4340676795364,748.8807362899323,3051.267734022671,0.0,992.982155011746,0.029087978949994316,0.45600177965626043,0,True,0.005817595789998863,completed,completed,100
12642->10910,12642,10910,1,"(26854,)",0.78,2,1.56,127.0,0.564,False,34357.44,2603.0495721936245,2716.041069891662,1562.1972326675436,0.0,2841.016848505066,0.0826900039265168,0.5528116378092196,0,True,0.01653800078530336,completed,completed,100
12745->10915,12745,10915,1,"(27197,)",1.57,1,1.57,127.0,0.564,False,34577.68,659.7135951642205,1959.0826250951989,541.9045801941747,0.0,2002.4349915107327,0.05791120143140699,0.527523748143312,0,True,0.011582240286281398,completed,completed,100
5180->5186,5180,5186,1,"(9052,)",0.4,4,1.6,53.975,0.637,False,35238.4,3481.719287255195,904.9148384790668,489.23771662205263,0.0,944.053855808831,0.026790485828211013,0.4492047085455493,1,False,0.03348810728526377,completed,completed,100
10970->10975,10970,10975,1,"(21928,)",1.67,1,1.67,76.2,0.637,False,36780.08,2485.942486016104,2946.60276109142,1923.833865252539,0.0,3100.509470311623,0.08429860593863914,0.4954758736392531,0,True,0.016859721187727827,completed,completed,100
10553->5154,10553,5154,1,"(20013,)",0.87,2,1.74,127.0,0.564,False,38321.76,3527.2308619002197,3255.428188820688,2768.170780419293,0.0,3476.881851254231,0.0907286578501152,0.5620910318106028,0,True,0.01814573157002304,completed,completed,100
7456->7905,7456,7905,1,"(13379,)",0.87,2,1.74,127.0,0.564,False,38321.76,3437.6074840236224,3161.2580388307997,2697.8343534617393,0.0,3377.084787107739,0.08812446993843025,0.5609499547739005,0,True,0.01762489398768605,completed,completed,100
7905->7456,7905,7456,1,"(14782,)",0.87,2,1.74,127.0,0.564,False,38321.76,3282.095509268381,3001.201204048429,2575.788555673826,0.0,3207.264288502335,0.08369303206591594,0.5589208409493446,0,True,0.01673860641318319,completed,completed,100
7483->10900,7483,10900,1,"(13470,)",1.75,1,1.75,127.0,0.564,False,38542.0,805.9507388632122,2481.045349151235,819.9205516701746,0.0,2546.6389932848488,0.06607438620945588,0.5368064223707691,0,True,0.013214877241891177,completed,completed,100
5005->7964,5005,7964,1,"(8567,)",0.59,3,1.77,127.0,0.564,False,38982.48,2079.845015580314,2606.2575120140377,517.7606436850451,0.0,2647.6783635088414,0.06791970042718783,0.5482838114697572,0,True,0.013583940085437566,completed,completed,100
12794->12797,12794,12797,1,"(27382,)",0.45,4,1.8,88.9,0.637,False,39643.200000000004,1692.5188691537926,806.9375928353205,301.6068624832059,0.0,831.066141833977,0.02096364929758387,0.46086357794997496,0,True,0.004192729859516775,completed,completed,100
12796->12795,12796,12795,1,"(27386,)",0.45,4,1.8,88.9,0.637,False,39643.200000000004,1851.8059323582108,882.9001226422747,329.99181714623325,0.0,909.2994680139734,0.022937085503036417,0.4644997323040077,0,True,0.004587417100607284,completed,completed,100
12241->12244,12241,12244,1,"(25534,)",0.92,2,1.84,88.9,0.637,False,40524.16,3568.8067452409277,2424.7949534206696,1702.6267152009434,0.0,2561.005090636745,0.06319699385839816,0.5022350285292083,0,True,0.012639398771679633,completed,completed,100
12244->12241,12244,12241,1,"(25545,)",0.92,2,1.84,88.9,0.637,False,40524.16,4912.411705589695,3533.839887888905,2343.641447426764,0.0,3721.331203683046,0.0918299405510946,0.516759446777084,0,True,0.01836598811021892,completed,completed,100
12656->12657,12656,12657,1,"(26902,)",0.95,2,1.9,127.0,0.564,False,41845.6,1577.6504692428366,2721.293354728674,834.2078608855953,0.0,2788.0299835995215,0.06662659834246663,0.5467985775649494,0,True,0.013325319668493327,completed,completed,100
4972->10539,4972,10539,1,"(8460,)",0.95,2,1.9,107.95,0.564,False,41845.6,4008.658299146896,3226.7782267306943,2930.0934132470197,0.0,3461.185699790456,0.08271325300128224,0.5506518951849153,0,True,0.016542650600256448,completed,completed,100
7716->10645,7716,10645,1,"(14233,)",0.95,2,1.9,88.9,0.637,False,41845.6,4336.512626334121,1734.8323738993163,2639.0230221023326,0.0,1945.954215667503,0.046503197843202226,0.4962445484753664,0,True,0.009300639568640445,completed,completed,100
12740->12656,12740,12656,1,"(27181,)",0.96,2,1.92,127.0,0.564,False,42286.08,2131.5688259756903,3723.136807466399,1138.9652525111296,0.0,3814.2540276672894,0.09020117323874166,0.5593383807714035,0,True,0.018040234647748333,completed,completed,100
10650->7788,10650,7788,1,"(20477,)",0.97,2,1.94,63.5,0.637,False,42726.56,5158.5720272703165,1093.6386856106399,2867.97599450866,0.0,1323.0767651713327,0.03096614296052228,0.46980752914306273,0,True,0.006193228592104456,completed,completed,100
7788->10650,7788,10650,1,"(14437,)",0.97,2,1.94,63.5,0.637,False,42726.56,5655.280389884946,1336.8586564456175,3144.1275443406134,0.0,1588.3888599928666,0.03717567854732201,0.4762078223377524,0,True,0.007435135709464403,completed,completed,100
10075->9223,10075,9223,1,"(18487,)",2.0,1,2.0,107.95,0.564,False,44048.0,379.9576266454861,371.74723394437683,685.4959664169598,0.0,426.5869112577336,0.009684592064514476,0.46317008929337233,0,True,0.0019369184129028952,completed,completed,100
10614->8371,10614,8371,1,"(20315,)",1.0,2,2.0,177.8,0.509,False,44048.0,763.9606183677109,2968.3119288811554,661.9494063856695,0.0,3021.267881392009,0.068590353282601,0.5943900676649838,0,True,0.013718070656520202,completed,completed,100
12438->3966,12438,3966,1,"(26145,)",1.0,2,2.0,63.5,0.637,False,44048.0,4429.666122066623,1945.5224523812728,2143.9584030802457,0.0,2117.0391246276927,0.04806209418424656,0.48203234427958364,0,True,0.009612418836849313,completed,completed,100
2159->2156,2159,2156,1,"(2466,)",0.5,4,2.0,88.9,0.637,False,44048.0,4479.740863752404,2654.9153774762403,786.8448065526402,0.0,2717.8629620004517,0.061702301171459584,0.5064693740382893,0,True,0.012340460234291917,completed,completed,100
3966->12438,3966,12438,1,"(5837,)",1.0,2,2.0,63.5,0.637,False,44048.0,5249.422677732311,2466.82460721591,2540.7205760224388,0.0,2670.082253297705,0.06061755932840776,0.49074028907165074,0,True,0.012123511865681552,completed,completed,100
8364->10636,8364,10636,1,"(15348,)",1.0,2,2.0,127.0,0.564,False,44048.0,3659.4479572597174,3904.851384358874,3301.074433169456,0.0,4168.93733901243,0.09464532643962109,0.5678561386339935,0,True,0.01892906528792422,completed,completed,100
8371->10614,8371,10614,1,"(15356,)",1.0,2,2.0,177.8,0.509,False,44048.0,877.987298571771,3411.5170351455577,760.7501710565992,0.0,3472.3770488300856,0.07883166202393038,0.6000169809571607,0,True,0.015766332404786077,completed,completed,100
9223->10075,9223,10075,1,"(17209,)",2.0,1,2.0,107.95,0.564,False,44048.0,306.4274068228425,299.7815982280187,552.8373077576249,0.0,344.0085828486287,0.0078098570388809635,0.4544893347846896,0,True,0.0015619714077761927,completed,completed,100
10645->10644,10645,10644,1,"(20453,)",1.01,2,2.02,88.9,0.637,False,44488.48,4721.082161625593,619.2360596872501,3581.1524543106025,0.0,905.7282560320982,0.020358714346547648,0.4745835787284106,0,True,0.0040717428693095295,completed,completed,100
10915->10911,10915,10911,1,"(21676,)",1.01,2,2.02,127.0,0.564,False,44488.48,1133.9312343148576,2013.1198414843711,665.7839444571878,0.0,2066.3825570409463,0.04644758726396016,0.5343508966881052,0,True,0.009289517452792032,completed,completed,100
10624->8366,10624,8366,1,"(20353,)",1.02,2,2.04,177.8,0.509,False,44928.96,989.3989881550795,3921.576781632705,874.4308257314592,0.0,3991.531247691222,0.0888409446310625,0.6054353753789148,0,True,0.0177681889262125,completed,completed,100
2852->8068,2852,8068,1,"(4366,)",0.68,3,2.04,127.0,0.564,False,44928.96,111.51758879537485,151.64596893244016,165.92098909090913,0.0,164.9196480597129,0.003670675841588875,0.434592717162567,0,True,0.000734135168317775,completed,completed,100
8064->2861,8064,2861,1,"(15014,)",0.68,3,2.04,127.0,0.564,False,44928.96,1367.5544652858302,1859.8219861400405,442.3118704013924,0.0,1895.2069357721518,0.04218230147709076,0.5338371197846787,0,True,0.008436460295418153,completed,completed,100
8366->10624,8366,10624,1,"(15351,)",1.02,2,2.04,177.8,0.509,False,44928.96,1735.4376027592746,6889.081396462602,1533.7797533186467,0.0,7011.783776728094,0.1560637899637137,0.6282070365208092,0,True,0.031212757992742743,completed,completed,100
10630->10636,10630,10636,1,"(20385,)",1.03,2,2.06,152.4,0.509,False,45369.44,1140.906983247581,1991.6864016274997,1384.7781327307177,0.0,2102.468652245957,0.04634107567221365,0.5711125101543906,0,True,0.00926821513444273,completed,completed,100
10304->10441,10304,10441,1,"(18919,)",1.04,2,2.08,88.9,0.637,False,45809.92,3147.4833397098696,2893.710877928533,1516.8994600943877,0.0,3015.0628347360844,0.06581681074178004,0.505688397349026,0,True,0.01316336214835601,completed,completed,100
2448->2348,2448,2348,1,"(3279,)",0.53,4,2.12,88.9,0.637,False,46690.880000000005,1976.2792687281049,1238.7908457019355,367.9513243650969,0.0,1268.2269516511433,0.027162198520377923,0.4750332116681138,0,True,0.005432439704075585,completed,completed,100
10889->10895,10889,10895,1,"(21563,)",1.08,2,2.16,127.0,0.564,False,47571.840000000004,2975.9679967771085,2282.865914134458,3363.177144773773,0.0,2551.9200857163596,0.05364350182200982,0.5511000279933164,0,True,0.010728700364401964,completed,completed,100
10895->10889,10895,10889,1,"(21590,)",1.08,2,2.16,127.0,0.564,False,47571.840000000004,3143.4830349518065,2427.6668613973775,3552.4878995954573,0.0,2711.865893365014,0.0570056969283722,0.5534930265195432,0,True,0.011401139385674441,completed,completed,100
12438->12439,12438,12439,1,"(26148,)",1.08,2,2.16,63.5,0.637,False,47571.840000000004,5931.512250213677,2645.077649986575,3321.9858036768155,0.0,2910.8365142807206,0.06118822635997936,0.49462275151609814,0,True,0.012237645271995872,completed,completed,100
12439->12438,12439,12438,1,"(26152,)",1.08,2,2.16,63.5,0.637,False,47571.840000000004,4748.29198997168,1813.5962555354558,2659.314845354997,0.0,2026.3414431638557,0.0425953976798849,0.48149589843531143,0,True,0.00851907953597698,completed,completed,100
12439->4503,12439,4503,1,"(26149,)",1.08,2,2.16,53.975,0.637,False,47571.840000000004,6369.823715688951,2803.544772652268,3329.634252664929,0.0,3069.9155128654625,0.06453220041237552,0.49062211899222447,0,True,0.012906440082475105,completed,completed,100
4503->12439,4503,12439,1,"(6978,)",1.08,2,2.16,53.975,0.637,False,47571.840000000004,5831.250224453339,2333.892982852037,3048.11111732625,0.0,2577.741872238137,0.05418629744483579,0.4844962121314432,0,True,0.010837259488967159,completed,completed,100
7331->4756,7331,4756,1,"(12987,)",1.1,2,2.2,63.5,0.637,False,48452.8,510.0520601484729,90.88985981802114,321.5744015009767,0.0,116.61581193809927,0.002406792010742398,0.3730390382847859,2,False,0.003610188016113597,completed,completed,100
3317->4503,3317,4503,1,"(4748,)",1.11,2,2.22,44.45,0.742,False,48893.280000000006,5329.005098026658,1171.1908123051458,2034.8273066304994,0.0,1333.9769968355856,0.027283442567886333,0.42095418220596326,0,True,0.005456688513577267,completed,completed,100
4503->3317,4503,3317,1,"(6976,)",1.11,2,2.22,44.45,0.742,False,48893.280000000006,5882.55988401557,1375.2211056211204,2246.1966661125057,0.0,1554.9168389101208,0.03180226073828797,0.42655822311858305,0,True,0.006360452147657594,completed,completed,100
10834->10835,10834,10835,1,"(21308,)",1.12,2,2.24,107.95,0.564,False,49333.76,3239.5065021796568,1857.0498635425993,3272.9292727124903,0.0,2118.8842053595986,0.04294998405472436,0.533830820266981,0,True,0.008589996810944873,completed,completed,100
3099->7108,3099,7108,1,"(4665,)",0.45,5,2.25,63.5,0.637,False,49554.0,2362.3668761313015,822.0315838992393,373.4444798864982,0.0,851.9071422901592,0.01719149094503288,0.44829510481731405,0,True,0.003438298189006576,completed,completed,100
7110->3094,7110,3094,1,"(12643,)",0.45,5,2.25,63.5,0.637,False,49554.0,2111.877231151181,734.8454746402259,333.84691520181815,0.0,761.5532278563713,0.015368148441223138,0.44376380962215367,0,True,0.0030736296882446276,completed,completed,100
7962->7958,7962,7958,1,"(14902,)",0.57,4,2.28,127.0,0.564,False,50214.719999999994,1674.7088596713784,2026.6387898569074,402.7728830376106,0.0,2058.8606204999164,0.04100113712672134,0.5384915619934787,0,True,0.00820022742534427,completed,completed,100
2439->12138,2439,12138,1,"(3258,)",0.47,5,2.3499999999999996,63.5,0.637,False,51756.399999999994,3195.971426722171,976.7527294689593,594.8342019415304,0.0,1024.3394656242817,0.01979155168489852,0.457031357648773,0,True,0.003958310336979704,completed,completed,100
11862->2058,11862,2058,1,"(24600,)",1.19,2,2.38,127.0,0.564,False,52417.119999999995,3350.1069483684823,6155.864763246182,2744.478140670795,0.0,6375.4230144998455,0.12162863992718116,0.5794467020373101,0,True,0.024325727985436234,completed,completed,100
2058->11862,2058,11862,1,"(2260,)",1.19,2,2.38,127.0,0.564,False,52417.119999999995,3902.4458766207786,7297.385211749662,3196.9658188830394,0.0,7553.142477260305,0.14409686143115658,0.5861197702721344,0,True,0.028819372286231316,completed,completed,100
8176->8425,8176,8425,1,"(15113,)",0.49,5,2.45,63.5,0.637,False,53958.8,5871.056943908761,1877.3882015397503,1139.219889396056,0.0,1968.5257926914348,0.0364820157729867,0.4829543902620309,0,True,0.007296403154597341,completed,completed,100
12795->2236,12795,2236,1,"(27384,)",0.62,4,2.48,88.9,0.637,False,54619.52,481.883775881797,316.52331659677276,167.93568000000002,0.0,329.95817099677276,0.006041030221370909,0.41993340245581,0,True,0.0012082060442741818,completed,completed,100
2235->12794,2235,12794,1,"(2636,)",0.62,4,2.48,88.9,0.637,False,54619.52,762.1816945537332,500.636707154976,187.13084964683262,0.0,515.6071751267226,0.009439979976512474,0.4380854424916294,0,True,0.0018879959953024949,completed,completed,100
11107->11106,11107,11106,1,"(22533,)",1.25,2,2.5,53.975,0.637,False,55060.0,5739.111579425465,2400.51221938693,3551.075289769507,0.0,2684.5982425684906,0.048757686933681266,0.48552268076197364,0,True,0.009751537386736253,completed,completed,100
8078->4353,8078,4353,1,"(15030,)",0.53,5,2.6500000000000004,127.0,0.564,False,58363.600000000006,3474.458093411252,3568.3866021922768,926.3974341063142,0.0,3642.498396920782,0.06241044755499629,0.5633017612202806,0,True,0.012482089510999259,completed,completed,100
6543->6656,6543,6656,1,"(11605,)",0.67,4,2.68,127.0,0.564,False,59024.32000000001,2558.994860101913,2962.239965107557,1019.3639707267787,0.0,3043.7890827656993,0.05156838880593116,0.554662637877431,0,True,0.010313677761186232,completed,completed,100
5201->2445,5201,2445,1,"(9094,)",0.71,4,2.84,63.5,0.637,False,62548.159999999996,2413.7198848101134,1325.370507539918,602.0206702375264,0.0,1373.5321611589202,0.021959593394256845,0.4626347993068501,0,True,0.004391918678851369,completed,completed,100
7964->7962,7964,7962,1,"(14905,)",0.71,4,2.84,127.0,0.564,False,62548.159999999996,1481.7550764662521,2233.503935493947,443.89558206860613,0.0,2269.0155820594355,0.036276296250112486,0.5400292379826472,0,True,0.0072552592500224975,completed,completed,100
12744->11041,12744,11041,1,"(27193,)",2.87,1,2.87,107.95,0.564,False,63208.880000000005,646.9538933475086,2477.288835154783,991.2812397840057,0.0,2556.5913343375037,0.040446711511697465,0.5218291352097825,0,True,0.008089342302339493,completed,completed,100
12570->3210,12570,3210,1,"(26598,)",1.03,3,3.09,53.975,0.637,False,68054.16,2000.5890294403644,701.483504332872,954.893913469095,0.0,777.8750174103997,0.011430234645617543,0.4374498462755167,0,True,0.0022860469291235085,completed,completed,100
3210->12570,3210,12570,1,"(4710,)",1.03,3,3.09,53.975,0.637,False,68054.16,5165.891797852257,1866.8742406212368,2465.713128892315,0.0,2064.131290932622,0.030330714403537153,0.4766106151425523,0,True,0.006066142880707431,completed,completed,100
5190->5197,5190,5197,1,"(9073,)",0.78,4,3.12,53.975,0.637,False,68714.88,1787.810867665357,905.1506227822654,489.8717120039702,0.0,944.340359742583,0.013742880140991048,0.4419495914607088,1,False,0.01717860017623881,completed,completed,100
2299->3099,2299,3099,1,"(2832,)",0.63,5,3.15,63.5,0.637,False,69375.59999999999,2936.318387792808,1430.6233797859852,649.8451471977457,0.0,1482.610991561805,0.02137078441933194,0.46702796149825726,0,True,0.004274156883866388,completed,completed,100
3094->2300,3094,2300,1,"(4663,)",0.63,5,3.15,63.5,0.637,False,69375.59999999999,2460.7372436452824,1198.784749787924,544.5929034670061,0.0,1242.3521820652845,0.01790762432419013,0.4598803706846177,0,True,0.0035815248648380263,completed,completed,100
12740->12743,12740,12743,1,"(27182,)",3.29,1,3.29,127.0,0.564,False,72458.96,340.00218437640586,1998.2575639852414,636.1470435089892,0.0,2049.1493274659606,0.028280137162691274,0.5209936214623235,0,True,0.005656027432538255,completed,completed,100
12743->12740,12743,12740,1,"(27190,)",3.29,1,3.29,127.0,0.564,False,72458.96,645.2116754031586,3793.442535276678,1207.1966552156177,0.0,3890.0182676939276,0.05368581425532366,0.5469022164091969,0,True,0.010737162851064734,completed,completed,100
12138->8180,12138,8180,1,"(25234,)",0.68,5,3.4000000000000004,63.5,0.637,False,74881.6,6047.1897538172625,2684.8382568746374,1628.3872569079128,0.0,2815.1092374272703,0.0375941384455897,0.493845258745526,0,True,0.007518827689117941,completed,completed,100
4049->8579,4049,8579,1,"(5993,)",0.86,4,3.44,44.45,0.742,False,75762.56,6910.794433775378,2371.8517925316855,1703.74118774009,0.0,2508.151087550893,0.033105416284123626,0.44243917648386644,1,False,0.04138177035515453,completed,completed,100
8101->8112,8101,8112,1,"(15059,)",0.87,4,3.48,107.95,0.564,False,76643.52,469.31331081673886,599.0550041432194,283.0416872727273,0.0,621.6983391250376,0.008111557756285692,0.47657818048772266,0,True,0.0016223115512571384,completed,completed,100
8110->8102,8110,8102,1,"(15067,)",0.87,4,3.48,107.95,0.564,False,76643.52,318.6008736844881,406.6779623891755,283.0416872727273,0.0,429.32129737099365,0.005601534185420942,0.46144382018282515,0,True,0.0011203068370841884,completed,completed,100
3176->4050,3176,4050,1,"(4690,)",0.89,4,3.56,44.45,0.742,False,78405.44,4551.04643280839,2181.2448924010446,1011.3012405498023,0.0,2262.1489916450287,0.028851939248667295,0.4348356774731002,1,False,0.03606492406083412,completed,completed,100
12917->1804,12917,1804,1,"(27793,)",0.91,4,3.64,76.2,0.637,False,80167.36,1196.0725904622764,1047.0159650763687,382.3535407813585,0.0,1077.6042483388774,0.013441932581275937,0.45628491249812375,1,False,0.01680241572659492,completed,completed,100
1803->12916,1803,12916,1,"(1453,)",0.91,4,3.64,76.2,0.637,False,80167.36,1975.8544521284748,1729.7616631051742,631.6296785531604,0.0,1780.292037389427,0.022207193019570894,0.4765821234419528,0,True,0.004441438603914179,completed,completed,100
6248->6543,6248,6543,1,"(10970,)",0.94,4,3.76,127.0,0.564,False,82810.23999999999,3360.710127235373,5462.350642552118,1878.209234381107,0.0,5612.607381302607,0.06777673125090095,0.5757151243855987,0,True,0.01355534625018019,completed,completed,100
12359->10806,12359,10806,1,"(25928,)",1.3,3,3.9000000000000004,88.9,0.637,False,85893.6,8564.012885117292,14436.520134695913,3910.9913036969515,0.0,14749.39943899167,0.17171709462627796,0.5635164688175638,0,True,0.034343418925255595,completed,completed,100
2132->2134,2132,2134,1,"(2407,)",1.0,4,4.0,63.5,0.637,False,88096.0,679.2488205574705,525.1942610985591,240.28258064516135,0.0,544.416867550172,0.006179813698126726,0.42150189727572673,0,True,0.0012359627396253453,completed,completed,100
5173->5180,5173,5180,1,"(9036,)",1.0,4,4.0,63.5,0.637,False,88096.0,3607.6527611490196,2792.686576767883,1267.3335022229946,0.0,2894.0732569457223,0.03285135825628544,0.48903220924269364,0,True,0.006570271651257089,completed,completed,100
4695->4560,4695,4560,1,"(7592,)",0.81,5,4.050000000000001,127.0,0.564,False,89197.20000000001,2513.636641799479,3944.0097648647993,1024.2875958668126,0.0,4025.9527725341445,0.045135416498882745,0.5627313417224686,0,True,0.009027083299776549,completed,completed,100
8159->8163,8159,8163,1,"(15100,)",0.82,5,4.1,63.5,0.637,False,90298.4,2936.375630633267,1565.547215404379,953.4998947792344,0.0,1641.8272069867176,0.018182240294254578,0.47004124718613544,0,True,0.003636448058850916,completed,completed,100
8161->8160,8161,8160,1,"(15104,)",0.82,5,4.1,63.5,0.637,False,90298.4,4751.568338909289,2536.9861461811806,1542.929271010624,0.0,2660.4204878620308,0.02946254294496947,0.4895470141187881,0,True,0.005892508588993894,completed,completed,100
6090->6248,6090,6248,1,"(10775,)",1.05,4,4.2,127.0,0.564,False,92500.8,2118.6994102570284,3842.749723585565,1322.6462591122743,0.0,3948.561424314547,0.0426867813501564,0.5602949930926373,0,True,0.00853735627003128,completed,completed,100
8062->8064,8062,8064,1,"(15013,)",0.85,5,4.25,127.0,0.564,False,93602.0,1434.299553622784,2361.3250858511433,613.3285552760814,0.0,2410.3913702732298,0.025751494308596287,0.5414603670566452,0,True,0.005150298861719258,completed,completed,100
8068->8061,8068,8061,1,"(15020,)",0.85,5,4.25,127.0,0.564,False,93602.0,1014.992598429979,1670.990735240729,434.0264503594042,0.0,1705.7128512694812,0.018223038517013325,0.5274773261379813,0,True,0.0036446077034026653,completed,completed,100
5162->8230,5162,8230,1,"(8997,)",1.09,4,4.36,152.4,0.509,False,96024.64000000001,709.2109694375727,2416.711142202013,367.31866329028503,0.0,2446.096635265236,0.025473635051016442,0.5704073489903486,0,True,0.005094727010203289,completed,completed,100
8218->5162,8218,5162,1,"(15153,)",1.09,4,4.36,177.8,0.509,False,96024.64000000001,399.1847075974328,2037.2526638737859,354.26125161290327,0.0,2065.5935640028183,0.021511078448227642,0.5760912655485748,0,True,0.004302215689645529,completed,completed,100
12151->2132,12151,2132,1,"(25264,)",1.1,4,4.4,63.5,0.637,False,96905.6,2370.3540065204384,2016.465856314138,915.9506659389785,0.0,2089.741909589256,0.02156471772105282,0.47483376016920575,0,True,0.004312943544210564,completed,completed,100
1956->2164,1956,2164,1,"(1960,)",1.1,4,4.4,127.0,0.564,False,96905.6,4496.230586580411,10532.888122058102,2086.831150958676,0.0,10699.834614134797,0.1104150287922968,0.5979562674999697,0,True,0.02208300575845936,completed,completed,100
2165->1960,2165,1960,1,"(2485,)",1.1,4,4.4,127.0,0.564,False,96905.6,4257.69836423266,9967.945231381716,1976.1214214380493,0.0,10126.03494509676,0.10449380577692889,0.5957330858731849,0,True,0.02089876115538578,completed,completed,100
5854->6090,5854,6090,1,"(10376,)",1.15,4,4.6,127.0,0.564,False,101310.4,306.7318114261444,609.1974589737039,467.6694545454545,0.0,646.6110153373402,0.006382474211308417,0.48581304508255074,0,True,0.0012764948422616836,completed,completed,100
4716->6623,4716,6623,1,"(7645,)",1.57,3,4.71,25.4,0.742,False,103733.04,1876.1899418550113,1020.3831933631201,735.4543527559268,0.0,1079.2195415835943,0.010403816774130926,0.39061758025913684,1,False,0.013004770967663656,completed,completed,100
6622->4719,6622,4719,1,"(11657,)",1.57,3,4.71,25.4,0.742,False,103733.04,1957.9216018004809,1064.8755556182361,767.4926361535189,0.0,1126.2749665105177,0.010857437191761831,0.39234252963369637,1,False,0.01357179648970229,completed,completed,100
10160->12178,10160,12178,1,"(18684,)",1.2,4,4.8,63.5,0.637,False,105715.2,2517.669774591211,2336.6344132114546,1061.3196327212243,0.0,2421.5399838291523,0.022906261198287023,0.47984460047952215,0,True,0.004581252239657405,completed,completed,100
12177->10157,12177,10157,1,"(25351,)",1.2,4,4.8,63.5,0.637,False,105715.2,1978.1024156037704,1835.5503950541415,833.8658828100024,0.0,1902.2596656789417,0.017994192563405658,0.4700854073266129,0,True,0.003598838512681132,completed,completed,100
10806->8893,10806,8893,1,"(21183,)",1.62,3,4.86,88.9,0.637,False,107036.64000000001,4064.188388761667,7824.297894392105,2312.8902811888897,0.0,8009.3291168872165,0.07482791983088423,0.5373455462964769,0,True,0.014965583966176846,completed,completed,100
12236->12151,12236,12151,1,"(25515,)",1.0,5,5.0,63.5,0.637,False,110120.0,3447.08717578511,2666.3421372298726,1210.9283659451564,0.0,2763.2164065054853,0.02509277521345337,0.48716884767418195,0,True,0.005018555042690675,completed,completed,100
8112->8129,8112,8129,1,"(15069,)",1.0,5,5.0,88.9,0.637,False,110120.0,2889.309216177856,3061.563889262301,1144.166449606431,0.0,3153.0972052308157,0.028633283738020484,0.5060782835325311,0,True,0.005726656747604097,completed,completed,100
8132->8110,8132,8110,1,"(15084,)",1.0,5,5.0,88.9,0.637,False,110120.0,3993.1944318750684,4233.26616142076,1581.3049950225268,0.0,4359.770561022562,0.0395910875501504,0.5191800992901812,0,True,0.00791821751003008,completed,completed,100
8180->8176,8180,8176,1,"(15117,)",1.0,5,5.0,63.5,0.637,False,110120.0,2104.850718591288,1368.3059129847113,833.52088456215,0.0,1434.9875837496834,0.013031125896746126,0.4624354343178265,0,True,0.0026062251793492253,completed,completed,100
2150->12717,2150,12717,1,"(2442,)",1.28,4,5.12,88.9,0.637,False,112762.88,806.7283569746472,1221.165537263779,362.7467068884195,0.0,1250.1852738148525,0.01108685122102994,0.4648493667727532,0,True,0.002217370244205988,completed,completed,100
2156->2149,2156,2149,1,"(2456,)",1.28,4,5.12,88.9,0.637,False,112762.88,709.1558669886713,1073.466500925836,318.87307939124156,0.0,1098.9763472771353,0.00974590527731409,0.45963866250960955,0,True,0.0019491810554628178,completed,completed,100
2454->2448,2454,2448,1,"(3298,)",1.28,4,5.12,107.95,0.564,False,112762.88,1649.7579398240807,3358.538580035986,890.997010700345,0.0,3429.8183408920136,0.030416200268138002,0.5407070252566636,0,True,0.006083240053627601,completed,completed,100
7510->12203,7510,12203,1,"(13545,)",1.4,4,5.6,76.2,0.637,False,123334.4,1368.8996600572123,1843.5629516716465,673.233684426847,0.0,1897.4216464257943,0.01538436678190184,0.47446566647480926,0,True,0.0030768733563803683,completed,completed,100
3974->12236,3974,12236,1,"(5865,)",1.46,4,5.84,63.5,0.637,False,128620.16,2547.5209171003557,2876.651017223805,1306.5823893337224,0.0,2981.1776083705026,0.023178151919345323,0.48611618883189395,0,True,0.004635630383869065,completed,completed,100
10091->10095,10091,10095,1,"(18538,)",1.47,4,5.88,63.5,0.637,False,129501.12,2447.3037287436287,2782.2943090284793,1263.7797509950528,0.0,2883.3966891080836,0.022265418933118755,0.4846934107317339,0,True,0.004453083786623751,completed,completed,100
12884->10087,12884,10087,1,"(27688,)",2.0,3,6.0,25.4,0.742,False,132144.0,798.0949051595643,767.3603333031352,343.18080921861275,0.0,794.8147980406243,0.006014762668305971,0.3722747315439423,1,False,0.0075184533353824645,completed,completed,100
12329->5005,12329,5005,1,"(25823,)",1.52,4,6.08,127.0,0.564,False,133905.92,653.7250436668514,2109.478403036385,438.6778838709678,0.0,2144.5726337460624,0.016015517713825214,0.5294504395678542,0,True,0.003203103542765043,completed,completed,100
1805->1803,1805,1803,1,"(1457,)",1.53,4,6.12,63.5,0.637,False,134786.88,978.0627135229058,1157.0478387655871,525.683468190471,0.0,1199.1025162208248,0.008896285129686396,0.4487813088285004,0,True,0.0017792570259372793,completed,completed,100
2457->8217,2457,8217,1,"(3307,)",1.23,5,6.15,152.4,0.509,False,135447.6,175.39782111652266,674.451831717676,499.7033709677419,0.0,714.4281013950954,0.0052745718742531825,0.5188728021349565,0,True,0.0010549143748506365,completed,completed,100
3164->4049,3164,4049,1,"(4685,)",1.56,4,6.24,44.45,0.742,False,137429.76,6307.199245068197,5323.8278540860865,2456.6337601500463,0.0,5520.35855489809,0.04016858178969453,0.46475421821455754,0,True,0.008033716357938906,completed,completed,100
4050->3183,4050,3183,1,"(5994,)",1.56,4,6.24,44.45,0.742,False,137429.76,3883.615212911562,3259.8914233228033,1512.6555976380441,0.0,3380.9038711338467,0.0246009588544275,0.4449796863145816,0,True,0.0049201917708855,completed,completed,100
5045->10091,5045,10091,1,"(8702,)",1.6,4,6.4,63.5,0.637,False,140953.6,1576.4236780737053,1950.3020126396898,886.0518118308466,0.0,2021.1861575861576,0.014339372372086684,0.4694036270485368,0,True,0.002867874474417337,completed,completed,100
2313->2311,2313,2311,1,"(2875,)",1.66,4,6.64,127.0,0.564,False,146239.36,752.2631632806949,2651.030466364965,526.8948261832605,0.0,2693.182052459626,0.018416259839072233,0.5377088669515515,0,True,0.003683251967814447,completed,completed,100
12204->7509,12204,7509,1,"(25429,)",1.4,5,7.0,76.2,0.637,False,154168.0,2952.9374466857093,3977.5445588598755,1452.2736874893653,0.0,4093.726453859025,0.026553671668952214,0.5055634427594642,0,True,0.005310734333790443,completed,completed,100
5197->5201,5197,5201,1,"(9087,)",1.77,4,7.08,63.5,0.637,False,155929.92,3816.2682938076355,5230.429914698582,2372.8940723751716,0.0,5420.261440488596,0.03476088130160392,0.5081868473804017,0,True,0.006952176260320785,completed,completed,100
1961->2167,1961,2167,1,"(1970,)",1.82,4,7.28,107.95,0.564,False,160334.72,4257.69836423266,12358.010813865085,3269.582715470227,0.0,12619.577431102703,0.07870770243090644,0.5895392641062389,0,True,0.015741540486181288,completed,completed,100
2166->1959,2166,1959,1,"(2486,)",1.82,4,7.28,107.95,0.564,False,160334.72,4496.230586580411,13059.195284804586,3452.7569952225367,0.0,13335.415844422389,0.08317235246628046,0.5917641172352163,0,True,0.016634470493256094,completed,completed,100
2311->2309,2311,2309,1,"(2869,)",1.82,4,7.28,107.95,0.564,False,160334.72,799.5404457532708,2314.228176115149,613.9851624330344,0.0,2363.3469891097916,0.014740082429493697,0.5218125576897154,0,True,0.0029480164858987396,completed,completed,100
12735->12736,12735,12736,1,"(27169,)",1.86,4,7.44,44.45,0.742,False,163858.56,1211.9562874800583,1211.8208850306785,562.832499905739,0.0,1256.8474850231376,0.007670319359715706,0.4030559414497126,1,False,0.009587899199644633,completed,completed,100
12877->12917,12877,12917,1,"(27668,)",1.95,4,7.8,88.9,0.637,False,171787.19999999998,1584.5012407732854,3273.527009774574,1223.5518581251313,0.0,3371.4111584245843,0.019625508526971654,0.5015097494107965,0,True,0.003925101705394331,completed,completed,100
12916->12878,12916,12878,1,"(27792,)",1.95,4,7.8,88.9,0.637,False,171787.19999999998,2857.3907343383253,5905.508897573489,2206.4771250560552,0.0,6082.027067577973,0.03540442517008237,0.5253705231161794,0,True,0.007080885034016474,completed,completed,100
9969->2315,9969,2315,1,"(18306,)",1.57,5,7.8500000000000005,53.975,0.637,False,172888.40000000002,1701.3559165091178,1733.7129912501705,938.3416939139141,0.0,1808.7803267632837,0.010462126590119889,0.460604539518485,1,False,0.01307765823764986,completed,completed,100
12797->12877,12797,12877,1,"(27388,)",1.97,4,7.88,88.9,0.637,False,173549.12,3410.2874451781236,7123.558625542049,2660.4334417323576,0.0,7336.393300880638,0.042272719682362195,0.5328399218407773,0,True,0.00845454393647244,completed,completed,100
12878->12796,12878,12796,1,"(27670,)",1.97,4,7.88,88.9,0.637,False,173549.12,4533.618808756759,9487.064212680905,3536.766705087323,0.0,9770.005549087891,0.05629533326984252,0.5444096955627222,0,True,0.011259066653968504,completed,completed,100
4899->6470,4899,6470,1,"(8220,)",2.67,3,8.01,31.75,0.742,False,176412.24,1791.6158295948583,1941.7779156718534,1194.3604648787557,0.0,2037.3267528621539,0.011548670051818139,0.41311621710122476,1,False,0.014435837564772673,completed,completed,100
6471->4898,6471,4898,1,"(11520,)",2.67,3,8.01,31.75,0.742,False,176412.24,2115.32876921829,2292.9656378548893,1410.1600412552045,0.0,2405.7784411553057,0.013637253521384377,0.41983740079086945,0,True,0.0027274507042768757,completed,completed,100
6694->5045,6694,5045,1,"(11831,)",2.68,3,8.040000000000001,53.975,0.637,False,177072.96000000002,582.6712120742371,1223.4030690400052,472.3715516285841,0.0,1261.192793170292,0.007122447115416672,0.43828276761277707,1,False,0.00890305889427084,completed,completed,100
4896->6622,4896,6622,1,"(8216,)",2.81,3,8.43,38.1,0.742,False,185662.32,1905.7614404203798,2514.605617437158,1337.0699313638393,0.0,2621.571211946265,0.01412010370195883,0.42547181399728196,1,False,0.017650129627448538,completed,completed,100
10157->7110,10157,7110,1,"(18675,)",2.15,4,8.6,63.5,0.637,False,189406.4,2769.4150106144266,4605.672782155764,2091.667688742609,0.0,4773.006197255173,0.02519981477529362,0.5009341007557496,0,True,0.005039962955058724,completed,completed,100
7108->10160,7108,10160,1,"(12638,)",2.15,4,8.6,63.5,0.637,False,189406.4,3675.084716412715,6117.052982399915,2775.6966454106164,0.0,6339.1087140327645,0.03346829206422151,0.5124036849238787,0,True,0.006693658412844302,completed,completed,100
6623->4897,6623,4897,1,"(11659,)",2.9,3,8.7,38.1,0.742,False,191608.8,1780.527488978293,2424.5016220428347,1289.2167747615088,0.0,2527.6389640237553,0.013191664286941704,0.4236530588162354,1,False,0.01648958035867713,completed,completed,100
2861->8101,2861,8101,1,"(4395,)",1.75,5,8.75,127.0,0.564,False,192710.0,1575.5100412110173,5513.746181258093,1311.3972670298253,0.0,5618.657962620479,0.02915602699714846,0.5674910251103465,0,True,0.005831205399429692,completed,completed,100
8102->2852,8102,2852,1,"(15060,)",1.75,5,8.75,127.0,0.564,False,192710.0,1105.9166406286117,3870.2694537467314,920.5247965086885,0.0,3943.9114374674264,0.02046552559528528,0.5531767156308768,0,True,0.004093105119057056,completed,completed,100
8217->8218,8217,8218,1,"(15152,)",2.19,4,8.76,177.8,0.509,False,192930.24,314.13524373331734,3221.10745193801,711.7726064516129,0.0,3278.049260454139,0.016990852550922756,0.5871315731875841,0,True,0.0033981705101845516,completed,completed,100
10095->10099,10095,10099,1,"(18552,)",2.29,4,9.16,63.5,0.637,False,201739.84,2937.833597676684,5204.465772658675,2363.3544529748683,0.0,5393.534128896664,0.026735096691345963,0.5051894599900202,0,True,0.005347019338269193,completed,completed,100
2315->2313,2315,2313,1,"(2881,)",2.02,5,10.1,95.25,0.637,False,222442.4,1067.1778576031243,2817.8157236244447,757.2762927736131,0.0,2878.3978270463335,0.012939969300125937,0.4967656369135284,0,True,0.0025879938600251876,completed,completed,100
12717->2165,12717,2165,1,"(27111,)",2.64,4,10.56,107.95,0.564,False,232573.44,4225.568735130669,17789.155949121803,4706.901906662716,0.0,18165.70810165482,0.07810740599466053,0.6002233407713818,0,True,0.015621481198932106,completed,completed,100
2164->2159,2164,2159,1,"(2483,)",2.64,4,10.56,107.95,0.564,False,232573.44,4494.909960224457,18937.36776838689,5006.923703822671,0.0,19337.9216646927,0.08314759271175892,0.6027450814875439,0,True,0.016629518542351784,completed,completed,100
10087->12735,10087,12735,1,"(18524,)",3.86,3,11.58,38.1,0.742,False,255037.92,1074.0282920829884,2503.5957673613543,891.3360795996723,0.0,2574.902653729328,0.010096156107802824,0.4186931961464785,2,False,0.015144234161704236,completed,completed,100
5046->5042,5046,5042,1,"(8703,)",2.92,4,11.68,76.2,0.637,False,257240.32,870.9834538495777,2446.488427650394,893.42673071845,0.0,2517.96256610787,0.009788366637500177,0.4779002152047657,1,False,0.012235458296875222,completed,completed,100
10099->5173,10099,5173,1,"(18564,)",3.06,4,12.24,63.5,0.637,False,269573.76,2857.0422415100893,6762.8231952335345,3071.1729493786233,0.0,7008.517031183825,0.025998513472467885,0.5126261068194452,0,True,0.005199702694493578,completed,completed,100
2148->2150,2148,2150,1,"(2437,)",3.06,4,12.24,76.2,0.637,False,269573.76,850.2721797784606,2502.8202682554474,913.9987082461147,0.0,2575.940164915137,0.009555604243213943,0.4783107254909194,0,True,0.0019111208486427885,completed,completed,100
2149->2147,2149,2147,1,"(2440,)",3.06,4,12.24,76.2,0.637,False,269573.76,766.1034470488788,2255.062743931327,823.5216647544714,0.0,2320.9444771116846,0.008609682474702599,0.47409582444320886,1,False,0.010762103093378248,completed,completed,100
7958->4695,7958,4695,1,"(14894,)",6.68,2,13.36,127.0,0.564,False,294240.64,2115.9301144811634,30080.798951229248,5963.810457894289,0.0,30557.903787860792,0.10385344386098667,0.6207567251045092,0,True,0.020770688772197336,completed,completed,100
3277->3974,3277,3974,1,"(4739,)",3.46,4,13.84,63.5,0.637,False,304812.16,3405.670148835535,9119.51694205036,4139.471219549473,0.0,9450.674639614319,0.031004913451006415,0.5233760027015895,0,True,0.006200982690201283,completed,completed,100
3967->3308,3967,3308,1,"(5838,)",3.46,4,13.84,76.2,0.637,False,304812.16,840.5849594990614,2797.743645063625,1021.7011910628688,0.0,2879.4797403486546,0.009446735131395857,0.4814772845401011,0,True,0.0018893470262791715,completed,completed,100
10042->2168,10042,2168,1,"(18439,)",5.3,4,21.2,76.2,0.637,False,466908.8,2658.0688765739096,13555.8091998356,4948.8955273940755,0.0,13951.720842027125,0.029881040670099012,0.5406535141056985,1,False,0.037351300837623766,completed,completed,100
2169->10037,2169,10037,1,"(2494,)",5.3,4,21.2,76.2,0.637,False,466908.8,2112.9982206219443,10774.01485818369,3934.061880633444,0.0,11088.739808634366,0.02374926282955979,0.5313645000855544,0,True,0.0047498525659119585,completed,completed,100
