roads,road_count,cost_usd,total_impact,continuity_score,boundary_end_count,source
1952->1954;1954->12593;12593->12594,3,22464.48,26593.685618817082,1.894096680186113,0,upstream corridor extension
1954->12593;12593->12594;12594->12589,3,26869.28,28259.48339544989,1.682783216845402,0,two-sided corridor completion
12594->12593;12593->1954;1954->1952,3,22464.48,20849.830094557383,1.4849989027696975,0,downstream corridor extension
12593->12594;12594->12589;12589->10882,3,31494.32,28203.386215894734,1.4328113115454335,0,upstream corridor extension
6386->2426;2426->6377;6377->6376,3,19821.600000000002,16154.829532149382,1.3040182049601956,0,downstream corridor extension
8756->10347;10347->6386;6386->2426,3,16958.48,13771.492018158699,1.299313808139286,0,upstream corridor extension
10347->6386;6386->2426;2426->6377,3,16958.48,12952.9787556646,1.2220886547062806,0,two-sided corridor completion
2894->12641;12641->1909;1909->2454,3,38982.479999999996,28055.65672271716,1.151518599030833,0,two-sided corridor completion
6374->6377;6377->2425;2425->6379,3,22024.0,15569.975216883915,1.131127876271988,0,upstream corridor extension
6286->6285;6285->4428;4428->6282,3,16077.52,11358.028057637934,1.1303263744794405,0,downstream corridor extension
12593->12594;12594->12589;12589->2061,3,40083.68,28143.553488102956,1.1233920034528948,0,downstream corridor extension
5930->5921;5921->10573;10573->5896,3,23345.44,16320.318170733868,1.1185271758927735,0,upstream corridor extension
10905->2894;2894->12641;12641->1909,3,43387.28,29522.11895178607,1.0886921310314386,0,upstream corridor extension
6377->2425;2425->6379;6379->6759,3,12113.2,8217.917336291692,1.0854825923840692,0,upstream corridor extension
2425->6379;6379->6386;6386->2426,3,21803.760000000002,14491.758541561852,1.063431888192631,0,downstream corridor extension
2812->6916;6916->2815;2815->2817,3,6386.960000000001,4200.406708287261,1.0522456275379237,0,two-sided corridor completion
10585->6286;6286->6285;6285->4428,3,22024.0,14038.012019661335,1.0198337827578159,0,upstream corridor extension
12589->12594;12594->12593;12593->1954,3,26869.28,16386.62056900036,0.9757832331346645,0,downstream corridor extension
5926->5930;5930->5921;5921->10573,3,18279.92,11015.670542914893,0.964176695995597,0,two-sided corridor completion
9624->10629;10629->10623;10623->10889,3,43387.28,25692.70310381703,0.9474741206664086,0,upstream corridor extension
10343->6374;6374->6377;6377->6376,3,36339.6,21507.431082372794,0.9469529034936124,0,two-sided corridor completion
6133->8648;8648->4434;4434->6130,3,23125.2,13432.359201013214,0.9293660042560126,0,upstream corridor extension
10894->12594;12594->12593;12593->1954,3,31274.08,18048.974312255825,0.923395952802107,0,two-sided corridor completion
6138->6133;6133->8648;8648->4434,3,22024.0,12421.412136809846,0.9023910015844422,0,upstream corridor extension
6375->6374;6374->6377;6377->6376,3,36339.6,20181.40297702456,0.8885690751477535,0,downstream corridor extension
10573->5896;5896->5884;5884->10566,3,27530.0,15259.126583290023,0.8868362707324388,0,downstream corridor extension
8399->6186;6186->10577;10577->6145,3,25988.32,14275.392827944223,0.8788805326666271,0,downstream corridor extension
5921->10573;10573->5896;5896->5884,3,22024.0,11991.098874484185,0.8711295949498137,0,two-sided corridor completion
10835->6130;6130->4434;4434->8648,3,29732.4,16048.430985574276,0.8636198079172499,0,two-sided corridor completion
6916->2815;2815->2817;2817->2818,3,7267.92,3911.789850366124,0.8611629958207848,0,downstream corridor extension
10549->5020;5020->5019;5019->5017,3,19381.12,10420.341845582798,0.8602468254121783,0,upstream corridor extension
10629->10623;10623->10889;10889->1952,3,53298.08,28445.93553981967,0.8539425222017656,0,upstream corridor extension
4332->2812;2812->6916;6916->2815,3,6827.4400000000005,3640.394828998342,0.8531208954450492,0,upstream corridor extension
10577->6145;6145->10576;10576->8649,3,35238.4,18513.852178735924,0.8406216935495788,0,downstream corridor extension
6285->4428;4428->6286;6286->10585,3,27530.0,14330.096571413542,0.8328425177719458,0,downstream corridor extension
10882->12589;12589->12594;12594->12593,3,31494.32,16224.714190762963,0.8242610954997835,0,two-sided corridor completion
2425->6379;6379->6759;6759->6761,3,19381.120000000003,9953.489625805927,0.8217060418226337,0,two-sided corridor completion
6377->2425;2425->6379;6379->6386,3,14315.6,7333.979337669059,0.8196908924718834,0,two-sided corridor completion
10898->1910;1910->1909;1909->12641,3,40964.64,20906.027828638573,0.8165492123407339,0,upstream corridor extension
8953->4468;4468->10827;10827->12400,3,24887.12,10120.517884631305,0.8133137048104646,1,two-sided corridor completion
1910->1909;1909->12641;12641->2894,3,42506.32,21098.655431570198,0.7941842222641791,0,two-sided corridor completion
5933->5947;5947->10568;10568->8788,3,20041.84,9876.151562189749,0.788442702840837,0,upstream corridor extension
6374->6377;6377->6376;6376->7138,3,41625.36,20435.514094090864,0.7855024569287901,0,downstream corridor extension
1909->12641;12641->2894;2894->10905,3,43387.28,21275.306878435742,0.7845730593274616,0,downstream corridor extension
8648->4434;4434->6130;6130->10835,3,29732.4,14550.336733156117,0.7830023399742297,0,two-sided corridor completion
9624->10629;10629->10623;10623->7670,3,56161.2,27340.739270167785,0.7789217971173775,0,two-sided corridor completion
5926->5930;5930->5921;5921->5904,3,22244.239999999998,10765.311266021683,0.7743351998375623,0,upstream corridor extension
9005->10344;10344->8811;8811->6389,3,19160.88,9227.653606629374,0.7705411114002592,0,downstream corridor extension
10630->9625;9625->10629;10629->10623,3,44268.24,21191.81233326261,0.7659418972432647,0,downstream corridor extension
6272->10577;10577->6145;6145->10576,3,34577.68,16537.56818072506,0.7652366812683816,0,two-sided corridor completion
4529->12407;12407->12400;12400->10827,3,30613.36,14561.311009994108,0.7610434665123519,0,downstream corridor extension
12328->12327;12327->12326;12326->12325,3,32375.280000000002,15354.251448112513,0.7588135860749319,0,two-sided corridor completion
12758->10352;10352->4305;4305->8758,3,24006.16,11349.248077177783,0.7564223900650688,0,two-sided corridor completion
5292->10550;10550->5024;5024->12127,3,24006.16,11286.640288130526,0.7522496084758596,0,two-sided corridor completion
5884->10566;10566->4430;4430->5794,3,30172.88,14171.034067754204,0.7514580811777573,0,upstream corridor extension
2847->10607;10607->10601;10601->8372,3,34357.44,16112.039849501994,0.7503255120056439,0,two-sided corridor completion
5803->5805;5805->10567;10567->5802,3,16297.76,7609.9005220694435,0.7470867674644314,0,two-sided corridor completion
6130->4434;4434->8648;8648->8649,3,27309.760000000002,12745.40388149671,0.7467164197120273,0,downstream corridor extension
10352->4305;4305->8758;8758->8757,3,16518.0,7667.6837337054185,0.7427227251440047,0,downstream corridor extension
6133->8648;8648->4434;4434->10575,3,33256.240000000005,15264.317934891527,0.7343857482333073,0,two-sided corridor completion
4428->6285;6285->6286;6286->10585,3,22024.0,10036.167418862311,0.7291076947956637,0,downstream corridor extension
10623->10889;10889->1952;1952->1954,3,37881.28,17033.31529950734,0.7194399048609695,0,two-sided corridor completion
5947->10568;10568->8788;8788->5922,3,25107.36,11272.36906531164,0.7183467518886344,0,two-sided corridor completion
5167->10343;10343->6374;6374->6377,3,37440.8,16777.44363486986,0.7169694508608729,0,upstream corridor extension
7043->10601;10601->8372;8372->7046,3,33256.24,14859.77031728722,0.714922447867214,0,two-sided corridor completion
10346->6375;6375->6374;6374->6377,3,31934.8,14183.212805967225,0.7106085051275587,0,two-sided corridor completion
12400->10827;10827->4468;4468->10833,3,21583.52,7659.325180926463,0.7097382800327716,1,two-sided corridor completion
10627->7587;7587->7586;7586->10621,3,22244.24,9764.993643969572,0.7023836206744449,0,downstream corridor extension
8811->6389;6389->10344;10344->8993,3,16958.480000000003,7439.649593708909,0.7019166428792116,0,downstream corridor extension
10601->8372;8372->7046;7046->7048,3,33476.479999999996,14634.695403141559,0.6994616114067698,0,downstream corridor extension
5803->5805;5805->10567;10567->8772,3,17178.72,7497.418021558016,0.6982981755621389,0,upstream corridor extension
10585->6286;6286->4428;4428->6285,3,27530.0,11971.704215957405,0.6957764891221159,0,upstream corridor extension
8736->5926;5926->5930;5930->5921,3,20702.559999999998,8953.192427137215,0.6919486229441937,0,upstream corridor extension
7046->8372;8372->10601;10601->7043,3,33256.24,14298.618099495823,0.6879247010243287,0,two-sided corridor completion
7455->8371;8371->4431;4431->8696,3,33696.72,14470.629542317187,0.6870997315972445,0,two-sided corridor completion
5930->5921;5921->5904;5904->5902,3,23785.92,10119.958548902196,0.680736068995587,0,two-sided corridor completion
1954->1952;1952->10889;10889->10623,3,37881.28,16102.262281222094,0.6801148126450678,0,downstream corridor extension
5885->5896;5896->10573;10573->5921,3,20262.08,8607.239469619555,0.6796727261658866,0,upstream corridor extension
5163->5152;5152->5128;5128->10547,3,30833.6,13077.535355780405,0.6786121818162216,0,upstream corridor extension
8478->12328;12328->12327;12327->12326,3,42065.840000000004,17711.82127434514,0.6736799749856944,0,upstream corridor extension
9004->8997;8997->6236;6236->6051,3,20482.32,8576.790295438386,0.6699858449971203,0,upstream corridor extension
8372->10601;10601->7043;7043->7042,3,33476.479999999996,13979.177433202236,0.6681312937657597,0,downstream corridor extension
6195->6285;6285->4428;4428->6286,3,31934.800000000003,13334.9200764652,0.6681072723907562,0,upstream corridor extension
10893->10894;10894->12594;12594->12593,3,45369.44,18864.046724658307,0.6652600243567761,0,upstream corridor extension
6286->10585;10585->2450;2450->6305,3,15416.8,6386.898854605307,0.6628507970116038,0,downstream corridor extension
8648->4434;4434->10575;10575->6260,3,40083.68,16565.575077659676,0.6612396896755858,0,downstream corridor extension
10568->8788;8788->5922;5922->5904,3,23565.68,9719.154411731273,0.6598853527150517,0,downstream corridor extension
10629->10623;10623->7670;7670->2086,3,66512.48,27253.06561635151,0.6555898229349202,0,downstream corridor extension
2450->10585;10585->6286;6286->4428,3,22244.239999999998,9027.855971762703,0.6493622418576821,0,upstream corridor extension
6305->2450;2450->10585;10585->6286,3,15416.8,6251.473155637695,0.6487959271068129,0,upstream corridor extension
10347->6386;6386->6379;6379->2425,3,20262.08,8216.173481916308,0.6487921067859812,0,upstream corridor extension
10607->10601;10601->8372;8372->7046,3,36559.84,14820.075006742682,0.6485838015371045,0,downstream corridor extension
10600->6968;6968->6978;6978->8375,3,32815.76,13295.820576373979,0.6482651299923685,0,downstream corridor extension
12327->12326;12326->12325;12325->8886,3,29291.920000000002,11857.127754687901,0.6476668107621707,0,downstream corridor extension
6391->9004;9004->8997;8997->6236,3,20262.08,8117.860001985782,0.6410287592970342,0,downstream corridor extension
7455->8371;8371->4431;4431->2084,3,33476.479999999996,13359.215725124335,0.6385003787793382,0,upstream corridor extension
10583->6267;6267->10582;10582->6261,3,31274.079999999998,12342.407244393627,0.6314446848965599,0,upstream corridor extension
8371->4431;4431->10607;10607->2847,3,26649.04,10474.540058624598,0.6288880985506178,0,upstream corridor extension
6282->4428;4428->6286;6286->6285,3,17178.72,6716.685524054227,0.6255819315110069,0,upstream corridor extension
10624->9624;9624->10629;10629->10623,3,58363.600000000006,22818.986120461122,0.625567610509595,0,upstream corridor extension
12593->1954;1954->1952;1952->10889,3,37440.8,14612.471552676561,0.6244512532927313,0,two-sided corridor completion
10600->6955;6955->10599;10599->6950,3,33256.24,12935.406504904913,0.6223388575451664,0,downstream corridor extension
10165->10612;10612->7450;7450->10611,3,33036.0,12807.349985773535,0.6202857481909934,0,downstream corridor extension
10608->7455;7455->8371;8371->4431,3,33256.24,12792.560900090342,0.6154663738337391,0,upstream corridor extension
12335->2745;2745->3979;3979->12332,3,17398.960000000003,6665.972720123182,0.6129996478063683,0,upstream corridor extension
7048->7046;7046->8372;8372->10601,3,33476.479999999996,12750.972914963702,0.6094295655917805,0,upstream corridor extension
6377->6376;6376->7138;7138->8751,3,28851.440000000002,10987.119362737227,0.6093072297389511,0,downstream corridor extension
10910->12660;12660->10909;10909->2229,3,58143.36,22111.968761472825,0.608481347110943,0,two-sided corridor completion
10344->8811;8811->6391;6391->9004,3,18940.64,7185.443773612864,0.6069863551485368,0,upstream corridor extension
6266->6272;6272->10577;10577->6145,3,34797.92,13199.425181384555,0.6069063981472252,0,upstream corridor extension
8695->7451;7451->10612;10612->7450,3,24666.88,9342.47217757144,0.6059929542817861,0,upstream corridor extension
12407->12400;12400->10827;10827->4468,3,33696.72,12742.851698990444,0.6050607512655448,0,downstream corridor extension
6968->10600;10600->6955;6955->10599,3,32595.52,12219.956173290379,0.5998348815194422,0,two-sided corridor completion
7042->7043;7043->10601;10601->8372,3,33476.479999999996,12496.81656653137,0.5972822264004518,0,upstream corridor extension
10819->10285;10285->12360;12360->2446,3,35238.4,13150.240670813782,0.5970868448426163,0,upstream corridor extension
10889->10623;10623->10629;10629->9625,3,42286.08,15701.17873853442,0.5940935168654808,0,downstream corridor extension
10600->6955;6955->10599;10599->7037,3,33256.24,12308.578822728216,0.5921813805879783,0,upstream corridor extension
10889->1952;1952->1954;1954->12593,3,37440.8,13820.785048952059,0.5906192196300104,0,downstream corridor extension
7451->10612;10612->7450;7450->10611,3,32595.520000000004,11988.611879014035,0.5884789997650737,0,two-sided corridor completion
5896->10573;10573->5921;5921->5904,3,27530.0,10122.187933472876,0.5882855319126991,0,two-sided corridor completion
10566->4430;4430->5794;5794->8408,3,28631.2,10507.60986361259,0.5871977347013099,0,two-sided corridor completion
5015->12336;12336->2745;2745->10542,3,15196.560000000001,5559.914637599043,0.5853866546217347,0,downstream corridor extension
6955->10600;10600->6968;6968->6978,3,33036.0,12083.684716316546,0.585237182047054,0,two-sided corridor completion
10344->8811;8811->6389;6389->6380,3,20702.56,7568.669282623757,0.5849455744699211,0,downstream corridor extension
4364->7424;7424->7513;7513->8082,3,20482.32,7481.665086125831,0.5844388788868317,0,two-sided corridor completion
6866->10595;10595->6847;6847->10594,3,28410.960000000003,10356.738988407373,0.5832531664347771,0,upstream corridor extension
5805->10567;10567->5802;5802->5567,3,23125.2,8423.208365199258,0.582789916814506,0,downstream corridor extension
12840->12758;12758->10352;10352->4305,3,30833.6,11193.03288275027,0.5808226289632231,0,upstream corridor extension
2069->10165;10165->10612;10612->7450,3,31934.800000000003,11553.679171067299,0.5788633927160237,0,two-sided corridor completion
8735->5803;5803->5805;5805->10567,3,16297.76,5851.449798595874,0.5744543837774884,0,upstream corridor extension
5896->5884;5884->10566;10566->8408,3,31053.839999999997,11135.69193366499,0.573748917810615,0,two-sided corridor completion
8757->8758;8758->4305;4305->10352,3,16518.0,5903.738638212555,0.5718598995725929,0,upstream corridor extension
10164->10165;10165->10612;10612->7450,3,31934.800000000003,11295.67921688511,0.5659370575991137,0,downstream corridor extension
4428->6286;6286->10585;10585->2450,3,22244.239999999998,7865.427916910861,0.5657502646553615,0,downstream corridor extension
8997->6236;6236->6051;6051->8791,3,24887.120000000003,8798.853741079547,0.5656808013834977,0,two-sided corridor completion
7020->10358;10358->1898;1898->7021,3,27530.0,9690.43260383503,0.5631925959366527,0,downstream corridor extension
6759->8756;8756->10347;10347->6386,3,22024.0,7741.780512839304,0.5624250281757577,0,upstream corridor extension
4459->12462;12462->12460;12460->12455,3,40083.68,14061.18112285674,0.5612730616692575,0,upstream corridor extension
5020->5019;5019->5017;5017->10543,3,35899.119999999995,12490.232221846738,0.5566813770074248,0,two-sided corridor completion
2825->2847;2847->10607;10607->10601,3,27530.0,9546.224692555383,0.5548114605190196,0,upstream corridor extension
7589->7587;7587->7586;7586->10621,3,33696.72,11677.50533963801,0.5544755852623288,0,downstream corridor extension
1952->10889;10889->10623;10623->10629,3,53298.08,18448.439541381027,0.5538192607728016,0,downstream corridor extension
12593->12594,1,7047.68,19489.934026982428,0.5530879389240836,0,upstream boundary-facing singleton
10612->7450;7450->10611;10611->7546,3,36780.08,12683.29242026234,0.5517461591279775,0,downstream corridor extension
10578->8399;8399->6186;6186->10577,3,24666.88,8482.776795354279,0.5502294117686082,0,two-sided corridor completion
7471->12487;12487->7112;7112->7073,3,24006.159999999996,8204.684295200937,0.5468385977733008,0,two-sided corridor completion
8408->10566;10566->4430;4430->5794,3,30613.36,10450.001768128866,0.546166864042568,0,downstream corridor extension
5019->5017;5017->5015;5015->12336,3,29512.160000000003,10069.823312405837,0.545934872264495,0,upstream corridor extension
5795->8769;8769->5797;5797->8771,3,23125.2,7887.841412175303,0.5457486317731516,0,two-sided corridor completion
10573->5921;5921->5904;5904->5902,3,24006.16,8170.771578290242,0.5445783301146201,0,downstream corridor extension
7590->7589;7589->7587;7587->7586,3,33476.479999999996,11380.98739332755,0.5439514497738138,0,downstream corridor extension
10539->12323;12323->12322;12322->8482,3,32155.04,10916.876358694932,0.5432119560078884,0,upstream corridor extension
2745->3979;3979->12332;12332->12331,3,25768.08,8744.885342612137,0.5429902634646981,0,two-sided corridor completion
6917->6761;6761->6759;6759->6379,3,22684.72,7665.821404604096,0.5406861644034642,0,two-sided corridor completion
8769->5797;5797->8771;8771->10561,3,25327.6,8521.432513422249,0.5383175674550924,0,downstream corridor extension
10802->10808;10808->10284;10284->12358,3,20482.32,6884.163617916975,0.537764364030401,0,two-sided corridor completion
4468->10827;10827->12400;12400->12406,3,33036.0,11030.956888011267,0.5342514535905688,0,downstream corridor extension
8811->6391;6391->9004;9004->8997,3,17619.2,5845.590983226427,0.5308382658215062,0,two-sided corridor completion
6978->6968;6968->10600;10600->6955,3,33036.0,10941.05978172928,0.5298975557200282,0,upstream corridor extension
10566->4430;4430->5794;5794->5528,3,31934.800000000003,10545.516192846995,0.5283523275096507,0,upstream corridor extension
10611->7546;7546->12591;12591->7527,3,31934.8,10538.92013918278,0.5280218514815326,0,upstream corridor extension
8371->4431;4431->8696;8696->2069,3,33696.72,11103.44155262089,0.5272176782842195,0,downstream corridor extension
7021->7020;7020->10358;10358->1898,3,30613.36,10078.161800758593,0.5267327363351736,0,two-sided corridor completion
10623->10629;10629->9625;9625->10630,3,44268.24,14562.816524318938,0.5263481547698825,0,downstream corridor extension
7451->8696;8696->4431;4431->8371,3,26208.56,8621.540291018377,0.5263343146525182,0,upstream corridor extension
6262->6258;6258->10581;10581->6256,3,28851.440000000002,9477.509261087916,0.5255895309814923,0,upstream corridor extension
6968->6978;6978->8375;8375->10602,3,33036.0,10847.736290734354,0.5253777111386054,0,downstream corridor extension
8953->4468;4468->10827,2,23125.199999999997,7448.18996276988,0.5233817951628984,1,upstream corridor extension
6267->10582;10582->6261;6261->8652,3,31934.8,10424.056891506902,0.5222669635135039,0,two-sided corridor completion
5805->10567;10567->8772;8772->5798,3,22244.239999999998,7257.854999844647,0.5220483145187894,0,two-sided corridor completion
6163->6142;6142->6138;6138->6133,3,33476.479999999996,10920.802409659973,0.5219570234222941,0,downstream corridor extension
10285->12360;12360->2446;2446->12359,3,30393.120000000003,9908.95044211946,0.5216417632474433,0,two-sided corridor completion
5267->10549;10549->5020;5020->5019,3,22684.72,7384.972432332086,0.5208773082379389,0,upstream corridor extension
8399->6186;6186->8398;8398->6282,3,31053.84,10066.846730285522,0.5186783588907792,0,upstream corridor extension
7670->10623;10623->10629;10629->9625,3,55060.0,17822.83249033151,0.5179173989199132,0,two-sided corridor completion
6802->12135;12135->10594;10594->6847,3,22684.72,7319.492628730226,0.5162588828942284,0,upstream corridor extension
7670->2086;2086->10629;10629->10623,3,66512.48,21370.157828630734,0.5140727353093612,0,downstream corridor extension
5152->5128;5128->10547;10547->4971,3,35458.64,11381.577527020712,0.5135708544725105,0,two-sided corridor completion
6286->4428;4428->6285;6285->6195,3,31934.800000000003,10178.913222801788,0.509984755078562,0,downstream corridor extension
4429->8386;8386->6272;6272->6266,3,33696.72,10725.460602708657,0.5092702483901653,0,downstream corridor extension
6261->10582;10582->6267;6267->10583,3,31274.079999999998,9950.973339124961,0.5090975447591085,0,downstream corridor extension
6265->6262;6262->6258;6258->6675,3,27750.239999999998,8827.892598757993,0.5089912072116418,0,downstream corridor extension
2450->6305;6305->6287;6287->10584,3,20922.8,6643.103034862902,0.5080087204284629,0,upstream corridor extension
6761->6759;6759->6379;6379->6386,3,21583.52,6800.984115167799,0.5041612574903667,0,downstream corridor extension
5335->5292;5292->10550;10550->5024,3,41625.36,13090.852793453409,0.5031875873151717,0,upstream corridor extension
6282->10578;10578->8399;8399->6186,3,29291.920000000002,9201.538604918933,0.502611702062217,0,upstream corridor extension
6262->6258;6258->6675;6675->10587,3,24666.88,7724.276947257031,0.5010298471315079,0,downstream corridor extension
8398->6282;6282->10578;10578->8399,3,33916.96,10576.537371968705,0.49893798840314485,0,downstream corridor extension
8402->6163;6163->6142;6142->6138,3,33696.72,10505.939179066834,0.4988468517561037,0,two-sided corridor completion
9005->10344;10344->8993;8993->8992,3,22024.0,6812.1376096633885,0.49488831163555314,0,two-sided corridor completion
6847->10594;10594->12135;12135->6802,3,28190.72,8710.380356005611,0.49436866350376923,0,downstream corridor extension
10907->10906;10906->10905;10905->2894,3,36119.36,11126.03181926399,0.49285621093016,0,downstream corridor extension
10629->10623;10623->10889;10889->10895,3,78845.92,24280.82216841863,0.49272448681516823,0,upstream corridor extension
6270->6265;6265->6262;6262->6258,3,33256.24,10236.299584542723,0.49248139101919997,0,two-sided corridor completion
7546->12591;12591->7527;7527->12588,3,28631.2,8799.843895581107,0.4917624910213254,0,two-sided corridor completion
2022->7021;7021->7020;7020->10358,3,36339.6,11064.021230881237,0.48713893299348315,0,upstream corridor extension
5019->5017;5017->10543;10543->12336,3,33916.96,10273.364980252836,0.4846361221172104,0,downstream corridor extension
10594->6847;6847->10595;10595->6866,3,28410.960000000003,8561.935532450729,0.48217648583226913,0,downstream corridor extension
8371->4431;4431->2084;2084->2069,3,33036.0,9952.28753710255,0.4820093249595616,0,two-sided corridor completion
7562->7563;7563->8322;8322->8324,3,19160.88,5755.430720553858,0.4805984460466415,0,upstream corridor extension
8385->10583;10583->6267;6267->10582,3,33036.0,9914.638163568212,0.48018588998998485,0,upstream corridor extension
4431->10607;10607->2847;2847->7045,3,18940.64,5681.410240931824,0.4799339613387361,0,two-sided corridor completion
10582->6261;6261->8652;8652->6263,3,29291.92,8773.725408327387,0.47924344506347905,0,downstream corridor extension
8372->7046;7046->7048;7048->2846,3,23345.44,6970.440167378814,0.47772516893260975,0,downstream corridor extension
7450->10611;10611->7546;7546->12591,3,30833.6,9192.803480678356,0.47702783875659577,0,downstream corridor extension
7587->7586;7586->10621;10621->7965,3,29512.16,8789.59858928694,0.47652756500571636,0,downstream corridor extension
10595->6847;6847->10594;10594->12135,3,33476.48,9945.257779817075,0.4753311115059684,0,two-sided corridor completion
10550->5024;5024->12127;12127->12112,3,26428.800000000003,7837.419685762627,0.4744775206297751,0,downstream corridor extension
7563->8322;8322->8324;8324->2050,3,16518.0,4898.17923344577,0.4744573661165536,0,two-sided corridor completion
8992->9005;9005->10344;10344->8811,3,25988.32,7695.983782242746,0.4738118528472943,0,two-sided corridor completion
7560->7590;7590->7589;7589->7587,3,33916.96,10038.844168717696,0.47357282816467977,0,downstream corridor extension
6145->10576;10576->8649;8649->6260,3,43607.52,12865.457078811549,0.472045448264393,0,downstream corridor extension
8300->5795;5795->8769;8769->5797,3,27530.0,8114.5955637137795,0.47160744286022693,0,upstream corridor extension
2825->2847;2847->10607;10607->8695,3,38101.52,11227.633110070607,0.47148284310213806,0,two-sided corridor completion
2847->10607;10607->8695;8695->7451,3,38101.52,11210.914605853497,0.47078078169494547,0,downstream corridor extension
4430->5794;5794->8408;8408->10566,3,37881.28,11084.214177240654,0.4681664052425116,0,downstream corridor extension
7044->2825;2825->2847;2847->10607,3,35899.12,10476.270106618234,0.4669204195141601,0,upstream corridor extension
10571->5870;5870->10570;10570->5866,3,33256.24,9689.286392754693,0.4661638906986332,0,two-sided corridor completion
4384->4385;4385->7006;7006->4386,3,21803.760000000002,6347.323255647927,0.46577825150509283,0,upstream corridor extension
10601->7043;7043->7042;7042->7040,3,33696.72,9808.464784154135,0.4657291170964597,0,downstream corridor extension
6377->2426;2426->6386;6386->10347,3,16958.48,4935.46369403485,0.46565151537494875,0,upstream corridor extension
10597->12185;12185->4386;4386->7006,3,21583.52,6273.592233781355,0.4650653634833507,0,upstream corridor extension
7965->10621;10621->7586;7586->7587,3,29512.16,8569.57737984837,0.4645991282155353,0,two-sided corridor completion
9004->8997;8997->6236;6236->6237,3,27089.52,7852.818921796657,0.4638144298929864,0,two-sided corridor completion
12491->7471;7471->12487;12487->7112,3,21363.28,6191.623083010198,0.463720783176381,0,upstream corridor extension
8696->4431;4431->8371;8371->7045,3,33696.72,9750.57656600122,0.46298044752135975,0,two-sided corridor completion
12591->7527;7527->12588;12588->4518,3,28410.96,8195.493763030376,0.4615398431045133,0,downstream corridor extension
6265->6262;6262->6258;6258->6257,3,34357.44,9905.930341735031,0.4613116852354555,0,upstream corridor extension
6379->6759;6759->6761;6761->6917,3,22684.72,6530.27025503941,0.46059340419732114,0,downstream corridor extension
7052->7456;7456->7455;7455->8371,3,32815.76,9427.330766581757,0.45964893778266336,0,downstream corridor extension
2086->7670;7670->10623;10623->10629,3,66512.48,19059.64043995653,0.45849177032536526,0,upstream corridor extension
6142->6138;6138->6133;6133->8648,3,26208.56,7498.158586832712,0.4577532584366458,0,downstream corridor extension
7631->10627;10627->7587;7587->7586,3,32595.52,9319.832474343159,0.4574779589019919,0,two-sided corridor completion
3979->12332;12332->12331;12331->8476,3,29952.640000000003,8560.92194538388,0.4573044350218948,0,downstream corridor extension
6743->10346;10346->6375;6375->6374,3,22024.0,6287.145807949325,0.4567486965455376,0,upstream corridor extension
4431->8371;8371->7045;7045->2847,3,25547.84,7292.634269050854,0.45672020924200896,0,downstream corridor extension
12660->10909;10909->2229;2229->10903,3,57262.399999999994,16208.359820560054,0.45288663613289154,0,downstream corridor extension
10606->7041;7041->10605;10605->10120,3,29071.68,8226.38189443037,0.45275027212354396,0,downstream corridor extension
8758->4305;4305->10352;10352->4051,3,21143.04,5957.727117783816,0.45085112587660553,0,two-sided corridor completion
12661->12660;12660->10909;10909->2229,3,65851.76,18490.566098735173,0.44926522477115693,0,downstream corridor extension
6376->6377;6377->6374;6374->10343,3,36339.6,10196.849882613587,0.44895815617623036,0,upstream corridor extension
5884->5885;5885->5896;5896->10573,3,17398.96,4859.610941616183,0.44688748675701845,0,upstream corridor extension
10622->7564;7564->7562;7562->10616,3,26869.28,7502.993588483825,0.44678494330976193,0,downstream corridor extension
10582->6267;6267->10583;10583->8385,3,33036.0,9180.611321301389,0.4446354920112066,0,downstream corridor extension
5870->10570;10570->5866;5866->10569,3,33036.0,9167.703499052763,0.4440103401890187,0,downstream corridor extension
6272->6266;6266->6263;6263->8652,3,31274.08,8663.82762514563,0.4432464264410978,0,downstream corridor extension
6258->6675;6675->10587;10587->6673,3,26208.559999999998,7251.818851774558,0.442714523912771,0,upstream corridor extension
12135->10594;10594->6847;6847->10595,3,27970.480000000003,7711.505678825566,0.44112253654999506,0,two-sided corridor completion
10625->10630;10630->9625;9625->10629,3,44488.48,12264.380022689702,0.44108065810078295,0,downstream corridor extension
6978->8375;8375->10602;10602->6999,3,33256.24,9161.221462599495,0.44075801534266024,0,downstream corridor extension
5128->10547;10547->4971;4971->8703,3,38101.52,10471.226687137756,0.43971901119483975,0,downstream corridor extension
7424->7513;7513->8082;8082->8083,3,25988.32,7140.603000153336,0.4396192135638371,0,downstream corridor extension
8381->10589;10589->6707;6707->6704,3,34137.2,9368.65549069266,0.439105983651508,0,two-sided corridor completion
7589->7590;7590->7560;7560->4378,3,23785.92,6519.786019805937,0.4385643957303102,0,downstream corridor extension
12462->12460;12460->12455;12455->10841,3,58583.84,15929.680417147163,0.4350600552547505,0,two-sided corridor completion
6673->10587;10587->6675;6675->6672,3,32815.76,8912.947050844414,0.4345690997664251,0,downstream corridor extension
8652->6261;6261->10582;10582->6267,3,31934.8,8667.059165854398,0.43423771764241637,0,two-sided corridor completion
6377->6374;6374->10343;10343->5167,3,37440.8,10152.40210672688,0.4338540675082532,0,two-sided corridor completion
6274->6270;6270->6265;6265->6262,3,33476.479999999996,9067.85055281188,0.4333956522459652,0,upstream corridor extension
6919->6917;6917->6761;6761->6759,3,22464.480000000003,6083.956026588612,0.43332094232948093,0,upstream corridor extension
10641->10907;10907->10906;10906->10905,3,48232.56,13060.174945606726,0.43324011648916755,0,two-sided corridor completion
6624->6479;6479->6468;6468->6463,3,22464.48,6071.2176043085765,0.4324136666815222,0,downstream corridor extension
6376->6377;6377->6374;6374->8828,3,40524.16,10943.046944827263,0.43206016143761206,0,two-sided corridor completion
6262->8687;8687->10581;10581->6256,3,29732.4,8005.714687105153,0.43081431365675976,0,two-sided corridor completion
6186->8398;8398->6282;6282->10578,3,32595.52,8776.473980907564,0.43080639208860916,0,two-sided corridor completion
4430->5794;5794->5528;5528->5518,3,41405.12,11146.814168762992,0.4307414800396856,0,two-sided corridor completion
7561->7560;7560->7590;7590->7589,3,23345.44,6270.991602274212,0.4297878542292945,0,upstream corridor extension
8378->6866;6866->10595;10595->6847,3,27970.48,7482.914358511066,0.42804638939402206,0,two-sided corridor completion
10584->4429;4429->8386;8386->6272,3,33256.24,8892.711303488935,0.4278396501102439,0,two-sided corridor completion
10543->5017;5017->5015;5015->12336,3,33256.240000000005,8861.822093409188,0.42635353092997585,0,downstream corridor extension
2863->4364;4364->7424;7424->7513,3,27309.760000000002,7273.801138582615,0.4261510105446618,0,upstream corridor extension
6263->8652;8652->6261;6261->10582,3,29291.92,7751.81998874402,0.42342434302669246,0,upstream corridor extension
8386->6272;6272->6266;6266->6263,3,33476.479999999996,8855.669187101288,0.4232544968695055,0,downstream corridor extension
8385->10584;10584->4429;4429->8386,3,33476.479999999996,8847.723934269658,0.42287475549494613,0,upstream corridor extension
8687->10581;10581->6256;6256->4458,3,33256.240000000005,8764.689872906347,0.4216803762737505,0,downstream corridor extension
10612->7451;7451->8696;8696->4431,3,23565.68,6209.5941377185145,0.4216025432047632,0,upstream corridor extension
8696->2069;2069->10165;10165->10612,3,31053.84,8180.651851623596,0.4214951504418698,0,upstream corridor extension
7045->10608;10608->7455;7455->8371,3,33256.24,8759.700733933736,0.4214403424528443,0,upstream corridor extension
10623->10629;10629->2086;2086->9626,3,55060.0,14489.503485298887,0.42105349757497673,0,upstream corridor extension
6954->6955;6955->10600;10600->6968,3,33036.0,8688.532089172873,0.4208031039676898,0,upstream corridor extension
12594->12589;12589->10882;10882->2127,3,39202.72,10249.326438154307,0.4183108289691861,0,two-sided corridor completion
12400->10827,1,1761.92,3680.0773422723964,0.4177348962804664,0,downstream boundary-facing singleton
8992->9005;9005->10344;10344->8993,3,28851.440000000002,7507.049801036028,0.4163147379006956,0,upstream corridor extension
4434->8648;8648->8649;8649->6260,3,35899.119999999995,9310.633871669981,0.4149687846017388,0,downstream corridor extension
4386->7006;7006->4385;4385->4384,3,21803.760000000002,5648.47834221158,0.41449572677091145,0,downstream corridor extension
8649->6260;6260->10575;10575->6255,3,44268.24,11459.59319498458,0.41418744255419526,0,upstream corridor extension
6282->8398;8398->6186;6186->10577,3,27970.48,7230.040054796206,0.41358117871677325,0,downstream corridor extension
6258->10581;10581->6256;6256->4458,3,27530.0,7099.953391661532,0.4126380467365947,0,two-sided corridor completion
10121->10605;10605->7041;7041->10606,3,29952.64,7715.352166799617,0.4121360743787322,0,upstream corridor extension
10808->10284;10284->12358;12358->12359,3,27970.480000000003,7204.551980310573,0.4121231801705554,0,downstream corridor extension
5794->8408;8408->10566;10566->4430,3,27750.24,7137.019499088715,0.4115002680532472,0,downstream corridor extension
6267->10583;10583->8385;8385->10584,3,32815.759999999995,8412.22633692739,0.4101554295583532,0,two-sided corridor completion
8481->8478;8478->12328;12328->12327,3,29732.4,7609.29683905325,0.4094817418871399,0,upstream corridor extension
2894->10905;10905->10906;10906->10907,3,36119.36,9192.943366828247,0.40722508336042484,0,upstream corridor extension
10596->8377;8377->10595;10595->6866,3,28190.72,7172.297532310298,0.4070728257985776,0,upstream corridor extension
8085->8081;8081->2863;2863->4364,3,25327.6,6423.280260016556,0.40577269129433857,0,downstream corridor extension
7527->12591;12591->7546;7546->10611,3,31934.8,8095.837056919414,0.4056183001324907,0,downstream corridor extension
8652->6263;6263->6266;6266->6272,3,31274.08,7916.455893868209,0.405010456908377,0,two-sided corridor completion
8997->6236;6236->6237;6237->6071,3,35238.4,8910.918030739986,0.40460034647384613,0,downstream corridor extension
9223->10637;10637->2090;2090->8364,3,37440.8,9458.791987756082,0.40421324278353377,0,downstream corridor extension
8385->10584;10584->6287;6287->6286,3,27530.0,6923.728677101059,0.40239614541815094,0,downstream corridor extension
12368->4529;4529->12407;12407->12400,3,51756.4,12997.678685105508,0.40181090447111495,0,two-sided corridor completion
4385->7006;7006->4386;4386->7895,3,21803.760000000002,5470.653730691014,0.4014466298063097,0,two-sided corridor completion
5015->12336;12336->10543;10543->5017,3,27970.48,7017.438410247519,0.40141969163189306,0,upstream corridor extension
8382->6707;6707->10589;10589->8381,3,34357.44,8596.720401945284,0.40034276835271937,0,upstream corridor extension
5344->5335;5335->5292;5292->10550,3,34137.200000000004,8521.711495745527,0.39940998070119527,0,upstream corridor extension
8377->10595;10595->6866;6866->6838,3,28190.72,7027.908212920467,0.39887782719535886,0,two-sided corridor completion
6955->10599;10599->6950;6950->10593,3,38321.76,9502.708450497263,0.39675457287962823,0,downstream corridor extension
4431->8696;8696->2069;2069->10165,3,33696.72,8347.896026334205,0.3963778564244451,0,downstream corridor extension
12594->12589;12589->2061;2061->2877,3,37440.8,9243.607263515312,0.39501751088717385,0,downstream corridor extension
8382->8381;8381->10589;10589->6707,3,35458.64,8747.651707255092,0.3947202355084163,0,upstream corridor extension
6267->10583;10583->6272;6272->6266,3,32815.759999999995,8058.245236765875,0.3928963515952519,0,upstream corridor extension
6918->12840;12840->12758;12758->10352,3,27530.0,6755.114910853619,0.3925965803619975,0,upstream corridor extension
12642->10910;10910->12660;12660->10909,3,81268.56,19920.193393378522,0.3921849904736301,0,upstream corridor extension
5972->8014;8014->5947;5947->10568,3,22464.48,5490.52704057336,0.39105482365571675,0,downstream corridor extension
8819->4408;4408->10580;10580->4406,3,32815.76,8013.049756532089,0.3906927528252078,0,downstream corridor extension
6305->6287;6287->10584;10584->8385,3,27970.48,6820.408508005576,0.3901489575012271,0,two-sided corridor completion
10576->8649;8649->6260;6260->10575,3,43387.28,10570.449438435757,0.38980823645771784,0,upstream corridor extension
7555->10164;10164->10165;10165->10612,3,30833.6,7509.6700388659165,0.3896876155293403,0,two-sided corridor completion
10569->5866;5866->10570;10570->5870,3,33036.0,8022.885547317663,0.3885645016257495,0,upstream corridor extension
12185->4386;4386->7006;7006->4385,3,21803.760000000002,5279.437412223733,0.3874148247622416,0,two-sided corridor completion
2846->7052;7052->7456;7456->7455,3,32155.04,7783.275673627781,0.38728737634300714,0,two-sided corridor completion
5017->5015;5015->12336;12336->2745,3,24006.160000000003,5790.084163789318,0.3859065615684853,0,two-sided corridor completion
10629->9625;9625->10630;10630->10625,3,44488.48,10723.524063134699,0.38566474963890696,0,upstream corridor extension
10599->6950;6950->10593;10593->6779,3,39863.44,9599.731702993422,0.38530469835993775,0,upstream corridor extension
4305->10352;10352->4051;4051->6438,3,29952.64,7160.102012022191,0.3824759092766283,0,downstream corridor extension
10589->6707;6707->6704;6704->6706,3,33256.24,7939.039605484739,0.3819572918879459,0,downstream corridor extension
8696->4431;4431->8371;8371->7455,3,44928.96,10724.627243954748,0.38192300890845454,0,upstream corridor extension
12588->7527;7527->12591;12591->7546,3,28631.2,6819.828084913817,0.3811130841830628,0,two-sided corridor completion
10584->8385;8385->10583;10583->6267,3,32815.759999999995,7810.240500349187,0.38080436962479924,0,upstream corridor extension
2426->6386;6386->10347;10347->6385,3,26649.04,6334.509020601467,0.3803219340344848,0,two-sided corridor completion
6236->6051;6051->8791;8791->6071,3,27750.24,6594.635059515571,0.3802279221810303,0,downstream corridor extension
10583->6272;6272->6266;6266->6263,3,33476.479999999996,7949.08152562963,0.3799243660327314,0,two-sided corridor completion
4053->6624;6624->6479;6479->6468,3,29291.92,6939.172942052796,0.3790354714639558,0,two-sided corridor completion
10583->8385;8385->10584;10584->6287,3,33696.72,7927.3575826578635,0.3764096960253871,0,downstream corridor extension
6262->6258;6258->6257;6257->6672,3,34137.2,8027.508340046723,0.37624683172828344,0,two-sided corridor completion
10340->5992;5992->5972;5972->8014,3,26428.8,6211.165520576913,0.3760240659024648,0,upstream corridor extension
6707->10589;10589->8381;8381->8382,3,35458.64,8329.48484205565,0.3758512945586475,0,two-sided corridor completion
10605->7041;7041->10606;10606->7044,3,33476.479999999996,7848.486266209159,0.37511644073494754,0,two-sided corridor completion
10623->10629;10629->2086;2086->7670,3,66512.48,15508.313772563615,0.3730623491426239,0,upstream corridor extension
12312->10802;10802->10808;10808->10284,3,24887.12,5780.714153139719,0.3716437516684756,0,upstream corridor extension
10905->10906;10906->10907;10907->10641,3,48232.56,11199.362551961156,0.3715121088977622,0,two-sided corridor completion
8381->9635;9635->10590;10590->6884,3,24887.120000000003,5765.48590929494,0.3706647235546702,0,upstream corridor extension
6265->6262;6262->8687;8687->10581,3,29071.68,6733.495721695565,0.37058722284755835,0,upstream corridor extension
8366->10625;10625->10630;10630->9625,3,51095.68,11761.3061142621,0.36829120940986326,0,two-sided corridor completion
10632->10626;10626->7585;7585->8366,3,32815.76,7551.889309236591,0.36820792493541354,0,upstream corridor extension
12332->12331;12331->8476;8476->8475,3,21363.280000000002,4901.81186248924,0.3671205442227403,0,downstream corridor extension
8768->10560;10560->8726;8726->8723,3,15637.04,3586.293191324182,0.3669536629770526,0,downstream corridor extension
6379->2425;2425->6375;6375->6374,3,27530.0,6302.2997303413495,0.3662796792061809,0,downstream corridor extension
6260->10575;10575->6255;6255->12464,3,42065.84,9623.861502513997,0.3660494692135566,0,two-sided corridor completion
10607->8695;8695->7451;7451->10612,3,37661.04,8608.890539728405,0.3657420204955957,0,downstream corridor extension
6145->10577;10577->6272;6272->6266,3,34797.92,7953.285845182065,0.36569017206463217,0,downstream corridor extension
10647->10641;10641->10907;10907->10906,3,66732.72,15240.540478213312,0.36541092233526973,0,downstream corridor extension
6266->6272;6272->10583;10583->6267,3,32815.759999999995,7475.6358485575865,0.36449003032969957,0,downstream corridor extension
10618->6550;6550->10613;10613->10166,3,45809.92,10422.624275153585,0.36403029824644395,0,upstream corridor extension
6806->6835;6835->6865;6865->8380,3,33916.96,7713.100040384354,0.3638580835256157,0,upstream corridor extension
7463->7462;7462->7461;7461->2056,3,26649.04,6039.6842565413945,0.3626207477067178,0,downstream corridor extension
7589->7586;7586->7587;7587->6742,3,35678.880000000005,8084.8488353979665,0.36256065595771914,0,downstream corridor extension
5884->10566;10566->8408;8408->10565,3,47131.36,10669.402729708201,0.3622013955789335,0,downstream corridor extension
10543->12336;12336->5015;5015->10548,3,24666.88,5580.623156718935,0.36198323625648227,0,two-sided corridor completion
7587->7586;7586->10620;10620->10619,3,42286.08,9557.916036571309,0.3616477492951367,0,upstream corridor extension
7560->7589;7589->7587;7587->7586,3,52417.12,11830.870993003455,0.3611299817465272,0,two-sided corridor completion
6913->10350;10350->6750;6750->8351,3,22684.72,5102.871303169213,0.35991601770137527,0,two-sided corridor completion
5017->10543;10543->12336;12336->5015,3,36119.36,8092.51631019151,0.3584788350708987,0,downstream corridor extension
8351->6750;6750->10350;10350->6913,3,22684.72,5075.125350297077,0.3579590385279308,0,two-sided corridor completion
10908->2173;2173->10909;10909->12660,3,48232.56,10790.084291547297,0.3579352799535351,0,upstream corridor extension
5116->5163;5163->5152;5152->5128,3,24887.12,5567.461129494455,0.3579336543236473,0,two-sided corridor completion
6806->6835;6835->6865;6865->10589,3,30172.88,6745.637030657982,0.3577059680432485,0,downstream corridor extension
10635->10641;10641->10907;10907->10906,3,65191.03999999999,14533.474467475036,0.35669869890034067,0,upstream corridor extension
10539->4972;4972->8482;8482->12322,3,64089.84,14271.742171439759,0.3562934074153348,0,upstream corridor extension
4518->12588;12588->7527;7527->12591,3,28410.96,6306.262245811365,0.3551453239629419,0,upstream corridor extension
8352->8351;8351->6750;6750->10350,3,27970.48,6197.079399456253,0.3544925592671275,0,upstream corridor extension
5992->5972;5972->8014;8014->5947,3,21143.04,4682.249781363888,0.35432935141693067,0,two-sided corridor completion
6272->6266;6266->6145;6145->10577,3,38101.520000000004,8419.630348828483,0.3535661715891012,0,upstream corridor extension
8087->8085;8085->8081;8081->2863,3,33256.240000000005,7331.3151310480225,0.3527188945496194,0,two-sided corridor completion
5518->5528;5528->5794;5794->8408,3,38542.0,8484.499261881587,0.3522183285509455,0,downstream corridor extension
6550->10613;10613->10166;10166->7555,3,60786.240000000005,13363.082048545366,0.3517396581475114,0,two-sided corridor completion
2846->7052;7052->10608;10608->7045,3,32155.04,7064.718559139938,0.35153275177464877,0,downstream corridor extension
12460->12455;12455->10841;10841->8531,3,70476.8,15426.709726438365,0.3502249756274602,0,downstream corridor extension
10619->10618;10618->6550;6550->10613,3,46470.64,10154.696906667292,0.3496296812496593,0,upstream corridor extension
7006->4386;4386->7895;7895->7007,3,27530.0,6011.1359311143115,0.34935770031903013,0,downstream corridor extension
4431->2084;2084->2069;2069->10165,3,33036.0,7196.742010815863,0.34855270666259175,0,downstream corridor extension
10589->8381;8381->8382;8382->6707,3,35238.399999999994,7667.918995255261,0.34816195946491385,0,downstream corridor extension
6750->10350;10350->6913;6913->8344,3,22464.48,4881.991140411158,0.3477127369366152,0,downstream corridor extension
12323->12322;12322->8482;8482->4972,3,48232.56,10465.244447618401,0.3471594938396271,0,two-sided corridor completion
10350->6750;6750->8351;8351->8352,3,27970.48,6068.090271995106,0.34711397284537737,0,downstream corridor extension
8476->12332;12332->12331;12331->12220,3,34577.68,7501.10913263691,0.3470960056377136,0,downstream corridor extension
6261->8652;8652->6263;6263->6266,3,30833.6,6688.660802441027,0.3470842614519759,0,upstream corridor extension
8482->12322;12322->12315;12315->10798,3,63649.36,13796.717572058864,0.34681806879588706,0,downstream corridor extension
8383->6274;6274->6270;6270->6265,3,33256.24,7197.9596824951,0.3463029943250398,0,upstream corridor extension
6138->6142;6142->6163;6163->8402,3,33696.72,7268.9502881321005,0.34514695973410353,0,two-sided corridor completion
2085->10613;10613->10166;10166->7555,3,54179.04,11682.57773980811,0.345006563122805,0,downstream corridor extension
10607->2847;2847->7045;7045->10608,3,23125.2,4985.708778564544,0.34495416453493466,0,downstream corridor extension
7138->6376;6376->6377;6377->6374,3,41625.36,8965.944309197712,0.3446339177538966,0,upstream corridor extension
10589->6706;6706->10588;10588->6702,3,42946.799999999996,9233.797916717001,0.3440087891704901,0,upstream corridor extension
7905->7965;7965->10621;10621->7586,3,27309.76,5864.415010364598,0.34357914593842487,0,upstream corridor extension
12336->10543;10543->5017;5017->5015,3,29952.64,6424.460006482016,0.3431796332600808,0,two-sided corridor completion
1910->10898;10898->10892;10892->12774,3,39863.44,8541.558689707526,0.342832778694765,0,upstream corridor extension
5818->5816;5816->10334;10334->5614,3,27750.239999999998,5937.952642740158,0.3423654796637526,0,two-sided corridor completion
6955->10599;10599->7037;7037->7035,3,33476.48,7157.797062403195,0.34210512275618915,0,two-sided corridor completion
7590->7560;7560->7589;7589->7587,3,52857.600000000006,11271.946378059105,0.34120191240038455,0,upstream corridor extension
10567->5802;5802->5567;5567->5565,3,29071.68,6189.6149761697925,0.3406539959806818,0,downstream corridor extension
5514->10558;10558->5499;5499->10557,3,30393.12,6459.078817051147,0.34002847049864693,0,upstream corridor extension
4403->4402;4402->8351;8351->8352,3,23785.92,5052.106473213512,0.33983845725293027,0,two-sided corridor completion
4406->10580;10580->8819;8819->4408,3,33476.479999999996,7109.84579980047,0.33981330413713606,0,upstream corridor extension
12360->2446;2446->12359;12359->10806,3,110340.24,23430.438669276235,0.33975548603883743,0,downstream corridor extension
6999->7048;7048->7046;7046->8372,3,34137.2,7237.825108117497,0.33923462302086865,0,upstream corridor extension
12774->10892;10892->10898;10898->1910,3,39863.44,8446.128657872094,0.3390025008527952,0,downstream corridor extension
7041->10605;10605->10120;10120->10121,3,29071.68,6152.184886884414,0.3385939793990255,0,downstream corridor extension
12331->8481;8481->8478;8478->12328,3,17839.44,3770.6487817643883,0.33818539431860095,0,upstream corridor extension
6835->6865;6865->8380;8380->6882,3,33256.24,6985.294744267566,0.3360714136904264,0,two-sided corridor completion
10620->10619;10619->5161;5161->5159,3,32375.28,6799.450084916923,0.33603169257121723,0,two-sided corridor completion
10166->10613;10613->6550;6550->10618,3,35018.16,7354.41332290076,0.336027401686474,0,downstream corridor extension
12641->1909;1909->2454;2454->2448,3,143596.48,30141.72342253721,0.33584916201329956,0,downstream corridor extension
6287->10584;10584->8385;8385->10583,3,33696.72,7058.656671116296,0.3351617211938157,0,downstream corridor extension
10647->10913;10913->10907;10907->10906,3,66732.72,13944.133543807933,0.3343279529156416,0,downstream corridor extension
6438->8818;8818->6434;6434->6763,3,35899.12,7500.018110458932,0.3342708394170746,0,upstream corridor extension
4408->8819;8819->10580;10580->4406,3,33476.479999999996,6992.805109808909,0.33421937359287046,0,downstream corridor extension
8801->10340;10340->5992;5992->5972,3,27530.0,5741.278814280857,0.33367403206862956,0,downstream corridor extension
10581->6256;6256->4458;4458->8531,3,32595.52,6783.549478629391,0.33298070304775096,0,downstream corridor extension
4433->10606;10606->7041;7041->10605,3,43827.76,9118.453164083523,0.332883201480834,0,two-sided corridor completion
12591->7546;7546->10611;10611->7450,3,30833.6,6401.5390216930955,0.3321850979032275,0,two-sided corridor completion
6133->6138;6138->6142;6142->6163,3,33476.479999999996,6944.889695704018,0.33192926834381725,0,upstream corridor extension
12462->12460;12460->10846;10846->12454,3,37440.8,7761.848506048038,0.33169584009093983,0,upstream corridor extension
10578->6282;6282->8398;8398->6186,3,32595.52,6755.889669128987,0.331622979802328,0,two-sided corridor completion
10648->10647;10647->10641;10641->10907,3,66732.72,13830.602949901298,0.33160591565639885,0,downstream corridor extension
7590->7560;7560->7589;7589->7586,3,49774.240000000005,10300.131552172046,0.3310991887264431,0,upstream corridor extension
5528->5794;5794->8408;8408->10566,3,38321.76,7918.963542147118,0.33063047384659233,0,downstream corridor extension
6195->10578;10578->6282;6282->8398,3,33916.96,7005.1309154850405,0.3304603202874334,0,upstream corridor extension
6263->6266;6266->6272;6272->10583,3,33476.479999999996,6912.669704677822,0.3303893219204802,0,downstream corridor extension
6672->6673;6673->10587;10587->6675,3,37881.28,7818.00291785447,0.33021071802661245,0,two-sided corridor completion
2446->12360;12360->10285;10285->10819,3,35238.4,7270.378035538912,0.3301116071348943,0,upstream corridor extension
6675->6672;6672->6673;6673->10587,3,41845.6,8621.243169091718,0.32964013111406576,0,upstream corridor extension
9223->8361;8361->10643;10643->10644,3,42726.560000000005,8785.507350784968,0.3289946993452304,0,upstream corridor extension
2173->10909;10909->12660;12660->10910,3,59244.56,12180.285710911478,0.32894931007097306,0,two-sided corridor completion
7589->7560;7560->7590;7590->7592,3,35238.4,7232.648840563693,0.328398512557378,0,downstream corridor extension
5499->10557;10557->4439;4439->8522,3,31274.079999999998,6409.892838176243,0.32793382062979914,0,downstream corridor extension
6556->7581;7581->10883;10883->2568,3,36780.079999999994,7533.312974566066,0.32771273905075,0,two-sided corridor completion
2698->11080;11080->2753;2753->2867,3,21803.760000000002,3569.168337970023,0.3273901692157704,1,downstream corridor extension
4972->8482;8482->12322;12322->12315,3,68935.12,14092.846433399793,0.32709820906150117,0,two-sided corridor completion
10827->4468;4468->10833,2,19821.6,3979.2478386540665,0.3262238032153236,1,downstream corridor extension
7560->7589;7589->7586;7586->7587,3,49333.76,10042.00553496799,0.3256838492737789,0,two-sided corridor completion
6550->10613;10613->2085;2085->10614,3,50655.2,10302.315323450126,0.32540991877477937,0,upstream corridor extension
6883->8378;8378->6866;6866->10595,3,28410.96,5774.03132855325,0.3251720507045591,0,upstream corridor extension
10344->8993;8993->8992;8992->9005,3,23565.68,4777.272576080912,0.3243545750315484,0,downstream corridor extension
12498->8958;8958->10849;10849->10844,3,23785.92,4820.694916775414,0.3242721688646335,0,upstream corridor extension
10895->10889;10889->10623;10623->10629,3,78845.92,15979.273492081102,0.32426329209336086,0,downstream corridor extension
12594->12593,1,7047.68,11418.390484545762,0.3240326031983791,0,downstream boundary-facing singleton
10911->12642;12642->10910;10910->12660,3,69375.6,14043.195352165321,0.3238762989215879,0,upstream corridor extension
10915->12661;12661->12660;12660->10909,3,81929.28,16581.25324529573,0.32381592017497496,0,two-sided corridor completion
6266->6263;6263->8652;8652->6261,3,30833.6,6228.773216727216,0.3232200309650364,0,two-sided corridor completion
6377->6374;6374->8828;8828->8357,3,49554.0,9997.543511977401,0.32280077529894347,0,downstream corridor extension
10614->2085;2085->10613;10613->10166,3,54619.520000000004,11018.980409816504,0.32278512619126654,0,downstream corridor extension
9010->10342;10342->6071;6071->6237,3,31274.08,6304.315304725973,0.32253241302578867,0,two-sided corridor completion
7041->10606;10606->7044;7044->2825,3,45149.2,9099.69542534431,0.3224755406640848,0,downstream corridor extension
10623->7670;7670->2087;2087->10635,3,56161.200000000004,11314.360273850156,0.322339558951024,0,upstream corridor extension
9635->10590;10590->6884;6884->6718,3,31053.840000000004,6247.353557897211,0.32188501301724803,0,two-sided corridor completion
4431->8371;8371->7455;7455->10608,3,44488.479999999996,8948.840398191902,0.32183937588128536,0,two-sided corridor completion
5921->5904;5904->5902;5902->10573,3,23125.2,4650.9197858624375,0.32179058591406345,0,downstream corridor extension
12587->10882;10882->12589;12589->12594,3,26428.8,5308.407744849789,0.32137109485711285,0,upstream corridor extension
6706->10588;10588->6702;6702->6698,3,42946.799999999996,8625.055188132521,0.3213298383351504,0,two-sided corridor completion
10594->12135;12135->6802;6802->11952,3,27530.0,5525.718538134787,0.3211460102076157,0,downstream corridor extension
7470->2040;2040->7167;7167->12569,3,24226.4,4840.858780263378,0.3197080064896727,0,upstream corridor extension
6675->10587;10587->6673;6673->6672,3,37881.28,7564.686105821026,0.3195113198211265,0,two-sided corridor completion
7555->10166;10166->10613;10613->6550,3,49994.48,9979.068808928761,0.3193654598324859,0,two-sided corridor completion
10776->10777;10777->12099;12099->7003,3,45809.92,9139.537327241054,0.31921600656769733,0,downstream corridor extension
5507->5518;5518->5528;5528->5794,3,35018.16,6969.970054238962,0.3184619662135971,0,two-sided corridor completion
7587->7589;7589->7586;7586->10621,3,49113.52,9756.723337610856,0.3178505091913056,0,downstream corridor extension
10587->6675;6675->6672;6672->6673,3,37440.8,7423.582140606156,0.3172403213865582,0,two-sided corridor completion
6563->6556;6556->7581;7581->10883,3,41845.6,8294.101595553857,0.31713161127779677,0,upstream corridor extension
9625->10630;10630->10625;10625->8366,3,51095.68,10101.651104420234,0.31632110125694335,0,two-sided corridor completion
10593->6950;6950->10599;10599->7037,3,38982.479999999996,7706.429742385721,0.31630331338122036,0,downstream corridor extension
10912->4532;4532->10906;10906->10907,3,46470.64,9184.562851141476,0.3162276345199111,0,downstream corridor extension
10906->10907;10907->10641;10641->10635,3,65191.03999999999,12813.367978032946,0.31448169510492113,0,downstream corridor extension
7586->7587;7587->7589;7589->7560,3,51095.68,10016.603914811178,0.3136579504118134,0,upstream corridor extension
10621->7586;7586->7587;7587->7589,3,47351.6,9275.711999755411,0.3134242390881968,0,upstream corridor extension
12487->7112;7112->7073;7073->8872,3,37881.28,7416.184544742183,0.3132390265478752,0,downstream corridor extension
10643->7778;7778->10648;10648->10647,3,56161.200000000004,10972.375024069257,0.312596597624531,0,upstream corridor extension
7587->7589;7589->7590;7590->7560,3,47571.84,9283.045747580296,0.31221985939851127,0,upstream corridor extension
8375->10602;10602->6999;6999->7048,3,33696.72,6561.5295394711175,0.3115569486630683,0,two-sided corridor completion
6779->10593;10593->6950;6950->10599,3,39863.44,7755.71924094028,0.31129151888307804,0,two-sided corridor completion
6386->6379;6379->2425;2425->6375,3,24226.4,4711.423854615285,0.3111596509338761,0,two-sided corridor completion
6884->10590;10590->9635;9635->8381,3,33256.24,6458.846097084619,0.31074329976375537,0,downstream corridor extension
10623->7670;7670->2086;2086->10629,3,66512.48,12901.629277017773,0.310356896077675,0,downstream corridor extension
10570->5866;5866->10569;10569->5862,3,34577.68,6694.738200501437,0.30978310635075285,0,downstream corridor extension
10595->6866;6866->6838;6838->6831,3,28631.2,5538.1392429343,0.3094883479803459,0,downstream corridor extension
4402->8351;8351->8352;8352->4403,3,33036.0,6387.509558265217,0.3093599495466869,0,downstream corridor extension
8358->5167;5167->10343;10343->6374,3,44048.0,8505.296985348434,0.3089464942008149,0,upstream corridor extension
8091->8087;8087->8085;8085->8081,3,41625.36,8032.6283248549225,0.3087590190155203,0,downstream corridor extension
2157->12774;12774->10892;10892->10898,3,44048.0,8497.81303799699,0.30867464722110394,0,two-sided corridor completion
8322->8324;8324->2050;2050->6708,3,34357.439999999995,6601.829493630364,0.3074422072718044,0,downstream corridor extension
9116->10776;10776->10777;10777->12099,3,48893.28,9362.434364381494,0.30637942439145815,0,two-sided corridor completion
7451->4433;4433->10606;10606->7041,3,40303.92,7712.709156044675,0.3061819954404306,0,upstream corridor extension
7474->7463;7463->7462;7462->7461,3,28851.44,5509.4283021405445,0.30553363310201753,0,two-sided corridor completion
10570->5870;5870->10571;10571->8406,3,44488.479999999996,8492.716893199238,0.3054351829758801,0,downstream corridor extension
12336->5015;5015->10548;10548->5254,3,32375.28,6173.622132998418,0.30510301108739357,0,downstream corridor extension
6237->6071;6071->10342;10342->6238,3,32595.52,6209.662447292662,0.3048105971516411,0,downstream corridor extension
10626->7585;7585->8366;8366->10624,3,66512.48,12663.483153458625,0.30462813964437657,0,upstream corridor extension
10909->12660;12660->10910;10910->12642,3,65411.28,12448.002743520092,0.3044857766066059,0,downstream corridor extension
10620->10619;10619->10618;10618->10624,3,50655.2,9630.745868063288,0.3041976616201547,0,two-sided corridor completion
10912->10913;10913->10907;10907->10906,3,66732.72,12680.354997800312,0.3040272897085643,0,downstream corridor extension
8096->8092;8092->8091;8091->8087,3,46911.12,8913.183198110464,0.3040024010720005,0,upstream corridor extension
7040->7042;7042->7043;7043->10601,3,33696.72,6401.99410987368,0.3039818289672671,0,upstream corridor extension
7586->10621;10621->7965;7965->7905,3,27309.76,5182.12156890752,0.30360554286277264,0,downstream corridor extension
10827->12400,1,1761.92,2672.327921861425,0.30334270816625325,0,downstream boundary-facing singleton
6950->10593;10593->6779;6779->10859,3,40524.16,7675.243443969781,0.30303871839296975,0,two-sided corridor completion
10602->6999;6999->7048;7048->7046,3,34357.44,6481.5334148412,0.301840109849451,0,downstream corridor extension
12743->12661;12661->12660;12660->10909,3,87655.52,16520.29764024486,0.301549477139509,0,downstream corridor extension
8381->8382;8382->6707;6707->10589,3,35678.88,6722.420194446102,0.30146328335176903,0,upstream corridor extension
8100->8097;8097->8096;8096->8092,3,39643.2,7457.602295577112,0.3009889129263879,0,upstream corridor extension
10567->8772;8772->5798;5798->5803,3,22024.0,4140.6212021208685,0.3008079333178982,0,downstream corridor extension
6236->6237;6237->6071;6071->10342,3,40744.4,7658.994991921935,0.3007626075503651,0,downstream corridor extension
10614->8371;8371->4431;4431->8696,3,66512.48,12497.564892015955,0.3006368703621565,0,downstream corridor extension
7047->2846;2846->7052;7052->7456,3,45369.44,8514.015471723891,0.30025551901804887,0,upstream corridor extension
10909->2229;2229->10903;10903->10897,3,47792.08,8936.071449156703,0.2991649310649531,0,downstream corridor extension
7473->2050;2050->6708;6708->8327,3,44048.0,8226.847651943695,0.29883209778219016,0,two-sided corridor completion
4304->4053;4053->6624;6624->6479,3,27970.48,5221.109289149222,0.2986639794039557,0,upstream corridor extension
6865->8380;8380->6882;6882->6885,3,33696.72,6288.951739657544,0.29861430974445197,0,downstream corridor extension
10898->10892;10892->12774;12774->2157,3,44048.0,8190.33880060767,0.297505949894939,0,two-sided corridor completion
12360->10285;10285->10819;10819->10818,3,46911.12,8715.062849458489,0.2972451000772009,0,upstream corridor extension
7043->7042;7042->7040;7040->10122,3,40083.68,7446.491941565157,0.29723785606771264,0,downstream corridor extension
5816->10334;10334->5614;5614->8760,3,29071.68,5395.075472271382,0.29692541867667127,0,downstream corridor extension
10623->6563;6563->6556;6556->7581,3,36780.08,6821.770232891019,0.2967593429004404,0,upstream corridor extension
8406->10571;10571->5870;5870->10570,3,44268.24,8204.757890261355,0.29654697418325576,0,upstream corridor extension
10906->10907;10907->10913;10913->10647,3,66732.72,12363.21664010391,0.2964235029557653,0,upstream corridor extension
7956->5530;5530->5243;5243->10553,3,30833.6,5702.886976365704,0.295931035045701,0,two-sided corridor completion
7587->7589;7589->7560;7560->7590,3,51536.16,9491.511322349728,0.2946750032551817,0,two-sided corridor completion
1909->1910;1910->10898;10898->10892,3,30833.6,5664.634443091546,0.2939460558918347,0,upstream corridor extension
7562->7564;7564->10622;10622->7592,3,29071.68,5337.728733720669,0.29376926183671087,0,upstream corridor extension
10558->5499;5499->10557;10557->4439,3,29071.68,5335.411134324262,0.2936417095578522,0,two-sided corridor completion
10628->7592;7592->10622;10622->7564,3,39863.44,7282.833786678817,0.2923113022530445,0,upstream corridor extension
7554->7555;7555->10166;10166->10613,3,54399.28,9934.988217744252,0.29220940329340395,0,upstream corridor extension
10605->10120;10120->7036;7036->10871,3,32815.76,5993.1631123111365,0.2922090172434775,0,upstream corridor extension
6707->8382;8382->8381;8381->10589,3,35238.399999999994,6414.958733267431,0.29127128283996695,0,upstream corridor extension
12220->12331;12331->8476;8476->12332,3,34797.92,6326.266755034547,0.29088022525643126,0,upstream corridor extension
6386->10347;10347->6385;6385->6438,3,30172.88,5478.457102960405,0.29051026500409133,0,downstream corridor extension
4406->10580;10580->4408;4408->8819,3,32815.76,5954.497173142355,0.290323779703038,0,upstream corridor extension
5742->12368;12368->4529;4529->12407,3,57042.16,10338.426828183128,0.28998696622100223,0,upstream corridor extension
7592->10622;10622->7564;7564->7562,3,37661.04,6820.521831503084,0.2897645665229886,0,two-sided corridor completion
7778->10648;10648->10647;10647->10641,3,74441.12,13477.535808367482,0.2896793773842733,0,two-sided corridor completion
6376->7138;7138->8751;8751->6215,3,21143.04,3826.548328135146,0.28957412581238245,0,downstream corridor extension
7586->10620;10620->10619;10619->10618,3,55720.72,10076.865133374222,0.28935347952070173,0,upstream corridor extension
8109->8103;8103->8100;8100->8097,3,36339.600000000006,6570.161044220611,0.2892782989012806,0,downstream corridor extension
5997->5818;5818->5816;5816->10334,3,33036.0,5964.46729386522,0.28887116086040543,0,upstream corridor extension
10818->10819;10819->10285;10285->12360,3,46911.12,8464.691754520652,0.2887056801720582,0,two-sided corridor completion
12642->10910;10910->12660;12660->12661,3,75101.84,13531.532251599501,0.2882812405469587,0,upstream corridor extension
8818->6434;6434->6763;6763->4051,3,33916.96,6104.752377430777,0.28798582785394816,0,two-sided corridor completion
10588->6702;6702->6698;6698->6675,3,43387.28,7804.7566769535215,0.28781732072454497,0,downstream corridor extension
3900->9116;9116->10776;10776->10777,3,45589.68,8185.504338921641,0.28727569358404415,0,upstream corridor extension
8399->8402;8402->6163;6163->6142,3,44708.72,8026.890622852838,0.2872599572648141,0,upstream corridor extension
7546->10611;10611->7450;7450->10612,3,36780.08,6600.3847647427465,0.28712867464095765,0,downstream corridor extension
10613->10166;10166->7555;7555->7554,3,65191.04,11646.156930934738,0.28583454243858636,0,downstream corridor extension
10342->6071;6071->6237;6237->6236,3,40744.4,7275.409803108138,0.28569952398300186,0,downstream corridor extension
10894->2157;2157->12774;12774->10892,3,47351.6,8448.578663069311,0.28547558817254115,0,upstream corridor extension
10618->6550;6550->10613;10613->2085,3,46250.4,8236.363297900592,0.28493118495496145,0,upstream corridor extension
10834->10835;10835->6130;6130->4434,3,72238.72,12839.701002877746,0.28438379866925095,0,upstream corridor extension
10590->6884;6884->6718;6718->4425,3,36119.36,6416.855800262993,0.2842511406741645,0,downstream corridor extension
10892->10898;10898->1910;1910->1909,3,30833.6,5477.090321698875,0.2842141207876538,0,downstream corridor extension
10910->12660;12660->12661;12661->12743,3,73780.4,13105.576509518636,0.2842072205522039,0,two-sided corridor completion
10444->12903;12903->10445;10445->5164,3,31053.840000000004,5514.320289717056,0.28411663303305773,0,upstream corridor extension
6773->6779;6779->10593;10593->6950,3,34137.2,6055.416945486957,0.2838155183430139,0,upstream corridor extension
6718->6884;6884->10590;10590->9635,3,39422.96,6989.887818475431,0.2836879957659367,0,two-sided corridor completion
10815->8512;8512->8511;8511->10809,3,38762.240000000005,6866.477050331717,0.2834295252423685,0,downstream corridor extension
7586->10620;10620->10619;10619->5161,3,46030.159999999996,8141.7498444373305,0.2830057456046151,0,upstream corridor extension
7047->2846;2846->7052;7052->10608,3,44928.96000000001,7940.589700269199,0.2827784912099171,0,two-sided corridor completion
6887->10596;10596->8377;8377->10595,3,33256.24,5863.08946769843,0.2820806906709083,0,upstream corridor extension
10877->10876;10876->12587;12587->2128,3,40083.68,7032.870173154876,0.28072752494401215,0,two-sided corridor completion
10625->10630;10630->10624;10624->8366,3,71798.24,12577.01960018412,0.280274716487404,0,upstream corridor extension
10913->10647;10647->10641;10641->10907,3,66952.95999999999,11722.50180038671,0.28013702277866037,0,downstream corridor extension
4434->10575;10575->6260;6260->8649,3,53958.8,9439.148218204711,0.2798920129641048,0,downstream corridor extension
6704->6702;6702->10588;10588->6706,3,43387.28,7555.532194071713,0.2786266276778526,0,two-sided corridor completion
2050->6708;6708->8327;8327->10366,3,44268.24,7707.294002478983,0.27856699078089336,0,downstream corridor extension
2085->10614;10614->8371;8371->4431,3,66072.0,11488.121758368725,0.27819643439565866,0,two-sided corridor completion
10827->12400;12400->12406;12406->10834,3,29512.160000000003,5130.822560772275,0.2781672401218901,0,downstream corridor extension
6702->10588;10588->6706;6706->10589,3,42946.799999999996,7463.786951959512,0.2780663314411137,0,downstream corridor extension
6256->4458;4458->8531;8531->10841,3,31714.559999999998,5506.993852199737,0.27782791763529374,0,upstream corridor extension
10630->10625;10625->8366;8366->10624,3,84792.4,14702.441409793852,0.2774294188591214,0,downstream corridor extension
12491->7473;7473->2050;2050->6708,3,40083.68,6938.03412688891,0.27694200240652195,0,upstream corridor extension
10166->7555;7555->10164;10164->10165,3,43607.520000000004,7541.976827771545,0.27672206363568647,0,upstream corridor extension
8352->4403;4403->4402;4402->8351,3,26869.28,4642.353095058612,0.27644078859179627,0,upstream corridor extension
5747->4438;4438->4439;4439->8522,3,33256.24,5736.636750721665,0.2759968896410016,0,upstream corridor extension
10629->2086;2086->7670;7670->10623,3,66512.48,11461.271296784533,0.27570816897603656,0,upstream corridor extension
8990->8992;8992->9005;9005->10344,3,29952.64,5155.368292778932,0.27538772103047654,0,upstream corridor extension
9011->9010;9010->10342;10342->6071,3,40964.64,7044.526834215354,0.2751456606171705,0,upstream corridor extension
4449->4454;4454->12453;12453->10845,3,23565.68,4049.8432324594905,0.27496550797325536,0,upstream corridor extension
8366->10624;10624->9624;9624->10629,3,81268.56,13908.036496856228,0.27381878545614646,0,downstream corridor extension
12550->10869;10869->10863;10863->12508,3,44268.240000000005,7572.657878821955,0.27370079782063,0,upstream corridor extension
10892->10893;10893->10894;10894->12594,3,51095.67999999999,8728.68592218761,0.27332834156430014,0,upstream corridor extension
12152->2698;2698->11080;11080->2753,3,21143.04,3597.6755470266676,0.2722541732524116,0,two-sided corridor completion
7562->10616;10616->8324;8324->8322,3,29291.92,4953.798837957871,0.27058923214089736,0,downstream corridor extension
10593->6779;6779->10859;10859->12522,3,29732.4,5019.825705862332,0.27013362962222126,0,downstream corridor extension
10883->7581;7581->6556;6556->6563,3,54399.28,9182.862390374823,0.27008776264317685,0,downstream corridor extension
4434->6130;6130->10835;10835->10834,3,47571.840000000004,8010.30097568989,0.2694131982513988,0,downstream corridor extension
12149->12152;12152->2698;2698->11080,3,20041.84,3374.408105413151,0.26938908646416904,0,upstream corridor extension
7961->8768;8768->10560;10560->8726,3,32375.28,5439.2904465285665,0.26881202925335956,0,two-sided corridor completion
10546->5116;5116->5163;5163->5152,3,29291.92,4913.889261522063,0.2684092684411026,0,upstream corridor extension
4432->5507;5507->5518;5518->5528,3,31934.8,5356.845952990649,0.2683891405233488,0,upstream corridor extension
4452->12452;12452->10850;10850->12502,3,24446.64,4092.4753548310973,0.26784705659877006,0,two-sided corridor completion
7052->2846;2846->7047;7047->2825,3,46470.64,7779.214940753102,0.2678410261878245,0,upstream corridor extension
12384->6913;6913->10350;10350->6750,3,27970.48,4681.255820144901,0.2677826520042503,0,upstream corridor extension
4438->4439;4439->8522;8522->5742,3,29071.68,4863.297186946218,0.26765826739679127,0,two-sided corridor completion
12581->8972;8972->10868;10868->12548,3,48673.04,8129.613913472662,0.26723998052219994,0,upstream corridor extension
7638->10383;10383->10378;10378->7565,3,44048.0,7351.058494515419,0.2670199235203567,0,upstream corridor extension
8696->4431;4431->8371;8371->10614,3,66512.48,11099.154426183737,0.2669972173927958,0,upstream corridor extension
10847->4459;4459->12462;12462->12460,3,30613.36,5107.960461536926,0.26696634209570863,0,upstream corridor extension
5866->10570;10570->5870;5870->10571,3,44488.479999999996,7414.99969844495,0.26667576679427846,0,two-sided corridor completion
10636->10630;10630->10625;10625->8366,3,62548.16,10417.416483417155,0.2664805227438737,0,downstream corridor extension
9033->10843;10843->12146;12146->12149,3,44268.240000000005,5872.8089900777595,0.2653283252317128,1,two-sided corridor completion
8361->10643;10643->7778;7778->10648,3,57482.64000000001,9489.470015143455,0.2641345634826363,0,upstream corridor extension
2089->2090;2090->10637;10637->9223,3,47131.36,7775.622381873312,0.26396428643258546,0,upstream corridor extension
12774->10892;10892->10893;10893->10894,3,53518.32,8822.373213084007,0.26375635746664716,0,upstream corridor extension
5794->5528;5528->5518;5518->5507,3,35018.16,5771.724249208976,0.2637134217998422,0,downstream corridor extension
2569->10883;10883->7581;7581->6556,3,50655.2,8342.561803340584,0.2635089563429803,0,two-sided corridor completion
7585->8366;8366->10624;10624->9624,3,80167.36,13157.7938370828,0.2626065039354231,0,two-sided corridor completion
4439->8522;8522->5742;5742->12368,3,39863.44,6516.022300071166,0.26153376828778113,0,downstream corridor extension
10166->7555;7555->7554;7554->7547,3,55060.0,8998.01067651331,0.2614750650639538,0,downstream corridor extension
7632->7631;7631->10627;10627->7587,3,46250.4,7525.080691549767,0.26032486435748936,0,upstream corridor extension
6706->6704;6704->6702;6702->10588,3,42506.31999999999,6900.053603032263,0.259728100782463,0,upstream corridor extension
6266->6145;6145->10577;10577->6272,3,37661.04,6107.581719352421,0.2594758602248869,0,two-sided corridor completion
8648->4434,1,6827.44,8841.325410136433,0.25899386622618237,0,upstream boundary-facing singleton
12879->2584;2584->10441;10441->10304,3,42286.08,6835.5191043365085,0.2586390265292601,0,upstream corridor extension
8103->8100;8100->8097;8097->8096,3,31714.559999999998,5123.290354747909,0.25847007076865186,0,upstream corridor extension
10612->7451;7451->4433;4433->10606,3,37661.04,6077.077796773776,0.25817992479331536,0,upstream corridor extension
7581->10883;10883->2568;2568->12590,3,27530.0,4441.579358856026,0.25813755808825434,0,downstream corridor extension
12218->12319;12319->12317;12317->12318,3,29291.92,4720.062229994537,0.2578219375169419,0,two-sided corridor completion
12573->2032;2032->7470;7470->2040,3,30613.36,4930.269603591358,0.2576793715471341,0,downstream corridor extension
12086->6954;6954->6955;6955->10600,3,27970.48,4478.744298974724,0.2561983519181494,0,upstream corridor extension
10869->10863;10863->12508;12508->10858,3,43607.520000000004,6941.93892797614,0.25470612143872945,0,two-sided corridor completion
10383->10378;10378->7565;7565->10374,3,45369.44,7206.920683550604,0.2541594759309563,0,two-sided corridor completion
4972->10539;10539->12323;12323->12322,3,52857.6,8393.186002100469,0.2540618114208884,0,downstream corridor extension
8652->6263;6263->10576;10576->8649,3,54399.28,8633.70617714066,0.25393589553804863,0,two-sided corridor completion
2040->7167;7167->12569;12569->8319,3,28410.96,4496.746997612226,0.2532401297309053,0,two-sided corridor completion
2846->7052;7052->7456;7456->7905,3,59905.28,9420.445748057486,0.251609093503811,0,upstream corridor extension
10888->2569;2569->10883;10883->7581,3,29952.64,4708.539532804241,0.25151917335122337,0,upstream corridor extension
2087->10635;10635->10641;10641->10907,3,61006.479999999996,9587.53464476494,0.2514496071831043,0,upstream corridor extension
4458->8531;8531->10841;10841->12455,3,47131.36,7391.3103046026945,0.25091778568164197,0,two-sided corridor completion
7564->7562;7562->10616;10616->8324,3,31494.32,4909.805384276175,0.24943191708352108,0,two-sided corridor completion
10907->10641;10641->10647;10647->10648,3,66732.72,10399.766821656054,0.24934735036500366,0,upstream corridor extension
2086->9626;9626->9625;9625->10630,3,44268.24,6894.847388059932,0.24920249417857798,0,downstream corridor extension
7555->7554;7554->7547;7547->12591,3,40964.64,6372.721363055274,0.24890623183527155,0,downstream corridor extension
10572->8406;8406->10571;10571->5870,3,44048.0,6806.18739623596,0.24722802020472068,0,upstream corridor extension
7566->7474;7474->7463;7463->7462,3,37661.04,5795.214630053564,0.24620518732583335,0,upstream corridor extension
10892->12774;12774->2157;2157->10894,3,47351.6,7272.0318911679515,0.2457203352340517,0,downstream corridor extension
10876->12587;12587->2128;2128->9210,3,40524.16,6221.988190227285,0.24566039380862317,0,downstream corridor extension
7112->7073;7073->8872;8872->10604,3,33256.24,5104.764768490761,0.24559672499312063,0,downstream corridor extension
7591->7590;7590->7560;7560->7589,3,50214.72,7688.004006092791,0.24496415413146716,0,upstream corridor extension
10547->5128;5128->5154;5154->10553,3,47131.36,7213.868862502445,0.24489406161850438,0,upstream corridor extension
10843->12146;12146->12149;12149->12152,3,29732.4,4549.828925731263,0.2448415291456465,0,downstream corridor extension
10907->10641;10641->10647;10647->10913,3,66952.95999999999,10239.556905124718,0.24469853234568797,0,upstream corridor extension
8531->10841;10841->12455;12455->12460,3,59464.8,9057.800463747053,0.2437152860515008,0,downstream corridor extension
5344->10332;10332->5617;5617->8760,3,33256.24,5061.641466989099,0.24352200811584712,0,upstream corridor extension
12452->10850;10850->12502;12502->12504,3,25327.6,3837.288950706645,0.24240995282342712,0,downstream corridor extension
8756->10347,1,1321.44,1599.709902598335,0.24211616155078325,0,upstream boundary-facing singleton
6258->6257;6257->6672;6672->6675,3,35238.4,5329.898704775672,0.24200411845149256,0,downstream corridor extension
10599->7037;7037->7035;7035->10865,3,45149.200000000004,6826.439630757315,0.24191576836824802,0,upstream corridor extension
10599->6944;6944->6940;6940->12524,3,39202.72,5924.200423073371,0.2417873218214806,0,upstream corridor extension
10588->6806;6806->6835;6835->6865,3,40964.64,6189.933949689784,0.241766907252295,0,two-sided corridor completion
7581->6556;6556->6563;6563->10623,3,49333.759999999995,7453.722834527601,0.241740271474223,0,downstream corridor extension
5540->7956;7956->5530;5530->5243,3,37000.32,5589.175842282229,0.24169200016787873,0,upstream corridor extension
7047->2825;2825->7044;7044->10606,3,46250.4,6976.585996739828,0.24135007685952392,0,downstream corridor extension
7561->7560;7560->7589;7589->7590,3,44048.0,6631.997209531831,0.2409007340912398,0,upstream corridor extension
4446->10877;10877->10876;10876->12587,3,41184.880000000005,6185.700559013769,0.24030957221247284,0,upstream corridor extension
10625->10630;10630->10636;10636->8364,3,89637.68000000001,13422.186299541914,0.2395811457778365,0,upstream corridor extension
4425->6718;6718->6884;6884->10590,3,47131.36,7056.891683789778,0.23956505167819567,0,upstream corridor extension
10619->5161;5161->5159;5159->10614,3,31494.32,4700.10807489019,0.23877870421791308,0,downstream corridor extension
6374->10343;10343->5167;5167->8358,3,44048.0,6563.568115756791,0.23841511499298185,0,downstream corridor extension
8097->8096;8096->8092;8092->8091,3,56821.92,8456.968019067455,0.2381325522000652,0,two-sided corridor completion
8092->8091;8091->8087;8087->8085,3,54179.04000000001,8057.218629820287,0.23794348898969894,0,two-sided corridor completion
10624->8366;8366->10625;10625->10630,3,84792.4,12516.133846471517,0.23617463539603112,0,upstream corridor extension
10566->8408;8408->10565;10565->5792,3,45809.92,6725.584958092463,0.2349040542517416,0,downstream corridor extension
10811->5083;5083->8483;8483->10545,3,65851.76,9661.669631083501,0.2347495558164824,0,upstream corridor extension
10561->8771;8771->5797;5797->8769,3,38542.0,5651.171714982052,0.23459796440172498,0,upstream corridor extension
7042->7040;7040->10122;10122->10121,3,32155.04,4709.25697895906,0.2343275320551458,0,downstream corridor extension
6142->6163;6163->8402;8402->8399,3,44708.72,6506.827498272538,0.23286115096196136,0,downstream corridor extension
12324->12323;12323->10539;10539->4972,3,43827.76,6375.30530209782,0.23274035641694923,0,upstream corridor extension
8114->8109;8109->8103;8103->8100,3,36339.600000000006,5280.708970916527,0.23250488044630213,0,two-sided corridor completion
6434->6763;6763->4051;4051->6438,3,40524.159999999996,5888.705001550323,0.23250150040076134,0,downstream corridor extension
2435->10840;10840->12402;12402->12454,3,42506.32,6173.431014553089,0.2323769647263029,0,upstream corridor extension
10987->11050;11050->11056;11056->11049,3,62327.92,9048.237196361895,0.23227438865566238,0,two-sided corridor completion
12241->10987;10987->11050;11050->11056,3,60566.0,8776.267690052238,0.23184671769777734,0,upstream corridor extension
8361->10643;10643->10644;10644->2091,3,63869.600000000006,9187.50070332461,0.23015646137316303,0,downstream corridor extension
7472->12573;12573->2032;2032->7470,3,33036.0,4750.633869399555,0.2300827639859332,0,two-sided corridor completion
8364->10636;10636->10630;10630->10625,3,88976.96,12774.45564132572,0.2297126022975066,0,downstream corridor extension
12453->10845;10845->10844;10844->10849,3,48673.04,6982.050610910012,0.22951681212959005,0,downstream corridor extension
10907->10641;10641->10635;10635->2087,3,61006.479999999996,8716.523677501295,0.22860584455949717,0,downstream corridor extension
10608->7052;7052->2846;2846->7047,3,44928.96000000001,6417.172575930892,0.22852690383862495,0,upstream corridor extension
10284->12358;12358->2446;2446->12360,3,41625.36,5935.631812365224,0.22815444478520686,0,upstream corridor extension
6702->10588;10588->6806;6806->6835,3,50875.44,7250.965380082855,0.22803821663522844,0,upstream corridor extension
6263->10576;10576->8649;8649->6260,3,66292.23999999999,9439.60220481583,0.2278300375384107,0,downstream corridor extension
2825->7047;7047->2846;2846->7052,3,58583.840000000004,8339.16403944728,0.2277532927700821,0,upstream corridor extension
10554->7961;7961->8768;8768->10560,3,41845.6,5938.876329529308,0.2270776886278819,0,upstream corridor extension
10120->7036;7036->10871;10871->10865,3,36339.6,5143.474298085181,0.22646256086848204,0,two-sided corridor completion
4454->12453;12453->10845;10845->10844,3,38321.76,5413.440062650434,0.22602051941875045,0,two-sided corridor completion
12382->8278;8278->12038;12038->12039,3,53077.84,7497.631126204571,0.22601164255981998,0,downstream corridor extension
5128->5154;5154->10553;10553->8641,3,46911.12,6624.20727049134,0.22593218053174052,0,two-sided corridor completion
8371->7455;7455->10608;10608->7045,3,44488.479999999996,6278.940553967976,0.22581811935019497,0,downstream corridor extension
4431->8371;8371->10614;10614->2085,3,77084.0,10857.2317087298,0.22535896857931192,0,two-sided corridor completion
5154->10553;10553->8641;8641->8642,3,50875.44,7161.683075289569,0.22523034533879827,0,downstream corridor extension
10332->5617;5617->8760;8760->5614,3,34357.44,4830.0794111251125,0.22493314571167644,0,two-sided corridor completion
10587->6673;6673->6672;6672->6675,3,41845.6,5878.689394075586,0.22477639299044438,0,downstream corridor extension
2846->7047;7047->2825;2825->7044,3,58804.08,8258.629597011923,0.2247090228300328,0,two-sided corridor completion
4458->8531;8531->10841;10841->12404,3,49994.479999999996,7005.147137922064,0.2241894589297719,0,upstream corridor extension
1954->1952,1,6607.2,7371.874652987196,0.22314670822700072,0,upstream boundary-facing singleton
6783->6773;6773->6779;6779->10593,3,30172.879999999997,4204.698852987083,0.22296572832223288,0,upstream corridor extension
10907->10913;10913->10647;10647->10641,3,67613.68,9401.517412812316,0.2224761004060082,0,two-sided corridor completion
8771->5797;5797->8769;8769->5795,3,36339.6,4991.285457382972,0.21976182268964864,0,two-sided corridor completion
10849->10844;10844->10843;10843->12146,3,58804.08,8076.052600021613,0.2197412859793841,0,downstream corridor extension
5083->8483;8483->10545;10545->8484,3,61667.2,8446.254878501168,0.21914417722228136,0,two-sided corridor completion
6940->12524;12524->12517;12517->10864,3,55720.72,7616.88528608956,0.2187160621352936,0,upstream corridor extension
7462->10374;10374->7565;7565->10378,3,37000.32,5057.391252235473,0.21869610867086442,0,upstream corridor extension
10606->7044;7044->2825;2825->7047,3,58363.6,7944.6927756328005,0.21779856693234279,0,two-sided corridor completion
10545->8483;8483->5083;5083->5084,3,48893.28,6642.030874893142,0.21735603338186818,0,downstream corridor extension
10636->8364;8364->2441;2441->10632,3,55060.0,7446.688124984216,0.2163948601521022,0,downstream corridor extension
8098->8099;8099->8105;8105->8107,3,36339.600000000006,4908.069215568404,0.21609788618777986,0,upstream corridor extension
8759->5344;5344->5335;5335->5292,3,48232.560000000005,6507.628123139223,0.21587502295177274,0,upstream corridor extension
6213->8801;8801->10340;10340->5992,3,40964.64,5500.5588866230555,0.2148412440240385,0,two-sided corridor completion
10378->7565;7565->10374;10374->7474,3,45149.2,6058.1311849624235,0.21468840856404717,0,downstream corridor extension
8972->10868;10868->12548;12548->10867,3,57042.16,7647.195739865943,0.21449947168525016,0,two-sided corridor completion
10623->10889;10889->10895;10895->7670,3,71798.24,9611.475271427566,0.21418854326072762,0,two-sided corridor completion
8703->4971;4971->10547;10547->5128,3,38101.52,5093.692670861389,0.21389982009584455,0,upstream corridor extension
7565->10378;10378->10383;10383->7638,3,44048.0,5882.98663424563,0.21369366633656484,0,downstream corridor extension
10622->7592;7592->10628;10628->7635,3,44708.72,5964.687434751395,0.21345947492127337,0,downstream corridor extension
10971->12038;12038->8278;8278->12382,3,56161.2,7467.309846223262,0.212739324550708,0,upstream corridor extension
12589->10882;10882->2127;2127->9206,3,35018.16,4641.687675854099,0.2120813966629474,0,downstream corridor extension
9033->10843;10843->12146,2,42065.840000000004,5487.400293145212,0.21197782990571373,1,upstream corridor extension
10301->11861;11861->2058;2058->11862,3,71578.0,9476.556040861205,0.21183170339179536,0,upstream corridor extension
12322->8482;8482->4972;4972->10539,3,85012.64,11245.082369122969,0.2116406665008492,0,downstream corridor extension
10624->8366;8366->10619;10619->10618,3,80607.84,10661.746519674985,0.21162698853461373,0,downstream corridor extension
10575->6255;6255->12464;12464->12410,3,53077.84,6992.355463544983,0.21078040744823023,0,downstream corridor extension
5617->8760;8760->5614;5614->5816,3,35678.880000000005,4697.249011655361,0.21064558132566313,0,downstream corridor extension
12903->10445;10445->5164;5164->5166,3,51976.64,6836.025486863587,0.21043377907809624,0,two-sided corridor completion
6374->8828;8828->8357;8357->8356,3,44928.96,5905.132631950787,0.21029225272788998,0,downstream corridor extension
5530->5243;5243->10553;10553->5154,3,57702.880000000005,7575.745314840139,0.21006217547103756,0,upstream corridor extension
12364->10821;10821->10815;10815->8512,3,68935.12,9034.894234503912,0.20970197448276384,0,upstream corridor extension
10647->10648;10648->10649;10649->10650,3,66072.0,8636.37411347428,0.2091384940906715,0,downstream corridor extension
5528->5518;5518->5507;5507->4432,3,31934.8,4149.148025864878,0.2078809587466903,0,downstream corridor extension
10797->8890;8890->10803;10803->8891,3,44048.0,5710.108238873013,0.20741402974475165,0,upstream corridor extension
10821->10815;10815->8512;8512->8511,3,52196.88,6757.978442677388,0.20715348327876726,0,two-sided corridor completion
5866->10569;10569->5862;5862->5861,3,34577.68,4455.580104761244,0.20617138476664687,0,downstream corridor extension
12460->10846;10846->12454;12454->10839,3,55500.48,7145.854986144704,0.20600484856764348,0,two-sided corridor completion
11050->11056;11056->3956;3956->12355,3,56821.92,7297.157099062008,0.20547442533619442,0,upstream corridor extension
10445->5164;5164->5166;5166->5168,3,42726.56,5485.93439972852,0.20543416178521354,0,downstream corridor extension
10075->9223;9223->10637;10637->2090,3,69155.36,8860.148296490284,0.20499115722027123,0,two-sided corridor completion
11861->2058;2058->11862;11862->6879,3,68274.4,8717.599435699201,0.20429559391395202,0,two-sided corridor completion
8918->12035;12035->10923;10923->12085,3,43387.28,4422.089185455971,0.20384265551820588,1,two-sided corridor completion
10613->6550;6550->10618;10618->10619,3,46470.64,5916.143965772531,0.20369485647789767,0,downstream corridor extension
10893->10894;10894->2157;2157->12774,3,52417.119999999995,6658.509870914186,0.2032468741789457,0,two-sided corridor completion
10374->7565;7565->10378;10378->10383,3,45369.44,5736.049625244941,0.2022876941040468,0,two-sided corridor completion
9989->11200;11200->11111;11111->8503,3,53738.560000000005,5434.666199166839,0.20226318677563515,1,two-sided corridor completion
7478->12218;12218->12319;12319->12317,3,42726.56,5397.524004404352,0.2021234194151592,0,upstream corridor extension
10641->10647;10647->10913;10913->10907,3,67613.68,8526.345013399667,0.20176615178229418,0,two-sided corridor completion
7049->12601;12601->10013;10013->10014,3,50655.200000000004,5100.305346503781,0.20137341660890812,1,downstream corridor extension
2815->2817,1,880.96,885.8197231716417,0.20110327896196006,0,downstream boundary-facing singleton
4409->8358;8358->5167;5167->10343,3,44268.24,5545.8969874638115,0.20044698366011612,0,upstream corridor extension
8371->10614;10614->2085;2085->10613,3,77084.0,9630.494741459757,0.19989610796450122,0,downstream corridor extension
10441->10304;10304->10306;10306->2587,3,57042.16,5701.175770733141,0.1998934041324221,1,downstream corridor extension
7037->7035;7035->10865;10865->10871,3,44268.240000000005,5516.415054452194,0.1993814094963683,0,two-sided corridor completion
12358->2446;2446->12360;12360->10285,3,38982.48,4830.1581052735,0.19824939225102148,0,two-sided corridor completion
7547->7554;7554->7555;7555->10166,3,66512.48,8238.935556871806,0.19819283375082225,0,upstream corridor extension
4971->10547;10547->5128;5128->5154,3,42286.08,5234.997646296154,0.19807927890392882,0,two-sided corridor completion
8958->10849;10849->10844;10844->10843,3,44708.72,5532.853634130472,0.1980053514081538,0,two-sided corridor completion
6944->6940;6940->12524;12524->10865,3,51315.92,6345.121118578509,0.1978371193525443,0,two-sided corridor completion
10868->12548;12548->10867;10867->10866,3,68054.16,8406.621369910112,0.1976454369851333,0,downstream corridor extension
10892->10893;10893->10894;10894->2157,3,54399.28,6710.974193993947,0.19738420637902407,0,upstream corridor extension
3956->11056;11056->11050;11050->10987,3,59244.56,7301.755090590617,0.19719630198865498,0,two-sided corridor completion
10863->12508;12508->10858;10858->8971,3,44488.479999999996,5478.658350497452,0.19703647687661896,0,downstream corridor extension
10619->10618;10618->10624;10624->8366,3,84572.16,10407.78154100531,0.19690227216153042,0,downstream corridor extension
10285->10819;10819->10818;10818->12355,3,75101.84,9241.76828577473,0.19689037255597958,0,two-sided corridor completion
7035->10865;10865->10871;10871->7036,3,55060.0,6738.157898443088,0.1958055328279866,0,downstream corridor extension
10630->10624;10624->8366;8366->10619,3,62988.64,7658.998433707258,0.19454932657589707,0,two-sided corridor completion
6498->9011;9011->9010;9010->10342,3,34577.68,4199.395053909404,0.19431703012622728,0,two-sided corridor completion
5930->5921,1,6827.44,6631.569376881442,0.19426225281749654,0,upstream boundary-facing singleton
2116->2122;2122->12359;12359->10806,3,146679.84,17803.27207058886,0.19420007080006482,0,upstream corridor extension
8890->10803;10803->8891;8891->10810,3,39422.96,4781.466238028557,0.19405813213532652,0,two-sided corridor completion
7905->7456;7456->7052;7052->10608,3,59905.28,7262.618491158942,0.1939760499551009,0,downstream corridor extension
6261->8652;8652->6263;6263->10576,3,53738.56,6473.359810206034,0.19273638326612502,0,upstream corridor extension
4451->4452;4452->12452;12452->10850,3,29291.92,3520.849518310597,0.19231785520706582,0,upstream corridor extension
10641->10647;10647->10648;10648->10649,3,66952.95999999999,8044.2084710085455,0.19223546731337457,0,two-sided corridor completion
10629->2086;2086->9626;9626->9625,3,55060.0,6603.536686679595,0.19189354701575287,0,two-sided corridor completion
7044->2825;2825->7047;7047->2846,3,70917.28,8504.113820853256,0.1918655384606574,0,downstream corridor extension
11062->12355;12355->3956;3956->11056,3,49554.0,5937.856151281645,0.19172155309461664,0,upstream corridor extension
8918->12035;12035->10923,2,27089.52,3191.897861190436,0.19147013400143148,1,upstream corridor extension
7546->7547;7547->7554;7554->7555,3,48893.28,5822.879655909751,0.19054985571546035,0,upstream corridor extension
10644->10643;10643->8361;8361->9223,3,42726.560000000005,5085.566551577093,0.19044141354987035,0,downstream corridor extension
10841->12455;12455->12460;12460->10846,3,53298.08,6331.689041036086,0.1900763116730985,0,downstream corridor extension
7052->7456;7456->7905;7905->7965,3,55940.96,6621.941559583669,0.18939800988996025,0,two-sided corridor completion
12319->12317;12317->12318;12318->10811,3,43827.759999999995,5159.125887686832,0.18834185046871965,0,downstream corridor extension
12038->8278;8278->12382;12382->12381,3,61446.96,7205.3335897065235,0.18761764200426578,0,two-sided corridor completion
5870->10571;10571->8406;8406->10572,3,55060.0,6454.448567419529,0.1875611643274836,0,two-sided corridor completion
2425->6379,1,5506.0,5146.873552264734,0.18695508725988863,0,upstream boundary-facing singleton
10977->6983;6983->12238;12238->12239,3,63649.36,7430.496549558287,0.18678576625583132,0,two-sided corridor completion
7456->7905;7905->7965;7965->10621,3,54399.28,6347.74249322368,0.18670077966395673,0,downstream corridor extension
12359->10806;10806->8893;8893->12358,3,198876.72000000003,23112.26936438731,0.18594248227253393,0,downstream corridor extension
6879->11862;11862->2058;2058->11861,3,63208.88,7319.1493758001725,0.18526888945477718,0,two-sided corridor completion
11056->11050;11050->10987;10987->12241,3,62768.399999999994,7265.839837470002,0.185210133442178,0,downstream corridor extension
7670->2087;2087->10635;10635->10641,3,55500.48,6413.968765180147,0.1849056084611923,0,two-sided corridor completion
11050->11056;11056->11049;11049->12307,3,80387.6,9288.051807330998,0.18486536346065308,0,downstream corridor extension
11188->4036;4036->11111;11111->8503,3,70697.04000000001,6508.875990158157,0.18413432840068428,1,downstream corridor extension
7564->10622;10622->7592;7592->10628,3,46690.88,5373.26780273741,0.1841307870911805,0,two-sided corridor completion
8099->8105;8105->8107;8107->8113,3,36339.600000000006,4179.778679984922,0.18403190700987007,0,two-sided corridor completion
7167->12569;12569->8319;8319->7463,3,31053.84,3567.1672150763548,0.183792649930642,0,downstream corridor extension
9630->6213;6213->8801;8801->10340,3,42946.8,4889.494138971319,0.18216003572685535,0,upstream corridor extension
7036->10871;10871->10865;10865->7035,3,55060.0,6258.074456236511,0.1818546881579807,0,downstream corridor extension
8484->10545;10545->8483;8483->5083,3,61667.2,7004.19565485736,0.18172891014626538,0,two-sided corridor completion
12318->10811;10811->5083;5083->8483,3,61226.72,6949.876455999752,0.18161682235467788,0,two-sided corridor completion
10678->10677;10677->12826;12826->12825,3,63649.36,7212.309979463998,0.1813010526286894,0,two-sided corridor completion
8531->10841;10841->12404;12404->12410,3,58583.84,6634.900417098751,0.18120766182889347,0,two-sided corridor completion
7035->10865;10865->10864;10864->12517,3,66732.72,7556.247461368766,0.1811704354054507,0,upstream corridor extension
10809->8511;8511->8512;8512->10815,3,38762.240000000005,4380.504309735138,0.18081532170422093,0,upstream corridor extension
12559->12531;12531->11188;11188->4036,3,62768.4,7083.380466968964,0.18055914675458262,0,upstream corridor extension
12455->10841;10841->8531;8531->4458,3,58143.36,6527.93355556728,0.1796369127774461,0,downstream corridor extension
6386->2426,1,8589.36,7712.3164267568,0.1795783720034275,0,downstream boundary-facing singleton
12745->10915;10915->12661;12661->12660,3,86113.84,9657.235713308723,0.17943198377048286,0,upstream corridor extension
10889->10895;10895->7670;7670->10623,3,84572.16,9476.316026425337,0.17928010402336347,0,downstream corridor extension
12323->10539;10539->4972;4972->8486,3,57262.4,6405.354359803675,0.17897550531737894,0,two-sided corridor completion
12402->12454;12454->10846;10846->4450,3,49774.24,5557.454741246192,0.17864517039323768,0,downstream corridor extension
10613->2085;2085->10614;10614->8371,3,77084.0,8605.132649506113,0.1786131005034739,0,upstream corridor extension
12244->12241;12241->10987;10987->11050,3,75762.56,8457.22114734176,0.17860475986749677,0,downstream corridor extension
5243->10553;10553->5154;5154->5152,3,48452.8,5406.939947216441,0.17854703785016152,0,two-sided corridor completion
8522->5742;5742->12368;12368->4529,3,49333.76,5504.699903561525,0.17852926364620172,0,two-sided corridor completion
6983->12238;12238->12239;12239->3938,3,79506.64,8848.053145598045,0.17805915371290842,0,downstream corridor extension
12776->10834;10834->10835;10835->6130,3,65191.04,7230.232089208843,0.1774533945575059,0,upstream corridor extension
10803->8891;8891->10810;10810->12319,3,44048.0,4871.225421332843,0.17694244174837792,0,downstream corridor extension
12091->10977;10977->6983;6983->12238,3,55720.72,6125.0505783053395,0.1758785766818617,0,upstream corridor extension
12355->10818;10818->10819;10819->10285,3,75101.84,8229.762697697504,0.17533019585560097,0,upstream corridor extension
10642->10075;10075->9223;9223->10637,3,77304.24,8458.53633154073,0.17507006252781437,0,upstream corridor extension
10553->5154;5154->5152;5152->5128,3,45589.68,4985.015934317562,0.17495243429890492,0,downstream corridor extension
7463->7472;7472->12573;12573->2032,3,35018.16,3808.2022957933204,0.17399896720071278,0,upstream corridor extension
12355->3956;3956->11056;11056->11050,3,65851.76,7158.8798992529,0.17393928178692022,0,upstream corridor extension
8512->10815;10815->10814;10814->12360,3,40744.4,4410.34897217873,0.17319087667227812,0,downstream corridor extension
2122->12359;12359->10806;10806->8893,3,225966.24000000002,24428.838898140322,0.1729733708762181,0,two-sided corridor completion
8483->10545;10545->8484;8484->4988,3,59905.28,6454.9564863207415,0.17240434195638826,0,downstream corridor extension
8482->4972;4972->10539;10539->12323,3,69816.08,7510.858836762172,0.17212903014347805,0,two-sided corridor completion
12660->10910;10910->12642;12642->2894,3,56381.44,6046.57468496543,0.17159050027712466,0,downstream corridor extension
2058->11862;11862->6879;6879->6880,3,83250.72,8873.337060681359,0.17053713525949296,0,downstream corridor extension
10677->12826;12826->12825;12825->10928,3,55720.72,5933.609165148917,0.17038140684898306,0,downstream corridor extension
10906->4532;4532->10912;10912->10913,3,46690.880000000005,4931.3739163062855,0.16898799650145932,0,upstream corridor extension
4532->10912;10912->10913;10913->10907,3,64750.56,6793.235875122217,0.16786229185038012,0,two-sided corridor completion
10643->10644;10644->8361;8361->9223,3,52417.12,5497.592514066933,0.1678105936096278,0,downstream corridor extension
10571->8406;8406->10572;10572->5899,3,54619.520000000004,5711.143809403104,0.16729971437033803,0,downstream corridor extension
2584->10441;10441->10304;10304->10306,3,62107.68,6488.256429568794,0.1671485762680247,0,two-sided corridor completion
8116->8114;8114->8109;8109->8103,3,51536.16,5353.097470292542,0.1661931341502368,0,upstream corridor extension
5797->8769;8769->5795;5795->8300,3,46250.4,4798.772288495556,0.1660101461088529,0,downstream corridor extension
6285->4428,1,9910.800000000001,8132.819020535954,0.164120333788109,0,upstream boundary-facing singleton
2441->8364;8364->10636;10636->10630,3,88756.72,9086.484928694135,0.16380028335781918,0,two-sided corridor completion
12531->11188;11188->4036;4036->11111,3,64970.8,6649.461072336056,0.163752604489058,0,two-sided corridor completion
10650->10649;10649->7778;7778->10648,3,71137.52,7271.866889432662,0.16355626430457879,0,downstream corridor extension
10641->10635;10635->2087;2087->7670,3,55500.48,5660.114233254921,0.16317305315571817,0,downstream corridor extension
10840->12402;12402->12454;12454->10846,3,53958.799999999996,5488.929783556021,0.16275913574226328,0,two-sided corridor completion
4988->8484;8484->10545;10545->8483,3,51976.64,5276.891820248491,0.16243887470212748,0,upstream corridor extension
12524->12517;12517->10864;10864->10865,3,61006.479999999996,6193.445889866947,0.1624337844731759,0,two-sided corridor completion
6940->12524;12524->10865;10865->7035,3,62548.16,6307.309954421133,0.16134281051710894,0,downstream corridor extension
3524->11113;11113->12535;12535->11107,3,62548.16,5044.593163485393,0.16130268783239643,1,upstream corridor extension
12672->10655;10655->10656;10656->7788,3,54399.28,5469.508950180649,0.16087003946171785,0,upstream corridor extension
2598->10678;10678->10677;10677->12826,3,69595.84,6982.240765850457,0.16052087632480236,0,upstream corridor extension
7965->7905;7905->7456;7456->7052,3,55940.96,5609.469971921358,0.16043971993105183,0,two-sided corridor completion
6543->6498;6498->9011;9011->9010,3,29952.64,3003.273532615216,0.16042785050614392,0,upstream corridor extension
12251->12250;12250->12249;12249->10794,3,61006.479999999996,6105.60383583112,0.16012997532933868,0,upstream corridor extension
12322->12315;12315->10798;10798->12255,3,59024.32,5903.579203523366,0.16003109778541094,0,downstream corridor extension
10621->7965;7965->7905;7905->7456,3,54399.28,5435.163427684578,0.15985986366538907,0,upstream corridor extension
12381->12382;12382->8278;8278->12038,3,61446.96,6106.054161486999,0.15899381610382676,0,two-sided corridor completion
8511->8512;8512->10815;10815->10814,3,43827.76,4311.673685242659,0.1574043002970778,0,two-sided corridor completion
4434->8648,1,6827.44,5327.614188056127,0.15606476770374045,0,downstream boundary-facing singleton
10630->10636;10636->8364;8364->2441,3,89417.44,8693.800186210297,0.1555633923084409,0,two-sided corridor completion
6377->6376,1,9910.800000000001,7661.316465288345,0.15460540955903346,0,downstream boundary-facing singleton
2090->10637;10637->9223;9223->10075,3,69155.36,6617.896074711664,0.1531137097621741,0,two-sided corridor completion
4595->11203;11203->7049;7049->12601,3,66292.24,5049.966693333586,0.15235468565652888,1,upstream corridor extension
11193->10912;10912->4532;4532->10906,3,46690.880000000005,4435.44757337751,0.1519936252519553,0,two-sided corridor completion
10871->7036;7036->7035;7035->10865,3,66732.72,6312.105173339239,0.15134057591752265,0,downstream corridor extension
10632->2441;2441->8364;8364->10636,3,77084.0,7280.216838733359,0.15111238314012473,0,upstream corridor extension
3931->12318;12318->10811;10811->5083,3,54179.03999999999,5110.899107755851,0.1509336188387495,0,upstream corridor extension
6880->6879;6879->11862;11862->2058,3,78185.2,7362.483107140568,0.15066755564256293,0,upstream corridor extension
11777->12381;12381->12382;12382->8278,3,60566.0,5695.406551776521,0.1504581858277323,0,upstream corridor extension
11200->11111;11111->8503,2,45369.44,4164.486000500798,0.14915964911212914,1,downstream corridor extension
2166->1959;1959->1956;1956->2164,3,261645.12,24356.329805186168,0.14894268881566708,0,downstream corridor extension
8483->5083;5083->5084;5084->12321,3,43387.28,4007.908085334817,0.14780029853301954,0,downstream corridor extension
12517->10864;10864->10865;10865->7035,3,66732.72,6161.436642559425,0.14772811040963235,0,downstream corridor extension
5292->10550,1,5726.24,4209.294817060398,0.1470177574485316,0,upstream boundary-facing singleton
11862->2058;2058->11861;11861->10301,3,85012.64,7803.20156757075,0.14686195497649762,0,downstream corridor extension
5805->10567,1,5285.76,3876.3612581586294,0.146671860173698,0,upstream boundary-facing singleton
5742->12367;12367->12364;12364->10821,3,53518.32,4903.325853247409,0.146591323591545,0,upstream corridor extension
11195->11193;11193->10912;10912->4532,3,64530.32000000001,5904.39261520509,0.1463967354311608,0,upstream corridor extension
10577->6145,1,12333.44,9002.206845990104,0.14598047010388188,0,upstream boundary-facing singleton
12367->12364;12364->10821;10821->10815,3,66072.0,6027.956432707068,0.14597303384688384,0,two-sided corridor completion
10865->10864;10864->12517;12517->12524,3,61006.479999999996,5556.879330006743,0.14573873018097078,0,two-sided corridor completion
1959->1956;1956->2164;2164->2159,3,333883.84,30358.83562545648,0.14548214433118525,0,upstream corridor extension
10601->8372,1,11012.0,7992.110096937128,0.1451527442233405,0,upstream boundary-facing singleton
10629->10623,1,22024.0,15922.73340033299,0.144594382494851,0,upstream boundary-facing singleton
10864->12517;12517->12524;12524->10865,3,62548.16,5622.495657191339,0.14382506298356565,0,downstream corridor extension
8278->12382;12382->12381;12381->11776,3,72458.95999999999,6504.731330880466,0.14363399818888853,0,downstream corridor extension
10900->10895;10895->10889;10889->10623,3,86774.56000000001,7782.855862977544,0.14350484036754632,0,two-sided corridor completion
2894->10905;10905->7483;7483->10900,3,57482.64,5153.244026075082,0.14343792215737014,0,upstream corridor extension
11056->11049;11049->12307;12307->3938,3,82810.24,7389.764455973542,0.14277972300958994,0,two-sided corridor completion
7958->4695;4695->4560;4560->4565,3,393348.64,34900.39953268349,0.14196220241741164,0,downstream corridor extension
11790->12529;12529->11187;11187->6406,3,65411.28,5791.29909303692,0.14165872535836438,0,downstream corridor extension
10539->4972;4972->8486;8486->10540,3,77524.48000000001,6840.97958234523,0.1411885295038724,0,downstream corridor extension
10573->5896,1,9470.32,6683.738963955239,0.14115128029370158,0,downstream boundary-facing singleton
2165->1960;1960->1961;1961->2167,3,261645.12,23048.28099737694,0.14094376992700305,0,upstream corridor extension
1956->2164;2164->2159;2159->2156,3,373527.04000000004,32755.61924082795,0.14030842528916973,0,two-sided corridor completion
11041->12740;12740->12656;12656->12657,3,106155.68,9255.831931120694,0.1395057814126678,0,downstream corridor extension
10979->10980;10980->12235;12235->10975,3,46470.64,4047.5449127245247,0.13935835315285608,0,downstream corridor extension
11113->12535;12535->11107;11107->11106,3,84131.68,7312.389874204839,0.13906561474497767,0,two-sided corridor completion
11051->4486;4486->11052;11052->12352,3,57262.399999999994,4938.377640824954,0.13798590742476613,0,two-sided corridor completion
10866->10867;10867->12548;12548->10868,3,68054.16,5846.872345318394,0.1374639809309149,0,upstream corridor extension
7964->7962;7962->7958;7958->4695,3,407003.52,34885.779990420146,0.13714192934909317,0,upstream corridor extension
12717->2165;2165->1960;1960->1961,3,333883.84,28594.41166792906,0.1370268733841281,0,downstream corridor extension
10846->12454;12454->10839;10839->12450,3,77964.95999999999,6675.406238129679,0.13699295146188092,0,downstream corridor extension
12250->12249;12249->10794;10794->12244,3,70036.31999999999,5991.047871203079,0.13686722252004285,0,two-sided corridor completion
1952->1954,1,6607.2,4510.113160020659,0.13652116357975116,0,downstream boundary-facing singleton
8081->2863,1,3523.84,2397.125155192638,0.13605187268392652,0,downstream boundary-facing singleton
7962->7958;7958->4695;4695->4560,3,433652.56,36642.717180894855,0.13519659030591627,0,two-sided corridor completion
3990->9989;9989->11200;11200->11111,3,47792.08,4031.1453408656184,0.13495609618549748,0,upstream corridor extension
10865->10871;10871->7036;7036->7035,3,54839.759999999995,4618.785426947497,0.13475727616452,0,two-sided corridor completion
10987->12241;12241->12244;12244->10794,3,78845.92,6607.892652125518,0.134092268102152,0,two-sided corridor completion
12555->11790;11790->12529;12529->11187,3,65631.52,5495.041578935703,0.1339610377193325,0,two-sided corridor completion
3956->12355;12355->10818;10818->10819,3,81488.8,6783.438181596262,0.1331900959463634,0,upstream corridor extension
10573->5921,1,7047.68,4682.3824062694885,0.13287727042855205,0,downstream boundary-facing singleton
10794->12244;12244->12241;12241->10987,3,89857.92,7461.648912587814,0.13286127989764848,0,two-sided corridor completion
12548->10868;10868->10874;10874->10866,3,61006.479999999996,5041.022579231148,0.13220949851179475,0,downstream corridor extension
8811->6389,1,4184.56,2763.3432356489934,0.13207329973277923,0,downstream boundary-facing singleton
11050->10987;10987->12241;12241->12244,3,77964.96,6418.8534077697905,0.1317279641063327,0,upstream corridor extension
10915->10911;10911->12642;12642->10910,3,97346.08,7956.85388783055,0.1307804712889197,0,two-sided corridor completion
10656->7788;7788->10650;10650->10649,3,92280.56,7537.059993206741,0.13068078465421956,0,downstream corridor extension
8105->8107;8107->8113;8113->8118,3,51536.16,4182.101695103132,0.12983820898113116,0,downstream corridor extension
12249->10794;10794->12244;12244->12241,3,100869.92,8126.811353749228,0.1289075887638135,0,upstream corridor extension
8372->10601,1,11012.0,7097.297057029378,0.12890114524208826,0,upstream boundary-facing singleton
10637->9223;9223->10075;10075->10642,3,77304.24,6206.844681426506,0.1284658058895917,0,downstream corridor extension
12305->10979;10979->10980;10980->12235,3,53518.32000000001,4283.288735867164,0.12805450502533453,0,two-sided corridor completion
6374->6377,1,15416.8,9868.564441755174,0.12802351255455313,0,upstream boundary-facing singleton
8771->5797,1,1101.2,703.738025052489,0.1278129358976551,0,upstream boundary-facing singleton
10347->6386,1,7047.68,4459.465688803564,0.12655131018444551,0,upstream boundary-facing singleton
4305->8758,1,1982.1599999999999,1247.5350112795634,0.12587631788347695,0,downstream boundary-facing singleton
2847->10607,1,8809.6,5534.747946482476,0.12565265043776055,0,upstream boundary-facing singleton
10623->10889,1,9250.08,5806.168682369278,0.12553769659006794,0,upstream boundary-facing singleton
5019->5017,1,7708.4,4819.408645204559,0.12504303474662862,0,upstream boundary-facing singleton
11049->12307;12307->3938;3938->12239,3,86774.56,6740.248728063887,0.12428064129512405,0,downstream corridor extension
10037->2166;2166->1959;1959->1956,3,182358.72,14163.059732672955,0.12426548931839798,0,two-sided corridor completion
10806->8893;8893->12358;12358->10284,3,121572.48000000001,9281.578213684037,0.12215367443268788,0,downstream corridor extension
11203->7049;7049->12601;12601->10013,3,72679.2,5534.48247119184,0.12183915004439982,0,two-sided corridor completion
12327->12326,1,17839.440000000002,10740.027403366566,0.12040767426966953,0,downstream boundary-facing singleton
12352->11051;11051->4486;4486->11052,3,73560.16,5526.2986768771425,0.1202019936199626,0,upstream corridor extension
3938->12307;12307->11049;11049->3950,3,92500.8,6917.505949453946,0.11965312212571473,0,two-sided corridor completion
12740->12743;12743->12661;12661->12660,3,129721.36000000002,9642.994444213076,0.11893793829128002,0,two-sided corridor completion
10819->10818;10818->12355;12355->3956,3,98006.8,7265.752231402307,0.1186162957084987,0,downstream corridor extension
1960->1961;1961->2167;2167->10042,3,182358.72,13491.96441282103,0.11837735568945454,0,two-sided corridor completion
2426->6377,1,1321.44,781.1966401042365,0.11823414458533668,0,downstream boundary-facing singleton
12239->3938;3938->12307;12307->11049,3,86774.56,6406.426965832421,0.11812544074359899,0,upstream corridor extension
10970->10975;10975->7522;7522->12238,3,77084.0,5684.503884895785,0.11799084396026745,0,downstream corridor extension
2881->4559;4559->12808;12808->11038,3,39422.96,2902.7747838174296,0.11781052600078451,0,upstream corridor extension
12035->10923;10923->12085;12085->7107,3,61887.44,4555.571036738081,0.1177769456739676,0,downstream corridor extension
5020->5019,1,5285.76,3093.282882583,0.11704212384152896,0,upstream boundary-facing singleton
12745->10915;10915->10911;10911->12642,3,97566.32,7118.272030836217,0.11673326665736646,0,upstream corridor extension
10645->10644;10644->8361;8361->10643,3,100869.92000000001,7346.901707982129,0.11653665168735541,0,upstream corridor extension
12740->12656;12656->12657;12657->4551,3,110560.48,8038.20764779445,0.11632666786966846,0,downstream corridor extension
10344->8811,1,5506.0,3197.771926135538,0.11615589996859928,0,downstream boundary-facing singleton
10655->10656;10656->7788;7788->10650,3,92060.31999999999,6655.631277678327,0.11567426709232952,0,two-sided corridor completion
12535->11107;11107->11106;11106->9892,3,96465.12,6923.341703641998,0.11483266413629296,0,downstream corridor extension
2812->6916,1,1321.44,758.4276861922141,0.11478806244584908,0,upstream boundary-facing singleton
7109->10970;10970->10975;10975->7522,3,79066.16,5668.371349409042,0.11470639473390976,0,two-sided corridor completion
8997->6236,1,5285.76,3005.2433332003393,0.11371092645902725,0,upstream boundary-facing singleton
12307->11049;11049->3950;3950->11055,3,78845.92,5603.009981538438,0.11370044221009155,0,downstream corridor extension
10915->12661;12661->12743;12743->12740,3,132804.72,9428.558737278056,0.1135930558766653,0,upstream corridor extension
12744->11041;11041->12740;12740->12656,3,127518.96,9024.393281858676,0.11323045020892486,0,two-sided corridor completion
10600->6955,1,11452.48,6457.950361218393,0.11277819932832703,0,upstream boundary-facing singleton
6866->10595,1,5946.4800000000005,3336.151324723251,0.11220592097251654,0,upstream boundary-facing singleton
12594->12589,1,11012.0,6175.910936653468,0.1121669258382395,0,downstream boundary-facing singleton
6130->4434,1,12113.2,6788.581755892457,0.1120856876117369,0,upstream boundary-facing singleton
3971->3966;3966->12438;12438->12439,3,104834.24,5833.6610047089725,0.11129304709432666,1,upstream corridor extension
10645->10644;10644->10643;10643->8361,3,85453.12000000001,5929.434889641356,0.11102105837008841,0,two-sided corridor completion
8080->8078;8078->4353;4353->8414,3,86554.32,5989.789980518351,0.11072427082587398,0,two-sided corridor completion
10595->6866,1,5946.4800000000005,3283.4088574320735,0.1104320154925964,0,downstream boundary-facing singleton
12661->12743;12743->12740;12740->12656,3,147781.04,10119.33340178542,0.1095602889440802,0,two-sided corridor completion
8081->8080;8080->8078;8078->4353,3,72679.20000000001,4968.130525188976,0.10937116589481394,0,upstream corridor extension
12660->12661;12661->12743;12743->12740,3,129721.36000000002,8842.870755836848,0.10906910943069788,0,downstream corridor extension
10304->10441;10441->2584;2584->12879,3,60786.24,4120.590492137563,0.10846113836651357,0,downstream corridor extension
10550->5024,1,11672.720000000001,6289.2918838513415,0.10776051997908527,0,downstream boundary-facing singleton
12743->12740;12740->12656;12656->12657,3,156590.64,10492.302278960738,0.10720745279754385,0,downstream corridor extension
12656->12657;12657->4551;4551->2885,3,79286.4,5301.201196337515,0.10697827009600669,0,downstream corridor extension
2150->12717;12717->2165;2165->1960,3,442241.92000000004,29541.928320566436,0.10688060804571918,0,two-sided corridor completion
10648->10649;10649->10650;10650->7788,3,86774.56,5781.41906090148,0.10660118008598798,0,two-sided corridor completion
6145->10576,1,11232.24,5958.618528289439,0.10609849020835452,0,downstream boundary-facing singleton
11187->12555;12555->11790;11790->12529,3,92721.04000000001,6146.644801776674,0.10606688280073949,0,upstream corridor extension
12323->12322,1,5065.52,2681.347778285889,0.1058666347496758,0,upstream boundary-facing singleton
12746->12745;12745->10915;10915->12661,3,84351.92,5581.005320056343,0.10586135457367361,0,upstream corridor extension
10566->4430,1,3744.0800000000004,1975.4009254496207,0.10552129898130491,0,upstream boundary-facing singleton
9033->10843,1,19821.600000000002,1666.2121115872988,0.10507553070812262,1,upstream boundary-facing singleton
10867->12548;12548->10868;10868->10874,3,61887.44,4029.3531152448822,0.10417242956554369,0,two-sided corridor completion
12808->11038;11038->12742;12742->11041,3,72238.72,4702.095526289377,0.10414571080527178,0,downstream corridor extension
4559->12808;12808->11038;11038->12742,3,66072.0,4295.357823766384,0.10401641418492275,0,two-sided corridor completion
11056->3956;3956->12355;12355->10818,3,65631.52,4249.761507680228,0.10360293975041815,0,two-sided corridor completion
2040->7167,1,2642.88,1365.5176067233858,0.1033355738227529,0,upstream boundary-facing singleton
10909->12660,1,15196.56,7795.157563018707,0.10259108065270967,0,upstream boundary-facing singleton
6248->6543;6543->6656;6656->6660,3,148662.0,9485.250951007749,0.1020866228196338,0,downstream corridor extension
10582->6261,1,9470.32,4833.129252415075,0.1020689744890368,0,downstream boundary-facing singleton
10649->10650;10650->7788;7788->10656,3,92280.56,5859.684857041004,0.10159773381593705,0,downstream corridor extension
8371->4431,1,11012.0,5557.590848796452,0.10093699325819927,0,downstream boundary-facing singleton
6377->2425,1,1101.2,554.5372228640063,0.10071507861678282,0,upstream boundary-facing singleton
12306->12305;12305->10979;10979->10980,3,73780.40000000001,4626.43253748828,0.10032870599754472,0,upstream corridor extension
5884->10566,1,12553.679999999998,6273.037538703024,0.09993942077069075,0,upstream boundary-facing singleton
2261->11039;11039->12803,2,50434.96,3100.1006770349313,0.09988435799655167,1,upstream corridor extension
3966->12438;12438->12439;12439->4503,3,139191.68,8650.834280443887,0.09944082037597521,0,upstream corridor extension
12241->12244;12244->10794;10794->12249,3,100869.92,6266.501361947926,0.09939932716429915,0,downstream corridor extension
10905->7483;7483->10900;10900->10895,3,77744.72,4802.559037843296,0.09883750897230414,0,two-sided corridor completion
10910->12660,1,16518.0,8152.724021375717,0.09871321009051601,0,upstream boundary-facing singleton
4428->6285,1,9910.800000000001,4879.926606222248,0.09847694648710997,0,downstream boundary-facing singleton
5797->8771,1,1101.2,541.6271947236696,0.09837035864941329,0,downstream boundary-facing singleton
7716->10645;10645->10644;10644->10643,3,103953.28,6386.530951998885,0.09829848104069652,0,upstream corridor extension
6286->6285,1,5506.0,2703.842378526597,0.09821439805763156,0,upstream boundary-facing singleton
11041->12740;12740->12743;12743->12661,3,127518.96,7765.221005428897,0.09743142203078065,0,upstream corridor extension
10585->6286,1,6607.2,3201.350620598784,0.09690491041890012,0,upstream boundary-facing singleton
2587->10306;10306->10304;10304->10441,3,65631.52,3175.7137452751417,0.09677404226734783,1,upstream corridor extension
6543->6656;6656->6660;6660->4295,3,70476.8,4250.209440868764,0.09649040684863704,0,downstream corridor extension
4486->11052;11052->12352;12352->11051,3,56601.68,3392.2816142451315,0.0958920403562617,0,downstream corridor extension
8078->4353;4353->8414;8414->4350,3,112542.64000000001,6740.76341027017,0.09583231259220747,0,downstream corridor extension
2164->2159;2159->2156;2156->2149,3,389384.32,23154.76097397029,0.09514409198180468,0,downstream corridor extension
7788->10650;10650->10649;10649->7778,3,84351.92,4994.446840447248,0.09473542445406813,0,two-sided corridor completion
12743->12744;12744->11041;11041->12740,3,100649.68000000001,5953.84472318886,0.09464661543983227,0,upstream corridor extension
7483->10900;10900->10895;10895->10889,3,116066.48000000001,6780.139170692436,0.09346559551998042,0,upstream corridor extension
8818->6434,1,4184.56,1944.7374428428775,0.09294824033317134,0,upstream boundary-facing singleton
10352->4305,1,11012.0,5106.3530048018565,0.09274160924086192,0,downstream boundary-facing singleton
7587->7586,1,8809.6,4073.986251897626,0.09248969878082151,0,downstream boundary-facing singleton
12758->10352,1,11012.0,4995.360061096363,0.09072575483284351,0,upstream boundary-facing singleton
11111->8503,1,22244.24,1602.0259216803402,0.09002476156076472,1,downstream boundary-facing singleton
10909->2229,1,11232.24,5032.792216599368,0.08961333120729914,0,downstream boundary-facing singleton
12439->4503;4503->3317;3317->3991,3,112322.40000000001,6288.365020483454,0.089575935278925,0,downstream corridor extension
12487->7112,1,6827.44,3041.243232667969,0.08908883073796238,0,upstream boundary-facing singleton
7455->8371,1,11232.24,4994.332531693242,0.08892852239078301,0,upstream boundary-facing singleton
9004->8997,1,4184.56,1857.9191357491009,0.0887987810306986,0,downstream boundary-facing singleton
12135->10594,1,5506.0,2432.979003806911,0.08837555407943737,0,upstream boundary-facing singleton
10600->6968,1,10571.52,4669.231339822198,0.08833604514435384,0,upstream boundary-facing singleton
10623->10629,1,22024.0,9718.051913146131,0.08824965413318318,0,downstream boundary-facing singleton
8399->6186,1,8369.12,3641.160270448366,0.08701417282697263,0,downstream boundary-facing singleton
6090->6248;6248->6543;6543->6656,3,234335.36,12604.957888382853,0.0860644019810436,0,two-sided corridor completion
7112->7073,1,6827.44,2919.9887448650184,0.08553685553780095,0,downstream boundary-facing singleton
6285->6286,1,5506.0,2354.0363892764067,0.0855080417463279,0,downstream boundary-facing singleton
4430->5794,1,13875.12,5922.59560360156,0.08537000910408789,0,upstream boundary-facing singleton
5921->10573,1,7047.68,3005.0098298971866,0.08527656845649027,0,upstream boundary-facing singleton
10841->12404;12404->12410;12410->12464,3,69595.84,3705.823747230857,0.0851964427122278,0,downstream corridor extension
10165->10612,1,8809.6,3751.4619871168843,0.08516758960944615,0,downstream boundary-facing singleton
6286->10585,1,6607.2,2802.2044233636575,0.08482275164558839,0,downstream boundary-facing singleton
7107->7109;7109->10970;10970->10975,3,73119.68000000001,3856.4607725523056,0.0843868194730022,0,upstream corridor extension
1961->2167;2167->10042;10042->2168,3,644862.72,27141.01663367068,0.08417610691984391,1,upstream corridor extension
2261->11039;11039->12803;12803->11036,3,76863.76,3233.940416868751,0.08414733853427808,1,two-sided corridor completion
4468->10833,1,2422.64,162.6902860758183,0.08394266485931583,1,downstream boundary-facing singleton
8482->12322,1,21143.04,8873.51164322334,0.08393789770272714,0,upstream boundary-facing singleton
2450->10585,1,4625.04,1936.0783620275467,0.08372158346857744,0,upstream boundary-facing singleton
12438->12439;12439->4503;4503->3317,3,144036.96000000002,7535.668866056304,0.0837081689705898,0,two-sided corridor completion
10306->10304;10304->10441;10441->2584,3,70697.04,3696.437108421323,0.0836569589543511,0,two-sided corridor completion
5896->5884,1,5506.0,2302.3500806317584,0.08363058774543257,0,downstream boundary-facing singleton
12460->12455,1,23345.440000000002,9742.062031063744,0.08346008497645574,0,upstream boundary-facing singleton
6261->10582,1,9470.32,3935.986599396212,0.08312256817924235,0,upstream boundary-facing singleton
3971->3966;3966->12438,2,57262.4,2922.824490428252,0.0829443019668388,1,upstream corridor extension
4468->10827,1,17398.96,7210.069849176333,0.08287931978895674,0,upstream boundary-facing singleton
10581->6256,1,11892.960000000001,4926.399615797599,0.0828456434024431,0,downstream boundary-facing singleton
10612->7450,1,12113.2,5000.17186144065,0.08255740615924198,0,upstream boundary-facing singleton
8918->12035,1,3523.84,232.68715607472785,0.08254033812358388,1,upstream boundary-facing singleton
5344->5335,1,4184.56,1720.1505861434591,0.08221416761348668,0,upstream boundary-facing singleton
11039->12803;12803->11036;11036->12886,3,64310.08,3301.5530161270235,0.08214085297053336,0,downstream corridor extension
12661->12743;12743->12744;12744->11041,3,111661.68000000001,5715.357909759178,0.08189535260095214,0,upstream corridor extension
10819->10285,1,10131.04,4115.097798299601,0.0812374208037793,0,downstream boundary-facing singleton
12570->3164;3164->4049;4049->8579,3,246889.04,9984.483247476552,0.08088235303986399,1,two-sided corridor completion
6968->6978,1,11012.0,4442.748063240233,0.08068921291754873,0,downstream boundary-facing singleton
10802->10808,1,1101.2,439.90355768454276,0.0798953065173525,0,upstream boundary-facing singleton
4529->12407,1,14315.6,5635.016863581912,0.07872554225574774,0,upstream boundary-facing singleton
6305->6287,1,5506.0,2167.1120084789386,0.07871819863708458,0,upstream boundary-facing singleton
10549->5020,1,6386.959999999999,2507.6503177952386,0.0785240652139747,0,upstream boundary-facing singleton
3979->12332,1,9910.800000000001,3888.4642357657476,0.07846923024913725,0,upstream boundary-facing singleton
6759->6379,1,5506.0,2146.3295616285245,0.07796329682631764,0,downstream boundary-facing singleton
5152->5128,1,2863.12,1114.7898102978493,0.07787237770668708,0,upstream boundary-facing singleton
10567->5802,1,6827.44,2653.8232861635074,0.07773992261121321,0,downstream boundary-facing singleton
4431->8371,1,11012.0,4264.683213868809,0.07745519821774081,0,upstream boundary-facing singleton
4503->12439;12439->12438;12438->3966,3,139191.68,6721.122440029685,0.07725889869313668,0,downstream corridor extension
8372->7046,1,11012.0,4242.7831037231645,0.07705744830590565,0,downstream boundary-facing singleton
10889->10623,1,9250.08,3549.355685569957,0.07674216191795007,0,downstream boundary-facing singleton
7462->7461,1,2422.64,929.4590862161516,0.07673109386587786,0,downstream boundary-facing singleton
7513->8082,1,3744.0800000000004,1430.7389732227523,0.0764267309044012,0,downstream boundary-facing singleton
4429->8386,1,11232.24,4282.731242986779,0.07625783001408053,0,upstream boundary-facing singleton
7590->7560,1,9250.08,3515.061636953277,0.07600067538774319,0,upstream boundary-facing singleton
6389->10344,1,4404.8,1667.468413131097,0.07571142449741632,0,downstream boundary-facing singleton
10539->12323,1,5946.4800000000005,2250.652524024123,0.07569696775316231,0,downstream boundary-facing singleton
10589->6707,1,11672.720000000001,4395.122736206851,0.07530588819412871,0,downstream boundary-facing singleton
6978->8375,1,11232.24,4183.841173311549,0.0744970045745381,0,downstream boundary-facing singleton
4364->7424,1,5726.24,2128.7915240265597,0.07435215862508592,0,upstream boundary-facing singleton
7586->7587,1,8809.6,3256.9356197492207,0.07394060161072513,0,downstream boundary-facing singleton
5005->7964;7964->7962;7962->7958,3,151745.36,6975.554566068193,0.07355010595189936,0,downstream corridor extension
6267->10582,1,11452.48,4198.247201570073,0.0733159490620385,0,upstream boundary-facing singleton
10835->6130,1,10791.76,3932.2350416256904,0.07287476818657365,0,upstream boundary-facing singleton
10343->6374,1,11012.0,3977.550175329275,0.07224028651161052,0,upstream boundary-facing singleton
12407->12400,1,14535.84,5246.216804139799,0.07218319414825423,0,downstream boundary-facing singleton
10585->2450,1,4625.04,1668.1503660332737,0.072135608169152,0,downstream boundary-facing singleton
6163->6142,1,11452.48,4121.983547147953,0.07198412129334351,0,upstream boundary-facing singleton
6142->6138,1,11012.0,3918.071860159299,0.07116004104902468,0,downstream boundary-facing singleton
6913->10350,1,2863.12,1015.2400407279233,0.07091844147139648,0,upstream boundary-facing singleton
10575->6255,1,12553.679999999998,4442.170561005205,0.07077081080615732,0,downstream boundary-facing singleton
6286->4428,1,11012.0,3890.4269891363724,0.07065795476092213,0,upstream boundary-facing singleton
6847->10594,1,11672.720000000001,4122.398097291751,0.0706330332140538,0,upstream boundary-facing singleton
10350->6913,1,2863.12,1009.5913654626527,0.07052385966796032,0,downstream boundary-facing singleton
10907->10906,1,22024.0,7760.785076912921,0.07047570901664477,0,downstream boundary-facing singleton
7451->10612,1,8369.12,2932.723880357385,0.07008440266975226,0,upstream boundary-facing singleton
12916->12878;12878->12796;12796->12795,3,384979.51999999996,16761.332084679838,0.06966118960169036,0,two-sided corridor completion
7589->7586,1,10571.52,3677.481832128047,0.06957337889211858,0,upstream boundary-facing singleton
6479->6468,1,6607.2,2294.5999710218584,0.06945756057094862,0,downstream boundary-facing singleton
9005->10344,1,9470.32,3266.5384448448426,0.0689847533102333,0,upstream boundary-facing singleton
11107->11106;11106->9892;9892->11105,3,88976.96,3824.58555867393,0.06877439838221364,0,downstream corridor extension
10630->10624,1,4625.04,1590.1872627328128,0.06876425988673883,0,upstream boundary-facing singleton
8014->5947,1,1321.44,452.698253530287,0.0685158998562609,0,downstream boundary-facing singleton
4431->8696,1,11452.48,3918.7061618274934,0.06843419349918085,0,downstream boundary-facing singleton
4695->4560;4560->4565;4565->4567,3,107917.6,4606.4810740264675,0.06829627158537947,0,downstream corridor extension
2825->2847,1,4184.56,1426.2949399905158,0.06816941040350792,0,upstream boundary-facing singleton
7589->7587,1,13654.88,4649.296658015107,0.0680972173759873,0,upstream boundary-facing singleton
10166->10613,1,10791.76,3674.187983714784,0.0680924702497977,0,downstream boundary-facing singleton
10623->7670,1,22024.0,7454.20484872003,0.0676916531848895,0,downstream boundary-facing singleton
8695->7451,1,4184.56,1409.5764357734054,0.06737035367032163,0,downstream boundary-facing singleton
3956->11056,1,7488.160000000001,2516.0663177699407,0.06720119008594742,0,upstream boundary-facing singleton
6377->6374,1,15416.8,5168.989520893533,0.0670565814033202,0,upstream boundary-facing singleton
7450->10611,1,12113.2,4055.7161372160012,0.06696357918990856,0,downstream boundary-facing singleton
5870->10570,1,11012.0,3670.7395704765677,0.06666799074603284,0,downstream boundary-facing singleton
6260->10575,1,11012.0,3663.610887913647,0.06653851957707313,0,upstream boundary-facing singleton
1803->12916;12916->12878;12878->12796,3,425503.68,17632.32465405529,0.06630193996556849,0,upstream corridor extension
8531->10841,1,11012.0,3649.843989367945,0.06628848509567645,0,upstream boundary-facing singleton
5885->5896,1,3744.0800000000004,1239.7020891506575,0.06622198719849241,0,upstream boundary-facing singleton
10589->8381,1,11232.24,3716.427950121331,0.06617429738184603,0,downstream boundary-facing singleton
3317->4503;4503->12439;12439->12438,3,144036.96000000002,5938.060312237579,0.06596151779085122,0,two-sided corridor completion
12878->12796;12796->12795;12795->2236,3,267811.83999999997,11009.263188098637,0.06577312302905586,0,downstream corridor extension
10601->7043,1,11232.24,3688.7961140847738,0.06568228802242071,0,downstream boundary-facing singleton
9624->10629,1,12113.2,3963.8010211147644,0.06544597663895195,0,upstream boundary-facing singleton
12328->12327,1,12994.16,4237.8981857639665,0.06522773593312636,0,upstream boundary-facing singleton
6265->6262,1,11232.24,3654.1806503880116,0.06506592897566313,0,upstream boundary-facing singleton
4431->10607,1,6827.44,2220.432145007126,0.06504435469245065,0,upstream boundary-facing singleton
6262->6258,1,11012.0,3562.177922412659,0.06469629354182091,0,downstream boundary-facing singleton
12332->12331,1,9910.800000000001,3181.513603948874,0.06420296250451778,0,downstream boundary-facing singleton
6272->6266,1,11452.48,3673.2437736635043,0.06414756932408534,0,downstream boundary-facing singleton
10583->6267,1,10351.279999999999,3311.030790408479,0.06397335963105007,0,upstream boundary-facing singleton
3210->12570;12570->3164;3164->4049,3,239180.64,9540.46345085828,0.06382097447926073,0,upstream corridor extension
7046->8372,1,11012.0,3512.52492838167,0.06379449561172666,0,upstream boundary-facing singleton
3991->3317;3317->4503;4503->12439,3,112322.40000000001,4471.178938926082,0.06369064676575403,0,upstream corridor extension
10285->10819,1,10131.04,3210.838115518425,0.06338615019817166,0,upstream boundary-facing singleton
2846->7052,1,10571.52,3350.277438739265,0.0633830790414106,0,upstream boundary-facing singleton
10606->7041,1,11012.0,3488.368419839847,0.0633557649807455,0,downstream boundary-facing singleton
10625->10630,1,22244.24,6995.301089760084,0.06289539305240444,0,upstream boundary-facing singleton
5926->5930,1,4404.8,1379.0913361362645,0.0626176596502118,0,upstream boundary-facing singleton
6675->10587,1,8148.88,2550.5649988870487,0.06259915470315058,0,upstream boundary-facing singleton
6955->10599,1,10571.52,3282.640531621162,0.062103472946580286,0,downstream boundary-facing singleton
2169->10037;10037->2166;2166->1959,3,644862.72,24930.72019467834,0.06185681242588398,0,upstream corridor extension
6186->10577,1,5285.76,1632.0257115057527,0.061751790149600166,0,downstream boundary-facing singleton
4428->6286,1,11012.0,3395.0731275139306,0.06166133540708192,0,downstream boundary-facing singleton
6708->8327,1,8148.88,2505.9443906681104,0.06150401995533399,0,downstream boundary-facing singleton
10605->10120,1,6827.44,2097.0976628418107,0.06143144905972989,0,downstream boundary-facing singleton
3164->4049;4049->8579,2,213192.32,8028.509642448983,0.06119511326195802,1,downstream corridor extension
10582->6267,1,11452.48,3492.8832012130947,0.06099784852212088,0,downstream boundary-facing singleton
10889->1952,1,22024.0,6717.0334571174035,0.06099739790335456,0,downstream boundary-facing singleton
10576->8649,1,11672.720000000001,3553.0268044563804,0.06087744423675682,0,downstream boundary-facing singleton
12135->6802,1,5506.0,1663.312142580907,0.06041816718419568,0,downstream boundary-facing singleton
10346->6375,1,5506.0,1663.1262942310077,0.06041141642684372,0,upstream boundary-facing singleton
10340->5992,1,6607.2,1981.6139927433114,0.0599834723557123,0,downstream boundary-facing singleton
10894->12594,1,15416.8,4571.018870685637,0.05929919141048256,0,upstream boundary-facing singleton
7560->7590,1,9250.08,2731.8430272877727,0.059066365421440094,0,downstream boundary-facing singleton
5854->6090;6090->6248;6248->6543,3,276621.44,10207.779820954494,0.05904259522879786,0,upstream corridor extension
1954->12593,1,8809.6,2593.638431813996,0.05888209298524327,0,upstream boundary-facing singleton
12660->10909,1,30393.12,8926.452523497741,0.05873995511811714,0,downstream boundary-facing singleton
8696->4431,1,11452.48,3362.0941634848423,0.058713818552572766,0,upstream boundary-facing singleton
8161->8160;8160->8132;8132->8110,3,233454.4,8545.96346592049,0.05857050261409844,0,upstream corridor extension
6258->6675,1,5506.0,1611.5340259573227,0.05853737834933973,0,downstream boundary-facing singleton
10620->10619,1,11012.0,3214.495574749199,0.058381684975466745,0,upstream boundary-facing singleton
7585->8366,1,11012.0,3213.5583613413364,0.05836466330078708,0,upstream boundary-facing singleton
10578->8399,1,11012.0,3209.5908134001593,0.058292604674903006,0,upstream boundary-facing singleton
8652->6263,1,8809.6,2547.915718390559,0.057844072793102046,0,upstream boundary-facing singleton
10611->7546,1,12553.679999999998,3627.4044216056877,0.05779029609812722,0,downstream boundary-facing singleton
10648->10647,1,22024.0,6350.847548600907,0.05767206273702241,0,downstream boundary-facing singleton
12462->12460,1,10131.04,2919.804569070147,0.057640766773601665,0,upstream boundary-facing singleton
10630->9625,1,11232.24,3236.703515481805,0.05763237814508602,0,downstream boundary-facing singleton
2148->2150;2150->12717;12717->2165,3,614910.0800000001,21991.83354038481,0.05722289292219066,0,upstream corridor extension
10599->6950,1,11232.24,3194.815612065359,0.05688652685600307,0,downstream boundary-facing singleton
7043->7042,1,11232.24,3193.084262088084,0.05685569863336403,0,downstream boundary-facing singleton
5896->10573,1,9470.32,2685.15497419941,0.056706742205108386,0,upstream boundary-facing singleton
6917->6761,1,8809.6,2497.405851976615,0.05669737222976332,0,upstream boundary-facing singleton
12322->8482,1,21143.04,5984.876056384919,0.05661320279756288,0,downstream boundary-facing singleton
10587->6675,1,8148.88,2304.0152570405353,0.05654802272313583,0,downstream boundary-facing singleton
10906->10907,1,22024.0,6222.578578079891,0.05650725188957402,0,upstream boundary-facing singleton
8164->8161;8161->8160;8160->8132,3,151965.6,5357.648659507446,0.05640906794177047,0,two-sided corridor completion
10583->8385,1,11232.24,3165.6245815726393,0.05636675465575236,0,upstream boundary-facing singleton
2745->3979,1,5946.4800000000005,1674.9075028975155,0.05633273812061978,0,upstream boundary-facing singleton
10334->5614,1,5726.24,1610.77153864034,0.05625930937719481,0,downstream boundary-facing singleton
10571->5870,1,11232.24,3159.152569222145,0.0562515147329855,0,upstream boundary-facing singleton
10593->6779,1,12113.2,3379.6637841173224,0.05580133712177331,0,downstream boundary-facing singleton
6556->7581,1,12553.679999999998,3485.8236126718834,0.05553468963159622,0,upstream boundary-facing singleton
8811->6391,1,2642.88,732.9743144409833,0.05546784677631851,0,upstream boundary-facing singleton
12797->12877;12877->12917;12917->1804,3,425503.68,11785.4087076441,0.055395096501370325,1,downstream corridor extension
8100->8097,1,6607.200000000001,1828.504660619404,0.055348851574627794,0,upstream boundary-facing singleton
10099->5173;5173->5180;5180->5186,3,392908.16000000003,10846.644143938378,0.05521210933332806,1,downstream corridor extension
5947->10568,1,6827.44,1884.768922812363,0.05521158509814405,0,upstream boundary-facing singleton
2085->10613,1,11012.0,3037.946246598765,0.05517519517978142,0,downstream boundary-facing singleton
5206->8164;8164->8161;8161->8160,3,150864.4,5180.915564708626,0.05494646121638905,0,upstream corridor extension
6270->6265,1,11012.0,3019.941011742052,0.054848184012750684,0,upstream boundary-facing singleton
6759->6761,1,8369.12,2290.109512378241,0.05472760606558972,0,downstream boundary-facing singleton
7047->2825,1,12113.2,3305.69536124048,0.054580050874095704,0,downstream boundary-facing singleton
10284->12358,1,8589.36,2340.104304880674,0.054488443955793546,0,downstream boundary-facing singleton
4385->7006,1,5506.0,1489.9339747691508,0.05412037685322016,0,upstream boundary-facing singleton
5190->5197;5197->5201;5201->2445,3,287192.96,7738.133961390099,0.05388804768327259,1,two-sided corridor completion
10595->6847,1,10791.76,2898.1895663923706,0.05371115677873434,0,upstream boundary-facing singleton
5243->10553,1,5726.24,1536.7138231967292,0.05367270052239268,0,upstream boundary-facing singleton
6550->10613,1,17619.2,4718.450555336021,0.053560326863149536,0,upstream boundary-facing singleton
5167->10343,1,11012.0,2931.329017785408,0.053238812527886085,0,upstream boundary-facing singleton
3176->4050;4050->3183;3183->12570,3,249531.92,6637.218884884264,0.05319735354806923,1,two-sided corridor completion
8096->8092,1,11232.24,2986.8744650011795,0.05318395021832119,0,upstream boundary-facing singleton
7451->8696,1,3744.0800000000004,994.7629136647247,0.05313790910796376,0,upstream boundary-facing singleton
10594->12135,1,11012.0,2924.6701161329534,0.05311787352221129,0,downstream boundary-facing singleton
8758->4305,1,1982.1599999999999,526.3151727240472,0.0531052157973168,0,upstream boundary-facing singleton
10543->12336,1,3303.6,876.4156409890978,0.05305821776178096,0,downstream boundary-facing singleton
10630->10625,1,22244.24,5878.759451961892,0.0528564648822517,0,downstream boundary-facing singleton
2085->10614,1,11012.0,2909.263028180264,0.05283804991246393,0,upstream boundary-facing singleton
7586->10621,1,11232.24,2954.2224297252765,0.0526025517568228,0,downstream boundary-facing singleton
1910->10898,1,6607.2,1732.1172113162747,0.05243120266728039,0,upstream boundary-facing singleton
6138->6133,1,11012.0,2880.7470023527208,0.0523201417063698,0,downstream boundary-facing singleton
12774->10892,1,17839.440000000002,4664.706161582034,0.05229655372121583,0,upstream boundary-facing singleton
7042->7040,1,11232.24,2926.5844079812778,0.05211043225538767,0,downstream boundary-facing singleton
8091->8087,1,11892.960000000001,3098.438348999537,0.05210541949185968,0,downstream boundary-facing singleton
8953->4468,1,5726.24,238.12011359354696,0.05198003262034664,1,upstream boundary-facing singleton
10570->5866,1,11012.0,2859.3942530559816,0.05193233296505598,0,downstream boundary-facing singleton
6955->10600,1,11452.48,2971.7053132541155,0.051896275972612316,0,upstream boundary-facing singleton
2235->12794;12794->12797;12797->12877,3,267811.83999999997,8683.066617841338,0.051875625022949484,0,upstream corridor extension
5803->5805,1,4184.56,1079.7159777473062,0.05160475546998042,0,upstream boundary-facing singleton
7670->10623,1,22024.0,5671.009437367049,0.05149845112029649,0,upstream boundary-facing singleton
8324->2050,1,2642.88,680.220107796125,0.05147567107065966,0,downstream boundary-facing singleton
4434->10575,1,22244.24,5723.652800434402,0.05146188676650137,0,downstream boundary-facing singleton
7965->10621,1,9470.32,2418.884455850493,0.051083478823323675,0,upstream boundary-facing singleton
2069->10165,1,11012.0,2802.0453225097654,0.05089076139683555,0,upstream boundary-facing singleton
5173->5180;5180->5186,2,123334.4,3838.1271127545533,0.05056948068200072,1,downstream corridor extension
8386->6272,1,11012.0,2769.4855860583743,0.05029941129782736,0,downstream boundary-facing singleton
5921->5904,1,11012.0,2754.650553003977,0.05002997735205189,0,downstream boundary-facing singleton
6263->6266,1,11012.0,2748.064646528714,0.04991036408515645,0,upstream boundary-facing singleton
10905->10906,1,4404.8,1098.0455164739976,0.049856770635397646,0,upstream boundary-facing singleton
5197->5201;5201->2445;2445->2439,3,248210.48,7663.290115599822,0.049398656273335895,0,downstream corridor extension
10587->6673,1,12553.679999999998,3089.7198269301866,0.04922412913074393,0,downstream boundary-facing singleton
10906->10905,1,4404.8,1080.5138181817103,0.04906074365154878,0,downstream boundary-facing singleton
12336->2745,1,2202.4,539.6694965880409,0.049007400707232196,0,downstream boundary-facing singleton
7546->12591,1,6166.72,1509.682921856667,0.04896226590007871,0,upstream boundary-facing singleton
7052->7456,1,11012.0,2693.0835222104815,0.04891179662568982,0,upstream boundary-facing singleton
8819->10580,1,9470.32,2313.350526889386,0.048854748876265765,0,downstream boundary-facing singleton
10352->4051,1,8148.88,1989.807084957074,0.04883633296740347,0,downstream boundary-facing singleton
12326->12325,1,1541.68,376.3258589819795,0.04882022974702655,0,downstream boundary-facing singleton
12204->7509;7509->3277;3277->3974,3,492016.16,15003.797901202981,0.04879123612916448,0,upstream corridor extension
8377->10595,1,11012.0,2684.789931186361,0.048761168383333844,0,upstream boundary-facing singleton
6267->10583,1,10351.279999999999,2522.1035385156542,0.048730273715244,0,downstream boundary-facing singleton
8478->12328,1,11232.24,2733.895685214609,0.04867943856638763,0,upstream boundary-facing singleton
8351->8352,1,8148.88,1980.4590095538165,0.04860690081468414,0,downstream boundary-facing singleton
7589->7560,1,14976.320000000002,3634.6492193044237,0.04853861588567049,0,upstream boundary-facing singleton
8385->10584,1,11232.24,2724.498216839096,0.0485121083032253,0,downstream boundary-facing singleton
6051->8791,1,8589.36,2079.982581390261,0.04843160797522193,0,downstream boundary-facing singleton
7590->7589,1,11012.0,2657.7044834148173,0.04826924234316777,0,downstream boundary-facing singleton
2445->2439;2439->12138;12138->8180,3,156370.4,4708.945217003857,0.04818247153685206,0,upstream corridor extension
4408->10580,1,8809.6,2122.0399100304603,0.0481756245466414,0,downstream boundary-facing singleton
7589->7590,1,11012.0,2642.9650348694868,0.048001544403732055,0,upstream boundary-facing singleton
12329->5005;5005->7964;7964->7962,3,235436.56,7061.266579314339,0.04798756202903637,0,two-sided corridor completion
12794->12797;12797->12877;12877->12917,3,384979.51999999996,11538.870601139199,0.047956298978768325,0,two-sided corridor completion
8062->8064;8064->2861;2861->8101,3,331240.96,9924.25626866586,0.04793733851594131,0,upstream corridor extension
5866->10569,1,11012.0,2637.569675520214,0.04790355385979321,0,downstream boundary-facing singleton
7509->3277;3277->3974;3974->12236,3,466468.31999999995,13891.249055714457,0.047647391122173394,0,two-sided corridor completion
6707->10589,1,11672.720000000001,2770.9291493121714,0.04747700877451308,0,upstream boundary-facing singleton
6282->10578,1,9910.800000000001,2350.787521070408,0.04743890545809436,0,downstream boundary-facing singleton
5794->8408,1,11012.0,2609.613334561409,0.047395810653131296,0,downstream boundary-facing singleton
6237->6071,1,12333.44,2916.018244692428,0.04728637338313444,0,downstream boundary-facing singleton
5518->5528,1,13214.4,3117.5409588121547,0.04718399562314074,0,upstream boundary-facing singleton
1952->10889,1,22024.0,5181.03194266494,0.04704896424505031,0,downstream boundary-facing singleton
7041->10605,1,11232.24,2640.9158117487113,0.04702384941469754,0,downstream boundary-facing singleton
6968->10600,1,10571.52,2479.365280450823,0.04690650503335042,0,upstream boundary-facing singleton
8381->10589,1,11232.24,2630.8290310080224,0.04684424533321978,0,upstream boundary-facing singleton
6376->6377,1,9910.800000000001,2319.96894024194,0.04681698632283851,0,upstream boundary-facing singleton
12593->1954,1,8809.6,2059.564957024426,0.046757286528887256,0,downstream boundary-facing singleton
7043->10601,1,11232.24,2624.877116626927,0.04673826621630106,0,upstream boundary-facing singleton
7108->10160;10160->12178;12178->12204,3,321550.39999999997,9366.033693819205,0.04660437029501668,0,downstream corridor extension
7473->2050,1,10791.76,2503.8992195349892,0.04640390852900712,0,upstream boundary-facing singleton
2847->7045,1,3303.6,764.4610311036772,0.046280483781552084,0,downstream boundary-facing singleton
6835->6865,1,10791.76,2496.112523160685,0.04625960034620276,0,upstream boundary-facing singleton
10626->7585,1,10571.52,2438.1410153891943,0.04612659325034043,0,upstream boundary-facing singleton
12178->12204;12204->7509;7509->3277,3,213632.8,6158.508257545949,0.04612406527496489,0,two-sided corridor completion
5190->5197;5197->5201,2,224644.80000000002,6364.601800231179,0.04603924918527233,1,upstream corridor extension
8160->8132;8132->8110;8110->8102,3,219799.52000000002,6314.864275429453,0.04596817518385447,0,two-sided corridor completion
2454->2448;2448->2348;2348->12636,3,191168.32,5482.821231547182,0.045888952575800696,0,downstream corridor extension
6266->6272,1,11452.48,2620.4755289489367,0.045762586425803616,0,downstream boundary-facing singleton
8478->12329;12329->5005;5005->7964,3,178174.16,5093.185941525814,0.045736696648051,0,upstream corridor extension
6374->8828,1,15196.56,3454.0884836917894,0.045458820729056965,0,downstream boundary-facing singleton
8788->5922,1,9470.32,2151.7087350580355,0.04544109882365191,0,downstream boundary-facing singleton
10987->12241,1,11012.0,2480.1510646493257,0.045044516248625606,0,upstream boundary-facing singleton
10613->10166,1,21583.52,4860.862717186832,0.04504235376979132,0,downstream boundary-facing singleton
2299->3099;3099->7108;7108->10160,3,308336.0,8673.626847884729,0.045008701405659955,0,upstream corridor extension
10590->9635,1,2642.88,591.7424750886123,0.04478012434076555,0,downstream boundary-facing singleton
3277->3974;3974->12236;12236->12151,3,543552.32,15195.068654490307,0.0447281870624423,0,downstream corridor extension
3099->7108;7108->10160;10160->12178,3,344675.6,9612.555840152076,0.044621926658699726,0,two-sided corridor completion
12591->7546,1,6166.72,1373.6706564465624,0.04455109544284684,0,downstream boundary-facing singleton
2426->6386,1,8589.36,1912.147914565699,0.04452364121577624,0,upstream boundary-facing singleton
10629->9625,1,11012.0,2433.771139818331,0.0442021638179864,0,downstream boundary-facing singleton
8402->6163,1,11232.24,2465.8837717595816,0.043907248630007584,0,upstream boundary-facing singleton
10827->4468,1,17398.96,3816.5575525782483,0.04387109979651943,0,downstream boundary-facing singleton
10643->10644,1,17619.2,3862.5016838241722,0.0438442345148948,0,downstream boundary-facing singleton
7021->7020,1,8589.36,1882.1697965871645,0.04382561207324328,0,upstream boundary-facing singleton
6266->6263,1,11012.0,2412.9398273794086,0.043823825415535936,0,downstream boundary-facing singleton
10095->10099;10099->5173;5173->5180,3,559409.6,15296.12441702621,0.04374933692100017,0,two-sided corridor completion
7471->12487,1,10351.279999999999,2243.4523176679504,0.04334637489601191,0,upstream boundary-facing singleton
6779->10593,1,12113.2,2617.277428443219,0.04321364178653401,0,upstream boundary-facing singleton
6138->6142,1,11012.0,2369.788545325195,0.04304011161142745,0,upstream boundary-facing singleton
9625->10630,1,11232.24,2410.993471354476,0.04292987812501293,0,upstream boundary-facing singleton
8385->10583,1,11232.24,2405.3601715896593,0.0428295722240561,0,upstream boundary-facing singleton
6274->6270,1,11232.24,2393.7288906818158,0.04262246694660755,0,upstream boundary-facing singleton
5083->5084,1,3744.0800000000004,797.7989808069469,0.04261655631327038,0,downstream boundary-facing singleton
3176->4050;4050->3183,2,215835.2,5643.052862778875,0.04248593789157502,1,upstream corridor extension
6379->6386,1,7708.4,1632.5685625403185,0.04235816933579779,0,downstream boundary-facing singleton
4459->12462,1,6607.2,1399.3145227228492,0.042357262462854144,0,upstream boundary-facing singleton
10580->4408,1,8809.6,1858.8399432773588,0.042200325628345414,0,upstream boundary-facing singleton
7046->7048,1,11452.48,2399.8022024812667,0.041908865197429146,0,downstream boundary-facing singleton
6950->10599,1,11232.24,2352.325998096346,0.04188525170573895,0,downstream boundary-facing singleton
6707->6704,1,11232.24,2342.7037234777854,0.041713918567939885,0,downstream boundary-facing singleton
8361->10643,1,23345.440000000002,4867.942539675105,0.041703583566427574,0,upstream boundary-facing singleton
7563->8322,1,7267.92,1513.3537815560016,0.0416447561766228,0,upstream boundary-facing singleton
12138->8180;8180->8176;8176->8425,3,238960.40000000002,6218.622613868389,0.041637845359270495,0,downstream corridor extension
6163->8402,1,11232.24,2335.9776480314367,0.04159415482631135,0,downstream boundary-facing singleton
12360->10285,1,5946.4800000000005,1234.630597788951,0.041524754065899526,0,upstream boundary-facing singleton
8064->2861;2861->8101;8101->8112,3,314282.48,8135.563237517668,0.04141783907276114,0,two-sided corridor completion
4049->8579,1,75762.56,2508.151087550893,0.04138177035515453,1,downstream boundary-facing singleton
10343->5167,1,11012.0,2275.521164355233,0.04132802695886729,0,downstream boundary-facing singleton
10285->12360,1,5946.4800000000005,1227.9112118348946,0.041298758655032713,0,upstream boundary-facing singleton
10619->10618,1,22244.24,4592.935348700539,0.041295502554373975,0,downstream boundary-facing singleton
8375->10602,1,10791.76,2221.1470541825724,0.04116375927897901,0,downstream boundary-facing singleton
10892->12774,1,17839.440000000002,3670.2350434631035,0.041147424397437404,0,downstream boundary-facing singleton
7527->12588,1,9250.08,1888.3281780040159,0.040828364252071675,0,downstream boundary-facing singleton
10898->10892,1,15416.8,3139.2064349281472,0.04072448802511738,0,upstream boundary-facing singleton
8112->8129;8129->8159;8159->8163,3,233454.4,5941.860238921985,0.0407230550474747,0,downstream corridor extension
8398->6186,1,9690.56,1972.3316572366489,0.04070624725994471,0,downstream boundary-facing singleton
10091->10095;10095->10099;10099->5173,3,600814.72,15285.447849188571,0.04070592105117151,0,upstream corridor extension
10608->7455,1,11012.0,2240.637519600648,0.04069447002543858,0,upstream boundary-facing singleton
10605->7041,1,11232.24,2264.018061010091,0.04031285052687783,0,upstream boundary-facing singleton
7052->10608,1,10571.52,2119.6577507557904,0.04010128630047127,0,downstream boundary-facing singleton
6706->10588,1,11232.24,2251.677425417559,0.04009311455983061,0,upstream boundary-facing singleton
10588->6706,1,11232.24,2245.7339579512804,0.039987285847725484,0,downstream boundary-facing singleton
5017->10543,1,22904.96,4577.540694059178,0.039969864117284454,0,downstream boundary-facing singleton
10160->12178;12178->12204;12204->7509,3,286312.0,7120.651433645466,0.03979240232275541,0,upstream corridor extension
2861->8101;8101->8112;8112->8129,3,379473.52,9393.453506976333,0.03960625661353692,0,downstream corridor extension
10987->11050,1,13214.4,2616.863506300125,0.03960624025759967,0,upstream boundary-facing singleton
12535->11107,1,18059.68,3572.4377823389027,0.03956258120120515,0,upstream boundary-facing singleton
8103->8100,1,3303.6000000000004,652.5625241719763,0.0395061462750924,0,downstream boundary-facing singleton
10566->8408,1,12994.16,2560.304314330207,0.039406999980455944,0,downstream boundary-facing singleton
10383->10378,1,11012.0,2163.504040597385,0.0392935713875297,0,upstream boundary-facing singleton
8408->10566,1,12994.16,2552.0052390776855,0.03927926451694739,0,downstream boundary-facing singleton
7564->7562,1,8809.6,1727.2086300787003,0.03921196490371187,0,downstream boundary-facing singleton
5017->5015,1,11892.960000000001,2328.718131717887,0.03916128754688298,0,downstream boundary-facing singleton
5992->5972,1,5506.0,1076.491663602891,0.03910249413740978,0,upstream boundary-facing singleton
5528->5518,1,13214.4,2576.698901365617,0.03899834879170628,0,downstream boundary-facing singleton
10641->10907,1,21803.76,4218.876050512095,0.03869861024439909,0,upstream boundary-facing singleton
7554->7547,1,11452.48,2212.716462765403,0.03864169966270019,0,downstream boundary-facing singleton
10883->7581,1,20922.8,4035.4317604171274,0.03857449060753941,0,upstream boundary-facing singleton
5528->5794,1,14315.6,2757.3449685080227,0.03852224103087573,0,downstream boundary-facing singleton
1910->1909,1,8809.6,1695.6678254088165,0.03849590958519834,0,upstream boundary-facing singleton
10877->10876,1,9250.08,1769.0982671645704,0.03825044252946073,0,upstream boundary-facing singleton
12460->10846,1,4845.28,923.732566656978,0.03812917175713181,0,upstream boundary-facing singleton
10580->8819,1,9470.32,1802.6333063533677,0.038069110787246216,0,upstream boundary-facing singleton
10120->7036,1,3523.84,666.5804422287681,0.03783261681737923,0,upstream boundary-facing singleton
8371->7045,1,11232.24,2123.799188647569,0.03781612908284668,0,downstream boundary-facing singleton
5866->10570,1,11012.0,2078.9382927260485,0.03775768784464309,0,upstream boundary-facing singleton
8781->5854;5854->6090;6090->6248,3,197555.28,4645.408631935878,0.03762315950804962,0,upstream corridor extension
1805->1803;1803->12916;12916->12878,3,386741.44,9061.421621188225,0.037488288283513554,0,upstream corridor extension
12661->12660,1,24226.4,4531.321358638064,0.03740812798135971,0,downstream boundary-facing singleton
7048->7046,1,11452.48,2141.150929552655,0.03739191737602083,0,upstream boundary-facing singleton
10042->2168,1,466908.8,13951.720842027125,0.037351300837623766,1,non-interior singleton
3974->12236;12236->12151;12151->2132,3,335645.76,7834.135924465244,0.03734478123347779,0,downstream corridor extension
10584->8385,1,11232.24,2093.8495383510485,0.03728284898383668,0,downstream boundary-facing singleton
10621->7965,1,9470.32,1761.3899076640366,0.037198107511975026,0,downstream boundary-facing singleton
5794->5528,1,14315.6,2647.5196637958156,0.03698789661342613,0,upstream boundary-facing singleton
9625->10629,1,11012.0,2032.375417447812,0.03691201266705071,0,downstream boundary-facing singleton
8382->6707,1,11452.48,2109.3633025117824,0.036836795218359385,0,upstream boundary-facing singleton
8132->8110;8110->8102;8102->2852,3,379473.52,8733.003295860983,0.03682155548924092,0,downstream corridor extension
6950->10593,1,16518.0,3025.2523068107407,0.0366297651871987,0,upstream boundary-facing singleton
10558->5499,1,11232.24,2053.285710041458,0.03656057402693422,0,upstream boundary-facing singleton
10575->6260,1,11012.0,2000.596867088841,0.03633485047382567,0,downstream boundary-facing singleton
10584->6287,1,11232.24,2037.2347842461281,0.03627477305054252,0,downstream boundary-facing singleton
10850->12502,1,3964.3199999999997,716.5867361854741,0.03615181096306424,0,downstream boundary-facing singleton
5015->10548,1,11452.48,2065.647540586604,0.036073366477594446,0,downstream boundary-facing singleton
3176->4050,1,78405.44,2262.1489916450287,0.03606492406083412,1,upstream boundary-facing singleton
7052->2846,1,10571.52,1906.1206257697115,0.03606142968598104,0,upstream boundary-facing singleton
6847->10595,1,10791.76,1941.547350982704,0.0359820335326713,0,downstream boundary-facing singleton
12588->7527,1,9250.08,1662.5679378227603,0.035947103977971226,0,upstream boundary-facing singleton
8101->8112;8112->8129;8129->8159,3,219799.52000000002,4921.731371060305,0.0358270581923768,0,two-sided corridor completion
10613->6550,1,17619.2,3150.53361650995,0.03576250472790989,0,downstream boundary-facing singleton
10898->1910,1,6607.2,1178.8809788704064,0.035684737222133625,0,downstream boundary-facing singleton
6376->7138,1,16297.76,2905.6331870473437,0.03565684102658701,0,downstream boundary-facing singleton
2439->12138;12138->8180;8180->8176,3,236758.0,5274.436286801236,0.035644405084018185,0,two-sided corridor completion
12203->12177;12177->10157;10157->7110,3,321550.39999999997,7150.83077935385,0.03558176026826949,0,upstream corridor extension
10907->10641,1,21803.76,3878.738457407267,0.03557861999404935,0,downstream boundary-facing singleton
10157->7110;7110->3094;3094->2300,3,308336.0,6776.9116071768285,0.03516637230645441,0,downstream corridor extension
7456->7052,1,11012.0,1935.6964519008163,0.035156128803138696,0,downstream boundary-facing singleton
7581->10883,1,20922.8,3671.9737648589307,0.03510021378456928,0,downstream boundary-facing singleton
10166->7555,1,21583.52,3783.7687760225126,0.03506164681222074,0,downstream boundary-facing singleton
12146->12149,1,2202.4,385.40869693254643,0.03499897356815714,0,downstream boundary-facing singleton
5045->10091;10091->10095;10095->10099,3,472194.56,10298.116975590905,0.034894487477673285,0,upstream corridor extension
12177->10157;10157->7110;7110->3094,3,344675.6,7436.819090790486,0.03452205652290089,0,two-sided corridor completion
7670->2086,1,22464.48,3876.127367298487,0.03450894360607045,0,downstream boundary-facing singleton
10611->7450,1,12113.2,2089.2914554181752,0.0344961109437337,0,downstream boundary-facing singleton
4050->3183;3183->12570;12570->3210,3,239180.64,5152.944910649635,0.03447064886622686,0,downstream corridor extension
5802->5567,1,11012.0,1893.023820877121,0.03438110826148058,0,downstream boundary-facing singleton
12359->10806,1,85893.6,14749.39943899167,0.034343418925255595,0,upstream boundary-facing singleton
10606->7044,1,11232.24,1911.2334655536877,0.034031207765391196,0,downstream boundary-facing singleton
10607->8695,1,25107.359999999997,4266.590223597615,0.033986769007953166,0,downstream boundary-facing singleton
6236->6237,1,17619.2,2989.6564528472177,0.03393634731255923,0,downstream boundary-facing singleton
10583->6272,1,11012.0,1862.8979245867167,0.03383396157985319,0,upstream boundary-facing singleton
10892->10898,1,15416.8,2602.541517419653,0.03376240876731427,0,downstream boundary-facing singleton
10593->6950,1,16518.0,2786.115814400714,0.03373429972636777,0,downstream boundary-facing singleton
8380->6882,1,11012.0,1855.970537466353,0.033708146339744886,0,downstream boundary-facing singleton
6130->10835,1,10791.76,1817.3172564635934,0.033679719646537605,0,downstream boundary-facing singleton
12641->2894,1,8148.88,1371.5085818020332,0.03366127815852076,0,downstream boundary-facing singleton
7474->7463,1,11012.0,1853.1425183726967,0.033656783842584394,0,upstream boundary-facing singleton
7006->4385,1,5506.0,922.7650126284602,0.03351852570390339,0,downstream boundary-facing singleton
5180->5186,1,35238.4,944.053855808831,0.03348810728526377,1,downstream boundary-facing singleton
7042->7043,1,11232.24,1879.8293529673144,0.033472029674709844,0,upstream boundary-facing singleton
10584->4429,1,11012.0,1840.4944744437826,0.03342707000442758,0,upstream boundary-facing singleton
6133->8648,1,4184.56,699.3397243206921,0.033424767446072805,0,upstream boundary-facing singleton
6258->10581,1,5946.4800000000005,988.9317228776592,0.03326107959255422,0,upstream boundary-facing singleton
9010->10342,1,8148.88,1352.9419569392285,0.033205592840715004,0,upstream boundary-facing singleton
2032->7470,1,8148.88,1352.017699417445,0.033182908557186884,0,downstream boundary-facing singleton
10869->10863,1,10571.52,1749.9265983883258,0.033106433103060405,0,upstream boundary-facing singleton
2446->12359,1,5285.76,873.8075696052788,0.03306270317249662,0,downstream boundary-facing singleton
6944->6940,1,11012.0,1818.9917645374753,0.03303653767776018,0,upstream boundary-facing singleton
2894->12641,1,8148.88,1343.751641071965,0.03298003261974566,0,upstream boundary-facing singleton
10911->12642,1,18500.16,3049.4544822845382,0.03296679036597022,0,upstream boundary-facing singleton
7456->7455,1,10571.52,1739.914712678034,0.03291702068724335,0,downstream boundary-facing singleton
12250->12249,1,9690.56,1585.5677211368964,0.03272396478917413,0,upstream boundary-facing singleton
10643->7778,1,4625.04,755.7185664900703,0.03267943916117787,0,upstream boundary-facing singleton
2086->7670,1,22464.48,3670.5790894433467,0.03267895886700558,0,upstream boundary-facing singleton
10347->6385,1,11012.0,1798.6691364304988,0.03266743800273336,0,downstream boundary-facing singleton
4053->6624,1,11232.24,1830.8453958203713,0.03259982685235307,0,upstream boundary-facing singleton
6071->10342,1,10791.76,1753.3202943822894,0.03249368581922299,0,downstream boundary-facing singleton
6071->6237,1,12333.44,1999.9270642740948,0.032430969206873266,0,downstream boundary-facing singleton
8649->6260,1,20702.559999999998,3353.811746065729,0.032399971269888646,0,upstream boundary-facing singleton
8217->8218;8218->5162;5162->8230,3,384979.52,7789.739459722194,0.03237466537325286,0,downstream corridor extension
6257->6672,1,11012.0,1775.7586486997031,0.03225133760805854,0,downstream boundary-facing singleton
7451->4433,1,7708.4,1235.1718037098644,0.03204742368610515,0,upstream boundary-facing singleton
11050->11056,1,25327.6,4040.377746393526,0.03190493964207842,0,downstream boundary-facing singleton
7138->8751,1,2642.88,420.16971040153715,0.03179635173761481,0,downstream boundary-facing singleton
5818->5816,1,11012.0,1747.5923224089966,0.031739780646730775,0,upstream boundary-facing singleton
2087->10635,1,17839.440000000002,2814.845254202824,0.031557551741566145,0,upstream boundary-facing singleton
8958->10849,1,8148.88,1277.9892156667718,0.031366008964833735,0,upstream boundary-facing singleton
7581->6556,1,25107.359999999997,3931.9030510099687,0.03132072070508384,0,downstream boundary-facing singleton
2167->10042;10042->2168;2168->10044,3,949674.88,14832.790378856982,0.03123761761258123,1,two-sided corridor completion
8366->10624,1,44928.96,7011.783776728094,0.031212757992742743,0,downstream boundary-facing singleton
1909->2454,1,5285.76,818.2706951004504,0.0309613260950346,0,downstream boundary-facing singleton
8366->10619,1,13434.64,2077.279923283224,0.030924236500318936,0,downstream boundary-facing singleton
6623->4897;4897->4899;4899->6470,3,722166.96,9265.849618496097,0.030793487262821655,2,two-sided corridor completion
7044->2825,1,22904.96,3515.227220145242,0.030694026273307112,0,upstream boundary-facing singleton
6704->6702,1,11452.48,1752.6542825666768,0.030607419223900447,0,upstream boundary-facing singleton
9989->11200,1,8369.12,1270.1801986660414,0.030353972667760562,0,upstream boundary-facing singleton
8483->10545,1,27530.0,4168.004863232821,0.030279730208738254,0,downstream boundary-facing singleton
5083->8483,1,17619.2,2663.101697903884,0.03022954161260312,0,upstream boundary-facing singleton
12322->12315,1,25768.079999999998,3887.504340231843,0.030173022904553565,0,downstream boundary-facing singleton
10560->8726,1,4184.56,627.9146538002933,0.03001102404077338,0,downstream boundary-facing singleton
2173->10909,1,11012.0,1639.247292279017,0.029772017658536456,0,upstream boundary-facing singleton
4454->12453,1,2642.88,78.44152237792733,0.029680319340237668,0,upstream boundary-facing singleton
8080->8078,1,1101.2,162.92525701469717,0.02959049346434747,0,upstream boundary-facing singleton
6471->4898;4898->4896;4896->6622,3,716220.48,10578.328707547145,0.029539308084424353,1,two-sided corridor completion
12331->8476,1,10131.04,1490.9441056692574,0.029433189596907272,0,downstream boundary-facing singleton
2084->2069,1,10791.76,1587.4043436714564,0.029418822206414088,0,downstream boundary-facing singleton
8381->8382,1,12553.679999999998,1842.1277426221477,0.029348011780165623,0,downstream boundary-facing singleton
12236->12151;12151->2132;2132->2134,3,295121.6,5397.375183644914,0.029261837472526114,0,downstream corridor extension
5507->5518,1,7488.160000000001,1095.0841269187842,0.029248416885290493,0,upstream boundary-facing singleton
7555->10166,1,21583.52,3154.347208704028,0.029229219410958254,0,upstream boundary-facing singleton
6186->8398,1,9690.56,1409.527422339019,0.02909073205963369,0,upstream boundary-facing singleton
6556->6563,1,8369.12,1215.5275789477266,0.029047918513481142,0,downstream boundary-facing singleton
8696->2069,1,11232.24,1627.1445419969464,0.028972752398398655,0,downstream boundary-facing singleton
4898->4896;4896->6622;6622->4719,3,643541.28,9298.825232902356,0.02889892388224841,1,two-sided corridor completion
7455->10608,1,11012.0,1586.3073177219956,0.028810521571412923,0,downstream boundary-facing singleton
2159->2156;2156->2149;2149->2147,3,426384.64,6137.783786389272,0.02878989161705859,1,downstream corridor extension
6884->6718,1,14756.080000000002,2123.335415008491,0.028779125824859864,0,downstream boundary-facing singleton
2229->10903,1,15637.039999999999,2249.115080462946,0.028766506710514856,0,downstream boundary-facing singleton
12877->12917;12917->1804,2,251954.56,4449.015406763461,0.02869426152077035,1,downstream corridor extension
10777->12099,1,17398.96,2493.5314666384356,0.028662994416200002,0,downstream boundary-facing singleton
8483->5083,1,17619.2,2523.6525555460025,0.02864661909219491,0,downstream boundary-facing singleton
6272->10577,1,11012.0,1576.7428064455135,0.02863681086897046,0,upstream boundary-facing singleton
10647->10641,1,22904.96,3260.879350788295,0.0284731285345034,0,downstream boundary-facing singleton
10614->2085,1,22024.0,3120.1714460309063,0.028334284835006412,0,downstream boundary-facing singleton
10882->12589,1,13434.64,1897.6585787870308,0.028250233408368682,0,upstream boundary-facing singleton
7554->7555,1,22024.0,3106.4530253254397,0.028209707821698512,0,upstream boundary-facing singleton
7565->10374,1,12333.44,1733.1234958272987,0.02810446227212033,0,downstream boundary-facing singleton
8102->2852;2852->8068;8068->8061,3,331240.96,5814.54393679662,0.02808611078435044,0,downstream corridor extension
6272->10583,1,11012.0,1544.1295292001707,0.028044488361790243,0,downstream boundary-facing singleton
7956->5530,1,11452.48,1604.023512779796,0.028011810765524954,0,upstream boundary-facing singleton
8099->8105,1,3303.6000000000004,457.769065291817,0.02771334697250375,0,upstream boundary-facing singleton
4433->10606,1,21583.52,2989.168932494964,0.027698623139274448,0,upstream boundary-facing singleton
10819->10818,1,30833.6,4269.594136151112,0.02769442514757351,0,downstream boundary-facing singleton
6694->5045;5045->10091;10091->10095,3,447527.68000000005,6165.775639864533,0.027554834775201095,1,upstream corridor extension
4971->10547,1,14315.6,1971.927128238323,0.02754934656232813,0,upstream boundary-facing singleton
6386->6379,1,7708.4,1060.646194254978,0.0275192308197545,0,upstream boundary-facing singleton
8382->8381,1,12553.679999999998,1721.6999400402196,0.027429406198663978,0,upstream boundary-facing singleton
10378->10383,1,11012.0,1509.817887238044,0.027421320145986996,0,downstream boundary-facing singleton
2313->2311;2311->2309;2309->12654,3,335645.76,5749.6543240195415,0.027408202381079584,0,downstream corridor extension
10811->5083,1,20702.559999999998,2830.563069946797,0.02734505365468616,0,upstream boundary-facing singleton
7555->7554,1,22024.0,3001.525437725393,0.027256860131905133,0,downstream boundary-facing singleton
9969->2315;2315->2313;2313->2311,3,541570.16,7380.3602062692435,0.027255416754384115,1,two-sided corridor completion
6563->6556,1,8369.12,1136.3042180230427,0.027154688139805445,0,upstream boundary-facing singleton
6999->7048,1,11672.720000000001,1584.1492501831715,0.027142761073394573,0,downstream boundary-facing singleton
6702->6698,1,11012.0,1484.406307305708,0.02695979490202884,0,downstream boundary-facing singleton
11056->11050,1,25327.6,3407.991520336957,0.02691128666227323,0,downstream boundary-facing singleton
12587->2128,1,10791.76,1433.1272927818322,0.026559658346401928,0,downstream boundary-facing singleton
8769->5795,1,8809.6,1165.4784798833437,0.026459282598150738,0,downstream boundary-facing singleton
6763->4051,1,7928.639999999999,1039.9013988060856,0.026231520129709147,0,downstream boundary-facing singleton
7778->10648,1,29512.160000000003,3865.8089089782798,0.026198075023842915,0,upstream boundary-facing singleton
12455->10841,1,25107.359999999997,3267.8138170132715,0.02603072419412692,0,downstream boundary-facing singleton
6718->6884,1,14756.080000000002,1917.0806926665034,0.02598360394720689,0,upstream boundary-facing singleton
10043->2169;2169->10037;10037->2166,3,949674.88,12315.425231078114,0.02593608716085681,1,two-sided corridor completion
8993->8992,1,4184.56,536.7612198897262,0.025654368434900023,0,downstream boundary-facing singleton
12774->2157,1,10791.76,1380.8973222164198,0.025591698151486316,0,downstream boundary-facing singleton
4716->6623;6623->4897;4897->4899,3,649487.76,8307.742407217536,0.025582444870762572,1,two-sided corridor completion
6266->6145,1,14315.6,1827.5396478338607,0.025532141828967847,0,upstream boundary-facing singleton
10618->6550,1,6607.2,843.3110026307312,0.02552703119720097,0,upstream boundary-facing singleton
10641->10635,1,21363.28,2712.050942545788,0.025389836603234975,0,downstream boundary-facing singleton
6261->8652,1,11012.0,1392.6804375217537,0.025293869188553465,0,downstream boundary-facing singleton
10637->2090,1,8369.12,1053.7350216155414,0.025181501080532756,0,downstream boundary-facing singleton
10893->10894,1,22904.96,2874.637369426909,0.025100566597164187,0,upstream boundary-facing singleton
10374->7565,1,12333.44,1542.2238593096617,0.02500881926388196,0,upstream boundary-facing singleton
10042->2168;2168->10044,2,932055.6799999999,14263.072018316132,0.024867068059457258,1,downstream corridor extension
12840->12758,1,8809.6,1091.3198168520512,0.024775695079278313,0,upstream boundary-facing singleton
10332->5617,1,11012.0,1363.8892406772359,0.02477096332504969,0,upstream boundary-facing singleton
10577->6272,1,11012.0,1361.1951441874412,0.024722033130901586,0,downstream boundary-facing singleton
5904->5902,1,5946.4800000000005,733.7386190167767,0.024678082462794015,0,downstream boundary-facing singleton
4898->4896;4896->6622,2,539808.24,8172.550266391839,0.024602059025417504,1,downstream corridor extension
8890->10803,1,7047.68,863.0734028460427,0.02449241176801565,0,upstream boundary-facing singleton
6256->4458,1,9690.56,1184.622052986274,0.024448990625645456,0,downstream boundary-facing singleton
10841->12455,1,25107.359999999997,3068.938505389231,0.02444652488664066,0,downstream boundary-facing singleton
1952->2457;2457->8217;8217->8218,3,337848.16,5152.2003031419445,0.024400075125544898,0,upstream corridor extension
12038->8278,1,8809.6,1072.9153242206712,0.02435786696832254,0,upstream boundary-facing singleton
12218->12319,1,8369.12,1017.1480304567763,0.024307168028580694,0,upstream boundary-facing singleton
10865->10871,1,10351.279999999999,1257.9633535835405,0.024305464707428275,0,downstream boundary-facing singleton
6750->8351,1,11012.0,1337.7676174645603,0.02429654227142318,0,downstream boundary-facing singleton
10613->2085,1,22024.0,2674.6017399338402,0.024288065200997463,0,upstream boundary-facing singleton
6656->6660,1,6827.44,828.8544869394425,0.02428009581744966,0,downstream boundary-facing singleton
8522->5742,1,6607.2,801.2899389603095,0.024255053243743482,0,downstream boundary-facing singleton
8097->8096,1,21803.76,2642.223169956529,0.024236399317883975,0,upstream boundary-facing singleton
10624->9624,1,24226.4,2932.4516990133693,0.024208728486389802,0,downstream boundary-facing singleton
10545->8483,1,27530.0,3320.5793385401926,0.02412335153316522,0,upstream boundary-facing singleton
10871->10865,1,10351.279999999999,1247.4088486158546,0.024101538140517013,0,downstream boundary-facing singleton
11041->12740,1,22024.0,2653.547919853884,0.02409687540731824,0,downstream boundary-facing singleton
10636->10630,1,22684.72,2726.758850351397,0.024040489372153567,0,downstream boundary-facing singleton
2315->2313;2313->2311;2311->2309,3,529016.48,7934.926868615751,0.02399903116399172,0,downstream corridor extension
10635->10641,1,21363.28,2553.813340050021,0.023908438592295016,0,upstream boundary-facing singleton
3971->3966,1,13214.4,252.74223713054693,0.023907842687763626,1,upstream boundary-facing singleton
5024->12127,1,6607.2,788.0535872187859,0.023854388764341504,0,downstream boundary-facing singleton
10635->2087,1,17839.440000000002,2125.7342775482393,0.023831849851208772,0,downstream boundary-facing singleton
8092->8091,1,23785.920000000002,2827.870384109747,0.023777683470807498,0,upstream boundary-facing singleton
9635->10590,1,5285.76,627.7991028420151,0.023754355205004206,0,upstream boundary-facing singleton
4403->4402,1,1982.1599999999999,235.30254634721172,0.023742033574203066,0,upstream boundary-facing singleton
6773->6779,1,5506.0,652.0237026430236,0.02368411560635756,0,upstream boundary-facing singleton
10553->8641,1,18059.68,2134.7632755430614,0.023641208211253595,0,downstream boundary-facing singleton
2090->10637,1,8369.12,980.813831845414,0.02343887605495952,0,upstream boundary-facing singleton
6672->6673,1,17178.72,2012.3113752878385,0.023427954763659206,0,upstream boundary-facing singleton
8351->6750,1,11012.0,1289.7408369515085,0.0234242796395116,0,upstream boundary-facing singleton
10578->6282,1,9910.800000000001,1157.8753258385334,0.023365930617882176,0,upstream boundary-facing singleton
7961->8768,1,18940.64,2207.1756383927986,0.023306241377195266,0,upstream boundary-facing singleton
7631->10627,1,21583.52,2509.0612600988625,0.023249787431325962,0,upstream boundary-facing singleton
2456->2454;2454->2448;2448->2348,3,466027.84,6759.037039233403,0.023205607765350342,0,two-sided corridor completion
8481->8478,1,5506.0,637.502968074674,0.023156664296210463,0,upstream boundary-facing singleton
8110->8102;8102->2852;2852->8068,3,314282.48,4538.152382898133,0.023103558978651986,0,two-sided corridor completion
8087->8085,1,18500.160000000003,2130.909896711003,0.023036664512209655,0,downstream boundary-facing singleton
10815->10814,1,13434.64,1540.6167046704977,0.022934990512146182,0,downstream boundary-facing singleton
7587->7589,1,27309.76,3125.019075757533,0.022885730784580553,0,upstream boundary-facing singleton
10915->12661,1,27309.76,3123.4793631599255,0.02287445487005324,0,upstream boundary-facing singleton
2457->8217;8217->8218;8218->5162,3,424402.48,6058.070925852053,0.022838965223208135,0,two-sided corridor completion
2157->12774,1,10791.76,1230.5653589953026,0.02280564725300234,0,upstream boundary-facing singleton
10883->2568,1,3303.6,375.51559703525203,0.022733720609955932,0,downstream boundary-facing singleton
5116->5163,1,12333.44,1392.4342842268686,0.02257982013496427,0,upstream boundary-facing singleton
12589->2061,1,22024.0,2477.7085244670598,0.022500077410707045,0,downstream boundary-facing singleton
8652->6261,1,11012.0,1238.1893652450908,0.022488001548221774,0,upstream boundary-facing singleton
6673->6672,1,17178.72,1924.401280003791,0.022404478098528774,0,downstream boundary-facing singleton
7037->7035,1,11672.720000000001,1307.1686008933718,0.022396983751745467,0,upstream boundary-facing singleton
8992->9005,1,11012.0,1231.6734112623658,0.02236965875885154,0,upstream boundary-facing singleton
8378->6866,1,11232.24,1248.5734673954444,0.0222319584943955,0,upstream boundary-facing singleton
10910->12642,1,17178.72,1906.964324887633,0.022201471645007697,0,downstream boundary-facing singleton
1956->2164,1,96905.6,10699.834614134797,0.02208300575845936,0,upstream boundary-facing singleton
7555->10164,1,11012.0,1214.1626834214564,0.022051628830756564,0,upstream boundary-facing singleton
12524->12517,1,16518.0,1813.189847687621,0.02195410882295219,0,upstream boundary-facing singleton
10841->8531,1,22024.0,2416.8338783613494,0.0219472745946363,0,downstream boundary-facing singleton
10821->10815,1,21803.76,2388.666265447818,0.0219105903334821,0,upstream boundary-facing singleton
2846->7047,1,23785.920000000002,2567.3989537429106,0.02158755224723627,0,upstream boundary-facing singleton
6623->4897;4897->4899,2,545754.72,7228.522865633942,0.021523129761763963,1,upstream corridor extension
10596->8377,1,11232.24,1204.0987436918633,0.02144004657471463,0,upstream boundary-facing singleton
5335->5292,1,24226.4,2592.26609254167,0.02140034088879627,0,upstream boundary-facing singleton
6779->10859,1,11892.960000000001,1270.3273530417182,0.021362677635201298,0,downstream boundary-facing singleton
12531->11188,1,16518.0,1742.6110038582385,0.02109953994258674,0,upstream boundary-facing singleton
5161->5159,1,8809.6,927.1344504040754,0.021048275753815734,0,downstream boundary-facing singleton
4896->6622;6622->4719,2,289395.36,3747.8461784567826,0.021044739763596318,1,downstream corridor extension
10618->10624,1,17398.96,1823.3149446135494,0.020958895757143527,0,downstream boundary-facing singleton
2165->1960,1,96905.6,10126.03494509676,0.02089876115538578,0,downstream boundary-facing singleton
2825->7044,1,22904.96,2385.5352820285316,0.020829857655534276,0,downstream boundary-facing singleton
10882->2127,1,14756.080000000002,1535.8742492420013,0.02081683278000663,0,downstream boundary-facing singleton
11051->4486,1,21803.76,2267.7061071251696,0.020801055479652775,0,upstream boundary-facing singleton
2825->7047,1,24226.4,2518.2320899338706,0.020789156374317858,0,downstream boundary-facing singleton
7047->2846,1,23785.920000000002,2470.6545107741435,0.020774092494838487,0,upstream boundary-facing singleton
7958->4695,1,294240.64,30557.903787860792,0.020770688772197336,0,upstream boundary-facing singleton
7560->7589,1,29952.640000000003,3107.5880830907217,0.020750011238346414,0,upstream boundary-facing singleton
4438->4439,1,9029.84,934.2398340924699,0.020692278802115428,0,upstream boundary-facing singleton
4897->4899;4899->6470,2,530558.16,6738.210654472341,0.02063787373191575,1,downstream corridor extension
10043->2169;2169->10037,2,932055.6799999999,11808.860689456527,0.020588253504733603,1,upstream corridor extension
8364->2441,1,22024.0,2266.9149764284693,0.020585860664987916,0,downstream boundary-facing singleton
10625->8366,1,17619.2,1811.8981811038655,0.02056731498710345,0,downstream boundary-facing singleton
10641->10647,1,22904.96,2342.996546504655,0.020458420765673942,0,upstream boundary-facing singleton
10678->10677,1,22464.48,2296.8553537958805,0.02044877383136294,0,upstream boundary-facing singleton
10818->10819,1,30833.6,3121.6827443861575,0.020248577813723717,0,upstream boundary-facing singleton
7472->12573,1,7488.160000000001,756.7721517978076,0.02021249951384072,0,upstream boundary-facing singleton
7586->10620,1,22464.48,2269.4342099244836,0.020204644932128264,0,upstream boundary-facing singleton
12884->10087;10087->12735;12735->12736,3,551040.48,4626.56493679309,0.020150526597072175,2,two-sided corridor completion
11056->11049,1,23785.920000000002,2390.995943668244,0.02010429652221351,0,downstream boundary-facing singleton
10892->10893,1,12773.919999999998,1283.0296820750639,0.020088268629756004,0,upstream boundary-facing singleton
12508->10858,1,11012.0,1104.8149598100779,0.020065654918454013,0,downstream boundary-facing singleton
12455->12460,1,23345.440000000002,2339.0179689898764,0.020038328418653717,0,downstream boundary-facing singleton
2441->8364,1,22024.0,2190.788739330308,0.0198945581123348,0,upstream boundary-facing singleton
4716->6623;6623->4897,2,295341.83999999997,3606.85850560735,0.019845292057542353,1,upstream corridor extension
4900->6471;6471->4898;4898->4896,3,810703.4400000001,10051.787327109992,0.019838154039874295,0,upstream corridor extension
12317->12318,1,5506.0,543.7336499145395,0.01975058662965999,0,downstream boundary-facing singleton
5795->8769,1,8809.6,861.5328553727375,0.019558955125607007,0,upstream boundary-facing singleton
10545->8484,1,16518.0,1615.148317364462,0.01955622130239087,0,downstream boundary-facing singleton
10358->1898,1,8369.12,806.8194956539551,0.019280868135573514,0,downstream boundary-facing singleton
10913->10907,1,22464.48,2165.5265656822153,0.019279561028630224,0,downstream boundary-facing singleton
9969->2315;2315->2313,2,395330.80000000005,4687.1781538096175,0.01926655980242528,1,upstream corridor extension
10629->2086,1,22024.0,2119.682769974138,0.019248844623811642,0,upstream boundary-facing singleton
12241->10987,1,22024.0,2119.026437358588,0.019242884465660987,0,downstream boundary-facing singleton
11113->12535,1,11012.0,1055.353849297445,0.019167341977795953,0,upstream boundary-facing singleton
11861->2058,1,5726.24,548.4409148082617,0.019155359007246003,0,upstream boundary-facing singleton
6879->11862,1,5065.52,484.5506645470372,0.01913132963830119,0,upstream boundary-facing singleton
10569->5862,1,12553.679999999998,1197.7742719252417,0.019082440717387125,0,downstream boundary-facing singleton
10547->4971,1,14315.6,1364.2792062100443,0.01906003529310744,0,downstream boundary-facing singleton
12185->4386,1,5506.0,523.9352984881807,0.01903143111108539,0,upstream boundary-facing singleton
6954->6955,1,11012.0,1047.5954360965611,0.019026433637787166,0,upstream boundary-facing singleton
8364->10636,1,44048.0,4168.93733901243,0.01892906528792422,0,upstream boundary-facing singleton
6866->6838,1,11232.24,1059.7094243020322,0.018869066620763666,0,downstream boundary-facing singleton
4532->10912,1,20041.84,1873.665954234826,0.018697544279715095,0,upstream boundary-facing singleton
12368->4529,1,22904.96,2116.4450173837977,0.01848023325414057,0,upstream boundary-facing singleton
10840->12402,1,9690.56,893.0879330207598,0.018432122251361323,0,upstream boundary-facing singleton
3967->3308;3308->7510;7510->12203,3,461182.55999999994,5285.75338590096,0.018338085935950262,0,downstream corridor extension
12529->11187,1,5726.24,524.6606948407523,0.01832478886112885,0,downstream boundary-facing singleton
8772->5798,1,9250.08,840.1529560339377,0.018165312214249774,0,downstream boundary-facing singleton
12740->12656,1,42286.08,3814.2540276672894,0.018040234647748333,0,downstream boundary-facing singleton
5154->5152,1,4404.8,393.3442727654813,0.01785980170566116,0,downstream boundary-facing singleton
10087->12735;12735->12736,2,418896.48,3831.7501387524653,0.017837134297636753,2,downstream corridor extension
7592->10622,1,22024.0,1962.4763738634429,0.01782125294100475,0,upstream boundary-facing singleton
11080->2753,1,6386.959999999999,566.4994888543192,0.01773925275418413,0,downstream boundary-facing singleton
4896->6622,1,185662.32,2621.571211946265,0.017650129627448538,1,downstream boundary-facing singleton
4532->10906,1,4404.8,385.3462995628043,0.017496653630712147,0,downstream boundary-facing singleton
5049->5046;5046->5042;5042->4900,3,510736.56,4459.7810773654965,0.017464115266647432,1,two-sided corridor completion
8366->10625,1,17619.2,1529.301509020211,0.01735948861492248,0,upstream boundary-facing singleton
2425->6375,1,11012.0,954.7160615025402,0.01733955796408537,0,downstream boundary-facing singleton
7547->7554,1,22904.96,1978.135322842337,0.017272549900478648,0,upstream boundary-facing singleton
5190->5197,1,68714.88,944.340359742583,0.01717860017623881,1,upstream boundary-facing singleton
12903->10445,1,20262.08,1733.8907100710155,0.01711463689878843,0,upstream boundary-facing singleton
7564->10622,1,13654.88,1167.7851772639988,0.017104290587160034,0,upstream boundary-facing singleton
8408->10565,1,21583.52,1836.060876674969,0.01701354437714487,0,downstream boundary-facing singleton
12884->10087;10087->12735,2,387181.92000000004,3369.7174517699523,0.016971218674031594,2,upstream corridor extension
5870->10571,1,22464.48,1898.1571895652294,0.0168991865341662,0,downstream boundary-facing singleton
10907->10913,1,22464.48,1897.8916629377009,0.016896822565558616,0,upstream boundary-facing singleton
8214->2456;2456->2454;2454->2448,3,554784.56,5839.245001408684,0.016840396571696038,0,upstream corridor extension
12152->2698,1,4845.28,81.43202559223124,0.016806464351333927,0,upstream boundary-facing singleton
12917->1804,1,80167.36,1077.6042483388774,0.01680241572659492,1,downstream boundary-facing singleton
10895->7670,1,14976.320000000002,1253.3865033419272,0.016738244152661366,0,downstream boundary-facing singleton
7905->7965,1,6607.2,551.7732502654484,0.016702180962145794,0,downstream boundary-facing singleton
9626->9625,1,22024.0,1832.0851145268407,0.016637169583425725,0,downstream boundary-facing singleton
2164->2159,1,232573.44,19337.9216646927,0.016629518542351784,0,downstream boundary-facing singleton
12660->10910,1,33036.0,2745.8808556137524,0.016623567354484517,0,downstream boundary-facing singleton
2146->2148;2148->2150;2150->12717,3,517123.52,4289.396172048618,0.016589445291711417,1,two-sided corridor completion
5046->5042;5042->4900;4900->6471,3,784054.4,6498.520764984647,0.01657670887373286,1,downstream corridor extension
12400->12406,1,13875.12,1148.5591169735085,0.016555663907389752,0,downstream boundary-facing singleton
12642->10910,1,34357.44,2841.016848505066,0.01653800078530336,0,upstream boundary-facing singleton
6623->4897,1,191608.8,2527.6389640237553,0.01648958035867713,1,upstream boundary-facing singleton
3252->3967;3967->3308;3308->7510,3,466468.31999999995,3839.866699125339,0.01646356905491605,1,two-sided corridor completion
10980->12235,1,7267.92,597.9638400434918,0.016454882278382037,0,downstream boundary-facing singleton
6255->12464,1,18500.16,1518.0800535951453,0.016411534317488555,0,downstream boundary-facing singleton
12454->10839,1,28190.72,2303.811049166813,0.01634446405885918,0,downstream boundary-facing singleton
8482->4972,1,22024.0,1799.0206129475935,0.01633691076051211,0,downstream boundary-facing singleton
8114->8109,1,6607.200000000001,539.0525873153198,0.016317126386830118,0,upstream boundary-facing singleton
2569->10883,1,4625.04,375.2269919134886,0.016225891750708692,0,upstream boundary-facing singleton
4353->8414,1,27089.52,2184.3663265828714,0.016127021273044863,0,downstream boundary-facing singleton
2058->11861,1,5726.24,459.1756967532895,0.016037598729822345,0,downstream boundary-facing singleton
6550->10618,1,6607.2,529.6917226760265,0.016033772934859743,0,downstream boundary-facing singleton
8278->12038,1,8809.6,700.8398278208009,0.015910820646131512,0,downstream boundary-facing singleton
10905->7483,1,9250.08,734.2857605158737,0.015876311567378308,0,upstream boundary-facing singleton
5049->5046;5046->5042,2,264067.76,2574.2527099978342,0.01584123958845442,1,upstream corridor extension
9116->10776,1,14315.6,1132.7275864524624,0.015825080142675998,0,upstream boundary-facing singleton
8371->10614,1,44048.0,3472.3770488300856,0.015766332404786077,0,upstream boundary-facing singleton
12826->12825,1,19381.12,1525.297070499162,0.01574003019948447,0,downstream boundary-facing singleton
12717->2165,1,232573.44,18165.70810165482,0.015621481198932106,0,upstream boundary-facing singleton
2584->10441,1,10571.52,822.6976911525118,0.015564416302528148,0,upstream boundary-facing singleton
10865->10864,1,22024.0,1708.584973060198,0.015515664484745714,0,upstream boundary-facing singleton
12307->3938,1,27750.24,2142.090395036069,0.015438355812678151,0,downstream boundary-facing singleton
4972->8486,1,24446.640000000003,1864.7018842881794,0.015255281578885109,0,downstream boundary-facing singleton
10087->12735,1,255037.92,2574.902653729328,0.015144234161704236,2,non-interior singleton
10923->12085,1,16297.76,1230.191324265535,0.015096446680593345,0,downstream boundary-facing singleton
7040->10122,1,17619.2,1326.8232714957946,0.015061106877676565,0,downstream boundary-facing singleton
12524->10865,1,23565.68,1774.201300244794,0.015057501419392896,0,downstream boundary-facing singleton
10655->10656,1,21803.76,1641.3427367628815,0.015055593500963886,0,upstream boundary-facing singleton
8648->8649,1,8369.12,629.2079375481251,0.01503641810723529,0,downstream boundary-facing singleton
10806->8893,1,107036.64000000001,8009.3291168872165,0.014965583966176846,0,downstream boundary-facing singleton
8891->10810,1,16297.76,1219.2987581707514,0.0149627771935622,0,downstream boundary-facing singleton
12336->10543,1,6607.2,484.33444855621826,0.014660807862822929,0,upstream boundary-facing singleton
5518->5507,1,7488.160000000001,547.5056840475435,0.014623236791082012,0,downstream boundary-facing singleton
12661->12743,1,33036.0,2415.061106424202,0.014620784032111648,0,upstream boundary-facing singleton
1959->1956,1,4404.8,321.07934662898083,0.014578611815700183,0,downstream boundary-facing singleton
8828->8357,1,18940.64,1374.465507392078,0.014513400892388834,0,downstream boundary-facing singleton
8358->5167,1,22024.0,1596.4177922337508,0.014497074030455422,0,upstream boundary-facing singleton
4899->6470,1,176412.24,2037.3267528621539,0.014435837564772673,1,downstream boundary-facing singleton
4386->7895,1,5506.0,393.8231320717389,0.014305235454839771,0,downstream boundary-facing singleton
3938->12307,1,27750.24,1982.8479372436086,0.01429067234909398,0,upstream boundary-facing singleton
2086->10629,1,22024.0,1571.2970609992558,0.014268952606240974,0,downstream boundary-facing singleton
7592->10628,1,22024.0,1557.5539256194788,0.014144151158912814,0,downstream boundary-facing singleton
7965->7905,1,6607.2,466.50923151820626,0.014121238392002855,0,upstream boundary-facing singleton
8484->10545,1,16518.0,1159.9637607711643,0.014044845147973897,0,upstream boundary-facing singleton
10648->10649,1,22024.0,1523.180106759758,0.013832002422446041,0,downstream boundary-facing singleton
8972->10868,1,11012.0,761.1628388252559,0.013824243349532438,0,upstream boundary-facing singleton
6262->8687,1,6166.72,425.6468671850797,0.0138046438685421,0,upstream boundary-facing singleton
1960->1961,1,4404.8,302.668621177477,0.013742672592511669,0,upstream boundary-facing singleton
10614->8371,1,44048.0,3021.267881392009,0.013718070656520202,0,downstream boundary-facing singleton
6248->6543,1,82810.23999999999,5612.607381302607,0.01355534625018019,0,downstream boundary-facing singleton
10975->7522,1,32375.28,2191.187352101293,0.013536175453007932,0,downstream boundary-facing singleton
10845->10844,1,23125.2,1554.2954828656882,0.01344243926855282,0,downstream boundary-facing singleton
12305->10979,1,16738.24,1119.8074161535176,0.013380228938687908,0,upstream boundary-facing singleton
11049->3950,1,33476.48,2239.414219058164,0.013379030406172714,0,downstream boundary-facing singleton
12656->12657,1,41845.6,2788.0299835995215,0.013325319668493327,0,downstream boundary-facing singleton
11193->10912,1,22244.24,1473.4633003159247,0.0132480435413026,0,upstream boundary-facing singleton
9969->2315,1,172888.40000000002,1808.7803267632837,0.01307765823764986,1,upstream boundary-facing singleton
12454->10846,1,22464.48,1468.5851858424844,0.013074731183116499,0,downstream boundary-facing singleton
8406->10572,1,21583.52,1399.6358903739622,0.012969486815625646,0,downstream boundary-facing singleton
12439->4503,1,47571.840000000004,3069.9155128654625,0.012906440082475105,0,downstream boundary-facing singleton
7670->2087,1,16297.76,1045.3101709273014,0.012827654486595723,0,upstream boundary-facing singleton
12569->8319,1,9250.08,592.2961033384578,0.012806291477229554,0,downstream boundary-facing singleton
10643->8361,1,23345.440000000002,1488.8581533099734,0.012755023279149789,0,downstream boundary-facing singleton
12318->10811,1,22904.96,1456.2116881490706,0.01271525196419527,0,upstream boundary-facing singleton
8760->5614,1,12333.44,773.719973698611,0.012546701872285607,0,downstream boundary-facing singleton
3252->3967;3967->3308,2,433432.31999999995,3331.0146999988283,0.012488452378212351,1,upstream corridor extension
8406->10571,1,22024.0,1374.8657505626431,0.012485159376703988,0,upstream boundary-facing singleton
5164->5166,1,22684.72,1414.6631289876918,0.012472387836285322,0,downstream boundary-facing singleton
12315->10798,1,16738.24,1035.7015886036802,0.012375274683642726,0,downstream boundary-facing singleton
2159->2156,1,44048.0,2717.8629620004517,0.012340460234291917,0,downstream boundary-facing singleton
12438->12439,1,47571.840000000004,2910.8365142807206,0.012237645271995872,0,upstream boundary-facing singleton
5046->5042,1,257240.32,2517.96256610787,0.012235458296875222,1,non-interior singleton
4458->8531,1,11012.0,672.5278098455183,0.012214453502461285,0,upstream boundary-facing singleton
2146->2148;2148->2150,2,404360.64,3039.2108982337654,0.012213645990939843,1,upstream corridor extension
11862->6879,1,10131.04,616.0160436306356,0.0121609636055259,0,downstream boundary-facing singleton
3966->12438,1,44048.0,2670.082253297705,0.012123511865681552,0,upstream boundary-facing singleton
4972->8482,1,22024.0,1331.8304499446087,0.01209435570236659,0,upstream boundary-facing singleton
10864->10865,1,22024.0,1328.4886575736268,0.01206400887734859,0,downstream boundary-facing singleton
7073->8872,1,24226.4,1454.9525672091954,0.012011298147551393,0,downstream boundary-facing singleton
10588->6806,1,18500.16,1110.0455929459574,0.012000389109563997,0,upstream boundary-facing singleton
8893->12358,1,5946.4800000000005,353.54080850842195,0.011890759188912498,0,downstream boundary-facing singleton
10794->12244,1,27309.76,1621.2912715461798,0.011873346902691054,0,upstream boundary-facing singleton
12570->3164,1,33696.72,1955.9736050275687,0.011609281882791969,0,upstream boundary-facing singleton
12745->10915,1,34577.68,2002.4349915107327,0.011582240286281398,0,upstream boundary-facing singleton
12517->12524,1,16518.0,951.9149686132585,0.011525789667190442,0,downstream boundary-facing singleton
12244->10794,1,27309.76,1566.736496839447,0.011473821057669106,0,downstream boundary-facing singleton
12555->11790,1,26428.8,1492.9032181968666,0.011297548267018304,0,upstream boundary-facing singleton
12878->12796,1,173549.12,9770.005549087891,0.011259066653968504,0,downstream boundary-facing singleton
5128->5154,1,9690.56,538.6456505036638,0.01111691482233563,0,upstream boundary-facing singleton
12358->2446,1,13875.12,770.6181852530135,0.011107913809077162,0,upstream boundary-facing singleton
12238->12239,1,32155.04,1750.7338655647575,0.010889327866267668,0,downstream boundary-facing singleton
10557->4439,1,9690.56,527.2658724453822,0.010882051655330183,0,downstream boundary-facing singleton
12657->4551,1,26428.8,1435.923636527639,0.010866355162002355,0,downstream boundary-facing singleton
12743->12740,1,72458.96,3890.0182676939276,0.010737162851064734,0,upstream boundary-facing singleton
11038->12742,1,29732.4,1577.6462657495433,0.010612303519053581,0,downstream boundary-facing singleton
11050->10987,1,26428.8,1377.6972524837195,0.010425726877374072,0,downstream boundary-facing singleton
10441->2584,1,10571.52,549.1589742317241,0.010389404252779622,0,downstream boundary-facing singleton
10818->12355,1,34137.200000000004,1761.3360341051925,0.010319159357564138,0,downstream boundary-facing singleton
6543->6656,1,59024.32000000001,3043.7890827656993,0.010313677761186232,0,downstream boundary-facing singleton
12367->12364,1,20922.8,1077.3737590368437,0.01029856194234848,0,upstream boundary-facing singleton
8107->8113,1,6607.200000000001,337.0194379993297,0.010201581244682458,0,downstream boundary-facing singleton
10900->10895,1,29952.640000000003,1521.6342840425734,0.010160268237074083,0,upstream boundary-facing singleton
2122->12359,1,33036.0,1670.1103422614344,0.01011085084308896,0,upstream boundary-facing singleton
11107->11106,1,55060.0,2684.5982425684906,0.009751537386736253,0,downstream boundary-facing singleton
4452->12452,1,11012.0,535.6878012528794,0.009729164570520876,0,upstream boundary-facing singleton
12743->12744,1,15416.8,743.7054689974723,0.009647987507102282,0,upstream boundary-facing singleton
10644->8361,1,33036.0,1573.2309122749255,0.00952434260972833,0,upstream boundary-facing singleton
10616->8324,1,11452.48,537.6486233532898,0.009389208684115405,0,downstream boundary-facing singleton
10915->10911,1,44488.48,2066.3825570409463,0.009289517452792032,0,upstream boundary-facing singleton
10630->10636,1,45369.44,2102.468652245957,0.00926821513444273,0,upstream boundary-facing singleton
10844->10843,1,23565.68,1091.012822139587,0.009259336646679299,0,downstream boundary-facing singleton
8160->8132,1,33036.0,1525.7724170358972,0.009237028799103385,0,upstream boundary-facing singleton
12548->10867,1,22904.96,1036.3902573216185,0.009049483232641478,0,downstream boundary-facing singleton
4695->4560,1,89197.20000000001,4025.9527725341445,0.009027083299776549,0,downstream boundary-facing singleton
10649->7778,1,19601.36,883.2865281630868,0.009012502481083831,0,downstream boundary-facing singleton
7509->3277,1,33036.0,1459.3968077296365,0.008835190747848628,0,upstream boundary-facing singleton
6213->8801,1,18940.64,835.7717359450904,0.008825168906067488,0,upstream boundary-facing singleton
8512->8511,1,6607.2,285.00061639588205,0.00862697107385525,0,downstream boundary-facing singleton
10834->10835,1,49333.76,2118.8842053595986,0.008589996810944873,0,upstream boundary-facing singleton
6090->6248,1,92500.8,3948.561424314547,0.00853735627003128,0,upstream boundary-facing singleton
12439->12438,1,47571.840000000004,2026.3414431638557,0.00851907953597698,0,downstream boundary-facing singleton
12797->12877,1,173549.12,7336.393300880638,0.00845454393647244,0,upstream boundary-facing singleton
8064->2861,1,44928.96,1895.2069357721518,0.008436460295418153,0,upstream boundary-facing singleton
7962->7958,1,50214.719999999994,2058.8606204999164,0.00820022742534427,0,upstream boundary-facing singleton
8164->8161,1,28631.2,1171.455754609518,0.008183071297113065,0,upstream boundary-facing singleton
12744->11041,1,63208.880000000005,2556.5913343375037,0.008089342302339493,0,upstream boundary-facing singleton
2261->11039,1,30613.359999999997,195.9377234171997,0.008000498941360885,1,upstream boundary-facing singleton
12323->10539,1,11892.960000000001,474.25239724368674,0.007975346713411746,0,upstream boundary-facing singleton
10868->10874,1,15857.279999999999,629.4264815673608,0.007938643721588581,0,downstream boundary-facing singleton
11056->3956,1,14976.320000000002,588.0060704701222,0.007852477383898342,0,upstream boundary-facing singleton
12601->10013,1,18059.68,703.580105602846,0.0077917228389743996,0,downstream boundary-facing singleton
7109->10970,1,9910.800000000001,376.6745269961259,0.007601294083144164,0,upstream boundary-facing singleton
7036->7035,1,22024.0,831.9106284796915,0.0075545825325071874,0,downstream boundary-facing singleton
4559->12808,1,3303.6,24.92448536865926,0.0075446438335934314,0,upstream boundary-facing singleton
12355->3956,1,33036.0,1234.8220611460022,0.007475614851350056,0,upstream boundary-facing singleton
7788->10650,1,42726.56,1588.3888599928666,0.007435135709464403,0,downstream boundary-facing singleton
7964->7962,1,62548.159999999996,2269.0155820594355,0.0072552592500224975,0,downstream boundary-facing singleton
10867->12548,1,22904.96,824.1863245300337,0.007196575104519142,0,upstream boundary-facing singleton
12916->12878,1,171787.19999999998,6082.027067577973,0.007080885034016474,0,upstream boundary-facing singleton
8129->8159,1,33036.0,1146.9358267044518,0.006943551439063155,0,downstream boundary-facing singleton
12382->12381,1,22024.0,725.741608266597,0.006590461389998158,0,downstream boundary-facing singleton
5173->5180,1,88096.0,2894.0732569457223,0.006570271651257089,0,downstream boundary-facing singleton
2167->10042,1,17619.2,569.7183605408495,0.006467017350854177,0,downstream boundary-facing singleton
4560->4565,1,9910.8,316.5429722885539,0.006387838969377931,0,downstream boundary-facing singleton
4503->3317,1,48893.280000000006,1554.9168389101208,0.006360452147657594,0,downstream boundary-facing singleton
3277->3974,1,304812.16,9450.674639614319,0.006200982690201283,0,upstream boundary-facing singleton
10650->7788,1,42726.56,1323.0767651713327,0.006193228592104456,0,downstream boundary-facing singleton
3183->12570,1,33696.72,994.166022105389,0.005900669395154122,0,downstream boundary-facing singleton
12355->10818,1,34137.200000000004,992.982155011746,0.005817595789998863,0,upstream boundary-facing singleton
10037->2166,1,17619.2,506.564541621586,0.00575014236312189,0,upstream boundary-facing singleton
11106->9892,1,23345.440000000002,666.3056787346045,0.005708229776218435,0,downstream boundary-facing singleton
12740->12743,1,72458.96,2049.1493274659606,0.005656027432538255,0,upstream boundary-facing singleton
8511->8512,1,6607.2,185.4017394946079,0.005612112225893205,0,upstream boundary-facing singleton
11052->12352,1,4845.28,133.6890444931582,0.005518320695322385,0,downstream boundary-facing singleton
3317->4503,1,48893.280000000006,1333.9769968355856,0.005456688513577267,0,upstream boundary-facing singleton
2448->2348,1,46690.880000000005,1268.2269516511433,0.005432439704075585,0,downstream boundary-facing singleton
10095->10099,1,201739.84,5393.534128896664,0.005347019338269193,0,upstream boundary-facing singleton
10977->6983,1,11892.960000000001,310.7786393968812,0.0052262622492109815,0,upstream boundary-facing singleton
10099->5173,1,269573.76,7008.517031183825,0.005199702694493578,0,downstream boundary-facing singleton
12803->11036,1,26428.8,133.83973983381992,0.005064162573927682,0,downstream boundary-facing singleton
12236->12151,1,110120.0,2763.2164065054853,0.005018555042690675,0,downstream boundary-facing singleton
6498->9011,1,4404.8,106.31450320670004,0.004827211369719399,0,upstream boundary-facing singleton
12381->12382,1,22024.0,520.7682469320916,0.004729097774537701,0,upstream boundary-facing singleton
3974->12236,1,128620.16,2981.1776083705026,0.004635630383869065,0,downstream boundary-facing singleton
12796->12795,1,39643.200000000004,909.2994680139734,0.004587417100607284,0,downstream boundary-facing singleton
10160->12178,1,105715.2,2421.5399838291523,0.004581252239657405,0,downstream boundary-facing singleton
12178->12204,1,26428.8,605.3849959572881,0.004581252239657405,0,upstream boundary-facing singleton
10091->10095,1,129501.12,2883.3966891080836,0.004453083786623751,0,upstream boundary-facing singleton
1803->12916,1,80167.36,1780.292037389427,0.004441438603914179,0,upstream boundary-facing singleton
5201->2445,1,62548.159999999996,1373.5321611589202,0.004391918678851369,0,downstream boundary-facing singleton
3252->3967,1,128620.16,451.5349596501737,0.004388259970775321,1,upstream boundary-facing singleton
12151->2132,1,96905.6,2089.741909589256,0.004312943544210564,0,downstream boundary-facing singleton
8218->5162,1,96024.64000000001,2065.5935640028183,0.004302215689645529,0,downstream boundary-facing singleton
2146->2148,1,134786.88,463.27073331862863,0.004296326294134012,1,upstream boundary-facing singleton
12794->12797,1,39643.200000000004,831.066141833977,0.004192729859516775,0,upstream boundary-facing singleton
10645->10644,1,44488.48,905.7282560320982,0.0040717428693095295,0,upstream boundary-facing singleton
2439->12138,1,51756.399999999994,1024.3394656242817,0.003958310336979704,0,upstream boundary-facing singleton
12877->12917,1,171787.19999999998,3371.4111584245843,0.003925101705394331,0,downstream boundary-facing singleton
2313->2311,1,146239.36,2693.182052459626,0.003683251967814447,0,downstream boundary-facing singleton
11203->7049,1,26428.8,481.68151466073374,0.0036451258828303496,0,upstream boundary-facing singleton
12177->10157,1,105715.2,1902.2596656789417,0.003598838512681132,0,upstream boundary-facing singleton
3099->7108,1,49554.0,851.9071422901592,0.003438298189006576,0,upstream boundary-facing singleton
12329->5005,1,133905.92,2144.5726337460624,0.003203103542765043,0,upstream boundary-facing singleton
4036->11111,1,22024.0,348.601703728239,0.0031656529579389666,0,downstream boundary-facing singleton
12404->12410,1,19601.36,302.2810890222051,0.003084286896645999,0,downstream boundary-facing singleton
3308->7510,1,33036.0,508.8519991265107,0.0030805908652773383,0,downstream boundary-facing singleton
7110->3094,1,49554.0,761.5532278563713,0.0030736296882446276,0,downstream boundary-facing singleton
2311->2309,1,160334.72,2363.3469891097916,0.0029480164858987396,0,downstream boundary-facing singleton
5045->10091,1,140953.6,2021.1861575861576,0.002867874474417337,0,upstream boundary-facing singleton
6471->4898,1,176412.24,2405.7784411553057,0.0027274507042768757,0,upstream boundary-facing singleton
8180->8176,1,110120.0,1434.9875837496834,0.0026062251793492253,0,downstream boundary-facing singleton
2315->2313,1,222442.4,2878.3978270463335,0.0025879938600251876,0,upstream boundary-facing singleton
2150->12717,1,112762.88,1250.1852738148525,0.002217370244205988,0,upstream boundary-facing singleton
2156->2149,1,112762.88,1098.9763472771353,0.0019491810554628178,0,downstream boundary-facing singleton
10075->9223,1,44048.0,426.5869112577336,0.0019369184129028952,0,upstream boundary-facing singleton
10043->2169,1,465146.88,720.1208808221618,0.001935197546692568,1,upstream boundary-facing singleton
10306->10304,1,14315.6,132.2152994535147,0.0018471499546440903,0,upstream boundary-facing singleton
8101->8112,1,76643.52,621.6983391250376,0.0016223115512571384,0,downstream boundary-facing singleton
9223->10075,1,44048.0,344.0085828486287,0.0015619714077761927,0,downstream boundary-facing singleton
2456->2454,1,306574.08,2060.9917466902466,0.0013445309836306102,0,upstream boundary-facing singleton
5854->6090,1,101310.4,646.6110153373402,0.0012764948422616836,0,upstream boundary-facing singleton
8110->8102,1,76643.52,429.32129737099365,0.0011203068370841884,0,downstream boundary-facing singleton
2457->8217,1,135447.6,714.4281013950954,0.0010549143748506365,0,upstream boundary-facing singleton
10304->10306,1,28631.2,122.91580087977655,0.0008586143848652978,0,downstream boundary-facing singleton
2852->8068,1,44928.96,164.9196480597129,0.000734135168317775,0,downstream boundary-facing singleton
