node,x,y,zipcode,level2,dcfc,rainfall_class_in,rainfall_estimate_in,rainfall_estimate_mm,node_type,charging_group,retain_in_flood_network,flood_affected_node
1,712475.0,1855780.0,60649,0,0,4.0-6.0,5.0,127.0,road_node,,True,True
2,713275.0,1850580.0,60617,0,0,4.0-6.0,5.0,127.0,road_node,,True,True
3,715275.0,1847980.0,60617,0,0,4.0-6.0,5.0,127.0,road_node,,True,True
4,713675.0,1844580.0,60617,0,0,4.0-6.0,5.0,127.0,road_node,,True,True
5,717675.0,1842680.0,60617,0,0,4.0-6.0,5.0,127.0,road_node,,True,True
6,713775.0,1839180.0,60617,0,0,4.0-6.0,5.0,127.0,road_node,,True,True
7,717975.0,1838980.0,60617,0,0,4.0-6.0,5.0,127.0,road_node,,True,True
8,716775.0,1831380.0,60617,0,0,4.0-6.0,5.0,127.0,road_node,,True,True
9,718175.0,1835380.0,60617,0,0,4.0-6.0,5.0,127.0,road_node,,True,True
10,716875.0,1827080.0,60617,0,0,4.0-6.0,5.0,127.0,road_node,,True,True
11,721075.0,1831480.0,46394,0,0,4.0-6.0,5.0,127.0,road_node,,True,True
12,711675.0,1819480.0,60633,0,0,3.0-4.0,3.5,88.9,road_node,,True,True
13,717075.0,1821580.0,60633,0,0,3.0-4.0,3.5,88.9,road_node,,True,True
14,714175.0,1816880.0,60633,0,0,3.0-4.0,3.5,88.9,road_node,,True,True
15,717075.0,1816880.0,60633,0,0,3.0-4.0,3.5,88.9,road_node,,True,True
16,717175.0,1813880.0,46327,0,0,3.0-4.0,3.5,88.9,road_node,,True,True
17,720686.0,1809584.0,46327,0,0,3.0-4.0,3.5,88.9,road_node,,True,True
18,715075.0,1806180.0,60409,0,0,3.0-4.0,3.5,88.9,road_node,,True,True
19,719975.0,1805580.0,60409,0,0,3.0-4.0,3.5,88.9,road_node,,True,True
20,715675.0,1800480.0,60409,0,0,3.0-4.0,3.5,88.9,road_node,,True,True
21,719975.0,1798480.0,60409,0,0,3.0-4.0,3.5,88.9,road_node,,True,True
22,717375.0,1797780.0,60409,0,0,3.0-4.0,3.5,88.9,road_node,,True,True
23,719975.0,1796780.0,60409,0,0,3.0-4.0,3.5,88.9,road_node,,True,True
24,717475.0,1790380.0,60438,0,0,3.0-4.0,3.5,88.9,road_node,,True,True
25,720175.0,1790380.0,46324,0,0,2.0-3.0,2.5,63.5,road_node,,True,True
26,712175.0,1785080.0,60438,0,0,2.0-3.0,2.5,63.5,road_node,,True,True
27,720175.0,1784880.0,60438,0,0,3.0-4.0,3.5,88.9,road_node,,True,True
28,717475.0,1777080.0,60438,0,0,2.0-3.0,2.5,63.5,road_node,,True,True
29,717675.0,1766680.0,60411,0,0,2.0-3.0,2.5,63.5,road_node,,True,True
30,717875.0,1759980.0,46311,0,0,1.5-2.0,1.75,44.45,road_node,,True,True
31,677075.0,1964780.0,60201,0,0,4.0-6.0,5.0,127.0,road_node,,True,True
33,675775.0,1955880.0,60202,0,0,3.0-4.0,3.5,88.9,road_node,,True,True
34,678575.0,1950480.0,60626,0,0,4.0-6.0,5.0,127.0,road_node,,True,True
35,681311.0,1950840.0,60626,0,0,,,,road_node,,True,False
36,677575.0,1945280.0,60626,0,0,4.0-6.0,5.0,127.0,road_node,,True,True
37,682775.0,1945480.0,60626,0,0,3.0-4.0,3.5,88.9,road_node,,True,True
38,675075.0,1939880.0,60659,0,0,4.0-6.0,5.0,127.0,road_node,,True,True
39,683075.0,1938080.0,60660,0,0,4.0-6.0,5.0,127.0,road_node,,True,True
40,677975.0,1934580.0,60640,0,0,4.0-6.0,5.0,127.0,road_node,,True,True
41,680875.0,1934680.0,60640,0,0,3.0-4.0,3.5,88.9,road_node,,True,True
42,678075.0,1929280.0,60640,0,0,4.0-6.0,5.0,127.0,road_node,,True,True
43,684775.0,1929480.0,60640,0,0,4.0-6.0,5.0,127.0,road_node,,True,True
44,686075.0,1929480.0,60640,0,0,4.0-6.0,5.0,127.0,road_node,,True,True
45,679575.0,1923980.0,60613,0,0,4.0-6.0,5.0,127.0,road_node,,True,True
46,684175.0,1924080.0,60613,0,0,4.0-6.0,5.0,127.0,road_node,,True,True
47,686675.0,1924280.0,60613,0,0,4.0-6.0,5.0,127.0,road_node,,True,True
48,678375.0,1918680.0,60657,0,0,4.0-6.0,5.0,127.0,road_node,,True,True
49,683675.0,1918780.0,60657,0,0,4.0-6.0,5.0,127.0,road_node,,True,True
50,689575.0,1918380.0,60614,0,0,6.0-8.0,7.0,177.8,road_node,,True,True
51,678575.0,1913380.0,60614,0,0,4.0-6.0,5.0,127.0,road_node,,True,True
52,685275.0,1911880.0,60614,0,0,6.0-8.0,7.0,177.8,road_node,,True,True
53,689775.0,1913180.0,60614,0,0,4.0-6.0,5.0,127.0,road_node,,True,True
54,686803.0,1905336.0,60654,0,0,4.0-6.0,5.0,127.0,road_node,,True,True
55,688174.0,1905393.0,60654,0,0,4.0-6.0,5.0,127.0,road_node,,True,True
56,690070.0,1905470.0,60654,0,0,4.0-6.0,5.0,127.0,road_node,,True,True
57,691286.0,1905460.0,60654,0,0,4.0-6.0,5.0,127.0,road_node,,True,True
58,693053.0,1905001.0,60611,0,0,4.0-6.0,5.0,127.0,road_node,,True,True
59,694259.0,1905001.0,60611,0,0,4.0-6.0,5.0,127.0,road_node,,True,True
61,686775.0,1903780.0,60654,0,0,4.0-6.0,5.0,127.0,road_node,,True,True
62,688638.0,1903490.0,60654,0,0,4.0-6.0,5.0,127.0,road_node,,True,True
63,689694.0,1903387.0,60654,0,0,4.0-6.0,5.0,127.0,road_node,,True,True
64,690875.0,1903980.0,60654,0,0,4.0-6.0,5.0,127.0,road_node,,True,True
65,692975.0,1903980.0,60611,0,0,4.0-6.0,5.0,127.0,road_node,,True,True
66,694689.0,1903605.0,60611,0,0,4.0-6.0,5.0,127.0,road_node,,True,True
67,687820.0,1901811.0,60661,0,0,4.0-6.0,5.0,127.0,road_node,,True,True
68,688700.0,1902261.0,60661,0,0,4.0-6.0,5.0,127.0,road_node,,True,True
69,690117.0,1901879.0,60606,0,0,4.0-6.0,5.0,127.0,road_node,,True,True
70,691285.0,1901884.0,60601,0,0,4.0-6.0,5.0,127.0,road_node,,True,True
71,693075.0,1901880.0,60601,0,0,4.0-6.0,5.0,127.0,road_node,,True,True
72,694257.0,1902162.0,60601,0,0,4.0-6.0,5.0,127.0,road_node,,True,True
73,687875.0,1900780.0,60661,0,0,4.0-6.0,5.0,127.0,road_node,,True,True
74,688653.0,1900795.0,60661,0,0,4.0-6.0,5.0,127.0,road_node,,True,True
75,690185.0,1900884.0,60606,0,0,4.0-6.0,5.0,127.0,road_node,,True,True
76,691384.0,1900889.0,60602,0,0,4.0-6.0,5.0,127.0,road_node,,True,True
77,692586.0,1900868.0,60602,0,0,4.0-6.0,5.0,127.0,road_node,,True,True
78,694173.0,1900999.0,60602,0,0,4.0-6.0,5.0,127.0,road_node,,True,True
79,687892.0,1899462.0,60661,0,0,4.0-6.0,5.0,127.0,road_node,,True,True
80,689081.0,1899226.0,60606,0,0,4.0-6.0,5.0,127.0,road_node,,True,True
81,690186.0,1899723.0,60606,0,0,4.0-6.0,5.0,127.0,road_node,,True,True
82,691375.0,1899680.0,60603,0,0,4.0-6.0,5.0,127.0,road_node,,True,True
83,692675.0,1899180.0,60604,0,0,4.0-6.0,5.0,127.0,road_node,,True,True
84,694193.0,1898927.0,60604,0,0,4.0-6.0,5.0,127.0,road_node,,True,True
85,687871.0,1898309.0,60607,0,0,4.0-6.0,5.0,127.0,road_node,,True,True
86,688704.0,1898336.0,60607,0,0,4.0-6.0,5.0,127.0,road_node,,True,True
87,690584.0,1898425.0,60605,0,0,4.0-6.0,5.0,127.0,road_node,,True,True
88,691784.0,1898419.0,60605,0,0,4.0-6.0,5.0,127.0,road_node,,True,True
89,692732.0,1898210.0,60605,0,0,4.0-6.0,5.0,127.0,road_node,,True,True
90,687871.0,1896626.0,60607,0,0,4.0-6.0,5.0,127.0,road_node,,True,True
91,689186.0,1896977.0,60607,0,0,4.0-6.0,5.0,127.0,road_node,,True,True
92,690476.0,1897346.0,60607,0,0,4.0-6.0,5.0,127.0,road_node,,True,True
93,691571.0,1896623.0,60605,0,0,4.0-6.0,5.0,127.0,road_node,,True,True
94,693270.0,1897034.0,60605,0,0,4.0-6.0,5.0,127.0,road_node,,True,True
95,694280.0,1897014.0,60605,0,0,4.0-6.0,5.0,127.0,road_node,,True,True
96,688039.0,1895616.0,60607,0,0,4.0-6.0,5.0,127.0,road_node,,True,True
97,689175.0,1895600.0,60607,0,0,4.0-6.0,5.0,127.0,road_node,,True,True
98,691114.0,1895322.0,60605,0,0,4.0-6.0,5.0,127.0,road_node,,True,True
99,691984.0,1895833.0,60605,0,0,4.0-6.0,5.0,127.0,road_node,,True,True
100,693306.0,1895531.0,60605,0,0,4.0-6.0,5.0,127.0,road_node,,True,True
101,681511.0,1908244.0,60642,0,0,4.0-6.0,5.0,127.0,road_node,,True,True
102,686153.0,1908427.0,60642,0,0,6.0-8.0,7.0,177.8,road_node,,True,True
103,687988.0,1909296.0,60610,0,0,4.0-6.0,5.0,127.0,road_node,,True,True
104,689575.0,1908380.0,60610,0,0,4.0-6.0,5.0,127.0,road_node,,True,True
105,691904.0,1908458.0,60610,0,0,4.0-6.0,5.0,127.0,road_node,,True,True
106,681516.0,1905569.0,60642,0,0,4.0-6.0,5.0,127.0,road_node,,True,True
107,684375.0,1905880.0,60642,0,0,4.0-6.0,5.0,127.0,road_node,,True,True
108,688096.0,1908012.0,60610,0,0,6.0-8.0,7.0,177.8,road_node,,True,True
109,690780.0,1908105.0,60610,0,0,4.0-6.0,5.0,127.0,road_node,,True,True
110,692590.0,1906848.0,60611,0,0,4.0-6.0,5.0,127.0,road_node,,True,True
111,683400.0,1903727.0,60642,0,0,4.0-6.0,5.0,127.0,road_node,,True,True
112,684917.0,1905358.0,60642,0,0,4.0-6.0,5.0,127.0,road_node,,True,True
113,682814.0,1901662.0,60607,0,0,4.0-6.0,5.0,127.0,road_node,,True,True
114,684366.0,1901798.0,60607,0,0,4.0-6.0,5.0,127.0,road_node,,True,True
115,683890.0,1899449.0,60607,0,0,4.0-6.0,5.0,127.0,road_node,,True,True
116,685650.0,1899407.0,60607,0,0,4.0-6.0,5.0,127.0,road_node,,True,True
117,683994.0,1895532.0,60607,0,0,4.0-6.0,5.0,127.0,road_node,,True,True
118,685220.0,1895055.0,60607,0,0,4.0-6.0,5.0,127.0,road_node,,True,True
119,684035.0,1893442.0,60608,0,0,4.0-6.0,5.0,127.0,road_node,,True,True
120,686814.0,1892339.0,60608,0,0,4.0-6.0,5.0,127.0,road_node,,True,True
121,689275.0,1892380.0,60607,0,0,4.0-6.0,5.0,127.0,road_node,,True,True
122,692132.0,1892418.0,60605,0,0,4.0-6.0,5.0,127.0,road_node,,True,True
123,693784.0,1893702.0,60605,0,0,4.0-6.0,5.0,127.0,road_node,,True,True
124,695383.0,1889578.0,60616,0,0,4.0-6.0,5.0,127.0,road_node,,True,True
125,683161.0,1891180.0,60608,0,0,4.0-6.0,5.0,127.0,road_node,,True,True
126,686835.0,1891319.0,60608,0,0,4.0-6.0,5.0,127.0,road_node,,True,True
127,689286.0,1891119.0,60616,0,0,4.0-6.0,5.0,127.0,road_node,,True,True
128,691690.0,1890335.0,60616,0,0,4.0-6.0,5.0,127.0,road_node,,True,True
129,693784.0,1891261.0,60616,0,0,4.0-6.0,5.0,127.0,road_node,,True,True
130,678775.0,1906780.0,60622,0,0,4.0-6.0,5.0,127.0,road_node,,True,True
131,678975.0,1901480.0,60612,0,0,4.0-6.0,5.0,127.0,road_node,,True,True
132,679075.0,1897080.0,60612,0,0,4.0-6.0,5.0,127.0,road_node,,True,True
133,676575.0,1889380.0,60608,0,0,4.0-6.0,5.0,127.0,road_node,,True,True
134,679275.0,1888180.0,60608,0,0,4.0-6.0,5.0,127.0,road_node,,True,True
135,685175.0,1886380.0,60608,0,0,4.0-6.0,5.0,127.0,road_node,,True,True
136,689375.0,1888180.0,60616,0,0,4.0-6.0,5.0,127.0,road_node,,True,True
137,695175.0,1887280.0,60616,0,0,4.0-6.0,5.0,127.0,road_node,,True,True
138,679375.0,1881480.0,60608,0,0,4.0-6.0,5.0,127.0,road_node,,True,True
139,684775.0,1881680.0,60608,0,0,4.0-6.0,5.0,127.0,road_node,,True,True
140,688775.0,1881780.0,60616,0,0,4.0-6.0,5.0,127.0,road_node,,True,True
141,695375.0,1881880.0,60616,0,0,4.0-6.0,5.0,127.0,road_node,,True,True
142,679675.0,1873580.0,60609,0,0,4.0-6.0,5.0,127.0,road_node,,True,True
143,682275.0,1876280.0,60609,0,0,4.0-6.0,5.0,127.0,road_node,,True,True
144,688875.0,1876480.0,60609,0,0,4.0-6.0,5.0,127.0,road_node,,True,True
145,695475.0,1876580.0,60653,0,0,3.0-4.0,3.5,88.9,road_node,,True,True
146,700775.0,1875680.0,60653,0,0,3.0-4.0,3.5,88.9,road_node,,True,True
147,679775.0,1870880.0,60609,0,0,4.0-6.0,5.0,127.0,road_node,,True,True
148,685075.0,1871080.0,60609,0,0,4.0-6.0,5.0,127.0,road_node,,True,True
149,687775.0,1868380.0,60609,0,0,3.0-4.0,3.5,88.9,road_node,,True,True
150,695575.0,1871280.0,60615,0,0,3.0-4.0,3.5,88.9,road_node,,True,True
151,698875.0,1871380.0,60615,0,0,3.0-4.0,3.5,88.9,road_node,,True,True
152,679875.0,1865680.0,60636,0,0,4.0-6.0,5.0,127.0,road_node,,True,True
153,685175.0,1865780.0,60621,0,0,3.0-4.0,3.5,88.9,road_node,,True,True
154,689775.0,1865880.0,60621,0,0,3.0-4.0,3.5,88.9,road_node,,True,True
155,695675.0,1865980.0,60637,0,0,3.0-4.0,3.5,88.9,road_node,,True,True
156,700875.0,1867480.0,60637,0,0,3.0-4.0,3.5,88.9,road_node,,True,True
157,704375.0,1867880.0,60637,0,0,3.0-4.0,3.5,88.9,road_node,,True,True
158,679975.0,1860280.0,60636,0,0,4.0-6.0,5.0,127.0,road_node,,True,True
159,685275.0,1860480.0,60621,0,0,2.0-3.0,2.5,63.5,road_node,,True,True
160,689975.0,1860580.0,60621,0,0,2.0-3.0,2.5,63.5,road_node,,True,True
161,696575.0,1860680.0,60637,0,0,2.0-3.0,2.5,63.5,road_node,,True,True
162,701075.0,1861480.0,60637,0,0,3.0-4.0,3.5,88.9,road_node,,True,True
163,706475.0,1860980.0,60649,0,0,3.0-4.0,3.5,88.9,road_node,,True,True
164,680175.0,1854380.0,60620,0,0,2.0-3.0,2.5,63.5,road_node,,True,True
165,685475.0,1855780.0,60621,0,0,2.0-3.0,2.5,63.5,road_node,,True,True
166,691375.0,1854680.0,60620,0,0,2.0-3.0,2.5,63.5,road_node,,True,True
167,695975.0,1855380.0,60619,0,0,2.0-3.0,2.5,63.5,road_node,,True,True
168,701375.0,1855480.0,60619,0,0,2.0-3.0,2.5,63.5,road_node,,True,True
169,706575.0,1854980.0,60649,0,0,4.0-6.0,5.0,127.0,road_node,,True,True
170,680275.0,1849680.0,60620,0,0,2.0-3.0,2.5,63.5,road_node,,True,True
171,685575.0,1849780.0,60620,0,0,2.0-3.0,2.5,63.5,road_node,,True,True
172,689675.0,1849080.0,60620,0,0,2.0-3.0,2.5,63.5,road_node,,True,True
173,696175.0,1850080.0,60619,0,0,2.0-3.0,2.5,63.5,road_node,,True,True
174,698875.0,1847480.0,60619,0,0,2.0-3.0,2.5,63.5,road_node,,True,True
175,706775.0,1850380.0,60617,0,0,4.0-6.0,5.0,127.0,road_node,,True,True
176,677875.0,1841680.0,60643,0,0,2.0-3.0,2.5,63.5,road_node,,True,True
177,685775.0,1844480.0,60620,0,0,2.0-3.0,2.5,63.5,road_node,,True,True
178,688475.0,1844580.0,60620,0,0,2.0-3.0,2.5,63.5,road_node,,True,True
179,696475.0,1842080.0,60619,0,0,2.0-3.0,2.5,63.5,road_node,,True,True
180,704075.0,1847580.0,60619,0,0,4.0-6.0,5.0,127.0,road_node,,True,True
181,707075.0,1844480.0,60617,0,0,4.0-6.0,5.0,127.0,road_node,,True,True
182,681475.0,1839080.0,60643,0,0,2.0-3.0,2.5,63.5,road_node,,True,True
183,685875.0,1839680.0,60643,0,0,2.0-3.0,2.5,63.5,road_node,,True,True
184,690375.0,1836680.0,60628,0,0,2.0-3.0,2.5,63.5,road_node,,True,True
185,694875.0,1836780.0,60628,0,0,2.0-3.0,2.5,63.5,road_node,,True,True
186,699475.0,1842180.0,60619,0,0,3.0-4.0,3.5,88.9,road_node,,True,True
187,707075.0,1842380.0,60617,0,0,4.0-6.0,5.0,127.0,road_node,,True,True
188,680875.0,1833780.0,60643,0,0,2.0-3.0,2.5,63.5,road_node,,True,True
189,684375.0,1833880.0,60643,0,0,2.0-3.0,2.5,63.5,road_node,,True,True
190,688775.0,1833980.0,60628,0,0,2.0-3.0,2.5,63.5,road_node,,True,True
191,696775.0,1834180.0,60628,0,0,3.0-4.0,3.5,88.9,road_node,,True,True
192,698175.0,1834280.0,60628,0,0,3.0-4.0,3.5,88.9,road_node,,True,True
193,711475.0,1833280.0,60617,0,0,4.0-6.0,5.0,127.0,road_node,,True,True
194,681975.0,1828580.0,60643,0,0,1.5-2.0,1.75,44.45,road_node,,True,True
195,686375.0,1828680.0,60643,0,0,2.0-3.0,2.5,63.5,road_node,,True,True
196,692875.0,1828880.0,60628,0,0,2.0-3.0,2.5,63.5,road_node,,True,True
197,697375.0,1828880.0,60628,0,0,3.0-4.0,3.5,88.9,road_node,,True,True
198,705075.0,1822680.0,60633,0,0,3.0-4.0,3.5,88.9,road_node,,True,True
199,711575.0,1827480.0,60617,0,0,4.0-6.0,5.0,127.0,road_node,,True,True
200,680075.0,1823380.0,60406,0,0,2.0-3.0,2.5,63.5,road_node,,True,True
201,689075.0,1823380.0,60628,0,0,2.0-3.0,2.5,63.5,road_node,,True,True
202,694475.0,1820880.0,60628,0,0,3.0-4.0,3.5,88.9,road_node,,True,True
203,701075.0,1819480.0,60628,0,0,3.0-4.0,3.5,88.9,road_node,,True,True
204,705075.0,1821280.0,60633,0,0,3.0-4.0,3.5,88.9,road_node,,True,True
205,706275.0,1819480.0,60633,0,0,3.0-4.0,3.5,88.9,road_node,,True,True
206,680175.0,1816080.0,60406,0,0,2.0-3.0,2.5,63.5,road_node,,True,True
207,683875.0,1819080.0,60406,0,0,2.0-3.0,2.5,63.5,road_node,,True,True
208,695975.0,1814180.0,60827,0,0,3.0-4.0,3.5,88.9,road_node,,True,True
209,695875.0,1819280.0,60628,0,0,3.0-4.0,3.5,88.9,road_node,,True,True
210,701175.0,1816380.0,60827,0,0,3.0-4.0,3.5,88.9,road_node,,True,True
211,711775.0,1814180.0,60633,0,0,3.0-4.0,3.5,88.9,road_node,,True,True
212,682975.0,1812780.0,60406,0,0,2.0-3.0,2.5,63.5,road_node,,True,True
213,689375.0,1811980.0,60827,0,0,2.0-3.0,2.5,63.5,road_node,,True,True
214,694575.0,1811280.0,60827,0,0,3.0-4.0,3.5,88.9,road_node,,True,True
215,699275.0,1811280.0,60419,0,0,3.0-4.0,3.5,88.9,road_node,,True,True
216,701175.0,1811280.0,60419,0,0,3.0-4.0,3.5,88.9,road_node,,True,True
217,711875.0,1808780.0,60409,0,0,3.0-4.0,3.5,88.9,road_node,,True,True
218,683975.0,1805880.0,60426,0,0,3.0-4.0,3.5,88.9,road_node,,True,True
219,687975.0,1805980.0,60426,0,0,3.0-4.0,3.5,88.9,road_node,,True,True
220,694675.0,1805980.0,60419,0,0,3.0-4.0,3.5,88.9,road_node,,True,True
221,698675.0,1805980.0,60419,0,0,3.0-4.0,3.5,88.9,road_node,,True,True
222,702275.0,1806080.0,60419,0,0,2.0-3.0,2.5,63.5,road_node,,True,True
223,709475.0,1803580.0,60409,0,0,3.0-4.0,3.5,88.9,road_node,,True,True
224,681375.0,1800580.0,60426,0,0,3.0-4.0,3.5,88.9,road_node,,True,True
225,688575.0,1800580.0,60426,0,0,3.0-4.0,3.5,88.9,road_node,,True,True
226,691875.0,1800080.0,60426,0,0,3.0-4.0,3.5,88.9,road_node,,True,True
227,696075.0,1797980.0,60473,0,0,3.0-4.0,3.5,88.9,road_node,,True,True
228,701375.0,1798080.0,60473,0,0,2.0-3.0,2.5,63.5,road_node,,True,True
229,709275.0,1800880.0,60409,0,0,2.0-3.0,2.5,63.5,road_node,,True,True
230,684175.0,1792680.0,60429,0,0,3.0-4.0,3.5,88.9,road_node,,True,True
231,688175.0,1792680.0,60426,0,0,3.0-4.0,3.5,88.9,road_node,,True,True
232,694175.0,1795380.0,60473,0,0,3.0-4.0,3.5,88.9,road_node,,True,True
233,698875.0,1795180.0,60473,0,0,2.0-3.0,2.5,63.5,road_node,,True,True
234,705175.0,1795580.0,60473,0,0,2.0-3.0,2.5,63.5,road_node,,True,True
235,709475.0,1792880.0,60438,0,0,2.0-3.0,2.5,63.5,road_node,,True,True
236,684475.0,1789980.0,60429,0,0,2.0-3.0,2.5,63.5,road_node,,True,True
237,688175.0,1790080.0,60430,0,0,2.0-3.0,2.5,63.5,road_node,,True,True
238,696175.0,1791680.0,60476,0,0,2.0-3.0,2.5,63.5,road_node,,True,True
239,698875.0,1787580.0,60476,0,0,2.0-3.0,2.5,63.5,road_node,,True,True
240,706775.0,1789080.0,60438,0,0,2.0-3.0,2.5,63.5,road_node,,True,True
241,709475.0,1789380.0,60438,0,0,2.0-3.0,2.5,63.5,road_node,,True,True
242,682675.0,1784680.0,60430,0,0,2.0-3.0,2.5,63.5,road_node,,True,True
243,688275.0,1783480.0,60430,0,0,2.0-3.0,2.5,63.5,road_node,,True,True
244,690975.0,1784080.0,60476,0,0,2.0-3.0,2.5,63.5,road_node,,True,True
245,698775.0,1786080.0,60476,0,0,2.0-3.0,2.5,63.5,road_node,,True,True
246,705675.0,1782380.0,60476,0,0,2.0-3.0,2.5,63.5,road_node,,True,True
247,709475.0,1786580.0,60438,0,0,2.0-3.0,2.5,63.5,road_node,,True,True
248,683075.0,1776780.0,60430,0,0,2.0-3.0,2.5,63.5,road_node,,True,True
249,686075.0,1782080.0,60430,0,0,2.0-3.0,2.5,63.5,road_node,,True,True
250,697775.0,1777180.0,60425,0,0,2.0-3.0,2.5,63.5,road_node,,True,True
251,706975.0,1776880.0,60425,0,0,2.0-3.0,2.5,63.5,road_node,,True,True
252,683775.0,1775280.0,60422,0,0,2.0-3.0,2.5,63.5,road_node,,True,True
253,687375.0,1775380.0,60430,0,0,2.0-3.0,2.5,63.5,road_node,,True,True
254,680575.0,1768680.0,60461,0,0,2.0-3.0,2.5,63.5,road_node,,True,True
255,688875.0,1768780.0,60422,0,0,2.0-3.0,2.5,63.5,road_node,,True,True
256,691175.0,1768780.0,60425,0,0,2.0-3.0,2.5,63.5,road_node,,True,True
257,701775.0,1768980.0,60411,0,0,2.0-3.0,2.5,63.5,road_node,,True,True
258,707075.0,1768980.0,60411,0,0,2.0-3.0,2.5,63.5,road_node,,True,True
259,685975.0,1763380.0,60461,0,0,2.0-3.0,2.5,63.5,road_node,,True,True
260,689475.0,1764880.0,60461,0,0,2.0-3.0,2.5,63.5,road_node,,True,True
261,691875.0,1763480.0,60411,0,0,2.0-3.0,2.5,63.5,road_node,,True,True
262,696675.0,1763580.0,60411,0,0,2.0-3.0,2.5,63.5,road_node,,True,True
263,690775.0,1754280.0,60475,0,0,2.0-3.0,2.5,63.5,road_node,,True,True
264,696675.0,1755080.0,60475,0,0,1.5-2.0,1.75,44.45,road_node,,True,True
265,712575.0,1758280.0,60411,0,0,1.5-2.0,1.75,44.45,road_node,,True,True
269,655275.0,1985480.0,60093,0,0,2.0-3.0,2.5,63.5,road_node,,True,True
271,655375.0,1980180.0,60093,0,0,2.0-3.0,2.5,63.5,road_node,,True,True
272,661175.0,1980180.0,60093,0,0,2.0-3.0,2.5,63.5,road_node,,True,True
274,655375.0,1972280.0,60093,0,0,2.0-3.0,2.5,63.5,road_node,,True,True
275,660575.0,1974380.0,60091,0,0,3.0-4.0,3.5,88.9,road_node,,True,True
276,665575.0,1974780.0,60043,0,0,3.0-4.0,3.5,88.9,road_node,,True,True
278,652675.0,1968380.0,60029,0,0,2.0-3.0,2.5,63.5,road_node,,True,True
279,660575.0,1969580.0,60091,0,0,3.0-4.0,3.5,88.9,road_node,,True,True
280,665875.0,1969680.0,60091,0,0,3.0-4.0,3.5,88.9,road_node,,True,True
281,671275.0,1968580.0,60201,0,0,3.0-4.0,3.5,88.9,road_node,,True,True
282,676675.0,1969380.0,60201,0,0,3.0-4.0,3.5,88.9,road_node,,True,True
283,645275.0,1964680.0,60029,0,0,2.0-3.0,2.5,63.5,road_node,,True,True
284,654075.0,1963480.0,60029,0,0,3.0-4.0,3.5,88.9,road_node,,True,True
285,656075.0,1963480.0,60029,0,0,3.0-4.0,3.5,88.9,road_node,,True,True
286,663375.0,1965680.0,60091,0,0,3.0-4.0,3.5,88.9,road_node,,True,True
287,667275.0,1965080.0,60203,0,0,3.0-4.0,3.5,88.9,road_node,,True,True
288,673475.0,1965180.0,60201,0,0,3.0-4.0,3.5,88.9,road_node,,True,True
289,647075.0,1961880.0,60053,0,0,2.0-3.0,2.5,63.5,road_node,,True,True
290,651475.0,1960880.0,60029,0,0,3.0-4.0,3.5,88.9,road_node,,True,True
291,656075.0,1960880.0,60077,0,0,3.0-4.0,3.5,88.9,road_node,,True,True
292,663275.0,1960780.0,60203,0,0,4.0-6.0,5.0,127.0,road_node,,True,True
293,668275.0,1960880.0,60203,0,0,4.0-6.0,5.0,127.0,road_node,,True,True
294,672475.0,1960980.0,60201,0,0,4.0-6.0,5.0,127.0,road_node,,True,True
295,644675.0,1954380.0,60714,0,0,2.0-3.0,2.5,63.5,road_node,,True,True
296,651475.0,1956180.0,60053,0,0,2.0-3.0,2.5,63.5,road_node,,True,True
297,656275.0,1955480.0,60077,0,0,3.0-4.0,3.5,88.9,road_node,,True,True
298,662075.0,1955480.0,60076,0,0,3.0-4.0,3.5,88.9,road_node,,True,True
299,665675.0,1955580.0,60076,0,0,4.0-6.0,5.0,127.0,road_node,,True,True
300,672375.0,1955780.0,60202,0,0,4.0-6.0,5.0,127.0,road_node,,True,True
301,644375.0,1949980.0,60714,0,0,2.0-3.0,2.5,63.5,road_node,,True,True
302,651275.0,1949980.0,60077,0,0,3.0-4.0,3.5,88.9,road_node,,True,True
303,656975.0,1952280.0,60077,0,0,3.0-4.0,3.5,88.9,road_node,,True,True
304,661875.0,1950180.0,60712,0,0,4.0-6.0,5.0,127.0,road_node,,True,True
305,664975.0,1950180.0,60712,0,0,4.0-6.0,5.0,127.0,road_node,,True,True
306,672275.0,1950380.0,60645,0,0,4.0-6.0,5.0,127.0,road_node,,True,True
307,645575.0,1946280.0,60631,0,0,3.0-4.0,3.5,88.9,road_node,,True,True
308,650875.0,1944280.0,60646,0,0,3.0-4.0,3.5,88.9,road_node,,True,True
309,655375.0,1944880.0,60646,0,0,4.0-6.0,5.0,127.0,road_node,,True,True
310,663075.0,1944980.0,60712,0,0,4.0-6.0,5.0,127.0,road_node,,True,True
311,665175.0,1943980.0,60712,0,0,4.0-6.0,5.0,127.0,road_node,,True,True
312,672275.0,1945080.0,60645,0,0,4.0-6.0,5.0,127.0,road_node,,True,True
313,648675.0,1937880.0,60646,0,0,4.0-6.0,5.0,127.0,road_node,,True,True
314,651275.0,1938380.0,60646,0,0,4.0-6.0,5.0,127.0,road_node,,True,True
315,654875.0,1941880.0,60646,0,0,4.0-6.0,5.0,127.0,road_node,,True,True
316,664575.0,1939680.0,60646,0,0,4.0-6.0,5.0,127.0,road_node,,True,True
317,668475.0,1939780.0,60659,0,0,4.0-6.0,5.0,127.0,road_node,,True,True
318,672475.0,1938080.0,60659,0,0,4.0-6.0,5.0,127.0,road_node,,True,True
319,646375.0,1935380.0,60656,0,0,4.0-6.0,5.0,127.0,road_node,,True,True
320,651275.0,1935080.0,60630,0,0,4.0-6.0,5.0,127.0,road_node,,True,True
321,658375.0,1934280.0,60630,0,0,4.0-6.0,5.0,127.0,road_node,,True,True
322,661475.0,1931680.0,60630,0,0,4.0-6.0,5.0,127.0,road_node,,True,True
323,668675.0,1934480.0,60625,0,0,4.0-6.0,5.0,127.0,road_node,,True,True
324,672675.0,1934480.0,60625,0,0,4.0-6.0,5.0,127.0,road_node,,True,True
325,646775.0,1928480.0,60634,0,0,4.0-6.0,5.0,127.0,road_node,,True,True
326,651475.0,1928680.0,60630,0,0,4.0-6.0,5.0,127.0,road_node,,True,True
327,656775.0,1928780.0,60630,0,0,4.0-6.0,5.0,127.0,road_node,,True,True
328,661875.0,1928880.0,60630,0,0,4.0-6.0,5.0,127.0,road_node,,True,True
329,667475.0,1929080.0,60625,0,0,4.0-6.0,5.0,127.0,road_node,,True,True
330,672775.0,1929180.0,60625,0,0,4.0-6.0,5.0,127.0,road_node,,True,True
331,646375.0,1923180.0,60634,0,0,4.0-6.0,5.0,127.0,road_node,,True,True
332,651675.0,1923380.0,60634,0,0,4.0-6.0,5.0,127.0,road_node,,True,True
333,656975.0,1923480.0,60641,0,0,4.0-6.0,5.0,127.0,road_node,,True,True
334,662675.0,1923580.0,60641,0,0,4.0-6.0,5.0,127.0,road_node,,True,True
335,668875.0,1924780.0,60618,0,0,4.0-6.0,5.0,127.0,road_node,,True,True
336,671775.0,1922180.0,60618,0,0,4.0-6.0,5.0,127.0,road_node,,True,True
337,646475.0,1917880.0,60634,0,0,4.0-6.0,5.0,127.0,road_node,,True,True
338,651875.0,1917980.0,60634,0,0,4.0-6.0,5.0,127.0,road_node,,True,True
339,657075.0,1918180.0,60641,0,0,4.0-6.0,5.0,127.0,road_node,,True,True
340,662475.0,1918280.0,60641,0,0,4.0-6.0,5.0,127.0,road_node,,True,True
341,667775.0,1919580.0,60618,0,0,4.0-6.0,5.0,127.0,road_node,,True,True
342,673075.0,1917180.0,60647,0,0,4.0-6.0,5.0,127.0,road_node,,True,True
343,646675.0,1909880.0,60707,0,0,4.0-6.0,5.0,127.0,road_node,,True,True
344,651975.0,1914180.0,60639,0,0,4.0-6.0,5.0,127.0,road_node,,True,True
345,657275.0,1912880.0,60639,0,0,4.0-6.0,5.0,127.0,road_node,,True,True
346,662575.0,1912980.0,60639,0,0,4.0-6.0,5.0,127.0,road_node,,True,True
347,669175.0,1913080.0,60647,0,0,4.0-6.0,5.0,127.0,road_node,,True,True
348,673275.0,1913180.0,60647,0,0,4.0-6.0,5.0,127.0,road_node,,True,True
349,646775.0,1907280.0,60302,0,0,4.0-6.0,5.0,127.0,road_node,,True,True
350,652075.0,1907480.0,60651,0,0,6.0-8.0,7.0,177.8,road_node,,True,True
351,657375.0,1907580.0,60651,0,0,6.0-8.0,7.0,177.8,road_node,,True,True
352,662775.0,1907680.0,60651,0,0,6.0-8.0,7.0,177.8,road_node,,True,True
353,666675.0,1908380.0,60651,0,0,4.0-6.0,5.0,127.0,road_node,,True,True
354,671875.0,1907980.0,60622,0,0,4.0-6.0,5.0,127.0,road_node,,True,True
355,646875.0,1902480.0,60301,0,0,8.0-10.0,9.0,228.6,road_node,,True,True
356,652175.0,1902380.0,60644,0,0,8.0-10.0,9.0,228.6,road_node,,True,True
357,657575.0,1902080.0,60644,0,0,8.0-10.0,9.0,228.6,road_node,,True,True
358,662875.0,1901680.0,60624,0,0,6.0-8.0,7.0,177.8,road_node,,True,True
359,669475.0,1903280.0,60624,0,0,4.0-6.0,5.0,127.0,road_node,,True,True
360,672275.0,1901080.0,60612,0,0,4.0-6.0,5.0,127.0,road_node,,True,True
361,646975.0,1897980.0,60304,0,0,6.0-8.0,7.0,177.8,road_node,,True,True
362,652375.0,1898180.0,60644,0,0,8.0-10.0,9.0,228.6,road_node,,True,True
363,657675.0,1898280.0,60644,0,0,8.0-10.0,9.0,228.6,road_node,,True,True
364,662975.0,1898380.0,60624,0,0,6.0-8.0,7.0,177.8,road_node,,True,True
365,668275.0,1898580.0,60624,0,0,4.0-6.0,5.0,127.0,road_node,,True,True
366,673675.0,1897380.0,60612,0,0,6.0-8.0,7.0,177.8,road_node,,True,True
367,647175.0,1891280.0,60304,0,0,6.0-8.0,7.0,177.8,road_node,,True,True
368,652475.0,1891480.0,60304,0,0,8.0-10.0,9.0,228.6,road_node,,True,True
369,657975.0,1888980.0,60804,0,0,8.0-10.0,9.0,228.6,road_node,,True,True
370,663175.0,1891780.0,60623,0,0,6.0-8.0,7.0,177.8,road_node,,True,True
371,668475.0,1893280.0,60623,0,0,4.0-6.0,5.0,127.0,road_node,,True,True
372,673775.0,1892780.0,60608,0,0,4.0-6.0,5.0,127.0,road_node,,True,True
373,647375.0,1885980.0,60402,0,0,6.0-8.0,7.0,177.8,road_node,,True,True
374,652675.0,1886180.0,60804,0,0,8.0-10.0,9.0,228.6,road_node,,True,True
375,658075.0,1885180.0,60804,0,0,8.0-10.0,9.0,228.6,road_node,,True,True
376,663375.0,1886380.0,60623,0,0,6.0-8.0,7.0,177.8,road_node,,True,True
377,669975.0,1886580.0,60623,0,0,4.0-6.0,5.0,127.0,road_node,,True,True
378,673975.0,1886680.0,60608,0,0,4.0-6.0,5.0,127.0,road_node,,True,True
379,647475.0,1880180.0,60402,0,0,6.0-8.0,7.0,177.8,road_node,,True,True
380,652675.0,1882680.0,60804,0,0,8.0-10.0,9.0,228.6,road_node,,True,True
381,655575.0,1878180.0,60804,0,0,6.0-8.0,7.0,177.8,road_node,,True,True
382,660975.0,1878380.0,60804,0,0,6.0-8.0,7.0,177.8,road_node,,True,True
383,668675.0,1883880.0,60623,0,0,4.0-6.0,5.0,127.0,road_node,,True,True
384,674075.0,1881380.0,60608,0,0,4.0-6.0,5.0,127.0,road_node,,True,True
385,647775.0,1873380.0,60534,0,0,6.0-8.0,7.0,177.8,road_node,,True,True
386,655775.0,1873080.0,60638,0,0,6.0-8.0,7.0,177.8,road_node,,True,True
387,661075.0,1873080.0,60632,0,0,6.0-8.0,7.0,177.8,road_node,,True,True
388,663775.0,1873180.0,60632,0,0,4.0-6.0,5.0,127.0,road_node,,True,True
389,666375.0,1875980.0,60632,0,0,4.0-6.0,5.0,127.0,road_node,,True,True
390,674375.0,1876080.0,60632,0,0,4.0-6.0,5.0,127.0,road_node,,True,True
391,645275.0,1867280.0,60638,0,0,6.0-8.0,7.0,177.8,road_node,,True,True
392,655875.0,1868680.0,60638,0,0,6.0-8.0,7.0,177.8,road_node,,True,True
393,661175.0,1867780.0,60638,0,0,4.0-6.0,5.0,127.0,road_node,,True,True
394,663875.0,1867880.0,60632,0,0,4.0-6.0,5.0,127.0,road_node,,True,True
395,666475.0,1870580.0,60632,0,0,4.0-6.0,5.0,127.0,road_node,,True,True
396,674475.0,1870780.0,60632,0,0,4.0-6.0,5.0,127.0,road_node,,True,True
397,650575.0,1867480.0,60638,0,0,6.0-8.0,7.0,177.8,road_node,,True,True
398,655975.0,1867680.0,60638,0,0,6.0-8.0,7.0,177.8,road_node,,True,True
399,660475.0,1865680.0,60638,0,0,4.0-6.0,5.0,127.0,road_node,,True,True
400,663975.0,1865180.0,60629,0,0,4.0-6.0,5.0,127.0,road_node,,True,True
401,669375.0,1865280.0,60629,0,0,4.0-6.0,5.0,127.0,road_node,,True,True
402,674575.0,1865480.0,60629,0,0,4.0-6.0,5.0,127.0,road_node,,True,True
403,645575.0,1856580.0,60455,0,0,4.0-6.0,5.0,127.0,road_node,,True,True
404,656075.0,1862280.0,60638,0,0,4.0-6.0,5.0,127.0,road_node,,True,True
405,661475.0,1859880.0,60629,0,0,4.0-6.0,5.0,127.0,road_node,,True,True
406,664075.0,1859880.0,60629,0,0,4.0-6.0,5.0,127.0,road_node,,True,True
407,669475.0,1859980.0,60629,0,0,4.0-6.0,5.0,127.0,road_node,,True,True
408,674775.0,1860180.0,60629,0,0,4.0-6.0,5.0,127.0,road_node,,True,True
409,645775.0,1851280.0,60455,0,0,4.0-6.0,5.0,127.0,road_node,,True,True
410,651075.0,1851480.0,60459,0,0,4.0-6.0,5.0,127.0,road_node,,True,True
411,657275.0,1851680.0,60459,0,0,4.0-6.0,5.0,127.0,road_node,,True,True
412,661675.0,1851780.0,60652,0,0,3.0-4.0,3.5,88.9,road_node,,True,True
413,666975.0,1851980.0,60652,0,0,3.0-4.0,3.5,88.9,road_node,,True,True
414,672175.0,1852080.0,60652,0,0,3.0-4.0,3.5,88.9,road_node,,True,True
415,645975.0,1845980.0,60455,0,0,3.0-4.0,3.5,88.9,road_node,,True,True
416,651275.0,1846180.0,60459,0,0,2.0-3.0,2.5,63.5,road_node,,True,True
417,656575.0,1846380.0,60459,0,0,3.0-4.0,3.5,88.9,road_node,,True,True
418,661775.0,1846480.0,60652,0,0,2.0-3.0,2.5,63.5,road_node,,True,True
419,669475.0,1849280.0,60652,0,0,2.0-3.0,2.5,63.5,road_node,,True,True
420,672475.0,1846780.0,60652,0,0,2.0-3.0,2.5,63.5,road_node,,True,True
421,646175.0,1840780.0,60415,0,0,3.0-4.0,3.5,88.9,road_node,,True,True
422,654375.0,1840980.0,60453,0,0,3.0-4.0,3.5,88.9,road_node,,True,True
423,656575.0,1842380.0,60453,0,0,3.0-4.0,3.5,88.9,road_node,,True,True
424,661875.0,1842580.0,60456,0,0,3.0-4.0,3.5,88.9,road_node,,True,True
425,669875.0,1841380.0,60805,0,0,2.0-3.0,2.5,63.5,road_node,,True,True
426,675175.0,1844480.0,60805,0,0,2.0-3.0,2.5,63.5,road_node,,True,True
427,646375.0,1835380.0,60415,0,0,3.0-4.0,3.5,88.9,road_node,,True,True
428,651475.0,1837380.0,60415,0,0,2.0-3.0,2.5,63.5,road_node,,True,True
429,656775.0,1837780.0,60453,0,0,3.0-4.0,3.5,88.9,road_node,,True,True
430,662075.0,1835880.0,60453,0,0,3.0-4.0,3.5,88.9,road_node,,True,True
431,672775.0,1836180.0,60655,0,0,2.0-3.0,2.5,63.5,road_node,,True,True
432,675275.0,1841580.0,60805,0,0,2.0-3.0,2.5,63.5,road_node,,True,True
433,646475.0,1832780.0,60482,0,0,2.0-3.0,2.5,63.5,road_node,,True,True
434,651575.0,1832980.0,60415,0,0,3.0-4.0,3.5,88.9,road_node,,True,True
435,656775.0,1835780.0,60453,0,0,3.0-4.0,3.5,88.9,road_node,,True,True
436,662275.0,1830580.0,60803,0,0,2.0-3.0,2.5,63.5,road_node,,True,True
437,670175.0,1833580.0,60655,0,0,2.0-3.0,2.5,63.5,road_node,,True,True
438,675575.0,1833580.0,60655,0,0,2.0-3.0,2.5,63.5,road_node,,True,True
439,646575.0,1827480.0,60482,0,0,3.0-4.0,3.5,88.9,road_node,,True,True
440,651775.0,1827680.0,60482,0,0,3.0-4.0,3.5,88.9,road_node,,True,True
441,657075.0,1827880.0,60803,0,0,3.0-4.0,3.5,88.9,road_node,,True,True
442,662375.0,1827980.0,60655,0,0,2.0-3.0,2.5,63.5,road_node,,True,True
443,670475.0,1825480.0,60655,0,0,2.0-3.0,2.5,63.5,road_node,,True,True
444,673075.0,1828280.0,60655,0,0,2.0-3.0,2.5,63.5,road_node,,True,True
445,646675.0,1824780.0,60482,0,0,3.0-4.0,3.5,88.9,road_node,,True,True
446,651875.0,1823580.0,60463,0,0,3.0-4.0,3.5,88.9,road_node,,True,True
447,662575.0,1822680.0,60803,0,0,2.0-3.0,2.5,63.5,road_node,,True,True
448,667875.0,1822780.0,60803,0,0,2.0-3.0,2.5,63.5,road_node,,True,True
449,672475.0,1820280.0,60406,0,0,2.0-3.0,2.5,63.5,road_node,,True,True
450,678575.0,1820480.0,60406,0,0,2.0-3.0,2.5,63.5,road_node,,True,True
451,646975.0,1816880.0,60463,0,0,2.0-3.0,2.5,63.5,road_node,,True,True
452,652075.0,1819680.0,60463,0,0,2.0-3.0,2.5,63.5,road_node,,True,True
453,658775.0,1819880.0,60803,0,0,2.0-3.0,2.5,63.5,road_node,,True,True
454,665575.0,1814780.0,60445,0,0,2.0-3.0,2.5,63.5,road_node,,True,True
455,668075.0,1817480.0,60472,0,0,2.0-3.0,2.5,63.5,road_node,,True,True
456,675575.0,1817780.0,60406,0,0,2.0-3.0,2.5,63.5,road_node,,True,True
457,649675.0,1809080.0,60463,0,0,2.0-3.0,2.5,63.5,road_node,,True,True
458,652375.0,1809180.0,60452,0,0,2.0-3.0,2.5,63.5,road_node,,True,True
459,657775.0,1810180.0,60445,0,0,2.0-3.0,2.5,63.5,road_node,,True,True
460,665575.0,1812180.0,60445,0,0,2.0-3.0,2.5,63.5,road_node,,True,True
461,672975.0,1813780.0,60472,0,0,2.0-3.0,2.5,63.5,road_node,,True,True
462,674675.0,1812480.0,60472,0,0,2.0-3.0,2.5,63.5,road_node,,True,True
463,650075.0,1806380.0,60452,0,0,2.0-3.0,2.5,63.5,road_node,,True,True
464,652475.0,1806480.0,60452,0,0,2.0-3.0,2.5,63.5,road_node,,True,True
465,660475.0,1806680.0,60445,0,0,2.0-3.0,2.5,63.5,road_node,,True,True
466,665875.0,1806880.0,60445,0,0,2.0-3.0,2.5,63.5,road_node,,True,True
467,668375.0,1809180.0,60472,0,0,2.0-3.0,2.5,63.5,road_node,,True,True
468,673775.0,1807080.0,60469,0,0,2.0-3.0,2.5,63.5,road_node,,True,True
469,647675.0,1798280.0,60452,0,0,2.0-3.0,2.5,63.5,road_node,,True,True
470,657875.0,1803880.0,60452,0,0,2.0-3.0,2.5,63.5,road_node,,True,True
471,660675.0,1801380.0,60452,0,0,2.0-3.0,2.5,63.5,road_node,,True,True
472,663375.0,1800180.0,60452,0,0,2.0-3.0,2.5,63.5,road_node,,True,True
473,668775.0,1798880.0,60428,0,0,2.0-3.0,2.5,63.5,road_node,,True,True
474,674875.0,1797880.0,60428,0,0,2.0-3.0,2.5,63.5,road_node,,True,True
475,650175.0,1792980.0,60477,0,0,1.0-1.5,1.25,31.75,road_node,,True,True
476,657575.0,1793180.0,60452,0,0,2.0-3.0,2.5,63.5,road_node,,True,True
477,660875.0,1795980.0,60452,0,0,2.0-3.0,2.5,63.5,road_node,,True,True
478,663375.0,1798680.0,60452,0,0,2.0-3.0,2.5,63.5,road_node,,True,True
479,669575.0,1792480.0,60428,0,0,2.0-3.0,2.5,63.5,road_node,,True,True
480,674875.0,1792580.0,60428,0,0,3.0-4.0,3.5,88.9,road_node,,True,True
481,650275.0,1790280.0,60477,0,0,1.0-1.5,1.25,31.75,road_node,,True,True
482,652975.0,1789880.0,60477,0,0,1.5-2.0,1.75,44.45,road_node,,True,True
483,658375.0,1787880.0,60478,0,0,1.5-2.0,1.75,44.45,road_node,,True,True
484,664375.0,1787180.0,60478,0,0,2.0-3.0,2.5,63.5,road_node,,True,True
485,669675.0,1787280.0,60478,0,0,2.0-3.0,2.5,63.5,road_node,,True,True
486,674975.0,1787280.0,60429,0,0,2.0-3.0,2.5,63.5,road_node,,True,True
487,650375.0,1787680.0,60477,0,0,1.0-1.5,1.25,31.75,road_node,,True,True
488,653975.0,1782380.0,60477,0,0,1.5-2.0,1.75,44.45,road_node,,True,True
489,659175.0,1781780.0,60478,0,0,2.0-3.0,2.5,63.5,road_node,,True,True
490,664375.0,1781880.0,60478,0,0,2.0-3.0,2.5,63.5,road_node,,True,True
491,669675.0,1781980.0,60478,0,0,2.0-3.0,2.5,63.5,road_node,,True,True
492,679475.0,1787280.0,60429,0,0,2.0-3.0,2.5,63.5,road_node,,True,True
493,654075.0,1776480.0,60477,0,0,1.5-2.0,1.75,44.45,road_node,,True,True
494,664675.0,1776480.0,60478,0,0,2.0-3.0,2.5,63.5,road_node,,True,True
495,669875.0,1776580.0,60422,0,0,2.0-3.0,2.5,63.5,road_node,,True,True
496,678375.0,1780680.0,60430,0,0,2.0-3.0,2.5,63.5,road_node,,True,True
497,673875.0,1771280.0,60461,0,0,2.0-3.0,2.5,63.5,road_node,,True,True
498,675275.0,1774080.0,60422,0,0,2.0-3.0,2.5,63.5,road_node,,True,True
499,654175.0,1763180.0,60443,0,0,1.5-2.0,1.75,44.45,road_node,,True,True
500,659438.0,1770787.0,60443,0,0,1.5-2.0,1.75,44.45,road_node,,True,True
501,669580.0,1770860.0,60461,0,0,2.0-3.0,2.5,63.5,road_node,,True,True
502,672575.0,1768580.0,60461,0,0,2.0-3.0,2.5,63.5,road_node,,True,True
503,675275.0,1766880.0,60461,0,0,2.0-3.0,2.5,63.5,road_node,,True,True
504,659577.0,1762920.0,60443,0,0,1.5-2.0,1.75,44.45,road_node,,True,True
505,664775.0,1763280.0,60443,0,0,2.0-3.0,2.5,63.5,road_node,,True,True
506,672675.0,1763380.0,60461,0,0,2.0-3.0,2.5,63.5,road_node,,True,True
507,680675.0,1763380.0,60461,0,0,2.0-3.0,2.5,63.5,road_node,,True,True
508,648975.0,1755280.0,60423,0,0,1.0-1.5,1.25,31.75,road_node,,True,True
509,654275.0,1755280.0,60443,0,0,1.0-1.5,1.25,31.75,road_node,,True,True
510,659575.0,1755280.0,60471,0,0,1.5-2.0,1.75,44.45,road_node,,True,True
511,664875.0,1755280.0,60471,0,0,2.0-3.0,2.5,63.5,road_node,,True,True
512,672775.0,1755380.0,60466,0,0,2.0-3.0,2.5,63.5,road_node,,True,True
513,680675.0,1758080.0,60466,0,0,2.0-3.0,2.5,63.5,road_node,,True,True
514,649775.0,1749980.0,60423,0,0,1.0-1.5,1.25,31.75,road_node,,True,True
515,655175.0,1749980.0,60471,0,0,1.0-1.5,1.25,31.75,road_node,,True,True
516,660475.0,1749980.0,60471,0,0,1.5-2.0,1.75,44.45,road_node,,True,True
517,668775.0,1750080.0,60471,0,0,1.5-2.0,1.75,44.45,road_node,,True,True
518,671575.0,1749980.0,60466,0,0,1.5-2.0,1.75,44.45,road_node,,True,True
519,677275.0,1752980.0,60466,0,0,1.5-2.0,1.75,44.45,road_node,,True,True
520,622875.0,1993480.0,60062,0,0,2.0-3.0,2.5,63.5,road_node,,True,True
521,628975.0,1993480.0,60062,0,0,2.0-3.0,2.5,63.5,road_node,,True,True
522,631675.0,1993480.0,60062,0,0,2.0-3.0,2.5,63.5,road_node,,True,True
523,637975.0,1993480.0,60062,0,0,2.0-3.0,2.5,63.5,road_node,,True,True
524,642275.0,1993380.0,60062,0,0,2.0-3.0,2.5,63.5,road_node,,True,True
525,652075.0,1996080.0,60022,0,0,2.0-3.0,2.5,63.5,road_node,,True,True
526,623275.0,1989380.0,60062,0,0,1.5-2.0,1.75,44.45,road_node,,True,True
527,629075.0,1989480.0,60062,0,0,1.5-2.0,1.75,44.45,road_node,,True,True
528,631675.0,1989580.0,60062,0,0,2.0-3.0,2.5,63.5,road_node,,True,True
529,639275.0,1991380.0,60062,0,0,2.0-3.0,2.5,63.5,road_node,,True,True
530,643675.0,1988180.0,60022,0,0,2.0-3.0,2.5,63.5,road_node,,True,True
531,647575.0,1992380.0,60022,0,0,2.0-3.0,2.5,63.5,road_node,,True,True
532,623775.0,1985780.0,60062,0,0,1.5-2.0,1.75,44.45,road_node,,True,True
533,628975.0,1985480.0,60062,0,0,1.5-2.0,1.75,44.45,road_node,,True,True
534,631675.0,1985580.0,60062,0,0,1.5-2.0,1.75,44.45,road_node,,True,True
535,636975.0,1985580.0,60062,0,0,2.0-3.0,2.5,63.5,road_node,,True,True
536,642975.0,1985480.0,60062,0,0,2.0-3.0,2.5,63.5,road_node,,True,True
537,647575.0,1987180.0,60022,0,0,2.0-3.0,2.5,63.5,road_node,,True,True
538,624075.0,1982780.0,60062,0,0,1.5-2.0,1.75,44.45,road_node,,True,True
539,628975.0,1981580.0,60026,0,0,1.5-2.0,1.75,44.45,road_node,,True,True
540,631675.0,1981580.0,60026,0,0,1.5-2.0,1.75,44.45,road_node,,True,True
541,639575.0,1981480.0,60026,0,0,1.5-2.0,1.75,44.45,road_node,,True,True
542,645175.0,1981480.0,60093,0,0,2.0-3.0,2.5,63.5,road_node,,True,True
543,650275.0,1980180.0,60093,0,0,2.0-3.0,2.5,63.5,road_node,,True,True
544,625875.0,1974680.0,60026,0,0,1.5-2.0,1.75,44.45,road_node,,True,True
545,635675.0,1974880.0,60026,0,0,1.5-2.0,1.75,44.45,road_node,,True,True
546,639375.0,1971180.0,60025,0,0,2.0-3.0,2.5,63.5,road_node,,True,True
547,645375.0,1972280.0,60025,0,0,2.0-3.0,2.5,63.5,road_node,,True,True
548,647475.0,1977580.0,60093,0,0,2.0-3.0,2.5,63.5,road_node,,True,True
549,634275.0,1969580.0,60025,0,0,1.5-2.0,1.75,44.45,road_node,,True,True
550,639675.0,1969580.0,60025,0,0,2.0-3.0,2.5,63.5,road_node,,True,True
551,643475.0,1969580.0,60025,0,0,2.0-3.0,2.5,63.5,road_node,,True,True
552,650075.0,1968280.0,60029,0,0,3.0-4.0,3.5,88.9,road_node,,True,True
553,615175.0,1965080.0,60016,0,0,2.0-3.0,2.5,63.5,road_node,,True,True
554,618375.0,1962680.0,60016,0,0,2.0-3.0,2.5,63.5,road_node,,True,True
555,626075.0,1962580.0,60016,0,0,2.0-3.0,2.5,63.5,road_node,,True,True
556,628175.0,1967080.0,60016,0,0,1.5-2.0,1.75,44.45,road_node,,True,True
557,634175.0,1963780.0,60025,0,0,2.0-3.0,2.5,63.5,road_node,,True,True
558,641175.0,1965180.0,60025,0,0,2.0-3.0,2.5,63.5,road_node,,True,True
559,614575.0,1961280.0,60016,0,0,2.0-3.0,2.5,63.5,road_node,,True,True
560,621575.0,1958580.0,60016,0,0,2.0-3.0,2.5,63.5,road_node,,True,True
561,624175.0,1958980.0,60016,0,0,2.0-3.0,2.5,63.5,road_node,,True,True
562,628775.0,1958780.0,60016,0,0,2.0-3.0,2.5,63.5,road_node,,True,True
563,634175.0,1958980.0,60714,0,0,2.0-3.0,2.5,63.5,road_node,,True,True
564,643375.0,1960180.0,60053,0,0,2.0-3.0,2.5,63.5,road_node,,True,True
565,615575.0,1954080.0,60016,0,0,3.0-4.0,3.5,88.9,road_node,,True,True
566,619475.0,1954280.0,60016,0,0,2.0-3.0,2.5,63.5,road_node,,True,True
567,622575.0,1956580.0,60016,0,0,2.0-3.0,2.5,63.5,road_node,,True,True
568,628975.0,1954080.0,60068,0,0,2.0-3.0,2.5,63.5,road_node,,True,True
569,634075.0,1952380.0,60068,0,0,3.0-4.0,3.5,88.9,road_node,,True,True
570,641375.0,1952580.0,60714,0,0,2.0-3.0,2.5,63.5,road_node,,True,True
571,615575.0,1946180.0,60018,0,0,3.0-4.0,3.5,88.9,road_node,,True,True
572,619475.0,1951180.0,60018,0,0,2.0-3.0,2.5,63.5,road_node,,True,True
573,624175.0,1951880.0,60068,0,0,2.0-3.0,2.5,63.5,road_node,,True,True
574,630075.0,1951780.0,60068,0,0,3.0-4.0,3.5,88.9,road_node,,True,True
575,634075.0,1949680.0,60068,0,0,3.0-4.0,3.5,88.9,road_node,,True,True
576,643175.0,1949980.0,60714,0,0,2.0-3.0,2.5,63.5,road_node,,True,True
577,615675.0,1943680.0,60666,0,0,3.0-4.0,3.5,88.9,road_node,,True,True
578,619575.0,1942980.0,60018,0,0,3.0-4.0,3.5,88.9,road_node,,True,True
579,622175.0,1942380.0,60018,0,0,3.0-4.0,3.5,88.9,road_node,,True,True
580,630175.0,1945180.0,60068,0,0,3.0-4.0,3.5,88.9,road_node,,True,True
581,635275.0,1947180.0,60068,0,0,3.0-4.0,3.5,88.9,road_node,,True,True
582,643075.0,1942280.0,60631,0,0,4.0-6.0,5.0,127.0,road_node,,True,True
583,620304.0,1939519.0,60666,0,0,3.0-4.0,3.5,88.9,road_node,,True,True
584,617675.0,1935680.0,60666,0,0,3.0-4.0,3.5,88.9,road_node,,True,True
585,622175.0,1942080.0,60018,0,0,3.0-4.0,3.5,88.9,road_node,,True,True
586,628975.0,1939980.0,60068,0,0,3.0-4.0,3.5,88.9,road_node,,True,True
587,632575.0,1938780.0,60656,0,0,3.0-4.0,3.5,88.9,road_node,,True,True
588,639175.0,1940680.0,60631,0,0,4.0-6.0,5.0,127.0,road_node,,True,True
589,625375.0,1930680.0,60176,0,0,2.0-3.0,2.5,63.5,road_node,,True,True
590,628575.0,1930680.0,60176,0,0,3.0-4.0,3.5,88.9,road_node,,True,True
591,635375.0,1930980.0,60656,0,0,3.0-4.0,3.5,88.9,road_node,,True,True
592,638575.0,1933780.0,60656,0,0,4.0-6.0,5.0,127.0,road_node,,True,True
593,614975.0,1927780.0,60666,0,0,2.0-3.0,2.5,63.5,road_node,,True,True
594,622175.0,1927480.0,60666,0,0,2.0-3.0,2.5,63.5,road_node,,True,True
595,625975.0,1927080.0,60176,0,0,2.0-3.0,2.5,63.5,road_node,,True,True
596,629975.0,1926180.0,60176,0,0,2.0-3.0,2.5,63.5,road_node,,True,True
597,635375.0,1928180.0,60706,0,0,3.0-4.0,3.5,88.9,road_node,,True,True
598,640675.0,1928480.0,60706,0,0,4.0-6.0,5.0,127.0,road_node,,True,True
599,612575.0,1921580.0,60106,0,0,2.0-3.0,2.5,63.5,road_node,,True,True
600,616875.0,1923080.0,60131,0,0,2.0-3.0,2.5,63.5,road_node,,True,True
601,622175.0,1921380.0,60131,0,0,1.5-2.0,1.75,44.45,road_node,,True,True
602,631675.0,1920180.0,60634,0,0,2.0-3.0,2.5,63.5,road_node,,True,True
603,635475.0,1922980.0,60634,0,0,2.0-3.0,2.5,63.5,road_node,,True,True
604,641175.0,1923180.0,60634,0,0,4.0-6.0,5.0,127.0,road_node,,True,True
605,612475.0,1917980.0,60164,0,0,2.0-3.0,2.5,63.5,road_node,,True,True
606,616875.0,1917780.0,60164,0,0,2.0-3.0,2.5,63.5,road_node,,True,True
607,625977.0,1917440.0,60131,0,0,2.0-3.0,2.5,63.5,road_node,,True,True
608,627575.0,1919380.0,60131,0,0,2.0-3.0,2.5,63.5,road_node,,True,True
609,635575.0,1916980.0,60171,0,0,3.0-4.0,3.5,88.9,road_node,,True,True
610,641275.0,1915880.0,60707,0,0,3.0-4.0,3.5,88.9,road_node,,True,True
611,612475.0,1908880.0,60164,0,0,2.0-3.0,2.5,63.5,road_node,,True,True
612,617075.0,1914380.0,60164,0,0,3.0-4.0,3.5,88.9,road_node,,True,True
613,622475.0,1909280.0,60165,0,0,2.0-3.0,2.5,63.5,road_node,,True,True
614,630975.0,1909480.0,60160,0,0,2.0-3.0,2.5,63.5,road_node,,True,True
615,635675.0,1912480.0,60171,0,0,3.0-4.0,3.5,88.9,road_node,,True,True
616,638775.0,1909680.0,60305,0,0,4.0-6.0,5.0,127.0,road_node,,True,True
617,617175.0,1909180.0,60164,0,0,2.0-3.0,2.5,63.5,road_node,,True,True
618,617176.0,1906820.0,60163,0,0,2.0-3.0,2.5,63.5,road_node,,True,True
619,622575.0,1905580.0,60165,0,0,2.0-3.0,2.5,63.5,road_node,,True,True
620,627975.0,1904780.0,60160,0,0,3.0-4.0,3.5,88.9,road_node,,True,True
621,634675.0,1904380.0,60305,0,0,4.0-6.0,5.0,127.0,road_node,,True,True
622,641675.0,1905980.0,60305,0,0,4.0-6.0,5.0,127.0,road_node,,True,True
623,617275.0,1902580.0,60163,0,0,2.0-3.0,2.5,63.5,road_node,,True,True
624,622575.0,1902480.0,60104,0,0,2.0-3.0,2.5,63.5,road_node,,True,True
625,628075.0,1900080.0,60104,0,0,3.0-4.0,3.5,88.9,road_node,,True,True
626,631275.0,1902280.0,60153,0,0,3.0-4.0,3.5,88.9,road_node,,True,True
627,636075.0,1900380.0,60153,0,0,4.0-6.0,5.0,127.0,road_node,,True,True
628,641475.0,1902480.0,60305,0,0,4.0-6.0,5.0,127.0,road_node,,True,True
629,617375.0,1898380.0,60162,0,0,2.0-3.0,2.5,63.5,road_node,,True,True
630,617575.0,1892980.0,60162,0,0,2.0-3.0,2.5,63.5,road_node,,True,True
631,622875.0,1893280.0,60162,0,0,2.0-3.0,2.5,63.5,road_node,,True,True
632,628275.0,1893480.0,60155,0,0,3.0-4.0,3.5,88.9,road_node,,True,True
633,633675.0,1893680.0,60141,0,0,4.0-6.0,5.0,127.0,road_node,,True,True
634,641375.0,1897980.0,60130,0,0,4.0-6.0,5.0,127.0,road_node,,True,True
635,617675.0,1890280.0,60154,0,0,2.0-3.0,2.5,63.5,road_node,,True,True
636,623075.0,1890480.0,60154,0,0,2.0-3.0,2.5,63.5,road_node,,True,True
637,627175.0,1888080.0,60155,0,0,3.0-4.0,3.5,88.9,road_node,,True,True
638,631175.0,1888180.0,60155,0,0,4.0-6.0,5.0,127.0,road_node,,True,True
639,636575.0,1888380.0,60141,0,0,4.0-6.0,5.0,127.0,road_node,,True,True
640,639175.0,1888480.0,60546,0,0,6.0-8.0,7.0,177.8,road_node,,True,True
641,618075.0,1882380.0,60154,0,0,2.0-3.0,2.5,63.5,road_node,,True,True
642,617775.0,1887680.0,60154,0,0,2.0-3.0,2.5,63.5,road_node,,True,True
643,625275.0,1882680.0,60526,0,0,3.0-4.0,3.5,88.9,road_node,,True,True
644,631275.0,1885480.0,60155,0,0,3.0-4.0,3.5,88.9,road_node,,True,True
645,633975.0,1885580.0,60141,0,0,4.0-6.0,5.0,127.0,road_node,,True,True
646,639275.0,1885880.0,60546,0,0,6.0-8.0,7.0,177.8,road_node,,True,True
647,613275.0,1876580.0,60558,0,0,2.0-3.0,2.5,63.5,road_node,,True,True
648,621175.0,1877280.0,60526,0,0,2.0-3.0,2.5,63.5,road_node,,True,True
649,623375.0,1882580.0,60526,0,0,3.0-4.0,3.5,88.9,road_node,,True,True
650,633375.0,1882980.0,60513,0,0,4.0-6.0,5.0,127.0,road_node,,True,True
651,637675.0,1880480.0,60546,0,0,6.0-8.0,7.0,177.8,road_node,,True,True
652,640156.0,1881100.0,60546,0,0,6.0-8.0,7.0,177.8,road_node,,True,True
653,613475.0,1871480.0,60521,0,0,1.5-2.0,1.75,44.45,road_node,,True,True
654,621275.0,1871780.0,60558,0,0,2.0-3.0,2.5,63.5,road_node,,True,True
655,626675.0,1872080.0,60525,0,0,3.0-4.0,3.5,88.9,road_node,,True,True
656,631575.0,1876380.0,60513,0,0,4.0-6.0,5.0,127.0,road_node,,True,True
657,636275.0,1875580.0,60534,0,0,4.0-6.0,5.0,127.0,road_node,,True,True
658,639975.0,1872480.0,60534,0,0,4.0-6.0,5.0,127.0,road_node,,True,True
659,618875.0,1866380.0,60558,0,0,2.0-3.0,2.5,63.5,road_node,,True,True
660,621475.0,1866480.0,60525,0,0,3.0-4.0,3.5,88.9,road_node,,True,True
661,626775.0,1867580.0,60525,0,0,3.0-4.0,3.5,88.9,road_node,,True,True
662,629375.0,1869380.0,60525,0,0,4.0-6.0,5.0,127.0,road_node,,True,True
663,638975.0,1870780.0,60534,0,0,4.0-6.0,5.0,127.0,road_node,,True,True
664,643075.0,1867180.0,60501,0,0,4.0-6.0,5.0,127.0,road_node,,True,True
665,613675.0,1866180.0,60521,0,0,2.0-3.0,2.5,63.5,road_node,,True,True
666,619175.0,1862480.0,60525,0,0,3.0-4.0,3.5,88.9,road_node,,True,True
667,626975.0,1862280.0,60525,0,0,4.0-6.0,5.0,127.0,road_node,,True,True
668,629575.0,1863880.0,60525,0,0,4.0-6.0,5.0,127.0,road_node,,True,True
669,634075.0,1866880.0,60501,0,0,4.0-6.0,5.0,127.0,road_node,,True,True
670,641775.0,1861880.0,60501,0,0,4.0-6.0,5.0,127.0,road_node,,True,True
671,613975.0,1859680.0,60521,0,0,3.0-4.0,3.5,88.9,road_node,,True,True
672,621875.0,1859180.0,60525,0,0,3.0-4.0,3.5,88.9,road_node,,True,True
673,627175.0,1858680.0,60525,0,0,3.0-4.0,3.5,88.9,road_node,,True,True
674,629775.0,1858880.0,60525,0,0,3.0-4.0,3.5,88.9,road_node,,True,True
675,640175.0,1858480.0,60501,0,0,4.0-6.0,5.0,127.0,road_node,,True,True
676,640275.0,1856480.0,60458,0,0,4.0-6.0,5.0,127.0,road_node,,True,True
677,614175.0,1850280.0,60527,0,0,4.0-6.0,5.0,127.0,road_node,,True,True
678,621975.0,1854280.0,60480,0,0,3.0-4.0,3.5,88.9,road_node,,True,True
679,626275.0,1854780.0,60525,0,0,4.0-6.0,5.0,127.0,road_node,,True,True
680,634075.0,1850980.0,60458,0,0,4.0-6.0,5.0,127.0,road_node,,True,True
681,635175.0,1850980.0,60458,0,0,4.0-6.0,5.0,127.0,road_node,,True,True
682,640475.0,1851080.0,60455,0,0,4.0-6.0,5.0,127.0,road_node,,True,True
683,614275.0,1847680.0,60527,0,0,4.0-6.0,5.0,127.0,road_node,,True,True
684,622175.0,1847880.0,60480,0,0,4.0-6.0,5.0,127.0,road_node,,True,True
685,627975.0,1847880.0,60480,0,0,4.0-6.0,5.0,127.0,road_node,,True,True
686,631375.0,1845580.0,60457,0,0,4.0-6.0,5.0,127.0,road_node,,True,True
687,635375.0,1845680.0,60457,0,0,3.0-4.0,3.5,88.9,road_node,,True,True
688,640575.0,1845780.0,60457,0,0,3.0-4.0,3.5,88.9,road_node,,True,True
689,618775.0,1839780.0,60480,0,0,4.0-6.0,5.0,127.0,road_node,,True,True
690,631475.0,1840180.0,60457,0,0,4.0-6.0,5.0,127.0,road_node,,True,True
691,635575.0,1840280.0,60457,0,0,4.0-6.0,5.0,127.0,road_node,,True,True
692,640875.0,1840480.0,60457,0,0,3.0-4.0,3.5,88.9,road_node,,True,True
693,635675.0,1834980.0,60465,0,0,3.0-4.0,3.5,88.9,road_node,,True,True
694,641075.0,1835180.0,60465,0,0,3.0-4.0,3.5,88.9,road_node,,True,True
695,614975.0,1826380.0,60464,0,0,3.0-4.0,3.5,88.9,road_node,,True,True
696,633075.0,1832280.0,60465,0,0,3.0-4.0,3.5,88.9,road_node,,True,True
697,641175.0,1829880.0,60465,0,0,3.0-4.0,3.5,88.9,road_node,,True,True
698,620275.0,1821280.0,60464,0,0,3.0-4.0,3.5,88.9,road_node,,True,True
699,631075.0,1816280.0,60464,0,0,3.0-4.0,3.5,88.9,road_node,,True,True
700,641575.0,1821880.0,60463,0,0,3.0-4.0,3.5,88.9,road_node,,True,True
701,620775.0,1808180.0,60467,0,0,2.0-3.0,2.5,63.5,road_node,,True,True
702,628556.0,1808380.0,60462,0,0,2.0-3.0,2.5,63.5,road_node,,True,True
703,632531.0,1808699.0,60462,0,0,3.0-4.0,3.5,88.9,road_node,,True,True
704,640875.0,1808780.0,60462,0,0,2.0-3.0,2.5,63.5,road_node,,True,True
705,628358.0,1803109.0,60467,0,0,2.0-3.0,2.5,63.5,road_node,,True,True
706,632771.0,1803269.0,60462,0,0,2.0-3.0,2.5,63.5,road_node,,True,True
707,620975.0,1797580.0,60467,0,0,2.0-3.0,2.5,63.5,road_node,,True,True
708,628775.0,1801680.0,60467,0,0,2.0-3.0,2.5,63.5,road_node,,True,True
709,639575.0,1798080.0,60462,0,0,2.0-3.0,2.5,63.5,road_node,,True,True
710,621175.0,1788080.0,60467,0,0,1.0-1.5,1.25,31.75,road_node,,True,True
711,631975.0,1787280.0,60487,0,0,1.0-1.5,1.25,31.75,road_node,,True,True
712,642575.0,1790180.0,60477,0,0,1.0-1.5,1.25,31.75,road_node,,True,True
713,594475.0,1996180.0,60089,0,0,1.5-2.0,1.75,44.45,road_node,,True,True
714,594575.0,1993580.0,60004,0,0,1.5-2.0,1.75,44.45,road_node,,True,True
715,601475.0,1997980.0,60089,0,0,1.5-2.0,1.75,44.45,road_node,,True,True
716,607775.0,1995380.0,60090,0,0,2.0-3.0,2.5,63.5,road_node,,True,True
717,613475.0,1993780.0,60090,0,0,2.0-3.0,2.5,63.5,road_node,,True,True
718,618475.0,1993780.0,60090,0,0,2.0-3.0,2.5,63.5,road_node,,True,True
719,591675.0,1987380.0,60004,0,0,2.0-3.0,2.5,63.5,road_node,,True,True
720,595975.0,1991380.0,60004,0,0,2.0-3.0,2.5,63.5,road_node,,True,True
721,601275.0,1988280.0,60004,0,0,2.0-3.0,2.5,63.5,road_node,,True,True
722,605075.0,1993480.0,60090,0,0,1.5-2.0,1.75,44.45,road_node,,True,True
723,610375.0,1988280.0,60090,0,0,2.0-3.0,2.5,63.5,road_node,,True,True
724,618475.0,1988180.0,60090,0,0,2.0-3.0,2.5,63.5,road_node,,True,True
725,591875.0,1982980.0,60004,0,0,2.0-3.0,2.5,63.5,road_node,,True,True
726,595975.0,1983880.0,60004,0,0,2.0-3.0,2.5,63.5,road_node,,True,True
727,599875.0,1982980.0,60004,0,0,2.0-3.0,2.5,63.5,road_node,,True,True
728,607875.0,1982980.0,60070,0,0,2.0-3.0,2.5,63.5,road_node,,True,True
729,610475.0,1982980.0,60070,0,0,2.0-3.0,2.5,63.5,road_node,,True,True
730,615675.0,1982880.0,60070,0,0,2.0-3.0,2.5,63.5,road_node,,True,True
731,589375.0,1977080.0,60008,0,0,2.0-3.0,2.5,63.5,road_node,,True,True
732,595875.0,1980480.0,60004,0,0,2.0-3.0,2.5,63.5,road_node,,True,True
733,602975.0,1977680.0,60070,0,0,2.0-3.0,2.5,63.5,road_node,,True,True
734,605175.0,1980280.0,60070,0,0,2.0-3.0,2.5,63.5,road_node,,True,True
735,610475.0,1977680.0,60070,0,0,2.0-3.0,2.5,63.5,road_node,,True,True
736,620275.0,1977580.0,60070,0,0,2.0-3.0,2.5,63.5,road_node,,True,True
737,592875.0,1975080.0,60004,0,0,2.0-3.0,2.5,63.5,road_node,,True,True
738,597075.0,1972480.0,60005,0,0,2.0-3.0,2.5,63.5,road_node,,True,True
739,601375.0,1975080.0,60070,0,0,2.0-3.0,2.5,63.5,road_node,,True,True
740,607875.0,1975080.0,60070,0,0,2.0-3.0,2.5,63.5,road_node,,True,True
741,615340.0,1972361.0,60056,0,0,2.0-3.0,2.5,63.5,road_node,,True,True
742,619591.0,1974622.0,60070,0,0,2.0-3.0,2.5,63.5,road_node,,True,True
743,589275.0,1970180.0,60008,0,0,2.0-3.0,2.5,63.5,road_node,,True,True
744,596175.0,1967080.0,60005,0,0,2.0-3.0,2.5,63.5,road_node,,True,True
745,602575.0,1969680.0,60056,0,0,2.0-3.0,2.5,63.5,road_node,,True,True
746,607875.0,1969680.0,60056,0,0,2.0-3.0,2.5,63.5,road_node,,True,True
747,610509.0,1969381.0,60056,0,0,2.0-3.0,2.5,63.5,road_node,,True,True
748,615852.0,1970607.0,60056,0,0,2.0-3.0,2.5,63.5,road_node,,True,True
749,585675.0,1964780.0,60008,0,0,2.0-3.0,2.5,63.5,road_node,,True,True
750,590275.0,1963580.0,60005,0,0,2.0-3.0,2.5,63.5,road_node,,True,True
751,596075.0,1964080.0,60005,0,0,2.0-3.0,2.5,63.5,road_node,,True,True
752,598875.0,1964280.0,60005,0,0,2.0-3.0,2.5,63.5,road_node,,True,True
753,601575.0,1964380.0,60056,0,0,2.0-3.0,2.5,63.5,road_node,,True,True
754,607075.0,1964380.0,60056,0,0,2.0-3.0,2.5,63.5,road_node,,True,True
755,585675.0,1955080.0,60173,0,0,2.0-3.0,2.5,63.5,road_node,,True,True
756,595375.0,1958980.0,60005,0,0,2.0-3.0,2.5,63.5,road_node,,True,True
757,597575.0,1957880.0,60005,0,0,2.0-3.0,2.5,63.5,road_node,,True,True
758,605075.0,1960080.0,60056,0,0,2.0-3.0,2.5,63.5,road_node,,True,True
759,609475.0,1960280.0,60056,0,0,2.0-3.0,2.5,63.5,road_node,,True,True
760,594275.0,1953180.0,60007,0,0,3.0-4.0,3.5,88.9,road_node,,True,True
761,598975.0,1950980.0,60007,0,0,3.0-4.0,3.5,88.9,road_node,,True,True
762,604275.0,1954480.0,60056,0,0,3.0-4.0,3.5,88.9,road_node,,True,True
763,609575.0,1953880.0,60016,0,0,3.0-4.0,3.5,88.9,road_node,,True,True
764,589675.0,1943980.0,60007,0,0,3.0-4.0,3.5,88.9,road_node,,True,True
765,593175.0,1949380.0,60007,0,0,3.0-4.0,3.5,88.9,road_node,,True,True
766,598975.0,1947380.0,60007,0,0,3.0-4.0,3.5,88.9,road_node,,True,True
767,605875.0,1946780.0,60007,0,0,3.0-4.0,3.5,88.9,road_node,,True,True
768,606975.0,1950380.0,60018,0,0,3.0-4.0,3.5,88.9,road_node,,True,True
769,593575.0,1945180.0,60007,0,0,3.0-4.0,3.5,88.9,road_node,,True,True
770,596375.0,1945180.0,60007,0,0,3.0-4.0,3.5,88.9,road_node,,True,True
771,604575.0,1943780.0,60007,0,0,3.0-4.0,3.5,88.9,road_node,,True,True
772,606975.0,1943780.0,60018,0,0,3.0-4.0,3.5,88.9,road_node,,True,True
773,563175.0,1996180.0,60010,0,0,1.0-1.5,1.25,31.75,road_node,,True,True
774,573475.0,1992780.0,60074,0,0,1.5-2.0,1.75,44.45,road_node,,True,True
775,581267.0,1996700.0,60074,0,0,1.0-1.5,1.25,31.75,road_node,,True,True
776,586675.0,1993580.0,60074,0,0,1.5-2.0,1.75,44.45,road_node,,True,True
777,581317.0,1993160.0,60074,0,0,1.5-2.0,1.75,44.45,road_node,,True,True
778,586288.0,1991528.0,60074,0,0,1.5-2.0,1.75,44.45,road_node,,True,True
779,564475.0,1985780.0,60067,0,0,2.0-3.0,2.5,63.5,road_node,,True,True
780,569375.0,1982980.0,60067,0,0,2.0-3.0,2.5,63.5,road_node,,True,True
781,577275.0,1987480.0,60074,0,0,2.0-3.0,2.5,63.5,road_node,,True,True
782,581375.0,1984580.0,60074,0,0,1.5-2.0,1.75,44.45,road_node,,True,True
783,585275.0,1984780.0,60074,0,0,1.5-2.0,1.75,44.45,road_node,,True,True
784,571475.0,1981680.0,60067,0,0,3.0-4.0,3.5,88.9,road_node,,True,True
785,576075.0,1980880.0,60067,0,0,3.0-4.0,3.5,88.9,road_node,,True,True
786,581375.0,1981880.0,60067,0,0,2.0-3.0,2.5,63.5,road_node,,True,True
787,583975.0,1980280.0,60074,0,0,2.0-3.0,2.5,63.5,road_node,,True,True
788,565475.0,1973580.0,60195,0,0,2.0-3.0,2.5,63.5,road_node,,True,True
789,569375.0,1973480.0,60195,0,0,2.0-3.0,2.5,63.5,road_node,,True,True
790,578675.0,1977780.0,60067,0,0,3.0-4.0,3.5,88.9,road_node,,True,True
791,578675.0,1974380.0,60008,0,0,2.0-3.0,2.5,63.5,road_node,,True,True
792,589375.0,1973080.0,60008,0,0,2.0-3.0,2.5,63.5,road_node,,True,True
793,569375.0,1971480.0,60195,0,0,2.0-3.0,2.5,63.5,road_node,,True,True
794,575975.0,1968880.0,60173,0,0,2.0-3.0,2.5,63.5,road_node,,True,True
795,578675.0,1967680.0,60008,0,0,2.0-3.0,2.5,63.5,road_node,,True,True
796,585975.0,1971080.0,60008,0,0,2.0-3.0,2.5,63.5,road_node,,True,True
797,551475.0,1964880.0,60169,0,0,1.0-1.5,1.25,31.75,road_node,,True,True
798,563575.0,1965880.0,60195,0,0,1.0-1.5,1.25,31.75,road_node,,True,True
799,568825.0,1963414.0,60195,0,0,1.0-1.5,1.25,31.75,road_node,,True,True
800,578275.0,1963980.0,60173,0,0,2.0-3.0,2.5,63.5,road_node,,True,True
801,581775.0,1966180.0,60008,0,0,2.0-3.0,2.5,63.5,road_node,,True,True
802,563658.0,1960950.0,60169,0,0,1.0-1.5,1.25,31.75,road_node,,True,True
803,568782.0,1960798.0,60195,0,0,1.5-2.0,1.75,44.45,road_node,,True,True
804,574275.0,1961080.0,60173,0,0,1.5-2.0,1.75,44.45,road_node,,True,True
805,581175.0,1961280.0,60173,0,0,2.0-3.0,2.5,63.5,road_node,,True,True
806,555077.0,1956906.0,60194,0,0,1.0-1.5,1.25,31.75,road_node,,True,True
807,558201.0,1957491.0,60194,0,0,1.0-1.5,1.25,31.75,road_node,,True,True
808,562575.0,1958180.0,60194,0,0,1.0-1.5,1.25,31.75,road_node,,True,True
809,568875.0,1957480.0,60173,0,0,2.0-3.0,2.5,63.5,road_node,,True,True
810,574275.0,1957680.0,60173,0,0,2.0-3.0,2.5,63.5,road_node,,True,True
811,581075.0,1958780.0,60173,0,0,2.0-3.0,2.5,63.5,road_node,,True,True
812,555324.0,1951693.0,60194,0,0,1.0-1.5,1.25,31.75,road_node,,True,True
813,555675.0,1949380.0,60194,0,0,1.0-1.5,1.25,31.75,road_node,,True,True
814,563175.0,1952480.0,60194,0,0,1.5-2.0,1.75,44.45,road_node,,True,True
815,568875.0,1952780.0,60193,0,0,1.5-2.0,1.75,44.45,road_node,,True,True
816,574175.0,1953080.0,60173,0,0,2.0-3.0,2.5,63.5,road_node,,True,True
817,578175.0,1953180.0,60173,0,0,2.0-3.0,2.5,63.5,road_node,,True,True
818,555414.0,1944120.0,60193,0,0,1.0-1.5,1.25,31.75,road_node,,True,True
819,558175.0,1944180.0,60193,0,0,1.0-1.5,1.25,31.75,road_node,,True,True
820,563175.0,1949280.0,60193,0,0,1.5-2.0,1.75,44.45,road_node,,True,True
821,568875.0,1944780.0,60193,0,0,1.5-2.0,1.75,44.45,road_node,,True,True
822,574175.0,1942380.0,60157,0,0,2.0-3.0,2.5,63.5,road_node,,True,True
823,551324.0,1938591.0,60133,0,0,1.0-1.5,1.25,31.75,road_node,,True,True
824,558785.0,1942052.0,60193,0,0,1.0-1.5,1.25,31.75,road_node,,True,True
825,560975.0,1940580.0,60193,0,0,1.5-2.0,1.75,44.45,road_node,,True,True
826,568975.0,1942080.0,60193,0,0,1.5-2.0,1.75,44.45,road_node,,True,True
827,529875.0,1993480.0,60010,0,0,1.5-2.0,1.75,44.45,road_node,,True,True
828,542975.0,1993480.0,60010,0,0,1.5-2.0,1.75,44.45,road_node,,True,True
829,553575.0,1996080.0,60010,0,0,1.5-2.0,1.75,44.45,road_node,,True,True
830,532675.0,1982880.0,60192,0,0,1.0-1.5,1.25,31.75,road_node,,True,True
831,542575.0,1984380.0,60010,0,0,1.0-1.5,1.25,31.75,road_node,,True,True
832,552275.0,1982980.0,60010,0,0,1.5-2.0,1.75,44.45,road_node,,True,True
833,529975.0,1972280.0,60192,0,0,1.0-1.5,1.25,31.75,road_node,,True,True
834,541775.0,1968880.0,60192,0,0,1.0-1.5,1.25,31.75,road_node,,True,True
835,552275.0,1972380.0,60192,0,0,1.5-2.0,1.75,44.45,road_node,,True,True
836,526475.0,1963480.0,60120,0,0,0.5-1.0,0.75,19.05,road_node,,True,True
837,538075.0,1964880.0,60192,0,0,0.5-1.0,0.75,19.05,road_node,,True,True
838,541975.0,1964980.0,60192,0,0,0.5-1.0,0.75,19.05,road_node,,True,True
839,522875.0,1951080.0,60120,0,0,0.5-1.0,0.75,19.05,road_node,,True,True
840,535975.0,1954180.0,60107,0,0,0.5-1.0,0.75,19.05,road_node,,True,True
841,546375.0,1954280.0,60107,0,0,0.5-1.0,0.75,19.05,road_node,,True,True
842,523675.0,1943880.0,60120,0,0,0.5-1.0,0.75,19.05,road_node,,True,True
843,540375.0,1939980.0,60103,0,0,0.5-1.0,0.75,19.05,road_node,,True,True
844,540875.0,1947680.0,60107,0,0,0.5-1.0,0.75,19.05,road_node,,True,True
845,551375.0,1944680.0,60133,0,0,1.0-1.5,1.25,31.75,road_node,,True,True
846,543075.0,1943380.0,60107,0,0,1.0-1.5,1.25,31.75,road_node,,True,True
847,549075.0,1938680.0,60133,0,0,1.0-1.5,1.25,31.75,road_node,,True,True
848,589775.0,1828280.0,60439,0,0,1.5-2.0,1.75,44.45,road_node,,True,True
849,598875.0,1826880.0,60439,0,0,4.0-6.0,5.0,127.0,road_node,,True,True
850,610775.0,1828980.0,60439,0,0,4.0-6.0,5.0,127.0,road_node,,True,True
851,591275.0,1817780.0,60439,0,0,2.0-3.0,2.5,63.5,road_node,,True,True
852,598575.0,1817980.0,60439,0,0,2.0-3.0,2.5,63.5,road_node,,True,True
853,609675.0,1820980.0,60439,0,0,3.0-4.0,3.5,88.9,road_node,,True,True
854,582134.0,1938310.0,60143,0,0,2.0-3.0,2.5,63.5,road_node,,True,True
855,589675.0,1936980.0,60143,0,0,3.0-4.0,3.5,88.9,road_node,,True,True
856,596175.0,1937180.0,60191,0,0,3.0-4.0,3.5,88.9,road_node,,True,True
857,597075.0,1937080.0,60191,0,0,3.0-4.0,3.5,88.9,road_node,,True,True
858,601975.0,1936580.0,60191,0,0,3.0-4.0,3.5,88.9,road_node,,True,True
859,606975.0,1940580.0,60018,0,0,3.0-4.0,3.5,88.9,road_node,,True,True
860,582275.0,1932980.0,60143,0,0,3.0-4.0,3.5,88.9,road_node,,True,True
861,587875.0,1931480.0,60143,0,0,3.0-4.0,3.5,88.9,road_node,,True,True
862,593475.0,1930280.0,60191,0,0,3.0-4.0,3.5,88.9,road_node,,True,True
863,599175.0,1930880.0,60191,0,0,3.0-4.0,3.5,88.9,road_node,,True,True
864,601975.0,1930980.0,60106,0,0,3.0-4.0,3.5,88.9,road_node,,True,True
865,607175.0,1934580.0,60666,0,0,3.0-4.0,3.5,88.9,road_node,,True,True
866,582275.0,1924780.0,60143,0,0,3.0-4.0,3.5,88.9,road_node,,True,True
867,589975.0,1926580.0,60191,0,0,3.0-4.0,3.5,88.9,road_node,,True,True
868,593775.0,1926680.0,60191,0,0,3.0-4.0,3.5,88.9,road_node,,True,True
869,599175.0,1929180.0,60191,0,0,3.0-4.0,3.5,88.9,road_node,,True,True
870,604675.0,1928780.0,60106,0,0,3.0-4.0,3.5,88.9,road_node,,True,True
871,607275.0,1926580.0,60106,0,0,2.0-3.0,2.5,63.5,road_node,,True,True
872,584875.0,1923280.0,60101,0,0,2.0-3.0,2.5,63.5,road_node,,True,True
873,589975.0,1920480.0,60101,0,0,2.0-3.0,2.5,63.5,road_node,,True,True
874,593975.0,1918080.0,60101,0,0,2.0-3.0,2.5,63.5,road_node,,True,True
875,596975.0,1922780.0,60191,0,0,2.0-3.0,2.5,63.5,road_node,,True,True
876,603675.0,1923080.0,60106,0,0,2.0-3.0,2.5,63.5,road_node,,True,True
877,607175.0,1923280.0,60106,0,0,2.0-3.0,2.5,63.5,road_node,,True,True
878,582175.0,1917880.0,60101,0,0,2.0-3.0,2.5,63.5,road_node,,True,True
879,588975.0,1913580.0,60101,0,0,2.0-3.0,2.5,63.5,road_node,,True,True
880,593975.0,1913780.0,60101,0,0,2.0-3.0,2.5,63.5,road_node,,True,True
881,596775.0,1917080.0,60101,0,0,2.0-3.0,2.5,63.5,road_node,,True,True
882,603475.0,1917680.0,60106,0,0,2.0-3.0,2.5,63.5,road_node,,True,True
883,607275.0,1917980.0,60106,0,0,2.0-3.0,2.5,63.5,road_node,,True,True
884,584175.0,1908080.0,60101,0,0,2.0-3.0,2.5,63.5,road_node,,True,True
885,588675.0,1908180.0,60101,0,0,2.0-3.0,2.5,63.5,road_node,,True,True
886,593975.0,1908380.0,60181,0,0,2.0-3.0,2.5,63.5,road_node,,True,True
887,599275.0,1908480.0,60126,0,0,2.0-3.0,2.5,63.5,road_node,,True,True
888,603275.0,1913480.0,60126,0,0,2.0-3.0,2.5,63.5,road_node,,True,True
889,607175.0,1908780.0,60126,0,0,2.0-3.0,2.5,63.5,road_node,,True,True
890,583375.0,1905280.0,60148,0,0,2.0-3.0,2.5,63.5,road_node,,True,True
891,588675.0,1902780.0,60148,0,0,2.0-3.0,2.5,63.5,road_node,,True,True
892,592675.0,1902780.0,60181,0,0,2.0-3.0,2.5,63.5,road_node,,True,True
893,599375.0,1902880.0,60181,0,0,2.0-3.0,2.5,63.5,road_node,,True,True
894,602075.0,1902980.0,60126,0,0,2.0-3.0,2.5,63.5,road_node,,True,True
895,607275.0,1903080.0,60126,0,0,2.0-3.0,2.5,63.5,road_node,,True,True
896,583275.0,1901380.0,60148,0,0,2.0-3.0,2.5,63.5,road_node,,True,True
897,588775.0,1897380.0,60148,0,0,2.0-3.0,2.5,63.5,road_node,,True,True
898,592775.0,1897380.0,60181,0,0,2.0-3.0,2.5,63.5,road_node,,True,True
899,596775.0,1897480.0,60181,0,0,1.5-2.0,1.75,44.45,road_node,,True,True
900,604575.0,1902980.0,60126,0,0,2.0-3.0,2.5,63.5,road_node,,True,True
901,609875.0,1902880.0,60126,0,0,1.5-2.0,1.75,44.45,road_node,,True,True
902,582075.0,1895980.0,60148,0,0,2.0-3.0,2.5,63.5,road_node,,True,True
903,588375.0,1891980.0,60148,0,0,2.0-3.0,2.5,63.5,road_node,,True,True
904,596975.0,1892080.0,60181,0,0,2.0-3.0,2.5,63.5,road_node,,True,True
905,599675.0,1892180.0,60181,0,0,2.0-3.0,2.5,63.5,road_node,,True,True
906,604875.0,1894180.0,60181,0,0,1.5-2.0,1.75,44.45,road_node,,True,True
907,608975.0,1895580.0,60162,0,0,2.0-3.0,2.5,63.5,road_node,,True,True
908,583675.0,1891780.0,60148,0,0,2.0-3.0,2.5,63.5,road_node,,True,True
909,587875.0,1886580.0,60148,0,0,2.0-3.0,2.5,63.5,road_node,,True,True
910,592975.0,1892080.0,60181,0,0,2.0-3.0,2.5,63.5,road_node,,True,True
911,598475.0,1888680.0,60523,0,0,1.5-2.0,1.75,44.45,road_node,,True,True
912,605075.0,1888880.0,60523,0,0,1.5-2.0,1.75,44.45,road_node,,True,True
913,610275.0,1887480.0,60523,0,0,2.0-3.0,2.5,63.5,road_node,,True,True
914,583975.0,1882180.0,60515,0,0,2.0-3.0,2.5,63.5,road_node,,True,True
915,587975.0,1883580.0,60515,0,0,1.5-2.0,1.75,44.45,road_node,,True,True
916,593475.0,1885780.0,60523,0,0,2.0-3.0,2.5,63.5,road_node,,True,True
917,598675.0,1881580.0,60523,0,0,1.5-2.0,1.75,44.45,road_node,,True,True
918,605875.0,1881980.0,60523,0,0,1.5-2.0,1.75,44.45,road_node,,True,True
919,610475.0,1882080.0,60523,0,0,1.5-2.0,1.75,44.45,road_node,,True,True
920,582975.0,1877080.0,60515,0,0,2.0-3.0,2.5,63.5,road_node,,True,True
921,588075.0,1878480.0,60515,0,0,2.0-3.0,2.5,63.5,road_node,,True,True
922,593475.0,1878880.0,60515,0,0,2.0-3.0,2.5,63.5,road_node,,True,True
923,598575.0,1879080.0,60523,0,0,1.5-2.0,1.75,44.45,road_node,,True,True
924,607975.0,1879480.0,60523,0,0,1.5-2.0,1.75,44.45,road_node,,True,True
925,610875.0,1876980.0,60521,0,0,1.5-2.0,1.75,44.45,road_node,,True,True
926,585675.0,1872880.0,60515,0,0,2.0-3.0,2.5,63.5,road_node,,True,True
927,587975.0,1873180.0,60515,0,0,2.0-3.0,2.5,63.5,road_node,,True,True
928,592275.0,1873580.0,60515,0,0,2.0-3.0,2.5,63.5,road_node,,True,True
929,597575.0,1873780.0,60559,0,0,1.5-2.0,1.75,44.45,road_node,,True,True
930,603075.0,1871180.0,60514,0,0,1.5-2.0,1.75,44.45,road_node,,True,True
931,611275.0,1876180.0,60521,0,0,1.5-2.0,1.75,44.45,road_node,,True,True
932,586075.0,1868580.0,60515,0,0,2.0-3.0,2.5,63.5,road_node,,True,True
933,588175.0,1868280.0,60515,0,0,2.0-3.0,2.5,63.5,road_node,,True,True
934,592475.0,1868880.0,60559,0,0,2.0-3.0,2.5,63.5,road_node,,True,True
935,597675.0,1870980.0,60559,0,0,2.0-3.0,2.5,63.5,road_node,,True,True
936,603075.0,1865980.0,60514,0,0,2.0-3.0,2.5,63.5,road_node,,True,True
937,610775.0,1871180.0,60521,0,0,1.5-2.0,1.75,44.45,road_node,,True,True
938,585975.0,1865480.0,60515,0,0,2.0-3.0,2.5,63.5,road_node,,True,True
939,588475.0,1865480.0,60515,0,0,2.0-3.0,2.5,63.5,road_node,,True,True
940,592575.0,1865580.0,60559,0,0,2.0-3.0,2.5,63.5,road_node,,True,True
941,597775.0,1865780.0,60559,0,0,2.0-3.0,2.5,63.5,road_node,,True,True
942,603275.0,1860680.0,60514,0,0,2.0-3.0,2.5,63.5,road_node,,True,True
943,608575.0,1860780.0,60521,0,0,2.0-3.0,2.5,63.5,road_node,,True,True
944,586275.0,1860080.0,60516,0,0,2.0-3.0,2.5,63.5,road_node,,True,True
945,588875.0,1854880.0,60516,0,0,3.0-4.0,3.5,88.9,road_node,,True,True
946,592675.0,1860280.0,60516,0,0,2.0-3.0,2.5,63.5,road_node,,True,True
947,597975.0,1860480.0,60559,0,0,2.0-3.0,2.5,63.5,road_node,,True,True
948,608675.0,1857080.0,60527,0,0,3.0-4.0,3.5,88.9,road_node,,True,True
949,611275.0,1858580.0,60527,0,0,3.0-4.0,3.5,88.9,road_node,,True,True
950,587575.0,1852180.0,60516,0,0,3.0-4.0,3.5,88.9,road_node,,True,True
951,589775.0,1852180.0,60516,0,0,3.0-4.0,3.5,88.9,road_node,,True,True
952,592975.0,1852280.0,60561,0,0,3.0-4.0,3.5,88.9,road_node,,True,True
953,599875.0,1852480.0,60561,0,0,2.0-3.0,2.5,63.5,road_node,,True,True
954,603475.0,1854480.0,60527,0,0,2.0-3.0,2.5,63.5,road_node,,True,True
955,608875.0,1850180.0,60527,0,0,4.0-6.0,5.0,127.0,road_node,,True,True
956,587675.0,1846780.0,60517,0,0,2.0-3.0,2.5,63.5,road_node,,True,True
957,587875.0,1844180.0,60517,0,0,2.0-3.0,2.5,63.5,road_node,,True,True
958,598375.0,1846980.0,60561,0,0,3.0-4.0,3.5,88.9,road_node,,True,True
959,603675.0,1846480.0,60527,0,0,4.0-6.0,5.0,127.0,road_node,,True,True
960,603675.0,1848180.0,60527,0,0,4.0-6.0,5.0,127.0,road_node,,True,True
961,608975.0,1847380.0,60527,0,0,4.0-6.0,5.0,127.0,road_node,,True,True
962,589275.0,1837580.0,60561,0,0,2.0-3.0,2.5,63.5,road_node,,True,True
963,601875.0,1836580.0,60439,0,0,4.0-6.0,5.0,127.0,road_node,,True,True
964,609075.0,1842180.0,60527,0,0,4.0-6.0,5.0,127.0,road_node,,True,True
965,586214.0,1830711.0,60439,0,0,1.5-2.0,1.75,44.45,road_node,,True,True
966,603894.0,1828925.0,60439,0,0,4.0-6.0,5.0,127.0,road_node,,True,True
967,552275.0,1936680.0,60133,0,0,1.0-1.5,1.25,31.75,road_node,,True,True
968,560775.0,1936480.0,60172,0,0,1.5-2.0,1.75,44.45,road_node,,True,True
969,568975.0,1936880.0,60172,0,0,2.0-3.0,2.5,63.5,road_node,,True,True
970,576875.0,1936180.0,60157,0,0,2.0-3.0,2.5,63.5,road_node,,True,True
971,549975.0,1933080.0,60133,0,0,1.5-2.0,1.75,44.45,road_node,,True,True
972,558075.0,1932780.0,60133,0,0,1.5-2.0,1.75,44.45,road_node,,True,True
973,558075.0,1920680.0,60108,0,0,2.0-3.0,2.5,63.5,road_node,,True,True
974,565454.0,1926023.0,60108,0,0,2.0-3.0,2.5,63.5,road_node,,True,True
975,568775.0,1926080.0,60108,0,0,2.0-3.0,2.5,63.5,road_node,,True,True
976,574016.0,1926023.0,60157,0,0,3.0-4.0,3.5,88.9,road_node,,True,True
977,576960.0,1925866.0,60157,0,0,3.0-4.0,3.5,88.9,road_node,,True,True
978,563364.0,1920518.0,60108,0,0,2.0-3.0,2.5,63.5,road_node,,True,True
979,568735.0,1922585.0,60108,0,0,2.0-3.0,2.5,63.5,road_node,,True,True
980,573567.0,1921304.0,60108,0,0,2.0-3.0,2.5,63.5,road_node,,True,True
981,576218.0,1918945.0,60139,0,0,3.0-4.0,3.5,88.9,road_node,,True,True
982,558075.0,1907880.0,60188,0,0,1.5-2.0,1.75,44.45,road_node,,True,True
983,563527.0,1912411.0,60139,0,0,2.0-3.0,2.5,63.5,road_node,,True,True
984,569176.0,1915279.0,60139,0,0,2.0-3.0,2.5,63.5,road_node,,True,True
985,573875.0,1910280.0,60139,0,0,2.0-3.0,2.5,63.5,road_node,,True,True
986,563681.0,1909674.0,60139,0,0,2.0-3.0,2.5,63.5,road_node,,True,True
987,568629.0,1909653.0,60139,0,0,2.0-3.0,2.5,63.5,road_node,,True,True
988,553875.0,1901780.0,60190,0,0,1.0-1.5,1.25,31.75,road_node,,True,True
989,557875.0,1901880.0,60187,0,0,1.0-1.5,1.25,31.75,road_node,,True,True
990,561875.0,1905380.0,60188,0,0,2.0-3.0,2.5,63.5,road_node,,True,True
991,568575.0,1902280.0,60137,0,0,2.0-3.0,2.5,63.5,road_node,,True,True
992,573675.0,1902680.0,60137,0,0,2.0-3.0,2.5,63.5,road_node,,True,True
993,577575.0,1902680.0,60137,0,0,2.0-3.0,2.5,63.5,road_node,,True,True
994,553975.0,1897880.0,60190,0,0,1.0-1.5,1.25,31.75,road_node,,True,True
995,558075.0,1898680.0,60187,0,0,1.0-1.5,1.25,31.75,road_node,,True,True
996,561975.0,1898580.0,60187,0,0,1.5-2.0,1.75,44.45,road_node,,True,True
997,565975.0,1898880.0,60187,0,0,1.5-2.0,1.75,44.45,road_node,,True,True
998,572875.0,1897380.0,60137,0,0,2.0-3.0,2.5,63.5,road_node,,True,True
999,581775.0,1900680.0,60148,0,0,2.0-3.0,2.5,63.5,road_node,,True,True
1000,552075.0,1893180.0,60190,0,0,0.5-1.0,0.75,19.05,road_node,,True,True
1001,560175.0,1893880.0,60187,0,0,1.5-2.0,1.75,44.45,road_node,,True,True
1002,561975.0,1894680.0,60187,0,0,1.5-2.0,1.75,44.45,road_node,,True,True
1003,569375.0,1895080.0,60137,0,0,1.5-2.0,1.75,44.45,road_node,,True,True
1004,574275.0,1896080.0,60137,0,0,2.0-3.0,2.5,63.5,road_node,,True,True
1005,576675.0,1891580.0,60137,0,0,2.0-3.0,2.5,63.5,road_node,,True,True
1006,551175.0,1890680.0,60190,0,0,0.5-1.0,0.75,19.05,road_node,,True,True
1007,557675.0,1891080.0,60187,0,0,1.0-1.5,1.25,31.75,road_node,,True,True
1008,563275.0,1888580.0,60189,0,0,2.0-3.0,2.5,63.5,road_node,,True,True
1009,567175.0,1888680.0,60137,0,0,1.5-2.0,1.75,44.45,road_node,,True,True
1010,574175.0,1888780.0,60137,0,0,1.5-2.0,1.75,44.45,road_node,,True,True
1011,576675.0,1888880.0,60137,0,0,2.0-3.0,2.5,63.5,road_node,,True,True
1012,556675.0,1880480.0,60189,0,0,1.0-1.5,1.25,31.75,road_node,,True,True
1013,563675.0,1880380.0,60189,0,0,2.0-3.0,2.5,63.5,road_node,,True,True
1014,576875.0,1880880.0,60515,0,0,2.0-3.0,2.5,63.5,road_node,,True,True
1015,552575.0,1873280.0,60563,0,0,1.0-1.5,1.25,31.75,road_node,,True,True
1016,558975.0,1873080.0,60532,0,0,2.0-3.0,2.5,63.5,road_node,,True,True
1017,566075.0,1872780.0,60532,0,0,2.0-3.0,2.5,63.5,road_node,,True,True
1018,570475.0,1872780.0,60532,0,0,2.0-3.0,2.5,63.5,road_node,,True,True
1019,580575.0,1872280.0,60515,0,0,2.0-3.0,2.5,63.5,road_node,,True,True
1020,553975.0,1867480.0,60563,0,0,1.0-1.5,1.25,31.75,road_node,,True,True
1021,557675.0,1868280.0,60532,0,0,1.0-1.5,1.25,31.75,road_node,,True,True
1022,566175.0,1869680.0,60532,0,0,2.0-3.0,2.5,63.5,road_node,,True,True
1023,569975.0,1870180.0,60532,0,0,2.0-3.0,2.5,63.5,road_node,,True,True
1024,553275.0,1859880.0,60540,0,0,0.5-1.0,0.75,19.05,road_node,,True,True
1025,565775.0,1863380.0,60532,0,0,2.0-3.0,2.5,63.5,road_node,,True,True
1026,573275.0,1855480.0,60517,0,0,2.0-3.0,2.5,63.5,road_node,,True,True
1027,555375.0,1851580.0,60540,0,0,0.5-1.0,0.75,19.05,road_node,,True,True
1028,562775.0,1851280.0,60565,0,0,1.0-1.5,1.25,31.75,road_node,,True,True
1029,579975.0,1851880.0,60517,0,0,2.0-3.0,2.5,63.5,road_node,,True,True
1030,525775.0,1934080.0,60103,0,0,0.5-1.0,0.75,19.05,road_node,,True,True
1031,534475.0,1933580.0,60103,0,0,0.5-1.0,0.75,19.05,road_node,,True,True
1032,540775.0,1933080.0,60103,0,0,1.0-1.5,1.25,31.75,road_node,,True,True
1033,524875.0,1924680.0,60184,0,0,0.5-1.0,0.75,19.05,road_node,,True,True
1034,534075.0,1919280.0,60184,0,0,1.0-1.5,1.25,31.75,road_node,,True,True
1035,543775.0,1921780.0,60133,0,0,1.0-1.5,1.25,31.75,road_node,,True,True
1036,519475.0,1913980.0,60174,0,0,0.5-1.0,0.75,19.05,road_node,,True,True
1037,539275.0,1910880.0,60185,0,0,1.0-1.5,1.25,31.75,road_node,,True,True
1038,548575.0,1909380.0,60188,0,0,1.0-1.5,1.25,31.75,road_node,,True,True
1039,525175.0,1898180.0,60185,0,0,0.5-1.0,0.75,19.05,road_node,,True,True
1040,535275.0,1900880.0,60185,0,0,0.5-1.0,0.75,19.05,road_node,,True,True
1041,542175.0,1901280.0,60190,0,0,0.5-1.0,0.75,19.05,road_node,,True,True
1042,524575.0,1885180.0,60510,0,0,0.5-1.0,0.75,19.05,road_node,,True,True
1043,534075.0,1893680.0,60185,0,0,0.5-1.0,0.75,19.05,road_node,,True,True
1044,547275.0,1892180.0,60190,0,0,0.5-1.0,0.75,19.05,road_node,,True,True
1045,527975.0,1877180.0,60502,0,0,0.5-1.0,0.75,19.05,road_node,,True,True
1046,536175.0,1881380.0,60555,0,0,1.0-1.5,1.25,31.75,road_node,,True,True
1047,543975.0,1876280.0,60555,0,0,1.0-1.5,1.25,31.75,road_node,,True,True
1048,525875.0,1871780.0,60502,0,0,0.5-1.0,0.75,19.05,road_node,,True,True
1049,526775.0,1874080.0,60502,0,0,0.5-1.0,0.75,19.05,road_node,,True,True
1050,535575.0,1873480.0,60555,0,0,0.5-1.0,0.75,19.05,road_node,,True,True
1051,539675.0,1872380.0,60563,0,0,0.5-1.0,0.75,19.05,road_node,,True,True
1052,541475.0,1872480.0,60563,0,0,0.5-1.0,0.75,19.05,road_node,,True,True
1053,548275.0,1874680.0,60563,0,0,1.0-1.5,1.25,31.75,road_node,,True,True
1054,525275.0,1867080.0,60502,0,0,0.5-1.0,0.75,19.05,road_node,,True,True
1055,528975.0,1869580.0,60519,0,0,0.5-1.0,0.75,19.05,road_node,,True,True
1056,534975.0,1868580.0,60563,0,0,0.5-1.0,0.75,19.05,road_node,,True,True
1057,539675.0,1868580.0,60563,0,0,1.0-1.5,1.25,31.75,road_node,,True,True
1058,544775.0,1863880.0,60563,0,0,0.5-1.0,0.75,19.05,road_node,,True,True
1059,548975.0,1867980.0,60563,0,0,1.0-1.5,1.25,31.75,road_node,,True,True
1060,524975.0,1862280.0,60519,0,0,0.5-1.0,0.75,19.05,road_node,,True,True
1061,525075.0,1863180.0,60519,0,0,0.5-1.0,0.75,19.05,road_node,,True,True
1062,534975.0,1863080.0,60519,0,0,0.5-1.0,0.75,19.05,road_node,,True,True
1063,540775.0,1862280.0,60563,0,0,0.5-1.0,0.75,19.05,road_node,,True,True
1064,543375.0,1859580.0,60540,0,0,0.5-1.0,0.75,19.05,road_node,,True,True
1065,549175.0,1859880.0,60540,0,0,0.5-1.0,0.75,19.05,road_node,,True,True
1066,522375.0,1854880.0,60504,0,0,1.0-1.5,1.25,31.75,road_node,,True,True
1067,524775.0,1855080.0,60504,0,0,0.5-1.0,0.75,19.05,road_node,,True,True
1068,534875.0,1856180.0,60504,0,0,0.5-1.0,0.75,19.05,road_node,,True,True
1069,540175.0,1857080.0,60540,0,0,0.5-1.0,0.75,19.05,road_node,,True,True
1070,543375.0,1857780.0,60540,0,0,0.5-1.0,0.75,19.05,road_node,,True,True
1071,550575.0,1855580.0,60540,0,0,0.5-1.0,0.75,19.05,road_node,,True,True
1072,521765.0,1849034.0,60504,0,0,1.0-1.5,1.25,31.75,road_node,,True,True
1073,528275.0,1850180.0,60504,0,0,0.5-1.0,0.75,19.05,road_node,,True,True
1074,534775.0,1845280.0,60564,0,0,0.5-1.0,0.75,19.05,road_node,,True,True
1075,547775.0,1850880.0,60540,0,0,0.5-1.0,0.75,19.05,road_node,,True,True
1076,521956.0,1845175.0,60504,0,0,0.5-1.0,0.75,19.05,road_node,,True,True
1077,527171.0,1844754.0,60504,0,0,0.5-1.0,0.75,19.05,road_node,,True,True
1134,625275.0,2015880.0,60015,0,0,1.5-2.0,1.75,44.45,road_node,,True,True
1135,627675.0,2015880.0,60015,0,0,1.5-2.0,1.75,44.45,road_node,,True,True
1136,635775.0,2015780.0,60040,0,0,1.5-2.0,1.75,44.45,road_node,,True,True
1139,621605.0,2011980.0,60015,0,0,1.5-2.0,1.75,44.45,road_node,,True,True
1140,626575.0,2009180.0,60015,0,0,2.0-3.0,2.5,63.5,road_node,,True,True
1141,635575.0,2011880.0,60035,0,0,2.0-3.0,2.5,63.5,road_node,,True,True
1142,641775.0,2009180.0,60035,0,0,2.0-3.0,2.5,63.5,road_node,,True,True
1144,622275.0,2004480.0,60015,0,0,2.0-3.0,2.5,63.5,road_node,,True,True
1145,627875.0,2006580.0,60015,0,0,2.0-3.0,2.5,63.5,road_node,,True,True
1146,635875.0,2007780.0,60035,0,0,2.0-3.0,2.5,63.5,road_node,,True,True
1147,638675.0,2006180.0,60035,0,0,2.0-3.0,2.5,63.5,road_node,,True,True
1148,645275.0,2007380.0,60035,0,0,2.0-3.0,2.5,63.5,road_node,,True,True
1150,622075.0,1998680.0,60015,0,0,2.0-3.0,2.5,63.5,road_node,,True,True
1151,628475.0,2002480.0,60015,0,0,2.0-3.0,2.5,63.5,road_node,,True,True
1152,635075.0,1998680.0,60062,0,0,2.0-3.0,2.5,63.5,road_node,,True,True
1153,641175.0,2001280.0,60035,0,0,2.0-3.0,2.5,63.5,road_node,,True,True
1154,644175.0,1998680.0,60022,0,0,2.0-3.0,2.5,63.5,road_node,,True,True
1188,608675.0,2015980.0,60069,0,0,1.0-1.5,1.25,31.75,road_node,,True,True
1189,615875.0,2015980.0,60069,0,0,1.5-2.0,1.75,44.45,road_node,,True,True
1190,594575.0,2001480.0,60089,0,0,1.0-1.5,1.25,31.75,road_node,,True,True
1191,604175.0,2005380.0,60089,0,0,1.5-2.0,1.75,44.45,road_node,,True,True
1192,618375.0,2003980.0,60015,0,0,2.0-3.0,2.5,63.5,road_node,,True,True
1223,565175.0,2014580.0,60047,0,0,1.0-1.5,1.25,31.75,road_node,,True,True
1224,574775.0,2014780.0,60047,0,0,1.0-1.5,1.25,31.75,road_node,,True,True
1225,585475.0,2014680.0,60047,0,0,1.0-1.5,1.25,31.75,road_node,,True,True
1226,562875.0,2006880.0,60047,0,0,1.5-2.0,1.75,44.45,road_node,,True,True
1227,573475.0,2003380.0,60047,0,0,1.0-1.5,1.25,31.75,road_node,,True,True
1228,583975.0,2004580.0,60047,0,0,1.0-1.5,1.25,31.75,road_node,,True,True
1249,546575.0,2012280.0,60010,0,0,1.0-1.5,1.25,31.75,road_node,,True,True
1250,551275.0,2016880.0,60010,0,0,1.0-1.5,1.25,31.75,road_node,,True,True
1251,536375.0,2006780.0,60021,0,0,1.0-1.5,1.25,31.75,road_node,,True,True
1252,553575.0,2001580.0,60010,0,0,1.5-2.0,1.75,44.45,road_node,,True,True
1253,496775.0,1992880.0,60102,0,0,2.0-3.0,2.5,63.5,road_node,,True,True
1254,508875.0,1989280.0,60110,0,0,1.5-2.0,1.75,44.45,road_node,,True,True
1255,520575.0,1990980.0,60110,0,0,1.5-2.0,1.75,44.45,road_node,,True,True
1256,499575.0,1985680.0,60118,0,0,1.5-2.0,1.75,44.45,road_node,,True,True
1257,504961.0,1984226.0,60118,0,0,1.5-2.0,1.75,44.45,road_node,,True,True
1258,513052.0,1985302.0,60110,0,0,1.5-2.0,1.75,44.45,road_node,,True,True
1259,520475.0,1980780.0,60110,0,0,1.5-2.0,1.75,44.45,road_node,,True,True
1260,504986.0,1980012.0,60118,0,0,1.5-2.0,1.75,44.45,road_node,,True,True
1261,512542.0,1978516.0,60118,0,0,1.5-2.0,1.75,44.45,road_node,,True,True
1262,499575.0,1971780.0,60118,0,0,1.5-2.0,1.75,44.45,road_node,,True,True
1263,511975.0,1973180.0,60118,0,0,1.5-2.0,1.75,44.45,road_node,,True,True
1264,516375.0,1972280.0,60118,0,0,1.0-1.5,1.25,31.75,road_node,,True,True
1265,488275.0,1963880.0,60124,0,0,1.0-1.5,1.25,31.75,road_node,,True,True
1266,499375.0,1966380.0,60123,0,0,1.0-1.5,1.25,31.75,road_node,,True,True
1267,504875.0,1963980.0,60123,0,0,1.0-1.5,1.25,31.75,road_node,,True,True
1268,510575.0,1963880.0,60123,0,0,1.0-1.5,1.25,31.75,road_node,,True,True
1269,516875.0,1965380.0,60120,0,0,1.0-1.5,1.25,31.75,road_node,,True,True
1270,497875.0,1959980.0,60123,0,0,0.5-1.0,0.75,19.05,road_node,,True,True
1271,507875.0,1959880.0,60123,0,0,1.0-1.5,1.25,31.75,road_node,,True,True
1272,510875.0,1959080.0,60123,0,0,0.5-1.0,0.75,19.05,road_node,,True,True
1273,516775.0,1961580.0,60120,0,0,1.0-1.5,1.25,31.75,road_node,,True,True
1274,491775.0,1956980.0,60124,0,0,0.5-1.0,0.75,19.05,road_node,,True,True
1275,503575.0,1954580.0,60123,0,0,0.5-1.0,0.75,19.05,road_node,,True,True
1276,505875.0,1957080.0,60123,0,0,0.5-1.0,0.75,19.05,road_node,,True,True
1277,511175.0,1957580.0,60123,0,0,0.5-1.0,0.75,19.05,road_node,,True,True
1278,515575.0,1956180.0,60123,0,0,0.5-1.0,0.75,19.05,road_node,,True,True
1279,498375.0,1950580.0,60123,0,0,1.0-1.5,1.25,31.75,road_node,,True,True
1280,505875.0,1951980.0,60123,0,0,1.0-1.5,1.25,31.75,road_node,,True,True
1281,509175.0,1953080.0,60123,0,0,1.0-1.5,1.25,31.75,road_node,,True,True
1282,516575.0,1949580.0,60120,0,0,0.5-1.0,0.75,19.05,road_node,,True,True
1283,491375.0,1940980.0,60124,0,0,1.0-1.5,1.25,31.75,road_node,,True,True
1284,499275.0,1945180.0,60177,0,0,1.0-1.5,1.25,31.75,road_node,,True,True
1285,504875.0,1945080.0,60177,0,0,1.0-1.5,1.25,31.75,road_node,,True,True
1286,511175.0,1945480.0,60177,0,0,1.0-1.5,1.25,31.75,road_node,,True,True
1287,517675.0,1942880.0,60177,0,0,0.5-1.0,0.75,19.05,road_node,,True,True
1288,500675.0,1941180.0,60177,0,0,1.0-1.5,1.25,31.75,road_node,,True,True
1289,504775.0,1941280.0,60177,0,0,1.0-1.5,1.25,31.75,road_node,,True,True
1290,512675.0,1941480.0,60177,0,0,0.5-1.0,0.75,19.05,road_node,,True,True
1291,515475.0,1940580.0,60177,0,0,0.5-1.0,0.75,19.05,road_node,,True,True
1292,492975.0,1931780.0,60175,0,0,0.5-1.0,0.75,19.05,road_node,,True,True
1293,502875.0,1931280.0,60177,0,0,0.5-1.0,0.75,19.05,road_node,,True,True
1294,517575.0,1935480.0,60184,0,0,0.5-1.0,0.75,19.05,road_node,,True,True
1295,496075.0,1925880.0,60175,0,0,0.5-1.0,0.75,19.05,road_node,,True,True
1296,507675.0,1925280.0,60174,0,0,0.5-1.0,0.75,19.05,road_node,,True,True
1297,517275.0,1924880.0,60184,0,0,0.5-1.0,0.75,19.05,road_node,,True,True
1298,493475.0,1912680.0,60175,0,0,1.0-1.5,1.25,31.75,road_node,,True,True
1299,502349.0,1910970.0,60174,0,0,0.5-1.0,0.75,19.05,road_node,,True,True
1300,504319.0,1911120.0,60174,0,0,0.5-1.0,0.75,19.05,road_node,,True,True
1301,511175.0,1912880.0,60174,0,0,0.5-1.0,0.75,19.05,road_node,,True,True
1302,500255.0,1907629.0,60134,0,0,1.0-1.5,1.25,31.75,road_node,,True,True
1303,507013.0,1908526.0,60174,0,0,0.5-1.0,0.75,19.05,road_node,,True,True
1304,492875.0,1900080.0,60134,0,0,1.0-1.5,1.25,31.75,road_node,,True,True
1305,498933.0,1900247.0,60134,0,0,1.0-1.5,1.25,31.75,road_node,,True,True
1306,505575.0,1902080.0,60134,0,0,0.5-1.0,0.75,19.05,road_node,,True,True
1307,512075.0,1901680.0,60134,0,0,0.5-1.0,0.75,19.05,road_node,,True,True
1308,502674.0,1896831.0,60134,0,0,0.5-1.0,0.75,19.05,road_node,,True,True
1309,505466.0,1896881.0,60134,0,0,0.5-1.0,0.75,19.05,road_node,,True,True
1310,492375.0,1886480.0,60539,0,0,1.0-1.5,1.25,31.75,road_node,,True,True
1311,505975.0,1886880.0,60510,0,0,0.5-1.0,0.75,19.05,road_node,,True,True
1312,514975.0,1889380.0,60510,0,0,0.5-1.0,0.75,19.05,road_node,,True,True
1313,490275.0,1879280.0,60542,0,0,1.0-1.5,1.25,31.75,road_node,,True,True
1314,506075.0,1880380.0,60510,0,0,0.5-1.0,0.75,19.05,road_node,,True,True
1315,512075.0,1882480.0,60510,0,0,0.5-1.0,0.75,19.05,road_node,,True,True
1316,488975.0,1872380.0,60542,0,0,0.5-1.0,0.75,19.05,road_node,,True,True
1317,495775.0,1872680.0,60542,0,0,0.5-1.0,0.75,19.05,road_node,,True,True
1318,501875.0,1871980.0,60542,0,0,0.5-1.0,0.75,19.05,road_node,,True,True
1319,505975.0,1873480.0,60539,0,0,0.5-1.0,0.75,19.05,road_node,,True,True
1320,513375.0,1872180.0,60502,0,0,0.5-1.0,0.75,19.05,road_node,,True,True
1321,519375.0,1872280.0,60502,0,0,0.5-1.0,0.75,19.05,road_node,,True,True
1322,488675.0,1862880.0,60506,0,0,0.5-1.0,0.75,19.05,road_node,,True,True
1323,495675.0,1865580.0,60542,0,0,0.5-1.0,0.75,19.05,road_node,,True,True
1324,503375.0,1865680.0,60542,0,0,0.5-1.0,0.75,19.05,road_node,,True,True
1325,506275.0,1863280.0,60505,0,0,0.5-1.0,0.75,19.05,road_node,,True,True
1326,511075.0,1864280.0,60505,0,0,0.5-1.0,0.75,19.05,road_node,,True,True
1327,514175.0,1867480.0,60502,0,0,1.0-1.5,1.25,31.75,road_node,,True,True
1328,488675.0,1860180.0,60506,0,0,0.5-1.0,0.75,19.05,road_node,,True,True
1329,495675.0,1858880.0,60506,0,0,0.5-1.0,0.75,19.05,road_node,,True,True
1330,499075.0,1858980.0,60506,0,0,1.0-1.5,1.25,31.75,road_node,,True,True
1331,505575.0,1859080.0,60505,0,0,1.0-1.5,1.25,31.75,road_node,,True,True
1332,511675.0,1861080.0,60505,0,0,0.5-1.0,0.75,19.05,road_node,,True,True
1333,516275.0,1861680.0,60502,0,0,1.0-1.5,1.25,31.75,road_node,,True,True
1334,493175.0,1852280.0,60506,0,0,0.5-1.0,0.75,19.05,road_node,,True,True
1335,495675.0,1856380.0,60506,0,0,0.5-1.0,0.75,19.05,road_node,,True,True
1336,501175.0,1855680.0,60505,0,0,1.0-1.5,1.25,31.75,road_node,,True,True
1337,505975.0,1854480.0,60505,0,0,0.5-1.0,0.75,19.05,road_node,,True,True
1338,511675.0,1855680.0,60505,0,0,0.5-1.0,0.75,19.05,road_node,,True,True
1339,516975.0,1854780.0,60505,0,0,1.0-1.5,1.25,31.75,road_node,,True,True
1340,488775.0,1849480.0,60506,0,0,0.5-1.0,0.75,19.05,road_node,,True,True
1341,493175.0,1849680.0,60506,0,0,0.5-1.0,0.75,19.05,road_node,,True,True
1342,498775.0,1849680.0,60538,0,0,1.0-1.5,1.25,31.75,road_node,,True,True
1343,504075.0,1848980.0,60505,0,0,1.0-1.5,1.25,31.75,road_node,,True,True
1344,512475.0,1850180.0,60505,0,0,0.5-1.0,0.75,19.05,road_node,,True,True
1345,514375.0,1850180.0,60505,0,0,0.5-1.0,0.75,19.05,road_node,,True,True
1346,488775.0,1844280.0,60538,0,0,0.5-1.0,0.75,19.05,road_node,,True,True
1347,496775.0,1844480.0,60538,0,0,0.5-1.0,0.75,19.05,road_node,,True,True
1348,498875.0,1843980.0,60538,0,0,0.5-1.0,0.75,19.05,road_node,,True,True
1349,503975.0,1843580.0,60538,0,0,1.0-1.5,1.25,31.75,road_node,,True,True
1350,513275.0,1845180.0,60503,0,0,0.5-1.0,0.75,19.05,road_node,,True,True
1351,515075.0,1842180.0,60503,0,0,0.5-1.0,0.75,19.05,road_node,,True,True
1352,473175.0,1988180.0,60136,0,0,1.5-2.0,1.75,44.45,road_node,,True,True
1353,489075.0,1985580.0,60136,0,0,1.5-2.0,1.75,44.45,road_node,,True,True
1354,477475.0,1970280.0,60136,0,0,1.0-1.5,1.25,31.75,road_node,,True,True
1355,489475.0,1980380.0,60136,0,0,1.5-2.0,1.75,44.45,road_node,,True,True
1356,460575.0,1962880.0,60140,0,0,1.5-2.0,1.75,44.45,road_node,,True,True
1357,478875.0,1966780.0,60124,0,0,1.0-1.5,1.25,31.75,road_node,,True,True
1358,464675.0,1941780.0,60124,0,0,1.5-2.0,1.75,44.45,road_node,,True,True
1359,473775.0,1949880.0,60124,0,0,1.0-1.5,1.25,31.75,road_node,,True,True
1360,460975.0,1923980.0,60175,0,0,1.5-2.0,1.75,44.45,road_node,,True,True
1361,479975.0,1924080.0,60175,0,0,1.5-2.0,1.75,44.45,road_node,,True,True
1362,460775.0,1915580.0,60119,0,0,1.0-1.5,1.25,31.75,road_node,,True,True
1363,480775.0,1920080.0,60175,0,0,1.5-2.0,1.75,44.45,road_node,,True,True
1364,462175.0,1899480.0,60119,0,0,1.5-2.0,1.75,44.45,road_node,,True,True
1365,479375.0,1899780.0,60134,0,0,1.5-2.0,1.75,44.45,road_node,,True,True
1366,463475.0,1884880.0,60119,0,0,1.5-2.0,1.75,44.45,road_node,,True,True
1367,481475.0,1886880.0,60542,0,0,1.0-1.5,1.25,31.75,road_node,,True,True
1368,468575.0,1864180.0,60554,0,0,1.0-1.5,1.25,31.75,road_node,,True,True
1369,481175.0,1862280.0,60506,0,0,0.5-1.0,0.75,19.05,road_node,,True,True
1370,470075.0,1853180.0,60554,0,0,1.0-1.5,1.25,31.75,road_node,,True,True
1371,484475.0,1852080.0,60506,0,0,0.5-1.0,0.75,19.05,road_node,,True,True
1373,452075.0,1988180.0,60140,0,0,1.5-2.0,1.75,44.45,road_node,,True,True
1375,452075.0,1981580.0,60140,0,0,1.5-2.0,1.75,44.45,road_node,,True,True
1430,499675.0,2011980.0,60156,0,0,1.5-2.0,1.75,44.45,road_node,,True,True
1431,512975.0,2011980.0,60102,0,0,1.0-1.5,1.25,31.75,road_node,,True,True
1432,520675.0,2009680.0,60021,0,0,1.0-1.5,1.25,31.75,road_node,,True,True
1433,531575.0,2014480.0,60021,0,0,0.5-1.0,0.75,19.05,road_node,,True,True
1434,501075.0,2006680.0,60156,0,0,2.0-3.0,2.5,63.5,road_node,,True,True
1435,512275.0,2002980.0,60102,0,0,2.0-3.0,2.5,63.5,road_node,,True,True
1436,520775.0,2004180.0,60102,0,0,1.0-1.5,1.25,31.75,road_node,,True,True
1437,528475.0,2004180.0,60021,0,0,1.5-2.0,1.75,44.45,road_node,,True,True
1457,474375.0,2004080.0,60142,0,0,1.0-1.5,1.25,31.75,road_node,,True,True
1458,486475.0,2006780.0,60156,0,0,2.0-3.0,2.5,63.5,road_node,,True,True
1491,716175.0,1738480.0,60417,0,0,1.0-1.5,1.25,31.75,road_node,,True,True
1492,716475.0,1727480.0,60417,0,0,0.5-1.0,0.75,19.05,road_node,,True,True
1495,691675.0,1746880.0,60475,0,0,1.5-2.0,1.75,44.45,road_node,,True,True
1496,702075.0,1745680.0,60475,0,0,1.0-1.5,1.25,31.75,road_node,,True,True
1497,707275.0,1745880.0,60417,0,0,1.0-1.5,1.25,31.75,road_node,,True,True
1498,684275.0,1734780.0,60484,0,0,1.0-1.5,1.25,31.75,road_node,,True,True
1499,698875.0,1735080.0,60417,0,0,1.0-1.5,1.25,31.75,road_node,,True,True
1500,707475.0,1737880.0,60417,0,0,1.0-1.5,1.25,31.75,road_node,,True,True
1501,687375.0,1718880.0,60401,0,0,1.0-1.5,1.25,31.75,road_node,,True,True
1502,693375.0,1726980.0,60417,0,0,1.0-1.5,1.25,31.75,road_node,,True,True
1503,708475.0,1721980.0,60417,0,0,0.5-1.0,0.75,19.05,road_node,,True,True
1508,655375.0,1744880.0,60471,0,0,2.0-3.0,2.5,63.5,road_node,,True,True
1509,664975.0,1744980.0,60471,0,0,2.0-3.0,2.5,63.5,road_node,,True,True
1510,675475.0,1748380.0,60466,0,0,1.5-2.0,1.75,44.45,road_node,,True,True
1511,655475.0,1734280.0,60449,0,0,2.0-3.0,2.5,63.5,road_node,,True,True
1512,668575.0,1731880.0,60484,0,0,1.5-2.0,1.75,44.45,road_node,,True,True
1513,677475.0,1738280.0,60484,0,0,1.5-2.0,1.75,44.45,road_node,,True,True
1514,658175.0,1723880.0,60449,0,0,1.5-2.0,1.75,44.45,road_node,,True,True
1515,666075.0,1723980.0,60449,0,0,1.5-2.0,1.75,44.45,road_node,,True,True
1516,676675.0,1724080.0,60484,0,0,1.5-2.0,1.75,44.45,road_node,,True,True
1521,621575.0,1771780.0,60448,0,0,1.0-1.5,1.25,31.75,road_node,,True,True
1522,632275.0,1776480.0,60487,0,0,1.0-1.5,1.25,31.75,road_node,,True,True
1523,642875.0,1776780.0,60487,0,0,1.0-1.5,1.25,31.75,road_node,,True,True
1524,621875.0,1761980.0,60448,0,0,1.0-1.5,1.25,31.75,road_node,,True,True
1525,632675.0,1763180.0,60423,0,0,1.0-1.5,1.25,31.75,road_node,,True,True
1526,640975.0,1763580.0,60423,0,0,1.0-1.5,1.25,31.75,road_node,,True,True
1527,619475.0,1754880.0,60423,0,0,0.5-1.0,0.75,19.05,road_node,,True,True
1528,632975.0,1759280.0,60423,0,0,1.0-1.5,1.25,31.75,road_node,,True,True
1529,643675.0,1756780.0,60423,0,0,1.0-1.5,1.25,31.75,road_node,,True,True
1530,628575.0,1744380.0,60423,0,0,1.0-1.5,1.25,31.75,road_node,,True,True
1531,634075.0,1733880.0,60423,0,0,1.5-2.0,1.75,44.45,road_node,,True,True
1532,623675.0,1728380.0,60442,0,0,1.0-1.5,1.25,31.75,road_node,,True,True
1533,639475.0,1728780.0,60449,0,0,1.5-2.0,1.75,44.45,road_node,,True,True
1538,587876.0,1809311.0,60439,0,0,2.0-3.0,2.5,63.5,road_node,,True,True
1539,598275.0,1807380.0,60491,0,0,1.0-1.5,1.25,31.75,road_node,,True,True
1540,610175.0,1807780.0,60491,0,0,2.0-3.0,2.5,63.5,road_node,,True,True
1541,589375.0,1793880.0,60441,0,0,1.0-1.5,1.25,31.75,road_node,,True,True
1542,597275.0,1794180.0,60491,0,0,1.0-1.5,1.25,31.75,road_node,,True,True
1543,611775.0,1797180.0,60467,0,0,1.0-1.5,1.25,31.75,road_node,,True,True
1544,589575.0,1785880.0,60432,0,0,1.5-2.0,1.75,44.45,road_node,,True,True
1545,600175.0,1786280.0,60491,0,0,2.0-3.0,2.5,63.5,road_node,,True,True
1546,609675.0,1787380.0,60491,0,0,2.0-3.0,2.5,63.5,road_node,,True,True
1547,590075.0,1771080.0,60432,0,0,1.5-2.0,1.75,44.45,road_node,,True,True
1548,600675.0,1771480.0,60451,0,0,2.0-3.0,2.5,63.5,road_node,,True,True
1549,613975.0,1773180.0,60448,0,0,1.0-1.5,1.25,31.75,road_node,,True,True
1550,590275.0,1764880.0,60433,0,0,1.0-1.5,1.25,31.75,road_node,,True,True
1551,600775.0,1765080.0,60451,0,0,1.0-1.5,1.25,31.75,road_node,,True,True
1552,611375.0,1764580.0,60451,0,0,1.0-1.5,1.25,31.75,road_node,,True,True
1553,590475.0,1754280.0,60433,0,0,1.0-1.5,1.25,31.75,road_node,,True,True
1554,601075.0,1754480.0,60451,0,0,1.0-1.5,1.25,31.75,road_node,,True,True
1555,611675.0,1754780.0,60451,0,0,0.5-1.0,0.75,19.05,road_node,,True,True
1556,592675.0,1735780.0,60442,0,0,1.0-1.5,1.25,31.75,road_node,,True,True
1557,612275.0,1739080.0,60442,0,0,1.0-1.5,1.25,31.75,road_node,,True,True
1558,594975.0,1733280.0,60442,0,0,0.5-1.0,0.75,19.05,road_node,,True,True
1559,607675.0,1722780.0,60442,0,0,0.5-1.0,0.75,19.05,road_node,,True,True
1564,554675.0,1841580.0,60565,0,0,0.5-1.0,0.75,19.05,road_node,,True,True
1565,566875.0,1836180.0,60440,0,0,1.5-2.0,1.75,44.45,road_node,,True,True
1566,572375.0,1837380.0,60440,0,0,1.5-2.0,1.75,44.45,road_node,,True,True
1567,556875.0,1827080.0,60490,0,0,1.5-2.0,1.75,44.45,road_node,,True,True
1568,567375.0,1830080.0,60440,0,0,1.5-2.0,1.75,44.45,road_node,,True,True
1569,577475.0,1827780.0,60440,0,0,1.5-2.0,1.75,44.45,road_node,,True,True
1570,551396.0,1816271.0,60490,0,0,0.5-1.0,0.75,19.05,road_node,,True,True
1571,557007.0,1821408.0,60490,0,0,1.0-1.5,1.25,31.75,road_node,,True,True
1572,569275.0,1816980.0,60446,0,0,1.0-1.5,1.25,31.75,road_node,,True,True
1573,578575.0,1817280.0,60440,0,0,1.0-1.5,1.25,31.75,road_node,,True,True
1574,556832.0,1811134.0,60446,0,0,1.5-2.0,1.75,44.45,road_node,,True,True
1575,557120.0,1816132.0,60446,0,0,1.0-1.5,1.25,31.75,road_node,,True,True
1576,557475.0,1805780.0,60446,0,0,1.0-1.5,1.25,31.75,road_node,,True,True
1577,569275.0,1811680.0,60446,0,0,1.0-1.5,1.25,31.75,road_node,,True,True
1578,578675.0,1806480.0,60441,0,0,2.0-3.0,2.5,63.5,road_node,,True,True
1579,557775.0,1795180.0,60403,0,0,1.5-2.0,1.75,44.45,road_node,,True,True
1580,565675.0,1795580.0,60403,0,0,1.0-1.5,1.25,31.75,road_node,,True,True
1581,575675.0,1793180.0,60441,0,0,2.0-3.0,2.5,63.5,road_node,,True,True
1582,558075.0,1784580.0,60403,0,0,1.0-1.5,1.25,31.75,road_node,,True,True
1583,567475.0,1784980.0,60403,0,0,1.5-2.0,1.75,44.45,road_node,,True,True
1584,579375.0,1782780.0,60432,0,0,1.0-1.5,1.25,31.75,road_node,,True,True
1585,557075.0,1774080.0,60435,0,0,0.5-1.0,0.75,19.05,road_node,,True,True
1586,558275.0,1779380.0,60435,0,0,1.0-1.5,1.25,31.75,road_node,,True,True
1587,566175.0,1774380.0,60435,0,0,0.5-1.0,0.75,19.05,road_node,,True,True
1588,571475.0,1777180.0,60432,0,0,1.5-2.0,1.75,44.45,road_node,,True,True
1589,575275.0,1777480.0,60432,0,0,1.0-1.5,1.25,31.75,road_node,,True,True
1590,579475.0,1780080.0,60432,0,0,1.0-1.5,1.25,31.75,road_node,,True,True
1591,557275.0,1768780.0,60435,0,0,0.5-1.0,0.75,19.05,road_node,,True,True
1592,559875.0,1768880.0,60435,0,0,0.5-1.0,0.75,19.05,road_node,,True,True
1593,567475.0,1772380.0,60435,0,0,0.5-1.0,0.75,19.05,road_node,,True,True
1594,571475.0,1770780.0,60432,0,0,0.5-1.0,0.75,19.05,road_node,,True,True
1595,575675.0,1771880.0,60432,0,0,1.0-1.5,1.25,31.75,road_node,,True,True
1596,581275.0,1771580.0,60432,0,0,1.0-1.5,1.25,31.75,road_node,,True,True
1597,552975.0,1765980.0,60436,0,0,0.5-1.0,0.75,19.05,road_node,,True,True
1598,562675.0,1765480.0,60436,0,0,0.5-1.0,0.75,19.05,road_node,,True,True
1599,566475.0,1767280.0,60436,0,0,0.5-1.0,0.75,19.05,road_node,,True,True
1600,571075.0,1766780.0,60433,0,0,0.5-1.0,0.75,19.05,road_node,,True,True
1601,574175.0,1768180.0,60432,0,0,1.0-1.5,1.25,31.75,road_node,,True,True
1602,579575.0,1768780.0,60432,0,0,1.0-1.5,1.25,31.75,road_node,,True,True
1603,557475.0,1763280.0,60436,0,0,0.5-1.0,0.75,19.05,road_node,,True,True
1604,560175.0,1761480.0,60436,0,0,0.5-1.0,0.75,19.05,road_node,,True,True
1605,564075.0,1759180.0,60436,0,0,0.5-1.0,0.75,19.05,road_node,,True,True
1606,571875.0,1761480.0,60433,0,0,0.5-1.0,0.75,19.05,road_node,,True,True
1607,574575.0,1759580.0,60433,0,0,0.5-1.0,0.75,19.05,road_node,,True,True
1608,579775.0,1761780.0,60433,0,0,0.5-1.0,0.75,19.05,road_node,,True,True
1609,558975.0,1753180.0,60436,0,0,1.0-1.5,1.25,31.75,road_node,,True,True
1610,564275.0,1753380.0,60436,0,0,0.5-1.0,0.75,19.05,road_node,,True,True
1611,569575.0,1753580.0,60433,0,0,0.5-1.0,0.75,19.05,road_node,,True,True
1612,581575.0,1756680.0,60433,0,0,0.5-1.0,0.75,19.05,road_node,,True,True
1613,558975.0,1747880.0,60436,0,0,0.5-1.0,0.75,19.05,road_node,,True,True
1614,564375.0,1748180.0,60436,0,0,0.5-1.0,0.75,19.05,road_node,,True,True
1615,561975.0,1737380.0,60421,0,0,0.5-1.0,0.75,19.05,road_node,,True,True
1616,575275.0,1735180.0,60421,0,0,0.5-1.0,0.75,19.05,road_node,,True,True
1617,560975.0,1725580.0,60421,0,0,0.5-1.0,0.75,19.05,road_node,,True,True
1618,570375.0,1721880.0,60421,0,0,0.25-0.5,0.375,9.525,road_node,,True,True
1627,527075.0,1834780.0,60503,0,0,0.5-1.0,0.75,19.05,road_node,,True,True
1628,545675.0,1831280.0,60490,0,0,0.5-1.0,0.75,19.05,road_node,,True,True
1629,525575.0,1820780.0,60585,0,0,0.5-1.0,0.75,19.05,road_node,,True,True
1630,542175.0,1815880.0,60490,0,0,0.5-1.0,0.75,19.05,road_node,,True,True
1631,530575.0,1804980.0,60544,0,0,1.0-1.5,1.25,31.75,road_node,,True,True
1632,536075.0,1801480.0,60544,0,0,1.5-2.0,1.75,44.45,road_node,,True,True
1633,528775.0,1784080.0,60586,0,0,2.0-3.0,2.5,63.5,road_node,,True,True
1634,541975.0,1792680.0,60544,0,0,2.0-3.0,2.5,63.5,road_node,,True,True
1635,531875.0,1768280.0,60404,0,0,0.5-1.0,0.75,19.05,road_node,,True,True
1636,536975.0,1773580.0,60431,0,0,0.5-1.0,0.75,19.05,road_node,,True,True
1637,547675.0,1768480.0,60435,0,0,0.5-1.0,0.75,19.05,road_node,,True,True
1638,521975.0,1762780.0,60404,0,0,1.0-1.5,1.25,31.75,road_node,,True,True
1639,537075.0,1768280.0,60431,0,0,0.5-1.0,0.75,19.05,road_node,,True,True
1640,545075.0,1765780.0,60431,0,0,0.5-1.0,0.75,19.05,road_node,,True,True
1641,532175.0,1757680.0,60404,0,0,1.0-1.5,1.25,31.75,road_node,,True,True
1642,537975.0,1747880.0,60410,0,0,1.0-1.5,1.25,31.75,road_node,,True,True
1643,545475.0,1756480.0,60436,0,0,1.0-1.5,1.25,31.75,road_node,,True,True
1644,528775.0,1734880.0,60410,0,0,0.5-1.0,0.75,19.05,road_node,,True,True
1645,546175.0,1731580.0,60410,0,0,0.5-1.0,0.75,19.05,road_node,,True,True
1647,548075.0,1721180.0,60410,0,0,0.5-1.0,0.75,19.05,road_node,,True,True
1656,724916.0,1823620.0,46394,0,0,3.0-4.0,3.5,88.9,road_node,,True,True
1657,727879.0,1826931.0,46394,0,0,3.0-4.0,3.5,88.9,road_node,,True,True
1658,738068.0,1819215.0,46312,0,0,2.0-3.0,2.5,63.5,road_node,,True,True
1659,723375.0,1814957.0,46327,0,0,3.0-4.0,3.5,88.9,road_node,,True,True
1660,733310.0,1815793.0,46312,0,0,3.0-4.0,3.5,88.9,road_node,,True,True
1661,741205.0,1815887.0,46312,0,0,2.0-3.0,2.5,63.5,road_node,,True,True
1662,725582.0,1804859.0,46320,0,0,3.0-4.0,3.5,88.9,road_node,,True,True
1663,733196.0,1805584.0,46320,0,0,2.0-3.0,2.5,63.5,road_node,,True,True
1664,738423.0,1808432.0,46312,0,0,1.5-2.0,1.75,44.45,road_node,,True,True
1665,751475.0,1806980.0,46406,0,0,1.0-1.5,1.25,31.75,road_node,,True,True
1669,721975.0,1798280.0,46324,0,0,3.0-4.0,3.5,88.9,road_node,,True,True
1670,727975.0,1796380.0,46324,0,0,2.0-3.0,2.5,63.5,road_node,,True,True
1671,738575.0,1796580.0,46323,0,0,1.5-2.0,1.75,44.45,road_node,,True,True
1672,751875.0,1796480.0,46406,0,0,0.5-1.0,0.75,19.05,road_node,,True,True
1675,722075.0,1789980.0,46324,0,0,2.0-3.0,2.5,63.5,road_node,,True,True
1676,728175.0,1783480.0,46321,0,0,2.0-3.0,2.5,63.5,road_node,,True,True
1677,736157.0,1782206.0,46322,0,0,1.0-1.5,1.25,31.75,road_node,,True,True
1678,743484.0,1789208.0,46323,0,0,1.5-2.0,1.75,44.45,road_node,,True,True
1679,751975.0,1788680.0,46406,0,0,1.0-1.5,1.25,31.75,road_node,,True,True
1684,725243.0,1776552.0,46321,0,0,2.0-3.0,2.5,63.5,road_node,,True,True
1685,726045.0,1776218.0,46321,0,0,2.0-3.0,2.5,63.5,road_node,,True,True
1686,738775.0,1775280.0,46322,0,0,0.5-1.0,0.75,19.05,road_node,,True,True
1687,752075.0,1775280.0,46319,0,0,1.0-1.5,1.25,31.75,road_node,,True,True
1692,723175.0,1764580.0,46321,0,0,1.5-2.0,1.75,44.45,road_node,,True,True
1693,736275.0,1764580.0,46375,0,0,1.0-1.5,1.25,31.75,road_node,,True,True
1694,738875.0,1764580.0,46375,0,0,1.0-1.5,1.25,31.75,road_node,,True,True
1695,750675.0,1764580.0,46319,0,0,0.5-1.0,0.75,19.05,road_node,,True,True
1698,723375.0,1753980.0,46311,0,0,1.5-2.0,1.75,44.45,road_node,,True,True
1699,732608.0,1756018.0,46311,0,0,1.5-2.0,1.75,44.45,road_node,,True,True
1700,737775.0,1757780.0,46375,0,0,1.0-1.5,1.25,31.75,road_node,,True,True
1701,755108.0,1752664.0,46375,0,0,0.5-1.0,0.75,19.05,road_node,,True,True
1705,731375.0,1743380.0,46373,0,0,1.0-1.5,1.25,31.75,road_node,,True,True
1706,742075.0,1740380.0,46373,0,0,1.0-1.5,1.25,31.75,road_node,,True,True
1707,752675.0,1743880.0,46373,0,0,1.0-1.5,1.25,31.75,road_node,,True,True
1709,747575.0,1732980.0,46373,0,0,1.0-1.5,1.25,31.75,road_node,,True,True
1717,469475.0,1814580.0,60560,0,0,1.5-2.0,1.75,44.45,road_node,,True,True
1718,498358.0,1828852.0,60543,0,0,0.5-1.0,0.75,19.05,road_node,,True,True
1719,513301.0,1830939.0,60503,0,0,0.5-1.0,0.75,19.05,road_node,,True,True
1720,488105.0,1822854.0,60543,0,0,1.0-1.5,1.25,31.75,road_node,,True,True
1721,506876.0,1822806.0,60543,0,0,1.0-1.5,1.25,31.75,road_node,,True,True
1723,468875.0,1804080.0,60560,0,0,0.5-1.0,0.75,19.05,road_node,,True,True
1724,504975.0,1799580.0,60543,0,0,1.0-1.5,1.25,31.75,road_node,,True,True
1726,472775.0,1753580.0,60541,0,0,1.0-1.5,1.25,31.75,road_node,,True,True
1727,502175.0,1764980.0,60447,0,0,0.5-1.0,0.75,19.05,road_node,,True,True
1729,475775.0,1724480.0,60450,0,0,1.0-1.5,1.25,31.75,road_node,,True,True
1730,501475.0,1730480.0,60447,0,0,1.0-1.5,1.25,31.75,road_node,,True,True
1782,377800.0,1904100.0,60115,0,0,,,,road_node,,True,False
1791,693767.0,1797760.0,60473,0,0,3.0-4.0,3.5,88.9,road_node,,True,True
1792,514000.0,1864100.0,60502,0,0,1.0-1.5,1.25,31.75,road_node,,True,True
1793,695800.0,1805800.0,60419,0,0,3.0-4.0,3.5,88.9,road_node,,True,True
1794,507400.0,1860100.0,60505,0,0,1.0-1.5,1.25,31.75,road_node,,True,True
1795,698600.0,1803200.0,60419,0,0,3.0-4.0,3.5,88.9,road_node,,True,True
1796,701100.0,1805900.0,60419,0,0,3.0-4.0,3.5,88.9,road_node,,True,True
1797,701100.0,1803200.0,60419,0,0,3.0-4.0,3.5,88.9,road_node,,True,True
1798,698600.0,1797900.0,60473,0,0,2.0-3.0,2.5,63.5,road_node,,True,True
1799,506700.0,1862000.0,60505,0,0,1.0-1.5,1.25,31.75,road_node,,True,True
1800,509800.0,1860400.0,60505,0,0,0.5-1.0,0.75,19.05,road_node,,True,True
1801,704200.0,1803200.0,60419,0,0,2.0-3.0,2.5,63.5,road_node,,True,True
1802,705400.0,1805800.0,60419,0,0,2.0-3.0,2.5,63.5,road_node,,True,True
1803,706400.0,1805500.0,60419,0,0,2.0-3.0,2.5,63.5,road_node,,True,True
1804,706100.0,1806600.0,60419,0,0,2.0-3.0,2.5,63.5,road_node,,True,True
1805,705200.0,1799000.0,60473,0,0,2.0-3.0,2.5,63.5,road_node,,True,True
1806,705000.0,1797200.0,60473,0,0,2.0-3.0,2.5,63.5,road_node,,True,True
1807,708300.0,1798000.0,60409,0,0,2.0-3.0,2.5,63.5,road_node,,True,True
1808,711900.0,1798100.0,60409,0,0,2.0-3.0,2.5,63.5,road_node,,True,True
1809,711800.0,1802100.0,60409,0,0,3.0-4.0,3.5,88.9,road_node,,True,True
1810,514100.0,1861500.0,60505,0,0,0.5-1.0,0.75,19.05,road_node,,True,True
1811,711800.0,1803300.0,60409,0,0,3.0-4.0,3.5,88.9,road_node,,True,True
1812,711800.0,1806000.0,60409,0,0,3.0-4.0,3.5,88.9,road_node,,True,True
1813,717100.0,1806000.0,60409,0,0,3.0-4.0,3.5,88.9,road_node,,True,True
1814,719700.0,1806200.0,60409,0,0,3.0-4.0,3.5,88.9,road_node,,True,True
1815,517200.0,1861500.0,60502,0,0,1.0-1.5,1.25,31.75,road_node,,True,True
1816,717200.0,1803300.0,60409,0,0,3.0-4.0,3.5,88.9,road_node,,True,True
1817,719800.0,1803400.0,60409,0,0,3.0-4.0,3.5,88.9,road_node,,True,True
1818,722100.0,1804700.0,46320,0,0,3.0-4.0,3.5,88.9,road_node,,True,True
1819,721800.0,1803500.0,60409,0,0,3.0-4.0,3.5,88.9,road_node,,True,True
1820,717200.0,1799500.0,60409,0,0,3.0-4.0,3.5,88.9,road_node,,True,True
1821,517100.0,1864200.0,60502,0,0,1.0-1.5,1.25,31.75,road_node,,True,True
1822,506400.0,1853900.0,60505,0,0,0.5-1.0,0.75,19.05,road_node,,True,True
1823,511500.0,1852800.0,60505,0,0,0.5-1.0,0.75,19.05,road_node,,True,True
1824,514100.0,1857700.0,60505,0,0,1.0-1.5,1.25,31.75,road_node,,True,True
1825,721900.0,1796200.0,46324,0,0,3.0-4.0,3.5,88.9,road_node,,True,True
1826,725500.0,1796200.0,46324,0,0,3.0-4.0,3.5,88.9,road_node,,True,True
1827,621000.0,1792000.0,60467,0,0,1.5-2.0,1.75,44.45,road_node,,True,True
1828,514100.0,1855500.0,60505,0,0,1.0-1.5,1.25,31.75,road_node,,True,True
1829,617200.0,1784000.0,60448,0,0,1.0-1.5,1.25,31.75,road_node,,True,True
1830,631900.0,1784400.0,60487,0,0,1.5-2.0,1.75,44.45,road_node,,True,True
1831,631600.0,1792400.0,60487,0,0,1.0-1.5,1.25,31.75,road_node,,True,True
1832,516100.0,1857700.0,60505,0,0,1.0-1.5,1.25,31.75,road_node,,True,True
1833,642600.0,1782100.0,60487,0,0,1.0-1.5,1.25,31.75,road_node,,True,True
1834,650300.0,1782200.0,60477,0,0,1.0-1.5,1.25,31.75,road_node,,True,True
1835,516800.0,1856300.0,60505,0,0,1.0-1.5,1.25,31.75,road_node,,True,True
1836,506200.0,1853500.0,60505,0,0,0.5-1.0,0.75,19.05,road_node,,True,True
1837,652900.0,1787600.0,60477,0,0,1.5-2.0,1.75,44.45,road_node,,True,True
1838,514200.0,1853700.0,60505,0,0,1.0-1.5,1.25,31.75,road_node,,True,True
1839,511500.0,1852100.0,60505,0,0,0.5-1.0,0.75,19.05,road_node,,True,True
1840,658000.0,1793000.0,60452,0,0,2.0-3.0,2.5,63.5,road_node,,True,True
1841,663400.0,1793200.0,60452,0,0,2.0-3.0,2.5,63.5,road_node,,True,True
1842,674400.0,1892000.0,60608,0,0,4.0-6.0,5.0,127.0,road_node,,True,True
1843,676300.0,1892000.0,60608,0,0,4.0-6.0,5.0,127.0,road_node,,True,True
1844,519400.0,1850200.0,60504,0,0,1.0-1.5,1.25,31.75,road_node,,True,True
1845,503800.0,1840100.0,60538,0,0,1.0-1.5,1.25,31.75,road_node,,True,True
1846,512600.0,1839000.0,60503,0,0,0.5-1.0,0.75,19.05,road_node,,True,True
1847,674900.0,1781800.0,60429,0,0,2.0-3.0,2.5,63.5,road_node,,True,True
1848,514200.0,1840300.0,60503,0,0,0.5-1.0,0.75,19.05,road_node,,True,True
1849,515600.0,1841400.0,60503,0,0,0.5-1.0,0.75,19.05,road_node,,True,True
1850,513800.0,1845100.0,60503,0,0,0.5-1.0,0.75,19.05,road_node,,True,True
1851,519400.0,1846900.0,60504,0,0,0.5-1.0,0.75,19.05,road_node,,True,True
1852,682700.0,1792400.0,60429,0,0,3.0-4.0,3.5,88.9,road_node,,True,True
1853,521500.0,1846800.0,60504,0,0,1.0-1.5,1.25,31.75,road_node,,True,True
1854,682700.0,1789800.0,60429,0,0,3.0-4.0,3.5,88.9,road_node,,True,True
1855,683000.0,1786500.0,60430,0,0,2.0-3.0,2.5,63.5,road_node,,True,True
1856,678500.0,1781900.0,60430,0,0,2.0-3.0,2.5,63.5,road_node,,True,True
1857,681700.0,1781900.0,60430,0,0,2.0-3.0,2.5,63.5,road_node,,True,True
1858,682800.0,1781800.0,60430,0,0,2.0-3.0,2.5,63.5,road_node,,True,True
1859,682900.0,1783400.0,60430,0,0,2.0-3.0,2.5,63.5,road_node,,True,True
1861,484900.0,2021000.0,60156,0,0,,,,road_node,,True,False
1862,685500.0,1783400.0,60430,0,0,2.0-3.0,2.5,63.5,road_node,,True,True
1863,685400.0,1785800.0,60430,0,0,2.0-3.0,2.5,63.5,road_node,,True,True
1864,684000.0,1789800.0,60429,0,0,3.0-4.0,3.5,88.9,road_node,,True,True
1865,685700.0,1789900.0,60429,0,0,2.0-3.0,2.5,63.5,road_node,,True,True
1866,486400.0,2017100.0,60156,0,0,1.0-1.5,1.25,31.75,road_node,,True,True
1867,685300.0,1792500.0,60426,0,0,3.0-4.0,3.5,88.9,road_node,,True,True
1868,491600.0,2017100.0,60156,0,0,1.0-1.5,1.25,31.75,road_node,,True,True
1870,690700.0,1790600.0,60476,0,0,3.0-4.0,3.5,88.9,road_node,,True,True
1871,690600.0,1792500.0,60426,0,0,3.0-4.0,3.5,88.9,road_node,,True,True
1872,694600.0,1793800.0,60473,0,0,3.0-4.0,3.5,88.9,road_node,,True,True
1873,696000.0,1793900.0,60473,0,0,3.0-4.0,3.5,88.9,road_node,,True,True
1874,695300.0,1792600.0,60473,0,0,3.0-4.0,3.5,88.9,road_node,,True,True
1875,491500.0,2023900.0,60014,0,0,,,,road_node,,True,False
1876,697000.0,1787400.0,60476,0,0,2.0-3.0,2.5,63.5,road_node,,True,True
1878,690800.0,1781900.0,60430,0,0,2.0-3.0,2.5,63.5,road_node,,True,True
1879,697000.0,1786100.0,60476,0,0,2.0-3.0,2.5,63.5,road_node,,True,True
1881,701300.0,1792600.0,60473,0,0,2.0-3.0,2.5,63.5,road_node,,True,True
1882,698700.0,1792700.0,60473,0,0,2.0-3.0,2.5,63.5,road_node,,True,True
1883,698700.0,1793500.0,60473,0,0,2.0-3.0,2.5,63.5,road_node,,True,True
1884,579700.0,1832300.0,60440,0,0,1.5-2.0,1.75,44.45,road_node,,True,True
1885,712600.0,1789700.0,60438,0,0,2.0-3.0,2.5,63.5,road_node,,True,True
1886,712000.0,1792800.0,60438,0,0,2.0-3.0,2.5,63.5,road_node,,True,True
1887,711200.0,1789600.0,60438,0,0,2.0-3.0,2.5,63.5,road_node,,True,True
1888,712000.0,1786000.0,60438,0,0,2.0-3.0,2.5,63.5,road_node,,True,True
1890,717300.0,1785000.0,60438,0,0,3.0-4.0,3.5,88.9,road_node,,True,True
1891,717200.0,1792800.0,60438,0,0,3.0-4.0,3.5,88.9,road_node,,True,True
1892,495600.0,2017000.0,60156,0,0,1.5-2.0,1.75,44.45,road_node,,True,True
1893,504700.0,2021400.0,60014,0,0,,,,road_node,,True,False
1894,724800.0,1788500.0,46324,0,0,2.0-3.0,2.5,63.5,road_node,,True,True
1895,726200.0,1788300.0,46324,0,0,2.0-3.0,2.5,63.5,road_node,,True,True
1896,725600.0,1783700.0,46321,0,0,2.0-3.0,2.5,63.5,road_node,,True,True
1897,568800.0,1770500.0,60432,0,0,0.5-1.0,0.75,19.05,road_node,,True,True
1898,678900.0,1896300.0,60612,0,0,4.0-6.0,5.0,127.0,road_node,,True,True
1899,600500.0,1765600.0,60451,0,0,1.0-1.5,1.25,31.75,road_node,,True,True
1900,528200.0,2010800.0,60021,0,0,1.0-1.5,1.25,31.75,road_node,,True,True
1901,474500.0,2006400.0,60142,0,0,1.0-1.5,1.25,31.75,road_node,,True,True
1902,629000.0,1759700.0,60423,0,0,1.0-1.5,1.25,31.75,road_node,,True,True
1903,490400.0,2006600.0,60156,0,0,2.0-3.0,2.5,63.5,road_node,,True,True
1904,632500.0,1759800.0,60423,0,0,1.0-1.5,1.25,31.75,road_node,,True,True
1905,473000.0,1986100.0,60136,0,0,1.5-2.0,1.75,44.45,road_node,,True,True
1906,648700.0,1770900.0,60443,0,0,1.5-2.0,1.75,44.45,road_node,,True,True
1907,648700.0,1763000.0,60443,0,0,1.0-1.5,1.25,31.75,road_node,,True,True
1908,480900.0,1988000.0,60136,0,0,1.5-2.0,1.75,44.45,road_node,,True,True
1909,627200.0,1855000.0,60525,0,0,4.0-6.0,5.0,127.0,road_node,,True,True
1910,627000.0,1856900.0,60525,0,0,4.0-6.0,5.0,127.0,road_node,,True,True
1911,488900.0,1988000.0,60136,0,0,1.5-2.0,1.75,44.45,road_node,,True,True
1912,669900.0,1763200.0,60461,0,0,2.0-3.0,2.5,63.5,road_node,,True,True
1913,669800.0,1768400.0,60461,0,0,2.0-3.0,2.5,63.5,road_node,,True,True
1914,669800.0,1771000.0,60461,0,0,2.0-3.0,2.5,63.5,road_node,,True,True
1915,489000.0,1996500.0,60136,0,0,2.0-3.0,2.5,63.5,road_node,,True,True
1916,675100.0,1776400.0,60422,0,0,2.0-3.0,2.5,63.5,road_node,,True,True
1917,676200.0,1776400.0,60422,0,0,2.0-3.0,2.5,63.5,road_node,,True,True
1918,466800.0,1972300.0,60140,0,0,1.0-1.5,1.25,31.75,road_node,,True,True
1919,466500.0,1974800.0,60140,0,0,1.0-1.5,1.25,31.75,road_node,,True,True
1920,675100.0,1771200.0,60422,0,0,2.0-3.0,2.5,63.5,road_node,,True,True
1921,474000.0,1974800.0,60136,0,0,1.0-1.5,1.25,31.75,road_node,,True,True
1922,675100.0,1768500.0,60461,0,0,2.0-3.0,2.5,63.5,road_node,,True,True
1923,673500.0,1763200.0,60461,0,0,2.0-3.0,2.5,63.5,road_node,,True,True
1924,481200.0,1978000.0,60136,0,0,1.5-2.0,1.75,44.45,road_node,,True,True
1925,492800.0,1980100.0,60136,0,0,1.5-2.0,1.75,44.45,road_node,,True,True
1926,464400.0,1962600.0,60140,0,0,1.5-2.0,1.75,44.45,road_node,,True,True
1927,685700.0,1768600.0,60461,0,0,2.0-3.0,2.5,63.5,road_node,,True,True
1928,680400.0,1771200.0,60422,0,0,2.0-3.0,2.5,63.5,road_node,,True,True
1929,680200.0,1776600.0,60422,0,0,2.0-3.0,2.5,63.5,road_node,,True,True
1930,464400.0,1960100.0,60140,0,0,1.5-2.0,1.75,44.45,road_node,,True,True
1931,469300.0,1961400.0,60124,0,0,1.5-2.0,1.75,44.45,road_node,,True,True
1932,685300.0,1771200.0,60422,0,0,2.0-3.0,2.5,63.5,road_node,,True,True
1933,685700.0,1770900.0,60422,0,0,2.0-3.0,2.5,63.5,road_node,,True,True
1934,687100.0,1768600.0,60422,0,0,2.0-3.0,2.5,63.5,road_node,,True,True
1935,479600.0,1959100.0,60124,0,0,1.0-1.5,1.25,31.75,road_node,,True,True
1936,476300.0,1959600.0,60124,0,0,1.5-2.0,1.75,44.45,road_node,,True,True
1937,689500.0,1763300.0,60475,0,0,1.5-2.0,1.75,44.45,road_node,,True,True
1938,691100.0,1763300.0,60411,0,0,2.0-3.0,2.5,63.5,road_node,,True,True
1939,691000.0,1766800.0,60411,0,0,2.0-3.0,2.5,63.5,road_node,,True,True
1940,686400.0,1779400.0,60430,0,0,2.0-3.0,2.5,63.5,road_node,,True,True
1941,480600.0,1962600.0,60124,0,0,1.0-1.5,1.25,31.75,road_node,,True,True
1942,690800.0,1775200.0,60425,0,0,2.0-3.0,2.5,63.5,road_node,,True,True
1943,692600.0,1775200.0,60425,0,0,2.0-3.0,2.5,63.5,road_node,,True,True
1944,695400.0,1778500.0,60425,0,0,2.0-3.0,2.5,63.5,road_node,,True,True
1945,488500.0,1958200.0,60124,0,0,1.0-1.5,1.25,31.75,road_node,,True,True
1946,696400.0,1768700.0,60411,0,0,2.0-3.0,2.5,63.5,road_node,,True,True
1947,701700.0,1763400.0,60411,0,0,2.0-3.0,2.5,63.5,road_node,,True,True
1948,699100.0,1776600.0,60425,0,0,2.0-3.0,2.5,63.5,road_node,,True,True
1949,701500.0,1776700.0,60425,0,0,2.0-3.0,2.5,63.5,road_node,,True,True
1950,701600.0,1775000.0,60425,0,0,2.0-3.0,2.5,63.5,road_node,,True,True
1951,701900.0,1782100.0,60476,0,0,2.0-3.0,2.5,63.5,road_node,,True,True
1952,640300.0,1867300.0,60501,0,0,4.0-6.0,5.0,127.0,road_node,,True,True
1953,712000.0,1782200.0,60438,0,0,2.0-3.0,2.5,63.5,road_node,,True,True
1954,639000.0,1868000.0,60501,0,0,4.0-6.0,5.0,127.0,road_node,,True,True
1955,712000.0,1776800.0,60438,0,0,2.0-3.0,2.5,63.5,road_node,,True,True
1956,638300.0,1848100.0,60458,0,0,4.0-6.0,5.0,127.0,road_node,,True,True
1957,712200.0,1769900.0,60411,0,0,2.0-3.0,2.5,63.5,road_node,,True,True
1958,712200.0,1768900.0,60411,0,0,2.0-3.0,2.5,63.5,road_node,,True,True
1959,638500.0,1847900.0,60458,0,0,4.0-6.0,5.0,127.0,road_node,,True,True
1960,638000.0,1847900.0,60458,0,0,4.0-6.0,5.0,127.0,road_node,,True,True
1961,638300.0,1847700.0,60458,0,0,4.0-6.0,5.0,127.0,road_node,,True,True
1962,712300.0,1763600.0,60411,0,0,2.0-3.0,2.5,63.5,road_node,,True,True
1963,464200.0,1938900.0,60124,0,0,2.0-3.0,2.5,63.5,road_node,,True,True
1964,479100.0,1941900.0,60124,0,0,1.5-2.0,1.75,44.45,road_node,,True,True
1965,480400.0,1937700.0,60124,0,0,1.5-2.0,1.75,44.45,road_node,,True,True
1966,663000.0,1806600.0,60445,0,0,2.0-3.0,2.5,63.5,road_node,,True,True
1967,648800.0,1755700.0,60423,0,0,1.0-1.5,1.25,31.75,road_node,,True,True
1968,478600.0,1937500.0,60124,0,0,1.0-1.5,1.25,31.75,road_node,,True,True
1969,479000.0,1947000.0,60124,0,0,1.0-1.5,1.25,31.75,road_node,,True,True
1970,670000.0,1755100.0,60471,0,0,2.0-3.0,2.5,63.5,road_node,,True,True
1971,482100.0,1946200.0,60124,0,0,1.0-1.5,1.25,31.75,road_node,,True,True
1972,680600.0,1751400.0,60466,0,0,1.5-2.0,1.75,44.45,road_node,,True,True
1973,680600.0,1749900.0,60466,0,0,1.5-2.0,1.75,44.45,road_node,,True,True
1974,682800.0,1749900.0,60466,0,0,2.0-3.0,2.5,63.5,road_node,,True,True
1975,690200.0,1758000.0,60475,0,0,1.5-2.0,1.75,44.45,road_node,,True,True
1976,691500.0,1758000.0,60475,0,0,2.0-3.0,2.5,63.5,road_node,,True,True
1977,484300.0,1945600.0,60124,0,0,1.0-1.5,1.25,31.75,road_node,,True,True
1978,691900.0,1754200.0,60475,0,0,2.0-3.0,2.5,63.5,road_node,,True,True
1979,691100.0,1750000.0,60475,0,0,1.5-2.0,1.75,44.45,road_node,,True,True
1980,692000.0,1750000.0,60475,0,0,1.5-2.0,1.75,44.45,road_node,,True,True
1981,691300.0,1746700.0,60475,0,0,1.5-2.0,1.75,44.45,road_node,,True,True
1982,696500.0,1746300.0,60475,0,0,1.0-1.5,1.25,31.75,road_node,,True,True
1983,696600.0,1750100.0,60475,0,0,1.5-2.0,1.75,44.45,road_node,,True,True
1984,486500.0,1950200.0,60124,0,0,1.0-1.5,1.25,31.75,road_node,,True,True
1985,696400.0,1758000.0,60475,0,0,2.0-3.0,2.5,63.5,road_node,,True,True
1986,701800.0,1755900.0,60411,0,0,1.5-2.0,1.75,44.45,road_node,,True,True
1987,628300.0,1887800.0,60155,0,0,3.0-4.0,3.5,88.9,road_node,,True,True
1988,617400.0,1896100.0,60162,0,0,2.0-3.0,2.5,63.5,road_node,,True,True
1989,704200.0,1750200.0,60475,0,0,1.0-1.5,1.25,31.75,road_node,,True,True
1990,628500.0,1885200.0,60526,0,0,3.0-4.0,3.5,88.9,road_node,,True,True
1991,468700.0,1924500.0,60175,0,0,2.0-3.0,2.5,63.5,road_node,,True,True
1992,460700.0,1932200.0,60175,0,0,2.0-3.0,2.5,63.5,road_node,,True,True
1993,636400.0,1885600.0,60546,0,0,4.0-6.0,5.0,127.0,road_node,,True,True
1994,712500.0,1750300.0,46311,0,0,1.5-2.0,1.75,44.45,road_node,,True,True
1995,479400.0,1925300.0,60175,0,0,1.5-2.0,1.75,44.45,road_node,,True,True
1996,480500.0,1932100.0,60175,0,0,1.5-2.0,1.75,44.45,road_node,,True,True
1997,720700.0,1759500.0,46311,0,0,1.5-2.0,1.75,44.45,road_node,,True,True
1998,722200.0,1759200.0,46311,0,0,1.5-2.0,1.75,44.45,road_node,,True,True
1999,601500.0,1733300.0,60442,0,0,0.5-1.0,0.75,19.05,road_node,,True,True
2000,623300.0,1733500.0,60423,0,0,1.0-1.5,1.25,31.75,road_node,,True,True
2001,664800.0,1740300.0,60484,0,0,1.5-2.0,1.75,44.45,road_node,,True,True
2002,661100.0,1732100.0,60449,0,0,1.5-2.0,1.75,44.45,road_node,,True,True
2003,669800.0,1731800.0,60484,0,0,1.5-2.0,1.75,44.45,road_node,,True,True
2004,681700.0,1731900.0,60484,0,0,1.0-1.5,1.25,31.75,road_node,,True,True
2005,692900.0,1732000.0,60417,0,0,1.0-1.5,1.25,31.75,road_node,,True,True
2006,694100.0,1720000.0,60401,0,0,0.5-1.0,0.75,19.05,road_node,,True,True
2007,482800.0,1921400.0,60175,0,0,1.5-2.0,1.75,44.45,road_node,,True,True
2010,466100.0,1912900.0,60175,0,0,1.0-1.5,1.25,31.75,road_node,,True,True
2011,681600.0,1896400.0,60612,0,0,4.0-6.0,5.0,127.0,road_node,,True,True
2012,725400.0,1803500.0,46320,0,0,3.0-4.0,3.5,88.9,road_node,,True,True
2013,676400.0,1891100.0,60608,0,0,4.0-6.0,5.0,127.0,road_node,,True,True
2014,466100.0,1907900.0,60119,0,0,1.5-2.0,1.75,44.45,road_node,,True,True
2015,462200.0,1907200.0,60119,0,0,1.5-2.0,1.75,44.45,road_node,,True,True
2016,717300.0,1782300.0,60438,0,0,3.0-4.0,3.5,88.9,road_node,,True,True
2017,720000.0,1782300.0,60438,0,0,3.0-4.0,3.5,88.9,road_node,,True,True
2018,621100.0,2014700.0,60015,0,0,1.5-2.0,1.75,44.45,road_node,,True,True
2019,620900.0,2014800.0,60015,0,0,1.5-2.0,1.75,44.45,road_node,,True,True
2020,620600.0,2016400.0,60069,0,0,1.5-2.0,1.75,44.45,road_node,,True,True
2021,620800.0,2016200.0,60069,0,0,1.5-2.0,1.75,44.45,road_node,,True,True
2022,679100.0,1891300.0,60608,0,0,4.0-6.0,5.0,127.0,road_node,,True,True
2023,681700.0,1891400.0,60608,0,0,4.0-6.0,5.0,127.0,road_node,,True,True
2024,620000.0,2016300.0,60069,0,0,1.5-2.0,1.75,44.45,road_node,,True,True
2025,620000.0,2016100.0,60069,0,0,1.5-2.0,1.75,44.45,road_node,,True,True
2026,460200.0,1920600.0,60175,0,0,1.5-2.0,1.75,44.45,road_node,,True,True
2027,480600.0,1911600.0,60175,0,0,1.5-2.0,1.75,44.45,road_node,,True,True
2028,684300.0,1891400.0,60608,0,0,4.0-6.0,5.0,127.0,road_node,,True,True
2029,687000.0,1891500.0,60608,0,0,4.0-6.0,5.0,127.0,road_node,,True,True
2030,680200.0,1889300.0,60608,0,0,4.0-6.0,5.0,127.0,road_node,,True,True
2031,680200.0,1888600.0,60608,0,0,4.0-6.0,5.0,127.0,road_node,,True,True
2032,683000.0,1889400.0,60608,0,0,4.0-6.0,5.0,127.0,road_node,,True,True
2033,678500.0,1794100.0,60428,0,0,3.0-4.0,3.5,88.9,road_node,,True,True
2034,678500.0,1793800.0,60428,0,0,3.0-4.0,3.5,88.9,road_node,,True,True
2035,678300.0,1794100.0,60428,0,0,3.0-4.0,3.5,88.9,road_node,,True,True
2036,678300.0,1793800.0,60428,0,0,3.0-4.0,3.5,88.9,road_node,,True,True
2037,707100.0,1756500.0,60411,0,0,2.0-3.0,2.5,63.5,road_node,,True,True
2038,707200.0,1750300.0,60475,0,0,1.0-1.5,1.25,31.75,road_node,,True,True
2039,479400.0,1908500.0,60175,0,0,1.5-2.0,1.75,44.45,road_node,,True,True
2040,681700.0,1890100.0,60608,0,0,4.0-6.0,5.0,127.0,road_node,,True,True
2041,685500.0,1889500.0,60608,0,0,4.0-6.0,5.0,127.0,road_node,,True,True
2042,486600.0,1918000.0,60175,0,0,1.0-1.5,1.25,31.75,road_node,,True,True
2043,487600.0,1917200.0,60175,0,0,1.0-1.5,1.25,31.75,road_node,,True,True
2044,462000.0,1897100.0,60119,0,0,1.5-2.0,1.75,44.45,road_node,,True,True
2045,477800.0,1899500.0,60119,0,0,1.5-2.0,1.75,44.45,road_node,,True,True
2046,693300.0,1841900.0,60628,0,0,2.0-3.0,2.5,63.5,road_node,,True,True
2047,693200.0,1844600.0,60620,0,0,2.0-3.0,2.5,63.5,road_node,,True,True
2048,720500.0,1836000.0,60617,0,0,4.0-6.0,5.0,127.0,road_node,,True,True
2049,720293.0,1836100.0,60617,0,0,4.0-6.0,5.0,127.0,road_node,,True,True
2050,676500.0,1881800.0,60608,0,0,4.0-6.0,5.0,127.0,road_node,,True,True
2051,676800.0,1881300.0,60609,0,0,4.0-6.0,5.0,127.0,road_node,,True,True
2052,724600.0,1813700.0,46327,0,0,3.0-4.0,3.5,88.9,road_node,,True,True
2053,724600.0,1813400.0,46327,0,0,3.0-4.0,3.5,88.9,road_node,,True,True
2054,726100.0,1812600.0,46327,0,0,3.0-4.0,3.5,88.9,road_node,,True,True
2055,726200.0,1812900.0,46327,0,0,3.0-4.0,3.5,88.9,road_node,,True,True
2056,676900.0,1879900.0,60609,0,0,4.0-6.0,5.0,127.0,road_node,,True,True
2057,676900.0,1878600.0,60609,0,0,4.0-6.0,5.0,127.0,road_node,,True,True
2058,722100.0,1833700.0,60617,0,0,4.0-6.0,5.0,127.0,road_node,,True,True
2059,721700.0,1832600.0,46394,0,0,4.0-6.0,5.0,127.0,road_node,,True,True
2060,721500.0,1832700.0,46394,0,0,4.0-6.0,5.0,127.0,road_node,,True,True
2061,633500.0,1872100.0,60534,0,0,4.0-6.0,5.0,127.0,road_node,,True,True
2062,557900.0,1871300.0,60532,0,0,2.0-3.0,2.5,63.5,road_node,,True,True
2063,557700.0,1871500.0,60532,0,0,1.5-2.0,1.75,44.45,road_node,,True,True
2064,685900.0,1881500.0,60609,0,0,4.0-6.0,5.0,127.0,road_node,,True,True
2065,685800.0,1878800.0,60609,0,0,4.0-6.0,5.0,127.0,road_node,,True,True
2066,557700.0,1872600.0,60532,0,0,1.5-2.0,1.75,44.45,road_node,,True,True
2067,558100.0,1872700.0,60532,0,0,1.5-2.0,1.75,44.45,road_node,,True,True
2068,647200.0,1882300.0,60402,0,0,6.0-8.0,7.0,177.8,road_node,,True,True
2069,655300.0,1880700.0,60804,0,0,6.0-8.0,7.0,177.8,road_node,,True,True
2070,477700.0,1892300.0,60119,0,0,1.5-2.0,1.75,44.45,road_node,,True,True
2071,486500.0,1892100.0,60134,0,0,1.0-1.5,1.25,31.75,road_node,,True,True
2072,599000.0,1885200.0,60523,0,0,1.5-2.0,1.75,44.45,road_node,,True,True
2073,612700.0,1889300.0,60162,0,0,2.0-3.0,2.5,63.5,road_node,,True,True
2074,612600.0,1889600.0,60162,0,0,2.0-3.0,2.5,63.5,road_node,,True,True
2075,612800.0,1889300.0,60162,0,0,2.0-3.0,2.5,63.5,road_node,,True,True
2076,612800.0,1889600.0,60162,0,0,2.0-3.0,2.5,63.5,road_node,,True,True
2077,606900.0,1887300.0,60523,0,0,1.5-2.0,1.75,44.45,road_node,,True,True
2078,607100.0,1887500.0,60523,0,0,1.5-2.0,1.75,44.45,road_node,,True,True
2079,607000.0,1887700.0,60523,0,0,1.5-2.0,1.75,44.45,road_node,,True,True
2080,606700.0,1887500.0,60523,0,0,1.5-2.0,1.75,44.45,road_node,,True,True
2081,624347.0,1929920.0,60176,0,0,2.0-3.0,2.5,63.5,road_node,,True,True
2082,624187.0,1929580.0,60176,0,0,2.0-3.0,2.5,63.5,road_node,,True,True
2083,662800.0,1811400.0,60445,0,0,2.0-3.0,2.5,63.5,road_node,,True,True
2084,658000.0,1880600.0,60804,0,0,6.0-8.0,7.0,177.8,road_node,,True,True
2085,658000.0,1878100.0,60804,0,0,6.0-8.0,7.0,177.8,road_node,,True,True
2086,650600.0,1862000.0,60638,0,0,4.0-6.0,5.0,127.0,road_node,,True,True
2087,644300.0,1859800.0,60501,0,0,4.0-6.0,5.0,127.0,road_node,,True,True
2088,650700.0,1859800.0,60638,0,0,4.0-6.0,5.0,127.0,road_node,,True,True
2089,656000.0,1859800.0,60638,0,0,4.0-6.0,5.0,127.0,road_node,,True,True
2090,661300.0,1860900.0,60629,0,0,4.0-6.0,5.0,127.0,road_node,,True,True
2091,661600.0,1848900.0,60456,0,0,3.0-4.0,3.5,88.9,road_node,,True,True
2092,683700.0,1865600.0,60636,0,0,4.0-6.0,5.0,127.0,road_node,,True,True
2093,683600.0,1868000.0,60636,0,0,4.0-6.0,5.0,127.0,road_node,,True,True
2100,620200.0,2016800.0,60069,0,0,,,,road_node,,True,False
2101,620000.0,2016800.0,60069,0,0,,,,road_node,,True,False
2102,624600.0,2003200.0,60015,0,0,2.0-3.0,2.5,63.5,road_node,,True,True
2103,624400.0,2004500.0,60015,0,0,2.0-3.0,2.5,63.5,road_node,,True,True
2104,624600.0,2000200.0,60015,0,0,2.0-3.0,2.5,63.5,road_node,,True,True
2105,624400.0,1998600.0,60015,0,0,2.0-3.0,2.5,63.5,road_node,,True,True
2106,626500.0,1963600.0,60016,0,0,2.0-3.0,2.5,63.5,road_node,,True,True
2107,626200.0,1963600.0,60016,0,0,2.0-3.0,2.5,63.5,road_node,,True,True
2108,626500.0,1956600.0,60016,0,0,2.0-3.0,2.5,63.5,road_node,,True,True
2109,626200.0,1957600.0,60016,0,0,2.0-3.0,2.5,63.5,road_node,,True,True
2110,626600.0,1946200.0,60068,0,0,3.0-4.0,3.5,88.9,road_node,,True,True
2111,626300.0,1945600.0,60068,0,0,3.0-4.0,3.5,88.9,road_node,,True,True
2112,626497.0,1940370.0,60018,0,0,3.0-4.0,3.5,88.9,road_node,,True,True
2113,627128.0,1939720.0,60018,0,0,3.0-4.0,3.5,88.9,road_node,,True,True
2114,626565.0,1939190.0,60018,0,0,3.0-4.0,3.5,88.9,road_node,,True,True
2115,626400.0,1938000.0,60018,0,0,3.0-4.0,3.5,88.9,road_node,,True,True
2116,626700.0,1937200.0,60018,0,0,3.0-4.0,3.5,88.9,road_node,,True,True
2117,626700.0,1936800.0,60176,0,0,3.0-4.0,3.5,88.9,road_node,,True,True
2118,626200.0,1935700.0,60176,0,0,3.0-4.0,3.5,88.9,road_node,,True,True
2119,683700.0,1862800.0,60636,0,0,2.0-3.0,2.5,63.5,road_node,,True,True
2120,625000.0,1936600.0,60018,0,0,3.0-4.0,3.5,88.9,road_node,,True,True
2121,463300.0,1878100.0,60119,0,0,2.0-3.0,2.5,63.5,road_node,,True,True
2122,625600.0,1937000.0,60018,0,0,3.0-4.0,3.5,88.9,road_node,,True,True
2123,626200.0,1938000.0,60018,0,0,3.0-4.0,3.5,88.9,road_node,,True,True
2124,625985.0,1939960.0,60018,0,0,3.0-4.0,3.5,88.9,road_node,,True,True
2125,623700.0,1927500.0,60176,0,0,2.0-3.0,2.5,63.5,road_node,,True,True
2126,623500.0,1927500.0,60176,0,0,2.0-3.0,2.5,63.5,road_node,,True,True
2127,633500.0,1873000.0,60513,0,0,4.0-6.0,5.0,127.0,road_node,,True,True
2128,633400.0,1876000.0,60513,0,0,4.0-6.0,5.0,127.0,road_node,,True,True
2129,478200.0,1880900.0,60542,0,0,2.0-3.0,2.5,63.5,road_node,,True,True
2130,479700.0,1872600.0,60542,0,0,1.0-1.5,1.25,31.75,road_node,,True,True
2131,612366.0,1903050.0,60163,0,0,2.0-3.0,2.5,63.5,road_node,,True,True
2132,612229.0,1902330.0,60163,0,0,2.0-3.0,2.5,63.5,road_node,,True,True
2133,612800.0,1899200.0,60163,0,0,2.0-3.0,2.5,63.5,road_node,,True,True
2134,612358.0,1898680.0,60163,0,0,2.0-3.0,2.5,63.5,road_node,,True,True
2135,612800.0,1898100.0,60163,0,0,2.0-3.0,2.5,63.5,road_node,,True,True
2136,613248.0,1898580.0,60163,0,0,2.0-3.0,2.5,63.5,road_node,,True,True
2137,613030.0,1896180.0,60162,0,0,2.0-3.0,2.5,63.5,road_node,,True,True
2138,614093.0,1895730.0,60162,0,0,2.0-3.0,2.5,63.5,road_node,,True,True
2139,614200.0,1895600.0,60162,0,0,2.0-3.0,2.5,63.5,road_node,,True,True
2140,613282.0,1895870.0,60162,0,0,2.0-3.0,2.5,63.5,road_node,,True,True
2141,613200.0,1893000.0,60162,0,0,2.0-3.0,2.5,63.5,road_node,,True,True
2142,612800.0,1892100.0,60162,0,0,2.0-3.0,2.5,63.5,road_node,,True,True
2143,612800.0,1886700.0,60154,0,0,2.0-3.0,2.5,63.5,road_node,,True,True
2144,612700.0,1886900.0,60154,0,0,2.0-3.0,2.5,63.5,road_node,,True,True
2145,612800.0,1884500.0,60154,0,0,2.0-3.0,2.5,63.5,road_node,,True,True
2146,612700.0,1885200.0,60154,0,0,2.0-3.0,2.5,63.5,road_node,,True,True
2147,614100.0,1877400.0,60558,0,0,2.0-3.0,2.5,63.5,road_node,,True,True
2148,614200.0,1875700.0,60558,0,0,2.0-3.0,2.5,63.5,road_node,,True,True
2149,616200.0,1860300.0,60525,0,0,3.0-4.0,3.5,88.9,road_node,,True,True
2150,616000.0,1860200.0,60521,0,0,3.0-4.0,3.5,88.9,road_node,,True,True
2151,619100.0,1856400.0,60525,0,0,3.0-4.0,3.5,88.9,road_node,,True,True
2152,616600.0,1855900.0,60527,0,0,3.0-4.0,3.5,88.9,road_node,,True,True
2153,635500.0,1837500.0,60465,0,0,3.0-4.0,3.5,88.9,road_node,,True,True
2154,474900.0,1872900.0,60554,0,0,1.0-1.5,1.25,31.75,road_node,,True,True
2155,477800.0,1885900.0,60119,0,0,1.5-2.0,1.75,44.45,road_node,,True,True
2156,619800.0,1856100.0,60525,0,0,3.0-4.0,3.5,88.9,road_node,,True,True
2157,629300.0,1866600.0,60525,0,0,4.0-6.0,5.0,127.0,road_node,,True,True
2158,480100.0,1886400.0,60119,0,0,1.5-2.0,1.75,44.45,road_node,,True,True
2159,622600.0,1854700.0,60525,0,0,3.0-4.0,3.5,88.9,road_node,,True,True
2160,629100.0,1871900.0,60513,0,0,4.0-6.0,5.0,127.0,road_node,,True,True
2161,629000.0,1876300.0,60513,0,0,4.0-6.0,5.0,127.0,road_node,,True,True
2162,699400.0,1828800.0,60628,0,0,3.0-4.0,3.5,88.9,road_node,,True,True
2163,470200.0,1856900.0,60554,0,0,1.0-1.5,1.25,31.75,road_node,,True,True
2164,635500.0,1849700.0,60458,0,0,4.0-6.0,5.0,127.0,road_node,,True,True
2165,634200.0,1850100.0,60458,0,0,4.0-6.0,5.0,127.0,road_node,,True,True
2166,643700.0,1841000.0,60457,0,0,3.0-4.0,3.5,88.9,road_node,,True,True
2167,643400.0,1841000.0,60457,0,0,3.0-4.0,3.5,88.9,road_node,,True,True
2168,662796.0,1819500.0,60803,0,0,2.0-3.0,2.5,63.5,road_node,,True,True
2169,661980.0,1820790.0,60803,0,0,2.0-3.0,2.5,63.5,road_node,,True,True
2170,626787.0,1943820.0,60068,0,0,3.0-4.0,3.5,88.9,road_node,,True,True
2171,626770.0,1943530.0,60068,0,0,3.0-4.0,3.5,88.9,road_node,,True,True
2172,470200.0,1859400.0,60554,0,0,1.0-1.5,1.25,31.75,road_node,,True,True
2173,619400.0,1847600.0,60480,0,0,4.0-6.0,5.0,127.0,road_node,,True,True
2174,678500.0,1796800.0,60428,0,0,2.0-3.0,2.5,63.5,road_node,,True,True
2175,678300.0,1796900.0,60428,0,0,2.0-3.0,2.5,63.5,road_node,,True,True
2176,681900.0,1789600.0,60429,0,0,3.0-4.0,3.5,88.9,road_node,,True,True
2177,681900.0,1789400.0,60429,0,0,3.0-4.0,3.5,88.9,road_node,,True,True
2178,689600.0,1789700.0,60476,0,0,2.0-3.0,2.5,63.5,road_node,,True,True
2179,691700.0,1789500.0,60476,0,0,2.0-3.0,2.5,63.5,road_node,,True,True
2180,705377.0,1790320.0,60476,0,0,2.0-3.0,2.5,63.5,road_node,,True,True
2181,706200.0,1789600.0,60476,0,0,2.0-3.0,2.5,63.5,road_node,,True,True
2182,705689.0,1789010.0,60476,0,0,2.0-3.0,2.5,63.5,road_node,,True,True
2183,704900.0,1789500.0,60476,0,0,2.0-3.0,2.5,63.5,road_node,,True,True
2184,705800.0,1774300.0,60425,0,0,2.0-3.0,2.5,63.5,road_node,,True,True
2185,705600.0,1772500.0,60411,0,0,2.0-3.0,2.5,63.5,road_node,,True,True
2186,707000.0,1764400.0,60411,0,0,2.0-3.0,2.5,63.5,road_node,,True,True
2187,706800.0,1762600.0,60411,0,0,2.0-3.0,2.5,63.5,road_node,,True,True
2188,510200.0,1967200.0,60123,0,0,1.0-1.5,1.25,31.75,road_node,,True,True
2189,512300.0,1966700.0,60123,0,0,1.0-1.5,1.25,31.75,road_node,,True,True
2190,537000.0,1967100.0,60192,0,0,0.5-1.0,0.75,19.05,road_node,,True,True
2191,537000.0,1966700.0,60192,0,0,0.5-1.0,0.75,19.05,road_node,,True,True
2192,552100.0,1977800.0,60192,0,0,1.5-2.0,1.75,44.45,road_node,,True,True
2193,552300.0,1967000.0,60169,0,0,1.0-1.5,1.25,31.75,road_node,,True,True
2194,469900.0,1862100.0,60554,0,0,1.0-1.5,1.25,31.75,road_node,,True,True
2195,552400.0,1966700.0,60169,0,0,1.0-1.5,1.25,31.75,road_node,,True,True
2196,581500.0,1963900.0,60173,0,0,2.0-3.0,2.5,63.5,road_node,,True,True
2197,581500.0,1964300.0,60173,0,0,2.0-3.0,2.5,63.5,road_node,,True,True
2198,607600.0,1949200.0,60018,0,0,3.0-4.0,3.5,88.9,road_node,,True,True
2199,607500.0,1949100.0,60018,0,0,3.0-4.0,3.5,88.9,road_node,,True,True
2200,620374.0,1944230.0,60018,0,0,3.0-4.0,3.5,88.9,road_node,,True,True
2201,620033.0,1944000.0,60666,0,0,3.0-4.0,3.5,88.9,road_node,,True,True
2202,624467.0,1941670.0,60018,0,0,3.0-4.0,3.5,88.9,road_node,,True,True
2203,631700.0,1937200.0,60631,0,0,3.0-4.0,3.5,88.9,road_node,,True,True
2204,631700.0,1937000.0,60631,0,0,3.0-4.0,3.5,88.9,road_node,,True,True
2205,639800.0,1896400.0,60130,0,0,4.0-6.0,5.0,127.0,road_node,,True,True
2206,640300.0,1896700.0,60130,0,0,4.0-6.0,5.0,127.0,road_node,,True,True
2207,622959.0,1895340.0,60104,0,0,2.0-3.0,2.5,63.5,road_node,,True,True
2208,621951.0,1895840.0,60162,0,0,2.0-3.0,2.5,63.5,road_node,,True,True
2209,617000.0,1896800.0,60162,0,0,2.0-3.0,2.5,63.5,road_node,,True,True
2210,617000.0,1896600.0,60162,0,0,2.0-3.0,2.5,63.5,road_node,,True,True
2211,608100.0,1888600.0,60523,0,0,1.5-2.0,1.75,44.45,road_node,,True,True
2212,608800.0,1889000.0,60523,0,0,2.0-3.0,2.5,63.5,road_node,,True,True
2213,603000.0,1885900.0,60523,0,0,1.5-2.0,1.75,44.45,road_node,,True,True
2214,654100.0,1771000.0,60443,0,0,1.5-2.0,1.75,44.45,road_node,,True,True
2215,588600.0,1882200.0,60515,0,0,2.0-3.0,2.5,63.5,road_node,,True,True
2216,588700.0,1882500.0,60515,0,0,2.0-3.0,2.5,63.5,road_node,,True,True
2217,571200.0,1873300.0,60532,0,0,2.0-3.0,2.5,63.5,road_node,,True,True
2218,571200.0,1873600.0,60532,0,0,2.0-3.0,2.5,63.5,road_node,,True,True
2219,557500.0,1872100.0,60532,0,0,1.5-2.0,1.75,44.45,road_node,,True,True
2220,557500.0,1871800.0,60532,0,0,1.5-2.0,1.75,44.45,road_node,,True,True
2221,683800.0,1857500.0,60636,0,0,2.0-3.0,2.5,63.5,road_node,,True,True
2222,683800.0,1860300.0,60636,0,0,2.0-3.0,2.5,63.5,road_node,,True,True
2223,472400.0,1865000.0,60554,0,0,1.0-1.5,1.25,31.75,road_node,,True,True
2224,477500.0,1858800.0,60554,0,0,0.5-1.0,0.75,19.05,road_node,,True,True
2225,619300.0,1850300.0,60480,0,0,4.0-6.0,5.0,127.0,road_node,,True,True
2226,664500.0,1771000.0,60443,0,0,2.0-3.0,2.5,63.5,road_node,,True,True
2227,694600.0,1841900.0,60628,0,0,2.0-3.0,2.5,63.5,road_node,,True,True
2228,700200.0,1831400.0,60628,0,0,3.0-4.0,3.5,88.9,road_node,,True,True
2229,621900.0,1850400.0,60480,0,0,4.0-6.0,5.0,127.0,road_node,,True,True
2230,477200.0,1858200.0,60554,0,0,1.0-1.5,1.25,31.75,road_node,,True,True
2231,512300.0,1967000.0,60123,0,0,1.0-1.5,1.25,31.75,road_node,,True,True
2232,510200.0,1967500.0,60123,0,0,1.0-1.5,1.25,31.75,road_node,,True,True
2233,613900.0,1855400.0,60527,0,0,3.0-4.0,3.5,88.9,road_node,,True,True
2234,478400.0,1863200.0,60554,0,0,0.5-1.0,0.75,19.05,road_node,,True,True
2235,701800.0,1834500.0,60628,0,0,3.0-4.0,3.5,88.9,road_node,,True,True
2236,702200.0,1834300.0,60628,0,0,3.0-4.0,3.5,88.9,road_node,,True,True
2237,486200.0,1857200.0,60506,0,0,0.5-1.0,0.75,19.05,road_node,,True,True
2238,628500.0,1845400.0,60480,0,0,4.0-6.0,5.0,127.0,road_node,,True,True
2239,632400.0,1845400.0,60457,0,0,4.0-6.0,5.0,127.0,road_node,,True,True
2240,481200.0,1857900.0,60506,0,0,0.5-1.0,0.75,19.05,road_node,,True,True
2241,633000.0,1829400.0,60465,0,0,3.0-4.0,3.5,88.9,road_node,,True,True
2242,472800.0,1865600.0,60554,0,0,1.0-1.5,1.25,31.75,road_node,,True,True
2243,632800.0,1834700.0,60465,0,0,4.0-6.0,5.0,127.0,road_node,,True,True
2244,632600.0,1840000.0,60457,0,0,4.0-6.0,5.0,127.0,road_node,,True,True
2245,487100.0,1866600.0,60542,0,0,0.5-1.0,0.75,19.05,road_node,,True,True
2246,484900.0,1860100.0,60506,0,0,0.5-1.0,0.75,19.05,road_node,,True,True
2247,478100.0,1858400.0,60554,0,0,0.5-1.0,0.75,19.05,road_node,,True,True
2248,469800.0,1852600.0,60554,0,0,1.0-1.5,1.25,31.75,road_node,,True,True
2249,637600.0,1816400.0,60464,0,0,3.0-4.0,3.5,88.9,road_node,,True,True
2250,637400.0,1821200.0,60464,0,0,3.0-4.0,3.5,88.9,road_node,,True,True
2251,637400.0,1821700.0,60464,0,0,3.0-4.0,3.5,88.9,road_node,,True,True
2252,637300.0,1824200.0,60465,0,0,3.0-4.0,3.5,88.9,road_node,,True,True
2253,641500.0,1816500.0,60463,0,0,3.0-4.0,3.5,88.9,road_node,,True,True
2254,469900.0,1843200.0,60512,0,0,1.0-1.5,1.25,31.75,road_node,,True,True
2255,484200.0,1857400.0,60506,0,0,0.5-1.0,0.75,19.05,road_node,,True,True
2256,604300.0,1823300.0,60439,0,0,3.0-4.0,3.5,88.9,road_node,,True,True
2257,604100.0,1828800.0,60439,0,0,4.0-6.0,5.0,127.0,road_node,,True,True
2258,599000.0,1820600.0,60439,0,0,2.0-3.0,2.5,63.5,road_node,,True,True
2259,485800.0,1847900.0,60538,0,0,0.5-1.0,0.75,19.05,road_node,,True,True
2260,575900.0,1824900.0,60440,0,0,1.0-1.5,1.25,31.75,road_node,,True,True
2261,583100.0,1826100.0,60439,0,0,1.0-1.5,1.25,31.75,road_node,,True,True
2262,583400.0,1817300.0,60439,0,0,1.0-1.5,1.25,31.75,road_node,,True,True
2263,726500.0,1814000.0,46327,0,0,3.0-4.0,3.5,88.9,road_node,,True,True
2264,724800.0,1814800.0,46327,0,0,3.0-4.0,3.5,88.9,road_node,,True,True
2265,725371.0,1815680.0,46327,0,0,3.0-4.0,3.5,88.9,road_node,,True,True
2266,704300.0,1842200.0,60617,0,0,4.0-6.0,5.0,127.0,road_node,,True,True
2267,511700.0,1965900.0,60123,0,0,1.0-1.5,1.25,31.75,road_node,,True,True
2268,512000.0,1966200.0,60123,0,0,1.0-1.5,1.25,31.75,road_node,,True,True
2269,512300.0,1967400.0,60123,0,0,1.0-1.5,1.25,31.75,road_node,,True,True
2270,512200.0,1967600.0,60123,0,0,1.0-1.5,1.25,31.75,road_node,,True,True
2271,536300.0,1871300.0,60563,0,0,0.5-1.0,0.75,19.05,road_node,,True,True
2272,536300.0,1871100.0,60563,0,0,0.5-1.0,0.75,19.05,road_node,,True,True
2273,583700.0,1805300.0,60441,0,0,2.0-3.0,2.5,63.5,road_node,,True,True
2274,583500.0,1812000.0,60439,0,0,1.0-1.5,1.25,31.75,road_node,,True,True
2275,690000.0,1841800.0,60628,0,0,2.0-3.0,2.5,63.5,road_node,,True,True
2276,590300.0,1812200.0,60439,0,0,2.0-3.0,2.5,63.5,road_node,,True,True
2277,683900.0,1855500.0,60636,0,0,2.0-3.0,2.5,63.5,road_node,,True,True
2278,469700.0,1841500.0,60512,0,0,1.0-1.5,1.25,31.75,road_node,,True,True
2279,615800.0,1791900.0,60467,0,0,2.0-3.0,2.5,63.5,road_node,,True,True
2280,623800.0,1784100.0,60448,0,0,1.0-1.5,1.25,31.75,road_node,,True,True
2281,623600.0,1792100.0,60467,0,0,1.5-2.0,1.75,44.45,road_node,,True,True
2282,623400.0,1797400.0,60467,0,0,2.0-3.0,2.5,63.5,road_node,,True,True
2283,623200.0,1800000.0,60467,0,0,2.0-3.0,2.5,63.5,road_node,,True,True
2284,623000.0,1808000.0,60467,0,0,2.0-3.0,2.5,63.5,road_node,,True,True
2285,626500.0,1784200.0,60487,0,0,1.0-1.5,1.25,31.75,road_node,,True,True
2286,626200.0,1792200.0,60467,0,0,1.5-2.0,1.75,44.45,road_node,,True,True
2287,626000.0,1797500.0,60467,0,0,2.0-3.0,2.5,63.5,road_node,,True,True
2288,628600.0,1803000.0,60462,0,0,2.0-3.0,2.5,63.5,road_node,,True,True
2289,632400.0,1808500.0,60462,0,0,3.0-4.0,3.5,88.9,road_node,,True,True
2290,632600.0,1803100.0,60462,0,0,2.0-3.0,2.5,63.5,road_node,,True,True
2291,632800.0,1797700.0,60462,0,0,2.0-3.0,2.5,63.5,road_node,,True,True
2292,469200.0,1835200.0,60512,0,0,1.0-1.5,1.25,31.75,road_node,,True,True
2293,632900.0,1792400.0,60487,0,0,1.0-1.5,1.25,31.75,road_node,,True,True
2294,633000.0,1789700.0,60487,0,0,1.0-1.5,1.25,31.75,road_node,,True,True
2295,633200.0,1784500.0,60487,0,0,1.5-2.0,1.75,44.45,road_node,,True,True
2296,639700.0,1789900.0,60487,0,0,1.5-2.0,1.75,44.45,road_node,,True,True
2297,647900.0,1782100.0,60477,0,0,1.0-1.5,1.25,31.75,road_node,,True,True
2298,582600.0,1964200.0,60008,0,0,2.0-3.0,2.5,63.5,road_node,,True,True
2299,582600.0,1962500.0,60173,0,0,2.0-3.0,2.5,63.5,road_node,,True,True
2300,583000.0,1962900.0,60173,0,0,2.0-3.0,2.5,63.5,road_node,,True,True
2301,583500.0,1963100.0,60008,0,0,2.0-3.0,2.5,63.5,road_node,,True,True
2302,479700.0,1832600.0,60512,0,0,0.5-1.0,0.75,19.05,road_node,,True,True
2303,495100.0,1827100.0,60543,0,0,1.0-1.5,1.25,31.75,road_node,,True,True
2304,491500.0,1824200.0,60543,0,0,1.0-1.5,1.25,31.75,road_node,,True,True
2305,493500.0,1828100.0,60543,0,0,0.5-1.0,0.75,19.05,road_node,,True,True
2306,649600.0,1814100.0,60463,0,0,2.0-3.0,2.5,63.5,road_node,,True,True
2307,657200.0,1819700.0,60803,0,0,2.0-3.0,2.5,63.5,road_node,,True,True
2308,659300.0,1771000.0,60443,0,0,1.5-2.0,1.75,44.45,road_node,,True,True
2309,614700.0,1854500.0,60527,0,0,3.0-4.0,3.5,88.9,road_node,,True,True
2310,613000.0,1853700.0,60527,0,0,3.0-4.0,3.5,88.9,road_node,,True,True
2311,606800.0,1848900.0,60527,0,0,4.0-6.0,5.0,127.0,road_node,,True,True
2312,605400.0,1848200.0,60527,0,0,4.0-6.0,5.0,127.0,road_node,,True,True
2313,599200.0,1845000.0,60561,0,0,4.0-6.0,5.0,127.0,road_node,,True,True
2314,597500.0,1844400.0,60561,0,0,3.0-4.0,3.5,88.9,road_node,,True,True
2315,590115.0,1839560.0,60561,0,0,2.0-3.0,2.5,63.5,road_node,,True,True
2316,588167.0,1839110.0,60517,0,0,2.0-3.0,2.5,63.5,road_node,,True,True
2317,583500.0,1963500.0,60008,0,0,2.0-3.0,2.5,63.5,road_node,,True,True
2318,583000.0,1964600.0,60008,0,0,2.0-3.0,2.5,63.5,road_node,,True,True
2319,648100.0,1776700.0,60477,0,0,1.0-1.5,1.25,31.75,road_node,,True,True
2320,702200.0,1819500.0,60827,0,0,3.0-4.0,3.5,88.9,road_node,,True,True
2321,640800.0,1837900.0,60457,0,0,3.0-4.0,3.5,88.9,road_node,,True,True
2322,662700.0,1814500.0,60445,0,0,2.0-3.0,2.5,63.5,road_node,,True,True
2323,662600.0,1816700.0,60445,0,0,2.0-3.0,2.5,63.5,road_node,,True,True
2324,662500.0,1817900.0,60803,0,0,2.0-3.0,2.5,63.5,road_node,,True,True
2325,662500.0,1819800.0,60803,0,0,2.0-3.0,2.5,63.5,road_node,,True,True
2326,662300.0,1825100.0,60803,0,0,2.0-3.0,2.5,63.5,road_node,,True,True
2327,494300.0,1830700.0,60538,0,0,0.5-1.0,0.75,19.05,road_node,,True,True
2328,470100.0,1817800.0,60512,0,0,1.5-2.0,1.75,44.45,road_node,,True,True
2329,661800.0,1841000.0,60453,0,0,3.0-4.0,3.5,88.9,road_node,,True,True
2330,552100.0,1985400.0,60010,0,0,1.0-1.5,1.25,31.75,road_node,,True,True
2331,648700.0,1774900.0,60477,0,0,1.0-1.5,1.25,31.75,road_node,,True,True
2332,481100.0,1823000.0,60512,0,0,1.0-1.5,1.25,31.75,road_node,,True,True
2333,621100.0,1784100.0,60448,0,0,1.0-1.5,1.25,31.75,road_node,,True,True
2334,601600.0,1815300.0,60439,0,0,2.0-3.0,2.5,63.5,road_node,,True,True
2335,589800.0,1917600.0,60101,0,0,2.0-3.0,2.5,63.5,road_node,,True,True
2336,589800.0,1930800.0,60143,0,0,3.0-4.0,3.5,88.9,road_node,,True,True
2337,551300.0,1959500.0,60169,0,0,1.0-1.5,1.25,31.75,road_node,,True,True
2338,531300.0,1947400.0,60120,0,0,0.5-1.0,0.75,19.05,road_node,,True,True
2339,623700.0,2003800.0,60015,0,0,2.0-3.0,2.5,63.5,road_node,,True,True
2340,684100.0,1847000.0,60620,0,0,2.0-3.0,2.5,63.5,road_node,,True,True
2341,684100.0,1849600.0,60620,0,0,2.0-3.0,2.5,63.5,road_node,,True,True
2342,684000.0,1852300.0,60620,0,0,2.0-3.0,2.5,63.5,road_node,,True,True
2343,683900.0,1854200.0,60620,0,0,2.0-3.0,2.5,63.5,road_node,,True,True
2344,531300.0,1944300.0,60103,0,0,0.5-1.0,0.75,19.05,road_node,,True,True
2345,659100.0,1776200.0,60478,0,0,1.5-2.0,1.75,44.45,road_node,,True,True
2346,616200.0,1858600.0,60527,0,0,3.0-4.0,3.5,88.9,road_node,,True,True
2347,616600.0,1856600.0,60527,0,0,3.0-4.0,3.5,88.9,road_node,,True,True
2348,617900.0,1855700.0,60527,0,0,3.0-4.0,3.5,88.9,road_node,,True,True
2349,617400.0,1855500.0,60527,0,0,3.0-4.0,3.5,88.9,road_node,,True,True
2350,725100.0,1814500.0,46327,0,0,3.0-4.0,3.5,88.9,road_node,,True,True
2351,725900.0,1814400.0,46327,0,0,3.0-4.0,3.5,88.9,road_node,,True,True
2352,523400.0,1940300.0,60103,0,0,0.5-1.0,0.75,19.05,road_node,,True,True
2353,528800.0,1940500.0,60103,0,0,0.5-1.0,0.75,19.05,road_node,,True,True
2354,531400.0,1940500.0,60103,0,0,0.5-1.0,0.75,19.05,road_node,,True,True
2355,648800.0,1749800.0,60423,0,0,1.0-1.5,1.25,31.75,road_node,,True,True
2356,654100.0,1749800.0,60471,0,0,1.0-1.5,1.25,31.75,road_node,,True,True
2357,664700.0,1749800.0,60471,0,0,2.0-3.0,2.5,63.5,road_node,,True,True
2358,534400.0,1940600.0,60103,0,0,0.5-1.0,0.75,19.05,road_node,,True,True
2359,659400.0,1763100.0,60443,0,0,1.5-2.0,1.75,44.45,road_node,,True,True
2360,686300.0,1750000.0,60475,0,0,2.0-3.0,2.5,63.5,road_node,,True,True
2361,685900.0,1753700.0,60466,0,0,2.0-3.0,2.5,63.5,road_node,,True,True
2362,717800.0,1750400.0,46311,0,0,1.5-2.0,1.75,44.45,road_node,,True,True
2363,721400.0,1750600.0,46311,0,0,1.5-2.0,1.75,44.45,road_node,,True,True
2364,530000.0,1933300.0,60103,0,0,0.5-1.0,0.75,19.05,road_node,,True,True
2365,706900.0,1772700.0,60411,0,0,2.0-3.0,2.5,63.5,road_node,,True,True
2366,549000.0,1932900.0,60133,0,0,1.5-2.0,1.75,44.45,road_node,,True,True
2367,706700.0,1782200.0,60438,0,0,2.0-3.0,2.5,63.5,road_node,,True,True
2368,706700.0,1786700.0,60438,0,0,2.0-3.0,2.5,63.5,road_node,,True,True
2369,705800.0,1792600.0,60473,0,0,2.0-3.0,2.5,63.5,road_node,,True,True
2370,713500.0,1843600.0,60617,0,0,4.0-6.0,5.0,127.0,road_node,,True,True
2371,525400.0,1919200.0,60184,0,0,1.0-1.5,1.25,31.75,road_node,,True,True
2372,671700.0,1812200.0,60472,0,0,2.0-3.0,2.5,63.5,road_node,,True,True
2373,525900.0,1913300.0,60185,0,0,1.0-1.5,1.25,31.75,road_node,,True,True
2374,678800.0,1812500.0,60406,0,0,2.0-3.0,2.5,63.5,road_node,,True,True
2375,525100.0,1917800.0,60184,0,0,1.0-1.5,1.25,31.75,road_node,,True,True
2376,614000.0,1853200.0,60527,0,0,3.0-4.0,3.5,88.9,road_node,,True,True
2377,637200.0,1826900.0,60465,0,0,3.0-4.0,3.5,88.9,road_node,,True,True
2378,711700.0,1855000.0,60649,0,0,4.0-6.0,5.0,127.0,road_node,,True,True
2379,540500.0,1922300.0,60103,0,0,1.0-1.5,1.25,31.75,road_node,,True,True
2380,639900.0,1782400.0,60487,0,0,1.0-1.5,1.25,31.75,road_node,,True,True
2381,627600.0,1937300.0,60176,0,0,3.0-4.0,3.5,88.9,road_node,,True,True
2382,629200.0,1936800.0,60656,0,0,3.0-4.0,3.5,88.9,road_node,,True,True
2383,634200.0,1937400.0,60631,0,0,4.0-6.0,5.0,127.0,road_node,,True,True
2384,636000.0,1937200.0,60631,0,0,4.0-6.0,5.0,127.0,road_node,,True,True
2385,635800.0,1995700.0,60062,0,0,2.0-3.0,2.5,63.5,road_node,,True,True
2386,721363.0,1835180.0,60617,0,0,4.0-6.0,5.0,127.0,road_node,,True,True
2387,721259.0,1835120.0,60617,0,0,4.0-6.0,5.0,127.0,road_node,,True,True
2388,721283.0,1834990.0,60617,0,0,4.0-6.0,5.0,127.0,road_node,,True,True
2389,721379.0,1835040.0,60617,0,0,4.0-6.0,5.0,127.0,road_node,,True,True
2390,606700.0,1786500.0,60491,0,0,2.0-3.0,2.5,63.5,road_node,,True,True
2391,534000.0,1923100.0,60103,0,0,1.0-1.5,1.25,31.75,road_node,,True,True
2392,719900.0,1777000.0,46321,0,0,2.0-3.0,2.5,63.5,road_node,,True,True
2393,720000.0,1786500.0,60438,0,0,3.0-4.0,3.5,88.9,road_node,,True,True
2394,539500.0,1921200.0,60103,0,0,1.0-1.5,1.25,31.75,road_node,,True,True
2395,680000.0,1815000.0,60406,0,0,2.0-3.0,2.5,63.5,road_node,,True,True
2396,582600.0,1966300.0,60008,0,0,2.0-3.0,2.5,63.5,road_node,,True,True
2397,582800.0,1966300.0,60008,0,0,2.0-3.0,2.5,63.5,road_node,,True,True
2398,633300.0,1781800.0,60487,0,0,1.0-1.5,1.25,31.75,road_node,,True,True
2399,620200.0,1822500.0,60464,0,0,3.0-4.0,3.5,88.9,road_node,,True,True
2400,542400.0,1922000.0,60103,0,0,1.0-1.5,1.25,31.75,road_node,,True,True
2401,647300.0,1803400.0,60462,0,0,2.0-3.0,2.5,63.5,road_node,,True,True
2402,679100.0,1749900.0,60466,0,0,1.5-2.0,1.75,44.45,road_node,,True,True
2403,698700.0,1784500.0,60476,0,0,2.0-3.0,2.5,63.5,road_node,,True,True
2404,540500.0,1924800.0,60103,0,0,1.0-1.5,1.25,31.75,road_node,,True,True
2405,647800.0,1786700.0,60477,0,0,1.0-1.5,1.25,31.75,road_node,,True,True
2406,711900.0,1856100.0,60649,0,0,4.0-6.0,5.0,127.0,road_node,,True,True
2407,697600.0,1867100.0,60637,0,0,2.0-3.0,2.5,63.5,road_node,,True,True
2408,697600.0,1868200.0,60637,0,0,3.0-4.0,3.5,88.9,road_node,,True,True
2409,533900.0,1911700.0,60185,0,0,0.5-1.0,0.75,19.05,road_node,,True,True
2410,543100.0,1916800.0,60188,0,0,1.0-1.5,1.25,31.75,road_node,,True,True
2411,672500.0,1760000.0,60461,0,0,2.0-3.0,2.5,63.5,road_node,,True,True
2412,540400.0,1910400.0,60185,0,0,1.0-1.5,1.25,31.75,road_node,,True,True
2413,669900.0,1759900.0,60471,0,0,2.0-3.0,2.5,63.5,road_node,,True,True
2414,688100.0,1781900.0,60430,0,0,2.0-3.0,2.5,63.5,road_node,,True,True
2415,543100.0,1910000.0,60185,0,0,1.0-1.5,1.25,31.75,road_node,,True,True
2416,584200.0,1965000.0,60008,0,0,2.0-3.0,2.5,63.5,road_node,,True,True
2417,581500.0,1973000.0,60008,0,0,2.0-3.0,2.5,63.5,road_node,,True,True
2418,582600.0,1972400.0,60008,0,0,2.0-3.0,2.5,63.5,road_node,,True,True
2419,582000.0,1972300.0,60008,0,0,2.0-3.0,2.5,63.5,road_node,,True,True
2420,582200.0,1972100.0,60008,0,0,2.0-3.0,2.5,63.5,road_node,,True,True
2421,582200.0,1974500.0,60008,0,0,2.0-3.0,2.5,63.5,road_node,,True,True
2422,581900.0,1975500.0,60008,0,0,2.0-3.0,2.5,63.5,road_node,,True,True
2423,525900.0,1905900.0,60185,0,0,0.5-1.0,0.75,19.05,road_node,,True,True
2424,672000.0,1852100.0,60652,0,0,3.0-4.0,3.5,88.9,road_node,,True,True
2425,681200.0,1908000.0,60622,0,0,4.0-6.0,5.0,127.0,road_node,,True,True
2426,681500.0,1908000.0,60642,0,0,4.0-6.0,5.0,127.0,road_node,,True,True
2427,667900.0,1907500.0,60651,0,0,4.0-6.0,5.0,127.0,road_node,,True,True
2428,604556.0,1886540.0,60523,0,0,1.5-2.0,1.75,44.45,road_node,,True,True
2429,518400.0,1967200.0,60120,0,0,1.0-1.5,1.25,31.75,road_node,,True,True
2430,519300.0,1966900.0,60120,0,0,1.0-1.5,1.25,31.75,road_node,,True,True
2431,518200.0,1966500.0,60120,0,0,1.0-1.5,1.25,31.75,road_node,,True,True
2432,518300.0,1966300.0,60120,0,0,1.0-1.5,1.25,31.75,road_node,,True,True
2433,519100.0,1966200.0,60120,0,0,1.0-1.5,1.25,31.75,road_node,,True,True
2434,519300.0,1966400.0,60120,0,0,1.0-1.5,1.25,31.75,road_node,,True,True
2435,635500.0,1914700.0,60171,0,0,3.0-4.0,3.5,88.9,road_node,,True,True
2436,665300.0,1977300.0,60043,0,0,3.0-4.0,3.5,88.9,road_node,,True,True
2437,633700.0,1888100.0,60141,0,0,4.0-6.0,5.0,127.0,road_node,,True,True
2438,693300.0,1840900.0,60628,0,0,2.0-3.0,2.5,63.5,road_node,,True,True
2439,693600.0,1841000.0,60628,0,0,2.0-3.0,2.5,63.5,road_node,,True,True
2440,694600.0,1839300.0,60628,0,0,2.0-3.0,2.5,63.5,road_node,,True,True
2441,661100.0,1864900.0,60638,0,0,4.0-6.0,5.0,127.0,road_node,,True,True
2442,694300.0,1839400.0,60628,0,0,2.0-3.0,2.5,63.5,road_node,,True,True
2443,694100.0,1839100.0,60628,0,0,2.0-3.0,2.5,63.5,road_node,,True,True
2444,692600.0,1839700.0,60628,0,0,2.0-3.0,2.5,63.5,road_node,,True,True
2445,692200.0,1839300.0,60628,0,0,2.0-3.0,2.5,63.5,road_node,,True,True
2446,623400.0,1934900.0,60666,0,0,3.0-4.0,3.5,88.9,road_node,,True,True
2447,688000.0,1905600.0,60610,0,0,4.0-6.0,5.0,127.0,road_node,,True,True
2448,621100.0,1855800.0,60525,0,0,3.0-4.0,3.5,88.9,road_node,,True,True
2449,617700.0,1856500.0,60527,0,0,3.0-4.0,3.5,88.9,road_node,,True,True
2450,667500.0,1907700.0,60651,0,0,4.0-6.0,5.0,127.0,road_node,,True,True
2451,671700.0,1905100.0,60612,0,0,4.0-6.0,5.0,127.0,road_node,,True,True
2452,622500.0,1855600.0,60525,0,0,3.0-4.0,3.5,88.9,road_node,,True,True
2453,672300.0,1905100.0,60612,0,0,4.0-6.0,5.0,127.0,road_node,,True,True
2454,626200.0,1855800.0,60525,0,0,4.0-6.0,5.0,127.0,road_node,,True,True
2455,627900.0,1855600.0,60525,0,0,3.0-4.0,3.5,88.9,road_node,,True,True
2456,640100.0,1868200.0,60501,0,0,4.0-6.0,5.0,127.0,road_node,,True,True
2457,639400.0,1867100.0,60501,0,0,4.0-6.0,5.0,127.0,road_node,,True,True
2458,687500.0,1903700.0,60654,0,0,4.0-6.0,5.0,127.0,road_node,,True,True
2459,688500.0,1902800.0,60661,0,0,4.0-6.0,5.0,127.0,road_node,,True,True
2460,688100.0,1901600.0,60661,0,0,4.0-6.0,5.0,127.0,road_node,,True,True
2461,694000.0,1905700.0,60611,0,0,,,,road_node,,True,False
2462,694100.0,1904800.0,60611,0,0,4.0-6.0,5.0,127.0,road_node,,True,True
2463,690600.0,1905700.0,60610,0,0,4.0-6.0,5.0,127.0,road_node,,True,True
2464,691000.0,1905700.0,60610,0,0,4.0-6.0,5.0,127.0,road_node,,True,True
2465,692300.0,1905700.0,60611,0,0,4.0-6.0,5.0,127.0,road_node,,True,True
2466,686800.0,1900700.0,60661,0,0,4.0-6.0,5.0,127.0,road_node,,True,True
2467,686800.0,1900300.0,60607,0,0,4.0-6.0,5.0,127.0,road_node,,True,True
2468,686800.0,1898900.0,60607,0,0,4.0-6.0,5.0,127.0,road_node,,True,True
2469,642600.0,2001200.0,60035,0,0,2.0-3.0,2.5,63.5,road_node,,True,True
2470,643500.0,2000600.0,60035,0,0,2.0-3.0,2.5,63.5,road_node,,True,True
2472,649400.0,1936800.0,60630,0,0,4.0-6.0,5.0,127.0,road_node,,True,True
2473,472500.0,1763900.0,60541,0,0,1.0-1.5,1.25,31.75,road_node,,True,True
2474,480400.0,1764200.0,60447,0,0,1.0-1.5,1.25,31.75,road_node,,True,True
2476,694100.0,1904200.0,60611,0,0,4.0-6.0,5.0,127.0,road_node,,True,True
2477,524500.0,1905800.0,60185,0,0,0.5-1.0,0.75,19.05,road_node,,True,True
2478,539000.0,1969700.0,60192,0,0,1.0-1.5,1.25,31.75,road_node,,True,True
2479,694100.0,1903300.0,60611,0,0,4.0-6.0,5.0,127.0,road_node,,True,True
2480,537900.0,1959300.0,60107,0,0,0.5-1.0,0.75,19.05,road_node,,True,True
2481,535400.0,1949600.0,60107,0,0,0.5-1.0,0.75,19.05,road_node,,True,True
2482,535400.0,1945800.0,60107,0,0,0.5-1.0,0.75,19.05,road_node,,True,True
2483,693700.0,1902600.0,60601,0,0,4.0-6.0,5.0,127.0,road_node,,True,True
2484,693400.0,1901200.0,60602,0,0,4.0-6.0,5.0,127.0,road_node,,True,True
2485,694000.0,1901200.0,60602,0,0,4.0-6.0,5.0,127.0,road_node,,True,True
2486,690200.0,1902200.0,60606,0,0,4.0-6.0,5.0,127.0,road_node,,True,True
2487,519300.0,1905700.0,60185,0,0,0.5-1.0,0.75,19.05,road_node,,True,True
2488,540100.0,1890800.0,60190,0,0,0.5-1.0,0.75,19.05,road_node,,True,True
2489,540400.0,1906100.0,60185,0,0,0.5-1.0,0.75,19.05,road_node,,True,True
2490,541500.0,1878600.0,60555,0,0,0.5-1.0,0.75,19.05,road_node,,True,True
2491,691700.0,1897600.0,60605,0,0,4.0-6.0,5.0,127.0,road_node,,True,True
2492,691800.0,1896800.0,60605,0,0,4.0-6.0,5.0,127.0,road_node,,True,True
2493,691400.0,1902200.0,60601,0,0,4.0-6.0,5.0,127.0,road_node,,True,True
2494,692100.0,1897200.0,60605,0,0,4.0-6.0,5.0,127.0,road_node,,True,True
2495,692600.0,1897200.0,60605,0,0,4.0-6.0,5.0,127.0,road_node,,True,True
2496,692200.0,1896100.0,60605,0,0,4.0-6.0,5.0,127.0,road_node,,True,True
2497,692600.0,1896100.0,60605,0,0,4.0-6.0,5.0,127.0,road_node,,True,True
2498,693100.0,1896200.0,60605,0,0,4.0-6.0,5.0,127.0,road_node,,True,True
2499,523100.0,1898500.0,60185,0,0,0.5-1.0,0.75,19.05,road_node,,True,True
2500,692200.0,1895700.0,60605,0,0,4.0-6.0,5.0,127.0,road_node,,True,True
2501,741800.0,1816800.0,46312,0,0,2.0-3.0,2.5,63.5,road_node,,True,True
2502,537800.0,1900700.0,60185,0,0,0.5-1.0,0.75,19.05,road_node,,True,True
2503,540300.0,1901000.0,60185,0,0,0.5-1.0,0.75,19.05,road_node,,True,True
2504,548000.0,1895300.0,60190,0,0,0.5-1.0,0.75,19.05,road_node,,True,True
2505,547000.0,1890400.0,60190,0,0,0.5-1.0,0.75,19.05,road_node,,True,True
2506,733100.0,1796300.0,46324,0,0,2.0-3.0,2.5,63.5,road_node,,True,True
2507,692600.0,1895700.0,60605,0,0,4.0-6.0,5.0,127.0,road_node,,True,True
2508,756900.0,1798800.0,46406,0,0,,,,road_node,,True,False
2509,544400.0,1885500.0,60555,0,0,0.5-1.0,0.75,19.05,road_node,,True,True
2514,693100.0,1895700.0,60605,0,0,4.0-6.0,5.0,127.0,road_node,,True,True
2515,536200.0,1890300.0,60190,0,0,0.5-1.0,0.75,19.05,road_node,,True,True
2516,538700.0,1890700.0,60190,0,0,0.5-1.0,0.75,19.05,road_node,,True,True
2517,535300.0,1877100.0,60555,0,0,0.5-1.0,0.75,19.05,road_node,,True,True
2518,688600.0,1895800.0,60607,0,0,4.0-6.0,5.0,127.0,road_node,,True,True
2519,545000.0,1880700.0,60555,0,0,1.0-1.5,1.25,31.75,road_node,,True,True
2520,754400.0,1779400.0,46408,0,0,1.0-1.5,1.25,31.75,road_node,,True,True
2528,688600.0,1894900.0,60607,0,0,4.0-6.0,5.0,127.0,road_node,,True,True
2529,736000.0,1775100.0,46322,0,0,1.0-1.5,1.25,31.75,road_node,,True,True
2530,747900.0,1769900.0,46319,0,0,0.5-1.0,0.75,19.05,road_node,,True,True
2534,736200.0,1758100.0,46375,0,0,1.0-1.5,1.25,31.75,road_node,,True,True
2535,747000.0,1754900.0,46375,0,0,0.5-1.0,0.75,19.05,road_node,,True,True
2539,736700.0,1733300.0,46373,0,0,1.0-1.5,1.25,31.75,road_node,,True,True
2544,689100.0,1893100.0,60607,0,0,4.0-6.0,5.0,127.0,road_node,,True,True
2545,691000.0,1891400.0,60616,0,0,4.0-6.0,5.0,127.0,road_node,,True,True
2546,691500.0,1891400.0,60616,0,0,4.0-6.0,5.0,127.0,road_node,,True,True
2547,690200.0,1901700.0,60606,0,0,4.0-6.0,5.0,127.0,road_node,,True,True
2548,691400.0,1901700.0,60601,0,0,4.0-6.0,5.0,127.0,road_node,,True,True
2549,692300.0,1891400.0,60616,0,0,4.0-6.0,5.0,127.0,road_node,,True,True
2550,692800.0,1891400.0,60616,0,0,4.0-6.0,5.0,127.0,road_node,,True,True
2551,693200.0,1891400.0,60616,0,0,4.0-6.0,5.0,127.0,road_node,,True,True
2552,693600.0,1891400.0,60616,0,0,4.0-6.0,5.0,127.0,road_node,,True,True
2553,693200.0,1888600.0,60616,0,0,4.0-6.0,5.0,127.0,road_node,,True,True
2554,693600.0,1888600.0,60616,0,0,4.0-6.0,5.0,127.0,road_node,,True,True
2555,687900.0,1908200.0,60610,0,0,4.0-6.0,5.0,127.0,road_node,,True,True
2556,687800.0,1909100.0,60610,0,0,4.0-6.0,5.0,127.0,road_node,,True,True
2557,687700.0,1895800.0,60607,0,0,4.0-6.0,5.0,127.0,road_node,,True,True
2558,524700.0,1857500.0,60519,0,0,0.5-1.0,0.75,19.05,road_node,,True,True
2559,545300.0,1849100.0,60540,0,0,0.5-1.0,0.75,19.05,road_node,,True,True
2560,687700.0,1894900.0,60607,0,0,4.0-6.0,5.0,127.0,road_node,,True,True
2561,687200.0,1893100.0,60607,0,0,4.0-6.0,5.0,127.0,road_node,,True,True
2562,687300.0,1892200.0,60616,0,0,4.0-6.0,5.0,127.0,road_node,,True,True
2563,687300.0,1889600.0,60616,0,0,4.0-6.0,5.0,127.0,road_node,,True,True
2564,687600.0,1889600.0,60616,0,0,4.0-6.0,5.0,127.0,road_node,,True,True
2565,687300.0,1890600.0,60616,0,0,4.0-6.0,5.0,127.0,road_node,,True,True
2566,623700.0,1873400.0,60558,0,0,2.0-3.0,2.5,63.5,road_node,,True,True
2567,626300.0,1875900.0,60526,0,0,3.0-4.0,3.5,88.9,road_node,,True,True
2568,639300.0,1872200.0,60534,0,0,4.0-6.0,5.0,127.0,road_node,,True,True
2569,639800.0,1871400.0,60534,0,0,4.0-6.0,5.0,127.0,road_node,,True,True
2570,667100.0,1838500.0,60805,0,0,2.0-3.0,2.5,63.5,road_node,,True,True
2571,669800.0,1838600.0,60805,0,0,2.0-3.0,2.5,63.5,road_node,,True,True
2572,672500.0,1838500.0,60805,0,0,2.0-3.0,2.5,63.5,road_node,,True,True
2573,675200.0,1838800.0,60655,0,0,2.0-3.0,2.5,63.5,road_node,,True,True
2574,675400.0,1815800.0,60406,0,0,2.0-3.0,2.5,63.5,road_node,,True,True
2575,678700.0,1816500.0,60406,0,0,2.0-3.0,2.5,63.5,road_node,,True,True
2576,689100.0,1809600.0,60827,0,0,2.0-3.0,2.5,63.5,road_node,,True,True
2577,695800.0,1809500.0,60419,0,0,3.0-4.0,3.5,88.9,road_node,,True,True
2578,698400.0,1809400.0,60419,0,0,3.0-4.0,3.5,88.9,road_node,,True,True
2579,698900.0,1843300.0,60619,0,0,4.0-6.0,5.0,127.0,road_node,,True,True
2580,701500.0,1842100.0,60628,0,0,4.0-6.0,5.0,127.0,road_node,,True,True
2581,700500.0,1828900.0,60628,0,0,3.0-4.0,3.5,88.9,road_node,,True,True
2582,705300.0,1836900.0,60617,0,0,4.0-6.0,5.0,127.0,road_node,,True,True
2583,711400.0,1824600.0,60633,0,0,3.0-4.0,3.5,88.9,road_node,,True,True
2584,705300.0,1819300.0,60633,0,0,3.0-4.0,3.5,88.9,road_node,,True,True
2585,715500.0,1819300.0,60633,0,0,3.0-4.0,3.5,88.9,road_node,,True,True
2586,716900.0,1819400.0,60633,0,0,3.0-4.0,3.5,88.9,road_node,,True,True
2587,715500.0,1816700.0,60633,0,0,3.0-4.0,3.5,88.9,road_node,,True,True
2588,715600.0,1815300.0,60633,0,0,3.0-4.0,3.5,88.9,road_node,,True,True
2589,711100.0,1844100.0,60617,0,0,4.0-6.0,5.0,127.0,road_node,,True,True
2590,711900.0,1844100.0,60617,0,0,4.0-6.0,5.0,127.0,road_node,,True,True
2591,711700.0,1845700.0,60617,0,0,4.0-6.0,5.0,127.0,road_node,,True,True
2592,712300.0,1845700.0,60617,0,0,4.0-6.0,5.0,127.0,road_node,,True,True
2593,713500.0,1845700.0,60617,0,0,4.0-6.0,5.0,127.0,road_node,,True,True
2594,715700.0,1845700.0,60617,0,0,4.0-6.0,5.0,127.0,road_node,,True,True
2595,712300.0,1844500.0,60617,0,0,4.0-6.0,5.0,127.0,road_node,,True,True
2596,712600.0,1836400.0,60617,0,0,4.0-6.0,5.0,127.0,road_node,,True,True
2597,712500.0,1835100.0,60617,0,0,4.0-6.0,5.0,127.0,road_node,,True,True
2598,657100.0,1820500.0,60803,0,0,2.0-3.0,2.5,63.5,road_node,,True,True
2599,711200.0,1846400.0,60617,0,0,4.0-6.0,5.0,127.0,road_node,,True,True
2600,642300.0,1792600.0,60477,0,0,1.5-2.0,1.75,44.45,road_node,,True,True
2601,671100.0,1787100.0,60478,0,0,2.0-3.0,2.5,63.5,road_node,,True,True
2602,672900.0,1788900.0,60429,0,0,2.0-3.0,2.5,63.5,road_node,,True,True
2603,676600.0,1788900.0,60429,0,0,3.0-4.0,3.5,88.9,road_node,,True,True
2604,676600.0,1788200.0,60429,0,0,3.0-4.0,3.5,88.9,road_node,,True,True
2605,676600.0,1787600.0,60429,0,0,2.0-3.0,2.5,63.5,road_node,,True,True
2606,676600.0,1787100.0,60429,0,0,2.0-3.0,2.5,63.5,road_node,,True,True
2607,674800.0,1784500.0,60429,0,0,2.0-3.0,2.5,63.5,road_node,,True,True
2608,673500.0,1781800.0,60478,0,0,2.0-3.0,2.5,63.5,road_node,,True,True
2609,674800.0,1787900.0,60429,0,0,2.0-3.0,2.5,63.5,road_node,,True,True
2610,680100.0,1788900.0,60429,0,0,3.0-4.0,3.5,88.9,road_node,,True,True
2611,680100.0,1790500.0,60429,0,0,3.0-4.0,3.5,88.9,road_node,,True,True
2612,680000.0,1792400.0,60429,0,0,3.0-4.0,3.5,88.9,road_node,,True,True
2613,682700.0,1790900.0,60429,0,0,3.0-4.0,3.5,88.9,road_node,,True,True
2614,684000.0,1790900.0,60429,0,0,3.0-4.0,3.5,88.9,road_node,,True,True
2615,684700.0,1790800.0,60429,0,0,2.0-3.0,2.5,63.5,road_node,,True,True
2616,680600.0,1802800.0,60426,0,0,2.0-3.0,2.5,63.5,road_node,,True,True
2621,683900.0,1803000.0,60426,0,0,3.0-4.0,3.5,88.9,road_node,,True,True
2622,685200.0,1801200.0,60426,0,0,3.0-4.0,3.5,88.9,road_node,,True,True
2623,687900.0,1801200.0,60426,0,0,3.0-4.0,3.5,88.9,road_node,,True,True
2624,689200.0,1803000.0,60426,0,0,3.0-4.0,3.5,88.9,road_node,,True,True
2629,689900.0,1803300.0,60426,0,0,3.0-4.0,3.5,88.9,road_node,,True,True
2630,695900.0,1803300.0,60419,0,0,3.0-4.0,3.5,88.9,road_node,,True,True
2631,690900.0,1779400.0,60425,0,0,2.0-3.0,2.5,63.5,road_node,,True,True
2632,693800.0,1778400.0,60425,0,0,2.0-3.0,2.5,63.5,road_node,,True,True
2633,718500.0,1805900.0,60409,0,0,3.0-4.0,3.5,88.9,road_node,,True,True
2634,718500.0,1804400.0,60409,0,0,3.0-4.0,3.5,88.9,road_node,,True,True
2635,725100.0,1813600.0,46327,0,0,3.0-4.0,3.5,88.9,road_node,,True,True
2636,725200.0,1813400.0,46327,0,0,3.0-4.0,3.5,88.9,road_node,,True,True
2637,719800.0,1804700.0,60409,0,0,3.0-4.0,3.5,88.9,road_node,,True,True
2638,721000.0,1804800.0,60409,0,0,3.0-4.0,3.5,88.9,road_node,,True,True
2639,725900.0,1813000.0,46327,0,0,3.0-4.0,3.5,88.9,road_node,,True,True
2640,725800.0,1812800.0,46327,0,0,3.0-4.0,3.5,88.9,road_node,,True,True
2641,687700.0,1900200.0,60661,0,0,4.0-6.0,5.0,127.0,road_node,,True,True
2642,687700.0,1898900.0,60661,0,0,4.0-6.0,5.0,127.0,road_node,,True,True
2643,688500.0,1901100.0,60661,0,0,4.0-6.0,5.0,127.0,road_node,,True,True
2644,688900.0,1900600.0,60606,0,0,4.0-6.0,5.0,127.0,road_node,,True,True
2645,688500.0,1900600.0,60661,0,0,4.0-6.0,5.0,127.0,road_node,,True,True
2646,688500.0,1901600.0,60661,0,0,4.0-6.0,5.0,127.0,road_node,,True,True
2647,688500.0,1900200.0,60661,0,0,4.0-6.0,5.0,127.0,road_node,,True,True
2648,688900.0,1900200.0,60661,0,0,4.0-6.0,5.0,127.0,road_node,,True,True
2649,688900.0,1899800.0,60661,0,0,4.0-6.0,5.0,127.0,road_node,,True,True
2650,688900.0,1899400.0,60661,0,0,4.0-6.0,5.0,127.0,road_node,,True,True
2653,732900.0,1788600.0,46324,0,0,2.0-3.0,2.5,63.5,road_node,,True,True
2654,734100.0,1788400.0,46324,0,0,2.0-3.0,2.5,63.5,road_node,,True,True
2655,737800.0,1788600.0,46323,0,0,1.5-2.0,1.75,44.45,road_node,,True,True
2656,738400.0,1791100.0,46323,0,0,1.5-2.0,1.75,44.45,road_node,,True,True
2657,739122.0,1788240.0,46323,0,0,1.5-2.0,1.75,44.45,road_node,,True,True
2658,525000.0,1869900.0,60502,0,0,0.5-1.0,0.75,19.05,road_node,,True,True
2659,745800.0,1787400.0,46323,0,0,1.0-1.5,1.25,31.75,road_node,,True,True
2660,747100.0,1787100.0,46323,0,0,1.0-1.5,1.25,31.75,road_node,,True,True
2661,755100.0,1787000.0,46404,0,0,,,,road_node,,True,False
2662,753700.0,1787200.0,46404,0,0,0.5-1.0,0.75,19.05,road_node,,True,True
2663,706700.0,1784800.0,60438,0,0,2.0-3.0,2.5,63.5,road_node,,True,True
2664,535900.0,1799800.0,60544,0,0,1.0-1.5,1.25,31.75,road_node,,True,True
2665,766800.0,1801500.0,46402,0,0,,,,road_node,,True,False
2669,766700.0,1787200.0,46404,0,0,,,,road_node,,True,False
2673,688900.0,1898900.0,60661,0,0,4.0-6.0,5.0,127.0,road_node,,True,True
2674,688500.0,1898900.0,60661,0,0,4.0-6.0,5.0,127.0,road_node,,True,True
2675,688500.0,1898500.0,60661,0,0,4.0-6.0,5.0,127.0,road_node,,True,True
2676,688500.0,1897500.0,60607,0,0,4.0-6.0,5.0,127.0,road_node,,True,True
2677,689500.0,1900700.0,60606,0,0,4.0-6.0,5.0,127.0,road_node,,True,True
2678,689600.0,1900700.0,60606,0,0,4.0-6.0,5.0,127.0,road_node,,True,True
2679,525000.0,1870100.0,60502,0,0,0.5-1.0,0.75,19.05,road_node,,True,True
2680,676100.0,1763200.0,60461,0,0,2.0-3.0,2.5,63.5,road_node,,True,True
2681,678700.0,1753900.0,60466,0,0,1.5-2.0,1.75,44.45,road_node,,True,True
2682,678700.0,1752200.0,60466,0,0,1.5-2.0,1.75,44.45,road_node,,True,True
2683,690000.0,1900700.0,60606,0,0,4.0-6.0,5.0,127.0,road_node,,True,True
2684,674800.0,1790600.0,60429,0,0,3.0-4.0,3.5,88.9,road_node,,True,True
2685,688100.0,1771200.0,60422,0,0,2.0-3.0,2.5,63.5,road_node,,True,True
2686,690900.0,1771200.0,60425,0,0,2.0-3.0,2.5,63.5,road_node,,True,True
2687,682800.0,1779400.0,60430,0,0,2.0-3.0,2.5,63.5,road_node,,True,True
2689,591100.0,1936800.0,60143,0,0,3.0-4.0,3.5,88.9,road_node,,True,True
2690,591100.0,1930500.0,60191,0,0,3.0-4.0,3.5,88.9,road_node,,True,True
2691,744100.0,1802000.0,46323,0,0,1.0-1.5,1.25,31.75,road_node,,True,True
2692,744100.0,1801500.0,46323,0,0,1.0-1.5,1.25,31.75,road_node,,True,True
2693,551400.0,1937700.0,60133,0,0,1.0-1.5,1.25,31.75,road_node,,True,True
2694,609100.0,1917800.0,60164,0,0,2.0-3.0,2.5,63.5,road_node,,True,True
2695,690400.0,1900700.0,60606,0,0,4.0-6.0,5.0,127.0,road_node,,True,True
2696,556700.0,1834300.0,60565,0,0,1.0-1.5,1.25,31.75,road_node,,True,True
2697,608800.0,1913200.0,60126,0,0,2.0-3.0,2.5,63.5,road_node,,True,True
2698,609400.0,1908700.0,60126,0,0,2.0-3.0,2.5,63.5,road_node,,True,True
2700,603900.0,1913000.0,60126,0,0,2.0-3.0,2.5,63.5,road_node,,True,True
2701,690800.0,1900700.0,60602,0,0,4.0-6.0,5.0,127.0,road_node,,True,True
2702,691200.0,1900700.0,60602,0,0,4.0-6.0,5.0,127.0,road_node,,True,True
2703,589200.0,1796300.0,60441,0,0,1.0-1.5,1.25,31.75,road_node,,True,True
2704,544500.0,1791100.0,60403,0,0,2.0-3.0,2.5,63.5,road_node,,True,True
2705,545800.0,1790400.0,60403,0,0,2.0-3.0,2.5,63.5,road_node,,True,True
2706,545500.0,1791200.0,60403,0,0,2.0-3.0,2.5,63.5,road_node,,True,True
2707,544611.0,1789690.0,60403,0,0,2.0-3.0,2.5,63.5,road_node,,True,True
2711,691600.0,1900700.0,60602,0,0,4.0-6.0,5.0,127.0,road_node,,True,True
2712,691600.0,1901200.0,60602,0,0,4.0-6.0,5.0,127.0,road_node,,True,True
2713,692000.0,1901200.0,60602,0,0,4.0-6.0,5.0,127.0,road_node,,True,True
2714,691600.0,1901700.0,60601,0,0,4.0-6.0,5.0,127.0,road_node,,True,True
2715,691600.0,1902100.0,60601,0,0,4.0-6.0,5.0,127.0,road_node,,True,True
2716,691500.0,1902900.0,60654,0,0,4.0-6.0,5.0,127.0,road_node,,True,True
2717,680600.0,1751000.0,60466,0,0,1.5-2.0,1.75,44.45,road_node,,True,True
2718,604200.0,1911600.0,60126,0,0,3.0-4.0,3.5,88.9,road_node,,True,True
2719,689300.0,1765500.0,60461,0,0,2.0-3.0,2.5,63.5,road_node,,True,True
2720,680000.0,1781900.0,60430,0,0,2.0-3.0,2.5,63.5,road_node,,True,True
2721,682700.0,1787200.0,60429,0,0,2.0-3.0,2.5,63.5,road_node,,True,True
2722,541900.0,1862700.0,60563,0,0,0.5-1.0,0.75,19.05,road_node,,True,True
2723,653000.0,1782200.0,60477,0,0,1.5-2.0,1.75,44.45,road_node,,True,True
2724,650100.0,1788100.0,60477,0,0,1.0-1.5,1.25,31.75,road_node,,True,True
2725,543400.0,1856300.0,60540,0,0,0.5-1.0,0.75,19.05,road_node,,True,True
2726,682800.0,1789300.0,60429,0,0,3.0-4.0,3.5,88.9,road_node,,True,True
2727,540000.0,1854900.0,60540,0,0,0.5-1.0,0.75,19.05,road_node,,True,True
2728,690600.0,1791100.0,60476,0,0,3.0-4.0,3.5,88.9,road_node,,True,True
2729,690700.0,1788500.0,60476,0,0,2.0-3.0,2.5,63.5,road_node,,True,True
2730,679300.0,1797800.0,60428,0,0,2.0-3.0,2.5,63.5,road_node,,True,True
2731,677400.0,1797800.0,60428,0,0,2.0-3.0,2.5,63.5,road_node,,True,True
2732,707000.0,1806000.0,60419,0,0,2.0-3.0,2.5,63.5,road_node,,True,True
2733,705700.0,1805900.0,60419,0,0,2.0-3.0,2.5,63.5,road_node,,True,True
2734,706000.0,1797900.0,60473,0,0,2.0-3.0,2.5,63.5,road_node,,True,True
2735,704200.0,1797900.0,60473,0,0,2.0-3.0,2.5,63.5,road_node,,True,True
2736,712000.0,1790200.0,60438,0,0,2.0-3.0,2.5,63.5,road_node,,True,True
2737,712000.0,1788900.0,60438,0,0,2.0-3.0,2.5,63.5,road_node,,True,True
2738,719000.0,1763800.0,60411,0,0,1.5-2.0,1.75,44.45,road_node,,True,True
2739,708081.0,1763530.0,60411,0,0,2.0-3.0,2.5,63.5,road_node,,True,True
2740,706100.0,1763500.0,60411,0,0,2.0-3.0,2.5,63.5,road_node,,True,True
2741,706200.0,1773200.0,60411,0,0,2.0-3.0,2.5,63.5,road_node,,True,True
2742,601800.0,1911700.0,60126,0,0,2.0-3.0,2.5,63.5,road_node,,True,True
2743,601800.0,1905800.0,60126,0,0,2.0-3.0,2.5,63.5,road_node,,True,True
2744,524300.0,1981000.0,60110,0,0,1.0-1.5,1.25,31.75,road_node,,True,True
2745,663800.0,1944700.0,60712,0,0,4.0-6.0,5.0,127.0,road_node,,True,True
2746,634100.0,1971100.0,60025,0,0,1.5-2.0,1.75,44.45,road_node,,True,True
2747,628500.0,1882600.0,60526,0,0,3.0-4.0,3.5,88.9,road_node,,True,True
2748,529700.0,1990000.0,60110,0,0,1.5-2.0,1.75,44.45,road_node,,True,True
2749,537500.0,1985600.0,60010,0,0,1.0-1.5,1.25,31.75,road_node,,True,True
2750,605200.0,1902800.0,60126,0,0,2.0-3.0,2.5,63.5,road_node,,True,True
2751,605200.0,1906400.0,60126,0,0,2.0-3.0,2.5,63.5,road_node,,True,True
2752,606700.0,1906300.0,60126,0,0,2.0-3.0,2.5,63.5,road_node,,True,True
2753,607100.0,1907300.0,60126,0,0,2.0-3.0,2.5,63.5,road_node,,True,True
2754,705100.0,1773600.0,60425,0,0,2.0-3.0,2.5,63.5,road_node,,True,True
2755,707000.0,1810800.0,60419,0,0,3.0-4.0,3.5,88.9,road_node,,True,True
2756,705700.0,1810300.0,60419,0,0,3.0-4.0,3.5,88.9,road_node,,True,True
2757,668100.0,1812100.0,60472,0,0,2.0-3.0,2.5,63.5,road_node,,True,True
2758,692400.0,1901200.0,60602,0,0,4.0-6.0,5.0,127.0,road_node,,True,True
2759,692900.0,1901200.0,60602,0,0,4.0-6.0,5.0,127.0,road_node,,True,True
2760,693000.0,1899900.0,60603,0,0,4.0-6.0,5.0,127.0,road_node,,True,True
2761,692500.0,1899900.0,60603,0,0,4.0-6.0,5.0,127.0,road_node,,True,True
2762,692000.0,1899900.0,60603,0,0,4.0-6.0,5.0,127.0,road_node,,True,True
2763,691600.0,1899900.0,60603,0,0,4.0-6.0,5.0,127.0,road_node,,True,True
2764,691600.0,1900300.0,60603,0,0,4.0-6.0,5.0,127.0,road_node,,True,True
2765,691200.0,1900300.0,60603,0,0,4.0-6.0,5.0,127.0,road_node,,True,True
2766,690800.0,1900300.0,60603,0,0,4.0-6.0,5.0,127.0,road_node,,True,True
2767,690400.0,1900300.0,60606,0,0,4.0-6.0,5.0,127.0,road_node,,True,True
2768,690000.0,1900300.0,60606,0,0,4.0-6.0,5.0,127.0,road_node,,True,True
2769,689600.0,1900300.0,60606,0,0,4.0-6.0,5.0,127.0,road_node,,True,True
2770,689600.0,1899000.0,60606,0,0,4.0-6.0,5.0,127.0,road_node,,True,True
2771,690000.0,1899000.0,60606,0,0,4.0-6.0,5.0,127.0,road_node,,True,True
2772,690400.0,1899000.0,60606,0,0,4.0-6.0,5.0,127.0,road_node,,True,True
2773,690800.0,1899000.0,60604,0,0,4.0-6.0,5.0,127.0,road_node,,True,True
2774,691200.0,1899000.0,60604,0,0,4.0-6.0,5.0,127.0,road_node,,True,True
2775,691600.0,1899000.0,60604,0,0,4.0-6.0,5.0,127.0,road_node,,True,True
2776,691600.0,1899500.0,60603,0,0,4.0-6.0,5.0,127.0,road_node,,True,True
2777,692100.0,1899500.0,60603,0,0,4.0-6.0,5.0,127.0,road_node,,True,True
2778,692500.0,1899500.0,60603,0,0,4.0-6.0,5.0,127.0,road_node,,True,True
2779,693000.0,1899500.0,60603,0,0,4.0-6.0,5.0,127.0,road_node,,True,True
2780,691600.0,1898600.0,60604,0,0,4.0-6.0,5.0,127.0,road_node,,True,True
2781,691700.0,1898000.0,60605,0,0,4.0-6.0,5.0,127.0,road_node,,True,True
2782,689763.0,1898010.0,60607,0,0,4.0-6.0,5.0,127.0,road_node,,True,True
2783,689500.0,1898400.0,60607,0,0,4.0-6.0,5.0,127.0,road_node,,True,True
2784,690000.0,1898400.0,60607,0,0,4.0-6.0,5.0,127.0,road_node,,True,True
2785,690000.0,1897800.0,60607,0,0,4.0-6.0,5.0,127.0,road_node,,True,True
2786,689500.0,1900300.0,60606,0,0,4.0-6.0,5.0,127.0,road_node,,True,True
2787,690700.0,1902900.0,60654,0,0,4.0-6.0,5.0,127.0,road_node,,True,True
2788,690700.0,1904100.0,60654,0,0,4.0-6.0,5.0,127.0,road_node,,True,True
2789,691100.0,1904100.0,60654,0,0,4.0-6.0,5.0,127.0,road_node,,True,True
2790,691100.0,1903800.0,60654,0,0,4.0-6.0,5.0,127.0,road_node,,True,True
2791,692300.0,1904100.0,60611,0,0,4.0-6.0,5.0,127.0,road_node,,True,True
2792,692300.0,1903800.0,60611,0,0,4.0-6.0,5.0,127.0,road_node,,True,True
2793,689500.0,1904300.0,60654,0,0,4.0-6.0,5.0,127.0,road_node,,True,True
2794,695100.0,1904200.0,60611,0,0,4.0-6.0,5.0,127.0,road_node,,True,True
2795,676100.0,1900200.0,60612,0,0,4.0-6.0,5.0,127.0,road_node,,True,True
2796,694600.0,1905700.0,60611,0,0,4.0-6.0,5.0,127.0,road_node,,True,True
2797,694200.0,1906700.0,60611,0,0,4.0-6.0,5.0,127.0,road_node,,True,True
2798,689500.0,1902200.0,60606,0,0,4.0-6.0,5.0,127.0,road_node,,True,True
2799,686800.0,1901700.0,60661,0,0,4.0-6.0,5.0,127.0,road_node,,True,True
2800,691700.0,1865700.0,60621,0,0,3.0-4.0,3.5,88.9,road_node,,True,True
2801,694700.0,1899100.0,60603,0,0,4.0-6.0,5.0,127.0,road_node,,True,True
2802,692600.0,1860400.0,60621,0,0,2.0-3.0,2.5,63.5,road_node,,True,True
2803,691700.0,1863000.0,60621,0,0,2.0-3.0,2.5,63.5,road_node,,True,True
2804,685500.0,1898800.0,60607,0,0,4.0-6.0,5.0,127.0,road_node,,True,True
2805,684100.0,1898700.0,60607,0,0,4.0-6.0,5.0,127.0,road_node,,True,True
2806,691910.0,1868330.0,60621,0,0,3.0-4.0,3.5,88.9,road_node,,True,True
2807,684100.0,1898300.0,60607,0,0,4.0-6.0,5.0,127.0,road_node,,True,True
2808,684100.0,1897800.0,60607,0,0,4.0-6.0,5.0,127.0,road_node,,True,True
2809,681500.0,1898600.0,60612,0,0,4.0-6.0,5.0,127.0,road_node,,True,True
2810,681500.0,1898200.0,60612,0,0,4.0-6.0,5.0,127.0,road_node,,True,True
2811,681500.0,1897700.0,60612,0,0,4.0-6.0,5.0,127.0,road_node,,True,True
2812,680800.0,1898600.0,60612,0,0,4.0-6.0,5.0,127.0,road_node,,True,True
2813,680400.0,1898600.0,60612,0,0,4.0-6.0,5.0,127.0,road_node,,True,True
2814,607100.0,1905400.0,60126,0,0,2.0-3.0,2.5,63.5,road_node,,True,True
2815,681500.0,1899800.0,60612,0,0,4.0-6.0,5.0,127.0,road_node,,True,True
2816,681700.0,1900000.0,60607,0,0,4.0-6.0,5.0,127.0,road_node,,True,True
2817,681500.0,1900000.0,60612,0,0,4.0-6.0,5.0,127.0,road_node,,True,True
2818,681500.0,1900400.0,60612,0,0,4.0-6.0,5.0,127.0,road_node,,True,True
2819,682100.0,1900600.0,60607,0,0,4.0-6.0,5.0,127.0,road_node,,True,True
2820,678800.0,1898600.0,60612,0,0,4.0-6.0,5.0,127.0,road_node,,True,True
2821,691769.0,1870990.0,60609,0,0,3.0-4.0,3.5,88.9,road_node,,True,True
2822,678900.0,1897600.0,60612,0,0,4.0-6.0,5.0,127.0,road_node,,True,True
2823,678800.0,1900300.0,60612,0,0,4.0-6.0,5.0,127.0,road_node,,True,True
2824,676800.0,1898600.0,60612,0,0,4.0-6.0,5.0,127.0,road_node,,True,True
2825,660500.0,1886400.0,60804,0,0,8.0-10.0,9.0,228.6,road_node,,True,True
2826,676200.0,1898600.0,60612,0,0,4.0-6.0,5.0,127.0,road_node,,True,True
2827,676200.0,1897600.0,60612,0,0,4.0-6.0,5.0,127.0,road_node,,True,True
2828,676200.0,1898100.0,60612,0,0,4.0-6.0,5.0,127.0,road_node,,True,True
2829,672100.0,1900100.0,60612,0,0,4.0-6.0,5.0,127.0,road_node,,True,True
2830,672100.0,1897900.0,60612,0,0,6.0-8.0,7.0,177.8,road_node,,True,True
2831,641800.0,1803300.0,60462,0,0,2.0-3.0,2.5,63.5,road_node,,True,True
2832,534700.0,1852700.0,60504,0,0,0.5-1.0,0.75,19.05,road_node,,True,True
2833,691500.0,1746000.0,60475,0,0,1.5-2.0,1.75,44.45,road_node,,True,True
2834,672100.0,1897400.0,60612,0,0,6.0-8.0,7.0,177.8,road_node,,True,True
2835,670700.0,1900100.0,60624,0,0,4.0-6.0,5.0,127.0,road_node,,True,True
2836,666800.0,1897800.0,60624,0,0,6.0-8.0,7.0,177.8,road_node,,True,True
2837,666900.0,1896800.0,60624,0,0,6.0-8.0,7.0,177.8,road_node,,True,True
2838,662900.0,1897200.0,60624,0,0,6.0-8.0,7.0,177.8,road_node,,True,True
2839,662900.0,1896800.0,60624,0,0,6.0-8.0,7.0,177.8,road_node,,True,True
2840,660200.0,1896500.0,60644,0,0,8.0-10.0,9.0,228.6,road_node,,True,True
2841,660200.0,1896100.0,60644,0,0,8.0-10.0,9.0,228.6,road_node,,True,True
2842,673500.0,1897500.0,60612,0,0,6.0-8.0,7.0,177.8,road_node,,True,True
2843,544700.0,1851000.0,60540,0,0,0.5-1.0,0.75,19.05,road_node,,True,True
2844,678900.0,1897300.0,60612,0,0,4.0-6.0,5.0,127.0,road_node,,True,True
2845,666000.0,1889000.0,60623,0,0,6.0-8.0,7.0,177.8,road_node,,True,True
2846,665700.0,1888800.0,60623,0,0,6.0-8.0,7.0,177.8,road_node,,True,True
2847,659800.0,1886000.0,60804,0,0,8.0-10.0,9.0,228.6,road_node,,True,True
2848,673900.0,1882300.0,60623,0,0,4.0-6.0,5.0,127.0,road_node,,True,True
2849,679200.0,1883300.0,60608,0,0,4.0-6.0,5.0,127.0,road_node,,True,True
2850,687100.0,1895800.0,60607,0,0,4.0-6.0,5.0,127.0,road_node,,True,True
2851,687100.0,1894900.0,60607,0,0,4.0-6.0,5.0,127.0,road_node,,True,True
2852,691500.0,1884900.0,60616,0,0,4.0-6.0,5.0,127.0,road_node,,True,True
2853,679200.0,1884300.0,60608,0,0,4.0-6.0,5.0,127.0,road_node,,True,True
2854,513200.0,1830700.0,60503,0,0,0.5-1.0,0.75,19.05,road_node,,True,True
2855,558200.0,1871300.0,60532,0,0,2.0-3.0,2.5,63.5,road_node,,True,True
2856,535400.0,1871600.0,60555,0,0,0.5-1.0,0.75,19.05,road_node,,True,True
2857,572434.0,1828690.0,60440,0,0,1.5-2.0,1.75,44.45,road_node,,True,True
2858,572483.0,1827000.0,60440,0,0,1.5-2.0,1.75,44.45,road_node,,True,True
2859,691800.0,1879000.0,60609,0,0,4.0-6.0,5.0,127.0,road_node,,True,True
2860,691900.0,1876300.0,60609,0,0,4.0-6.0,5.0,127.0,road_node,,True,True
2861,691300.0,1884900.0,60616,0,0,4.0-6.0,5.0,127.0,road_node,,True,True
2862,609600.0,1905700.0,60126,0,0,2.0-3.0,2.5,63.5,road_node,,True,True
2863,691800.0,1884300.0,60616,0,0,4.0-6.0,5.0,127.0,road_node,,True,True
2864,691800.0,1881700.0,60609,0,0,4.0-6.0,5.0,127.0,road_node,,True,True
2865,535300.0,1870500.0,60563,0,0,0.5-1.0,0.75,19.05,road_node,,True,True
2866,558600.0,1872500.0,60532,0,0,2.0-3.0,2.5,63.5,road_node,,True,True
2867,607600.0,1906100.0,60126,0,0,2.0-3.0,2.5,63.5,road_node,,True,True
2868,515900.0,1831000.0,60503,0,0,0.5-1.0,0.75,19.05,road_node,,True,True
2869,515600.0,1837000.0,60503,0,0,0.5-1.0,0.75,19.05,road_node,,True,True
2870,688100.0,1898900.0,60661,0,0,4.0-6.0,5.0,127.0,road_node,,True,True
2871,519700.0,1831700.0,60503,0,0,0.5-1.0,0.75,19.05,road_node,,True,True
2872,688100.0,1899800.0,60661,0,0,4.0-6.0,5.0,127.0,road_node,,True,True
2873,688100.0,1900200.0,60661,0,0,4.0-6.0,5.0,127.0,road_node,,True,True
2874,688100.0,1900600.0,60661,0,0,4.0-6.0,5.0,127.0,road_node,,True,True
2875,688100.0,1901100.0,60661,0,0,4.0-6.0,5.0,127.0,road_node,,True,True
2876,692016.0,1873630.0,60609,0,0,3.0-4.0,3.5,88.9,road_node,,True,True
2877,632400.0,1872000.0,60513,0,0,4.0-6.0,5.0,127.0,road_node,,True,True
2878,589200.0,1838400.0,60561,0,0,2.0-3.0,2.5,63.5,road_node,,True,True
2879,589000.0,1840500.0,60561,0,0,2.0-3.0,2.5,63.5,road_node,,True,True
2880,534800.0,1836700.0,60564,0,0,0.5-1.0,0.75,19.05,road_node,,True,True
2881,601000.0,1820100.0,60439,0,0,3.0-4.0,3.5,88.9,road_node,,True,True
2882,598200.0,1845800.0,60561,0,0,3.0-4.0,3.5,88.9,road_node,,True,True
2883,598400.0,1843700.0,60561,0,0,4.0-6.0,5.0,127.0,road_node,,True,True
2884,606100.0,1849600.0,60527,0,0,4.0-6.0,5.0,127.0,road_node,,True,True
2885,606100.0,1847200.0,60527,0,0,4.0-6.0,5.0,127.0,road_node,,True,True
2886,534900.0,1831500.0,60564,0,0,0.5-1.0,0.75,19.05,road_node,,True,True
2887,643100.0,1840300.0,60457,0,0,3.0-4.0,3.5,88.9,road_node,,True,True
2888,644200.0,1840300.0,60457,0,0,3.0-4.0,3.5,88.9,road_node,,True,True
2889,526800.0,1839200.0,60503,0,0,0.5-1.0,0.75,19.05,road_node,,True,True
2890,617100.0,1900000.0,60163,0,0,2.0-3.0,2.5,63.5,road_node,,True,True
2891,571000.0,1902300.0,60137,0,0,2.0-3.0,2.5,63.5,road_node,,True,True
2892,571000.0,1897500.0,60137,0,0,1.5-2.0,1.75,44.45,road_node,,True,True
2893,545600.0,1829600.0,60490,0,0,0.5-1.0,0.75,19.05,road_node,,True,True
2894,632800.0,1850100.0,60458,0,0,4.0-6.0,5.0,127.0,road_node,,True,True
2895,697800.0,1879200.0,60653,0,0,3.0-4.0,3.5,88.9,road_node,,True,True
2896,698000.0,1871000.0,60615,0,0,3.0-4.0,3.5,88.9,road_node,,True,True
2897,582700.0,1896900.0,60148,0,0,2.0-3.0,2.5,63.5,road_node,,True,True
2898,698000.0,1865500.0,60637,0,0,2.0-3.0,2.5,63.5,road_node,,True,True
2899,595400.0,1887100.0,60523,0,0,2.0-3.0,2.5,63.5,road_node,,True,True
2900,559500.0,1896400.0,60187,0,0,1.5-2.0,1.75,44.45,road_node,,True,True
2901,558800.0,1893800.0,60187,0,0,1.0-1.5,1.25,31.75,road_node,,True,True
2902,469000.0,1811900.0,60560,0,0,1.0-1.5,1.25,31.75,road_node,,True,True
2903,560100.0,1893000.0,60187,0,0,1.5-2.0,1.75,44.45,road_node,,True,True
2904,560700.0,1893000.0,60187,0,0,1.5-2.0,1.75,44.45,road_node,,True,True
2905,562000.0,1893000.0,60187,0,0,1.5-2.0,1.75,44.45,road_node,,True,True
2906,564100.0,1893500.0,60187,0,0,1.5-2.0,1.75,44.45,road_node,,True,True
2907,549400.0,1909000.0,60188,0,0,1.0-1.5,1.25,31.75,road_node,,True,True
2908,533400.0,1900400.0,60185,0,0,0.5-1.0,0.75,19.05,road_node,,True,True
2909,496400.0,1817600.0,60543,0,0,1.0-1.5,1.25,31.75,road_node,,True,True
2910,537800.0,1899100.0,60185,0,0,0.5-1.0,0.75,19.05,road_node,,True,True
2911,540300.0,1899200.0,60190,0,0,0.5-1.0,0.75,19.05,road_node,,True,True
2912,535800.0,1906100.0,60185,0,0,1.0-1.5,1.25,31.75,road_node,,True,True
2913,720300.0,1835900.0,60617,0,0,4.0-6.0,5.0,127.0,road_node,,True,True
2914,543400.0,1851200.0,60540,0,0,0.5-1.0,0.75,19.05,road_node,,True,True
2915,662500.0,1819200.0,60803,0,0,2.0-3.0,2.5,63.5,road_node,,True,True
2916,662400.0,1821300.0,60803,0,0,2.0-3.0,2.5,63.5,road_node,,True,True
2917,725400.0,1808300.0,46320,0,0,3.0-4.0,3.5,88.9,road_node,,True,True
2918,723100.0,1808100.0,46320,0,0,3.0-4.0,3.5,88.9,road_node,,True,True
2919,517500.0,1815200.0,60585,0,0,0.5-1.0,0.75,19.05,road_node,,True,True
2920,725600.0,1789000.0,46324,0,0,2.0-3.0,2.5,63.5,road_node,,True,True
2921,725600.0,1787600.0,46324,0,0,2.0-3.0,2.5,63.5,road_node,,True,True
2922,733800.0,1787900.0,46324,0,0,2.0-3.0,2.5,63.5,road_node,,True,True
2923,733200.0,1789300.0,46324,0,0,2.0-3.0,2.5,63.5,road_node,,True,True
2924,738500.0,1787900.0,46323,0,0,1.5-2.0,1.75,44.45,road_node,,True,True
2925,738500.0,1789200.0,46323,0,0,1.5-2.0,1.75,44.45,road_node,,True,True
2926,746400.0,1786500.0,46323,0,0,1.0-1.5,1.25,31.75,road_node,,True,True
2927,746500.0,1787800.0,46323,0,0,1.0-1.5,1.25,31.75,road_node,,True,True
2928,754400.0,1786500.0,46404,0,0,0.5-1.0,0.75,19.05,road_node,,True,True
2929,754400.0,1787800.0,46404,0,0,0.5-1.0,0.75,19.05,road_node,,True,True
2937,550600.0,1859500.0,60540,0,0,0.5-1.0,0.75,19.05,road_node,,True,True
2938,528600.0,1863000.0,60519,0,0,0.5-1.0,0.75,19.05,road_node,,True,True
2943,517400.0,1820600.0,60585,0,0,0.5-1.0,0.75,19.05,road_node,,True,True
2944,528100.0,1815400.0,60585,0,0,0.5-1.0,0.75,19.05,road_node,,True,True
2949,535400.0,1815600.0,60585,0,0,0.5-1.0,0.75,19.05,road_node,,True,True
2965,546000.0,1815900.0,60490,0,0,0.5-1.0,0.75,19.05,road_node,,True,True
2969,566900.0,1818800.0,60446,0,0,0.5-1.0,0.75,19.05,road_node,,True,True
3005,546600.0,1852200.0,60540,0,0,0.5-1.0,0.75,19.05,road_node,,True,True
3010,535700.0,1805100.0,60544,0,0,1.0-1.5,1.25,31.75,road_node,,True,True
3032,529300.0,1855400.0,60504,0,0,0.5-1.0,0.75,19.05,road_node,,True,True
3052,539900.0,1794600.0,60544,0,0,2.0-3.0,2.5,63.5,road_node,,True,True
3087,530800.0,1858700.0,60519,0,0,0.5-1.0,0.75,19.05,road_node,,True,True
3088,583000.0,1958700.0,60173,0,0,2.0-3.0,2.5,63.5,road_node,,True,True
3094,582300.0,1959300.0,60173,0,0,2.0-3.0,2.5,63.5,road_node,,True,True
3099,582100.0,1959300.0,60173,0,0,2.0-3.0,2.5,63.5,road_node,,True,True
3114,581300.0,1958700.0,60173,0,0,2.0-3.0,2.5,63.5,road_node,,True,True
3115,529500.0,1850500.0,60504,0,0,0.5-1.0,0.75,19.05,road_node,,True,True
3119,587900.0,1881100.0,60515,0,0,2.0-3.0,2.5,63.5,road_node,,True,True
3124,540600.0,1864700.0,60563,0,0,0.5-1.0,0.75,19.05,road_node,,True,True
3132,583700.0,1886300.0,60148,0,0,2.0-3.0,2.5,63.5,road_node,,True,True
3154,593000.0,1886600.0,60523,0,0,2.0-3.0,2.5,63.5,road_node,,True,True
3164,605800.0,1874900.0,60521,0,0,1.5-2.0,1.75,44.45,road_node,,True,True
3168,601400.0,1892200.0,60181,0,0,1.5-2.0,1.75,44.45,road_node,,True,True
3176,602200.0,1885400.0,60523,0,0,1.5-2.0,1.75,44.45,road_node,,True,True
3183,605300.0,1874900.0,60514,0,0,1.5-2.0,1.75,44.45,road_node,,True,True
3187,606700.0,1874100.0,60521,0,0,1.5-2.0,1.75,44.45,road_node,,True,True
3193,604400.0,1873800.0,60514,0,0,1.5-2.0,1.75,44.45,road_node,,True,True
3197,603600.0,1873800.0,60514,0,0,1.5-2.0,1.75,44.45,road_node,,True,True
3206,606600.0,1865900.0,60514,0,0,2.0-3.0,2.5,63.5,road_node,,True,True
3208,604600.0,1865800.0,60514,0,0,2.0-3.0,2.5,63.5,road_node,,True,True
3210,605400.0,1864500.0,60514,0,0,2.0-3.0,2.5,63.5,road_node,,True,True
3211,603400.0,1852600.0,60527,0,0,2.0-3.0,2.5,63.5,road_node,,True,True
3213,606000.0,1852700.0,60527,0,0,3.0-4.0,3.5,88.9,road_node,,True,True
3216,531000.0,1855900.0,60504,0,0,0.5-1.0,0.75,19.05,road_node,,True,True
3222,601800.0,1885900.0,60523,0,0,1.5-2.0,1.75,44.45,road_node,,True,True
3226,610700.0,1871300.0,60521,0,0,1.5-2.0,1.75,44.45,road_node,,True,True
3245,699900.0,1838900.0,60628,0,0,3.0-4.0,3.5,88.9,road_node,,True,True
3246,700100.0,1839200.0,60628,0,0,3.0-4.0,3.5,88.9,road_node,,True,True
3252,605400.0,1913100.0,60126,0,0,2.0-3.0,2.5,63.5,road_node,,True,True
3254,473046.0,1986310.0,60136,0,0,1.5-2.0,1.75,44.45,road_node,,True,True
3259,473404.0,1986250.0,60136,0,0,1.5-2.0,1.75,44.45,road_node,,True,True
3261,473071.0,1986790.0,60136,0,0,1.5-2.0,1.75,44.45,road_node,,True,True
3273,473381.0,1986550.0,60136,0,0,1.5-2.0,1.75,44.45,road_node,,True,True
3277,586000.0,1925900.0,60143,0,0,2.0-3.0,2.5,63.5,road_node,,True,True
3308,586500.0,1926000.0,60143,0,0,3.0-4.0,3.5,88.9,road_node,,True,True
3311,648631.0,1936150.0,60630,0,0,4.0-6.0,5.0,127.0,road_node,,True,True
3315,648726.0,1936460.0,60630,0,0,4.0-6.0,5.0,127.0,road_node,,True,True
3317,601900.0,1892800.0,60181,0,0,1.5-2.0,1.75,44.45,road_node,,True,True
3327,455700.0,2017200.0,60180,0,0,0.5-1.0,0.75,19.05,road_node,,True,True
3328,457100.0,2022900.0,60180,0,0,,,,road_node,,True,False
3331,746400.0,1793300.0,46323,0,0,1.0-1.5,1.25,31.75,road_node,,True,True
3338,746500.0,1794400.0,46323,0,0,1.0-1.5,1.25,31.75,road_node,,True,True
3352,447900.0,2015200.0,60180,0,0,,,,road_node,,True,False
3353,455700.0,2012800.0,60180,0,0,0.5-1.0,0.75,19.05,road_node,,True,True
3354,461200.0,2009200.0,60142,0,0,0.5-1.0,0.75,19.05,road_node,,True,True
3357,746900.0,1793800.0,46323,0,0,1.0-1.5,1.25,31.75,road_node,,True,True
3361,745800.0,1793800.0,46323,0,0,1.0-1.5,1.25,31.75,road_node,,True,True
3370,445900.0,2006600.0,60180,0,0,,,,road_node,,True,False
3371,455700.0,2006500.0,60142,0,0,0.5-1.0,0.75,19.05,road_node,,True,True
3378,746200.0,1798400.0,46323,0,0,1.0-1.5,1.25,31.75,road_node,,True,True
3379,746600.0,1799500.0,46406,0,0,1.0-1.5,1.25,31.75,road_node,,True,True
3380,746900.0,1798800.0,46406,0,0,1.0-1.5,1.25,31.75,road_node,,True,True
3381,746000.0,1799100.0,46406,0,0,1.0-1.5,1.25,31.75,road_node,,True,True
3383,746700.0,1804800.0,46406,0,0,1.0-1.5,1.25,31.75,road_node,,True,True
3384,455700.0,2001300.0,60142,0,0,1.0-1.5,1.25,31.75,road_node,,True,True
3385,459600.0,2001400.0,60142,0,0,1.0-1.5,1.25,31.75,road_node,,True,True
3386,703300.0,1838000.0,60628,0,0,4.0-6.0,5.0,127.0,road_node,,True,True
3393,474400.0,1805700.0,60560,0,0,1.5-2.0,1.75,44.45,road_node,,True,True
3395,450000.0,1998300.0,60142,0,0,,,,road_node,,True,False
3396,459800.0,1996200.0,60142,0,0,1.5-2.0,1.75,44.45,road_node,,True,True
3397,704300.0,1838900.0,60628,0,0,4.0-6.0,5.0,127.0,road_node,,True,True
3398,703900.0,1837900.0,60628,0,0,4.0-6.0,5.0,127.0,road_node,,True,True
3401,747100.0,1805300.0,46406,0,0,1.0-1.5,1.25,31.75,road_node,,True,True
3403,746300.0,1805000.0,46406,0,0,1.0-1.5,1.25,31.75,road_node,,True,True
3407,588400.0,1994200.0,60074,0,0,1.0-1.5,1.25,31.75,road_node,,True,True
3411,462400.0,1991400.0,60142,0,0,1.5-2.0,1.75,44.45,road_node,,True,True
3413,588700.0,1994300.0,60074,0,0,1.0-1.5,1.25,31.75,road_node,,True,True
3422,538000.0,1893200.0,60190,0,0,0.5-1.0,0.75,19.05,road_node,,True,True
3433,538500.0,1892100.0,60190,0,0,0.5-1.0,0.75,19.05,road_node,,True,True
3435,537800.0,1891800.0,60190,0,0,0.5-1.0,0.75,19.05,road_node,,True,True
3450,537200.0,1892600.0,60190,0,0,0.5-1.0,0.75,19.05,road_node,,True,True
3452,609400.0,1893200.0,60162,0,0,1.5-2.0,1.75,44.45,road_node,,True,True
3459,610000.0,1892500.0,60162,0,0,2.0-3.0,2.5,63.5,road_node,,True,True
3462,609600.0,1892000.0,60162,0,0,2.0-3.0,2.5,63.5,road_node,,True,True
3465,609100.0,1892700.0,60162,0,0,1.5-2.0,1.75,44.45,road_node,,True,True
3472,569800.0,1870700.0,60532,0,0,2.0-3.0,2.5,63.5,road_node,,True,True
3475,570200.0,1870200.0,60532,0,0,2.0-3.0,2.5,63.5,road_node,,True,True
3479,569800.0,1869800.0,60532,0,0,2.0-3.0,2.5,63.5,road_node,,True,True
3481,704600.0,1838200.0,60617,0,0,4.0-6.0,5.0,127.0,road_node,,True,True
3482,703200.0,1836700.0,60628,0,0,4.0-6.0,5.0,127.0,road_node,,True,True
3483,569000.0,1869900.0,60532,0,0,2.0-3.0,2.5,63.5,road_node,,True,True
3485,704600.0,1836800.0,60617,0,0,4.0-6.0,5.0,127.0,road_node,,True,True
3486,703200.0,1835500.0,60628,0,0,4.0-6.0,5.0,127.0,road_node,,True,True
3488,601800.0,1929300.0,60106,0,0,3.0-4.0,3.5,88.9,road_node,,True,True
3490,470500.0,2022200.0,60142,0,0,,,,road_node,,True,False
3492,467800.0,2017000.0,60142,0,0,0.5-1.0,0.75,19.05,road_node,,True,True
3493,470500.0,2017000.0,60142,0,0,0.5-1.0,0.75,19.05,road_node,,True,True
3494,470500.0,2014400.0,60142,0,0,0.5-1.0,0.75,19.05,road_node,,True,True
3495,467800.0,2014300.0,60142,0,0,0.5-1.0,0.75,19.05,road_node,,True,True
3496,474500.0,2009200.0,60142,0,0,1.0-1.5,1.25,31.75,road_node,,True,True
3497,474500.0,2007300.0,60142,0,0,1.0-1.5,1.25,31.75,road_node,,True,True
3498,475700.0,2009100.0,60142,0,0,1.0-1.5,1.25,31.75,road_node,,True,True
3499,475800.0,2020900.0,60142,0,0,,,,road_node,,True,False
3504,602400.0,1928500.0,60106,0,0,3.0-4.0,3.5,88.9,road_node,,True,True
3506,601800.0,1927800.0,60106,0,0,3.0-4.0,3.5,88.9,road_node,,True,True
3514,601200.0,1928500.0,60106,0,0,3.0-4.0,3.5,88.9,road_node,,True,True
3524,592100.0,1876000.0,60515,0,0,2.0-3.0,2.5,63.5,road_node,,True,True
3530,597900.0,1897300.0,60181,0,0,1.5-2.0,1.75,44.45,road_node,,True,True
3538,482300.0,2022100.0,60156,0,0,,,,road_node,,True,False
3539,482400.0,2014500.0,60142,0,0,1.0-1.5,1.25,31.75,road_node,,True,True
3540,486300.0,2014500.0,60156,0,0,1.0-1.5,1.25,31.75,road_node,,True,True
3541,490300.0,2017100.0,60156,0,0,1.0-1.5,1.25,31.75,road_node,,True,True
3542,499100.0,2018000.0,60156,0,0,1.0-1.5,1.25,31.75,road_node,,True,True
3543,498400.0,2022300.0,60014,0,0,,,,road_node,,True,False
3544,486400.0,2011900.0,60156,0,0,1.5-2.0,1.75,44.45,road_node,,True,True
3545,490300.0,2011900.0,60156,0,0,2.0-3.0,2.5,63.5,road_node,,True,True
3546,492700.0,2011900.0,60156,0,0,2.0-3.0,2.5,63.5,road_node,,True,True
3547,510100.0,2015100.0,60102,0,0,1.0-1.5,1.25,31.75,road_node,,True,True
3548,481100.0,2009200.0,60142,0,0,1.5-2.0,1.75,44.45,road_node,,True,True
3549,486400.0,2009200.0,60156,0,0,2.0-3.0,2.5,63.5,road_node,,True,True
3550,491700.0,2006600.0,60156,0,0,2.0-3.0,2.5,63.5,road_node,,True,True
3551,592700.0,1894400.0,60181,0,0,2.0-3.0,2.5,63.5,road_node,,True,True
3552,467800.0,2003800.0,60142,0,0,0.5-1.0,0.75,19.05,road_node,,True,True
3553,476800.0,2003800.0,60142,0,0,1.0-1.5,1.25,31.75,road_node,,True,True
3554,466500.0,2003200.0,60142,0,0,0.5-1.0,0.75,19.05,road_node,,True,True
3555,466500.0,2003800.0,60142,0,0,0.5-1.0,0.75,19.05,road_node,,True,True
3556,466600.0,2004000.0,60142,0,0,0.5-1.0,0.75,19.05,road_node,,True,True
3557,467000.0,2003800.0,60142,0,0,0.5-1.0,0.75,19.05,road_node,,True,True
3558,463700.0,1997100.0,60142,0,0,1.0-1.5,1.25,31.75,road_node,,True,True
3559,473100.0,1998600.0,60142,0,0,1.5-2.0,1.75,44.45,road_node,,True,True
3560,484900.0,1998600.0,60142,0,0,2.0-3.0,2.5,63.5,road_node,,True,True
3561,490200.0,1996000.0,60136,0,0,2.0-3.0,2.5,63.5,road_node,,True,True
3562,588700.0,1894400.0,60148,0,0,2.0-3.0,2.5,63.5,road_node,,True,True
3567,586000.0,1886500.0,60148,0,0,2.0-3.0,2.5,63.5,road_node,,True,True
3568,536300.0,2022600.0,60013,0,0,,,,road_node,,True,False
3569,528400.0,2010900.0,60021,0,0,1.0-1.5,1.25,31.75,road_node,,True,True
3570,525900.0,2010400.0,60021,0,0,1.0-1.5,1.25,31.75,road_node,,True,True
3571,533600.0,2022500.0,60013,0,0,,,,road_node,,True,False
3572,586100.0,1894400.0,60148,0,0,2.0-3.0,2.5,63.5,road_node,,True,True
3573,583400.0,1894400.0,60148,0,0,2.0-3.0,2.5,63.5,road_node,,True,True
3575,585100.0,2000000.0,60074,0,0,1.0-1.5,1.25,31.75,road_node,,True,True
3576,548100.0,1998700.0,60010,0,0,1.5-2.0,1.75,44.45,road_node,,True,True
3582,602400.0,2014000.0,60069,0,0,1.0-1.5,1.25,31.75,road_node,,True,True
3583,703500.0,1835500.0,60628,0,0,4.0-6.0,5.0,127.0,road_node,,True,True
3584,568200.0,1896600.0,60137,0,0,1.5-2.0,1.75,44.45,road_node,,True,True
3585,565800.0,1896600.0,60187,0,0,1.5-2.0,1.75,44.45,road_node,,True,True
3586,600000.0,1999900.0,60089,0,0,1.5-2.0,1.75,44.45,road_node,,True,True
3588,633900.0,2003700.0,60015,0,0,2.0-3.0,2.5,63.5,road_node,,True,True
3589,638100.0,2005500.0,60035,0,0,2.0-3.0,2.5,63.5,road_node,,True,True
3590,645100.0,2008700.0,60035,0,0,2.0-3.0,2.5,63.5,road_node,,True,True
3591,561600.0,1896600.0,60187,0,0,1.5-2.0,1.75,44.45,road_node,,True,True
3599,560300.0,1896600.0,60187,0,0,1.5-2.0,1.75,44.45,road_node,,True,True
3601,546800.0,1901900.0,60190,0,0,0.5-1.0,0.75,19.05,road_node,,True,True
3602,445300.0,1993200.0,60140,0,0,,,,road_node,,True,False
3603,451900.0,1993200.0,60140,0,0,1.5-2.0,1.75,44.45,road_node,,True,True
3604,453500.0,1993200.0,60142,0,0,1.5-2.0,1.75,44.45,road_node,,True,True
3605,452600.0,1995300.0,60142,0,0,1.0-1.5,1.25,31.75,road_node,,True,True
3606,451400.0,1996700.0,60142,0,0,1.0-1.5,1.25,31.75,road_node,,True,True
3607,451000.0,1995600.0,60142,0,0,1.0-1.5,1.25,31.75,road_node,,True,True
3608,451300.0,1994900.0,60142,0,0,1.5-2.0,1.75,44.45,road_node,,True,True
3609,451400.0,1994700.0,60142,0,0,1.5-2.0,1.75,44.45,road_node,,True,True
3610,482100.0,1802300.0,60560,0,0,1.0-1.5,1.25,31.75,road_node,,True,True
3611,459700.0,1995800.0,60142,0,0,1.5-2.0,1.75,44.45,road_node,,True,True
3612,454500.0,1992100.0,60140,0,0,1.5-2.0,1.75,44.45,road_node,,True,True
3613,459800.0,1989200.0,60140,0,0,1.5-2.0,1.75,44.45,road_node,,True,True
3614,459700.0,1987100.0,60140,0,0,1.5-2.0,1.75,44.45,road_node,,True,True
3615,457100.0,1987300.0,60140,0,0,1.5-2.0,1.75,44.45,road_node,,True,True
3616,454400.0,1987800.0,60140,0,0,1.5-2.0,1.75,44.45,road_node,,True,True
3617,596900.0,1894400.0,60181,0,0,1.5-2.0,1.75,44.45,road_node,,True,True
3618,445300.0,1992100.0,60140,0,0,,,,road_node,,True,False
3626,604400.0,1897500.0,60181,0,0,1.5-2.0,1.75,44.45,road_node,,True,True
3631,607800.0,1897500.0,60126,0,0,1.5-2.0,1.75,44.45,road_node,,True,True
3639,587900.0,1875900.0,60515,0,0,2.0-3.0,2.5,63.5,road_node,,True,True
3640,446500.0,1981500.0,60140,0,0,,,,road_node,,True,False
3641,584200.0,1872700.0,60515,0,0,2.0-3.0,2.5,63.5,road_node,,True,True
3642,457100.0,1981200.0,60140,0,0,1.5-2.0,1.75,44.45,road_node,,True,True
3643,459800.0,1978600.0,60140,0,0,1.0-1.5,1.25,31.75,road_node,,True,True
3644,445200.0,1984100.0,60140,0,0,,,,road_node,,True,False
3645,451900.0,1984100.0,60140,0,0,1.5-2.0,1.75,44.45,road_node,,True,True
3646,457100.0,1983900.0,60140,0,0,1.5-2.0,1.75,44.45,road_node,,True,True
3649,494200.0,1799200.0,60560,0,0,0.5-1.0,0.75,19.05,road_node,,True,True
3650,495900.0,1799100.0,60560,0,0,0.5-1.0,0.75,19.05,road_node,,True,True
3651,446500.0,1974700.0,60140,0,0,,,,road_node,,True,False
3652,454500.0,1974700.0,60140,0,0,1.0-1.5,1.25,31.75,road_node,,True,True
3653,459800.0,1974700.0,60140,0,0,1.0-1.5,1.25,31.75,road_node,,True,True
3662,454500.0,1969400.0,60140,0,0,1.0-1.5,1.25,31.75,road_node,,True,True
3663,459800.0,1969600.0,60140,0,0,1.0-1.5,1.25,31.75,road_node,,True,True
3670,515400.0,1799700.0,60544,0,0,1.5-2.0,1.75,44.45,road_node,,True,True
3675,446600.0,1966900.0,60109,0,0,,,,road_node,,True,False
3676,518000.0,1799800.0,60544,0,0,1.5-2.0,1.75,44.45,road_node,,True,True
3677,452400.0,1966800.0,60140,0,0,1.5-2.0,1.75,44.45,road_node,,True,True
3687,552100.0,1868300.0,60563,0,0,1.0-1.5,1.25,31.75,road_node,,True,True
3693,588900.0,1873200.0,60515,0,0,2.0-3.0,2.5,63.5,road_node,,True,True
3694,594500.0,1873400.0,60559,0,0,2.0-3.0,2.5,63.5,road_node,,True,True
3695,452200.0,1962500.0,60140,0,0,,,,road_node,,True,False
3701,588900.0,1870600.0,60515,0,0,2.0-3.0,2.5,63.5,road_node,,True,True
3704,455600.0,1797300.0,60536,0,0,,,,road_node,,True,False
3710,452300.0,1960100.0,60109,0,0,,,,road_node,,True,False
3711,451300.0,1954600.0,60109,0,0,,,,road_node,,True,False
3712,455800.0,1949500.0,60109,0,0,2.0-3.0,2.5,63.5,road_node,,True,True
3713,457400.0,1946800.0,60109,0,0,2.0-3.0,2.5,63.5,road_node,,True,True
3716,553400.0,1857100.0,60540,0,0,0.5-1.0,0.75,19.05,road_node,,True,True
3723,594700.0,1870800.0,60559,0,0,2.0-3.0,2.5,63.5,road_node,,True,True
3725,449700.0,1946800.0,60109,0,0,,,,road_node,,True,False
3742,583300.0,1868400.0,60515,0,0,2.0-3.0,2.5,63.5,road_node,,True,True
3743,452500.0,1938700.0,60109,0,0,,,,road_node,,True,False
3744,452500.0,1936100.0,60109,0,0,,,,road_node,,True,False
3747,588800.0,1866900.0,60515,0,0,2.0-3.0,2.5,63.5,road_node,,True,True
3766,449700.0,1933500.0,60151,0,0,,,,road_node,,True,False
3767,463700.0,1991600.0,60142,0,0,1.5-2.0,1.75,44.45,road_node,,True,True
3768,466200.0,1990500.0,60142,0,0,1.5-2.0,1.75,44.45,road_node,,True,True
3769,469000.0,1990600.0,60142,0,0,2.0-3.0,2.5,63.5,road_node,,True,True
3770,473000.0,1994500.0,60142,0,0,1.5-2.0,1.75,44.45,road_node,,True,True
3771,473000.0,1995200.0,60142,0,0,1.5-2.0,1.75,44.45,road_node,,True,True
3772,465600.0,1982900.0,60140,0,0,1.5-2.0,1.75,44.45,road_node,,True,True
3773,466500.0,1982700.0,60140,0,0,1.5-2.0,1.75,44.45,road_node,,True,True
3774,469400.0,1982700.0,60136,0,0,1.5-2.0,1.75,44.45,road_node,,True,True
3775,473000.0,1982700.0,60136,0,0,1.5-2.0,1.75,44.45,road_node,,True,True
3776,479500.0,1980000.0,60136,0,0,1.5-2.0,1.75,44.45,road_node,,True,True
3777,467100.0,1980600.0,60140,0,0,1.5-2.0,1.75,44.45,road_node,,True,True
3778,486700.0,1979000.0,60136,0,0,1.5-2.0,1.75,44.45,road_node,,True,True
3779,515500.0,1990500.0,60110,0,0,2.0-3.0,2.5,63.5,road_node,,True,True
3780,515900.0,1978400.0,60118,0,0,1.5-2.0,1.75,44.45,road_node,,True,True
3781,465700.0,1974800.0,60140,0,0,1.0-1.5,1.25,31.75,road_node,,True,True
3782,465200.0,1973400.0,60140,0,0,1.0-1.5,1.25,31.75,road_node,,True,True
3783,464400.0,1967300.0,60140,0,0,1.0-1.5,1.25,31.75,road_node,,True,True
3784,474100.0,1965800.0,60124,0,0,1.0-1.5,1.25,31.75,road_node,,True,True
3785,478100.0,1967600.0,60136,0,0,1.0-1.5,1.25,31.75,road_node,,True,True
3786,479900.0,1970300.0,60136,0,0,1.5-2.0,1.75,44.45,road_node,,True,True
3787,482100.0,1976100.0,60136,0,0,1.5-2.0,1.75,44.45,road_node,,True,True
3788,481800.0,1967700.0,60136,0,0,1.5-2.0,1.75,44.45,road_node,,True,True
3789,486100.0,1972400.0,60136,0,0,1.5-2.0,1.75,44.45,road_node,,True,True
3790,488800.0,1970700.0,60136,0,0,1.5-2.0,1.75,44.45,road_node,,True,True
3791,515700.0,1979600.0,60118,0,0,1.5-2.0,1.75,44.45,road_node,,True,True
3792,516400.0,1953900.0,60120,0,0,0.5-1.0,0.75,19.05,road_node,,True,True
3793,513000.0,1950600.0,60123,0,0,0.5-1.0,0.75,19.05,road_node,,True,True
3794,513500.0,1950700.0,60123,0,0,0.5-1.0,0.75,19.05,road_node,,True,True
3795,513800.0,1950200.0,60123,0,0,0.5-1.0,0.75,19.05,road_node,,True,True
3796,513400.0,1950000.0,60123,0,0,0.5-1.0,0.75,19.05,road_node,,True,True
3797,504900.0,1951400.0,60123,0,0,1.0-1.5,1.25,31.75,road_node,,True,True
3798,505700.0,1951400.0,60123,0,0,1.0-1.5,1.25,31.75,road_node,,True,True
3799,506300.0,1950700.0,60123,0,0,1.0-1.5,1.25,31.75,road_node,,True,True
3800,505500.0,1950600.0,60123,0,0,1.0-1.5,1.25,31.75,road_node,,True,True
3801,505700.0,1954500.0,60123,0,0,1.0-1.5,1.25,31.75,road_node,,True,True
3802,459100.0,1960000.0,60140,0,0,1.5-2.0,1.75,44.45,road_node,,True,True
3803,460400.0,1960100.0,60140,0,0,1.5-2.0,1.75,44.45,road_node,,True,True
3804,594500.0,1870000.0,60559,0,0,2.0-3.0,2.5,63.5,road_node,,True,True
3805,473600.0,1960200.0,60124,0,0,1.5-2.0,1.75,44.45,road_node,,True,True
3806,487000.0,1958000.0,60124,0,0,1.0-1.5,1.25,31.75,road_node,,True,True
3807,488100.0,1958300.0,60124,0,0,1.0-1.5,1.25,31.75,road_node,,True,True
3808,459100.0,1954700.0,60140,0,0,1.5-2.0,1.75,44.45,road_node,,True,True
3809,464400.0,1954900.0,60124,0,0,1.5-2.0,1.75,44.45,road_node,,True,True
3810,473600.0,1953900.0,60124,0,0,1.0-1.5,1.25,31.75,road_node,,True,True
3811,476200.0,1953900.0,60124,0,0,1.0-1.5,1.25,31.75,road_node,,True,True
3812,473600.0,1952300.0,60124,0,0,1.0-1.5,1.25,31.75,road_node,,True,True
3813,476200.0,1952500.0,60124,0,0,1.0-1.5,1.25,31.75,road_node,,True,True
3814,583400.0,1864800.0,60515,0,0,3.0-4.0,3.5,88.9,road_node,,True,True
3815,476300.0,1949400.0,60124,0,0,1.0-1.5,1.25,31.75,road_node,,True,True
3816,459100.0,1949400.0,60109,0,0,1.5-2.0,1.75,44.45,road_node,,True,True
3817,460500.0,1949500.0,60109,0,0,1.5-2.0,1.75,44.45,road_node,,True,True
3818,464400.0,1949600.0,60124,0,0,1.5-2.0,1.75,44.45,road_node,,True,True
3819,467000.0,1949600.0,60124,0,0,1.5-2.0,1.75,44.45,road_node,,True,True
3820,472300.0,1949800.0,60124,0,0,1.0-1.5,1.25,31.75,road_node,,True,True
3821,467200.0,1941600.0,60124,0,0,1.5-2.0,1.75,44.45,road_node,,True,True
3822,472500.0,1941800.0,60124,0,0,1.0-1.5,1.25,31.75,road_node,,True,True
3823,473300.0,1941800.0,60124,0,0,1.0-1.5,1.25,31.75,road_node,,True,True
3824,476300.0,1947200.0,60124,0,0,1.0-1.5,1.25,31.75,road_node,,True,True
3825,462200.0,1938900.0,60124,0,0,2.0-3.0,2.5,63.5,road_node,,True,True
3826,462600.0,1938100.0,60124,0,0,2.0-3.0,2.5,63.5,road_node,,True,True
3827,460700.0,1936200.0,60175,0,0,2.0-3.0,2.5,63.5,road_node,,True,True
3828,460700.0,1933600.0,60175,0,0,2.0-3.0,2.5,63.5,road_node,,True,True
3829,467200.0,1938100.0,60124,0,0,2.0-3.0,2.5,63.5,road_node,,True,True
3830,471500.0,1937200.0,60124,0,0,1.5-2.0,1.75,44.45,road_node,,True,True
3831,512500.0,1940100.0,60177,0,0,0.5-1.0,0.75,19.05,road_node,,True,True
3832,589400.0,1865300.0,60559,0,0,2.0-3.0,2.5,63.5,road_node,,True,True
3833,553400.0,1995200.0,60010,0,0,1.5-2.0,1.75,44.45,road_node,,True,True
3834,558400.0,1866000.0,60532,0,0,1.0-1.5,1.25,31.75,road_node,,True,True
3835,560700.0,1861600.0,60532,0,0,1.0-1.5,1.25,31.75,road_node,,True,True
3836,595000.0,1862900.0,60559,0,0,2.0-3.0,2.5,63.5,road_node,,True,True
3837,547400.0,1989000.0,60010,0,0,1.0-1.5,1.25,31.75,road_node,,True,True
3838,553300.0,1989400.0,60010,0,0,1.0-1.5,1.25,31.75,road_node,,True,True
3839,573200.0,1986200.0,60067,0,0,2.0-3.0,2.5,63.5,road_node,,True,True
3840,582000.0,1864600.0,60515,0,0,3.0-4.0,3.5,88.9,road_node,,True,True
3841,583800.0,1985000.0,60074,0,0,1.5-2.0,1.75,44.45,road_node,,True,True
3842,595100.0,1860100.0,60559,0,0,2.0-3.0,2.5,63.5,road_node,,True,True
3843,585100.0,1982800.0,60074,0,0,2.0-3.0,2.5,63.5,road_node,,True,True
3844,586500.0,1991600.0,60074,0,0,1.5-2.0,1.75,44.45,road_node,,True,True
3845,558200.0,1852300.0,60540,0,0,0.5-1.0,0.75,19.05,road_node,,True,True
3846,589200.0,1992100.0,60074,0,0,1.5-2.0,1.75,44.45,road_node,,True,True
3847,587900.0,1993400.0,60074,0,0,1.5-2.0,1.75,44.45,road_node,,True,True
3848,589500.0,1984000.0,60004,0,0,2.0-3.0,2.5,63.5,road_node,,True,True
3849,590200.0,1982900.0,60004,0,0,2.0-3.0,2.5,63.5,road_node,,True,True
3850,589400.0,1982100.0,60004,0,0,2.0-3.0,2.5,63.5,road_node,,True,True
3851,588700.0,1982800.0,60004,0,0,2.0-3.0,2.5,63.5,road_node,,True,True
3852,586000.0,1979800.0,60008,0,0,2.0-3.0,2.5,63.5,road_node,,True,True
3853,585700.0,1978900.0,60008,0,0,2.0-3.0,2.5,63.5,road_node,,True,True
3854,585800.0,1979900.0,60008,0,0,2.0-3.0,2.5,63.5,road_node,,True,True
3855,584800.0,1979500.0,60008,0,0,2.0-3.0,2.5,63.5,road_node,,True,True
3856,583200.0,1977500.0,60008,0,0,2.0-3.0,2.5,63.5,road_node,,True,True
3857,571300.0,1982900.0,60067,0,0,2.0-3.0,2.5,63.5,road_node,,True,True
3858,540000.0,1858700.0,60540,0,0,0.5-1.0,0.75,19.05,road_node,,True,True
3859,573200.0,1981500.0,60067,0,0,3.0-4.0,3.5,88.9,road_node,,True,True
3860,575900.0,1981500.0,60067,0,0,3.0-4.0,3.5,88.9,road_node,,True,True
3861,578500.0,1980800.0,60067,0,0,3.0-4.0,3.5,88.9,road_node,,True,True
3862,573300.0,1977600.0,60067,0,0,3.0-4.0,3.5,88.9,road_node,,True,True
3863,575900.0,1977600.0,60067,0,0,3.0-4.0,3.5,88.9,road_node,,True,True
3864,581200.0,1977500.0,60008,0,0,2.0-3.0,2.5,63.5,road_node,,True,True
3865,573500.0,1970800.0,60195,0,0,2.0-3.0,2.5,63.5,road_node,,True,True
3866,575800.0,1970700.0,60008,0,0,2.0-3.0,2.5,63.5,road_node,,True,True
3867,548200.0,1972200.0,60192,0,0,1.5-2.0,1.75,44.45,road_node,,True,True
3868,548100.0,1977500.0,60192,0,0,1.5-2.0,1.75,44.45,road_node,,True,True
3869,546800.0,1980700.0,60192,0,0,1.5-2.0,1.75,44.45,road_node,,True,True
3870,546800.0,1982700.0,60192,0,0,1.0-1.5,1.25,31.75,road_node,,True,True
3871,550900.0,1859700.0,60540,0,0,0.5-1.0,0.75,19.05,road_node,,True,True
3872,563400.0,1960800.0,60169,0,0,1.0-1.5,1.25,31.75,road_node,,True,True
3873,555700.0,1860200.0,60540,0,0,0.5-1.0,0.75,19.05,road_node,,True,True
3874,565200.0,1952400.0,60194,0,0,1.5-2.0,1.75,44.45,road_node,,True,True
3875,555700.0,1857100.0,60540,0,0,0.5-1.0,0.75,19.05,road_node,,True,True
3876,555500.0,1951900.0,60194,0,0,1.0-1.5,1.25,31.75,road_node,,True,True
3877,558000.0,1949300.0,60194,0,0,1.0-1.5,1.25,31.75,road_node,,True,True
3878,526700.0,1959500.0,60120,0,0,0.5-1.0,0.75,19.05,road_node,,True,True
3879,537800.0,1958500.0,60107,0,0,0.5-1.0,0.75,19.05,road_node,,True,True
3880,526300.0,1953700.0,60120,0,0,0.5-1.0,0.75,19.05,road_node,,True,True
3881,585900.0,1862500.0,60516,0,0,2.0-3.0,2.5,63.5,road_node,,True,True
3882,542700.0,1947000.0,60107,0,0,0.5-1.0,0.75,19.05,road_node,,True,True
3883,588500.0,1862500.0,60516,0,0,2.0-3.0,2.5,63.5,road_node,,True,True
3884,592400.0,1862800.0,60559,0,0,2.0-3.0,2.5,63.5,road_node,,True,True
3885,601000.0,1865600.0,60514,0,0,2.0-3.0,2.5,63.5,road_node,,True,True
3886,549800.0,1938000.0,60133,0,0,1.0-1.5,1.25,31.75,road_node,,True,True
3887,610200.0,1993500.0,60090,0,0,2.0-3.0,2.5,63.5,road_node,,True,True
3888,618300.0,1998600.0,60015,0,0,2.0-3.0,2.5,63.5,road_node,,True,True
3889,601300.0,1860500.0,60559,0,0,2.0-3.0,2.5,63.5,road_node,,True,True
3890,648200.0,1981300.0,60093,0,0,2.0-3.0,2.5,63.5,road_node,,True,True
3891,650100.0,1981300.0,60093,0,0,2.0-3.0,2.5,63.5,road_node,,True,True
3892,651100.0,1981300.0,60093,0,0,2.0-3.0,2.5,63.5,road_node,,True,True
3893,608400.0,1863200.0,60521,0,0,2.0-3.0,2.5,63.5,road_node,,True,True
3894,601200.0,1972300.0,60056,0,0,2.0-3.0,2.5,63.5,road_node,,True,True
3895,602400.0,1972200.0,60056,0,0,2.0-3.0,2.5,63.5,road_node,,True,True
3896,611000.0,1863200.0,60521,0,0,2.0-3.0,2.5,63.5,road_node,,True,True
3897,602400.0,1969000.0,60056,0,0,2.0-3.0,2.5,63.5,road_node,,True,True
3898,601700.0,1969500.0,60056,0,0,2.0-3.0,2.5,63.5,road_node,,True,True
3899,611000.0,1862700.0,60521,0,0,2.0-3.0,2.5,63.5,road_node,,True,True
3900,610000.0,1969500.0,60056,0,0,2.0-3.0,2.5,63.5,road_node,,True,True
3901,610300.0,1974800.0,60070,0,0,2.0-3.0,2.5,63.5,road_node,,True,True
3902,613700.0,1862700.0,60521,0,0,2.0-3.0,2.5,63.5,road_node,,True,True
3903,598000.0,1855000.0,60561,0,0,2.0-3.0,2.5,63.5,road_node,,True,True
3904,643200.0,1965100.0,60025,0,0,2.0-3.0,2.5,63.5,road_node,,True,True
3905,645000.0,1965000.0,60029,0,0,2.0-3.0,2.5,63.5,road_node,,True,True
3906,603300.0,1855100.0,60527,0,0,2.0-3.0,2.5,63.5,road_node,,True,True
3907,648700.0,1963200.0,60029,0,0,2.0-3.0,2.5,63.5,road_node,,True,True
3908,582400.0,1851700.0,60517,0,0,2.0-3.0,2.5,63.5,road_node,,True,True
3909,582100.0,1859900.0,60516,0,0,3.0-4.0,3.5,88.9,road_node,,True,True
3910,598700.0,1961100.0,60005,0,0,2.0-3.0,2.5,63.5,road_node,,True,True
3911,597400.0,1961400.0,60005,0,0,2.0-3.0,2.5,63.5,road_node,,True,True
3912,556000.0,1847200.0,60565,0,0,0.5-1.0,0.75,19.05,road_node,,True,True
3913,558700.0,1847200.0,60565,0,0,0.5-1.0,0.75,19.05,road_node,,True,True
3914,558700.0,1838800.0,60565,0,0,0.5-1.0,0.75,19.05,road_node,,True,True
3915,604100.0,1956200.0,60056,0,0,3.0-4.0,3.5,88.9,road_node,,True,True
3916,610100.0,1895900.0,60162,0,0,2.0-3.0,2.5,63.5,road_node,,True,True
3917,609400.0,1956300.0,60056,0,0,3.0-4.0,3.5,88.9,road_node,,True,True
3918,604500.0,1900300.0,60126,0,0,2.0-3.0,2.5,63.5,road_node,,True,True
3919,607100.0,1900300.0,60126,0,0,2.0-3.0,2.5,63.5,road_node,,True,True
3920,609700.0,1900300.0,60126,0,0,2.0-3.0,2.5,63.5,road_node,,True,True
3921,619300.0,1955000.0,60016,0,0,2.0-3.0,2.5,63.5,road_node,,True,True
3922,620700.0,1958300.0,60016,0,0,2.0-3.0,2.5,63.5,road_node,,True,True
3923,619700.0,1956500.0,60016,0,0,2.0-3.0,2.5,63.5,road_node,,True,True
3924,601700.0,1909900.0,60126,0,0,2.0-3.0,2.5,63.5,road_node,,True,True
3925,626100.0,1956500.0,60016,0,0,2.0-3.0,2.5,63.5,road_node,,True,True
3926,626200.0,1955600.0,60016,0,0,2.0-3.0,2.5,63.5,road_node,,True,True
3927,628800.0,1952400.0,60068,0,0,3.0-4.0,3.5,88.9,road_node,,True,True
3928,607000.0,1909900.0,60126,0,0,2.0-3.0,2.5,63.5,road_node,,True,True
3929,628700.0,1957200.0,60016,0,0,2.0-3.0,2.5,63.5,road_node,,True,True
3930,633900.0,1948700.0,60068,0,0,3.0-4.0,3.5,88.9,road_node,,True,True
3931,639200.0,1941800.0,60631,0,0,3.0-4.0,3.5,88.9,road_node,,True,True
3932,597500.0,1913700.0,60101,0,0,2.0-3.0,2.5,63.5,road_node,,True,True
3933,612100.0,1949800.0,60018,0,0,3.0-4.0,3.5,88.9,road_node,,True,True
3934,592500.0,1917900.0,60101,0,0,2.0-3.0,2.5,63.5,road_node,,True,True
3935,592200.0,1918700.0,60101,0,0,2.0-3.0,2.5,63.5,road_node,,True,True
3936,557900.0,1912200.0,60188,0,0,1.5-2.0,1.75,44.45,road_node,,True,True
3937,604300.0,1946300.0,60007,0,0,3.0-4.0,3.5,88.9,road_node,,True,True
3938,601500.0,1943500.0,60007,0,0,3.0-4.0,3.5,88.9,road_node,,True,True
3939,563400.0,1912200.0,60139,0,0,2.0-3.0,2.5,63.5,road_node,,True,True
3940,569000.0,1912200.0,60139,0,0,2.0-3.0,2.5,63.5,road_node,,True,True
3941,604200.0,1927500.0,60106,0,0,3.0-4.0,3.5,88.9,road_node,,True,True
3943,596400.0,1932500.0,60191,0,0,3.0-4.0,3.5,88.9,road_node,,True,True
3944,599000.0,1932500.0,60191,0,0,3.0-4.0,3.5,88.9,road_node,,True,True
3945,655200.0,1977300.0,60093,0,0,2.0-3.0,2.5,63.5,road_node,,True,True
3946,653800.0,1980000.0,60093,0,0,2.0-3.0,2.5,63.5,road_node,,True,True
3947,654200.0,1991100.0,60022,0,0,2.0-3.0,2.5,63.5,road_node,,True,True
3948,670400.0,1969500.0,60201,0,0,3.0-4.0,3.5,88.9,road_node,,True,True
3949,673500.0,1969200.0,60201,0,0,3.0-4.0,3.5,88.9,road_node,,True,True
3950,601900.0,1932500.0,60106,0,0,3.0-4.0,3.5,88.9,road_node,,True,True
3951,673500.0,1972500.0,60043,0,0,3.0-4.0,3.5,88.9,road_node,,True,True
3952,673500.0,1972000.0,60043,0,0,3.0-4.0,3.5,88.9,road_node,,True,True
3953,673500.0,1968400.0,60201,0,0,3.0-4.0,3.5,88.9,road_node,,True,True
3954,673500.0,1966700.0,60201,0,0,3.0-4.0,3.5,88.9,road_node,,True,True
3955,672700.0,1966000.0,60201,0,0,3.0-4.0,3.5,88.9,road_node,,True,True
3956,607200.0,1932500.0,60666,0,0,2.0-3.0,2.5,63.5,road_node,,True,True
3957,663100.0,1963300.0,60203,0,0,3.0-4.0,3.5,88.9,road_node,,True,True
3958,664500.0,1964900.0,60203,0,0,4.0-6.0,5.0,127.0,road_node,,True,True
3959,598800.0,1915000.0,60101,0,0,2.0-3.0,2.5,63.5,road_node,,True,True
3960,669800.0,1964800.0,60201,0,0,4.0-6.0,5.0,127.0,road_node,,True,True
3961,673000.0,1964800.0,60201,0,0,3.0-4.0,3.5,88.9,road_node,,True,True
3962,675800.0,1964600.0,60201,0,0,4.0-6.0,5.0,127.0,road_node,,True,True
3963,600700.0,1914700.0,60126,0,0,2.0-3.0,2.5,63.5,road_node,,True,True
3964,678100.0,1964600.0,60201,0,0,,,,road_node,,True,False
3965,673700.0,1964500.0,60201,0,0,4.0-6.0,5.0,127.0,road_node,,True,True
3966,599600.0,1913700.0,60126,0,0,2.0-3.0,2.5,63.5,road_node,,True,True
3967,600600.0,1916300.0,60126,0,0,2.0-3.0,2.5,63.5,road_node,,True,True
3968,651400.0,1958000.0,60053,0,0,3.0-4.0,3.5,88.9,road_node,,True,True
3969,655900.0,1958000.0,60077,0,0,3.0-4.0,3.5,88.9,road_node,,True,True
3970,663100.0,1958000.0,60076,0,0,3.0-4.0,3.5,88.9,road_node,,True,True
3971,599900.0,1915500.0,60126,0,0,2.0-3.0,2.5,63.5,road_node,,True,True
3972,651300.0,1952600.0,60077,0,0,3.0-4.0,3.5,88.9,road_node,,True,True
3973,655900.0,1956400.0,60077,0,0,3.0-4.0,3.5,88.9,road_node,,True,True
3974,598800.0,1916300.0,60101,0,0,2.0-3.0,2.5,63.5,road_node,,True,True
3975,663100.0,1955300.0,60076,0,0,4.0-6.0,5.0,127.0,road_node,,True,True
3976,663100.0,1952700.0,60076,0,0,4.0-6.0,5.0,127.0,road_node,,True,True
3977,663000.0,1950000.0,60712,0,0,4.0-6.0,5.0,127.0,road_node,,True,True
3978,663000.0,1947300.0,60712,0,0,4.0-6.0,5.0,127.0,road_node,,True,True
3979,662900.0,1945700.0,60712,0,0,4.0-6.0,5.0,127.0,road_node,,True,True
3980,599600.0,1917400.0,60101,0,0,2.0-3.0,2.5,63.5,road_node,,True,True
3981,652900.0,1945400.0,60646,0,0,3.0-4.0,3.5,88.9,road_node,,True,True
3982,601300.0,1890200.0,60523,0,0,1.5-2.0,1.75,44.45,road_node,,True,True
3983,672400.0,1937000.0,60625,0,0,4.0-6.0,5.0,127.0,road_node,,True,True
3984,680300.0,1938500.0,60660,0,0,4.0-6.0,5.0,127.0,road_node,,True,True
3985,664400.0,1966900.0,60091,0,0,4.0-6.0,5.0,127.0,road_node,,True,True
3986,680600.0,1937200.0,60640,0,0,4.0-6.0,5.0,127.0,road_node,,True,True
3987,654900.0,1950000.0,60077,0,0,3.0-4.0,3.5,88.9,road_node,,True,True
3988,655600.0,1949000.0,60077,0,0,3.0-4.0,3.5,88.9,road_node,,True,True
3989,653200.0,1951600.0,60077,0,0,3.0-4.0,3.5,88.9,road_node,,True,True
3990,577400.0,1870800.0,60515,0,0,2.0-3.0,2.5,63.5,road_node,,True,True
3991,602300.0,1889800.0,60523,0,0,2.0-3.0,2.5,63.5,road_node,,True,True
3992,705000.0,1782200.0,60476,0,0,2.0-3.0,2.5,63.5,road_node,,True,True
3993,602900.0,1891100.0,60523,0,0,1.5-2.0,1.75,44.45,road_node,,True,True
3994,603200.0,1891500.0,60523,0,0,1.5-2.0,1.75,44.45,road_node,,True,True
3995,604700.0,1892300.0,60523,0,0,1.5-2.0,1.75,44.45,road_node,,True,True
3996,715200.0,1803300.0,60409,0,0,3.0-4.0,3.5,88.9,road_node,,True,True
3997,603400.0,1892400.0,60181,0,0,1.5-2.0,1.75,44.45,road_node,,True,True
3998,604300.0,1893300.0,60181,0,0,1.5-2.0,1.75,44.45,road_node,,True,True
3999,576900.0,1867100.0,60532,0,0,2.0-3.0,2.5,63.5,road_node,,True,True
4003,583100.0,1872700.0,60515,0,0,2.0-3.0,2.5,63.5,road_node,,True,True
4005,452500.0,1925700.0,60151,0,0,,,,road_node,,True,False
4006,444500.0,1926600.0,60151,0,0,,,,road_node,,True,False
4008,661100.0,1865500.0,60638,0,0,4.0-6.0,5.0,127.0,road_node,,True,True
4010,583200.0,1869600.0,60515,0,0,2.0-3.0,2.5,63.5,road_node,,True,True
4011,593300.0,1949100.0,60007,0,0,3.0-4.0,3.5,88.9,road_node,,True,True
4012,576900.0,1864200.0,60532,0,0,2.0-3.0,2.5,63.5,road_node,,True,True
4017,444500.0,1922100.0,60151,0,0,,,,road_node,,True,False
4019,580700.0,1862500.0,60516,0,0,3.0-4.0,3.5,88.9,road_node,,True,True
4021,582100.0,1862700.0,60516,0,0,3.0-4.0,3.5,88.9,road_node,,True,True
4030,602100.0,1881800.0,60523,0,0,1.5-2.0,1.75,44.45,road_node,,True,True
4031,454000.0,1914700.0,60151,0,0,,,,road_node,,True,False
4032,580700.0,1867100.0,60515,0,0,2.0-3.0,2.5,63.5,road_node,,True,True
4033,583700.0,1867600.0,60515,0,0,2.0-3.0,2.5,63.5,road_node,,True,True
4036,581100.0,1881700.0,60515,0,0,1.5-2.0,1.75,44.45,road_node,,True,True
4038,604200.0,1881700.0,60523,0,0,1.5-2.0,1.75,44.45,road_node,,True,True
4047,453900.0,1906100.0,60119,0,0,,,,road_node,,True,False
4048,586800.0,1878000.0,60515,0,0,2.0-3.0,2.5,63.5,road_node,,True,True
4049,603900.0,1880300.0,60523,0,0,1.5-2.0,1.75,44.45,road_node,,True,True
4050,602800.0,1882200.0,60523,0,0,1.5-2.0,1.75,44.45,road_node,,True,True
4051,686600.0,1905500.0,60642,0,0,4.0-6.0,5.0,127.0,road_node,,True,True
4052,689400.0,1905600.0,60654,0,0,4.0-6.0,5.0,127.0,road_node,,True,True
4053,690200.0,1905700.0,60610,0,0,4.0-6.0,5.0,127.0,road_node,,True,True
4056,691400.0,1905700.0,60610,0,0,4.0-6.0,5.0,127.0,road_node,,True,True
4061,691800.0,1905700.0,60610,0,0,4.0-6.0,5.0,127.0,road_node,,True,True
4062,449800.0,1899200.0,60119,0,0,,,,road_node,,True,False
4063,692900.0,1905700.0,60611,0,0,4.0-6.0,5.0,127.0,road_node,,True,True
4064,695272.0,1905382.0,60611,0,0,4.0-6.0,5.0,127.0,road_node,,True,True
4065,692900.0,1904800.0,60611,0,0,4.0-6.0,5.0,127.0,road_node,,True,True
4066,695300.0,1904900.0,60611,0,0,4.0-6.0,5.0,127.0,road_node,,True,True
4068,689500.0,1903700.0,60654,0,0,4.0-6.0,5.0,127.0,road_node,,True,True
4070,456400.0,1899200.0,60119,0,0,1.5-2.0,1.75,44.45,road_node,,True,True
4073,493000.0,1858700.0,60506,0,0,0.5-1.0,0.75,19.05,road_node,,True,True
4074,690300.0,1903800.0,60654,0,0,4.0-6.0,5.0,127.0,road_node,,True,True
4076,691500.0,1903800.0,60654,0,0,4.0-6.0,5.0,127.0,road_node,,True,True
4077,691900.0,1903800.0,60654,0,0,4.0-6.0,5.0,127.0,road_node,,True,True
4081,692900.0,1904200.0,60611,0,0,4.0-6.0,5.0,127.0,road_node,,True,True
4084,584500.0,1917000.0,60101,0,0,2.0-3.0,2.5,63.5,road_node,,True,True
4085,583800.0,1913200.0,60101,0,0,2.0-3.0,2.5,63.5,road_node,,True,True
4086,695700.0,1904400.0,60611,0,0,4.0-6.0,5.0,127.0,road_node,,True,True
4087,583200.0,1907800.0,60101,0,0,2.0-3.0,2.5,63.5,road_node,,True,True
4088,695300.0,1904600.0,60611,0,0,4.0-6.0,5.0,127.0,road_node,,True,True
4091,590200.0,1876000.0,60515,0,0,2.0-3.0,2.5,63.5,road_node,,True,True
4100,696700.0,1903800.0,60611,0,0,,,,road_node,,True,False
4101,457500.0,1884600.0,60119,0,0,1.5-2.0,1.75,44.45,road_node,,True,True
4102,457500.0,1888600.0,60119,0,0,1.5-2.0,1.75,44.45,road_node,,True,True
4103,457200.0,1891700.0,60119,0,0,1.5-2.0,1.75,44.45,road_node,,True,True
4114,447000.0,1872600.0,60144,0,0,,,,road_node,,True,False
4115,453600.0,1877700.0,60144,0,0,,,,road_node,,True,False
4116,457500.0,1877700.0,60144,0,0,2.0-3.0,2.5,63.5,road_node,,True,True
4117,457400.0,1875200.0,60144,0,0,2.0-3.0,2.5,63.5,road_node,,True,True
4118,590200.0,1873500.0,60515,0,0,2.0-3.0,2.5,63.5,road_node,,True,True
4125,447000.0,1867400.0,60511,0,0,,,,road_node,,True,False
4126,457400.0,1867700.0,60554,0,0,1.0-1.5,1.25,31.75,road_node,,True,True
4128,447000.0,1862100.0,60511,0,0,,,,road_node,,True,False
4129,457400.0,1862100.0,60554,0,0,1.5-2.0,1.75,44.45,road_node,,True,True
4136,686700.0,1901700.0,60607,0,0,4.0-6.0,5.0,127.0,road_node,,True,True
4138,688900.0,1901600.0,60606,0,0,4.0-6.0,5.0,127.0,road_node,,True,True
4139,450200.0,1856700.0,60511,0,0,,,,road_node,,True,False
4140,457400.0,1856400.0,60554,0,0,2.0-3.0,2.5,63.5,road_node,,True,True
4142,461300.0,1800500.0,60560,0,0,0.5-1.0,0.75,19.05,road_node,,True,True
4151,689600.0,1901700.0,60606,0,0,4.0-6.0,5.0,127.0,road_node,,True,True
4154,690000.0,1902100.0,60606,0,0,4.0-6.0,5.0,127.0,road_node,,True,True
4156,452600.0,1855400.0,60511,0,0,,,,road_node,,True,False
4165,690000.0,1901700.0,60606,0,0,4.0-6.0,5.0,127.0,road_node,,True,True
4172,457400.0,1848900.0,60554,0,0,,,,road_node,,True,False
4174,457400.0,1845800.0,60554,0,0,,,,road_node,,True,False
4182,690400.0,1902100.0,60606,0,0,4.0-6.0,5.0,127.0,road_node,,True,True
4187,463900.0,1802800.0,60560,0,0,0.5-1.0,0.75,19.05,road_node,,True,True
4189,457600.0,1829600.0,60545,0,0,,,,road_node,,True,False
4190,457700.0,1824400.0,60545,0,0,,,,road_node,,True,False
4191,457700.0,1819300.0,60545,0,0,,,,road_node,,True,False
4192,690400.0,1901700.0,60606,0,0,4.0-6.0,5.0,127.0,road_node,,True,True
4199,690800.0,1902100.0,60601,0,0,4.0-6.0,5.0,127.0,road_node,,True,True
4204,690800.0,1901700.0,60601,0,0,4.0-6.0,5.0,127.0,road_node,,True,True
4208,691200.0,1902100.0,60601,0,0,4.0-6.0,5.0,127.0,road_node,,True,True
4210,691200.0,1901700.0,60601,0,0,4.0-6.0,5.0,127.0,road_node,,True,True
4216,457800.0,1812800.0,60545,0,0,,,,road_node,,True,False
4217,692000.0,1902100.0,60601,0,0,4.0-6.0,5.0,127.0,road_node,,True,True
4218,467000.0,1799900.0,60560,0,0,0.5-1.0,0.75,19.05,road_node,,True,True
4226,692000.0,1901700.0,60601,0,0,4.0-6.0,5.0,127.0,road_node,,True,True
4227,460800.0,1870900.0,60554,0,0,1.5-2.0,1.75,44.45,road_node,,True,True
4228,465200.0,1866700.0,60554,0,0,1.0-1.5,1.25,31.75,road_node,,True,True
4229,465200.0,1872600.0,60554,0,0,1.5-2.0,1.75,44.45,road_node,,True,True
4230,472800.0,1866700.0,60554,0,0,1.0-1.5,1.25,31.75,road_node,,True,True
4231,473600.0,1869100.0,60554,0,0,1.0-1.5,1.25,31.75,road_node,,True,True
4232,479500.0,1869200.0,60554,0,0,0.5-1.0,0.75,19.05,road_node,,True,True
4233,498800.0,1862500.0,60506,0,0,1.0-1.5,1.25,31.75,road_node,,True,True
4234,504300.0,1863000.0,60505,0,0,0.5-1.0,0.75,19.05,road_node,,True,True
4235,692400.0,1902100.0,60601,0,0,4.0-6.0,5.0,127.0,road_node,,True,True
4236,507700.0,1863100.0,60505,0,0,0.5-1.0,0.75,19.05,road_node,,True,True
4237,510100.0,1863100.0,60505,0,0,0.5-1.0,0.75,19.05,road_node,,True,True
4238,514100.0,1863200.0,60502,0,0,1.0-1.5,1.25,31.75,road_node,,True,True
4239,498400.0,1858800.0,60506,0,0,1.0-1.5,1.25,31.75,road_node,,True,True
4240,692400.0,1901700.0,60601,0,0,4.0-6.0,5.0,127.0,road_node,,True,True
4241,480000.0,1858000.0,60506,0,0,0.5-1.0,0.75,19.05,road_node,,True,True
4242,463200.0,1849000.0,60554,0,0,1.5-2.0,1.75,44.45,road_node,,True,True
4243,692900.0,1902600.0,60601,0,0,4.0-6.0,5.0,127.0,road_node,,True,True
4244,479600.0,1854200.0,60506,0,0,1.0-1.5,1.25,31.75,road_node,,True,True
4245,459600.0,1845700.0,60512,0,0,1.0-1.5,1.25,31.75,road_node,,True,True
4246,462200.0,1845800.0,60512,0,0,1.0-1.5,1.25,31.75,road_node,,True,True
4247,475200.0,1844400.0,60512,0,0,0.5-1.0,0.75,19.05,road_node,,True,True
4248,458500.0,1841000.0,60512,0,0,1.0-1.5,1.25,31.75,road_node,,True,True
4249,462200.0,1841000.0,60512,0,0,1.0-1.5,1.25,31.75,road_node,,True,True
4250,475100.0,1841500.0,60512,0,0,1.0-1.5,1.25,31.75,road_node,,True,True
4251,476300.0,1841500.0,60512,0,0,0.5-1.0,0.75,19.05,road_node,,True,True
4252,457900.0,1838300.0,60512,0,0,,,,road_node,,True,False
4253,458700.0,1838100.0,60512,0,0,1.0-1.5,1.25,31.75,road_node,,True,True
4254,463100.0,1837200.0,60512,0,0,1.0-1.5,1.25,31.75,road_node,,True,True
4255,475900.0,1833200.0,60512,0,0,0.5-1.0,0.75,19.05,road_node,,True,True
4256,476600.0,1833000.0,60512,0,0,0.5-1.0,0.75,19.05,road_node,,True,True
4257,505200.0,1833500.0,60543,0,0,0.5-1.0,0.75,19.05,road_node,,True,True
4258,505600.0,1833900.0,60543,0,0,0.5-1.0,0.75,19.05,road_node,,True,True
4259,462000.0,1829800.0,60512,0,0,1.5-2.0,1.75,44.45,road_node,,True,True
4260,686800.0,1901100.0,60661,0,0,4.0-6.0,5.0,127.0,road_node,,True,True
4261,474100.0,1828000.0,60512,0,0,1.0-1.5,1.25,31.75,road_node,,True,True
4262,478700.0,1825700.0,60512,0,0,1.0-1.5,1.25,31.75,road_node,,True,True
4263,505300.0,1829800.0,60543,0,0,1.0-1.5,1.25,31.75,road_node,,True,True
4264,506500.0,1829900.0,60543,0,0,0.5-1.0,0.75,19.05,road_node,,True,True
4265,462100.0,1823700.0,60512,0,0,1.5-2.0,1.75,44.45,road_node,,True,True
4266,467400.0,1822800.0,60512,0,0,1.0-1.5,1.25,31.75,road_node,,True,True
4267,469800.0,1824000.0,60512,0,0,1.0-1.5,1.25,31.75,road_node,,True,True
4268,470400.0,1821700.0,60512,0,0,1.0-1.5,1.25,31.75,road_node,,True,True
4269,465600.0,1818700.0,60512,0,0,1.0-1.5,1.25,31.75,road_node,,True,True
4270,688900.0,1901100.0,60606,0,0,4.0-6.0,5.0,127.0,road_node,,True,True
4271,468900.0,1811100.0,60560,0,0,1.0-1.5,1.25,31.75,road_node,,True,True
4272,468500.0,1809800.0,60560,0,0,1.0-1.5,1.25,31.75,road_node,,True,True
4273,487900.0,1823000.0,60543,0,0,0.5-1.0,0.75,19.05,road_node,,True,True
4274,485100.0,1811400.0,60560,0,0,1.0-1.5,1.25,31.75,road_node,,True,True
4275,479400.0,1808900.0,60560,0,0,1.5-2.0,1.75,44.45,road_node,,True,True
4276,482500.0,1807600.0,60560,0,0,1.5-2.0,1.75,44.45,road_node,,True,True
4277,496700.0,1812400.0,60543,0,0,1.0-1.5,1.25,31.75,road_node,,True,True
4278,499300.0,1807300.0,60543,0,0,0.5-1.0,0.75,19.05,road_node,,True,True
4279,504700.0,1807300.0,60543,0,0,1.0-1.5,1.25,31.75,road_node,,True,True
4280,513200.0,1810200.0,60543,0,0,0.5-1.0,0.75,19.05,road_node,,True,True
4281,470200.0,1801400.0,60560,0,0,0.5-1.0,0.75,19.05,road_node,,True,True
4282,517700.0,1809900.0,60585,0,0,0.5-1.0,0.75,19.05,road_node,,True,True
4283,689600.0,1901200.0,60606,0,0,4.0-6.0,5.0,127.0,road_node,,True,True
4284,497800.0,1822900.0,60543,0,0,0.5-1.0,0.75,19.05,road_node,,True,True
4285,506700.0,1823000.0,60543,0,0,1.0-1.5,1.25,31.75,road_node,,True,True
4286,513300.0,1823200.0,60543,0,0,0.5-1.0,0.75,19.05,road_node,,True,True
4287,690000.0,1901200.0,60606,0,0,4.0-6.0,5.0,127.0,road_node,,True,True
4288,517300.0,1825900.0,60503,0,0,0.5-1.0,0.75,19.05,road_node,,True,True
4289,502200.0,1817700.0,60543,0,0,0.5-1.0,0.75,19.05,road_node,,True,True
4290,506900.0,1817800.0,60543,0,0,0.5-1.0,0.75,19.05,road_node,,True,True
4291,504500.0,1815000.0,60543,0,0,0.5-1.0,0.75,19.05,road_node,,True,True
4292,506900.0,1815100.0,60543,0,0,0.5-1.0,0.75,19.05,road_node,,True,True
4293,517500.0,1817900.0,60585,0,0,0.5-1.0,0.75,19.05,road_node,,True,True
4294,507000.0,1813000.0,60543,0,0,0.5-1.0,0.75,19.05,road_node,,True,True
4295,691800.0,1907200.0,60610,0,0,4.0-6.0,5.0,127.0,road_node,,True,True
4296,690400.0,1901200.0,60606,0,0,4.0-6.0,5.0,127.0,road_node,,True,True
4297,695000.0,1904800.0,60611,0,0,4.0-6.0,5.0,127.0,road_node,,True,True
4298,692900.0,1904500.0,60611,0,0,4.0-6.0,5.0,127.0,road_node,,True,True
4299,692300.0,1904400.0,60611,0,0,4.0-6.0,5.0,127.0,road_node,,True,True
4300,691900.0,1904400.0,60654,0,0,4.0-6.0,5.0,127.0,road_node,,True,True
4301,691500.0,1904400.0,60654,0,0,4.0-6.0,5.0,127.0,road_node,,True,True
4302,691100.0,1904400.0,60654,0,0,4.0-6.0,5.0,127.0,road_node,,True,True
4303,690700.0,1904400.0,60654,0,0,4.0-6.0,5.0,127.0,road_node,,True,True
4304,690300.0,1904400.0,60654,0,0,4.0-6.0,5.0,127.0,road_node,,True,True
4305,684600.0,1905300.0,60642,0,0,4.0-6.0,5.0,127.0,road_node,,True,True
4306,692400.0,1902300.0,60601,0,0,4.0-6.0,5.0,127.0,road_node,,True,True
4307,687500.0,1901600.0,60661,0,0,4.0-6.0,5.0,127.0,road_node,,True,True
4308,687600.0,1901100.0,60661,0,0,4.0-6.0,5.0,127.0,road_node,,True,True
4309,686900.0,1901100.0,60661,0,0,4.0-6.0,5.0,127.0,road_node,,True,True
4310,687000.0,1900700.0,60661,0,0,4.0-6.0,5.0,127.0,road_node,,True,True
4311,687600.0,1900600.0,60661,0,0,4.0-6.0,5.0,127.0,road_node,,True,True
4312,687000.0,1900200.0,60661,0,0,4.0-6.0,5.0,127.0,road_node,,True,True
4313,687600.0,1900200.0,60661,0,0,4.0-6.0,5.0,127.0,road_node,,True,True
4314,687000.0,1899800.0,60661,0,0,4.0-6.0,5.0,127.0,road_node,,True,True
4315,687600.0,1899800.0,60661,0,0,4.0-6.0,5.0,127.0,road_node,,True,True
4316,687200.0,1899500.0,60661,0,0,4.0-6.0,5.0,127.0,road_node,,True,True
4317,687000.0,1899300.0,60661,0,0,4.0-6.0,5.0,127.0,road_node,,True,True
4318,687600.0,1899300.0,60661,0,0,4.0-6.0,5.0,127.0,road_node,,True,True
4319,687400.0,1899600.0,60661,0,0,4.0-6.0,5.0,127.0,road_node,,True,True
4320,687200.0,1899100.0,60661,0,0,4.0-6.0,5.0,127.0,road_node,,True,True
4321,687000.0,1898900.0,60661,0,0,4.0-6.0,5.0,127.0,road_node,,True,True
4322,687600.0,1898900.0,60661,0,0,4.0-6.0,5.0,127.0,road_node,,True,True
4323,687400.0,1899100.0,60661,0,0,4.0-6.0,5.0,127.0,road_node,,True,True
4324,687700.0,1898500.0,60661,0,0,4.0-6.0,5.0,127.0,road_node,,True,True
4325,686800.0,1898400.0,60607,0,0,4.0-6.0,5.0,127.0,road_node,,True,True
4326,685500.0,1898400.0,60607,0,0,4.0-6.0,5.0,127.0,road_node,,True,True
4327,684100.0,1900100.0,60607,0,0,4.0-6.0,5.0,127.0,road_node,,True,True
4328,684100.0,1899600.0,60607,0,0,4.0-6.0,5.0,127.0,road_node,,True,True
4329,684200.0,1895700.0,60607,0,0,4.0-6.0,5.0,127.0,road_node,,True,True
4330,680900.0,1897700.0,60612,0,0,4.0-6.0,5.0,127.0,road_node,,True,True
4331,678800.0,1898200.0,60612,0,0,4.0-6.0,5.0,127.0,road_node,,True,True
4332,680800.0,1898200.0,60612,0,0,4.0-6.0,5.0,127.0,road_node,,True,True
4333,679600.0,1897600.0,60612,0,0,4.0-6.0,5.0,127.0,road_node,,True,True
4334,680100.0,1898200.0,60612,0,0,4.0-6.0,5.0,127.0,road_node,,True,True
4335,687700.0,1897500.0,60607,0,0,4.0-6.0,5.0,127.0,road_node,,True,True
4336,687700.0,1896800.0,60607,0,0,4.0-6.0,5.0,127.0,road_node,,True,True
4337,688200.0,1894900.0,60607,0,0,4.0-6.0,5.0,127.0,road_node,,True,True
4338,688200.0,1895800.0,60607,0,0,4.0-6.0,5.0,127.0,road_node,,True,True
4339,688100.0,1896800.0,60607,0,0,4.0-6.0,5.0,127.0,road_node,,True,True
4340,688100.0,1897500.0,60607,0,0,4.0-6.0,5.0,127.0,road_node,,True,True
4341,688100.0,1898500.0,60661,0,0,4.0-6.0,5.0,127.0,road_node,,True,True
4342,689000.0,1898400.0,60607,0,0,4.0-6.0,5.0,127.0,road_node,,True,True
4343,689000.0,1897600.0,60607,0,0,4.0-6.0,5.0,127.0,road_node,,True,True
4344,689000.0,1896800.0,60607,0,0,4.0-6.0,5.0,127.0,road_node,,True,True
4345,687500.0,1902800.0,60661,0,0,4.0-6.0,5.0,127.0,road_node,,True,True
4346,688700.0,1891300.0,60616,0,0,4.0-6.0,5.0,127.0,road_node,,True,True
4347,691200.0,1901200.0,60602,0,0,4.0-6.0,5.0,127.0,road_node,,True,True
4348,690900.0,1888000.0,60616,0,0,4.0-6.0,5.0,127.0,road_node,,True,True
4349,692000.0,1900700.0,60602,0,0,4.0-6.0,5.0,127.0,road_node,,True,True
4350,691200.0,1888100.0,60616,0,0,4.0-6.0,5.0,127.0,road_node,,True,True
4351,691600.0,1887800.0,60616,0,0,4.0-6.0,5.0,127.0,road_node,,True,True
4352,691000.0,1887500.0,60616,0,0,4.0-6.0,5.0,127.0,road_node,,True,True
4353,691400.0,1887300.0,60616,0,0,4.0-6.0,5.0,127.0,road_node,,True,True
4354,694300.0,1887900.0,60616,0,0,4.0-6.0,5.0,127.0,road_node,,True,True
4355,694200.0,1888100.0,60616,0,0,4.0-6.0,5.0,127.0,road_node,,True,True
4356,695000.0,1887700.0,60616,0,0,4.0-6.0,5.0,127.0,road_node,,True,True
4357,695000.0,1888300.0,60616,0,0,4.0-6.0,5.0,127.0,road_node,,True,True
4358,695900.0,1887900.0,60616,0,0,4.0-6.0,5.0,127.0,road_node,,True,True
4359,695800.0,1888100.0,60616,0,0,4.0-6.0,5.0,127.0,road_node,,True,True
4360,696600.0,1887600.0,60616,0,0,4.0-6.0,5.0,127.0,road_node,,True,True
4361,696000.0,1888700.0,60616,0,0,4.0-6.0,5.0,127.0,road_node,,True,True
4362,695300.0,1889300.0,60616,0,0,4.0-6.0,5.0,127.0,road_node,,True,True
4363,692400.0,1900700.0,60602,0,0,4.0-6.0,5.0,127.0,road_node,,True,True
4364,691800.0,1885700.0,60616,0,0,4.0-6.0,5.0,127.0,road_node,,True,True
4365,693100.0,1893900.0,60605,0,0,4.0-6.0,5.0,127.0,road_node,,True,True
4366,694600.0,1900000.0,60603,0,0,4.0-6.0,5.0,127.0,road_node,,True,True
4367,693800.0,1907000.0,60611,0,0,4.0-6.0,5.0,127.0,road_node,,True,True
4368,692900.0,1907000.0,60611,0,0,4.0-6.0,5.0,127.0,road_node,,True,True
4369,694000.0,1876400.0,60653,0,0,3.0-4.0,3.5,88.9,road_node,,True,True
4370,694000.0,1879100.0,60653,0,0,4.0-6.0,5.0,127.0,road_node,,True,True
4371,693900.0,1881700.0,60653,0,0,4.0-6.0,5.0,127.0,road_node,,True,True
4372,693800.0,1884400.0,60616,0,0,4.0-6.0,5.0,127.0,road_node,,True,True
4373,687300.0,1891300.0,60616,0,0,4.0-6.0,5.0,127.0,road_node,,True,True
4374,692900.0,1900700.0,60602,0,0,4.0-6.0,5.0,127.0,road_node,,True,True
4375,688600.0,1878900.0,60609,0,0,4.0-6.0,5.0,127.0,road_node,,True,True
4376,695500.0,1901200.0,60602,0,0,4.0-6.0,5.0,127.0,road_node,,True,True
4377,688500.0,1884200.0,60616,0,0,4.0-6.0,5.0,127.0,road_node,,True,True
4378,671500.0,1875800.0,60632,0,0,4.0-6.0,5.0,127.0,road_node,,True,True
4379,673900.0,1881700.0,60623,0,0,4.0-6.0,5.0,127.0,road_node,,True,True
4380,669900.0,1883800.0,60623,0,0,4.0-6.0,5.0,127.0,road_node,,True,True
4381,695700.0,1900900.0,60602,0,0,,,,road_node,,True,False
4382,669700.0,1889100.0,60623,0,0,4.0-6.0,5.0,127.0,road_node,,True,True
4383,669700.0,1890700.0,60623,0,0,4.0-6.0,5.0,127.0,road_node,,True,True
4384,669600.0,1891700.0,60623,0,0,4.0-6.0,5.0,127.0,road_node,,True,True
4385,669600.0,1893100.0,60623,0,0,4.0-6.0,5.0,127.0,road_node,,True,True
4386,669500.0,1897100.0,60624,0,0,4.0-6.0,5.0,127.0,road_node,,True,True
4387,669500.0,1897400.0,60624,0,0,4.0-6.0,5.0,127.0,road_node,,True,True
4388,669400.0,1899700.0,60624,0,0,4.0-6.0,5.0,127.0,road_node,,True,True
4389,669000.0,1900100.0,60624,0,0,4.0-6.0,5.0,127.0,road_node,,True,True
4390,669400.0,1900000.0,60624,0,0,4.0-6.0,5.0,127.0,road_node,,True,True
4391,669400.0,1900400.0,60624,0,0,4.0-6.0,5.0,127.0,road_node,,True,True
4392,669400.0,1901100.0,60624,0,0,4.0-6.0,5.0,127.0,road_node,,True,True
4393,695300.0,1900800.0,60602,0,0,,,,road_node,,True,False
4394,669200.0,1905000.0,60624,0,0,4.0-6.0,5.0,127.0,road_node,,True,True
4395,669200.0,1906300.0,60651,0,0,4.0-6.0,5.0,127.0,road_node,,True,True
4396,669200.0,1906800.0,60651,0,0,4.0-6.0,5.0,127.0,road_node,,True,True
4397,669200.0,1907700.0,60651,0,0,4.0-6.0,5.0,127.0,road_node,,True,True
4398,669100.0,1910300.0,60651,0,0,4.0-6.0,5.0,127.0,road_node,,True,True
4399,686800.0,1899800.0,60607,0,0,4.0-6.0,5.0,127.0,road_node,,True,True
4400,669000.0,1915600.0,60647,0,0,4.0-6.0,5.0,127.0,road_node,,True,True
4401,593400.0,1870700.0,60559,0,0,2.0-3.0,2.5,63.5,road_node,,True,True
4402,673300.0,1904600.0,60612,0,0,4.0-6.0,5.0,127.0,road_node,,True,True
4403,673200.0,1905100.0,60612,0,0,4.0-6.0,5.0,127.0,road_node,,True,True
4404,673300.0,1906400.0,60622,0,0,4.0-6.0,5.0,127.0,road_node,,True,True
4405,673200.0,1907800.0,60622,0,0,4.0-6.0,5.0,127.0,road_node,,True,True
4406,673100.0,1910400.0,60622,0,0,4.0-6.0,5.0,127.0,road_node,,True,True
4407,688500.0,1899800.0,60661,0,0,4.0-6.0,5.0,127.0,road_node,,True,True
4408,673000.0,1915000.0,60647,0,0,4.0-6.0,5.0,127.0,road_node,,True,True
4409,673000.0,1915700.0,60647,0,0,4.0-6.0,5.0,127.0,road_node,,True,True
4410,689600.0,1899900.0,60606,0,0,4.0-6.0,5.0,127.0,road_node,,True,True
4411,672800.0,1921000.0,60618,0,0,4.0-6.0,5.0,127.0,road_node,,True,True
4412,672700.0,1923700.0,60618,0,0,4.0-6.0,5.0,127.0,road_node,,True,True
4413,672700.0,1926300.0,60618,0,0,4.0-6.0,5.0,127.0,road_node,,True,True
4414,690000.0,1899900.0,60606,0,0,4.0-6.0,5.0,127.0,road_node,,True,True
4415,672600.0,1931700.0,60625,0,0,4.0-6.0,5.0,127.0,road_node,,True,True
4416,690400.0,1899900.0,60606,0,0,4.0-6.0,5.0,127.0,road_node,,True,True
4417,690800.0,1899900.0,60603,0,0,4.0-6.0,5.0,127.0,road_node,,True,True
4418,593400.0,1873400.0,60559,0,0,2.0-3.0,2.5,63.5,road_node,,True,True
4419,691200.0,1899900.0,60603,0,0,4.0-6.0,5.0,127.0,road_node,,True,True
4420,593700.0,1869400.0,60559,0,0,2.0-3.0,2.5,63.5,road_node,,True,True
4421,687200.0,1900000.0,60661,0,0,4.0-6.0,5.0,127.0,road_node,,True,True
4422,685900.0,1926200.0,60613,0,0,4.0-6.0,5.0,127.0,road_node,,True,True
4423,666000.0,1924700.0,60618,0,0,4.0-6.0,5.0,127.0,road_node,,True,True
4424,603200.0,1869400.0,60514,0,0,2.0-3.0,2.5,63.5,road_node,,True,True
4425,662600.0,1904800.0,60624,0,0,6.0-8.0,7.0,177.8,road_node,,True,True
4426,662600.0,1906200.0,60651,0,0,6.0-8.0,7.0,177.8,road_node,,True,True
4427,692000.0,1900300.0,60603,0,0,4.0-6.0,5.0,127.0,road_node,,True,True
4428,662400.0,1910200.0,60651,0,0,4.0-6.0,5.0,127.0,road_node,,True,True
4429,662400.0,1910100.0,60651,0,0,4.0-6.0,5.0,127.0,road_node,,True,True
4430,661800.0,1924000.0,60641,0,0,4.0-6.0,5.0,127.0,road_node,,True,True
4431,658000.0,1883500.0,60804,0,0,8.0-10.0,9.0,228.6,road_node,,True,True
4432,651300.0,1931300.0,60630,0,0,4.0-6.0,5.0,127.0,road_node,,True,True
4433,652600.0,1883300.0,60804,0,0,8.0-10.0,9.0,228.6,road_node,,True,True
4434,646400.0,1915100.0,60707,0,0,4.0-6.0,5.0,127.0,road_node,,True,True
4435,692500.0,1900300.0,60603,0,0,4.0-6.0,5.0,127.0,road_node,,True,True
4436,646200.0,1920400.0,60634,0,0,4.0-6.0,5.0,127.0,road_node,,True,True
4437,692900.0,1900300.0,60603,0,0,4.0-6.0,5.0,127.0,road_node,,True,True
4438,646100.0,1925700.0,60634,0,0,4.0-6.0,5.0,127.0,road_node,,True,True
4439,645700.0,1927700.0,60634,0,0,4.0-6.0,5.0,127.0,road_node,,True,True
4440,644415.0,1884770.0,60402,0,0,6.0-8.0,7.0,177.8,road_node,,True,True
4441,694000.0,1900000.0,60603,0,0,4.0-6.0,5.0,127.0,road_node,,True,True
4442,641591.0,1882310.0,60546,0,0,6.0-8.0,7.0,177.8,road_node,,True,True
4443,644518.0,1880800.0,60402,0,0,6.0-8.0,7.0,177.8,road_node,,True,True
4444,639911.0,1879400.0,60534,0,0,6.0-8.0,7.0,177.8,road_node,,True,True
4445,695000.0,1900000.0,60603,0,0,,,,road_node,,True,False
4446,639200.0,1883000.0,60546,0,0,6.0-8.0,7.0,177.8,road_node,,True,True
4447,633300.0,1900100.0,60153,0,0,4.0-6.0,5.0,127.0,road_node,,True,True
4448,633200.0,1902200.0,60153,0,0,4.0-6.0,5.0,127.0,road_node,,True,True
4449,633200.0,1903200.0,60153,0,0,4.0-6.0,5.0,127.0,road_node,,True,True
4450,633200.0,1904200.0,60153,0,0,4.0-6.0,5.0,127.0,road_node,,True,True
4451,630500.0,1899900.0,60153,0,0,3.0-4.0,3.5,88.9,road_node,,True,True
4452,630400.0,1902100.0,60153,0,0,3.0-4.0,3.5,88.9,road_node,,True,True
4453,694800.0,1900200.0,60603,0,0,,,,road_node,,True,False
4454,631100.0,1903700.0,60160,0,0,3.0-4.0,3.5,88.9,road_node,,True,True
4455,631100.0,1904000.0,60160,0,0,3.0-4.0,3.5,88.9,road_node,,True,True
4456,686800.0,1899300.0,60607,0,0,4.0-6.0,5.0,127.0,road_node,,True,True
4457,688500.0,1899300.0,60661,0,0,4.0-6.0,5.0,127.0,road_node,,True,True
4458,641400.0,1906700.0,60305,0,0,4.0-6.0,5.0,127.0,road_node,,True,True
4459,638200.0,1905600.0,60305,0,0,4.0-6.0,5.0,127.0,road_node,,True,True
4460,638100.0,1907000.0,60305,0,0,3.0-4.0,3.5,88.9,road_node,,True,True
4461,690000.0,1899500.0,60606,0,0,4.0-6.0,5.0,127.0,road_node,,True,True
4462,626000.0,1935400.0,60176,0,0,3.0-4.0,3.5,88.9,road_node,,True,True
4463,597500.0,1868600.0,60559,0,0,2.0-3.0,2.5,63.5,road_node,,True,True
4464,595000.0,1868200.0,60559,0,0,2.0-3.0,2.5,63.5,road_node,,True,True
4465,592300.0,1867700.0,60559,0,0,2.0-3.0,2.5,63.5,road_node,,True,True
4466,589900.0,1867600.0,60515,0,0,2.0-3.0,2.5,63.5,road_node,,True,True
4467,690400.0,1899500.0,60606,0,0,4.0-6.0,5.0,127.0,road_node,,True,True
4468,627400.0,1920200.0,60131,0,0,2.0-3.0,2.5,63.5,road_node,,True,True
4469,625800.0,1924800.0,60176,0,0,2.0-3.0,2.5,63.5,road_node,,True,True
4470,690800.0,1899500.0,60603,0,0,4.0-6.0,5.0,127.0,road_node,,True,True
4471,692000.0,1899000.0,60604,0,0,4.0-6.0,5.0,127.0,road_node,,True,True
4472,607100.0,1921300.0,60106,0,0,2.0-3.0,2.5,63.5,road_node,,True,True
4473,693000.0,1899000.0,60604,0,0,4.0-6.0,5.0,127.0,road_node,,True,True
4474,694000.0,1899100.0,60604,0,0,4.0-6.0,5.0,127.0,road_node,,True,True
4475,601600.0,1922900.0,60106,0,0,2.0-3.0,2.5,63.5,road_node,,True,True
4476,695100.0,1899100.0,60603,0,0,4.0-6.0,5.0,127.0,road_node,,True,True
4477,694900.0,1898900.0,60604,0,0,4.0-6.0,5.0,127.0,road_node,,True,True
4478,596400.0,1930700.0,60191,0,0,3.0-4.0,3.5,88.9,road_node,,True,True
4481,686800.0,1897500.0,60607,0,0,4.0-6.0,5.0,127.0,road_node,,True,True
4482,689000.0,1898500.0,60606,0,0,4.0-6.0,5.0,127.0,road_node,,True,True
4483,688700.0,1898100.0,60607,0,0,4.0-6.0,5.0,127.0,road_node,,True,True
4484,688600.0,1897900.0,60607,0,0,4.0-6.0,5.0,127.0,road_node,,True,True
4485,689000.0,1897500.0,60607,0,0,4.0-6.0,5.0,127.0,road_node,,True,True
4486,582100.0,1927600.0,60143,0,0,3.0-4.0,3.5,88.9,road_node,,True,True
4487,689600.0,1898600.0,60606,0,0,4.0-6.0,5.0,127.0,road_node,,True,True
4488,582000.0,1913100.0,60101,0,0,2.0-3.0,2.5,63.5,road_node,,True,True
4489,588400.0,1913400.0,60101,0,0,2.0-3.0,2.5,63.5,road_node,,True,True
4493,601700.0,1913800.0,60126,0,0,2.0-3.0,2.5,63.5,road_node,,True,True
4494,690000.0,1898600.0,60606,0,0,4.0-6.0,5.0,127.0,road_node,,True,True
4495,601800.0,1908400.0,60126,0,0,2.0-3.0,2.5,63.5,road_node,,True,True
4496,589800.0,1865300.0,60559,0,0,2.0-3.0,2.5,63.5,road_node,,True,True
4497,581900.0,1896800.0,60148,0,0,2.0-3.0,2.5,63.5,road_node,,True,True
4498,585900.0,1897000.0,60148,0,0,2.0-3.0,2.5,63.5,road_node,,True,True
4499,690300.0,1898100.0,60607,0,0,4.0-6.0,5.0,127.0,road_node,,True,True
4500,690300.0,1897900.0,60607,0,0,4.0-6.0,5.0,127.0,road_node,,True,True
4501,690000.0,1897600.0,60607,0,0,4.0-6.0,5.0,127.0,road_node,,True,True
4502,599300.0,1897300.0,60181,0,0,1.5-2.0,1.75,44.45,road_node,,True,True
4503,601300.0,1897400.0,60181,0,0,1.5-2.0,1.75,44.45,road_node,,True,True
4504,605000.0,1887000.0,60523,0,0,1.5-2.0,1.75,44.45,road_node,,True,True
4505,690400.0,1898600.0,60606,0,0,4.0-6.0,5.0,127.0,road_node,,True,True
4506,609400.0,1890500.0,60162,0,0,2.0-3.0,2.5,63.5,road_node,,True,True
4507,609000.0,1889600.0,60523,0,0,2.0-3.0,2.5,63.5,road_node,,True,True
4508,604652.0,1886900.0,60523,0,0,1.5-2.0,1.75,44.45,road_node,,True,True
4509,604548.0,1886710.0,60523,0,0,1.5-2.0,1.75,44.45,road_node,,True,True
4510,599100.0,1884900.0,60523,0,0,1.5-2.0,1.75,44.45,road_node,,True,True
4511,598900.0,1884700.0,60523,0,0,1.5-2.0,1.75,44.45,road_node,,True,True
4512,690500.0,1898000.0,60607,0,0,4.0-6.0,5.0,127.0,road_node,,True,True
4513,690500.0,1897600.0,60607,0,0,4.0-6.0,5.0,127.0,road_node,,True,True
4514,691200.0,1898600.0,60604,0,0,4.0-6.0,5.0,127.0,road_node,,True,True
4515,626900.0,1890400.0,60155,0,0,3.0-4.0,3.5,88.9,road_node,,True,True
4516,626800.0,1893300.0,60155,0,0,3.0-4.0,3.5,88.9,road_node,,True,True
4517,691300.0,1898000.0,60605,0,0,4.0-6.0,5.0,127.0,road_node,,True,True
4518,636800.0,1875800.0,60534,0,0,4.0-6.0,5.0,127.0,road_node,,True,True
4519,691300.0,1897600.0,60605,0,0,4.0-6.0,5.0,127.0,road_node,,True,True
4520,692100.0,1898600.0,60604,0,0,4.0-6.0,5.0,127.0,road_node,,True,True
4521,692100.0,1898000.0,60605,0,0,4.0-6.0,5.0,127.0,road_node,,True,True
4522,610500.0,1889000.0,60162,0,0,2.0-3.0,2.5,63.5,road_node,,True,True
4523,611900.0,1892700.0,60162,0,0,2.0-3.0,2.5,63.5,road_node,,True,True
4524,692100.0,1897600.0,60605,0,0,4.0-6.0,5.0,127.0,road_node,,True,True
4525,692500.0,1898600.0,60604,0,0,4.0-6.0,5.0,127.0,road_node,,True,True
4526,640500.0,1936200.0,60656,0,0,4.0-6.0,5.0,127.0,road_node,,True,True
4527,641500.0,1936600.0,60656,0,0,4.0-6.0,5.0,127.0,road_node,,True,True
4528,642200.0,1936300.0,60656,0,0,4.0-6.0,5.0,127.0,road_node,,True,True
4529,638300.0,1922800.0,60634,0,0,3.0-4.0,3.5,88.9,road_node,,True,True
4530,692600.0,1898000.0,60605,0,0,4.0-6.0,5.0,127.0,road_node,,True,True
4531,589900.0,1862800.0,60516,0,0,2.0-3.0,2.5,63.5,road_node,,True,True
4532,635000.0,1850100.0,60458,0,0,4.0-6.0,5.0,127.0,road_node,,True,True
4533,692600.0,1897600.0,60605,0,0,4.0-6.0,5.0,127.0,road_node,,True,True
4534,693000.0,1898600.0,60604,0,0,4.0-6.0,5.0,127.0,road_node,,True,True
4535,591200.0,1862800.0,60516,0,0,2.0-3.0,2.5,63.5,road_node,,True,True
4536,613900.0,1856700.0,60527,0,0,3.0-4.0,3.5,88.9,road_node,,True,True
4537,614000.0,1851900.0,60527,0,0,4.0-6.0,5.0,127.0,road_node,,True,True
4538,615900.0,1857600.0,60527,0,0,3.0-4.0,3.5,88.9,road_node,,True,True
4539,616100.0,1857200.0,60527,0,0,3.0-4.0,3.5,88.9,road_node,,True,True
4540,693100.0,1898000.0,60605,0,0,4.0-6.0,5.0,127.0,road_node,,True,True
4541,608000.0,1871200.0,60521,0,0,1.5-2.0,1.75,44.45,road_node,,True,True
4542,693100.0,1897600.0,60605,0,0,4.0-6.0,5.0,127.0,road_node,,True,True
4543,694100.0,1898000.0,60605,0,0,4.0-6.0,5.0,127.0,road_node,,True,True
4544,694100.0,1897200.0,60605,0,0,4.0-6.0,5.0,127.0,road_node,,True,True
4545,608800.0,1850300.0,60527,0,0,4.0-6.0,5.0,127.0,road_node,,True,True
4546,608700.0,1851000.0,60527,0,0,4.0-6.0,5.0,127.0,road_node,,True,True
4547,694700.0,1897200.0,60605,0,0,4.0-6.0,5.0,127.0,road_node,,True,True
4548,695100.0,1897200.0,60605,0,0,4.0-6.0,5.0,127.0,road_node,,True,True
4549,694900.0,1897000.0,60605,0,0,4.0-6.0,5.0,127.0,road_node,,True,True
4550,686900.0,1894900.0,60607,0,0,4.0-6.0,5.0,127.0,road_node,,True,True
4551,606200.0,1845000.0,60527,0,0,4.0-6.0,5.0,127.0,road_node,,True,True
4552,606000.0,1851200.0,60527,0,0,2.0-3.0,2.5,63.5,road_node,,True,True
4553,603600.0,1841800.0,60527,0,0,4.0-6.0,5.0,127.0,road_node,,True,True
4554,689000.0,1894900.0,60607,0,0,4.0-6.0,5.0,127.0,road_node,,True,True
4555,692600.0,1895100.0,60605,0,0,4.0-6.0,5.0,127.0,road_node,,True,True
4556,693100.0,1895100.0,60605,0,0,4.0-6.0,5.0,127.0,road_node,,True,True
4557,694521.0,1895093.0,60605,0,0,4.0-6.0,5.0,127.0,road_node,,True,True
4558,687100.0,1902000.0,60661,0,0,4.0-6.0,5.0,127.0,road_node,,True,True
4559,600500.0,1820600.0,60439,0,0,3.0-4.0,3.5,88.9,road_node,,True,True
4560,687000.0,1901900.0,60661,0,0,4.0-6.0,5.0,127.0,road_node,,True,True
4561,599000.0,1841700.0,60561,0,0,3.0-4.0,3.5,88.9,road_node,,True,True
4562,598500.0,1842800.0,60561,0,0,4.0-6.0,5.0,127.0,road_node,,True,True
4563,687300.0,1901500.0,60661,0,0,4.0-6.0,5.0,127.0,road_node,,True,True
4564,592100.0,1870700.0,60559,0,0,2.0-3.0,2.5,63.5,road_node,,True,True
4565,687100.0,1901500.0,60661,0,0,4.0-6.0,5.0,127.0,road_node,,True,True
4566,588700.0,1842000.0,60561,0,0,2.0-3.0,2.5,63.5,road_node,,True,True
4567,687200.0,1901000.0,60661,0,0,4.0-6.0,5.0,127.0,road_node,,True,True
4568,687400.0,1901000.0,60661,0,0,4.0-6.0,5.0,127.0,road_node,,True,True
4569,687400.0,1900500.0,60661,0,0,4.0-6.0,5.0,127.0,road_node,,True,True
4570,585900.0,1869800.0,60515,0,0,2.0-3.0,2.5,63.5,road_node,,True,True
4571,687400.0,1900000.0,60661,0,0,4.0-6.0,5.0,127.0,road_node,,True,True
4572,687200.0,1900500.0,60661,0,0,4.0-6.0,5.0,127.0,road_node,,True,True
4573,584600.0,1835500.0,60440,0,0,1.5-2.0,1.75,44.45,road_node,,True,True
4574,583900.0,1836800.0,60517,0,0,1.5-2.0,1.75,44.45,road_node,,True,True
4575,580700.0,1869500.0,60515,0,0,2.0-3.0,2.5,63.5,road_node,,True,True
4576,550600.0,1850700.0,60540,0,0,0.5-1.0,0.75,19.05,road_node,,True,True
4577,577800.0,1811900.0,60446,0,0,1.0-1.5,1.25,31.75,road_node,,True,True
4578,578300.0,1811900.0,60446,0,0,1.0-1.5,1.25,31.75,road_node,,True,True
4579,687200.0,1898300.0,60607,0,0,4.0-6.0,5.0,127.0,road_node,,True,True
4580,572400.0,1830100.0,60440,0,0,1.5-2.0,1.75,44.45,road_node,,True,True
4581,555800.0,1838300.0,60565,0,0,0.5-1.0,0.75,19.05,road_node,,True,True
4582,563000.0,1839800.0,60565,0,0,0.5-1.0,0.75,19.05,road_node,,True,True
4583,569400.0,1840600.0,60440,0,0,1.5-2.0,1.75,44.45,road_node,,True,True
4584,572200.0,1839700.0,60440,0,0,1.5-2.0,1.75,44.45,road_node,,True,True
4585,580196.0,1841638.0,60517,0,0,2.0-3.0,2.5,63.5,road_node,,True,True
4586,579900.0,1846400.0,60517,0,0,2.0-3.0,2.5,63.5,road_node,,True,True
4587,687600.0,1898100.0,60607,0,0,4.0-6.0,5.0,127.0,road_node,,True,True
4588,579800.0,1854200.0,60517,0,0,2.0-3.0,2.5,63.5,road_node,,True,True
4589,555500.0,1850900.0,60565,0,0,0.5-1.0,0.75,19.05,road_node,,True,True
4590,687400.0,1897700.0,60607,0,0,4.0-6.0,5.0,127.0,road_node,,True,True
4591,570600.0,1851200.0,60517,0,0,1.5-2.0,1.75,44.45,road_node,,True,True
4592,573400.0,1851400.0,60517,0,0,2.0-3.0,2.5,63.5,road_node,,True,True
4593,556800.0,1852100.0,60540,0,0,0.5-1.0,0.75,19.05,road_node,,True,True
4594,562600.0,1853400.0,60565,0,0,1.0-1.5,1.25,31.75,road_node,,True,True
4595,570400.0,1854500.0,60517,0,0,2.0-3.0,2.5,63.5,road_node,,True,True
4596,573200.0,1854000.0,60517,0,0,2.0-3.0,2.5,63.5,road_node,,True,True
4597,558300.0,1861100.0,60540,0,0,1.0-1.5,1.25,31.75,road_node,,True,True
4598,566100.0,1868100.0,60532,0,0,2.0-3.0,2.5,63.5,road_node,,True,True
4599,569700.0,1868900.0,60532,0,0,2.0-3.0,2.5,63.5,road_node,,True,True
4600,570500.0,1869100.0,60532,0,0,2.0-3.0,2.5,63.5,road_node,,True,True
4601,557100.0,1811000.0,60446,0,0,1.0-1.5,1.25,31.75,road_node,,True,True
4602,556900.0,1817500.0,60490,0,0,1.0-1.5,1.25,31.75,road_node,,True,True
4603,556800.0,1821600.0,60490,0,0,1.0-1.5,1.25,31.75,road_node,,True,True
4604,556700.0,1824200.0,60490,0,0,1.0-1.5,1.25,31.75,road_node,,True,True
4605,561900.0,1824400.0,60490,0,0,1.5-2.0,1.75,44.45,road_node,,True,True
4606,558900.0,1829500.0,60490,0,0,1.0-1.5,1.25,31.75,road_node,,True,True
4607,687000.0,1897900.0,60607,0,0,4.0-6.0,5.0,127.0,road_node,,True,True
4608,550500.0,1842700.0,60565,0,0,0.5-1.0,0.75,19.05,road_node,,True,True
4609,554300.0,1840700.0,60565,0,0,0.5-1.0,0.75,19.05,road_node,,True,True
4610,550700.0,1852500.0,60540,0,0,0.5-1.0,0.75,19.05,road_node,,True,True
4611,552200.0,1853600.0,60540,0,0,0.5-1.0,0.75,19.05,road_node,,True,True
4612,550600.0,1867500.0,60563,0,0,1.0-1.5,1.25,31.75,road_node,,True,True
4613,686900.0,1895800.0,60607,0,0,4.0-6.0,5.0,127.0,road_node,,True,True
4614,555900.0,1866900.0,60540,0,0,1.0-1.5,1.25,31.75,road_node,,True,True
4615,548800.0,1864600.0,60563,0,0,0.5-1.0,0.75,19.05,road_node,,True,True
4616,687500.0,1896200.0,60607,0,0,4.0-6.0,5.0,127.0,road_node,,True,True
4617,549500.0,1874200.0,60563,0,0,1.0-1.5,1.25,31.75,road_node,,True,True
4618,548800.0,1810700.0,60490,0,0,0.5-1.0,0.75,19.05,road_node,,True,True
4619,551200.0,1816100.0,60490,0,0,0.5-1.0,0.75,19.05,road_node,,True,True
4620,551100.0,1821400.0,60490,0,0,1.0-1.5,1.25,31.75,road_node,,True,True
4621,546200.0,1810600.0,60490,0,0,1.0-1.5,1.25,31.75,road_node,,True,True
4622,546000.0,1809400.0,60490,0,0,1.0-1.5,1.25,31.75,road_node,,True,True
4623,545900.0,1821200.0,60490,0,0,0.5-1.0,0.75,19.05,road_node,,True,True
4624,545700.0,1826500.0,60490,0,0,1.0-1.5,1.25,31.75,road_node,,True,True
4625,545400.0,1837000.0,60564,0,0,0.5-1.0,0.75,19.05,road_node,,True,True
4626,545200.0,1842700.0,60564,0,0,0.5-1.0,0.75,19.05,road_node,,True,True
4627,545300.0,1850600.0,60540,0,0,0.5-1.0,0.75,19.05,road_node,,True,True
4628,547800.0,1858100.0,60540,0,0,0.5-1.0,0.75,19.05,road_node,,True,True
4629,540300.0,1810400.0,60544,0,0,0.5-1.0,0.75,19.05,road_node,,True,True
4630,687300.0,1895500.0,60607,0,0,4.0-6.0,5.0,127.0,road_node,,True,True
4631,542900.0,1821100.0,60490,0,0,0.5-1.0,0.75,19.05,road_node,,True,True
4632,540700.0,1815700.0,60585,0,0,1.0-1.5,1.25,31.75,road_node,,True,True
4633,540500.0,1821000.0,60585,0,0,0.5-1.0,0.75,19.05,road_node,,True,True
4634,540400.0,1826300.0,60564,0,0,0.5-1.0,0.75,19.05,road_node,,True,True
4635,540200.0,1830900.0,60564,0,0,0.5-1.0,0.75,19.05,road_node,,True,True
4636,540200.0,1831600.0,60564,0,0,0.5-1.0,0.75,19.05,road_node,,True,True
4637,540000.0,1836900.0,60564,0,0,0.5-1.0,0.75,19.05,road_node,,True,True
4638,540000.0,1842500.0,60564,0,0,0.5-1.0,0.75,19.05,road_node,,True,True
4639,540000.0,1845200.0,60564,0,0,0.5-1.0,0.75,19.05,road_node,,True,True
4640,540100.0,1850600.0,60540,0,0,0.5-1.0,0.75,19.05,road_node,,True,True
4641,531700.0,1851600.0,60504,0,0,0.5-1.0,0.75,19.05,road_node,,True,True
4642,689000.0,1895800.0,60607,0,0,4.0-6.0,5.0,127.0,road_node,,True,True
4643,535600.0,1810200.0,60544,0,0,0.5-1.0,0.75,19.05,road_node,,True,True
4644,535300.0,1820900.0,60585,0,0,0.5-1.0,0.75,19.05,road_node,,True,True
4645,535100.0,1826200.0,60585,0,0,0.5-1.0,0.75,19.05,road_node,,True,True
4646,687500.0,1894500.0,60607,0,0,4.0-6.0,5.0,127.0,road_node,,True,True
4647,534700.0,1850400.0,60504,0,0,0.5-1.0,0.75,19.05,road_node,,True,True
4648,534700.0,1858800.0,60519,0,0,0.5-1.0,0.75,19.05,road_node,,True,True
4649,535100.0,1869300.0,60563,0,0,0.5-1.0,0.75,19.05,road_node,,True,True
4650,522300.0,1810000.0,60585,0,0,0.5-1.0,0.75,19.05,road_node,,True,True
4651,530300.0,1810100.0,60585,0,0,0.5-1.0,0.75,19.05,road_node,,True,True
4652,522200.0,1815300.0,60585,0,0,0.5-1.0,0.75,19.05,road_node,,True,True
4653,527500.0,1815400.0,60585,0,0,0.5-1.0,0.75,19.05,road_node,,True,True
4654,527400.0,1816600.0,60585,0,0,0.5-1.0,0.75,19.05,road_node,,True,True
4655,522000.0,1820600.0,60585,0,0,0.5-1.0,0.75,19.05,road_node,,True,True
4656,527300.0,1820700.0,60585,0,0,0.5-1.0,0.75,19.05,road_node,,True,True
4657,529900.0,1820700.0,60585,0,0,0.5-1.0,0.75,19.05,road_node,,True,True
4658,521800.0,1825900.0,60585,0,0,0.5-1.0,0.75,19.05,road_node,,True,True
4659,522600.0,1825900.0,60585,0,0,0.5-1.0,0.75,19.05,road_node,,True,True
4660,527100.0,1826000.0,60585,0,0,0.5-1.0,0.75,19.05,road_node,,True,True
4661,529800.0,1826000.0,60585,0,0,0.5-1.0,0.75,19.05,road_node,,True,True
4662,521800.0,1827600.0,60503,0,0,0.5-1.0,0.75,19.05,road_node,,True,True
4663,521600.0,1832200.0,60503,0,0,0.5-1.0,0.75,19.05,road_node,,True,True
4664,687300.0,1894300.0,60607,0,0,4.0-6.0,5.0,127.0,road_node,,True,True
4665,529500.0,1836300.0,60564,0,0,0.5-1.0,0.75,19.05,road_node,,True,True
4666,529500.0,1836600.0,60564,0,0,0.5-1.0,0.75,19.05,road_node,,True,True
4667,529700.0,1836600.0,60564,0,0,0.5-1.0,0.75,19.05,road_node,,True,True
4668,527000.0,1831300.0,60503,0,0,0.5-1.0,0.75,19.05,road_node,,True,True
4669,529600.0,1831400.0,60564,0,0,0.5-1.0,0.75,19.05,road_node,,True,True
4670,529400.0,1839300.0,60564,0,0,0.5-1.0,0.75,19.05,road_node,,True,True
4671,526700.0,1842300.0,60503,0,0,0.5-1.0,0.75,19.05,road_node,,True,True
4672,527000.0,1845000.0,60504,0,0,0.5-1.0,0.75,19.05,road_node,,True,True
4673,528100.0,1845000.0,60504,0,0,0.5-1.0,0.75,19.05,road_node,,True,True
4674,519500.0,1844900.0,60503,0,0,0.5-1.0,0.75,19.05,road_node,,True,True
4675,521500.0,1838600.0,60503,0,0,0.5-1.0,0.75,19.05,road_node,,True,True
4676,521400.0,1842300.0,60503,0,0,0.5-1.0,0.75,19.05,road_node,,True,True
4677,522000.0,1857100.0,60519,0,0,0.5-1.0,0.75,19.05,road_node,,True,True
4678,525300.0,1869500.0,60502,0,0,0.5-1.0,0.75,19.05,road_node,,True,True
4679,569500.0,1748200.0,60421,0,0,0.5-1.0,0.75,19.05,road_node,,True,True
4680,574700.0,1748400.0,60433,0,0,0.5-1.0,0.75,19.05,road_node,,True,True
4681,579900.0,1748600.0,60433,0,0,1.0-1.5,1.25,31.75,road_node,,True,True
4682,689600.0,1899500.0,60606,0,0,4.0-6.0,5.0,127.0,road_node,,True,True
4684,574600.0,1753600.0,60433,0,0,0.5-1.0,0.75,19.05,road_node,,True,True
4685,583300.0,1754000.0,60433,0,0,0.5-1.0,0.75,19.05,road_node,,True,True
4686,563900.0,1757300.0,60436,0,0,1.0-1.5,1.25,31.75,road_node,,True,True
4687,569200.0,1757600.0,60433,0,0,0.5-1.0,0.75,19.05,road_node,,True,True
4688,568900.0,1763800.0,60433,0,0,0.5-1.0,0.75,19.05,road_node,,True,True
4689,575200.0,1758900.0,60433,0,0,0.5-1.0,0.75,19.05,road_node,,True,True
4690,689500.0,1904100.0,60654,0,0,4.0-6.0,5.0,127.0,road_node,,True,True
4691,579700.0,1759000.0,60433,0,0,0.5-1.0,0.75,19.05,road_node,,True,True
4692,685600.0,1903800.0,60642,0,0,4.0-6.0,5.0,127.0,road_node,,True,True
4693,569100.0,1761200.0,60433,0,0,0.5-1.0,0.75,19.05,road_node,,True,True
4694,570600.0,1761300.0,60433,0,0,0.5-1.0,0.75,19.05,road_node,,True,True
4695,685400.0,1903800.0,60642,0,0,4.0-6.0,5.0,127.0,road_node,,True,True
4696,571700.0,1760700.0,60433,0,0,0.5-1.0,0.75,19.05,road_node,,True,True
4697,685800.0,1904300.0,60642,0,0,4.0-6.0,5.0,127.0,road_node,,True,True
4698,574400.0,1761400.0,60433,0,0,0.5-1.0,0.75,19.05,road_node,,True,True
4699,685800.0,1904100.0,60642,0,0,4.0-6.0,5.0,127.0,road_node,,True,True
4700,591800.0,1993300.0,60074,0,0,1.5-2.0,1.75,44.45,road_node,,True,True
4701,574300.0,1764100.0,60433,0,0,1.0-1.5,1.25,31.75,road_node,,True,True
4702,579500.0,1764200.0,60433,0,0,1.0-1.5,1.25,31.75,road_node,,True,True
4703,591800.0,1988100.0,60004,0,0,2.0-3.0,2.5,63.5,road_node,,True,True
4704,562500.0,1763000.0,60436,0,0,0.5-1.0,0.75,19.05,road_node,,True,True
4705,562700.0,1762400.0,60436,0,0,0.5-1.0,0.75,19.05,road_node,,True,True
4706,562400.0,1761900.0,60436,0,0,0.5-1.0,0.75,19.05,road_node,,True,True
4707,591200.0,1860000.0,60516,0,0,2.0-3.0,2.5,63.5,road_node,,True,True
4708,564900.0,1765000.0,60436,0,0,0.5-1.0,0.75,19.05,road_node,,True,True
4709,564700.0,1765900.0,60436,0,0,0.5-1.0,0.75,19.05,road_node,,True,True
4710,564400.0,1765000.0,60436,0,0,0.5-1.0,0.75,19.05,road_node,,True,True
4711,563900.0,1764400.0,60436,0,0,0.5-1.0,0.75,19.05,road_node,,True,True
4712,567900.0,1764800.0,60433,0,0,0.5-1.0,0.75,19.05,road_node,,True,True
4713,568800.0,1765400.0,60433,0,0,0.5-1.0,0.75,19.05,road_node,,True,True
4714,569100.0,1764800.0,60433,0,0,0.5-1.0,0.75,19.05,road_node,,True,True
4715,568900.0,1764100.0,60433,0,0,0.5-1.0,0.75,19.05,road_node,,True,True
4716,570700.0,1765000.0,60433,0,0,0.5-1.0,0.75,19.05,road_node,,True,True
4717,571099.0,1764780.0,60433,0,0,0.5-1.0,0.75,19.05,road_node,,True,True
4718,571100.0,1765400.0,60433,0,0,0.5-1.0,0.75,19.05,road_node,,True,True
4719,571600.0,1765200.0,60433,0,0,0.5-1.0,0.75,19.05,road_node,,True,True
4720,563700.0,1766100.0,60436,0,0,0.5-1.0,0.75,19.05,road_node,,True,True
4721,566200.0,1766300.0,60436,0,0,0.5-1.0,0.75,19.05,road_node,,True,True
4722,568500.0,1766300.0,60433,0,0,0.5-1.0,0.75,19.05,road_node,,True,True
4723,568879.0,1766400.0,60433,0,0,0.5-1.0,0.75,19.05,road_node,,True,True
4724,569700.0,1766600.0,60433,0,0,0.5-1.0,0.75,19.05,road_node,,True,True
4725,570900.0,1767900.0,60433,0,0,0.5-1.0,0.75,19.05,road_node,,True,True
4726,687700.0,1901600.0,60661,0,0,4.0-6.0,5.0,127.0,road_node,,True,True
4727,687700.0,1901100.0,60661,0,0,4.0-6.0,5.0,127.0,road_node,,True,True
4728,563600.0,1768900.0,60435,0,0,0.5-1.0,0.75,19.05,road_node,,True,True
4729,566200.0,1769600.0,60435,0,0,0.5-1.0,0.75,19.05,road_node,,True,True
4730,566900.0,1769500.0,60435,0,0,0.5-1.0,0.75,19.05,road_node,,True,True
4731,568900.0,1769500.0,60432,0,0,0.5-1.0,0.75,19.05,road_node,,True,True
4732,569300.0,1769500.0,60432,0,0,0.5-1.0,0.75,19.05,road_node,,True,True
4733,570800.0,1769100.0,60432,0,0,0.5-1.0,0.75,19.05,road_node,,True,True
4734,574000.0,1769200.0,60432,0,0,1.0-1.5,1.25,31.75,road_node,,True,True
4735,687700.0,1899800.0,60661,0,0,4.0-6.0,5.0,127.0,road_node,,True,True
4736,566100.0,1770600.0,60435,0,0,0.5-1.0,0.75,19.05,road_node,,True,True
4737,569200.0,1770500.0,60432,0,0,0.5-1.0,0.75,19.05,road_node,,True,True
4738,687700.0,1899300.0,60661,0,0,4.0-6.0,5.0,127.0,road_node,,True,True
4739,571300.0,1771900.0,60432,0,0,0.5-1.0,0.75,19.05,road_node,,True,True
4740,687800.0,1895800.0,60607,0,0,4.0-6.0,5.0,127.0,road_node,,True,True
4741,563500.0,1774100.0,60435,0,0,0.5-1.0,0.75,19.05,road_node,,True,True
4742,565900.0,1771900.0,60435,0,0,0.5-1.0,0.75,19.05,road_node,,True,True
4743,566100.0,1772500.0,60435,0,0,0.5-1.0,0.75,19.05,road_node,,True,True
4744,687800.0,1894900.0,60607,0,0,4.0-6.0,5.0,127.0,road_node,,True,True
4745,568800.0,1771800.0,60432,0,0,0.5-1.0,0.75,19.05,road_node,,True,True
4746,569200.0,1771900.0,60432,0,0,0.5-1.0,0.75,19.05,road_node,,True,True
4747,567000.0,1770500.0,60435,0,0,0.5-1.0,0.75,19.05,road_node,,True,True
4748,567800.0,1774000.0,60432,0,0,0.5-1.0,0.75,19.05,road_node,,True,True
4749,568800.0,1773600.0,60432,0,0,0.5-1.0,0.75,19.05,road_node,,True,True
4750,689906.0,1897970.0,60607,0,0,4.0-6.0,5.0,127.0,road_node,,True,True
4751,576600.0,1777300.0,60432,0,0,1.0-1.5,1.25,31.75,road_node,,True,True
4752,571600.0,1780600.0,60432,0,0,1.5-2.0,1.75,44.45,road_node,,True,True
4753,575100.0,1780800.0,60432,0,0,1.0-1.5,1.25,31.75,road_node,,True,True
4754,690300.0,1902900.0,60654,0,0,4.0-6.0,5.0,127.0,road_node,,True,True
4755,572100.0,1782300.0,60432,0,0,1.5-2.0,1.75,44.45,road_node,,True,True
4756,574600.0,1790500.0,60441,0,0,2.0-3.0,2.5,63.5,road_node,,True,True
4757,578900.0,1790600.0,60441,0,0,2.0-3.0,2.5,63.5,road_node,,True,True
4758,579100.0,1793300.0,60441,0,0,2.0-3.0,2.5,63.5,road_node,,True,True
4759,576500.0,1795800.0,60441,0,0,2.0-3.0,2.5,63.5,road_node,,True,True
4760,582000.0,1796000.0,60441,0,0,1.5-2.0,1.75,44.45,road_node,,True,True
4761,578600.0,1799900.0,60441,0,0,2.0-3.0,2.5,63.5,road_node,,True,True
4762,579800.0,1801300.0,60441,0,0,2.0-3.0,2.5,63.5,road_node,,True,True
4763,691100.0,1902900.0,60654,0,0,4.0-6.0,5.0,127.0,road_node,,True,True
4764,539100.0,1767300.0,60431,0,0,0.5-1.0,0.75,19.05,road_node,,True,True
4765,540200.0,1769100.0,60431,0,0,0.5-1.0,0.75,19.05,road_node,,True,True
4766,539200.0,1768200.0,60431,0,0,0.5-1.0,0.75,19.05,road_node,,True,True
4767,540000.0,1768200.0,60431,0,0,0.5-1.0,0.75,19.05,road_node,,True,True
4768,537100.0,1762100.0,60404,0,0,1.0-1.5,1.25,31.75,road_node,,True,True
4769,537200.0,1762500.0,60404,0,0,1.0-1.5,1.25,31.75,road_node,,True,True
4770,537000.0,1764700.0,60404,0,0,0.5-1.0,0.75,19.05,road_node,,True,True
4771,536897.0,1754820.0,60404,0,0,1.0-1.5,1.25,31.75,road_node,,True,True
4772,537200.0,1755900.0,60404,0,0,1.0-1.5,1.25,31.75,road_node,,True,True
4773,537400.0,1754600.0,60404,0,0,1.0-1.5,1.25,31.75,road_node,,True,True
4774,537865.0,1755630.0,60404,0,0,1.0-1.5,1.25,31.75,road_node,,True,True
4775,557800.0,1764400.0,60436,0,0,0.5-1.0,0.75,19.05,road_node,,True,True
4776,556600.0,1764500.0,60436,0,0,0.5-1.0,0.75,19.05,road_node,,True,True
4777,557200.0,1765100.0,60436,0,0,0.5-1.0,0.75,19.05,road_node,,True,True
4778,557200.0,1763800.0,60436,0,0,0.5-1.0,0.75,19.05,road_node,,True,True
4779,538400.0,1744900.0,60410,0,0,1.0-1.5,1.25,31.75,road_node,,True,True
4780,542800.0,1748500.0,60436,0,0,1.0-1.5,1.25,31.75,road_node,,True,True
4781,545300.0,1751600.0,60436,0,0,1.0-1.5,1.25,31.75,road_node,,True,True
4782,547700.0,1754000.0,60436,0,0,1.0-1.5,1.25,31.75,road_node,,True,True
4783,689500.0,1901200.0,60606,0,0,4.0-6.0,5.0,127.0,road_node,,True,True
4784,559900.0,1762900.0,60436,0,0,0.5-1.0,0.75,19.05,road_node,,True,True
4785,537000.0,1763000.0,60404,0,0,1.0-1.5,1.25,31.75,road_node,,True,True
4786,689500.0,1899900.0,60606,0,0,4.0-6.0,5.0,127.0,road_node,,True,True
4787,557200.0,1765900.0,60436,0,0,0.5-1.0,0.75,19.05,road_node,,True,True
4788,521700.0,1765500.0,60404,0,0,1.0-1.5,1.25,31.75,road_node,,True,True
4789,521700.0,1767900.0,60404,0,0,1.0-1.5,1.25,31.75,road_node,,True,True
4790,524100.0,1767900.0,60404,0,0,1.0-1.5,1.25,31.75,road_node,,True,True
4791,689500.0,1899500.0,60606,0,0,4.0-6.0,5.0,127.0,road_node,,True,True
4792,544900.0,1768300.0,60431,0,0,0.5-1.0,0.75,19.05,road_node,,True,True
4793,690300.0,1904100.0,60654,0,0,4.0-6.0,5.0,127.0,road_node,,True,True
4794,552800.0,1768400.0,60435,0,0,0.5-1.0,0.75,19.05,road_node,,True,True
4795,691500.0,1904100.0,60654,0,0,4.0-6.0,5.0,127.0,road_node,,True,True
4796,691900.0,1904100.0,60654,0,0,4.0-6.0,5.0,127.0,road_node,,True,True
4797,522200.0,1749500.0,60404,0,0,1.0-1.5,1.25,31.75,road_node,,True,True
4798,525000.0,1749500.0,60404,0,0,1.0-1.5,1.25,31.75,road_node,,True,True
4799,532200.0,1749700.0,60404,0,0,1.0-1.5,1.25,31.75,road_node,,True,True
4800,522100.0,1754700.0,60404,0,0,1.5-2.0,1.75,44.45,road_node,,True,True
4801,522000.0,1757300.0,60404,0,0,1.5-2.0,1.75,44.45,road_node,,True,True
4802,526700.0,1757500.0,60404,0,0,1.0-1.5,1.25,31.75,road_node,,True,True
4803,537000.0,1757600.0,60404,0,0,1.0-1.5,1.25,31.75,road_node,,True,True
4804,521900.0,1760000.0,60404,0,0,1.0-1.5,1.25,31.75,road_node,,True,True
4805,521600.0,1770700.0,60404,0,0,1.0-1.5,1.25,31.75,road_node,,True,True
4806,521500.0,1773200.0,60404,0,0,1.0-1.5,1.25,31.75,road_node,,True,True
4807,531500.0,1773300.0,60431,0,0,1.0-1.5,1.25,31.75,road_node,,True,True
4808,539400.0,1773400.0,60431,0,0,0.5-1.0,0.75,19.05,road_node,,True,True
4809,547300.0,1773600.0,60435,0,0,0.5-1.0,0.75,19.05,road_node,,True,True
4810,591800.0,1986900.0,60004,0,0,2.0-3.0,2.5,63.5,road_node,,True,True
4811,559500.0,1773900.0,60435,0,0,0.5-1.0,0.75,19.05,road_node,,True,True
4812,521400.0,1776000.0,60586,0,0,1.5-2.0,1.75,44.45,road_node,,True,True
4813,521300.0,1778600.0,60586,0,0,1.0-1.5,1.25,31.75,road_node,,True,True
4814,528800.0,1778600.0,60586,0,0,2.0-3.0,2.5,63.5,road_node,,True,True
4815,531400.0,1778600.0,60431,0,0,1.5-2.0,1.75,44.45,road_node,,True,True
4816,536600.0,1778700.0,60431,0,0,2.0-3.0,2.5,63.5,road_node,,True,True
4817,539300.0,1778800.0,60431,0,0,1.5-2.0,1.75,44.45,road_node,,True,True
4818,547200.0,1778900.0,60435,0,0,0.5-1.0,0.75,19.05,road_node,,True,True
4819,552500.0,1778900.0,60435,0,0,0.5-1.0,0.75,19.05,road_node,,True,True
4820,556900.0,1779100.0,60435,0,0,0.5-1.0,0.75,19.05,road_node,,True,True
4821,631700.0,2019600.0,60040,0,0,,,,road_node,,True,False
4822,563400.0,1779400.0,60435,0,0,1.0-1.5,1.25,31.75,road_node,,True,True
4823,566100.0,1779500.0,60403,0,0,1.0-1.5,1.25,31.75,road_node,,True,True
4824,567200.0,1779500.0,60403,0,0,1.0-1.5,1.25,31.75,road_node,,True,True
4825,521200.0,1783800.0,60586,0,0,0.5-1.0,0.75,19.05,road_node,,True,True
4826,591700.0,1982400.0,60004,0,0,2.0-3.0,2.5,63.5,road_node,,True,True
4827,536500.0,1784000.0,60586,0,0,2.0-3.0,2.5,63.5,road_node,,True,True
4828,539100.0,1784000.0,60586,0,0,2.0-3.0,2.5,63.5,road_node,,True,True
4829,539600.0,1784000.0,60586,0,0,2.0-3.0,2.5,63.5,road_node,,True,True
4830,547000.0,1784200.0,60435,0,0,1.5-2.0,1.75,44.45,road_node,,True,True
4831,552300.0,1784200.0,60435,0,0,1.0-1.5,1.25,31.75,road_node,,True,True
4832,589200.0,1980300.0,60004,0,0,2.0-3.0,2.5,63.5,road_node,,True,True
4833,591800.0,1980300.0,60004,0,0,2.0-3.0,2.5,63.5,road_node,,True,True
4834,536400.0,1787200.0,60586,0,0,2.0-3.0,2.5,63.5,road_node,,True,True
4835,539000.0,1787000.0,60586,0,0,2.0-3.0,2.5,63.5,road_node,,True,True
4836,521000.0,1789300.0,60586,0,0,0.5-1.0,0.75,19.05,road_node,,True,True
4837,520800.0,1794400.0,60586,0,0,1.0-1.5,1.25,31.75,road_node,,True,True
4838,525400.0,1794100.0,60586,0,0,1.0-1.5,1.25,31.75,road_node,,True,True
4839,528300.0,1794300.0,60544,0,0,2.0-3.0,2.5,63.5,road_node,,True,True
4840,530900.0,1794100.0,60544,0,0,2.0-3.0,2.5,63.5,road_node,,True,True
4841,536200.0,1791900.0,60586,0,0,2.0-3.0,2.5,63.5,road_node,,True,True
4842,536100.0,1794500.0,60544,0,0,2.0-3.0,2.5,63.5,road_node,,True,True
4843,536000.0,1798700.0,60544,0,0,1.5-2.0,1.75,44.45,road_node,,True,True
4844,593900.0,1980300.0,60004,0,0,2.0-3.0,2.5,63.5,road_node,,True,True
4845,546800.0,1789400.0,60403,0,0,2.0-3.0,2.5,63.5,road_node,,True,True
4846,556800.0,1780300.0,60435,0,0,1.0-1.5,1.25,31.75,road_node,,True,True
4847,552100.0,1789500.0,60403,0,0,2.0-3.0,2.5,63.5,road_node,,True,True
4848,557800.0,1789700.0,60403,0,0,1.5-2.0,1.75,44.45,road_node,,True,True
4849,568800.0,1790200.0,60403,0,0,1.5-2.0,1.75,44.45,road_node,,True,True
4850,546800.0,1794800.0,60403,0,0,2.0-3.0,2.5,63.5,road_node,,True,True
4851,552000.0,1794800.0,60403,0,0,2.0-3.0,2.5,63.5,road_node,,True,True
4852,598600.0,1981100.0,60004,0,0,2.0-3.0,2.5,63.5,road_node,,True,True
4853,645600.0,1998500.0,60022,0,0,2.0-3.0,2.5,63.5,road_node,,True,True
4854,520700.0,1799600.0,60544,0,0,1.5-2.0,1.75,44.45,road_node,,True,True
4855,525400.0,1799400.0,60544,0,0,1.0-1.5,1.25,31.75,road_node,,True,True
4856,530000.0,1799500.0,60544,0,0,1.0-1.5,1.25,31.75,road_node,,True,True
4857,531700.0,1799700.0,60544,0,0,1.0-1.5,1.25,31.75,road_node,,True,True
4858,534200.0,1799800.0,60544,0,0,1.0-1.5,1.25,31.75,road_node,,True,True
4859,545800.0,1800000.0,60544,0,0,1.5-2.0,1.75,44.45,road_node,,True,True
4860,547300.0,1800100.0,60544,0,0,1.5-2.0,1.75,44.45,road_node,,True,True
4861,549200.0,1800100.0,60446,0,0,1.5-2.0,1.75,44.45,road_node,,True,True
4862,557400.0,1800300.0,60446,0,0,1.5-2.0,1.75,44.45,road_node,,True,True
4863,565500.0,1800600.0,60446,0,0,1.5-2.0,1.75,44.45,road_node,,True,True
4864,570600.0,1800900.0,60441,0,0,2.0-3.0,2.5,63.5,road_node,,True,True
4865,535900.0,1801900.0,60544,0,0,1.5-2.0,1.75,44.45,road_node,,True,True
4866,525200.0,1804700.0,60544,0,0,1.0-1.5,1.25,31.75,road_node,,True,True
4867,540900.0,1805200.0,60544,0,0,1.0-1.5,1.25,31.75,road_node,,True,True
4868,549000.0,1805400.0,60446,0,0,1.0-1.5,1.25,31.75,road_node,,True,True
4869,644300.0,1998600.0,60022,0,0,2.0-3.0,2.5,63.5,road_node,,True,True
4870,569200.0,1806000.0,60446,0,0,1.5-2.0,1.75,44.45,road_node,,True,True
4871,636300.0,1996000.0,60062,0,0,2.0-3.0,2.5,63.5,road_node,,True,True
4874,531800.0,1762800.0,60404,0,0,0.5-1.0,0.75,19.05,road_node,,True,True
4875,585300.0,1748700.0,60433,0,0,1.0-1.5,1.25,31.75,road_node,,True,True
4876,585200.0,1751300.0,60433,0,0,1.0-1.5,1.25,31.75,road_node,,True,True
4877,585200.0,1753900.0,60433,0,0,0.5-1.0,0.75,19.05,road_node,,True,True
4878,585000.0,1759300.0,60433,0,0,1.0-1.5,1.25,31.75,road_node,,True,True
4879,584900.0,1761800.0,60433,0,0,1.0-1.5,1.25,31.75,road_node,,True,True
4880,584900.0,1762200.0,60433,0,0,1.0-1.5,1.25,31.75,road_node,,True,True
4881,584300.0,1761800.0,60433,0,0,1.0-1.5,1.25,31.75,road_node,,True,True
4882,584900.0,1764500.0,60433,0,0,1.0-1.5,1.25,31.75,road_node,,True,True
4883,584800.0,1768800.0,60432,0,0,1.0-1.5,1.25,31.75,road_node,,True,True
4884,584700.0,1771300.0,60432,0,0,1.0-1.5,1.25,31.75,road_node,,True,True
4885,584500.0,1777700.0,60432,0,0,1.5-2.0,1.75,44.45,road_node,,True,True
4886,584400.0,1780200.0,60432,0,0,1.0-1.5,1.25,31.75,road_node,,True,True
4887,584300.0,1782800.0,60432,0,0,1.0-1.5,1.25,31.75,road_node,,True,True
4888,584200.0,1785500.0,60441,0,0,2.0-3.0,2.5,63.5,road_node,,True,True
4889,584100.0,1790800.0,60441,0,0,1.5-2.0,1.75,44.45,road_node,,True,True
4890,584000.0,1793400.0,60441,0,0,1.5-2.0,1.75,44.45,road_node,,True,True
4891,583900.0,1796100.0,60441,0,0,1.5-2.0,1.75,44.45,road_node,,True,True
4892,583900.0,1801500.0,60441,0,0,2.0-3.0,2.5,63.5,road_node,,True,True
4893,583700.0,1806700.0,60441,0,0,2.0-3.0,2.5,63.5,road_node,,True,True
4894,593500.0,1767800.0,60451,0,0,1.0-1.5,1.25,31.75,road_node,,True,True
4895,594400.0,1767600.0,60451,0,0,1.0-1.5,1.25,31.75,road_node,,True,True
4896,593400.0,1766900.0,60451,0,0,1.5-2.0,1.75,44.45,road_node,,True,True
4897,593600.0,1766800.0,60451,0,0,1.5-2.0,1.75,44.45,road_node,,True,True
4898,616000.0,1779700.0,60448,0,0,1.0-1.5,1.25,31.75,road_node,,True,True
4899,616100.0,1779400.0,60448,0,0,1.0-1.5,1.25,31.75,road_node,,True,True
4900,649007.0,1779950.0,60477,0,0,1.0-1.5,1.25,31.75,road_node,,True,True
4901,647138.0,1779300.0,60477,0,0,1.0-1.5,1.25,31.75,road_node,,True,True
4902,648000.0,1781000.0,60477,0,0,1.0-1.5,1.25,31.75,road_node,,True,True
4903,648100.0,1777200.0,60477,0,0,1.0-1.5,1.25,31.75,road_node,,True,True
4904,620900.0,2015800.0,60069,0,0,1.5-2.0,1.75,44.45,road_node,,True,True
4905,648700.0,1768300.0,60443,0,0,1.5-2.0,1.75,44.45,road_node,,True,True
4906,620000.0,2015800.0,60069,0,0,1.5-2.0,1.75,44.45,road_node,,True,True
4907,632300.0,1769200.0,60448,0,0,1.0-1.5,1.25,31.75,road_node,,True,True
4908,587000.0,1748800.0,60433,0,0,1.0-1.5,1.25,31.75,road_node,,True,True
4909,595800.0,1749000.0,60451,0,0,1.0-1.5,1.25,31.75,road_node,,True,True
4910,601100.0,1749100.0,60451,0,0,1.0-1.5,1.25,31.75,road_node,,True,True
4911,606400.0,1749200.0,60451,0,0,1.0-1.5,1.25,31.75,road_node,,True,True
4912,607700.0,1749300.0,60451,0,0,1.0-1.5,1.25,31.75,road_node,,True,True
4913,611700.0,1749400.0,60451,0,0,0.5-1.0,0.75,19.05,road_node,,True,True
4914,616900.0,1749500.0,60423,0,0,0.5-1.0,0.75,19.05,road_node,,True,True
4915,619400.0,1749600.0,60423,0,0,0.5-1.0,0.75,19.05,road_node,,True,True
4916,622200.0,1749700.0,60423,0,0,0.5-1.0,0.75,19.05,road_node,,True,True
4917,623400.0,1749700.0,60423,0,0,0.5-1.0,0.75,19.05,road_node,,True,True
4918,627500.0,1749700.0,60423,0,0,1.0-1.5,1.25,31.75,road_node,,True,True
4919,628200.0,1749700.0,60423,0,0,1.0-1.5,1.25,31.75,road_node,,True,True
4920,633000.0,1749700.0,60423,0,0,1.0-1.5,1.25,31.75,road_node,,True,True
4921,633600.0,1749000.0,60423,0,0,1.0-1.5,1.25,31.75,road_node,,True,True
4922,633600.0,1749700.0,60423,0,0,0.5-1.0,0.75,19.05,road_node,,True,True
4923,638200.0,1749700.0,60423,0,0,1.0-1.5,1.25,31.75,road_node,,True,True
4924,638900.0,1749700.0,60423,0,0,1.0-1.5,1.25,31.75,road_node,,True,True
4925,643500.0,1749800.0,60423,0,0,1.0-1.5,1.25,31.75,road_node,,True,True
4926,644400.0,1749700.0,60423,0,0,1.0-1.5,1.25,31.75,road_node,,True,True
4927,637600.0,1768400.0,60423,0,0,1.0-1.5,1.25,31.75,road_node,,True,True
4928,640300.0,1768500.0,60423,0,0,1.0-1.5,1.25,31.75,road_node,,True,True
4929,542900.0,1998700.0,60010,0,0,1.5-2.0,1.75,44.45,road_node,,True,True
4930,595600.0,1754200.0,60451,0,0,1.0-1.5,1.25,31.75,road_node,,True,True
4931,598500.0,1980300.0,60004,0,0,2.0-3.0,2.5,63.5,road_node,,True,True
4932,607600.0,1754500.0,60451,0,0,1.0-1.5,1.25,31.75,road_node,,True,True
4933,550200.0,1965400.0,60169,0,0,1.0-1.5,1.25,31.75,road_node,,True,True
4934,616800.0,1754600.0,60451,0,0,0.5-1.0,0.75,19.05,road_node,,True,True
4935,544100.0,1982700.0,60192,0,0,1.0-1.5,1.25,31.75,road_node,,True,True
4936,622000.0,1754700.0,60423,0,0,0.5-1.0,0.75,19.05,road_node,,True,True
4937,625900.0,1754900.0,60423,0,0,1.0-1.5,1.25,31.75,road_node,,True,True
4938,627300.0,1754900.0,60423,0,0,1.0-1.5,1.25,31.75,road_node,,True,True
4939,632800.0,1755000.0,60423,0,0,1.0-1.5,1.25,31.75,road_node,,True,True
4940,641900.0,1768200.0,60423,0,0,1.0-1.5,1.25,31.75,road_node,,True,True
4941,590200.0,1759400.0,60433,0,0,1.0-1.5,1.25,31.75,road_node,,True,True
4942,595500.0,1759500.0,60451,0,0,1.0-1.5,1.25,31.75,road_node,,True,True
4943,600700.0,1759600.0,60451,0,0,1.0-1.5,1.25,31.75,road_node,,True,True
4944,607400.0,1759800.0,60451,0,0,1.0-1.5,1.25,31.75,road_node,,True,True
4945,627300.0,1757200.0,60423,0,0,1.0-1.5,1.25,31.75,road_node,,True,True
4946,627200.0,1757500.0,60423,0,0,1.5-2.0,1.75,44.45,road_node,,True,True
4947,632800.0,1757600.0,60423,0,0,1.0-1.5,1.25,31.75,road_node,,True,True
4948,551300.0,1966300.0,60169,0,0,1.0-1.5,1.25,31.75,road_node,,True,True
4949,638100.0,1757700.0,60423,0,0,1.0-1.5,1.25,31.75,road_node,,True,True
4950,551200.0,1967300.0,60169,0,0,1.0-1.5,1.25,31.75,road_node,,True,True
4951,607200.0,1775000.0,60451,0,0,1.0-1.5,1.25,31.75,road_node,,True,True
4952,538300.0,1967300.0,60192,0,0,0.5-1.0,0.75,19.05,road_node,,True,True
4953,621500.0,1770300.0,60448,0,0,1.0-1.5,1.25,31.75,road_node,,True,True
4954,624200.0,1770100.0,60448,0,0,1.0-1.5,1.25,31.75,road_node,,True,True
4955,538000.0,1966300.0,60192,0,0,0.5-1.0,0.75,19.05,road_node,,True,True
4956,601800.0,1765000.0,60451,0,0,1.0-1.5,1.25,31.75,road_node,,True,True
4957,606400.0,1765100.0,60451,0,0,1.0-1.5,1.25,31.75,road_node,,True,True
4958,607300.0,1765100.0,60451,0,0,1.0-1.5,1.25,31.75,road_node,,True,True
4959,549300.0,1938200.0,60133,0,0,1.0-1.5,1.25,31.75,road_node,,True,True
4960,619000.0,1762400.0,60448,0,0,1.0-1.5,1.25,31.75,road_node,,True,True
4961,638000.0,1763000.0,60423,0,0,1.0-1.5,1.25,31.75,road_node,,True,True
4962,564100.0,1986900.0,60067,0,0,2.0-3.0,2.5,63.5,road_node,,True,True
4963,595200.0,1771800.0,60451,0,0,1.0-1.5,1.25,31.75,road_node,,True,True
4964,569300.0,1988000.0,60067,0,0,1.5-2.0,1.75,44.45,road_node,,True,True
4965,607400.0,1772400.0,60451,0,0,1.0-1.5,1.25,31.75,road_node,,True,True
4966,608900.0,1772200.0,60451,0,0,1.0-1.5,1.25,31.75,road_node,,True,True
4967,632300.0,1771000.0,60448,0,0,1.0-1.5,1.25,31.75,road_node,,True,True
4968,624100.0,1773100.0,60448,0,0,1.0-1.5,1.25,31.75,road_node,,True,True
4969,626700.0,1776100.0,60448,0,0,1.0-1.5,1.25,31.75,road_node,,True,True
4970,637400.0,1776400.0,60487,0,0,1.0-1.5,1.25,31.75,road_node,,True,True
4971,657700.0,1939900.0,60646,0,0,4.0-6.0,5.0,127.0,road_node,,True,True
4972,648300.0,1942000.0,60631,0,0,4.0-6.0,5.0,127.0,road_node,,True,True
4973,626700.0,1778800.0,60448,0,0,1.0-1.5,1.25,31.75,road_node,,True,True
4974,631200.0,1779000.0,60487,0,0,1.0-1.5,1.25,31.75,road_node,,True,True
4975,589700.0,1777800.0,60432,0,0,2.0-3.0,2.5,63.5,road_node,,True,True
4976,595000.0,1778000.0,60432,0,0,2.0-3.0,2.5,63.5,road_node,,True,True
4977,600300.0,1778100.0,60451,0,0,2.0-3.0,2.5,63.5,road_node,,True,True
4978,602900.0,1778200.0,60451,0,0,2.0-3.0,2.5,63.5,road_node,,True,True
4979,606900.0,1778300.0,60448,0,0,1.5-2.0,1.75,44.45,road_node,,True,True
4980,609900.0,1778400.0,60448,0,0,1.5-2.0,1.75,44.45,road_node,,True,True
4981,621200.0,1778700.0,60448,0,0,1.0-1.5,1.25,31.75,road_node,,True,True
4982,621200.0,1781500.0,60448,0,0,1.0-1.5,1.25,31.75,road_node,,True,True
4983,623900.0,1781600.0,60448,0,0,1.0-1.5,1.25,31.75,road_node,,True,True
4984,626600.0,1781600.0,60448,0,0,1.0-1.5,1.25,31.75,road_node,,True,True
4985,631900.0,1781800.0,60487,0,0,1.0-1.5,1.25,31.75,road_node,,True,True
4986,610800.0,1779000.0,60448,0,0,1.0-1.5,1.25,31.75,road_node,,True,True
4987,589400.0,1783100.0,60432,0,0,1.5-2.0,1.75,44.45,road_node,,True,True
4988,649600.0,1940400.0,60646,0,0,4.0-6.0,5.0,127.0,road_node,,True,True
4989,597300.0,1786000.0,60491,0,0,1.5-2.0,1.75,44.45,road_node,,True,True
4990,651100.0,1939300.0,60646,0,0,4.0-6.0,5.0,127.0,road_node,,True,True
4991,602600.0,1786100.0,60491,0,0,2.0-3.0,2.5,63.5,road_node,,True,True
4992,605800.0,1786200.0,60491,0,0,2.0-3.0,2.5,63.5,road_node,,True,True
4993,600100.0,1783500.0,60491,0,0,2.0-3.0,2.5,63.5,road_node,,True,True
4994,602700.0,1784500.0,60491,0,0,2.0-3.0,2.5,63.5,road_node,,True,True
4995,654700.0,1942000.0,60646,0,0,4.0-6.0,5.0,127.0,road_node,,True,True
4996,610600.0,1786400.0,60491,0,0,2.0-3.0,2.5,63.5,road_node,,True,True
4997,611900.0,1790100.0,60467,0,0,2.0-3.0,2.5,63.5,road_node,,True,True
4998,659000.0,1942100.0,60646,0,0,4.0-6.0,5.0,127.0,road_node,,True,True
4999,633100.0,1787100.0,60487,0,0,1.0-1.5,1.25,31.75,road_node,,True,True
5000,639700.0,1787200.0,60487,0,0,1.0-1.5,1.25,31.75,road_node,,True,True
5001,589300.0,1791000.0,60441,0,0,1.0-1.5,1.25,31.75,road_node,,True,True
5002,597200.0,1791300.0,60491,0,0,1.5-2.0,1.75,44.45,road_node,,True,True
5003,605100.0,1791500.0,60491,0,0,3.0-4.0,3.5,88.9,road_node,,True,True
5004,611800.0,1791700.0,60467,0,0,2.0-3.0,2.5,63.5,road_node,,True,True
5005,658200.0,1938900.0,60646,0,0,4.0-6.0,5.0,127.0,road_node,,True,True
5006,658400.0,1940200.0,60646,0,0,4.0-6.0,5.0,127.0,road_node,,True,True
5007,597000.0,1796600.0,60491,0,0,1.0-1.5,1.25,31.75,road_node,,True,True
5008,659000.0,1939500.0,60646,0,0,4.0-6.0,5.0,127.0,road_node,,True,True
5009,589000.0,1801600.0,60491,0,0,1.5-2.0,1.75,44.45,road_node,,True,True
5010,596900.0,1801900.0,60491,0,0,1.0-1.5,1.25,31.75,road_node,,True,True
5011,598200.0,1801900.0,60491,0,0,1.0-1.5,1.25,31.75,road_node,,True,True
5012,620800.0,1800700.0,60467,0,0,2.0-3.0,2.5,63.5,road_node,,True,True
5013,598100.0,1804600.0,60491,0,0,1.0-1.5,1.25,31.75,road_node,,True,True
5014,596700.0,1807200.0,60491,0,0,1.0-1.5,1.25,31.75,road_node,,True,True
5015,664200.0,1942100.0,60646,0,0,4.0-6.0,5.0,127.0,road_node,,True,True
5016,599400.0,1807300.0,60491,0,0,1.5-2.0,1.75,44.45,road_node,,True,True
5017,667200.0,1942000.0,60659,0,0,4.0-6.0,5.0,127.0,road_node,,True,True
5018,596700.0,1809800.0,60491,0,0,1.5-2.0,1.75,44.45,road_node,,True,True
5019,668900.0,1942200.0,60659,0,0,4.0-6.0,5.0,127.0,road_node,,True,True
5020,668300.0,1941200.0,60659,0,0,4.0-6.0,5.0,127.0,road_node,,True,True
5021,669100.0,1940600.0,60659,0,0,4.0-6.0,5.0,127.0,road_node,,True,True
5022,669200.0,1939700.0,60659,0,0,4.0-6.0,5.0,127.0,road_node,,True,True
5023,671300.0,1755200.0,60466,0,0,2.0-3.0,2.5,63.5,road_node,,True,True
5024,670300.0,1939700.0,60659,0,0,4.0-6.0,5.0,127.0,road_node,,True,True
5025,680500.0,1755300.0,60466,0,0,2.0-3.0,2.5,63.5,road_node,,True,True
5026,688500.0,1757900.0,60475,0,0,1.5-2.0,1.75,44.45,road_node,,True,True
5027,698900.0,1750100.0,60475,0,0,1.5-2.0,1.75,44.45,road_node,,True,True
5028,699700.0,1755800.0,60475,0,0,1.5-2.0,1.75,44.45,road_node,,True,True
5029,707800.0,1750200.0,60475,0,0,1.0-1.5,1.25,31.75,road_node,,True,True
5030,689700.0,1761900.0,60475,0,0,1.5-2.0,1.75,44.45,road_node,,True,True
5031,691500.0,1762000.0,60475,0,0,1.5-2.0,1.75,44.45,road_node,,True,True
5032,695100.0,1762000.0,60411,0,0,2.0-3.0,2.5,63.5,road_node,,True,True
5033,696400.0,1762000.0,60411,0,0,2.0-3.0,2.5,63.5,road_node,,True,True
5034,672200.0,1942200.0,60659,0,0,4.0-6.0,5.0,127.0,road_node,,True,True
5035,695100.0,1763300.0,60411,0,0,2.0-3.0,2.5,63.5,road_node,,True,True
5036,695200.0,1758000.0,60475,0,0,1.5-2.0,1.75,44.45,road_node,,True,True
5037,672300.0,1939700.0,60659,0,0,4.0-6.0,5.0,127.0,road_node,,True,True
5038,704300.0,1786800.0,60476,0,0,2.0-3.0,2.5,63.5,road_node,,True,True
5039,706000.0,1786800.0,60476,0,0,2.0-3.0,2.5,63.5,road_node,,True,True
5040,674800.0,1942300.0,60659,0,0,4.0-6.0,5.0,127.0,road_node,,True,True
5041,721100.0,1784500.0,60438,0,0,3.0-4.0,3.5,88.9,road_node,,True,True
5042,661900.0,1785200.0,60478,0,0,2.0-3.0,2.5,63.5,road_node,,True,True
5043,660800.0,1784400.0,60478,0,0,2.0-3.0,2.5,63.5,road_node,,True,True
5044,661300.0,1785400.0,60478,0,0,2.0-3.0,2.5,63.5,road_node,,True,True
5045,661500.0,1784100.0,60478,0,0,2.0-3.0,2.5,63.5,road_node,,True,True
5046,673800.0,1791400.0,60429,0,0,3.0-4.0,3.5,88.9,road_node,,True,True
5047,673800.0,1791200.0,60429,0,0,3.0-4.0,3.5,88.9,road_node,,True,True
5048,674800.0,1790800.0,60429,0,0,3.0-4.0,3.5,88.9,road_node,,True,True
5049,674800.0,1791800.0,60429,0,0,3.0-4.0,3.5,88.9,road_node,,True,True
5050,677700.0,1791400.0,60429,0,0,3.0-4.0,3.5,88.9,road_node,,True,True
5051,677400.0,1791100.0,60429,0,0,3.0-4.0,3.5,88.9,road_node,,True,True
5052,678300.0,1792200.0,60429,0,0,3.0-4.0,3.5,88.9,road_node,,True,True
5053,678500.0,1792100.0,60429,0,0,3.0-4.0,3.5,88.9,road_node,,True,True
5054,679200.0,1790800.0,60429,0,0,3.0-4.0,3.5,88.9,road_node,,True,True
5055,679400.0,1790600.0,60429,0,0,3.0-4.0,3.5,88.9,road_node,,True,True
5056,678200.0,1790800.0,60429,0,0,3.0-4.0,3.5,88.9,road_node,,True,True
5057,678400.0,1790700.0,60429,0,0,3.0-4.0,3.5,88.9,road_node,,True,True
5058,679300.0,1790100.0,60429,0,0,3.0-4.0,3.5,88.9,road_node,,True,True
5059,679913.0,1790120.0,60429,0,0,3.0-4.0,3.5,88.9,road_node,,True,True
5060,691500.0,1790200.0,60476,0,0,2.0-3.0,2.5,63.5,road_node,,True,True
5061,691300.0,1790400.0,60476,0,0,2.0-3.0,2.5,63.5,road_node,,True,True
5062,691300.0,1788900.0,60476,0,0,2.0-3.0,2.5,63.5,road_node,,True,True
5063,691600.0,1789100.0,60476,0,0,2.0-3.0,2.5,63.5,road_node,,True,True
5064,691700.0,1789700.0,60476,0,0,2.0-3.0,2.5,63.5,road_node,,True,True
5065,689600.0,1789500.0,60476,0,0,2.0-3.0,2.5,63.5,road_node,,True,True
5066,586800.0,1867500.0,60515,0,0,2.0-3.0,2.5,63.5,road_node,,True,True
5067,587600.0,1866400.0,60515,0,0,2.0-3.0,2.5,63.5,road_node,,True,True
5068,587900.0,1869800.0,60515,0,0,2.0-3.0,2.5,63.5,road_node,,True,True
5069,588100.0,1867500.0,60515,0,0,2.0-3.0,2.5,63.5,road_node,,True,True
5070,588800.0,1867500.0,60515,0,0,2.0-3.0,2.5,63.5,road_node,,True,True
5071,587500.0,1867600.0,60515,0,0,2.0-3.0,2.5,63.5,road_node,,True,True
5072,586000.0,1861200.0,60516,0,0,2.0-3.0,2.5,63.5,road_node,,True,True
5073,704600.0,1792600.0,60473,0,0,2.0-3.0,2.5,63.5,road_node,,True,True
5074,678400.0,1942500.0,60626,0,0,4.0-6.0,5.0,127.0,road_node,,True,True
5075,680000.0,1942500.0,60660,0,0,3.0-4.0,3.5,88.9,road_node,,True,True
5076,679600.0,1939800.0,60660,0,0,4.0-6.0,5.0,127.0,road_node,,True,True
5077,680200.0,1939400.0,60660,0,0,4.0-6.0,5.0,127.0,road_node,,True,True
5078,660600.0,1798500.0,60452,0,0,2.0-3.0,2.5,63.5,road_node,,True,True
5079,657900.0,1801100.0,60452,0,0,2.0-3.0,2.5,63.5,road_node,,True,True
5080,682700.0,1942600.0,60660,0,0,,,,road_node,,True,False
5081,684100.0,1942600.0,60660,0,0,,,,road_node,,True,False
5082,663200.0,1801200.0,60452,0,0,2.0-3.0,2.5,63.5,road_node,,True,True
5083,643100.0,1937800.0,60631,0,0,4.0-6.0,5.0,127.0,road_node,,True,True
5084,643100.0,1936800.0,60631,0,0,4.0-6.0,5.0,127.0,road_node,,True,True
5085,643100.0,1936000.0,60656,0,0,4.0-6.0,5.0,127.0,road_node,,True,True
5086,579500.0,1859500.0,60516,0,0,3.0-4.0,3.5,88.9,road_node,,True,True
5087,643100.0,1933500.0,60706,0,0,4.0-6.0,5.0,127.0,road_node,,True,True
5088,680500.0,1803700.0,60469,0,0,2.0-3.0,2.5,63.5,road_node,,True,True
5089,683900.0,1800400.0,60426,0,0,3.0-4.0,3.5,88.9,road_node,,True,True
5090,685200.0,1800400.0,60426,0,0,3.0-4.0,3.5,88.9,road_node,,True,True
5091,687900.0,1800400.0,60426,0,0,3.0-4.0,3.5,88.9,road_node,,True,True
5092,601000.0,1988900.0,60004,0,0,2.0-3.0,2.5,63.5,road_node,,True,True
5093,683900.0,1803700.0,60426,0,0,3.0-4.0,3.5,88.9,road_node,,True,True
5094,685200.0,1803700.0,60426,0,0,3.0-4.0,3.5,88.9,road_node,,True,True
5095,687300.0,1803700.0,60426,0,0,3.0-4.0,3.5,88.9,road_node,,True,True
5096,687900.0,1803700.0,60426,0,0,3.0-4.0,3.5,88.9,road_node,,True,True
5097,689200.0,1803700.0,60426,0,0,3.0-4.0,3.5,88.9,road_node,,True,True
5098,689100.0,1804400.0,60426,0,0,3.0-4.0,3.5,88.9,road_node,,True,True
5099,685200.0,1805600.0,60426,0,0,3.0-4.0,3.5,88.9,road_node,,True,True
5100,648500.0,1936700.0,60630,0,0,4.0-6.0,5.0,127.0,road_node,,True,True
5101,687800.0,1806600.0,60426,0,0,3.0-4.0,3.5,88.9,road_node,,True,True
5102,690600.0,1795200.0,60426,0,0,3.0-4.0,3.5,88.9,road_node,,True,True
5103,648400.0,1934100.0,60630,0,0,4.0-6.0,5.0,127.0,road_node,,True,True
5104,695900.0,1795200.0,60473,0,0,3.0-4.0,3.5,88.9,road_node,,True,True
5105,649900.0,1936800.0,60630,0,0,4.0-6.0,5.0,127.0,road_node,,True,True
5106,701300.0,1795300.0,60473,0,0,2.0-3.0,2.5,63.5,road_node,,True,True
5107,651100.0,1936800.0,60630,0,0,4.0-6.0,5.0,127.0,road_node,,True,True
5108,685300.0,1797700.0,60426,0,0,3.0-4.0,3.5,88.9,road_node,,True,True
5109,703800.0,1797900.0,60473,0,0,2.0-3.0,2.5,63.5,road_node,,True,True
5110,706400.0,1797900.0,60473,0,0,2.0-3.0,2.5,63.5,road_node,,True,True
5111,709200.0,1798000.0,60409,0,0,2.0-3.0,2.5,63.5,road_node,,True,True
5112,721000.0,1796200.0,46324,0,0,3.0-4.0,3.5,88.9,road_node,,True,True
5113,690500.0,1801400.0,60426,0,0,3.0-4.0,3.5,88.9,road_node,,True,True
5114,691000.0,1801500.0,60426,0,0,3.0-4.0,3.5,88.9,road_node,,True,True
5115,695900.0,1800900.0,60473,0,0,3.0-4.0,3.5,88.9,road_node,,True,True
5116,652100.0,1936800.0,60630,0,0,4.0-6.0,5.0,127.0,road_node,,True,True
5117,709100.0,1803400.0,60409,0,0,3.0-4.0,3.5,88.9,road_node,,True,True
5118,721000.0,1798100.0,60409,0,0,3.0-4.0,3.5,88.9,road_node,,True,True
5119,651100.0,1936000.0,60630,0,0,4.0-6.0,5.0,127.0,road_node,,True,True
5120,651100.0,1934200.0,60630,0,0,4.0-6.0,5.0,127.0,road_node,,True,True
5121,651100.0,1933300.0,60630,0,0,4.0-6.0,5.0,127.0,road_node,,True,True
5122,580800.0,1859500.0,60516,0,0,3.0-4.0,3.5,88.9,road_node,,True,True
5123,706000.0,1805400.0,60419,0,0,2.0-3.0,2.5,63.5,road_node,,True,True
5124,706200.0,1804900.0,60419,0,0,2.0-3.0,2.5,63.5,road_node,,True,True
5125,721000.0,1803500.0,60409,0,0,3.0-4.0,3.5,88.9,road_node,,True,True
5126,721000.0,1805300.0,46320,0,0,3.0-4.0,3.5,88.9,road_node,,True,True
5127,721000.0,1805700.0,46320,0,0,3.0-4.0,3.5,88.9,road_node,,True,True
5128,653600.0,1937600.0,60646,0,0,4.0-6.0,5.0,127.0,road_node,,True,True
5129,673900.0,1814800.0,60472,0,0,2.0-3.0,2.5,63.5,road_node,,True,True
5130,721200.0,1759400.0,46311,0,0,1.5-2.0,1.75,44.45,road_node,,True,True
5131,462400.0,1991600.0,60142,0,0,1.5-2.0,1.75,44.45,road_node,,True,True
5132,442400.0,1998300.0,60180,0,0,,,,road_node,,True,False
5133,442700.0,1998500.0,60180,0,0,,,,road_node,,True,False
5140,478200.0,1983500.0,60136,0,0,1.5-2.0,1.75,44.45,road_node,,True,True
5141,478200.0,1983700.0,60136,0,0,1.5-2.0,1.75,44.45,road_node,,True,True
5142,639100.0,2008600.0,60035,0,0,2.0-3.0,2.5,63.5,road_node,,True,True
5143,513900.0,1870100.0,60502,0,0,0.5-1.0,0.75,19.05,road_node,,True,True
5144,506500.0,1868600.0,60542,0,0,0.5-1.0,0.75,19.05,road_node,,True,True
5145,506300.0,1868600.0,60542,0,0,0.5-1.0,0.75,19.05,road_node,,True,True
5146,506300.0,1868400.0,60542,0,0,0.5-1.0,0.75,19.05,road_node,,True,True
5147,506500.0,1868400.0,60542,0,0,0.5-1.0,0.75,19.05,road_node,,True,True
5148,645100.0,1997900.0,60022,0,0,2.0-3.0,2.5,63.5,road_node,,True,True
5150,619400.0,1944100.0,60018,0,0,3.0-4.0,3.5,88.9,road_node,,True,True
5152,653600.0,1936900.0,60646,0,0,4.0-6.0,5.0,127.0,road_node,,True,True
5153,582200.0,1858600.0,60516,0,0,3.0-4.0,3.5,88.9,road_node,,True,True
5154,654700.0,1936900.0,60646,0,0,4.0-6.0,5.0,127.0,road_node,,True,True
5155,494100.0,1975100.0,60136,0,0,1.5-2.0,1.75,44.45,road_node,,True,True
5156,494100.0,1974900.0,60136,0,0,1.5-2.0,1.75,44.45,road_node,,True,True
5157,530100.0,1815400.0,60585,0,0,0.5-1.0,0.75,19.05,road_node,,True,True
5158,653400.0,1934200.0,60630,0,0,4.0-6.0,5.0,127.0,road_node,,True,True
5159,660800.0,1877000.0,60632,0,0,6.0-8.0,7.0,177.8,road_node,,True,True
5160,661500.0,1876800.0,60632,0,0,6.0-8.0,7.0,177.8,road_node,,True,True
5161,660800.0,1876000.0,60638,0,0,6.0-8.0,7.0,177.8,road_node,,True,True
5162,660300.0,1876100.0,60632,0,0,6.0-8.0,7.0,177.8,road_node,,True,True
5163,653600.0,1934400.0,60630,0,0,4.0-6.0,5.0,127.0,road_node,,True,True
5164,694900.0,1820700.0,60628,0,0,3.0-4.0,3.5,88.9,road_node,,True,True
5165,692800.0,1826000.0,60628,0,0,2.0-3.0,2.5,63.5,road_node,,True,True
5166,694700.0,1826000.0,60628,0,0,2.0-3.0,2.5,63.5,road_node,,True,True
5167,675700.0,1913100.0,60647,0,0,4.0-6.0,5.0,127.0,road_node,,True,True
5168,694600.0,1828700.0,60628,0,0,2.0-3.0,2.5,63.5,road_node,,True,True
5169,694500.0,1831300.0,60628,0,0,3.0-4.0,3.5,88.9,road_node,,True,True
5170,692600.0,1831300.0,60628,0,0,2.0-3.0,2.5,63.5,road_node,,True,True
5171,692600.0,1833900.0,60628,0,0,2.0-3.0,2.5,63.5,road_node,,True,True
5172,692500.0,1836600.0,60628,0,0,2.0-3.0,2.5,63.5,road_node,,True,True
5173,683300.0,1819700.0,60406,0,0,2.0-3.0,2.5,63.5,road_node,,True,True
5174,682800.0,1820400.0,60406,0,0,2.0-3.0,2.5,63.5,road_node,,True,True
5175,683000.0,1820900.0,60406,0,0,2.0-3.0,2.5,63.5,road_node,,True,True
5176,683400.0,1820400.0,60406,0,0,2.0-3.0,2.5,63.5,road_node,,True,True
5177,683600.0,1821700.0,60406,0,0,2.0-3.0,2.5,63.5,road_node,,True,True
5178,683600.0,1823100.0,60406,0,0,2.0-3.0,2.5,63.5,road_node,,True,True
5179,682900.0,1823100.0,60406,0,0,2.0-3.0,2.5,63.5,road_node,,True,True
5180,683400.0,1824600.0,60406,0,0,2.0-3.0,2.5,63.5,road_node,,True,True
5181,683500.0,1825200.0,60643,0,0,2.0-3.0,2.5,63.5,road_node,,True,True
5182,683300.0,1825000.0,60643,0,0,2.0-3.0,2.5,63.5,road_node,,True,True
5183,683200.0,1825700.0,60643,0,0,2.0-3.0,2.5,63.5,road_node,,True,True
5184,683300.0,1830000.0,60643,0,0,1.5-2.0,1.75,44.45,road_node,,True,True
5185,683500.0,1826500.0,60643,0,0,2.0-3.0,2.5,63.5,road_node,,True,True
5186,683400.0,1826900.0,60643,0,0,1.5-2.0,1.75,44.45,road_node,,True,True
5187,683100.0,1827600.0,60643,0,0,1.5-2.0,1.75,44.45,road_node,,True,True
5188,683200.0,1828000.0,60643,0,0,1.5-2.0,1.75,44.45,road_node,,True,True
5189,683100.0,1828400.0,60643,0,0,1.5-2.0,1.75,44.45,road_node,,True,True
5190,683300.0,1828700.0,60643,0,0,1.5-2.0,1.75,44.45,road_node,,True,True
5191,683400.0,1829100.0,60643,0,0,1.5-2.0,1.75,44.45,road_node,,True,True
5192,683100.0,1828900.0,60643,0,0,1.5-2.0,1.75,44.45,road_node,,True,True
5193,683100.0,1829200.0,60643,0,0,1.5-2.0,1.75,44.45,road_node,,True,True
5194,683600.0,1830000.0,60643,0,0,2.0-3.0,2.5,63.5,road_node,,True,True
5195,683900.0,1831100.0,60643,0,0,2.0-3.0,2.5,63.5,road_node,,True,True
5196,683600.0,1831100.0,60643,0,0,2.0-3.0,2.5,63.5,road_node,,True,True
5197,683900.0,1831500.0,60643,0,0,2.0-3.0,2.5,63.5,road_node,,True,True
5198,684100.0,1832400.0,60643,0,0,2.0-3.0,2.5,63.5,road_node,,True,True
5199,685500.0,1836400.0,60643,0,0,2.0-3.0,2.5,63.5,road_node,,True,True
5200,686300.0,1838800.0,60643,0,0,2.0-3.0,2.5,63.5,road_node,,True,True
5201,687600.0,1839200.0,60643,0,0,2.0-3.0,2.5,63.5,road_node,,True,True
5202,688400.0,1839500.0,60643,0,0,2.0-3.0,2.5,63.5,road_node,,True,True
5203,689100.0,1839300.0,60628,0,0,2.0-3.0,2.5,63.5,road_node,,True,True
5204,693200.0,1855200.0,60620,0,0,2.0-3.0,2.5,63.5,road_node,,True,True
5205,692800.0,1855200.0,60620,0,0,2.0-3.0,2.5,63.5,road_node,,True,True
5206,693100.0,1856200.0,60621,0,0,2.0-3.0,2.5,63.5,road_node,,True,True
5207,692900.0,1856300.0,60621,0,0,2.0-3.0,2.5,63.5,road_node,,True,True
5208,692700.0,1858600.0,60621,0,0,2.0-3.0,2.5,63.5,road_node,,True,True
5209,694200.0,1865700.0,60637,0,0,3.0-4.0,3.5,88.9,road_node,,True,True
5210,694200.0,1868300.0,60637,0,0,3.0-4.0,3.5,88.9,road_node,,True,True
5211,694100.0,1871100.0,60615,0,0,3.0-4.0,3.5,88.9,road_node,,True,True
5212,694100.0,1873700.0,60615,0,0,3.0-4.0,3.5,88.9,road_node,,True,True
5213,703500.0,1861900.0,60637,0,0,3.0-4.0,3.5,88.9,road_node,,True,True
5214,706300.0,1863500.0,60637,0,0,3.0-4.0,3.5,88.9,road_node,,True,True
5215,705100.0,1868700.0,60637,0,0,3.0-4.0,3.5,88.9,road_node,,True,True
5216,693800.0,1840000.0,60628,0,0,2.0-3.0,2.5,63.5,road_node,,True,True
5217,693000.0,1840200.0,60628,0,0,2.0-3.0,2.5,63.5,road_node,,True,True
5218,692400.0,1839900.0,60628,0,0,2.0-3.0,2.5,63.5,road_node,,True,True
5219,692300.0,1841800.0,60628,0,0,2.0-3.0,2.5,63.5,road_node,,True,True
5220,683900.0,1839000.0,60643,0,0,2.0-3.0,2.5,63.5,road_node,,True,True
5221,585300.0,1746100.0,60433,0,0,1.0-1.5,1.25,31.75,road_node,,True,True
5222,585400.0,1743500.0,60433,0,0,0.5-1.0,0.75,19.05,road_node,,True,True
5223,590700.0,1743600.0,60433,0,0,1.0-1.5,1.25,31.75,road_node,,True,True
5224,596000.0,1743700.0,60451,0,0,1.0-1.5,1.25,31.75,road_node,,True,True
5225,601200.0,1743900.0,60451,0,0,1.0-1.5,1.25,31.75,road_node,,True,True
5226,606600.0,1744000.0,60451,0,0,1.0-1.5,1.25,31.75,road_node,,True,True
5227,611900.0,1744100.0,60451,0,0,1.0-1.5,1.25,31.75,road_node,,True,True
5228,617200.0,1744200.0,60423,0,0,1.0-1.5,1.25,31.75,road_node,,True,True
5229,617800.0,1744000.0,60423,0,0,1.0-1.5,1.25,31.75,road_node,,True,True
5230,623200.0,1744100.0,60423,0,0,1.0-1.5,1.25,31.75,road_node,,True,True
5231,628400.0,1746900.0,60423,0,0,1.0-1.5,1.25,31.75,road_node,,True,True
5232,659200.0,1934200.0,60630,0,0,4.0-6.0,5.0,127.0,road_node,,True,True
5233,633700.0,1747000.0,60423,0,0,1.0-1.5,1.25,31.75,road_node,,True,True
5234,633700.0,1744300.0,60423,0,0,1.0-1.5,1.25,31.75,road_node,,True,True
5235,639000.0,1744500.0,60423,0,0,1.0-1.5,1.25,31.75,road_node,,True,True
5236,644300.0,1744500.0,60423,0,0,1.0-1.5,1.25,31.75,road_node,,True,True
5237,649700.0,1744500.0,60449,0,0,1.5-2.0,1.75,44.45,road_node,,True,True
5238,585500.0,1738200.0,60421,0,0,1.0-1.5,1.25,31.75,road_node,,True,True
5239,590900.0,1738200.0,60442,0,0,1.0-1.5,1.25,31.75,road_node,,True,True
5240,596100.0,1738400.0,60442,0,0,1.0-1.5,1.25,31.75,road_node,,True,True
5241,601400.0,1738500.0,60442,0,0,1.0-1.5,1.25,31.75,road_node,,True,True
5242,606700.0,1738700.0,60442,0,0,1.0-1.5,1.25,31.75,road_node,,True,True
5243,659200.0,1933200.0,60630,0,0,4.0-6.0,5.0,127.0,road_node,,True,True
5244,612600.0,1738500.0,60442,0,0,1.0-1.5,1.25,31.75,road_node,,True,True
5245,617900.0,1738600.0,60423,0,0,1.0-1.5,1.25,31.75,road_node,,True,True
5246,623300.0,1738800.0,60423,0,0,1.0-1.5,1.25,31.75,road_node,,True,True
5247,628500.0,1738900.0,60423,0,0,1.5-2.0,1.75,44.45,road_node,,True,True
5248,633800.0,1739000.0,60423,0,0,1.0-1.5,1.25,31.75,road_node,,True,True
5249,639100.0,1739200.0,60423,0,0,1.5-2.0,1.75,44.45,road_node,,True,True
5250,644400.0,1739300.0,60449,0,0,1.5-2.0,1.75,44.45,road_node,,True,True
5251,649800.0,1739300.0,60449,0,0,1.5-2.0,1.75,44.45,road_node,,True,True
5252,585600.0,1735500.0,60442,0,0,1.5-2.0,1.75,44.45,road_node,,True,True
5253,590900.0,1735600.0,60442,0,0,1.0-1.5,1.25,31.75,road_node,,True,True
5254,664500.0,1936900.0,60659,0,0,4.0-6.0,5.0,127.0,road_node,,True,True
5255,585700.0,1731400.0,60442,0,0,0.5-1.0,0.75,19.05,road_node,,True,True
5256,591000.0,1731600.0,60442,0,0,0.5-1.0,0.75,19.05,road_node,,True,True
5257,664500.0,1934100.0,60630,0,0,4.0-6.0,5.0,127.0,road_node,,True,True
5258,596300.0,1733100.0,60442,0,0,0.5-1.0,0.75,19.05,road_node,,True,True
5259,596300.0,1730200.0,60442,0,0,0.5-1.0,0.75,19.05,road_node,,True,True
5260,606800.0,1733400.0,60442,0,0,0.5-1.0,0.75,19.05,road_node,,True,True
5261,607400.0,1733200.0,60442,0,0,0.5-1.0,0.75,19.05,road_node,,True,True
5262,607400.0,1730500.0,60442,0,0,0.5-1.0,0.75,19.05,road_node,,True,True
5263,612700.0,1733300.0,60442,0,0,0.5-1.0,0.75,19.05,road_node,,True,True
5264,612700.0,1730700.0,60442,0,0,0.5-1.0,0.75,19.05,road_node,,True,True
5265,618000.0,1733400.0,60442,0,0,0.5-1.0,0.75,19.05,road_node,,True,True
5266,628600.0,1733600.0,60423,0,0,1.0-1.5,1.25,31.75,road_node,,True,True
5267,668400.0,1937000.0,60659,0,0,4.0-6.0,5.0,127.0,road_node,,True,True
5268,639200.0,1733800.0,60449,0,0,1.5-2.0,1.75,44.45,road_node,,True,True
5269,644500.0,1733900.0,60449,0,0,2.0-3.0,2.5,63.5,road_node,,True,True
5270,649900.0,1734000.0,60449,0,0,2.0-3.0,2.5,63.5,road_node,,True,True
5271,585700.0,1730200.0,60442,0,0,0.5-1.0,0.75,19.05,road_node,,True,True
5272,585800.0,1727500.0,60442,0,0,0.5-1.0,0.75,19.05,road_node,,True,True
5273,591200.0,1727700.0,60442,0,0,0.5-1.0,0.75,19.05,road_node,,True,True
5274,597500.0,1727900.0,60442,0,0,0.5-1.0,0.75,19.05,road_node,,True,True
5275,601700.0,1728000.0,60442,0,0,0.5-1.0,0.75,19.05,road_node,,True,True
5276,602100.0,1727700.0,60442,0,0,0.5-1.0,0.75,19.05,road_node,,True,True
5277,607400.0,1727900.0,60442,0,0,0.5-1.0,0.75,19.05,road_node,,True,True
5278,612700.0,1728000.0,60442,0,0,0.5-1.0,0.75,19.05,road_node,,True,True
5279,618100.0,1728100.0,60442,0,0,0.5-1.0,0.75,19.05,road_node,,True,True
5280,669800.0,1937000.0,60659,0,0,4.0-6.0,5.0,127.0,road_node,,True,True
5281,628700.0,1728300.0,60449,0,0,1.0-1.5,1.25,31.75,road_node,,True,True
5282,633900.0,1728400.0,60449,0,0,1.5-2.0,1.75,44.45,road_node,,True,True
5283,669900.0,1934300.0,60625,0,0,4.0-6.0,5.0,127.0,road_node,,True,True
5284,644600.0,1728700.0,60449,0,0,2.0-3.0,2.5,63.5,road_node,,True,True
5285,586000.0,1722200.0,60442,0,0,0.5-1.0,0.75,19.05,road_node,,True,True
5286,591300.0,1722400.0,60442,0,0,0.5-1.0,0.75,19.05,road_node,,True,True
5287,597000.0,1722500.0,60442,0,0,0.5-1.0,0.75,19.05,road_node,,True,True
5288,598800.0,1723700.0,60442,0,0,0.5-1.0,0.75,19.05,road_node,,True,True
5289,599400.0,1722400.0,60442,0,0,0.5-1.0,0.75,19.05,road_node,,True,True
5290,602200.0,1722400.0,60442,0,0,0.5-1.0,0.75,19.05,road_node,,True,True
5291,602300.0,1718100.0,60442,0,0,,,,road_node,,True,False
5292,673400.0,1937100.0,60659,0,0,4.0-6.0,5.0,127.0,road_node,,True,True
5293,612800.0,1722700.0,60442,0,0,0.5-1.0,0.75,19.05,road_node,,True,True
5294,614200.0,1722700.0,60442,0,0,0.5-1.0,0.75,19.05,road_node,,True,True
5295,618200.0,1722800.0,60442,0,0,1.0-1.5,1.25,31.75,road_node,,True,True
5296,623600.0,1722900.0,60442,0,0,1.0-1.5,1.25,31.75,road_node,,True,True
5297,628800.0,1723000.0,60449,0,0,1.0-1.5,1.25,31.75,road_node,,True,True
5298,634100.0,1723200.0,60449,0,0,1.5-2.0,1.75,44.45,road_node,,True,True
5299,639400.0,1723300.0,60449,0,0,2.0-3.0,2.5,63.5,road_node,,True,True
5300,644700.0,1723400.0,60449,0,0,2.0-3.0,2.5,63.5,road_node,,True,True
5301,650100.0,1723500.0,60449,0,0,2.0-3.0,2.5,63.5,road_node,,True,True
5302,591500.0,1717100.0,60442,0,0,,,,road_node,,True,False
5304,597100.0,1717000.0,60442,0,0,,,,road_node,,True,False
5311,607700.0,1717300.0,60442,0,0,,,,road_node,,True,False
5313,614300.0,1717400.0,60442,0,0,,,,road_node,,True,False
5314,618300.0,1717500.0,60442,0,0,,,,road_node,,True,False
5315,623700.0,1717600.0,60442,0,0,,,,road_node,,True,False
5316,628900.0,1717800.0,60468,0,0,,,,road_node,,True,False
5317,634200.0,1717900.0,60468,0,0,,,,road_node,,True,False
5318,639500.0,1718000.0,60468,0,0,,,,road_node,,True,False
5319,644800.0,1718100.0,60449,0,0,,,,road_node,,True,False
5320,650200.0,1718200.0,60449,0,0,,,,road_node,,True,False
5335,674200.0,1934400.0,60625,0,0,4.0-6.0,5.0,127.0,road_node,,True,True
5337,675000.0,1937000.0,60625,0,0,4.0-6.0,5.0,127.0,road_node,,True,True
5339,459400.0,1793900.0,60560,0,0,,,,road_node,,True,False
5344,675100.0,1934300.0,60625,0,0,4.0-6.0,5.0,127.0,road_node,,True,True
5363,680300.0,1937100.0,60640,0,0,4.0-6.0,5.0,127.0,road_node,,True,True
5369,680400.0,1934500.0,60640,0,0,3.0-4.0,3.5,88.9,road_node,,True,True
5371,682900.0,1937200.0,60640,0,0,4.0-6.0,5.0,127.0,road_node,,True,True
5372,683000.0,1934600.0,60640,0,0,4.0-6.0,5.0,127.0,road_node,,True,True
5381,684300.0,1937900.0,60660,0,0,4.0-6.0,5.0,127.0,road_node,,True,True
5407,522400.0,1741500.0,60410,0,0,0.5-1.0,0.75,19.05,road_node,,True,True
5408,522700.0,1730900.0,60410,0,0,0.25-0.5,0.375,9.525,road_node,,True,True
5409,528600.0,1735600.0,60410,0,0,0.5-1.0,0.75,19.05,road_node,,True,True
5410,684300.0,1937300.0,60640,0,0,4.0-6.0,5.0,127.0,road_node,,True,True
5411,530000.0,1735600.0,60410,0,0,0.5-1.0,0.75,19.05,road_node,,True,True
5412,531200.0,1736400.0,60410,0,0,0.5-1.0,0.75,19.05,road_node,,True,True
5413,524700.0,1730900.0,60410,0,0,0.5-1.0,0.75,19.05,road_node,,True,True
5414,525300.0,1730900.0,60410,0,0,0.5-1.0,0.75,19.05,road_node,,True,True
5415,530100.0,1731800.0,60410,0,0,0.5-1.0,0.75,19.05,road_node,,True,True
5416,537800.0,1733200.0,60410,0,0,0.5-1.0,0.75,19.05,road_node,,True,True
5417,537100.0,1743800.0,60410,0,0,0.5-1.0,0.75,19.05,road_node,,True,True
5418,537300.0,1744000.0,60410,0,0,0.5-1.0,0.75,19.05,road_node,,True,True
5419,538200.0,1744800.0,60410,0,0,1.0-1.5,1.25,31.75,road_node,,True,True
5420,537700.0,1745500.0,60410,0,0,1.0-1.5,1.25,31.75,road_node,,True,True
5421,537700.0,1743300.0,60410,0,0,0.5-1.0,0.75,19.05,road_node,,True,True
5422,537200.0,1736500.0,60410,0,0,0.5-1.0,0.75,19.05,road_node,,True,True
5423,537400.0,1736500.0,60410,0,0,0.5-1.0,0.75,19.05,road_node,,True,True
5424,538000.0,1737300.0,60410,0,0,0.5-1.0,0.75,19.05,road_node,,True,True
5425,537900.0,1735800.0,60410,0,0,0.5-1.0,0.75,19.05,road_node,,True,True
5426,538400.0,1736500.0,60410,0,0,0.5-1.0,0.75,19.05,road_node,,True,True
5427,538700.0,1736500.0,60410,0,0,0.5-1.0,0.75,19.05,road_node,,True,True
5428,467000.0,1795500.0,60560,0,0,0.5-1.0,0.75,19.05,road_node,,True,True
5429,537600.0,1730400.0,60410,0,0,0.5-1.0,0.75,19.05,road_node,,True,True
5430,685000.0,1936600.0,60640,0,0,4.0-6.0,5.0,127.0,road_node,,True,True
5431,471900.0,1795700.0,60560,0,0,0.5-1.0,0.75,19.05,road_node,,True,True
5432,539300.0,1731300.0,60410,0,0,0.5-1.0,0.75,19.05,road_node,,True,True
5433,538400.0,1729700.0,60410,0,0,0.5-1.0,0.75,19.05,road_node,,True,True
5434,538200.0,1729700.0,60410,0,0,0.5-1.0,0.75,19.05,road_node,,True,True
5435,684900.0,1936400.0,60640,0,0,4.0-6.0,5.0,127.0,road_node,,True,True
5436,551300.0,1731700.0,60421,0,0,0.5-1.0,0.75,19.05,road_node,,True,True
5437,549700.0,1736800.0,60421,0,0,0.5-1.0,0.75,19.05,road_node,,True,True
5438,551000.0,1739600.0,60421,0,0,0.5-1.0,0.75,19.05,road_node,,True,True
5439,559100.0,1742600.0,60421,0,0,0.5-1.0,0.75,19.05,road_node,,True,True
5440,479900.0,1795900.0,60560,0,0,0.5-1.0,0.75,19.05,road_node,,True,True
5441,559100.0,1737400.0,60421,0,0,0.5-1.0,0.75,19.05,road_node,,True,True
5442,684400.0,1934600.0,60640,0,0,4.0-6.0,5.0,127.0,road_node,,True,True
5443,561800.0,1734700.0,60421,0,0,0.5-1.0,0.75,19.05,road_node,,True,True
5444,685900.0,1933900.0,60640,0,0,4.0-6.0,5.0,127.0,road_node,,True,True
5445,561800.0,1742600.0,60421,0,0,0.5-1.0,0.75,19.05,road_node,,True,True
5446,564500.0,1742800.0,60421,0,0,0.5-1.0,0.75,19.05,road_node,,True,True
5447,564500.0,1734700.0,60421,0,0,0.5-1.0,0.75,19.05,road_node,,True,True
5448,550700.0,1747400.0,60436,0,0,1.0-1.5,1.25,31.75,road_node,,True,True
5449,567100.0,1737500.0,60421,0,0,0.5-1.0,0.75,19.05,road_node,,True,True
5450,567000.0,1742900.0,60421,0,0,0.5-1.0,0.75,19.05,road_node,,True,True
5451,569800.0,1742900.0,60421,0,0,0.5-1.0,0.75,19.05,road_node,,True,True
5452,569800.0,1740300.0,60421,0,0,0.5-1.0,0.75,19.05,road_node,,True,True
5453,569800.0,1737600.0,60421,0,0,0.5-1.0,0.75,19.05,road_node,,True,True
5454,567200.0,1734800.0,60421,0,0,0.5-1.0,0.75,19.05,road_node,,True,True
5455,569800.0,1735500.0,60421,0,0,0.5-1.0,0.75,19.05,road_node,,True,True
5456,569862.0,1734895.0,60421,0,0,0.5-1.0,0.75,19.05,road_node,,True,True
5457,570000.0,1734900.0,60421,0,0,0.5-1.0,0.75,19.05,road_node,,True,True
5458,574800.0,1745800.0,60421,0,0,0.5-1.0,0.75,19.05,road_node,,True,True
5459,579900.0,1745800.0,60433,0,0,1.0-1.5,1.25,31.75,road_node,,True,True
5461,697100.0,1858800.0,60637,0,0,2.0-3.0,2.5,63.5,road_node,,True,True
5462,575000.0,1740500.0,60421,0,0,0.5-1.0,0.75,19.05,road_node,,True,True
5463,580300.0,1740700.0,60421,0,0,1.0-1.5,1.25,31.75,road_node,,True,True
5464,580300.0,1738000.0,60421,0,0,0.5-1.0,0.75,19.05,road_node,,True,True
5465,697100.0,1858100.0,60637,0,0,2.0-3.0,2.5,63.5,road_node,,True,True
5466,685700.0,1934100.0,60640,0,0,4.0-6.0,5.0,127.0,road_node,,True,True
5467,580400.0,1735200.0,60421,0,0,0.5-1.0,0.75,19.05,road_node,,True,True
5468,586100.0,1858300.0,60516,0,0,3.0-4.0,3.5,88.9,road_node,,True,True
5469,560700.0,1729300.0,60421,0,0,0.5-1.0,0.75,19.05,road_node,,True,True
5470,566000.0,1730300.0,60421,0,0,0.5-1.0,0.75,19.05,road_node,,True,True
5471,570000.0,1729600.0,60421,0,0,0.5-1.0,0.75,19.05,road_node,,True,True
5472,575300.0,1729800.0,60421,0,0,0.5-1.0,0.75,19.05,road_node,,True,True
5473,580500.0,1729900.0,60421,0,0,0.5-1.0,0.75,19.05,road_node,,True,True
5474,586400.0,1857000.0,60516,0,0,3.0-4.0,3.5,88.9,road_node,,True,True
5475,704800.0,1867700.0,60637,0,0,3.0-4.0,3.5,88.9,road_node,,True,True
5476,721300.0,1744500.0,46311,0,0,1.0-1.5,1.25,31.75,road_node,,True,True
5477,566100.0,1726900.0,60421,0,0,0.5-1.0,0.75,19.05,road_node,,True,True
5478,570000.0,1727000.0,60421,0,0,0.5-1.0,0.75,19.05,road_node,,True,True
5479,515500.0,1794400.0,60586,0,0,0.5-1.0,0.75,19.05,road_node,,True,True
5481,643100.0,1930900.0,60706,0,0,4.0-6.0,5.0,127.0,road_node,,True,True
5482,458500.0,1787300.0,60560,0,0,,,,road_node,,True,False
5483,557200.0,1725500.0,60421,0,0,0.5-1.0,0.75,19.05,road_node,,True,True
5484,643100.0,1928700.0,60706,0,0,4.0-6.0,5.0,127.0,road_node,,True,True
5485,562700.0,1725500.0,60421,0,0,0.5-1.0,0.75,19.05,road_node,,True,True
5486,564800.0,1725600.0,60421,0,0,0.5-1.0,0.75,19.05,road_node,,True,True
5487,645800.0,1931500.0,60706,0,0,4.0-6.0,5.0,127.0,road_node,,True,True
5488,472100.0,1787700.0,60560,0,0,0.5-1.0,0.75,19.05,road_node,,True,True
5489,645700.0,1928700.0,60706,0,0,4.0-6.0,5.0,127.0,road_node,,True,True
5490,551600.0,1721100.0,60421,0,0,0.5-1.0,0.75,19.05,road_node,,True,True
5491,555900.0,1721300.0,60421,0,0,0.5-1.0,0.75,19.05,road_node,,True,True
5492,559500.0,1721400.0,60421,0,0,0.5-1.0,0.75,19.05,road_node,,True,True
5493,564900.0,1721500.0,60421,0,0,0.5-1.0,0.75,19.05,road_node,,True,True
5494,648400.0,1931600.0,60630,0,0,4.0-6.0,5.0,127.0,road_node,,True,True
5495,575500.0,1721800.0,60421,0,0,0.5-1.0,0.75,19.05,road_node,,True,True
5496,580800.0,1722000.0,60442,0,0,0.5-1.0,0.75,19.05,road_node,,True,True
5497,721400.0,1740700.0,46311,0,0,1.0-1.5,1.25,31.75,road_node,,True,True
5499,648700.0,1928400.0,60634,0,0,4.0-6.0,5.0,127.0,road_node,,True,True
5501,651000.0,1931600.0,60630,0,0,4.0-6.0,5.0,127.0,road_node,,True,True
5503,458700.0,1782000.0,60541,0,0,,,,road_node,,True,False
5504,467000.0,1782300.0,60560,0,0,0.5-1.0,0.75,19.05,road_node,,True,True
5505,472300.0,1782400.0,60560,0,0,0.5-1.0,0.75,19.05,road_node,,True,True
5506,654000.0,1932200.0,60630,0,0,4.0-6.0,5.0,127.0,road_node,,True,True
5507,654000.0,1931300.0,60630,0,0,4.0-6.0,5.0,127.0,road_node,,True,True
5508,556500.0,1716000.0,60421,0,0,,,,road_node,,True,False
5509,515900.0,1783800.0,60586,0,0,0.25-0.5,0.375,9.525,road_node,,True,True
5513,588600.0,1857300.0,60516,0,0,3.0-4.0,3.5,88.9,road_node,,True,True
5514,654000.0,1928500.0,60641,0,0,4.0-6.0,5.0,127.0,road_node,,True,True
5517,458800.0,1774000.0,60541,0,0,,,,road_node,,True,False
5518,655800.0,1931400.0,60630,0,0,4.0-6.0,5.0,127.0,road_node,,True,True
5519,472400.0,1774500.0,60560,0,0,0.5-1.0,0.75,19.05,road_node,,True,True
5520,472500.0,1771900.0,60541,0,0,1.0-1.5,1.25,31.75,road_node,,True,True
5521,480400.0,1772100.0,60447,0,0,1.0-1.5,1.25,31.75,road_node,,True,True
5522,494900.0,1775400.0,60447,0,0,0.5-1.0,0.75,19.05,road_node,,True,True
5523,673200.0,1741300.0,60484,0,0,1.5-2.0,1.75,44.45,road_node,,True,True
5524,495000.0,1774400.0,60447,0,0,0.5-1.0,0.75,19.05,road_node,,True,True
5525,516200.0,1775900.0,60586,0,0,1.0-1.5,1.25,31.75,road_node,,True,True
5528,657400.0,1928600.0,60641,0,0,4.0-6.0,5.0,127.0,road_node,,True,True
5529,459071.0,1768730.0,60541,0,0,,,,road_node,,True,False
5530,659200.0,1931400.0,60630,0,0,4.0-6.0,5.0,127.0,road_node,,True,True
5531,677300.0,1741600.0,60484,0,0,1.5-2.0,1.75,44.45,road_node,,True,True
5532,459100.0,1760400.0,60541,0,0,,,,road_node,,True,False
5536,538600.0,1708000.0,60410,0,0,,,,road_node,,True,False
5537,538700.0,1707900.0,60410,0,0,,,,road_node,,True,False
5540,659300.0,1928700.0,60641,0,0,4.0-6.0,5.0,127.0,road_node,,True,True
5546,495500.0,1764700.0,60447,0,0,1.0-1.5,1.25,31.75,road_node,,True,True
5548,516500.0,1765300.0,60404,0,0,1.0-1.5,1.25,31.75,road_node,,True,True
5549,664600.0,1931600.0,60630,0,0,4.0-6.0,5.0,127.0,road_node,,True,True
5550,516600.0,1759800.0,60404,0,0,1.5-2.0,1.75,44.45,road_node,,True,True
5554,664600.0,1928800.0,60641,0,0,4.0-6.0,5.0,127.0,road_node,,True,True
5556,681400.0,1741100.0,60484,0,0,1.5-2.0,1.75,44.45,road_node,,True,True
5561,667300.0,1931600.0,60625,0,0,4.0-6.0,5.0,127.0,road_node,,True,True
5565,668600.0,1931700.0,60625,0,0,4.0-6.0,5.0,127.0,road_node,,True,True
5567,668600.0,1928900.0,60618,0,0,4.0-6.0,5.0,127.0,road_node,,True,True
5569,684000.0,1740800.0,60484,0,0,1.5-2.0,1.75,44.45,road_node,,True,True
5570,670000.0,1931700.0,60625,0,0,4.0-6.0,5.0,127.0,road_node,,True,True
5579,670000.0,1928900.0,60618,0,0,4.0-6.0,5.0,127.0,road_node,,True,True
5580,675200.0,1931700.0,60625,0,0,4.0-6.0,5.0,127.0,road_node,,True,True
5588,692300.0,1740800.0,60475,0,0,1.0-1.5,1.25,31.75,road_node,,True,True
5610,660400.0,1744800.0,60471,0,0,2.0-3.0,2.5,63.5,road_node,,True,True
5611,675300.0,1929000.0,60618,0,0,4.0-6.0,5.0,127.0,road_node,,True,True
5612,666700.0,1744900.0,60484,0,0,2.0-3.0,2.5,63.5,road_node,,True,True
5613,670900.0,1745000.0,60484,0,0,1.5-2.0,1.75,44.45,road_node,,True,True
5614,676600.0,1929100.0,60618,0,0,4.0-6.0,5.0,127.0,road_node,,True,True
5615,673700.0,1745000.0,60484,0,0,1.5-2.0,1.75,44.45,road_node,,True,True
5616,686200.0,1747600.0,60475,0,0,2.0-3.0,2.5,63.5,road_node,,True,True
5617,677900.0,1931800.0,60625,0,0,4.0-6.0,5.0,127.0,road_node,,True,True
5618,707700.0,1745700.0,60417,0,0,1.0-1.5,1.25,31.75,road_node,,True,True
5619,699000.0,1741900.0,60417,0,0,1.0-1.5,1.25,31.75,road_node,,True,True
5620,702600.0,1740300.0,60417,0,0,1.0-1.5,1.25,31.75,road_node,,True,True
5621,707200.0,1740400.0,60417,0,0,1.0-1.5,1.25,31.75,road_node,,True,True
5622,707900.0,1740400.0,60417,0,0,1.0-1.5,1.25,31.75,road_node,,True,True
5623,710600.0,1737800.0,60417,0,0,1.0-1.5,1.25,31.75,road_node,,True,True
5624,711000.0,1737800.0,60417,0,0,1.0-1.5,1.25,31.75,road_node,,True,True
5625,680500.0,1931800.0,60640,0,0,4.0-6.0,5.0,127.0,road_node,,True,True
5626,721500.0,1737800.0,46311,0,0,0.5-1.0,0.75,19.05,road_node,,True,True
5627,692500.0,1737400.0,60417,0,0,1.0-1.5,1.25,31.75,road_node,,True,True
5628,698600.0,1737500.0,60417,0,0,1.0-1.5,1.25,31.75,road_node,,True,True
5629,702600.0,1737600.0,60417,0,0,1.0-1.5,1.25,31.75,road_node,,True,True
5630,655200.0,1739400.0,60449,0,0,2.0-3.0,2.5,63.5,road_node,,True,True
5631,660500.0,1739400.0,60484,0,0,2.0-3.0,2.5,63.5,road_node,,True,True
5632,664500.0,1739500.0,60484,0,0,1.5-2.0,1.75,44.45,road_node,,True,True
5633,665800.0,1738300.0,60484,0,0,1.5-2.0,1.75,44.45,road_node,,True,True
5634,671200.0,1738300.0,60484,0,0,1.5-2.0,1.75,44.45,road_node,,True,True
5635,671000.0,1737000.0,60484,0,0,1.5-2.0,1.75,44.45,road_node,,True,True
5636,680500.0,1929200.0,60613,0,0,4.0-6.0,5.0,127.0,road_node,,True,True
5637,660500.0,1734200.0,60449,0,0,2.0-3.0,2.5,63.5,road_node,,True,True
5638,681400.0,1929200.0,60613,0,0,4.0-6.0,5.0,127.0,road_node,,True,True
5639,683100.0,1931900.0,60640,0,0,4.0-6.0,5.0,127.0,road_node,,True,True
5640,660600.0,1730800.0,60449,0,0,2.0-3.0,2.5,63.5,road_node,,True,True
5641,665900.0,1731700.0,60484,0,0,1.5-2.0,1.75,44.45,road_node,,True,True
5642,684500.0,1931900.0,60640,0,0,4.0-6.0,5.0,127.0,road_node,,True,True
5643,679100.0,1731900.0,60484,0,0,1.0-1.5,1.25,31.75,road_node,,True,True
5644,679100.0,1734600.0,60484,0,0,1.0-1.5,1.25,31.75,road_node,,True,True
5645,681500.0,1734600.0,60484,0,0,1.5-2.0,1.75,44.45,road_node,,True,True
5646,692700.0,1734700.0,60417,0,0,1.0-1.5,1.25,31.75,road_node,,True,True
5647,702700.0,1735000.0,60417,0,0,1.0-1.5,1.25,31.75,road_node,,True,True
5648,716100.0,1735300.0,60417,0,0,0.5-1.0,0.75,19.05,road_node,,True,True
5649,721500.0,1735400.0,46311,0,0,0.5-1.0,0.75,19.05,road_node,,True,True
5650,684300.0,1732000.0,60484,0,0,1.0-1.5,1.25,31.75,road_node,,True,True
5651,655400.0,1729000.0,60449,0,0,2.0-3.0,2.5,63.5,road_node,,True,True
5652,660600.0,1728300.0,60449,0,0,2.0-3.0,2.5,63.5,road_node,,True,True
5653,668500.0,1729200.0,60484,0,0,1.5-2.0,1.75,44.45,road_node,,True,True
5654,679100.0,1729200.0,60484,0,0,1.5-2.0,1.75,44.45,road_node,,True,True
5655,684400.0,1726600.0,60484,0,0,1.0-1.5,1.25,31.75,road_node,,True,True
5656,685700.0,1932000.0,60640,0,0,4.0-6.0,5.0,127.0,road_node,,True,True
5657,700400.0,1729600.0,60417,0,0,1.0-1.5,1.25,31.75,road_node,,True,True
5658,702800.0,1730600.0,60417,0,0,1.0-1.5,1.25,31.75,road_node,,True,True
5659,686300.0,1931900.0,60640,0,0,4.0-6.0,5.0,127.0,road_node,,True,True
5660,708200.0,1727100.0,60417,0,0,0.5-1.0,0.75,19.05,road_node,,True,True
5661,709200.0,1727200.0,60417,0,0,1.0-1.5,1.25,31.75,road_node,,True,True
5662,686200.0,1932200.0,60640,0,0,4.0-6.0,5.0,127.0,road_node,,True,True
5663,721400.0,1727400.0,46303,0,0,0.5-1.0,0.75,19.05,road_node,,True,True
5664,721500.0,1724600.0,46303,0,0,0.5-1.0,0.75,19.05,road_node,,True,True
5665,655500.0,1723700.0,60449,0,0,1.5-2.0,1.75,44.45,road_node,,True,True
5666,660500.0,1732600.0,60449,0,0,2.0-3.0,2.5,63.5,road_node,,True,True
5667,660700.0,1723700.0,60449,0,0,1.0-1.5,1.25,31.75,road_node,,True,True
5668,668600.0,1723800.0,60449,0,0,1.0-1.5,1.25,31.75,road_node,,True,True
5669,671200.0,1723800.0,60484,0,0,1.0-1.5,1.25,31.75,road_node,,True,True
5670,679200.0,1724000.0,60484,0,0,1.5-2.0,1.75,44.45,road_node,,True,True
5671,685800.0,1930700.0,60640,0,0,4.0-6.0,5.0,127.0,road_node,,True,True
5672,684500.0,1722700.0,60484,0,0,1.0-1.5,1.25,31.75,road_node,,True,True
5673,687200.0,1721400.0,60401,0,0,1.0-1.5,1.25,31.75,road_node,,True,True
5674,693800.0,1721600.0,60417,0,0,1.0-1.5,1.25,31.75,road_node,,True,True
5675,693900.0,1721600.0,60417,0,0,1.0-1.5,1.25,31.75,road_node,,True,True
5676,700300.0,1721700.0,60417,0,0,0.5-1.0,0.75,19.05,road_node,,True,True
5677,705700.0,1721800.0,60417,0,0,0.5-1.0,0.75,19.05,road_node,,True,True
5678,716300.0,1722000.0,60417,0,0,0.5-1.0,0.75,19.05,road_node,,True,True
5679,721600.0,1722100.0,46303,0,0,0.5-1.0,0.75,19.05,road_node,,True,True
5680,655600.0,1718300.0,60449,0,0,,,,road_node,,True,False
5681,656500.0,1718300.0,60449,0,0,,,,road_node,,True,False
5682,660800.0,1718400.0,60449,0,0,,,,road_node,,True,False
5683,666000.0,1718400.0,60449,0,0,1.0-1.5,1.25,31.75,road_node,,True,True
5684,668600.0,1718500.0,60449,0,0,1.0-1.5,1.25,31.75,road_node,,True,True
5685,671300.0,1718500.0,60449,0,0,1.0-1.5,1.25,31.75,road_node,,True,True
5686,676600.0,1718600.0,60484,0,0,1.5-2.0,1.75,44.45,road_node,,True,True
5687,681900.0,1718700.0,60401,0,0,1.0-1.5,1.25,31.75,road_node,,True,True
5688,684500.0,1718700.0,60401,0,0,1.0-1.5,1.25,31.75,road_node,,True,True
5689,704600.0,1719100.0,60417,0,0,0.5-1.0,0.75,19.05,road_node,,True,True
5690,708400.0,1719200.0,60417,0,0,0.5-1.0,0.75,19.05,road_node,,True,True
5691,713700.0,1719200.0,60417,0,0,0.5-1.0,0.75,19.05,road_node,,True,True
5692,716400.0,1719300.0,46303,0,0,0.5-1.0,0.75,19.05,road_node,,True,True
5694,686500.0,1930600.0,60640,0,0,,,,road_node,,True,False
5695,716400.0,1716700.0,46303,0,0,,,,road_node,,True,False
5697,721400.0,1716800.0,46303,0,0,,,,road_node,,True,False
5701,666100.0,1713100.0,60449,0,0,,,,road_node,,True,False
5702,671400.0,1713200.0,60449,0,0,,,,road_node,,True,False
5703,686400.0,1930900.0,60640,0,0,4.0-6.0,5.0,127.0,road_node,,True,True
5704,682000.0,1713500.0,60401,0,0,,,,road_node,,True,False
5705,687400.0,1713500.0,60401,0,0,,,,road_node,,True,False
5706,695400.0,1713700.0,60401,0,0,,,,road_node,,True,False
5707,700600.0,1713800.0,60401,0,0,,,,road_node,,True,False
5708,704600.0,1713900.0,60401,0,0,,,,road_node,,True,False
5709,686800.0,1929300.0,60613,0,0,4.0-6.0,5.0,127.0,road_node,,True,True
5713,686700.0,1929500.0,60640,0,0,4.0-6.0,5.0,127.0,road_node,,True,True
5742,642000.0,1925800.0,60634,0,0,4.0-6.0,5.0,127.0,road_node,,True,True
5745,643200.0,1922900.0,60634,0,0,4.0-6.0,5.0,127.0,road_node,,True,True
5747,648800.0,1925700.0,60634,0,0,4.0-6.0,5.0,127.0,road_node,,True,True
5750,648800.0,1923100.0,60634,0,0,4.0-6.0,5.0,127.0,road_node,,True,True
5753,651400.0,1925800.0,60634,0,0,4.0-6.0,5.0,127.0,road_node,,True,True
5773,591100.0,1857000.0,60516,0,0,3.0-4.0,3.5,88.9,road_node,,True,True
5775,592600.0,1857200.0,60516,0,0,2.0-3.0,2.5,63.5,road_node,,True,True
5781,582400.0,1854300.0,60516,0,0,2.0-3.0,2.5,63.5,road_node,,True,True
5788,675200.0,1749900.0,60466,0,0,1.5-2.0,1.75,44.45,road_node,,True,True
5789,721000.0,1789600.0,46324,0,0,2.0-3.0,2.5,63.5,road_node,,True,True
5790,721100.0,1789300.0,46324,0,0,2.0-3.0,2.5,63.5,road_node,,True,True
5791,654000.0,1925900.0,60634,0,0,4.0-6.0,5.0,127.0,road_node,,True,True
5792,654100.0,1923200.0,60634,0,0,4.0-6.0,5.0,127.0,road_node,,True,True
5793,656700.0,1925900.0,60641,0,0,4.0-6.0,5.0,127.0,road_node,,True,True
5794,659400.0,1926000.0,60641,0,0,4.0-6.0,5.0,127.0,road_node,,True,True
5795,664600.0,1926200.0,60641,0,0,4.0-6.0,5.0,127.0,road_node,,True,True
5796,664700.0,1923500.0,60641,0,0,4.0-6.0,5.0,127.0,road_node,,True,True
5797,666900.0,1926200.0,60618,0,0,4.0-6.0,5.0,127.0,road_node,,True,True
5798,667400.0,1923600.0,60618,0,0,4.0-6.0,5.0,127.0,road_node,,True,True
5799,746100.0,1811600.0,46312,0,0,1.5-2.0,1.75,44.45,road_node,,True,True
5800,746100.0,1811400.0,46312,0,0,1.5-2.0,1.75,44.45,road_node,,True,True
5801,746300.0,1811400.0,46312,0,0,1.5-2.0,1.75,44.45,road_node,,True,True
5802,668700.0,1926200.0,60618,0,0,4.0-6.0,5.0,127.0,road_node,,True,True
5803,668700.0,1923600.0,60618,0,0,4.0-6.0,5.0,127.0,road_node,,True,True
5804,670000.0,1926200.0,60618,0,0,4.0-6.0,5.0,127.0,road_node,,True,True
5805,669800.0,1923600.0,60618,0,0,4.0-6.0,5.0,127.0,road_node,,True,True
5806,725400.0,1804700.0,46320,0,0,3.0-4.0,3.5,88.9,road_node,,True,True
5807,675300.0,1926400.0,60618,0,0,4.0-6.0,5.0,127.0,road_node,,True,True
5808,725400.0,1803100.0,46320,0,0,3.0-4.0,3.5,88.9,road_node,,True,True
5809,727800.0,1802300.0,46320,0,0,3.0-4.0,3.5,88.9,road_node,,True,True
5810,727800.0,1801900.0,46320,0,0,3.0-4.0,3.5,88.9,road_node,,True,True
5811,728300.0,1801700.0,46320,0,0,3.0-4.0,3.5,88.9,road_node,,True,True
5812,738400.0,1801600.0,46323,0,0,1.5-2.0,1.75,44.45,road_node,,True,True
5813,751700.0,1798700.0,46406,0,0,0.5-1.0,0.75,19.05,road_node,,True,True
5814,675400.0,1923700.0,60618,0,0,4.0-6.0,5.0,127.0,road_node,,True,True
5815,756900.0,1800700.0,46406,0,0,,,,road_node,,True,False
5816,678000.0,1926500.0,60618,0,0,4.0-6.0,5.0,127.0,road_node,,True,True
5818,678000.0,1923800.0,60618,0,0,4.0-6.0,5.0,127.0,road_node,,True,True
5821,680600.0,1926500.0,60613,0,0,4.0-6.0,5.0,127.0,road_node,,True,True
5824,680700.0,1923900.0,60657,0,0,4.0-6.0,5.0,127.0,road_node,,True,True
5828,681900.0,1927700.0,60613,0,0,4.0-6.0,5.0,127.0,road_node,,True,True
5829,681900.0,1926500.0,60613,0,0,4.0-6.0,5.0,127.0,road_node,,True,True
5834,682500.0,1926600.0,60613,0,0,4.0-6.0,5.0,127.0,road_node,,True,True
5835,682000.0,1923900.0,60657,0,0,4.0-6.0,5.0,127.0,road_node,,True,True
5836,735700.0,1796400.0,46323,0,0,2.0-3.0,2.5,63.5,road_node,,True,True
5837,684600.0,1926600.0,60613,0,0,4.0-6.0,5.0,127.0,road_node,,True,True
5838,741100.0,1796300.0,46323,0,0,1.5-2.0,1.75,44.45,road_node,,True,True
5839,684700.0,1924000.0,60657,0,0,4.0-6.0,5.0,127.0,road_node,,True,True
5840,684700.0,1922800.0,60657,0,0,4.0-6.0,5.0,127.0,road_node,,True,True
5841,754300.0,1796400.0,46406,0,0,0.5-1.0,0.75,19.05,road_node,,True,True
5842,757000.0,1796200.0,46406,0,0,,,,road_node,,True,False
5849,685900.0,1926700.0,60613,0,0,4.0-6.0,5.0,127.0,road_node,,True,True
5853,687377.0,1926570.0,60613,0,0,4.0-6.0,5.0,127.0,road_node,,True,True
5854,687100.0,1927100.0,60613,0,0,4.0-6.0,5.0,127.0,road_node,,True,True
5855,686000.0,1925400.0,60613,0,0,4.0-6.0,5.0,127.0,road_node,,True,True
5856,686000.0,1924000.0,60657,0,0,4.0-6.0,5.0,127.0,road_node,,True,True
5857,741000.0,1793700.0,46323,0,0,1.5-2.0,1.75,44.45,road_node,,True,True
5858,610200.0,1998600.0,60090,0,0,2.0-3.0,2.5,63.5,road_node,,True,True
5859,586600.0,1855200.0,60516,0,0,3.0-4.0,3.5,88.9,road_node,,True,True
5860,589200.0,1977600.0,60004,0,0,2.0-3.0,2.5,63.5,road_node,,True,True
5861,643200.0,1920300.0,60707,0,0,4.0-6.0,5.0,127.0,road_node,,True,True
5862,643300.0,1917600.0,60707,0,0,4.0-6.0,5.0,127.0,road_node,,True,True
5864,648900.0,1920400.0,60634,0,0,4.0-6.0,5.0,127.0,road_node,,True,True
5866,649000.0,1917800.0,60707,0,0,4.0-6.0,5.0,127.0,road_node,,True,True
5868,651600.0,1920500.0,60634,0,0,4.0-6.0,5.0,127.0,road_node,,True,True
5869,654200.0,1920600.0,60634,0,0,4.0-6.0,5.0,127.0,road_node,,True,True
5870,654300.0,1917900.0,60639,0,0,4.0-6.0,5.0,127.0,road_node,,True,True
5871,743800.0,1791100.0,46323,0,0,1.5-2.0,1.75,44.45,road_node,,True,True
5879,656800.0,1920600.0,60641,0,0,4.0-6.0,5.0,127.0,road_node,,True,True
5880,703700.0,1854800.0,60619,0,0,3.0-4.0,3.5,88.9,road_node,,True,True
5881,677300.0,1857400.0,60629,0,0,3.0-4.0,3.5,88.9,road_node,,True,True
5883,662200.0,1920800.0,60641,0,0,4.0-6.0,5.0,127.0,road_node,,True,True
5884,664800.0,1921600.0,60641,0,0,4.0-6.0,5.0,127.0,road_node,,True,True
5885,664800.0,1920800.0,60641,0,0,4.0-6.0,5.0,127.0,road_node,,True,True
5896,665800.0,1920900.0,60618,0,0,4.0-6.0,5.0,127.0,road_node,,True,True
5899,664900.0,1918200.0,60639,0,0,4.0-6.0,5.0,127.0,road_node,,True,True
5902,667500.0,1920900.0,60618,0,0,4.0-6.0,5.0,127.0,road_node,,True,True
5903,667600.0,1918200.0,60647,0,0,4.0-6.0,5.0,127.0,road_node,,True,True
5904,668900.0,1921000.0,60618,0,0,4.0-6.0,5.0,127.0,road_node,,True,True
5905,747900.0,1780200.0,46322,0,0,1.0-1.5,1.25,31.75,road_node,,True,True
5906,751800.0,1779700.0,46319,0,0,1.0-1.5,1.25,31.75,road_node,,True,True
5907,587400.0,1853300.0,60516,0,0,3.0-4.0,3.5,88.9,road_node,,True,True
5921,668900.0,1918300.0,60647,0,0,4.0-6.0,5.0,127.0,road_node,,True,True
5922,670200.0,1921100.0,60618,0,0,4.0-6.0,5.0,127.0,road_node,,True,True
5923,745200.0,1775200.0,46319,0,0,0.5-1.0,0.75,19.05,road_node,,True,True
5924,746600.0,1775200.0,46319,0,0,0.5-1.0,0.75,19.05,road_node,,True,True
5925,747900.0,1775100.0,46319,0,0,0.5-1.0,0.75,19.05,road_node,,True,True
5926,670200.0,1918300.0,60647,0,0,4.0-6.0,5.0,127.0,road_node,,True,True
5927,759600.0,1775200.0,46408,0,0,,,,road_node,,True,False
5930,670200.0,1917200.0,60647,0,0,4.0-6.0,5.0,127.0,road_node,,True,True
5933,671500.0,1921000.0,60618,0,0,4.0-6.0,5.0,127.0,road_node,,True,True
5938,745300.0,1772700.0,46319,0,0,0.5-1.0,0.75,19.05,road_node,,True,True
5939,746600.0,1772500.0,46319,0,0,0.5-1.0,0.75,19.05,road_node,,True,True
5940,747900.0,1772500.0,46319,0,0,0.5-1.0,0.75,19.05,road_node,,True,True
5941,751900.0,1772500.0,46319,0,0,0.5-1.0,0.75,19.05,road_node,,True,True
5942,603600.0,1871000.0,60514,0,0,1.5-2.0,1.75,44.45,road_node,,True,True
5943,759700.0,1772500.0,46408,0,0,,,,road_node,,True,False
5947,672600.0,1921000.0,60618,0,0,4.0-6.0,5.0,127.0,road_node,,True,True
5948,738600.0,1769800.0,46322,0,0,1.0-1.5,1.25,31.75,road_node,,True,True
5949,745300.0,1769800.0,46319,0,0,0.5-1.0,0.75,19.05,road_node,,True,True
5950,746600.0,1769800.0,46319,0,0,0.5-1.0,0.75,19.05,road_node,,True,True
5951,751900.0,1769800.0,46319,0,0,0.5-1.0,0.75,19.05,road_node,,True,True
5952,758400.0,1769900.0,46319,0,0,,,,road_node,,True,False
5957,671500.0,1918300.0,60647,0,0,4.0-6.0,5.0,127.0,road_node,,True,True
5964,765600.0,1801400.0,46402,0,0,,,,road_node,,True,False
5968,671600.0,1917000.0,60647,0,0,4.0-6.0,5.0,127.0,road_node,,True,True
5969,748100.0,1764400.0,46319,0,0,0.5-1.0,0.75,19.05,road_node,,True,True
5970,750900.0,1765900.0,46319,0,0,0.5-1.0,0.75,19.05,road_node,,True,True
5971,675500.0,1921100.0,60618,0,0,4.0-6.0,5.0,127.0,road_node,,True,True
5972,675600.0,1918400.0,60647,0,0,4.0-6.0,5.0,127.0,road_node,,True,True
5980,578400.0,1972700.0,60008,0,0,2.0-3.0,2.5,63.5,road_node,,True,True
5983,731000.0,1758200.0,46311,0,0,1.0-1.5,1.25,31.75,road_node,,True,True
5984,734400.0,1758000.0,46375,0,0,1.0-1.5,1.25,31.75,road_node,,True,True
5985,738400.0,1758100.0,46375,0,0,0.5-1.0,0.75,19.05,road_node,,True,True
5986,676200.0,1917800.0,60647,0,0,4.0-6.0,5.0,127.0,road_node,,True,True
5987,742000.0,1758700.0,46375,0,0,0.5-1.0,0.75,19.05,road_node,,True,True
5988,742900.0,1758800.0,46375,0,0,0.5-1.0,0.75,19.05,road_node,,True,True
5989,746800.0,1758800.0,46375,0,0,0.5-1.0,0.75,19.05,road_node,,True,True
5990,748200.0,1758900.0,46375,0,0,0.5-1.0,0.75,19.05,road_node,,True,True
5991,750900.0,1759000.0,46375,0,0,0.5-1.0,0.75,19.05,road_node,,True,True
5992,676700.0,1918400.0,60647,0,0,4.0-6.0,5.0,127.0,road_node,,True,True
5993,760000.0,1756600.0,46410,0,0,,,,road_node,,True,False
5997,678100.0,1921100.0,60618,0,0,4.0-6.0,5.0,127.0,road_node,,True,True
6002,680800.0,1921200.0,60657,0,0,4.0-6.0,5.0,127.0,road_node,,True,True
6004,680900.0,1918500.0,60614,0,0,4.0-6.0,5.0,127.0,road_node,,True,True
6005,743000.0,1755900.0,46375,0,0,0.5-1.0,0.75,19.05,road_node,,True,True
6006,682100.0,1921200.0,60657,0,0,4.0-6.0,5.0,127.0,road_node,,True,True
6007,732400.0,1753800.0,46311,0,0,1.0-1.5,1.25,31.75,road_node,,True,True
6008,723400.0,1751100.0,46311,0,0,1.0-1.5,1.25,31.75,road_node,,True,True
6009,732400.0,1751100.0,46311,0,0,1.0-1.5,1.25,31.75,road_node,,True,True
6010,754900.0,1752500.0,46375,0,0,0.5-1.0,0.75,19.05,road_node,,True,True
6011,760100.0,1751400.0,46410,0,0,,,,road_node,,True,False
6012,682100.0,1919900.0,60657,0,0,4.0-6.0,5.0,127.0,road_node,,True,True
6023,736400.0,1747900.0,46373,0,0,1.0-1.5,1.25,31.75,road_node,,True,True
6026,737800.0,1748500.0,46373,0,0,1.0-1.5,1.25,31.75,road_node,,True,True
6027,743000.0,1748600.0,46373,0,0,1.0-1.5,1.25,31.75,road_node,,True,True
6028,747000.0,1748600.0,46375,0,0,0.5-1.0,0.75,19.05,road_node,,True,True
6029,747100.0,1747200.0,46373,0,0,0.5-1.0,0.75,19.05,road_node,,True,True
6034,723500.0,1744500.0,46311,0,0,1.0-1.5,1.25,31.75,road_node,,True,True
6035,682200.0,1918600.0,60614,0,0,4.0-6.0,5.0,127.0,road_node,,True,True
6036,684800.0,1921300.0,60657,0,0,4.0-6.0,5.0,127.0,road_node,,True,True
6037,736500.0,1743300.0,46373,0,0,1.0-1.5,1.25,31.75,road_node,,True,True
6038,736400.0,1743300.0,46373,0,0,1.0-1.5,1.25,31.75,road_node,,True,True
6039,736500.0,1743000.0,46373,0,0,1.0-1.5,1.25,31.75,road_node,,True,True
6040,736500.0,1742700.0,46373,0,0,1.0-1.5,1.25,31.75,road_node,,True,True
6041,747200.0,1743300.0,46373,0,0,1.0-1.5,1.25,31.75,road_node,,True,True
6042,748600.0,1743300.0,46373,0,0,0.5-1.0,0.75,19.05,road_node,,True,True
6043,684900.0,1918700.0,60614,0,0,4.0-6.0,5.0,127.0,road_node,,True,True
6044,756200.0,1744700.0,46373,0,0,1.0-1.5,1.25,31.75,road_node,,True,True
6047,684900.0,1917300.0,60614,0,0,4.0-6.0,5.0,127.0,road_node,,True,True
6049,686100.0,1921300.0,60657,0,0,4.0-6.0,5.0,127.0,road_node,,True,True
6051,686200.0,1918700.0,60614,0,0,4.0-6.0,5.0,127.0,road_node,,True,True
6053,723600.0,1737900.0,46311,0,0,0.5-1.0,0.75,19.05,road_node,,True,True
6054,726200.0,1737900.0,46311,0,0,0.5-1.0,0.75,19.05,road_node,,True,True
6055,731300.0,1738000.0,46373,0,0,0.5-1.0,0.75,19.05,road_node,,True,True
6056,687300.0,1921400.0,60657,0,0,4.0-6.0,5.0,127.0,road_node,,True,True
6057,747300.0,1738600.0,46373,0,0,1.0-1.5,1.25,31.75,road_node,,True,True
6058,748600.0,1738400.0,46373,0,0,1.0-1.5,1.25,31.75,road_node,,True,True
6069,726300.0,1732600.0,46373,0,0,0.5-1.0,0.75,19.05,road_node,,True,True
6070,726300.0,1730000.0,46373,0,0,0.5-1.0,0.75,19.05,road_node,,True,True
6071,687200.0,1918800.0,60614,0,0,4.0-6.0,5.0,127.0,road_node,,True,True
6072,736700.0,1732700.0,46373,0,0,1.0-1.5,1.25,31.75,road_node,,True,True
6073,742100.0,1732800.0,46373,0,0,1.0-1.5,1.25,31.75,road_node,,True,True
6074,688800.0,1921500.0,60657,0,0,4.0-6.0,5.0,127.0,road_node,,True,True
6075,751600.0,1732800.0,46373,0,0,1.0-1.5,1.25,31.75,road_node,,True,True
6076,755400.0,1730000.0,46307,0,0,1.0-1.5,1.25,31.75,road_node,,True,True
6077,759100.0,1732700.0,46307,0,0,,,,road_node,,True,False
6079,760500.0,1730000.0,46307,0,0,,,,road_node,,True,False
6086,689500.0,1921000.0,60657,0,0,6.0-8.0,7.0,177.8,road_node,,True,True
6090,688882.0,1921820.0,60657,0,0,4.0-6.0,5.0,127.0,road_node,,True,True
6108,726400.0,1727400.0,46303,0,0,0.5-1.0,0.75,19.05,road_node,,True,True
6109,731500.0,1727400.0,46303,0,0,0.5-1.0,0.75,19.05,road_node,,True,True
6110,736800.0,1727400.0,46303,0,0,1.0-1.5,1.25,31.75,road_node,,True,True
6111,736800.0,1726100.0,46303,0,0,1.0-1.5,1.25,31.75,road_node,,True,True
6112,742100.0,1727400.0,46303,0,0,1.0-1.5,1.25,31.75,road_node,,True,True
6113,747400.0,1726600.0,46303,0,0,1.0-1.5,1.25,31.75,road_node,,True,True
6114,755400.0,1727400.0,46307,0,0,1.0-1.5,1.25,31.75,road_node,,True,True
6115,726400.0,1724800.0,46303,0,0,0.5-1.0,0.75,19.05,road_node,,True,True
6116,726500.0,1722100.0,46303,0,0,0.5-1.0,0.75,19.05,road_node,,True,True
6117,731600.0,1722100.0,46303,0,0,0.5-1.0,0.75,19.05,road_node,,True,True
6118,755400.0,1724800.0,46307,0,0,1.0-1.5,1.25,31.75,road_node,,True,True
6119,758100.0,1724700.0,46307,0,0,1.0-1.5,1.25,31.75,road_node,,True,True
6120,763100.0,1724700.0,46307,0,0,,,,road_node,,True,False
6121,763200.0,1723800.0,46307,0,0,,,,road_node,,True,False
6122,747500.0,1720800.0,46303,0,0,1.0-1.5,1.25,31.75,road_node,,True,True
6123,751500.0,1721300.0,46303,0,0,1.0-1.5,1.25,31.75,road_node,,True,True
6124,755400.0,1722100.0,46307,0,0,1.0-1.5,1.25,31.75,road_node,,True,True
6125,758100.0,1722100.0,46307,0,0,1.0-1.5,1.25,31.75,road_node,,True,True
6128,726500.0,1716900.0,46303,0,0,,,,road_node,,True,False
6130,643400.0,1915200.0,60707,0,0,4.0-6.0,5.0,127.0,road_node,,True,True
6131,736900.0,1716800.0,46303,0,0,,,,road_node,,True,False
6132,742200.0,1716800.0,46303,0,0,,,,road_node,,True,False
6133,649100.0,1915100.0,60707,0,0,4.0-6.0,5.0,127.0,road_node,,True,True
6134,750200.0,1716800.0,46303,0,0,1.0-1.5,1.25,31.75,road_node,,True,True
6135,751500.0,1716800.0,46303,0,0,1.0-1.5,1.25,31.75,road_node,,True,True
6136,758100.0,1716800.0,46307,0,0,1.0-1.5,1.25,31.75,road_node,,True,True
6137,758400.0,1716700.0,46307,0,0,1.0-1.5,1.25,31.75,road_node,,True,True
6138,651700.0,1915200.0,60639,0,0,4.0-6.0,5.0,127.0,road_node,,True,True
6142,654400.0,1915300.0,60639,0,0,4.0-6.0,5.0,127.0,road_node,,True,True
6145,654400.0,1913300.0,60639,0,0,4.0-6.0,5.0,127.0,road_node,,True,True
6153,750200.0,1711500.0,46303,0,0,,,,road_node,,True,False
6154,755600.0,1711600.0,46303,0,0,,,,road_node,,True,False
6163,657000.0,1915300.0,60639,0,0,4.0-6.0,5.0,127.0,road_node,,True,True
6180,733100.0,1801600.0,46323,0,0,2.0-3.0,2.5,63.5,road_node,,True,True
6186,657800.0,1912700.0,60639,0,0,4.0-6.0,5.0,127.0,road_node,,True,True
6188,677200.0,1860100.0,60629,0,0,4.0-6.0,5.0,127.0,road_node,,True,True
6189,677100.0,1862700.0,60629,0,0,4.0-6.0,5.0,127.0,road_node,,True,True
6190,677100.0,1865400.0,60629,0,0,4.0-6.0,5.0,127.0,road_node,,True,True
6191,662400.0,1915400.0,60639,0,0,4.0-6.0,5.0,127.0,road_node,,True,True
6192,665000.0,1915500.0,60639,0,0,4.0-6.0,5.0,127.0,road_node,,True,True
6193,591100.0,1852100.0,60561,0,0,3.0-4.0,3.5,88.9,road_node,,True,True
6195,665100.0,1912800.0,60639,0,0,4.0-6.0,5.0,127.0,road_node,,True,True
6196,667700.0,1915600.0,60647,0,0,4.0-6.0,5.0,127.0,road_node,,True,True
6197,667700.0,1912900.0,60647,0,0,4.0-6.0,5.0,127.0,road_node,,True,True
6198,670300.0,1915600.0,60647,0,0,4.0-6.0,5.0,127.0,road_node,,True,True
6201,670400.0,1912900.0,60647,0,0,4.0-6.0,5.0,127.0,road_node,,True,True
6206,671600.0,1916100.0,60647,0,0,4.0-6.0,5.0,127.0,road_node,,True,True
6208,671700.0,1912900.0,60647,0,0,4.0-6.0,5.0,127.0,road_node,,True,True
6212,676400.0,1915800.0,60647,0,0,4.0-6.0,5.0,127.0,road_node,,True,True
6213,678400.0,1915900.0,60614,0,0,4.0-6.0,5.0,127.0,road_node,,True,True
6214,681000.0,1915900.0,60614,0,0,4.0-6.0,5.0,127.0,road_node,,True,True
6215,681000.0,1913500.0,60614,0,0,4.0-6.0,5.0,127.0,road_node,,True,True
6225,682200.0,1916000.0,60614,0,0,4.0-6.0,5.0,127.0,road_node,,True,True
6232,682300.0,1914300.0,60614,0,0,4.0-6.0,5.0,127.0,road_node,,True,True
6235,685000.0,1916000.0,60614,0,0,4.0-6.0,5.0,127.0,road_node,,True,True
6236,686200.0,1916100.0,60614,0,0,6.0-8.0,7.0,177.8,road_node,,True,True
6237,688400.0,1916100.0,60614,0,0,6.0-8.0,7.0,177.8,road_node,,True,True
6238,690300.0,1916200.0,60614,0,0,4.0-6.0,5.0,127.0,road_node,,True,True
6247,691100.0,1915900.0,60614,0,0,,,,road_node,,True,False
6248,690800.0,1916900.0,60614,0,0,4.0-6.0,5.0,127.0,road_node,,True,True
6255,643600.0,1909700.0,60707,0,0,4.0-6.0,5.0,127.0,road_node,,True,True
6256,643700.0,1907000.0,60305,0,0,4.0-6.0,5.0,127.0,road_node,,True,True
6257,643700.0,1905700.0,60301,0,0,4.0-6.0,5.0,127.0,road_node,,True,True
6258,646600.0,1905800.0,60302,0,0,6.0-8.0,7.0,177.8,road_node,,True,True
6260,649200.0,1909800.0,60302,0,0,6.0-8.0,7.0,177.8,road_node,,True,True
6261,649500.0,1907200.0,60302,0,0,6.0-8.0,7.0,177.8,road_node,,True,True
6262,649300.0,1905900.0,60302,0,0,6.0-8.0,7.0,177.8,road_node,,True,True
6263,651800.0,1909900.0,60302,0,0,6.0-8.0,7.0,177.8,road_node,,True,True
6265,651900.0,1906000.0,60302,0,0,6.0-8.0,7.0,177.8,road_node,,True,True
6266,654500.0,1909900.0,60651,0,0,6.0-8.0,7.0,177.8,road_node,,True,True
6267,654500.0,1907300.0,60651,0,0,6.0-8.0,7.0,177.8,road_node,,True,True
6270,654500.0,1906000.0,60651,0,0,6.0-8.0,7.0,177.8,road_node,,True,True
6272,657100.0,1910000.0,60651,0,0,6.0-8.0,7.0,177.8,road_node,,True,True
6274,657200.0,1906100.0,60651,0,0,6.0-8.0,7.0,177.8,road_node,,True,True
6275,677000.0,1868000.0,60629,0,0,4.0-6.0,5.0,127.0,road_node,,True,True
6276,676900.0,1870700.0,60632,0,0,4.0-6.0,5.0,127.0,road_node,,True,True
6277,676900.0,1873300.0,60632,0,0,4.0-6.0,5.0,127.0,road_node,,True,True
6282,661900.0,1910700.0,60639,0,0,4.0-6.0,5.0,127.0,road_node,,True,True
6285,665100.0,1910200.0,60651,0,0,4.0-6.0,5.0,127.0,road_node,,True,True
6286,665100.0,1908900.0,60651,0,0,4.0-6.0,5.0,127.0,road_node,,True,True
6287,665200.0,1907600.0,60651,0,0,4.0-6.0,5.0,127.0,road_node,,True,True
6298,665200.0,1906200.0,60651,0,0,4.0-6.0,5.0,127.0,road_node,,True,True
6303,666400.0,1910200.0,60651,0,0,4.0-6.0,5.0,127.0,road_node,,True,True
6305,666500.0,1907600.0,60651,0,0,4.0-6.0,5.0,127.0,road_node,,True,True
6312,666500.0,1906300.0,60651,0,0,4.0-6.0,5.0,127.0,road_node,,True,True
6325,533600.0,1933400.0,60103,0,0,0.5-1.0,0.75,19.05,road_node,,True,True
6326,555200.0,1934200.0,60133,0,0,1.5-2.0,1.75,44.45,road_node,,True,True
6327,566600.0,1930800.0,60172,0,0,2.0-3.0,2.5,63.5,road_node,,True,True
6328,566400.0,1927800.0,60108,0,0,2.0-3.0,2.5,63.5,road_node,,True,True
6329,568800.0,1931100.0,60172,0,0,2.0-3.0,2.5,63.5,road_node,,True,True
6330,568800.0,1932900.0,60172,0,0,2.0-3.0,2.5,63.5,road_node,,True,True
6331,571700.0,1929100.0,60157,0,0,3.0-4.0,3.5,88.9,road_node,,True,True
6332,571400.0,1927100.0,60108,0,0,3.0-4.0,3.5,88.9,road_node,,True,True
6333,667800.0,1910300.0,60651,0,0,4.0-6.0,5.0,127.0,road_node,,True,True
6334,579300.0,1925600.0,60157,0,0,3.0-4.0,3.5,88.9,road_node,,True,True
6335,576600.0,1930200.0,60157,0,0,3.0-4.0,3.5,88.9,road_node,,True,True
6336,667900.0,1907700.0,60651,0,0,4.0-6.0,5.0,127.0,road_node,,True,True
6337,534500.0,1924800.0,60103,0,0,1.0-1.5,1.25,31.75,road_node,,True,True
6338,542900.0,1924900.0,60133,0,0,1.0-1.5,1.25,31.75,road_node,,True,True
6339,549500.0,1925100.0,60133,0,0,1.5-2.0,1.75,44.45,road_node,,True,True
6340,557900.0,1925500.0,60108,0,0,2.0-3.0,2.5,63.5,road_node,,True,True
6341,667900.0,1906300.0,60651,0,0,4.0-6.0,5.0,127.0,road_node,,True,True
6342,530000.0,1923400.0,60184,0,0,0.5-1.0,0.75,19.05,road_node,,True,True
6343,552500.0,1920700.0,60188,0,0,1.5-2.0,1.75,44.45,road_node,,True,True
6344,563200.0,1920300.0,60108,0,0,2.0-3.0,2.5,63.5,road_node,,True,True
6345,575900.0,1918800.0,60139,0,0,2.0-3.0,2.5,63.5,road_node,,True,True
6346,529700.0,1919100.0,60184,0,0,1.0-1.5,1.25,31.75,road_node,,True,True
6347,670400.0,1910300.0,60651,0,0,4.0-6.0,5.0,127.0,road_node,,True,True
6348,548400.0,1917000.0,60188,0,0,1.0-1.5,1.25,31.75,road_node,,True,True
6349,552500.0,1917200.0,60188,0,0,1.5-2.0,1.75,44.45,road_node,,True,True
6350,557900.0,1917400.0,60188,0,0,2.0-3.0,2.5,63.5,road_node,,True,True
6351,535100.0,1906100.0,60185,0,0,1.0-1.5,1.25,31.75,road_node,,True,True
6352,537300.0,1906100.0,60185,0,0,1.0-1.5,1.25,31.75,road_node,,True,True
6353,545600.0,1909600.0,60188,0,0,1.0-1.5,1.25,31.75,road_node,,True,True
6354,670500.0,1907700.0,60651,0,0,4.0-6.0,5.0,127.0,road_node,,True,True
6355,548400.0,1908300.0,60188,0,0,1.0-1.5,1.25,31.75,road_node,,True,True
6356,549700.0,1907800.0,60188,0,0,1.0-1.5,1.25,31.75,road_node,,True,True
6357,552600.0,1908500.0,60188,0,0,1.0-1.5,1.25,31.75,road_node,,True,True
6358,552600.0,1907000.0,60188,0,0,1.0-1.5,1.25,31.75,road_node,,True,True
6359,553600.0,1906800.0,60188,0,0,1.0-1.5,1.25,31.75,road_node,,True,True
6360,563000.0,1907000.0,60188,0,0,2.0-3.0,2.5,63.5,road_node,,True,True
6361,563000.0,1905200.0,60187,0,0,2.0-3.0,2.5,63.5,road_node,,True,True
6362,568500.0,1909900.0,60139,0,0,2.0-3.0,2.5,63.5,road_node,,True,True
6363,670000.0,1906400.0,60651,0,0,4.0-6.0,5.0,127.0,road_node,,True,True
6364,579300.0,1913600.0,60101,0,0,2.0-3.0,2.5,63.5,road_node,,True,True
6365,530000.0,1899300.0,60185,0,0,0.5-1.0,0.75,19.05,road_node,,True,True
6366,670600.0,1906400.0,60651,0,0,4.0-6.0,5.0,127.0,road_node,,True,True
6367,670600.0,1906000.0,60651,0,0,4.0-6.0,5.0,127.0,road_node,,True,True
6368,671800.0,1910400.0,60622,0,0,4.0-6.0,5.0,127.0,road_node,,True,True
6369,671700.0,1906400.0,60622,0,0,4.0-6.0,5.0,127.0,road_node,,True,True
6370,560700.0,1944200.0,60193,0,0,1.5-2.0,1.75,44.45,road_node,,True,True
6371,548400.0,1901900.0,60190,0,0,0.5-1.0,0.75,19.05,road_node,,True,True
6372,581600.0,1974900.0,60008,0,0,2.0-3.0,2.5,63.5,road_node,,True,True
6373,549800.0,1896700.0,60190,0,0,0.5-1.0,0.75,19.05,road_node,,True,True
6374,678500.0,1910500.0,60622,0,0,4.0-6.0,5.0,127.0,road_node,,True,True
6375,678600.0,1908000.0,60622,0,0,4.0-6.0,5.0,127.0,road_node,,True,True
6376,681100.0,1910600.0,60622,0,0,4.0-6.0,5.0,127.0,road_node,,True,True
6377,681200.0,1908300.0,60622,0,0,4.0-6.0,5.0,127.0,road_node,,True,True
6378,530000.0,1894800.0,60185,0,0,0.5-1.0,0.75,19.05,road_node,,True,True
6379,681200.0,1906700.0,60622,0,0,4.0-6.0,5.0,127.0,road_node,,True,True
6380,682600.0,1910700.0,60642,0,0,4.0-6.0,5.0,127.0,road_node,,True,True
6381,534000.0,1890200.0,60185,0,0,0.5-1.0,0.75,19.05,road_node,,True,True
6382,535500.0,1888500.0,60555,0,0,0.5-1.0,0.75,19.05,road_node,,True,True
6383,536600.0,1891100.0,60190,0,0,0.5-1.0,0.75,19.05,road_node,,True,True
6384,547000.0,1891800.0,60190,0,0,0.5-1.0,0.75,19.05,road_node,,True,True
6385,683600.0,1908100.0,60642,0,0,6.0-8.0,7.0,177.8,road_node,,True,True
6386,682800.0,1906700.0,60642,0,0,6.0-8.0,7.0,177.8,road_node,,True,True
6387,552100.0,1890600.0,60190,0,0,0.5-1.0,0.75,19.05,road_node,,True,True
6388,582800.0,1974900.0,60008,0,0,2.0-3.0,2.5,63.5,road_node,,True,True
6389,685100.0,1910700.0,60642,0,0,6.0-8.0,7.0,177.8,road_node,,True,True
6390,566700.0,1894900.0,60187,0,0,1.5-2.0,1.75,44.45,road_node,,True,True
6391,686400.0,1910800.0,60642,0,0,6.0-8.0,7.0,177.8,road_node,,True,True
6392,572800.0,1895600.0,60137,0,0,2.0-3.0,2.5,63.5,road_node,,True,True
6393,570100.0,1891300.0,60137,0,0,2.0-3.0,2.5,63.5,road_node,,True,True
6394,572500.0,1891400.0,60137,0,0,2.0-3.0,2.5,63.5,road_node,,True,True
6395,535600.0,1885100.0,60555,0,0,0.5-1.0,0.75,19.05,road_node,,True,True
6396,539000.0,1885000.0,60555,0,0,0.5-1.0,0.75,19.05,road_node,,True,True
6397,544300.0,1885100.0,60555,0,0,0.5-1.0,0.75,19.05,road_node,,True,True
6399,539000.0,1879900.0,60555,0,0,1.0-1.5,1.25,31.75,road_node,,True,True
6400,538600.0,1877200.0,60555,0,0,1.0-1.5,1.25,31.75,road_node,,True,True
6401,541600.0,1876400.0,60555,0,0,0.5-1.0,0.75,19.05,road_node,,True,True
6402,687700.0,1910800.0,60610,0,0,4.0-6.0,5.0,127.0,road_node,,True,True
6403,544900.0,1876400.0,60555,0,0,1.0-1.5,1.25,31.75,road_node,,True,True
6404,544900.0,1875700.0,60555,0,0,1.0-1.5,1.25,31.75,road_node,,True,True
6405,550300.0,1876700.0,60555,0,0,1.0-1.5,1.25,31.75,road_node,,True,True
6406,569800.0,1880700.0,60189,0,0,2.0-3.0,2.5,63.5,road_node,,True,True
6407,460700.0,1928300.0,60175,0,0,2.0-3.0,2.5,63.5,road_node,,True,True
6408,468600.0,1931100.0,60175,0,0,2.0-3.0,2.5,63.5,road_node,,True,True
6409,471400.0,1932000.0,60175,0,0,1.5-2.0,1.75,44.45,road_node,,True,True
6410,472600.0,1931200.0,60175,0,0,1.5-2.0,1.75,44.45,road_node,,True,True
6411,485200.0,1931000.0,60175,0,0,1.0-1.5,1.25,31.75,road_node,,True,True
6412,478200.0,1926600.0,60175,0,0,1.5-2.0,1.75,44.45,road_node,,True,True
6413,460300.0,1918800.0,60175,0,0,1.0-1.5,1.25,31.75,road_node,,True,True
6414,464700.0,1920500.0,60175,0,0,1.0-1.5,1.25,31.75,road_node,,True,True
6415,466100.0,1920100.0,60175,0,0,1.0-1.5,1.25,31.75,road_node,,True,True
6416,474000.0,1918100.0,60175,0,0,1.5-2.0,1.75,44.45,road_node,,True,True
6417,476100.0,1918900.0,60175,0,0,1.5-2.0,1.75,44.45,road_node,,True,True
6418,478700.0,1923400.0,60175,0,0,1.5-2.0,1.75,44.45,road_node,,True,True
6419,497800.0,1926700.0,60175,0,0,0.5-1.0,0.75,19.05,road_node,,True,True
6420,481200.0,1920000.0,60175,0,0,1.5-2.0,1.75,44.45,road_node,,True,True
6421,483500.0,1920800.0,60175,0,0,1.0-1.5,1.25,31.75,road_node,,True,True
6422,485900.0,1923700.0,60175,0,0,1.0-1.5,1.25,31.75,road_node,,True,True
6423,466000.0,1916600.0,60175,0,0,1.0-1.5,1.25,31.75,road_node,,True,True
6424,474000.0,1913700.0,60175,0,0,1.5-2.0,1.75,44.45,road_node,,True,True
6425,474000.0,1911500.0,60175,0,0,1.5-2.0,1.75,44.45,road_node,,True,True
6426,470000.0,1908200.0,60119,0,0,1.5-2.0,1.75,44.45,road_node,,True,True
6427,475300.0,1908300.0,60175,0,0,1.5-2.0,1.75,44.45,road_node,,True,True
6428,476800.0,1908400.0,60175,0,0,1.5-2.0,1.75,44.45,road_node,,True,True
6429,470000.0,1899400.0,60119,0,0,1.5-2.0,1.75,44.45,road_node,,True,True
6430,475200.0,1899500.0,60119,0,0,1.5-2.0,1.75,44.45,road_node,,True,True
6431,485800.0,1899700.0,60134,0,0,1.5-2.0,1.75,44.45,road_node,,True,True
6432,487800.0,1899700.0,60134,0,0,1.5-2.0,1.75,44.45,road_node,,True,True
6433,505100.0,1900100.0,60134,0,0,0.5-1.0,0.75,19.05,road_node,,True,True
6434,687100.0,1909800.0,60610,0,0,4.0-6.0,5.0,127.0,road_node,,True,True
6435,507200.0,1899700.0,60134,0,0,0.5-1.0,0.75,19.05,road_node,,True,True
6436,508700.0,1906000.0,60174,0,0,0.5-1.0,0.75,19.05,road_node,,True,True
6437,510700.0,1906000.0,60174,0,0,0.5-1.0,0.75,19.05,road_node,,True,True
6438,686500.0,1908200.0,60642,0,0,6.0-8.0,7.0,177.8,road_node,,True,True
6439,462900.0,1892700.0,60119,0,0,1.5-2.0,1.75,44.45,road_node,,True,True
6440,464200.0,1888900.0,60119,0,0,1.5-2.0,1.75,44.45,road_node,,True,True
6441,468700.0,1890500.0,60119,0,0,1.5-2.0,1.75,44.45,road_node,,True,True
6442,470100.0,1891800.0,60119,0,0,1.5-2.0,1.75,44.45,road_node,,True,True
6443,468500.0,1893500.0,60119,0,0,1.5-2.0,1.75,44.45,road_node,,True,True
6444,469100.0,1885600.0,60119,0,0,1.5-2.0,1.75,44.45,road_node,,True,True
6445,488000.0,1892900.0,60134,0,0,1.0-1.5,1.25,31.75,road_node,,True,True
6446,503100.0,1886700.0,60510,0,0,0.5-1.0,0.75,19.05,road_node,,True,True
6447,503100.0,1887800.0,60510,0,0,0.5-1.0,0.75,19.05,road_node,,True,True
6448,503100.0,1888600.0,60510,0,0,0.5-1.0,0.75,19.05,road_node,,True,True
6449,464400.0,1880800.0,60119,0,0,1.5-2.0,1.75,44.45,road_node,,True,True
6450,459000.0,1873400.0,60144,0,0,1.5-2.0,1.75,44.45,road_node,,True,True
6451,465100.0,1873400.0,60554,0,0,1.5-2.0,1.75,44.45,road_node,,True,True
6452,476600.0,1877400.0,60542,0,0,1.5-2.0,1.75,44.45,road_node,,True,True
6453,479700.0,1873100.0,60542,0,0,1.0-1.5,1.25,31.75,road_node,,True,True
6454,458600.0,1891600.0,60119,0,0,1.5-2.0,1.75,44.45,road_node,,True,True
6462,591300.0,1854700.0,60516,0,0,3.0-4.0,3.5,88.9,road_node,,True,True
6463,689700.0,1913400.0,60614,0,0,4.0-6.0,5.0,127.0,road_node,,True,True
6468,690000.0,1912500.0,60614,0,0,4.0-6.0,5.0,127.0,road_node,,True,True
6469,631100.0,1781000.0,60487,0,0,1.0-1.5,1.25,31.75,road_node,,True,True
6470,630200.0,1779800.0,60487,0,0,1.0-1.5,1.25,31.75,road_node,,True,True
6471,632400.0,1780000.0,60487,0,0,1.0-1.5,1.25,31.75,road_node,,True,True
6472,616000.0,1783900.0,60448,0,0,1.0-1.5,1.25,31.75,road_node,,True,True
6473,589200.0,1804600.0,60491,0,0,2.0-3.0,2.5,63.5,road_node,,True,True
6474,592700.0,1854600.0,60561,0,0,2.0-3.0,2.5,63.5,road_node,,True,True
6476,538300.0,1754900.0,60404,0,0,1.0-1.5,1.25,31.75,road_node,,True,True
6477,562300.0,1768800.0,60435,0,0,0.5-1.0,0.75,19.05,road_node,,True,True
6478,690500.0,1911800.0,60614,0,0,4.0-6.0,5.0,127.0,road_node,,True,True
6479,690000.0,1910900.0,60610,0,0,4.0-6.0,5.0,127.0,road_node,,True,True
6480,597900.0,1857000.0,60561,0,0,2.0-3.0,2.5,63.5,road_node,,True,True
6481,603200.0,1857300.0,60527,0,0,2.0-3.0,2.5,63.5,road_node,,True,True
6482,691300.0,1910900.0,60610,0,0,4.0-6.0,5.0,127.0,road_node,,True,True
6484,539100.0,1799900.0,60544,0,0,2.0-3.0,2.5,63.5,road_node,,True,True
6485,531000.0,2004000.0,60021,0,0,1.5-2.0,1.75,44.45,road_node,,True,True
6486,531100.0,1998700.0,60010,0,0,1.5-2.0,1.75,44.45,road_node,,True,True
6488,562900.0,1843100.0,60565,0,0,1.5-2.0,1.75,44.45,road_node,,True,True
6489,570300.0,1843400.0,60440,0,0,1.5-2.0,1.75,44.45,road_node,,True,True
6490,573600.0,1843500.0,60517,0,0,1.5-2.0,1.75,44.45,road_node,,True,True
6491,580000.0,1843700.0,60517,0,0,2.0-3.0,2.5,63.5,road_node,,True,True
6492,555000.0,1842900.0,60565,0,0,0.5-1.0,0.75,19.05,road_node,,True,True
6493,534600.0,1842400.0,60564,0,0,0.5-1.0,0.75,19.05,road_node,,True,True
6495,519400.0,1855200.0,60504,0,0,1.0-1.5,1.25,31.75,road_node,,True,True
6496,519300.0,1861600.0,60502,0,0,0.5-1.0,0.75,19.05,road_node,,True,True
6497,519200.0,1867900.0,60502,0,0,0.5-1.0,0.75,19.05,road_node,,True,True
6498,691700.0,1911400.0,60614,0,0,4.0-6.0,5.0,127.0,road_node,,True,True
6500,525800.0,1973500.0,60192,0,0,1.0-1.5,1.25,31.75,road_node,,True,True
6503,517600.0,1951600.0,60120,0,0,0.5-1.0,0.75,19.05,road_node,,True,True
6504,517906.0,1949400.0,60120,0,0,0.5-1.0,0.75,19.05,road_node,,True,True
6510,503900.0,1841800.0,60538,0,0,1.0-1.5,1.25,31.75,road_node,,True,True
6511,513400.0,1842000.0,60503,0,0,0.5-1.0,0.75,19.05,road_node,,True,True
6512,691600.0,1910900.0,60610,0,0,4.0-6.0,5.0,127.0,road_node,,True,True
6513,459300.0,1753000.0,60541,0,0,,,,road_node,,True,False
6514,482800.0,1867800.0,60542,0,0,0.5-1.0,0.75,19.05,road_node,,True,True
6515,482800.0,1867600.0,60542,0,0,0.5-1.0,0.75,19.05,road_node,,True,True
6524,692500.0,1911000.0,60614,0,0,,,,road_node,,True,False
6543,692000.0,1912200.0,60614,0,0,4.0-6.0,5.0,127.0,road_node,,True,True
6550,655600.0,1873600.0,60804,0,0,6.0-8.0,7.0,177.8,road_node,,True,True
6556,645000.0,1870300.0,60534,0,0,6.0-8.0,7.0,177.8,road_node,,True,True
6562,475200.0,1750900.0,60447,0,0,1.0-1.5,1.25,31.75,road_node,,True,True
6563,645000.0,1869300.0,60638,0,0,6.0-8.0,7.0,177.8,road_node,,True,True
6564,495600.0,1751300.0,60447,0,0,1.5-2.0,1.75,44.45,road_node,,True,True
6567,595400.0,1852200.0,60561,0,0,3.0-4.0,3.5,88.9,road_node,,True,True
6583,582300.0,1972500.0,60008,0,0,2.0-3.0,2.5,63.5,road_node,,True,True
6587,581700.0,1972900.0,60008,0,0,2.0-3.0,2.5,63.5,road_node,,True,True
6589,591800.0,1977600.0,60004,0,0,2.0-3.0,2.5,63.5,road_node,,True,True
6594,688800.0,1908200.0,60610,0,0,4.0-6.0,5.0,127.0,road_node,,True,True
6604,501000.0,1748700.0,60447,0,0,2.0-3.0,2.5,63.5,road_node,,True,True
6605,516900.0,1749300.0,60447,0,0,2.0-3.0,2.5,63.5,road_node,,True,True
6618,595400.0,1850000.0,60561,0,0,3.0-4.0,3.5,88.9,road_node,,True,True
6619,675400.0,1956900.0,60202,0,0,4.0-6.0,5.0,127.0,road_node,,True,True
6620,579500.0,1765900.0,60433,0,0,1.0-1.5,1.25,31.75,road_node,,True,True
6621,579500.0,1764600.0,60433,0,0,1.0-1.5,1.25,31.75,road_node,,True,True
6622,580100.0,1765300.0,60433,0,0,1.0-1.5,1.25,31.75,road_node,,True,True
6623,578900.0,1765100.0,60433,0,0,1.0-1.5,1.25,31.75,road_node,,True,True
6624,690100.0,1908300.0,60610,0,0,4.0-6.0,5.0,127.0,road_node,,True,True
6625,519100.0,1959400.0,60120,0,0,0.5-1.0,0.75,19.05,road_node,,True,True
6626,691400.0,1908300.0,60610,0,0,4.0-6.0,5.0,127.0,road_node,,True,True
6629,691700.0,1908300.0,60610,0,0,4.0-6.0,5.0,127.0,road_node,,True,True
6630,524600.0,1949700.0,60120,0,0,0.5-1.0,0.75,19.05,road_node,,True,True
6631,525500.0,1949700.0,60120,0,0,0.5-1.0,0.75,19.05,road_node,,True,True
6632,594900.0,1849500.0,60561,0,0,3.0-4.0,3.5,88.9,road_node,,True,True
6633,592800.0,1850000.0,60561,0,0,3.0-4.0,3.5,88.9,road_node,,True,True
6634,589600.0,1849900.0,60561,0,0,3.0-4.0,3.5,88.9,road_node,,True,True
6635,613101.0,1893820.0,60162,0,0,2.0-3.0,2.5,63.5,road_node,,True,True
6636,613204.0,1894450.0,60162,0,0,2.0-3.0,2.5,63.5,road_node,,True,True
6637,613500.0,1894700.0,60162,0,0,2.0-3.0,2.5,63.5,road_node,,True,True
6638,613400.0,1894200.0,60162,0,0,2.0-3.0,2.5,63.5,road_node,,True,True
6639,459400.0,1745000.0,60541,0,0,,,,road_node,,True,False
6640,475300.0,1745500.0,60447,0,0,1.0-1.5,1.25,31.75,road_node,,True,True
6641,480600.0,1745600.0,60447,0,0,2.0-3.0,2.5,63.5,road_node,,True,True
6642,495700.0,1746000.0,60447,0,0,2.0-3.0,2.5,63.5,road_node,,True,True
6643,501100.0,1746200.0,60447,0,0,3.0-4.0,3.5,88.9,road_node,,True,True
6644,564100.0,1765600.0,60436,0,0,0.5-1.0,0.75,19.05,road_node,,True,True
6645,563800.0,1765400.0,60436,0,0,0.5-1.0,0.75,19.05,road_node,,True,True
6646,563100.0,1764900.0,60436,0,0,0.5-1.0,0.75,19.05,road_node,,True,True
6647,563800.0,1764900.0,60436,0,0,0.5-1.0,0.75,19.05,road_node,,True,True
6648,563500.0,1763800.0,60436,0,0,0.5-1.0,0.75,19.05,road_node,,True,True
6649,472500.0,1765600.0,60541,0,0,1.0-1.5,1.25,31.75,road_node,,True,True
6650,480300.0,1769100.0,60447,0,0,1.0-1.5,1.25,31.75,road_node,,True,True
6651,480500.0,1769400.0,60447,0,0,1.0-1.5,1.25,31.75,road_node,,True,True
6652,518600.0,1966100.0,60120,0,0,1.0-1.5,1.25,31.75,road_node,,True,True
6653,494900.0,1776100.0,60447,0,0,0.5-1.0,0.75,19.05,road_node,,True,True
6654,504000.0,1783500.0,60586,0,0,0.5-1.0,0.75,19.05,road_node,,True,True
6655,510700.0,1783700.0,60586,0,0,0.5-1.0,0.75,19.05,road_node,,True,True
6656,692700.0,1908000.0,60611,0,0,4.0-6.0,5.0,127.0,road_node,,True,True
6657,515700.0,1789000.0,60586,0,0,0.25-0.5,0.375,9.525,road_node,,True,True
6658,692872.0,1908082.0,60611,0,0,4.0-6.0,5.0,127.0,road_node,,True,True
6659,510900.0,1775700.0,60586,0,0,1.0-1.5,1.25,31.75,road_node,,True,True
6660,692900.0,1907200.0,60611,0,0,4.0-6.0,5.0,127.0,road_node,,True,True
6661,516300.0,1770500.0,60404,0,0,0.5-1.0,0.75,19.05,road_node,,True,True
6662,511200.0,1765100.0,60447,0,0,1.0-1.5,1.25,31.75,road_node,,True,True
6663,514000.0,1759700.0,60447,0,0,2.0-3.0,2.5,63.5,road_node,,True,True
6664,694672.0,1906782.0,60611,0,0,4.0-6.0,5.0,127.0,road_node,,True,True
6665,516800.0,1754500.0,60447,0,0,2.0-3.0,2.5,63.5,road_node,,True,True
6666,514300.0,1749200.0,60447,0,0,4.0-6.0,5.0,127.0,road_node,,True,True
6667,516900.0,1746200.0,60447,0,0,2.0-3.0,2.5,63.5,road_node,,True,True
6668,517900.0,1746600.0,60447,0,0,2.0-3.0,2.5,63.5,road_node,,True,True
6669,517928.0,1746890.0,60447,0,0,2.0-3.0,2.5,63.5,road_node,,True,True
6670,516900.0,1747000.0,60447,0,0,2.0-3.0,2.5,63.5,road_node,,True,True
6671,694500.0,1906700.0,60611,0,0,4.0-6.0,5.0,127.0,road_node,,True,True
6672,643800.0,1904400.0,60301,0,0,6.0-8.0,7.0,177.8,road_node,,True,True
6673,643800.0,1902300.0,60301,0,0,4.0-6.0,5.0,127.0,road_node,,True,True
6675,646700.0,1904500.0,60302,0,0,8.0-10.0,9.0,228.6,road_node,,True,True
6676,656700.0,1734200.0,60449,0,0,2.0-3.0,2.5,63.5,road_node,,True,True
6677,657800.0,1734200.0,60449,0,0,2.0-3.0,2.5,63.5,road_node,,True,True
6678,657100.0,1733200.0,60449,0,0,2.0-3.0,2.5,63.5,road_node,,True,True
6679,657300.0,1733000.0,60449,0,0,2.0-3.0,2.5,63.5,road_node,,True,True
6682,641100.0,1697500.0,60468,0,0,,,,road_node,,True,False
6683,641300.0,1697500.0,60468,0,0,,,,road_node,,True,False
6684,647700.0,1936700.0,60656,0,0,4.0-6.0,5.0,127.0,road_node,,True,True
6685,570500.0,1769500.0,60432,0,0,0.5-1.0,0.75,19.05,road_node,,True,True
6686,570600.0,1770600.0,60432,0,0,0.5-1.0,0.75,19.05,road_node,,True,True
6687,570600.0,1771900.0,60432,0,0,0.5-1.0,0.75,19.05,road_node,,True,True
6688,660700.0,1763100.0,60443,0,0,1.5-2.0,1.75,44.45,road_node,,True,True
6689,662900.0,1763100.0,60443,0,0,1.5-2.0,1.75,44.45,road_node,,True,True
6690,661900.0,1762100.0,60443,0,0,1.5-2.0,1.75,44.45,road_node,,True,True
6691,661800.0,1764200.0,60443,0,0,1.5-2.0,1.75,44.45,road_node,,True,True
6692,660600.0,1771000.0,60443,0,0,1.5-2.0,1.75,44.45,road_node,,True,True
6693,662900.0,1771000.0,60443,0,0,1.5-2.0,1.75,44.45,road_node,,True,True
6694,661900.0,1770000.0,60443,0,0,1.5-2.0,1.75,44.45,road_node,,True,True
6695,661600.0,1772100.0,60443,0,0,1.5-2.0,1.75,44.45,road_node,,True,True
6696,608400.0,1859700.0,60527,0,0,2.0-3.0,2.5,63.5,road_node,,True,True
6697,611100.0,1859700.0,60527,0,0,3.0-4.0,3.5,88.9,road_node,,True,True
6698,649300.0,1904500.0,60302,0,0,8.0-10.0,9.0,228.6,road_node,,True,True
6699,649400.0,1902300.0,60302,0,0,8.0-10.0,9.0,228.6,road_node,,True,True
6700,587900.0,1870600.0,60515,0,0,2.0-3.0,2.5,63.5,road_node,,True,True
6702,651900.0,1904600.0,60302,0,0,6.0-8.0,7.0,177.8,road_node,,True,True
6703,517500.0,1725200.0,60410,0,0,0.25-0.5,0.375,9.525,road_node,,True,True
6704,654600.0,1904600.0,60644,0,0,6.0-8.0,7.0,177.8,road_node,,True,True
6705,520800.0,1749400.0,60404,0,0,2.0-3.0,2.5,63.5,road_node,,True,True
6706,654700.0,1902100.0,60644,0,0,8.0-10.0,9.0,228.6,road_node,,True,True
6707,657200.0,1904700.0,60644,0,0,6.0-8.0,7.0,177.8,road_node,,True,True
6708,676500.0,1884600.0,60608,0,0,4.0-6.0,5.0,127.0,road_node,,True,True
6713,511500.0,1968100.0,60123,0,0,1.0-1.5,1.25,31.75,road_node,,True,True
6718,665300.0,1904900.0,60624,0,0,4.0-6.0,5.0,127.0,road_node,,True,True
6721,666600.0,1905000.0,60624,0,0,4.0-6.0,5.0,127.0,road_node,,True,True
6722,667900.0,1905000.0,60624,0,0,4.0-6.0,5.0,127.0,road_node,,True,True
6723,694600.0,1834000.0,60628,0,0,3.0-4.0,3.5,88.9,road_node,,True,True
6724,668000.0,1903000.0,60624,0,0,4.0-6.0,5.0,127.0,road_node,,True,True
6725,670600.0,1905100.0,60624,0,0,4.0-6.0,5.0,127.0,road_node,,True,True
6726,670700.0,1903100.0,60624,0,0,4.0-6.0,5.0,127.0,road_node,,True,True
6727,680000.0,1855400.0,60636,0,0,3.0-4.0,3.5,88.9,road_node,,True,True
6728,682600.0,1855500.0,60636,0,0,2.0-3.0,2.5,63.5,road_node,,True,True
6729,671700.0,1905500.0,60622,0,0,4.0-6.0,5.0,127.0,road_node,,True,True
6730,687900.0,1855700.0,60621,0,0,2.0-3.0,2.5,63.5,road_node,,True,True
6731,691400.0,1855100.0,60620,0,0,2.0-3.0,2.5,63.5,road_node,,True,True
6732,671900.0,1903200.0,60612,0,0,4.0-6.0,5.0,127.0,road_node,,True,True
6733,698500.0,1855300.0,60619,0,0,2.0-3.0,2.5,63.5,road_node,,True,True
6734,511000.0,1965800.0,60123,0,0,1.0-1.5,1.25,31.75,road_node,,True,True
6735,703700.0,1855400.0,60619,0,0,3.0-4.0,3.5,88.9,road_node,,True,True
6736,706400.0,1855400.0,60649,0,0,4.0-6.0,5.0,127.0,road_node,,True,True
6737,709300.0,1855600.0,60649,0,0,4.0-6.0,5.0,127.0,road_node,,True,True
6738,698100.0,1867200.0,60637,0,0,2.0-3.0,2.5,63.5,road_node,,True,True
6739,605000.0,1975300.0,60070,0,0,2.0-3.0,2.5,63.5,road_node,,True,True
6740,703400.0,1867300.0,60637,0,0,3.0-4.0,3.5,88.9,road_node,,True,True
6741,703800.0,1867400.0,60637,0,0,3.0-4.0,3.5,88.9,road_node,,True,True
6742,664300.0,1870400.0,60632,0,0,4.0-6.0,5.0,127.0,road_node,,True,True
6743,678600.0,1905300.0,60622,0,0,4.0-6.0,5.0,127.0,road_node,,True,True
6744,692900.0,1859500.0,60621,0,0,2.0-3.0,2.5,63.5,road_node,,True,True
6745,692900.0,1864800.0,60621,0,0,3.0-4.0,3.5,88.9,road_node,,True,True
6746,692900.0,1865100.0,60621,0,0,3.0-4.0,3.5,88.9,road_node,,True,True
6747,693800.0,1865300.0,60637,0,0,3.0-4.0,3.5,88.9,road_node,,True,True
6748,694200.0,1864700.0,60637,0,0,3.0-4.0,3.5,88.9,road_node,,True,True
6749,617400.0,1855900.0,60527,0,0,3.0-4.0,3.5,88.9,road_node,,True,True
6750,678700.0,1903400.0,60612,0,0,4.0-6.0,5.0,127.0,road_node,,True,True
6753,587500.0,1869800.0,60515,0,0,2.0-3.0,2.5,63.5,road_node,,True,True
6754,597700.0,1863100.0,60559,0,0,2.0-3.0,2.5,63.5,road_node,,True,True
6755,582600.0,1846500.0,60517,0,0,2.0-3.0,2.5,63.5,road_node,,True,True
6756,582740.0,1843104.0,60517,0,0,2.0-3.0,2.5,63.5,road_node,,True,True
6757,601100.0,1863200.0,60559,0,0,2.0-3.0,2.5,63.5,road_node,,True,True
6758,603000.0,1863200.0,60514,0,0,2.0-3.0,2.5,63.5,road_node,,True,True
6759,681300.0,1905400.0,60622,0,0,4.0-6.0,5.0,127.0,road_node,,True,True
6760,578100.0,1846300.0,60517,0,0,2.0-3.0,2.5,63.5,road_node,,True,True
6761,681300.0,1903500.0,60622,0,0,4.0-6.0,5.0,127.0,road_node,,True,True
6763,684700.0,1905500.0,60642,0,0,4.0-6.0,5.0,127.0,road_node,,True,True
6765,643900.0,1900400.0,60301,0,0,6.0-8.0,7.0,177.8,road_node,,True,True
6773,643900.0,1899100.0,60301,0,0,6.0-8.0,7.0,177.8,road_node,,True,True
6779,644000.0,1897800.0,60304,0,0,6.0-8.0,7.0,177.8,road_node,,True,True
6781,646800.0,1899800.0,60301,0,0,6.0-8.0,7.0,177.8,road_node,,True,True
6783,646800.0,1899100.0,60304,0,0,6.0-8.0,7.0,177.8,road_node,,True,True
6786,649500.0,1899900.0,60304,0,0,8.0-10.0,9.0,228.6,road_node,,True,True
6788,649500.0,1899200.0,60304,0,0,8.0-10.0,9.0,228.6,road_node,,True,True
6802,649500.0,1897900.0,60304,0,0,6.0-8.0,7.0,177.8,road_node,,True,True
6806,652100.0,1900000.0,60644,0,0,8.0-10.0,9.0,228.6,road_node,,True,True
6808,626600.0,1981000.0,60026,0,0,1.5-2.0,1.75,44.45,road_node,,True,True
6809,626600.0,1981200.0,60026,0,0,1.5-2.0,1.75,44.45,road_node,,True,True
6810,626000.0,1981500.0,60026,0,0,1.5-2.0,1.75,44.45,road_node,,True,True
6811,625900.0,1981000.0,60026,0,0,1.5-2.0,1.75,44.45,road_node,,True,True
6814,514300.0,1868500.0,60502,0,0,0.5-1.0,0.75,19.05,road_node,,True,True
6815,514627.0,1868550.0,60502,0,0,0.5-1.0,0.75,19.05,road_node,,True,True
6816,514900.0,1869100.0,60502,0,0,0.5-1.0,0.75,19.05,road_node,,True,True
6817,513000.0,1869100.0,60502,0,0,0.5-1.0,0.75,19.05,road_node,,True,True
6818,514500.0,1869500.0,60502,0,0,0.5-1.0,0.75,19.05,road_node,,True,True
6819,514300.0,1869700.0,60502,0,0,0.5-1.0,0.75,19.05,road_node,,True,True
6831,652100.0,1899300.0,60644,0,0,8.0-10.0,9.0,228.6,road_node,,True,True
6835,654700.0,1900100.0,60644,0,0,8.0-10.0,9.0,228.6,road_node,,True,True
6838,654800.0,1899300.0,60644,0,0,8.0-10.0,9.0,228.6,road_node,,True,True
6847,654800.0,1898000.0,60644,0,0,8.0-10.0,9.0,228.6,road_node,,True,True
6856,568486.0,1765800.0,60433,0,0,0.5-1.0,0.75,19.05,road_node,,True,True
6857,568943.0,1765840.0,60433,0,0,0.5-1.0,0.75,19.05,road_node,,True,True
6858,569600.0,1765900.0,60433,0,0,0.5-1.0,0.75,19.05,road_node,,True,True
6859,571000.0,1766000.0,60433,0,0,0.5-1.0,0.75,19.05,road_node,,True,True
6860,568500.0,1765400.0,60433,0,0,0.5-1.0,0.75,19.05,road_node,,True,True
6861,569200.0,1765100.0,60433,0,0,0.5-1.0,0.75,19.05,road_node,,True,True
6862,568100.0,1764700.0,60433,0,0,0.5-1.0,0.75,19.05,road_node,,True,True
6863,568700.0,1764500.0,60433,0,0,0.5-1.0,0.75,19.05,road_node,,True,True
6864,568900.0,1764500.0,60433,0,0,0.5-1.0,0.75,19.05,road_node,,True,True
6865,657400.0,1900200.0,60644,0,0,6.0-8.0,7.0,177.8,road_node,,True,True
6866,657500.0,1899400.0,60644,0,0,8.0-10.0,9.0,228.6,road_node,,True,True
6867,582100.0,1964200.0,60008,0,0,2.0-3.0,2.5,63.5,road_node,,True,True
6868,581800.0,1964300.0,60173,0,0,2.0-3.0,2.5,63.5,road_node,,True,True
6869,581800.0,1963500.0,60173,0,0,2.0-3.0,2.5,63.5,road_node,,True,True
6870,582100.0,1963400.0,60173,0,0,2.0-3.0,2.5,63.5,road_node,,True,True
6871,607700.0,1972400.0,60056,0,0,2.0-3.0,2.5,63.5,road_node,,True,True
6877,607700.0,1972200.0,60056,0,0,2.0-3.0,2.5,63.5,road_node,,True,True
6879,725300.0,1828600.0,46394,0,0,4.0-6.0,5.0,127.0,road_node,,True,True
6880,725300.0,1826600.0,46394,0,0,4.0-6.0,5.0,127.0,road_node,,True,True
6881,595200.0,1966900.0,60005,0,0,2.0-3.0,2.5,63.5,road_node,,True,True
6882,662800.0,1900000.0,60624,0,0,6.0-8.0,7.0,177.8,road_node,,True,True
6883,662800.0,1899500.0,60624,0,0,6.0-8.0,7.0,177.8,road_node,,True,True
6884,665400.0,1901300.0,60624,0,0,6.0-8.0,7.0,177.8,road_node,,True,True
6885,665400.0,1900100.0,60624,0,0,6.0-8.0,7.0,177.8,road_node,,True,True
6886,665500.0,1899600.0,60624,0,0,6.0-8.0,7.0,177.8,road_node,,True,True
6887,665500.0,1898300.0,60624,0,0,6.0-8.0,7.0,177.8,road_node,,True,True
6888,666700.0,1901300.0,60624,0,0,4.0-6.0,5.0,127.0,road_node,,True,True
6889,666700.0,1900100.0,60624,0,0,6.0-8.0,7.0,177.8,road_node,,True,True
6890,666800.0,1899700.0,60624,0,0,6.0-8.0,7.0,177.8,road_node,,True,True
6891,666800.0,1898300.0,60624,0,0,6.0-8.0,7.0,177.8,road_node,,True,True
6892,667800.0,1901200.0,60624,0,0,4.0-6.0,5.0,127.0,road_node,,True,True
6893,668100.0,1900000.0,60624,0,0,4.0-6.0,5.0,127.0,road_node,,True,True
6894,668100.0,1899700.0,60624,0,0,4.0-6.0,5.0,127.0,road_node,,True,True
6895,669400.0,1898400.0,60624,0,0,4.0-6.0,5.0,127.0,road_node,,True,True
6896,670700.0,1901000.0,60624,0,0,4.0-6.0,5.0,127.0,road_node,,True,True
6897,670700.0,1900400.0,60624,0,0,4.0-6.0,5.0,127.0,road_node,,True,True
6901,670700.0,1899800.0,60624,0,0,4.0-6.0,5.0,127.0,road_node,,True,True
6903,670800.0,1898400.0,60624,0,0,4.0-6.0,5.0,127.0,road_node,,True,True
6904,672100.0,1900500.0,60612,0,0,4.0-6.0,5.0,127.0,road_node,,True,True
6905,672100.0,1899800.0,60612,0,0,4.0-6.0,5.0,127.0,road_node,,True,True
6906,672103.0,1898466.0,60612,0,0,6.0-8.0,7.0,177.8,road_node,,True,True
6907,673400.0,1898500.0,60612,0,0,6.0-8.0,7.0,177.8,road_node,,True,True
6908,644500.0,1883100.0,60402,0,0,6.0-8.0,7.0,177.8,road_node,,True,True
6909,647200.0,1883100.0,60402,0,0,6.0-8.0,7.0,177.8,road_node,,True,True
6910,611900.0,1966900.0,60056,0,0,2.0-3.0,2.5,63.5,road_node,,True,True
6911,600500.0,1956100.0,60005,0,0,2.0-3.0,2.5,63.5,road_node,,True,True
6912,676800.0,1899000.0,60612,0,0,4.0-6.0,5.0,127.0,road_node,,True,True
6913,678800.0,1900700.0,60612,0,0,4.0-6.0,5.0,127.0,road_node,,True,True
6914,678800.0,1900000.0,60612,0,0,4.0-6.0,5.0,127.0,road_node,,True,True
6915,678800.0,1899000.0,60612,0,0,4.0-6.0,5.0,127.0,road_node,,True,True
6916,680800.0,1899100.0,60612,0,0,4.0-6.0,5.0,127.0,road_node,,True,True
6917,681500.0,1901500.0,60607,0,0,4.0-6.0,5.0,127.0,road_node,,True,True
6918,682600.0,1901500.0,60607,0,0,4.0-6.0,5.0,127.0,road_node,,True,True
6919,681500.0,1900800.0,60607,0,0,4.0-6.0,5.0,127.0,road_node,,True,True
6920,682300.0,1901000.0,60607,0,0,4.0-6.0,5.0,127.0,road_node,,True,True
6924,681500.0,1899600.0,60612,0,0,4.0-6.0,5.0,127.0,road_node,,True,True
6927,681500.0,1899100.0,60612,0,0,4.0-6.0,5.0,127.0,road_node,,True,True
6929,684100.0,1899200.0,60607,0,0,4.0-6.0,5.0,127.0,road_node,,True,True
6933,685500.0,1899200.0,60607,0,0,4.0-6.0,5.0,127.0,road_node,,True,True
6940,644100.0,1893700.0,60130,0,0,6.0-8.0,7.0,177.8,road_node,,True,True
6944,644200.0,1891000.0,60130,0,0,6.0-8.0,7.0,177.8,road_node,,True,True
6950,646900.0,1893800.0,60304,0,0,6.0-8.0,7.0,177.8,road_node,,True,True
6954,649600.0,1893900.0,60304,0,0,8.0-10.0,9.0,228.6,road_node,,True,True
6955,649700.0,1891200.0,60304,0,0,8.0-10.0,9.0,228.6,road_node,,True,True
6964,652300.0,1893900.0,60304,0,0,8.0-10.0,9.0,228.6,road_node,,True,True
6967,655000.0,1894000.0,60644,0,0,8.0-10.0,9.0,228.6,road_node,,True,True
6968,655000.0,1891300.0,60804,0,0,8.0-10.0,9.0,228.6,road_node,,True,True
6973,657600.0,1894100.0,60644,0,0,8.0-10.0,9.0,228.6,road_node,,True,True
6978,657700.0,1891500.0,60804,0,0,8.0-10.0,9.0,228.6,road_node,,True,True
6983,601500.0,1955600.0,60005,0,0,3.0-4.0,3.5,88.9,road_node,,True,True
6986,663000.0,1894200.0,60623,0,0,6.0-8.0,7.0,177.8,road_node,,True,True
6996,665600.0,1894300.0,60623,0,0,6.0-8.0,7.0,177.8,road_node,,True,True
6999,665700.0,1891600.0,60623,0,0,6.0-8.0,7.0,177.8,road_node,,True,True
7002,667100.0,1894400.0,60623,0,0,6.0-8.0,7.0,177.8,road_node,,True,True
7003,622200.0,1957400.0,60016,0,0,2.0-3.0,2.5,63.5,road_node,,True,True
7004,668200.0,1894400.0,60623,0,0,4.0-6.0,5.0,127.0,road_node,,True,True
7005,668300.0,1891700.0,60623,0,0,4.0-6.0,5.0,127.0,road_node,,True,True
7006,669600.0,1894400.0,60623,0,0,4.0-6.0,5.0,127.0,road_node,,True,True
7007,670900.0,1894500.0,60624,0,0,4.0-6.0,5.0,127.0,road_node,,True,True
7008,670900.0,1893100.0,60623,0,0,4.0-6.0,5.0,127.0,road_node,,True,True
7009,671000.0,1891800.0,60623,0,0,4.0-6.0,5.0,127.0,road_node,,True,True
7010,671000.0,1891300.0,60623,0,0,4.0-6.0,5.0,127.0,road_node,,True,True
7011,672200.0,1894500.0,60623,0,0,4.0-6.0,5.0,127.0,road_node,,True,True
7012,671900.0,1893100.0,60623,0,0,4.0-6.0,5.0,127.0,road_node,,True,True
7013,576600.0,1851600.0,60517,0,0,3.0-4.0,3.5,88.9,road_node,,True,True
7014,672000.0,1891800.0,60623,0,0,4.0-6.0,5.0,127.0,road_node,,True,True
7015,672600.0,1890700.0,60623,0,0,4.0-6.0,5.0,127.0,road_node,,True,True
7016,673600.0,1894500.0,60623,0,0,4.0-6.0,5.0,127.0,road_node,,True,True
7017,673600.0,1894000.0,60623,0,0,4.0-6.0,5.0,127.0,road_node,,True,True
7018,675300.0,1897700.0,60612,0,0,4.0-6.0,5.0,127.0,road_node,,True,True
7019,593900.0,1977600.0,60004,0,0,2.0-3.0,2.5,63.5,road_node,,True,True
7020,676900.0,1894600.0,60608,0,0,4.0-6.0,5.0,127.0,road_node,,True,True
7021,679000.0,1894600.0,60608,0,0,4.0-6.0,5.0,127.0,road_node,,True,True
7022,681600.0,1894700.0,60608,0,0,4.0-6.0,5.0,127.0,road_node,,True,True
7023,681700.0,1892000.0,60608,0,0,4.0-6.0,5.0,127.0,road_node,,True,True
7024,684200.0,1894800.0,60608,0,0,4.0-6.0,5.0,127.0,road_node,,True,True
7025,685200.0,1894800.0,60608,0,0,4.0-6.0,5.0,127.0,road_node,,True,True
7029,684300.0,1893400.0,60608,0,0,4.0-6.0,5.0,127.0,road_node,,True,True
7030,683500.0,1892100.0,60608,0,0,4.0-6.0,5.0,127.0,road_node,,True,True
7032,687000.0,1892200.0,60608,0,0,4.0-6.0,5.0,127.0,road_node,,True,True
7035,644300.0,1888400.0,60546,0,0,6.0-8.0,7.0,177.8,road_node,,True,True
7036,644400.0,1885700.0,60402,0,0,6.0-8.0,7.0,177.8,road_node,,True,True
7037,647100.0,1888500.0,60402,0,0,6.0-8.0,7.0,177.8,road_node,,True,True
7040,649700.0,1888500.0,60402,0,0,8.0-10.0,9.0,228.6,road_node,,True,True
7041,649800.0,1885900.0,60402,0,0,8.0-10.0,9.0,228.6,road_node,,True,True
7042,652400.0,1888600.0,60804,0,0,8.0-10.0,9.0,228.6,road_node,,True,True
7043,655100.0,1888700.0,60804,0,0,8.0-10.0,9.0,228.6,road_node,,True,True
7044,655200.0,1886000.0,60804,0,0,8.0-10.0,9.0,228.6,road_node,,True,True
7045,660500.0,1886100.0,60804,0,0,8.0-10.0,9.0,228.6,road_node,,True,True
7046,663100.0,1888900.0,60623,0,0,6.0-8.0,7.0,177.8,road_node,,True,True
7047,663100.0,1887500.0,60623,0,0,6.0-8.0,7.0,177.8,road_node,,True,True
7048,665700.0,1889000.0,60623,0,0,6.0-8.0,7.0,177.8,road_node,,True,True
7049,572100.0,1858900.0,60532,0,0,2.0-3.0,2.5,63.5,road_node,,True,True
7050,575300.0,1856600.0,60517,0,0,2.0-3.0,2.5,63.5,road_node,,True,True
7051,577200.0,1854300.0,60517,0,0,2.0-3.0,2.5,63.5,road_node,,True,True
7052,665800.0,1886300.0,60623,0,0,6.0-8.0,7.0,177.8,road_node,,True,True
7054,577100.0,1854100.0,60517,0,0,2.0-3.0,2.5,63.5,road_node,,True,True
7055,668400.0,1890100.0,60623,0,0,4.0-6.0,5.0,127.0,road_node,,True,True
7056,668400.0,1889100.0,60623,0,0,4.0-6.0,5.0,127.0,road_node,,True,True
7059,668500.0,1886400.0,60623,0,0,4.0-6.0,5.0,127.0,road_node,,True,True
7060,671000.0,1889100.0,60623,0,0,4.0-6.0,5.0,127.0,road_node,,True,True
7067,671100.0,1886500.0,60623,0,0,4.0-6.0,5.0,127.0,road_node,,True,True
7068,593500.0,1842400.0,60561,0,0,3.0-4.0,3.5,88.9,road_node,,True,True
7072,672700.0,1889200.0,60623,0,0,4.0-6.0,5.0,127.0,road_node,,True,True
7073,673700.0,1889200.0,60623,0,0,4.0-6.0,5.0,127.0,road_node,,True,True
7075,585839.0,1833389.0,60439,0,0,1.5-2.0,1.75,44.45,road_node,,True,True
7076,583600.0,1830600.0,60440,0,0,1.0-1.5,1.25,31.75,road_node,,True,True
7077,586000.0,1830600.0,60439,0,0,1.5-2.0,1.75,44.45,road_node,,True,True
7078,607100.0,1906200.0,60126,0,0,2.0-3.0,2.5,63.5,road_node,,True,True
7079,604900.0,1881800.0,60523,0,0,1.5-2.0,1.75,44.45,road_node,,True,True
7080,602300.0,1889400.0,60523,0,0,2.0-3.0,2.5,63.5,road_node,,True,True
7081,604900.0,1889800.0,60523,0,0,1.5-2.0,1.75,44.45,road_node,,True,True
7082,607700.0,1892400.0,60162,0,0,2.0-3.0,2.5,63.5,road_node,,True,True
7083,611800.0,1900100.0,60163,0,0,2.0-3.0,2.5,63.5,road_node,,True,True
7084,513500.0,1951000.0,60123,0,0,0.5-1.0,0.75,19.05,road_node,,True,True
7085,509800.0,1951600.0,60123,0,0,1.0-1.5,1.25,31.75,road_node,,True,True
7086,509600.0,1952900.0,60123,0,0,1.0-1.5,1.25,31.75,road_node,,True,True
7087,509800.0,1953700.0,60123,0,0,1.0-1.5,1.25,31.75,road_node,,True,True
7088,509800.0,1955000.0,60123,0,0,1.0-1.5,1.25,31.75,road_node,,True,True
7089,509800.0,1956100.0,60123,0,0,0.5-1.0,0.75,19.05,road_node,,True,True
7090,509800.0,1957100.0,60123,0,0,0.5-1.0,0.75,19.05,road_node,,True,True
7091,514700.0,1953600.0,60123,0,0,0.5-1.0,0.75,19.05,road_node,,True,True
7092,513000.0,1956000.0,60123,0,0,0.5-1.0,0.75,19.05,road_node,,True,True
7093,513000.0,1956500.0,60123,0,0,0.5-1.0,0.75,19.05,road_node,,True,True
7094,513000.0,1957100.0,60123,0,0,0.5-1.0,0.75,19.05,road_node,,True,True
7095,513200.0,1958100.0,60123,0,0,1.0-1.5,1.25,31.75,road_node,,True,True
7096,513300.0,1959400.0,60123,0,0,1.0-1.5,1.25,31.75,road_node,,True,True
7097,513000.0,1962300.0,60123,0,0,1.0-1.5,1.25,31.75,road_node,,True,True
7098,513000.0,1963100.0,60123,0,0,1.0-1.5,1.25,31.75,road_node,,True,True
7099,512500.0,1957100.0,60123,0,0,0.5-1.0,0.75,19.05,road_node,,True,True
7100,512000.0,1957100.0,60123,0,0,0.5-1.0,0.75,19.05,road_node,,True,True
7101,512600.0,1958100.0,60123,0,0,0.5-1.0,0.75,19.05,road_node,,True,True
7102,511600.0,1957600.0,60123,0,0,0.5-1.0,0.75,19.05,road_node,,True,True
7103,512500.0,1959400.0,60123,0,0,0.5-1.0,0.75,19.05,road_node,,True,True
7104,512000.0,1959400.0,60123,0,0,0.5-1.0,0.75,19.05,road_node,,True,True
7105,512500.0,1962300.0,60123,0,0,0.5-1.0,0.75,19.05,road_node,,True,True
7106,512000.0,1962300.0,60123,0,0,1.0-1.5,1.25,31.75,road_node,,True,True
7107,581300.0,1956400.0,60173,0,0,2.0-3.0,2.5,63.5,road_node,,True,True
7108,582000.0,1957000.0,60173,0,0,2.0-3.0,2.5,63.5,road_node,,True,True
7109,582600.0,1956000.0,60173,0,0,2.0-3.0,2.5,63.5,road_node,,True,True
7110,582330.0,1955410.0,60173,0,0,2.0-3.0,2.5,63.5,road_node,,True,True
7111,516100.0,1956000.0,60120,0,0,0.5-1.0,0.75,19.05,road_node,,True,True
7112,673800.0,1887700.0,60623,0,0,4.0-6.0,5.0,127.0,road_node,,True,True
7113,514300.0,1957400.0,60123,0,0,0.5-1.0,0.75,19.05,road_node,,True,True
7114,515400.0,1957300.0,60123,0,0,0.5-1.0,0.75,19.05,road_node,,True,True
7115,517700.0,1957300.0,60120,0,0,0.5-1.0,0.75,19.05,road_node,,True,True
7116,516700.0,1962300.0,60120,0,0,1.0-1.5,1.25,31.75,road_node,,True,True
7117,517200.0,1962000.0,60120,0,0,1.0-1.5,1.25,31.75,road_node,,True,True
7118,516700.0,1963400.0,60120,0,0,1.0-1.5,1.25,31.75,road_node,,True,True
7119,675400.0,1898000.0,60612,0,0,4.0-6.0,5.0,127.0,road_node,,True,True
7120,514500.0,1880800.0,60510,0,0,0.5-1.0,0.75,19.05,road_node,,True,True
7121,514400.0,1874400.0,60502,0,0,0.5-1.0,0.75,19.05,road_node,,True,True
7122,506500.0,1955500.0,60123,0,0,0.5-1.0,0.75,19.05,road_node,,True,True
7123,498000.0,1907000.0,60134,0,0,1.0-1.5,1.25,31.75,road_node,,True,True
7124,516400.0,1950700.0,60120,0,0,0.5-1.0,0.75,19.05,road_node,,True,True
7125,517453.0,1950650.0,60120,0,0,0.5-1.0,0.75,19.05,road_node,,True,True
7126,517900.0,1950600.0,60120,0,0,0.5-1.0,0.75,19.05,road_node,,True,True
7127,512000.0,1955100.0,60123,0,0,0.5-1.0,0.75,19.05,road_node,,True,True
7128,512400.0,1955700.0,60123,0,0,0.5-1.0,0.75,19.05,road_node,,True,True
7129,505600.0,1853900.0,60505,0,0,0.5-1.0,0.75,19.05,road_node,,True,True
7130,500900.0,1846600.0,60538,0,0,1.0-1.5,1.25,31.75,road_node,,True,True
7131,687800.0,1890900.0,60616,0,0,4.0-6.0,5.0,127.0,road_node,,True,True
7132,679100.0,1889300.0,60608,0,0,4.0-6.0,5.0,127.0,road_node,,True,True
7133,505700.0,1957400.0,60123,0,0,0.5-1.0,0.75,19.05,road_node,,True,True
7134,514300.0,1957100.0,60123,0,0,0.5-1.0,0.75,19.05,road_node,,True,True
7135,513200.0,1955800.0,60123,0,0,0.5-1.0,0.75,19.05,road_node,,True,True
7136,512200.0,1963200.0,60123,0,0,1.0-1.5,1.25,31.75,road_node,,True,True
7137,512900.0,1956500.0,60123,0,0,0.5-1.0,0.75,19.05,road_node,,True,True
7138,681100.0,1911100.0,60622,0,0,4.0-6.0,5.0,127.0,road_node,,True,True
7139,493700.0,1955100.0,60124,0,0,0.5-1.0,0.75,19.05,road_node,,True,True
7140,497300.0,1953400.0,60123,0,0,1.0-1.5,1.25,31.75,road_node,,True,True
7141,497700.0,1953000.0,60123,0,0,1.0-1.5,1.25,31.75,road_node,,True,True
7142,497700.0,1955000.0,60123,0,0,1.0-1.5,1.25,31.75,road_node,,True,True
7143,497000.0,1954000.0,60123,0,0,1.0-1.5,1.25,31.75,road_node,,True,True
7144,499000.0,1953200.0,60123,0,0,1.0-1.5,1.25,31.75,road_node,,True,True
7145,499300.0,1953800.0,60123,0,0,1.0-1.5,1.25,31.75,road_node,,True,True
7146,504700.0,1855000.0,60505,0,0,1.0-1.5,1.25,31.75,road_node,,True,True
7147,504500.0,1854700.0,60505,0,0,1.0-1.5,1.25,31.75,road_node,,True,True
7148,502400.0,1853200.0,60505,0,0,1.0-1.5,1.25,31.75,road_node,,True,True
7167,681700.0,1889400.0,60608,0,0,4.0-6.0,5.0,127.0,road_node,,True,True
7184,684400.0,1889500.0,60608,0,0,4.0-6.0,5.0,127.0,road_node,,True,True
7189,687000.0,1889600.0,60608,0,0,4.0-6.0,5.0,127.0,road_node,,True,True
7190,687000.0,1887600.0,60608,0,0,4.0-6.0,5.0,127.0,road_node,,True,True
7257,644100.0,2009800.0,60035,0,0,2.0-3.0,2.5,63.5,road_node,,True,True
7258,644700.0,2009800.0,60035,0,0,,,,road_node,,True,False
7259,643400.0,2009000.0,60035,0,0,2.0-3.0,2.5,63.5,road_node,,True,True
7260,639600.0,2001100.0,60035,0,0,2.0-3.0,2.5,63.5,road_node,,True,True
7261,640600.0,1998500.0,60035,0,0,2.0-3.0,2.5,63.5,road_node,,True,True
7262,630600.0,2006400.0,60015,0,0,2.0-3.0,2.5,63.5,road_node,,True,True
7263,626400.0,2005100.0,60015,0,0,2.0-3.0,2.5,63.5,road_node,,True,True
7264,627700.0,2005100.0,60015,0,0,2.0-3.0,2.5,63.5,road_node,,True,True
7265,630800.0,2005100.0,60015,0,0,2.0-3.0,2.5,63.5,road_node,,True,True
7266,631800.0,2005000.0,60015,0,0,2.0-3.0,2.5,63.5,road_node,,True,True
7267,630800.0,2003800.0,60015,0,0,2.0-3.0,2.5,63.5,road_node,,True,True
7268,626400.0,2001000.0,60015,0,0,2.0-3.0,2.5,63.5,road_node,,True,True
7269,628600.0,2001000.0,60015,0,0,2.0-3.0,2.5,63.5,road_node,,True,True
7270,628800.0,1998500.0,60015,0,0,2.0-3.0,2.5,63.5,road_node,,True,True
7271,568016.0,2006710.0,60047,0,0,1.5-2.0,1.75,44.45,road_node,,True,True
7272,568100.0,2001500.0,60047,0,0,1.0-1.5,1.25,31.75,road_node,,True,True
7273,568300.0,1998600.0,60074,0,0,1.5-2.0,1.75,44.45,road_node,,True,True
7274,554700.0,1999800.0,60010,0,0,1.5-2.0,1.75,44.45,road_node,,True,True
7275,554700.0,1998700.0,60010,0,0,1.5-2.0,1.75,44.45,road_node,,True,True
7276,554900.0,2012000.0,60010,0,0,1.0-1.5,1.25,31.75,road_node,,True,True
7277,557600.0,2012000.0,60010,0,0,1.0-1.5,1.25,31.75,road_node,,True,True
7278,549100.0,1998700.0,60010,0,0,1.5-2.0,1.75,44.45,road_node,,True,True
7279,528500.0,2018500.0,60013,0,0,0.5-1.0,0.75,19.05,road_node,,True,True
7283,687100.0,1886900.0,60608,0,0,4.0-6.0,5.0,127.0,road_node,,True,True
7284,689200.0,1889600.0,60616,0,0,4.0-6.0,5.0,127.0,road_node,,True,True
7285,689200.0,1889000.0,60616,0,0,4.0-6.0,5.0,127.0,road_node,,True,True
7286,498800.0,2019600.0,60156,0,0,1.0-1.5,1.25,31.75,road_node,,True,True
7287,504700.0,2019600.0,60014,0,0,1.0-1.5,1.25,31.75,road_node,,True,True
7288,495600.0,2019900.0,60156,0,0,,,,road_node,,True,False
7291,582111.0,1840435.0,60517,0,0,1.5-2.0,1.75,44.45,road_node,,True,True
7292,612400.0,1923100.0,60106,0,0,2.0-3.0,2.5,63.5,road_node,,True,True
7293,582600.0,1900700.0,60148,0,0,2.0-3.0,2.5,63.5,road_node,,True,True
7294,582700.0,1895500.0,60148,0,0,2.0-3.0,2.5,63.5,road_node,,True,True
7295,605700.0,1857300.0,60527,0,0,2.0-3.0,2.5,63.5,road_node,,True,True
7296,689200.0,1887000.0,60616,0,0,4.0-6.0,5.0,127.0,road_node,,True,True
7297,606900.0,1887100.0,60523,0,0,1.5-2.0,1.75,44.45,road_node,,True,True
7298,589300.0,1868400.0,60515,0,0,2.0-3.0,2.5,63.5,road_node,,True,True
7299,592300.0,1868000.0,60559,0,0,2.0-3.0,2.5,63.5,road_node,,True,True
7300,587500.0,1868100.0,60515,0,0,2.0-3.0,2.5,63.5,road_node,,True,True
7301,713600.0,1750300.0,46311,0,0,1.5-2.0,1.75,44.45,road_node,,True,True
7302,712500.0,1745700.0,46311,0,0,1.5-2.0,1.75,44.45,road_node,,True,True
7303,681800.0,1724000.0,60484,0,0,1.5-2.0,1.75,44.45,road_node,,True,True
7304,596000.0,1730800.0,60442,0,0,0.5-1.0,0.75,19.05,road_node,,True,True
7305,638100.0,1755000.0,60423,0,0,1.0-1.5,1.25,31.75,road_node,,True,True
7306,643500.0,1755100.0,60423,0,0,1.0-1.5,1.25,31.75,road_node,,True,True
7307,621300.0,1776100.0,60448,0,0,1.0-1.5,1.25,31.75,road_node,,True,True
7308,624100.0,1776100.0,60448,0,0,1.0-1.5,1.25,31.75,road_node,,True,True
7309,611000.0,1772500.0,60448,0,0,1.0-1.5,1.25,31.75,road_node,,True,True
7310,601900.0,1771500.0,60451,0,0,1.5-2.0,1.75,44.45,road_node,,True,True
7311,602300.0,1768900.0,60451,0,0,1.0-1.5,1.25,31.75,road_node,,True,True
7312,600500.0,1768800.0,60451,0,0,1.0-1.5,1.25,31.75,road_node,,True,True
7313,598400.0,1771300.0,60451,0,0,2.0-3.0,2.5,63.5,road_node,,True,True
7314,598400.0,1768900.0,60451,0,0,1.0-1.5,1.25,31.75,road_node,,True,True
7315,598900.0,1765300.0,60451,0,0,1.0-1.5,1.25,31.75,road_node,,True,True
7316,597900.0,1764800.0,60451,0,0,1.0-1.5,1.25,31.75,road_node,,True,True
7317,597100.0,1759500.0,60451,0,0,1.0-1.5,1.25,31.75,road_node,,True,True
7318,662400.0,1734000.0,60449,0,0,2.0-3.0,2.5,63.5,road_node,,True,True
7319,591500.0,1807000.0,60491,0,0,1.0-1.5,1.25,31.75,road_node,,True,True
7320,591500.0,1809600.0,60439,0,0,1.0-1.5,1.25,31.75,road_node,,True,True
7321,581400.0,1801400.0,60441,0,0,2.0-3.0,2.5,63.5,road_node,,True,True
7322,580700.0,1796100.0,60441,0,0,1.5-2.0,1.75,44.45,road_node,,True,True
7323,578000.0,1795800.0,60441,0,0,2.0-3.0,2.5,63.5,road_node,,True,True
7324,577000.0,1792500.0,60441,0,0,2.0-3.0,2.5,63.5,road_node,,True,True
7325,577300.0,1790600.0,60441,0,0,2.0-3.0,2.5,63.5,road_node,,True,True
7326,576400.0,1790500.0,60441,0,0,2.0-3.0,2.5,63.5,road_node,,True,True
7327,569200.0,1795500.0,60441,0,0,1.5-2.0,1.75,44.45,road_node,,True,True
7328,576000.0,1793900.0,60441,0,0,2.0-3.0,2.5,63.5,road_node,,True,True
7329,576600.0,1793000.0,60441,0,0,2.0-3.0,2.5,63.5,road_node,,True,True
7330,581000.0,1798900.0,60441,0,0,2.0-3.0,2.5,63.5,road_node,,True,True
7331,572600.0,1784900.0,60441,0,0,2.0-3.0,2.5,63.5,road_node,,True,True
7332,574200.0,1784900.0,60441,0,0,2.0-3.0,2.5,63.5,road_node,,True,True
7333,576900.0,1784900.0,60441,0,0,2.0-3.0,2.5,63.5,road_node,,True,True
7334,579100.0,1785300.0,60441,0,0,1.5-2.0,1.75,44.45,road_node,,True,True
7335,573900.0,1782300.0,60432,0,0,1.5-2.0,1.75,44.45,road_node,,True,True
7336,573900.0,1781000.0,60432,0,0,1.5-2.0,1.75,44.45,road_node,,True,True
7337,690200.0,1889700.0,60616,0,0,4.0-6.0,5.0,127.0,road_node,,True,True
7338,691000.0,1890200.0,60616,0,0,4.0-6.0,5.0,127.0,road_node,,True,True
7339,575800.0,1777300.0,60432,0,0,1.0-1.5,1.25,31.75,road_node,,True,True
7340,576800.0,1774100.0,60432,0,0,1.0-1.5,1.25,31.75,road_node,,True,True
7341,579300.0,1775100.0,60432,0,0,1.0-1.5,1.25,31.75,road_node,,True,True
7342,579300.0,1770800.0,60432,0,0,1.0-1.5,1.25,31.75,road_node,,True,True
7343,577100.0,1770600.0,60432,0,0,1.0-1.5,1.25,31.75,road_node,,True,True
7344,573900.0,1777200.0,60432,0,0,1.0-1.5,1.25,31.75,road_node,,True,True
7345,574100.0,1774900.0,60432,0,0,1.0-1.5,1.25,31.75,road_node,,True,True
7346,574200.0,1771900.0,60432,0,0,1.0-1.5,1.25,31.75,road_node,,True,True
7347,574200.0,1770600.0,60432,0,0,1.0-1.5,1.25,31.75,road_node,,True,True
7348,575300.0,1769200.0,60432,0,0,1.0-1.5,1.25,31.75,road_node,,True,True
7349,573000.0,1777100.0,60432,0,0,1.0-1.5,1.25,31.75,road_node,,True,True
7350,571300.0,1774800.0,60432,0,0,1.0-1.5,1.25,31.75,road_node,,True,True
7351,690900.0,1889700.0,60616,0,0,4.0-6.0,5.0,127.0,road_node,,True,True
7352,567200.0,1782100.0,60403,0,0,1.5-2.0,1.75,44.45,road_node,,True,True
7353,564500.0,1782300.0,60403,0,0,1.0-1.5,1.25,31.75,road_node,,True,True
7354,564400.0,1779400.0,60403,0,0,1.0-1.5,1.25,31.75,road_node,,True,True
7355,568000.0,1776700.0,60432,0,0,1.0-1.5,1.25,31.75,road_node,,True,True
7356,566100.0,1776300.0,60435,0,0,0.5-1.0,0.75,19.05,road_node,,True,True
7357,563500.0,1776700.0,60435,0,0,1.0-1.5,1.25,31.75,road_node,,True,True
7358,560800.0,1779300.0,60435,0,0,1.0-1.5,1.25,31.75,road_node,,True,True
7359,561000.0,1776500.0,60435,0,0,0.5-1.0,0.75,19.05,road_node,,True,True
7360,561100.0,1774000.0,60435,0,0,0.5-1.0,0.75,19.05,road_node,,True,True
7361,558700.0,1776500.0,60435,0,0,0.5-1.0,0.75,19.05,road_node,,True,True
7362,564200.0,1773400.0,60435,0,0,0.5-1.0,0.75,19.05,road_node,,True,True
7363,566000.0,1773400.0,60435,0,0,0.5-1.0,0.75,19.05,road_node,,True,True
7364,564600.0,1771900.0,60435,0,0,0.5-1.0,0.75,19.05,road_node,,True,True
7365,563500.0,1772100.0,60435,0,0,0.5-1.0,0.75,19.05,road_node,,True,True
7366,563700.0,1771100.0,60435,0,0,0.5-1.0,0.75,19.05,road_node,,True,True
7367,563600.0,1770500.0,60435,0,0,0.5-1.0,0.75,19.05,road_node,,True,True
7368,561200.0,1771900.0,60435,0,0,0.5-1.0,0.75,19.05,road_node,,True,True
7369,561000.0,1771100.0,60435,0,0,0.5-1.0,0.75,19.05,road_node,,True,True
7370,561000.0,1770800.0,60435,0,0,0.5-1.0,0.75,19.05,road_node,,True,True
7371,558400.0,1768600.0,60435,0,0,0.5-1.0,0.75,19.05,road_node,,True,True
7372,559700.0,1768200.0,60435,0,0,0.5-1.0,0.75,19.05,road_node,,True,True
7373,559800.0,1767200.0,60436,0,0,0.5-1.0,0.75,19.05,road_node,,True,True
7374,561400.0,1767200.0,60436,0,0,0.5-1.0,0.75,19.05,road_node,,True,True
7375,563629.0,1768510.0,60435,0,0,0.5-1.0,0.75,19.05,road_node,,True,True
7376,562499.0,1767800.0,60436,0,0,0.5-1.0,0.75,19.05,road_node,,True,True
7377,563720.0,1767800.0,60436,0,0,0.5-1.0,0.75,19.05,road_node,,True,True
7378,566300.0,1767900.0,60436,0,0,0.5-1.0,0.75,19.05,road_node,,True,True
7379,566200.0,1768700.0,60435,0,0,0.5-1.0,0.75,19.05,road_node,,True,True
7380,569800.0,1767900.0,60433,0,0,0.5-1.0,0.75,19.05,road_node,,True,True
7381,569346.0,1766590.0,60433,0,0,0.5-1.0,0.75,19.05,road_node,,True,True
7382,560000.0,1762400.0,60436,0,0,0.5-1.0,0.75,19.05,road_node,,True,True
7383,557400.0,1762600.0,60436,0,0,0.5-1.0,0.75,19.05,road_node,,True,True
7384,557400.0,1761300.0,60436,0,0,0.5-1.0,0.75,19.05,road_node,,True,True
7385,557400.0,1759500.0,60436,0,0,0.5-1.0,0.75,19.05,road_node,,True,True
7386,558500.0,1765900.0,60436,0,0,0.5-1.0,0.75,19.05,road_node,,True,True
7387,555700.0,1765900.0,60436,0,0,0.5-1.0,0.75,19.05,road_node,,True,True
7388,555400.0,1768500.0,60435,0,0,0.5-1.0,0.75,19.05,road_node,,True,True
7389,561300.0,1768800.0,60435,0,0,0.5-1.0,0.75,19.05,road_node,,True,True
7390,559700.0,1771900.0,60435,0,0,0.5-1.0,0.75,19.05,road_node,,True,True
7391,559700.0,1771100.0,60435,0,0,0.5-1.0,0.75,19.05,road_node,,True,True
7392,557000.0,1771200.0,60435,0,0,0.5-1.0,0.75,19.05,road_node,,True,True
7393,557100.0,1771800.0,60435,0,0,0.5-1.0,0.75,19.05,road_node,,True,True
7394,556900.0,1772600.0,60435,0,0,0.5-1.0,0.75,19.05,road_node,,True,True
7395,556900.0,1776500.0,60435,0,0,0.5-1.0,0.75,19.05,road_node,,True,True
7396,555200.0,1771000.0,60435,0,0,0.5-1.0,0.75,19.05,road_node,,True,True
7397,553600.0,1768400.0,60435,0,0,0.5-1.0,0.75,19.05,road_node,,True,True
7398,553900.0,1771000.0,60435,0,0,0.5-1.0,0.75,19.05,road_node,,True,True
7399,553600.0,1772100.0,60435,0,0,0.5-1.0,0.75,19.05,road_node,,True,True
7400,554300.0,1773900.0,60435,0,0,0.5-1.0,0.75,19.05,road_node,,True,True
7401,554300.0,1776300.0,60435,0,0,0.5-1.0,0.75,19.05,road_node,,True,True
7402,551000.0,1765800.0,60436,0,0,0.5-1.0,0.75,19.05,road_node,,True,True
7403,552000.0,1768400.0,60435,0,0,0.5-1.0,0.75,19.05,road_node,,True,True
7404,551200.0,1768300.0,60435,0,0,0.5-1.0,0.75,19.05,road_node,,True,True
7405,550500.0,1768400.0,60435,0,0,0.5-1.0,0.75,19.05,road_node,,True,True
7406,551700.0,1770700.0,60435,0,0,0.5-1.0,0.75,19.05,road_node,,True,True
7407,550700.0,1770900.0,60435,0,0,0.5-1.0,0.75,19.05,road_node,,True,True
7408,547400.0,1771000.0,60435,0,0,0.5-1.0,0.75,19.05,road_node,,True,True
7409,549900.0,1773700.0,60435,0,0,0.5-1.0,0.75,19.05,road_node,,True,True
7410,551300.0,1773600.0,60435,0,0,0.5-1.0,0.75,19.05,road_node,,True,True
7411,553900.0,1773600.0,60435,0,0,0.5-1.0,0.75,19.05,road_node,,True,True
7412,547000.0,1776000.0,60435,0,0,0.5-1.0,0.75,19.05,road_node,,True,True
7413,551300.0,1776200.0,60435,0,0,0.5-1.0,0.75,19.05,road_node,,True,True
7414,569100.0,1809600.0,60446,0,0,1.0-1.5,1.25,31.75,road_node,,True,True
7415,563500.0,1811000.0,60446,0,0,1.0-1.5,1.25,31.75,road_node,,True,True
7416,569100.0,1812900.0,60446,0,0,1.0-1.5,1.25,31.75,road_node,,True,True
7417,566400.0,1814300.0,60446,0,0,1.0-1.5,1.25,31.75,road_node,,True,True
7418,569100.0,1814300.0,60446,0,0,1.0-1.5,1.25,31.75,road_node,,True,True
7419,557800.0,1831900.0,60490,0,0,1.0-1.5,1.25,31.75,road_node,,True,True
7420,567200.0,1832500.0,60440,0,0,1.5-2.0,1.75,44.45,road_node,,True,True
7421,572300.0,1832700.0,60440,0,0,1.5-2.0,1.75,44.45,road_node,,True,True
7422,577300.0,1832900.0,60440,0,0,1.5-2.0,1.75,44.45,road_node,,True,True
7423,558700.0,1851000.0,60565,0,0,0.5-1.0,0.75,19.05,road_node,,True,True
7424,690900.0,1887000.0,60616,0,0,4.0-6.0,5.0,127.0,road_node,,True,True
7425,561300.0,1768200.0,60435,0,0,0.5-1.0,0.75,19.05,road_node,,True,True
7426,562391.0,1768410.0,60435,0,0,0.5-1.0,0.75,19.05,road_node,,True,True
7427,563400.0,1822100.0,60490,0,0,0.5-1.0,0.75,19.05,road_node,,True,True
7428,567300.0,1824400.0,60440,0,0,1.0-1.5,1.25,31.75,road_node,,True,True
7429,692300.0,1889700.0,60616,0,0,4.0-6.0,5.0,127.0,road_node,,True,True
7430,557100.0,1965200.0,60169,0,0,1.0-1.5,1.25,31.75,road_node,,True,True
7431,539400.0,1715400.0,60410,0,0,,,,road_node,,True,False
7432,565500.0,1774200.0,60435,0,0,0.5-1.0,0.75,19.05,road_node,,True,True
7433,711300.0,1855600.0,60649,0,0,4.0-6.0,5.0,127.0,road_node,,True,True
7435,692800.0,1889700.0,60616,0,0,4.0-6.0,5.0,127.0,road_node,,True,True
7436,692400.0,1887000.0,60616,0,0,4.0-6.0,5.0,127.0,road_node,,True,True
7437,693200.0,1889700.0,60616,0,0,4.0-6.0,5.0,127.0,road_node,,True,True
7438,693600.0,1889700.0,60616,0,0,4.0-6.0,5.0,127.0,road_node,,True,True
7439,693300.0,1887000.0,60616,0,0,4.0-6.0,5.0,127.0,road_node,,True,True
7440,696100.0,1889200.0,60616,0,0,4.0-6.0,5.0,127.0,road_node,,True,True
7441,695700.0,1889600.0,60616,0,0,4.0-6.0,5.0,127.0,road_node,,True,True
7443,679500.0,1898000.0,60612,0,0,4.0-6.0,5.0,127.0,road_node,,True,True
7447,595700.0,1977600.0,60004,0,0,2.0-3.0,2.5,63.5,road_node,,True,True
7448,676700.0,1876000.0,60632,0,0,4.0-6.0,5.0,127.0,road_node,,True,True
7450,650000.0,1881200.0,60402,0,0,6.0-8.0,7.0,177.8,road_node,,True,True
7451,654400.0,1883300.0,60804,0,0,8.0-10.0,9.0,228.6,road_node,,True,True
7455,663300.0,1883600.0,60623,0,0,6.0-8.0,7.0,177.8,road_node,,True,True
7456,665900.0,1883600.0,60623,0,0,4.0-6.0,5.0,127.0,road_node,,True,True
7457,671200.0,1883800.0,60623,0,0,4.0-6.0,5.0,127.0,road_node,,True,True
7458,673900.0,1883900.0,60623,0,0,4.0-6.0,5.0,127.0,road_node,,True,True
7459,694900.0,1889300.0,60616,0,0,4.0-6.0,5.0,127.0,road_node,,True,True
7460,688400.0,1888500.0,60616,0,0,4.0-6.0,5.0,127.0,road_node,,True,True
7461,678600.0,1881300.0,60609,0,0,4.0-6.0,5.0,127.0,road_node,,True,True
7462,679200.0,1881900.0,60608,0,0,4.0-6.0,5.0,127.0,road_node,,True,True
7463,681800.0,1884000.0,60608,0,0,4.0-6.0,5.0,127.0,road_node,,True,True
7464,630000.0,1952900.0,60068,0,0,2.0-3.0,2.5,63.5,road_node,,True,True
7465,629800.0,1952000.0,60068,0,0,3.0-4.0,3.5,88.9,road_node,,True,True
7466,648900.0,1956400.0,60053,0,0,2.0-3.0,2.5,63.5,road_node,,True,True
7467,655200.0,1968100.0,60029,0,0,2.0-3.0,2.5,63.5,road_node,,True,True
7468,630700.0,1973600.0,60026,0,0,1.5-2.0,1.75,44.45,road_node,,True,True
7469,670200.0,1916800.0,60647,0,0,4.0-6.0,5.0,127.0,road_node,,True,True
7470,683000.0,1891400.0,60608,0,0,4.0-6.0,5.0,127.0,road_node,,True,True
7471,674600.0,1884200.0,60608,0,0,4.0-6.0,5.0,127.0,road_node,,True,True
7472,682600.0,1884600.0,60608,0,0,4.0-6.0,5.0,127.0,road_node,,True,True
7473,676100.0,1884200.0,60608,0,0,4.0-6.0,5.0,127.0,road_node,,True,True
7474,681900.0,1881400.0,60609,0,0,4.0-6.0,5.0,127.0,road_node,,True,True
7475,656400.0,1957200.0,60077,0,0,3.0-4.0,3.5,88.9,road_node,,True,True
7476,656600.0,1955200.0,60077,0,0,3.0-4.0,3.5,88.9,road_node,,True,True
7477,656400.0,1954600.0,60077,0,0,3.0-4.0,3.5,88.9,road_node,,True,True
7478,635000.0,1933600.0,60656,0,0,3.0-4.0,3.5,88.9,road_node,,True,True
7479,632500.0,1933400.0,60656,0,0,3.0-4.0,3.5,88.9,road_node,,True,True
7480,635000.0,1902600.0,60153,0,0,4.0-6.0,5.0,127.0,road_node,,True,True
7481,639600.0,1874600.0,60534,0,0,4.0-6.0,5.0,127.0,road_node,,True,True
7482,640300.0,1874600.0,60534,0,0,6.0-8.0,7.0,177.8,road_node,,True,True
7483,634600.0,1851700.0,60458,0,0,4.0-6.0,5.0,127.0,road_node,,True,True
7484,694800.0,1902500.0,60601,0,0,4.0-6.0,5.0,127.0,road_node,,True,True
7485,695500.0,1902500.0,60601,0,0,4.0-6.0,5.0,127.0,road_node,,True,True
7486,695700.0,1902600.0,60601,0,0,4.0-6.0,5.0,127.0,road_node,,True,True
7487,695300.0,1902000.0,60601,0,0,,,,road_node,,True,False
7488,696700.0,1903300.0,60611,0,0,,,,road_node,,True,False
7489,636200.0,1829700.0,60465,0,0,3.0-4.0,3.5,88.9,road_node,,True,True
7490,717800.0,1763800.0,60411,0,0,2.0-3.0,2.5,63.5,road_node,,True,True
7491,703800.0,1871400.0,60615,0,0,3.0-4.0,3.5,88.9,road_node,,True,True
7492,703000.0,1873900.0,60615,0,0,3.0-4.0,3.5,88.9,road_node,,True,True
7493,684500.0,1884200.0,60608,0,0,4.0-6.0,5.0,127.0,road_node,,True,True
7494,686300.0,1884200.0,60608,0,0,4.0-6.0,5.0,127.0,road_node,,True,True
7495,687200.0,1884200.0,60608,0,0,4.0-6.0,5.0,127.0,road_node,,True,True
7496,707800.0,1839000.0,60617,0,0,4.0-6.0,5.0,127.0,road_node,,True,True
7497,701400.0,1843500.0,60619,0,0,4.0-6.0,5.0,127.0,road_node,,True,True
7498,704200.0,1844000.0,60617,0,0,4.0-6.0,5.0,127.0,road_node,,True,True
7499,676900.0,1876000.0,60609,0,0,4.0-6.0,5.0,127.0,road_node,,True,True
7500,677200.0,1873300.0,60609,0,0,4.0-6.0,5.0,127.0,road_node,,True,True
7501,677100.0,1870700.0,60609,0,0,4.0-6.0,5.0,127.0,road_node,,True,True
7502,677300.0,1868000.0,60609,0,0,4.0-6.0,5.0,127.0,road_node,,True,True
7503,703900.0,1865900.0,60637,0,0,3.0-4.0,3.5,88.9,road_node,,True,True
7504,684700.0,1876200.0,60609,0,0,4.0-6.0,5.0,127.0,road_node,,True,True
7505,700100.0,1876500.0,60653,0,0,3.0-4.0,3.5,88.9,road_node,,True,True
7506,689100.0,1910900.0,60610,0,0,4.0-6.0,5.0,127.0,road_node,,True,True
7507,689100.0,1908200.0,60610,0,0,4.0-6.0,5.0,127.0,road_node,,True,True
7508,687200.0,1881500.0,60609,0,0,4.0-6.0,5.0,127.0,road_node,,True,True
7509,585000.0,1929000.0,60143,0,0,3.0-4.0,3.5,88.9,road_node,,True,True
7510,585700.0,1928300.0,60143,0,0,3.0-4.0,3.5,88.9,road_node,,True,True
7511,693400.0,1898000.0,60605,0,0,4.0-6.0,5.0,127.0,road_node,,True,True
7512,682000.0,1901500.0,60607,0,0,4.0-6.0,5.0,127.0,road_node,,True,True
7513,690900.0,1884300.0,60616,0,0,4.0-6.0,5.0,127.0,road_node,,True,True
7514,690900.0,1881700.0,60609,0,0,4.0-6.0,5.0,127.0,road_node,,True,True
7515,692500.0,1884400.0,60616,0,0,4.0-6.0,5.0,127.0,road_node,,True,True
7516,688700.0,1893100.0,60607,0,0,4.0-6.0,5.0,127.0,road_node,,True,True
7517,688800.0,1903700.0,60654,0,0,4.0-6.0,5.0,127.0,road_node,,True,True
7518,691500.0,1890500.0,60616,0,0,4.0-6.0,5.0,127.0,road_node,,True,True
7519,691500.0,1889700.0,60616,0,0,4.0-6.0,5.0,127.0,road_node,,True,True
7520,672700.0,1887700.0,60623,0,0,4.0-6.0,5.0,127.0,road_node,,True,True
7521,692500.0,1881700.0,60609,0,0,4.0-6.0,5.0,127.0,road_node,,True,True
7522,600700.0,1950800.0,60007,0,0,3.0-4.0,3.5,88.9,road_node,,True,True
7523,647600.0,1792800.0,60477,0,0,1.0-1.5,1.25,31.75,road_node,,True,True
7524,647500.0,1790100.0,60477,0,0,1.0-1.5,1.25,31.75,road_node,,True,True
7525,693400.0,1884400.0,60616,0,0,4.0-6.0,5.0,127.0,road_node,,True,True
7526,693500.0,1881700.0,60653,0,0,4.0-6.0,5.0,127.0,road_node,,True,True
7527,639900.0,1877200.0,60534,0,0,6.0-8.0,7.0,177.8,road_node,,True,True
7528,554900.0,1816100.0,60490,0,0,1.0-1.5,1.25,31.75,road_node,,True,True
7530,569000.0,1762400.0,60433,0,0,0.5-1.0,0.75,19.05,road_node,,True,True
7531,569601.0,1762400.0,60433,0,0,0.5-1.0,0.75,19.05,road_node,,True,True
7532,557900.0,1782600.0,60403,0,0,1.0-1.5,1.25,31.75,road_node,,True,True
7533,568000.0,1772000.0,60432,0,0,0.5-1.0,0.75,19.05,road_node,,True,True
7534,568400.0,1770500.0,60432,0,0,0.5-1.0,0.75,19.05,road_node,,True,True
7535,568200.0,1769500.0,60432,0,0,0.5-1.0,0.75,19.05,road_node,,True,True
7536,563500.0,1809600.0,60446,0,0,1.0-1.5,1.25,31.75,road_node,,True,True
7537,568800.0,1768100.0,60432,0,0,0.5-1.0,0.75,19.05,road_node,,True,True
7538,695000.0,1884500.0,60616,0,0,4.0-6.0,5.0,127.0,road_node,,True,True
7539,696100.0,1884500.0,60616,0,0,4.0-6.0,5.0,127.0,road_node,,True,True
7540,697600.0,1884400.0,60616,0,0,4.0-6.0,5.0,127.0,road_node,,True,True
7541,697100.0,1884900.0,60616,0,0,4.0-6.0,5.0,127.0,road_node,,True,True
7542,521800.0,1845000.0,60504,0,0,0.5-1.0,0.75,19.05,road_node,,True,True
7543,569900.0,1867100.0,60532,0,0,2.0-3.0,2.5,63.5,road_node,,True,True
7544,557500.0,1894100.0,60187,0,0,1.0-1.5,1.25,31.75,road_node,,True,True
7545,696800.0,1881700.0,60653,0,0,3.0-4.0,3.5,88.9,road_node,,True,True
7546,644600.0,1878700.0,60402,0,0,6.0-8.0,7.0,177.8,road_node,,True,True
7547,644700.0,1877700.0,60402,0,0,6.0-8.0,7.0,177.8,road_node,,True,True
7548,644800.0,1876600.0,60534,0,0,6.0-8.0,7.0,177.8,road_node,,True,True
7549,590500.0,1860000.0,60516,0,0,2.0-3.0,2.5,63.5,road_node,,True,True
7550,593300.0,1876100.0,60515,0,0,2.0-3.0,2.5,63.5,road_node,,True,True
7551,597400.0,1876000.0,60559,0,0,1.5-2.0,1.75,44.45,road_node,,True,True
7552,582100.0,1861100.0,60516,0,0,2.0-3.0,2.5,63.5,road_node,,True,True
7553,585500.0,1877500.0,60515,0,0,2.0-3.0,2.5,63.5,road_node,,True,True
7554,647400.0,1877800.0,60402,0,0,6.0-8.0,7.0,177.8,road_node,,True,True
7555,650100.0,1877900.0,60402,0,0,6.0-8.0,7.0,177.8,road_node,,True,True
7556,607100.0,1905800.0,60126,0,0,2.0-3.0,2.5,63.5,road_node,,True,True
7557,676700.0,1878600.0,60632,0,0,4.0-6.0,5.0,127.0,road_node,,True,True
7558,601900.0,1950900.0,60007,0,0,3.0-4.0,3.5,88.9,road_node,,True,True
7559,671400.0,1878500.0,60632,0,0,4.0-6.0,5.0,127.0,road_node,,True,True
7560,671500.0,1875400.0,60632,0,0,4.0-6.0,5.0,127.0,road_node,,True,True
7561,672100.0,1875900.0,60632,0,0,4.0-6.0,5.0,127.0,road_node,,True,True
7562,674000.0,1878500.0,60632,0,0,6.0-8.0,7.0,177.8,road_node,,True,True
7563,675300.0,1878600.0,60632,0,0,4.0-6.0,5.0,127.0,road_node,,True,True
7564,674100.0,1877600.0,60632,0,0,4.0-6.0,5.0,127.0,road_node,,True,True
7565,679000.0,1878700.0,60609,0,0,4.0-6.0,5.0,127.0,road_node,,True,True
7566,682000.0,1878700.0,60609,0,0,4.0-6.0,5.0,127.0,road_node,,True,True
7567,684600.0,1878800.0,60609,0,0,4.0-6.0,5.0,127.0,road_node,,True,True
7568,687300.0,1878900.0,60609,0,0,4.0-6.0,5.0,127.0,road_node,,True,True
7569,687400.0,1876300.0,60609,0,0,4.0-6.0,5.0,127.0,road_node,,True,True
7570,692600.0,1879000.0,60609,0,0,4.0-6.0,5.0,127.0,road_node,,True,True
7571,692700.0,1876300.0,60609,0,0,4.0-6.0,5.0,127.0,road_node,,True,True
7572,693600.0,1879000.0,60653,0,0,4.0-6.0,5.0,127.0,road_node,,True,True
7573,693600.0,1876300.0,60653,0,0,3.0-4.0,3.5,88.9,road_node,,True,True
7574,695200.0,1879000.0,60653,0,0,3.0-4.0,3.5,88.9,road_node,,True,True
7575,697878.0,1878960.0,60653,0,0,3.0-4.0,3.5,88.9,road_node,,True,True
7576,698700.0,1879300.0,60653,0,0,3.0-4.0,3.5,88.9,road_node,,True,True
7577,700000.0,1879000.0,60653,0,0,3.0-4.0,3.5,88.9,road_node,,True,True
7578,699100.0,1880310.0,60653,0,0,3.0-4.0,3.5,88.9,road_node,,True,True
7579,697900.0,1876500.0,60653,0,0,3.0-4.0,3.5,88.9,road_node,,True,True
7580,698500.0,1876400.0,60653,0,0,3.0-4.0,3.5,88.9,road_node,,True,True
7581,644900.0,1873100.0,60534,0,0,6.0-8.0,7.0,177.8,road_node,,True,True
7582,598500.0,1977500.0,60004,0,0,2.0-3.0,2.5,63.5,road_node,,True,True
7583,606900.0,1947300.0,60018,0,0,3.0-4.0,3.5,88.9,road_node,,True,True
7584,606800.0,1949800.0,60018,0,0,3.0-4.0,3.5,88.9,road_node,,True,True
7585,663700.0,1870200.0,60632,0,0,4.0-6.0,5.0,127.0,road_node,,True,True
7586,666200.0,1873100.0,60632,0,0,4.0-6.0,5.0,127.0,road_node,,True,True
7587,666300.0,1871000.0,60632,0,0,4.0-6.0,5.0,127.0,road_node,,True,True
7588,606900.0,1948700.0,60018,0,0,3.0-4.0,3.5,88.9,road_node,,True,True
7589,668800.0,1873100.0,60632,0,0,4.0-6.0,5.0,127.0,road_node,,True,True
7590,671600.0,1873200.0,60632,0,0,4.0-6.0,5.0,127.0,road_node,,True,True
7591,671700.0,1870500.0,60632,0,0,4.0-6.0,5.0,127.0,road_node,,True,True
7592,674200.0,1873300.0,60632,0,0,4.0-6.0,5.0,127.0,road_node,,True,True
7593,619400.0,1945200.0,60018,0,0,3.0-4.0,3.5,88.9,road_node,,True,True
7594,682100.0,1873500.0,60609,0,0,4.0-6.0,5.0,127.0,road_node,,True,True
7595,682200.0,1870800.0,60609,0,0,4.0-6.0,5.0,127.0,road_node,,True,True
7596,684800.0,1873500.0,60609,0,0,4.0-6.0,5.0,127.0,road_node,,True,True
7597,687400.0,1873600.0,60609,0,0,4.0-6.0,5.0,127.0,road_node,,True,True
7598,687500.0,1870900.0,60609,0,0,3.0-4.0,3.5,88.9,road_node,,True,True
7599,692818.0,1873630.0,60609,0,0,3.0-4.0,3.5,88.9,road_node,,True,True
7600,692800.0,1871000.0,60609,0,0,3.0-4.0,3.5,88.9,road_node,,True,True
7601,693600.0,1873700.0,60615,0,0,3.0-4.0,3.5,88.9,road_node,,True,True
7602,693700.0,1871100.0,60615,0,0,3.0-4.0,3.5,88.9,road_node,,True,True
7603,695400.0,1873700.0,60615,0,0,3.0-4.0,3.5,88.9,road_node,,True,True
7604,696100.0,1870100.0,60615,0,0,3.0-4.0,3.5,88.9,road_node,,True,True
7605,698000.0,1873900.0,60615,0,0,3.0-4.0,3.5,88.9,road_node,,True,True
7606,698000.0,1871200.0,60615,0,0,3.0-4.0,3.5,88.9,road_node,,True,True
7607,698700.0,1873900.0,60615,0,0,3.0-4.0,3.5,88.9,road_node,,True,True
7608,700600.0,1873900.0,60615,0,0,3.0-4.0,3.5,88.9,road_node,,True,True
7609,700700.0,1871300.0,60615,0,0,3.0-4.0,3.5,88.9,road_node,,True,True
7610,701900.0,1873900.0,60615,0,0,3.0-4.0,3.5,88.9,road_node,,True,True
7611,702800.0,1874400.0,60615,0,0,3.0-4.0,3.5,88.9,road_node,,True,True
7612,463600.0,1876400.0,60119,0,0,2.0-3.0,2.5,63.5,road_node,,True,True
7613,461700.0,1876600.0,60144,0,0,2.0-3.0,2.5,63.5,road_node,,True,True
7614,462000.0,1875900.0,60144,0,0,2.0-3.0,2.5,63.5,road_node,,True,True
7615,464400.0,1874500.0,60554,0,0,1.5-2.0,1.75,44.45,road_node,,True,True
7616,702800.0,1874000.0,60615,0,0,3.0-4.0,3.5,88.9,road_node,,True,True
7617,703000.0,1871300.0,60615,0,0,3.0-4.0,3.5,88.9,road_node,,True,True
7618,599700.0,1981500.0,60004,0,0,2.0-3.0,2.5,63.5,road_node,,True,True
7619,647400.0,1993200.0,60022,0,0,2.0-3.0,2.5,63.5,road_node,,True,True
7620,704500.0,1871400.0,60615,0,0,3.0-4.0,3.5,88.9,road_node,,True,True
7621,563900.0,1894500.0,60187,0,0,1.5-2.0,1.75,44.45,road_node,,True,True
7622,591800.0,1975400.0,60004,0,0,2.0-3.0,2.5,63.5,road_node,,True,True
7623,690985.0,1868220.0,60621,0,0,3.0-4.0,3.5,88.9,road_node,,True,True
7624,691200.0,1865700.0,60621,0,0,3.0-4.0,3.5,88.9,road_node,,True,True
7625,580600.0,1925600.0,60143,0,0,3.0-4.0,3.5,88.9,road_node,,True,True
7626,581900.0,1925600.0,60143,0,0,3.0-4.0,3.5,88.9,road_node,,True,True
7627,581600.0,1924600.0,60143,0,0,3.0-4.0,3.5,88.9,road_node,,True,True
7628,582400.0,1925700.0,60143,0,0,3.0-4.0,3.5,88.9,road_node,,True,True
7629,583200.0,1927200.0,60143,0,0,3.0-4.0,3.5,88.9,road_node,,True,True
7630,582900.0,1927200.0,60143,0,0,3.0-4.0,3.5,88.9,road_node,,True,True
7631,666400.0,1867700.0,60629,0,0,4.0-6.0,5.0,127.0,road_node,,True,True
7632,666400.0,1865100.0,60629,0,0,4.0-6.0,5.0,127.0,road_node,,True,True
7633,671700.0,1867900.0,60629,0,0,4.0-6.0,5.0,127.0,road_node,,True,True
7634,671800.0,1865200.0,60629,0,0,4.0-6.0,5.0,127.0,road_node,,True,True
7635,674400.0,1867900.0,60629,0,0,4.0-6.0,5.0,127.0,road_node,,True,True
7636,636700.0,1995200.0,60062,0,0,2.0-3.0,2.5,63.5,road_node,,True,True
7637,626700.0,1981500.0,60026,0,0,1.5-2.0,1.75,44.45,road_node,,True,True
7638,679600.0,1868100.0,60609,0,0,4.0-6.0,5.0,127.0,road_node,,True,True
7639,682300.0,1868000.0,60636,0,0,4.0-6.0,5.0,127.0,road_node,,True,True
7640,682400.0,1865500.0,60636,0,0,4.0-6.0,5.0,127.0,road_node,,True,True
7641,684900.0,1868100.0,60636,0,0,4.0-6.0,5.0,127.0,road_node,,True,True
7642,687700.0,1865600.0,60621,0,0,3.0-4.0,3.5,88.9,road_node,,True,True
7643,689600.0,1868300.0,60609,0,0,3.0-4.0,3.5,88.9,road_node,,True,True
7644,692900.0,1868300.0,60621,0,0,3.0-4.0,3.5,88.9,road_node,,True,True
7645,692900.0,1865700.0,60621,0,0,3.0-4.0,3.5,88.9,road_node,,True,True
7646,593900.0,1974900.0,60005,0,0,2.0-3.0,2.5,63.5,road_node,,True,True
7647,693700.0,1868400.0,60637,0,0,3.0-4.0,3.5,88.9,road_node,,True,True
7648,693800.0,1865700.0,60637,0,0,3.0-4.0,3.5,88.9,road_node,,True,True
7649,598500.0,1974900.0,60004,0,0,2.0-3.0,2.5,63.5,road_node,,True,True
7650,695500.0,1868400.0,60637,0,0,2.0-3.0,2.5,63.5,road_node,,True,True
7651,695800.0,1868400.0,60637,0,0,2.0-3.0,2.5,63.5,road_node,,True,True
7652,696300.0,1868000.0,60637,0,0,2.0-3.0,2.5,63.5,road_node,,True,True
7653,695500.0,1865200.0,60637,0,0,3.0-4.0,3.5,88.9,road_node,,True,True
7654,696000.0,1865500.0,60637,0,0,3.0-4.0,3.5,88.9,road_node,,True,True
7655,696900.0,1867900.0,60637,0,0,2.0-3.0,2.5,63.5,road_node,,True,True
7656,698100.0,1868500.0,60637,0,0,3.0-4.0,3.5,88.9,road_node,,True,True
7657,698200.0,1865500.0,60637,0,0,2.0-3.0,2.5,63.5,road_node,,True,True
7658,700700.0,1868600.0,60637,0,0,3.0-4.0,3.5,88.9,road_node,,True,True
7659,700800.0,1865600.0,60637,0,0,3.0-4.0,3.5,88.9,road_node,,True,True
7660,703200.0,1868700.0,60637,0,0,3.0-4.0,3.5,88.9,road_node,,True,True
7661,704200.0,1868700.0,60637,0,0,3.0-4.0,3.5,88.9,road_node,,True,True
7662,705600.0,1869100.0,60615,0,0,3.0-4.0,3.5,88.9,road_node,,True,True
7663,705400.0,1868400.0,60637,0,0,3.0-4.0,3.5,88.9,road_node,,True,True
7664,705300.0,1868000.0,60637,0,0,3.0-4.0,3.5,88.9,road_node,,True,True
7665,705200.0,1867500.0,60637,0,0,3.0-4.0,3.5,88.9,road_node,,True,True
7666,674400.0,1897900.0,60612,0,0,4.0-6.0,5.0,127.0,road_node,,True,True
7667,703900.0,1866100.0,60637,0,0,3.0-4.0,3.5,88.9,road_node,,True,True
7668,703400.0,1865700.0,60637,0,0,3.0-4.0,3.5,88.9,road_node,,True,True
7669,703800.0,1850100.0,60619,0,0,4.0-6.0,5.0,127.0,road_node,,True,True
7670,645200.0,1861800.0,60501,0,0,4.0-6.0,5.0,127.0,road_node,,True,True
7671,703800.0,1851400.0,60619,0,0,4.0-6.0,5.0,127.0,road_node,,True,True
7672,663900.0,1862400.0,60629,0,0,4.0-6.0,5.0,127.0,road_node,,True,True
7673,666500.0,1862400.0,60629,0,0,4.0-6.0,5.0,127.0,road_node,,True,True
7674,666600.0,1859700.0,60629,0,0,4.0-6.0,5.0,127.0,road_node,,True,True
7675,669200.0,1862500.0,60629,0,0,4.0-6.0,5.0,127.0,road_node,,True,True
7676,671900.0,1862500.0,60629,0,0,4.0-6.0,5.0,127.0,road_node,,True,True
7677,671900.0,1859900.0,60629,0,0,4.0-6.0,5.0,127.0,road_node,,True,True
7678,674500.0,1862600.0,60629,0,0,4.0-6.0,5.0,127.0,road_node,,True,True
7679,693100.0,1861310.0,60621,0,0,2.0-3.0,2.5,63.5,road_node,,True,True
7680,693100.0,1861100.0,60621,0,0,2.0-3.0,2.5,63.5,road_node,,True,True
7681,679800.0,1862800.0,60636,0,0,4.0-6.0,5.0,127.0,road_node,,True,True
7682,682400.0,1862800.0,60636,0,0,4.0-6.0,5.0,127.0,road_node,,True,True
7683,682500.0,1860200.0,60636,0,0,2.0-3.0,2.5,63.5,road_node,,True,True
7684,685100.0,1862900.0,60636,0,0,2.0-3.0,2.5,63.5,road_node,,True,True
7685,687700.0,1862900.0,60621,0,0,3.0-4.0,3.5,88.9,road_node,,True,True
7686,687800.0,1860300.0,60621,0,0,2.0-3.0,2.5,63.5,road_node,,True,True
7687,689700.0,1863000.0,60621,0,0,2.0-3.0,2.5,63.5,road_node,,True,True
7688,691300.0,1863000.0,60621,0,0,2.0-3.0,2.5,63.5,road_node,,True,True
7689,691800.0,1860400.0,60621,0,0,2.0-3.0,2.5,63.5,road_node,,True,True
7690,693000.0,1863000.0,60621,0,0,2.0-3.0,2.5,63.5,road_node,,True,True
7691,693800.0,1863100.0,60637,0,0,3.0-4.0,3.5,88.9,road_node,,True,True
7692,693100.0,1860400.0,60621,0,0,2.0-3.0,2.5,63.5,road_node,,True,True
7693,693100.0,1859100.0,60621,0,0,2.0-3.0,2.5,63.5,road_node,,True,True
7694,695600.0,1863100.0,60637,0,0,3.0-4.0,3.5,88.9,road_node,,True,True
7695,695800.0,1860500.0,60637,0,0,2.0-3.0,2.5,63.5,road_node,,True,True
7696,698200.0,1863200.0,60637,0,0,2.0-3.0,2.5,63.5,road_node,,True,True
7697,698300.0,1861200.0,60637,0,0,2.0-3.0,2.5,63.5,road_node,,True,True
7698,698300.0,1860600.0,60637,0,0,2.0-3.0,2.5,63.5,road_node,,True,True
7699,700800.0,1863300.0,60637,0,0,3.0-4.0,3.5,88.9,road_node,,True,True
7700,701000.0,1860600.0,60637,0,0,3.0-4.0,3.5,88.9,road_node,,True,True
7701,703500.0,1863300.0,60637,0,0,3.0-4.0,3.5,88.9,road_node,,True,True
7702,704000.0,1863300.0,60649,0,0,3.0-4.0,3.5,88.9,road_node,,True,True
7703,703500.0,1861400.0,60637,0,0,3.0-4.0,3.5,88.9,road_node,,True,True
7704,703900.0,1861400.0,60649,0,0,3.0-4.0,3.5,88.9,road_node,,True,True
7705,703500.0,1860600.0,60637,0,0,3.0-4.0,3.5,88.9,road_node,,True,True
7706,705100.0,1863100.0,60649,0,0,3.0-4.0,3.5,88.9,road_node,,True,True
7707,706622.0,1863570.0,60637,0,0,3.0-4.0,3.5,88.9,road_node,,True,True
7708,706500.0,1863700.0,60637,0,0,3.0-4.0,3.5,88.9,road_node,,True,True
7709,705400.0,1861700.0,60649,0,0,3.0-4.0,3.5,88.9,road_node,,True,True
7710,706600.0,1861500.0,60649,0,0,3.0-4.0,3.5,88.9,road_node,,True,True
7711,708900.0,1860800.0,60649,0,0,3.0-4.0,3.5,88.9,road_node,,True,True
7712,593900.0,1973900.0,60005,0,0,2.0-3.0,2.5,63.5,road_node,,True,True
7713,598500.0,1972300.0,60005,0,0,2.0-3.0,2.5,63.5,road_node,,True,True
7714,693900.0,1861200.0,60637,0,0,2.0-3.0,2.5,63.5,road_node,,True,True
7715,694100.0,1861300.0,60637,0,0,2.0-3.0,2.5,63.5,road_node,,True,True
7716,666700.0,1857100.0,60629,0,0,3.0-4.0,3.5,88.9,road_node,,True,True
7717,672000.0,1857200.0,60629,0,0,3.0-4.0,3.5,88.9,road_node,,True,True
7718,674600.0,1857300.0,60629,0,0,4.0-6.0,5.0,127.0,road_node,,True,True
7719,690600.0,1847000.0,60620,0,0,2.0-3.0,2.5,63.5,road_node,,True,True
7720,677300.0,1855400.0,60629,0,0,3.0-4.0,3.5,88.9,road_node,,True,True
7721,679900.0,1857500.0,60636,0,0,2.0-3.0,2.5,63.5,road_node,,True,True
7723,649200.0,2003300.0,60035,0,0,,,,road_node,,True,False
7724,647600.0,2003300.0,60035,0,0,2.0-3.0,2.5,63.5,road_node,,True,True
7725,682500.0,1857500.0,60636,0,0,2.0-3.0,2.5,63.5,road_node,,True,True
7727,682600.0,1854200.0,60620,0,0,2.0-3.0,2.5,63.5,road_node,,True,True
7728,685200.0,1857600.0,60636,0,0,2.0-3.0,2.5,63.5,road_node,,True,True
7729,645800.0,2008700.0,60035,0,0,,,,road_node,,True,False
7730,685300.0,1854300.0,60620,0,0,2.0-3.0,2.5,63.5,road_node,,True,True
7731,687800.0,1857700.0,60621,0,0,2.0-3.0,2.5,63.5,road_node,,True,True
7732,644500.0,2009000.0,60035,0,0,2.0-3.0,2.5,63.5,road_node,,True,True
7733,645100.0,2009000.0,60035,0,0,,,,road_node,,True,False
7735,644600.0,2010500.0,60035,0,0,,,,road_node,,True,False
7736,643900.0,2010200.0,60035,0,0,2.0-3.0,2.5,63.5,road_node,,True,True
7737,643500.0,2011000.0,60035,0,0,2.0-3.0,2.5,63.5,road_node,,True,True
7738,643500.0,2011700.0,60035,0,0,,,,road_node,,True,False
7739,687900.0,1854400.0,60620,0,0,2.0-3.0,2.5,63.5,road_node,,True,True
7740,689900.0,1857700.0,60621,0,0,2.0-3.0,2.5,63.5,road_node,,True,True
7743,691900.0,1857800.0,60621,0,0,2.0-3.0,2.5,63.5,road_node,,True,True
7744,692400.0,1857800.0,60621,0,0,2.0-3.0,2.5,63.5,road_node,,True,True
7745,642100.0,2015700.0,60040,0,0,,,,road_node,,True,False
7751,692000.0,1856500.0,60621,0,0,2.0-3.0,2.5,63.5,road_node,,True,True
7752,693200.0,1857800.0,60621,0,0,2.0-3.0,2.5,63.5,road_node,,True,True
7753,639600.0,2015700.0,60040,0,0,1.5-2.0,1.75,44.45,road_node,,True,True
7754,693300.0,1854500.0,60620,0,0,2.0-3.0,2.5,63.5,road_node,,True,True
7755,695800.0,1857800.0,60619,0,0,2.0-3.0,2.5,63.5,road_node,,True,True
7756,633100.0,2015600.0,60040,0,0,1.5-2.0,1.75,44.45,road_node,,True,True
7757,633200.0,2011700.0,60035,0,0,2.0-3.0,2.5,63.5,road_node,,True,True
7758,695800.0,1854500.0,60619,0,0,2.0-3.0,2.5,63.5,road_node,,True,True
7759,698400.0,1857900.0,60619,0,0,2.0-3.0,2.5,63.5,road_node,,True,True
7760,637600.0,2011700.0,60035,0,0,2.0-3.0,2.5,63.5,road_node,,True,True
7761,698500.0,1854600.0,60619,0,0,2.0-3.0,2.5,63.5,road_node,,True,True
7762,701900.0,1854700.0,60619,0,0,3.0-4.0,3.5,88.9,road_node,,True,True
7763,640200.0,2009000.0,60035,0,0,2.0-3.0,2.5,63.5,road_node,,True,True
7764,638000.0,2009000.0,60035,0,0,2.0-3.0,2.5,63.5,road_node,,True,True
7765,636400.0,2009000.0,60035,0,0,2.0-3.0,2.5,63.5,road_node,,True,True
7766,635400.0,2009000.0,60035,0,0,2.0-3.0,2.5,63.5,road_node,,True,True
7767,634500.0,2009000.0,60035,0,0,2.0-3.0,2.5,63.5,road_node,,True,True
7768,703600.0,1858000.0,60619,0,0,3.0-4.0,3.5,88.9,road_node,,True,True
7769,692900.0,1854500.0,60620,0,0,2.0-3.0,2.5,63.5,road_node,,True,True
7770,636600.0,2008100.0,60035,0,0,2.0-3.0,2.5,63.5,road_node,,True,True
7771,638300.0,2006400.0,60035,0,0,2.0-3.0,2.5,63.5,road_node,,True,True
7772,638500.0,2008300.0,60035,0,0,2.0-3.0,2.5,63.5,road_node,,True,True
7773,706300.0,1858100.0,60649,0,0,4.0-6.0,5.0,127.0,road_node,,True,True
7774,637800.0,2005100.0,60035,0,0,2.0-3.0,2.5,63.5,road_node,,True,True
7775,709300.0,1855000.0,60649,0,0,4.0-6.0,5.0,127.0,road_node,,True,True
7776,643300.0,2001200.0,60035,0,0,2.0-3.0,2.5,63.5,road_node,,True,True
7777,656200.0,1851500.0,60459,0,0,4.0-6.0,5.0,127.0,road_node,,True,True
7778,656200.0,1850800.0,60459,0,0,3.0-4.0,3.5,88.9,road_node,,True,True
7779,632700.0,2002900.0,60015,0,0,2.0-3.0,2.5,63.5,road_node,,True,True
7780,632200.0,2003800.0,60015,0,0,2.0-3.0,2.5,63.5,road_node,,True,True
7781,631200.0,2006400.0,60015,0,0,2.0-3.0,2.5,63.5,road_node,,True,True
7782,693000.0,1852500.0,60620,0,0,2.0-3.0,2.5,63.5,road_node,,True,True
7783,628200.0,2003800.0,60015,0,0,2.0-3.0,2.5,63.5,road_node,,True,True
7784,693000.0,1849900.0,60620,0,0,2.0-3.0,2.5,63.5,road_node,,True,True
7785,631500.0,1998600.0,60062,0,0,2.0-3.0,2.5,63.5,road_node,,True,True
7786,626400.0,1998500.0,60015,0,0,2.0-3.0,2.5,63.5,road_node,,True,True
7787,666900.0,1849200.0,60652,0,0,2.0-3.0,2.5,63.5,road_node,,True,True
7788,666600.0,1846500.0,60456,0,0,2.0-3.0,2.5,63.5,road_node,,True,True
7789,671800.0,1851900.0,60652,0,0,3.0-4.0,3.5,88.9,road_node,,True,True
7790,624400.0,2002100.0,60015,0,0,2.0-3.0,2.5,63.5,road_node,,True,True
7791,624400.0,2001700.0,60015,0,0,2.0-3.0,2.5,63.5,road_node,,True,True
7792,624600.0,2001700.0,60015,0,0,2.0-3.0,2.5,63.5,road_node,,True,True
7793,624600.0,2002100.0,60015,0,0,2.0-3.0,2.5,63.5,road_node,,True,True
7794,672200.0,1849200.0,60652,0,0,2.0-3.0,2.5,63.5,road_node,,True,True
7795,622100.0,2003800.0,60015,0,0,2.0-3.0,2.5,63.5,road_node,,True,True
7796,677400.0,1852100.0,60652,0,0,2.0-3.0,2.5,63.5,road_node,,True,True
7797,677500.0,1849400.0,60652,0,0,2.0-3.0,2.5,63.5,road_node,,True,True
7798,625100.0,2003800.0,60015,0,0,2.0-3.0,2.5,63.5,road_node,,True,True
7799,626400.0,2002400.0,60015,0,0,2.0-3.0,2.5,63.5,road_node,,True,True
7800,626400.0,2003800.0,60015,0,0,2.0-3.0,2.5,63.5,road_node,,True,True
7801,677500.0,1846800.0,60805,0,0,2.0-3.0,2.5,63.5,road_node,,True,True
7802,626400.0,2006400.0,60015,0,0,2.0-3.0,2.5,63.5,road_node,,True,True
7803,680100.0,1852200.0,60620,0,0,2.0-3.0,2.5,63.5,road_node,,True,True
7804,680200.0,1846900.0,60643,0,0,2.0-3.0,2.5,63.5,road_node,,True,True
7805,629500.0,2009100.0,60015,0,0,2.0-3.0,2.5,63.5,road_node,,True,True
7806,682700.0,1852200.0,60620,0,0,2.0-3.0,2.5,63.5,road_node,,True,True
7807,682800.0,1849500.0,60620,0,0,2.0-3.0,2.5,63.5,road_node,,True,True
7808,626400.0,2011700.0,60015,0,0,1.5-2.0,1.75,44.45,road_node,,True,True
7809,682800.0,1847000.0,60620,0,0,2.0-3.0,2.5,63.5,road_node,,True,True
7810,685300.0,1852300.0,60620,0,0,2.0-3.0,2.5,63.5,road_node,,True,True
7814,685500.0,1847000.0,60620,0,0,2.0-3.0,2.5,63.5,road_node,,True,True
7817,686000.0,1930700.0,60640,0,0,4.0-6.0,5.0,127.0,road_node,,True,True
7818,685800.0,1932000.0,60640,0,0,4.0-6.0,5.0,127.0,road_node,,True,True
7819,688000.0,1852400.0,60620,0,0,2.0-3.0,2.5,63.5,road_node,,True,True
7820,688100.0,1849700.0,60620,0,0,2.0-3.0,2.5,63.5,road_node,,True,True
7821,687800.0,1847100.0,60620,0,0,2.0-3.0,2.5,63.5,road_node,,True,True
7822,690700.0,1852400.0,60620,0,0,2.0-3.0,2.5,63.5,road_node,,True,True
7823,690200.0,1850100.0,60620,0,0,2.0-3.0,2.5,63.5,road_node,,True,True
7824,615700.0,2011800.0,60069,0,0,1.5-2.0,1.75,44.45,road_node,,True,True
7825,618300.0,2006100.0,60015,0,0,2.0-3.0,2.5,63.5,road_node,,True,True
7826,693400.0,1852500.0,60620,0,0,2.0-3.0,2.5,63.5,road_node,,True,True
7827,693400.0,1849800.0,60620,0,0,2.0-3.0,2.5,63.5,road_node,,True,True
7828,693500.0,1847200.0,60620,0,0,2.0-3.0,2.5,63.5,road_node,,True,True
7829,611500.0,2003800.0,60089,0,0,1.5-2.0,1.75,44.45,road_node,,True,True
7830,610500.0,2008600.0,60069,0,0,1.5-2.0,1.75,44.45,road_node,,True,True
7831,695900.0,1852500.0,60619,0,0,2.0-3.0,2.5,63.5,road_node,,True,True
7832,696100.0,1847200.0,60619,0,0,2.0-3.0,2.5,63.5,road_node,,True,True
7833,698600.0,1852600.0,60619,0,0,2.0-3.0,2.5,63.5,road_node,,True,True
7834,698600.0,1850000.0,60619,0,0,2.0-3.0,2.5,63.5,road_node,,True,True
7835,609100.0,2016300.0,60069,0,0,1.0-1.5,1.25,31.75,road_node,,True,True
7836,608400.0,2016500.0,60069,0,0,1.0-1.5,1.25,31.75,road_node,,True,True
7837,703800.0,1852800.0,60619,0,0,3.0-4.0,3.5,88.9,road_node,,True,True
7838,606900.0,2017200.0,60069,0,0,,,,road_node,,True,False
7839,706500.0,1849300.0,60617,0,0,4.0-6.0,5.0,127.0,road_node,,True,True
7840,602400.0,2017200.0,60069,0,0,,,,road_node,,True,False
7841,693100.0,1847200.0,60620,0,0,2.0-3.0,2.5,63.5,road_node,,True,True
7842,706400.0,1852800.0,60617,0,0,4.0-6.0,5.0,127.0,road_node,,True,True
7843,602400.0,2009200.0,60089,0,0,1.0-1.5,1.25,31.75,road_node,,True,True
7844,604700.0,2009300.0,60089,0,0,1.0-1.5,1.25,31.75,road_node,,True,True
7845,706600.0,1847500.0,60617,0,0,4.0-6.0,5.0,127.0,road_node,,True,True
7846,709400.0,1853000.0,60617,0,0,4.0-6.0,5.0,127.0,road_node,,True,True
7847,709600.0,1850300.0,60617,0,0,4.0-6.0,5.0,127.0,road_node,,True,True
7848,599800.0,2002100.0,60089,0,0,1.0-1.5,1.25,31.75,road_node,,True,True
7849,597100.0,2005200.0,60089,0,0,1.0-1.5,1.25,31.75,road_node,,True,True
7850,709600.0,1847700.0,60617,0,0,4.0-6.0,5.0,127.0,road_node,,True,True
7851,594400.0,2006100.0,60089,0,0,1.0-1.5,1.25,31.75,road_node,,True,True
7852,593400.0,2006500.0,60089,0,0,1.0-1.5,1.25,31.75,road_node,,True,True
7853,593100.0,2007000.0,60089,0,0,1.0-1.5,1.25,31.75,road_node,,True,True
7854,592700.0,2006700.0,60089,0,0,1.0-1.5,1.25,31.75,road_node,,True,True
7855,713000.0,1853100.0,60617,0,0,4.0-6.0,5.0,127.0,road_node,,True,True
7856,713400.0,1847800.0,60617,0,0,4.0-6.0,5.0,127.0,road_node,,True,True
7857,714300.0,1853100.0,60617,0,0,4.0-6.0,5.0,127.0,road_node,,True,True
7858,593100.0,2009300.0,60089,0,0,1.0-1.5,1.25,31.75,road_node,,True,True
7859,589100.0,2009200.0,60089,0,0,1.0-1.5,1.25,31.75,road_node,,True,True
7860,714400.0,1850400.0,60617,0,0,4.0-6.0,5.0,127.0,road_node,,True,True
7861,593200.0,2014500.0,60089,0,0,1.0-1.5,1.25,31.75,road_node,,True,True
7863,587900.0,2014600.0,60047,0,0,1.0-1.5,1.25,31.75,road_node,,True,True
7864,677400.0,1897700.0,60612,0,0,4.0-6.0,5.0,127.0,road_node,,True,True
7865,676800.0,1897200.0,60612,0,0,4.0-6.0,5.0,127.0,road_node,,True,True
7866,679300.0,1897300.0,60612,0,0,4.0-6.0,5.0,127.0,road_node,,True,True
7867,679500.0,1897800.0,60612,0,0,4.0-6.0,5.0,127.0,road_node,,True,True
7868,575400.0,2002100.0,60074,0,0,1.0-1.5,1.25,31.75,road_node,,True,True
7869,573300.0,2001600.0,60074,0,0,1.0-1.5,1.25,31.75,road_node,,True,True
7870,682400.0,1898100.0,60607,0,0,4.0-6.0,5.0,127.0,road_node,,True,True
7871,680900.0,1897400.0,60612,0,0,4.0-6.0,5.0,127.0,road_node,,True,True
7872,574500.0,2007600.0,60047,0,0,1.0-1.5,1.25,31.75,road_node,,True,True
7873,569896.0,2006740.0,60047,0,0,1.0-1.5,1.25,31.75,road_node,,True,True
7874,569100.0,2007900.0,60047,0,0,1.0-1.5,1.25,31.75,road_node,,True,True
7875,574600.0,2009300.0,60047,0,0,1.0-1.5,1.25,31.75,road_node,,True,True
7876,680100.0,1897800.0,60612,0,0,4.0-6.0,5.0,127.0,road_node,,True,True
7877,682200.0,1897900.0,60607,0,0,4.0-6.0,5.0,127.0,road_node,,True,True
7878,681500.0,1897400.0,60612,0,0,4.0-6.0,5.0,127.0,road_node,,True,True
7879,683300.0,1897900.0,60607,0,0,4.0-6.0,5.0,127.0,road_node,,True,True
7880,567000.0,2017400.0,60047,0,0,1.0-1.5,1.25,31.75,road_node,,True,True
7881,685600.0,1897500.0,60607,0,0,4.0-6.0,5.0,127.0,road_node,,True,True
7882,565800.0,2014600.0,60047,0,0,1.0-1.5,1.25,31.75,road_node,,True,True
7883,685900.0,1898100.0,60607,0,0,4.0-6.0,5.0,127.0,road_node,,True,True
7884,658200.0,1896300.0,60644,0,0,8.0-10.0,9.0,228.6,road_node,,True,True
7885,658200.0,1896100.0,60644,0,0,8.0-10.0,9.0,228.6,road_node,,True,True
7886,560000.0,2016700.0,60047,0,0,1.0-1.5,1.25,31.75,road_node,,True,True
7887,664000.0,1897200.0,60624,0,0,6.0-8.0,7.0,177.8,road_node,,True,True
7888,663600.0,1897000.0,60624,0,0,6.0-8.0,7.0,177.8,road_node,,True,True
7889,667700.0,1897300.0,60624,0,0,6.0-8.0,7.0,177.8,road_node,,True,True
7890,666100.0,1897100.0,60624,0,0,6.0-8.0,7.0,177.8,road_node,,True,True
7891,561300.0,2011900.0,60047,0,0,1.0-1.5,1.25,31.75,road_node,,True,True
7892,562700.0,2011900.0,60047,0,0,1.0-1.5,1.25,31.75,road_node,,True,True
7893,670300.0,1897400.0,60624,0,0,4.0-6.0,5.0,127.0,road_node,,True,True
7894,670400.0,1897200.0,60624,0,0,6.0-8.0,7.0,177.8,road_node,,True,True
7895,670800.0,1897100.0,60624,0,0,6.0-8.0,7.0,177.8,road_node,,True,True
7896,671400.0,1897600.0,60612,0,0,6.0-8.0,7.0,177.8,road_node,,True,True
7897,562700.0,2010800.0,60047,0,0,1.0-1.5,1.25,31.75,road_node,,True,True
7898,671400.0,1897400.0,60612,0,0,6.0-8.0,7.0,177.8,road_node,,True,True
7899,672100.0,1897200.0,60612,0,0,6.0-8.0,7.0,177.8,road_node,,True,True
7900,562700.0,2001300.0,60010,0,0,1.5-2.0,1.75,44.45,road_node,,True,True
7901,674300.0,1897700.0,60612,0,0,4.0-6.0,5.0,127.0,road_node,,True,True
7902,671300.0,1881100.0,60632,0,0,4.0-6.0,5.0,127.0,road_node,,True,True
7903,553400.0,1999800.0,60010,0,0,1.5-2.0,1.75,44.45,road_node,,True,True
7904,671300.0,1880700.0,60632,0,0,4.0-6.0,5.0,127.0,road_node,,True,True
7905,666000.0,1879000.0,60632,0,0,4.0-6.0,5.0,127.0,road_node,,True,True
7906,553500.0,2006700.0,60010,0,0,1.5-2.0,1.75,44.45,road_node,,True,True
7907,675000.0,1846600.0,60805,0,0,2.0-3.0,2.5,63.5,road_node,,True,True
7908,549500.0,2006700.0,60010,0,0,1.5-2.0,1.75,44.45,road_node,,True,True
7909,548100.0,2006700.0,60010,0,0,1.5-2.0,1.75,44.45,road_node,,True,True
7910,548100.0,2002800.0,60010,0,0,1.5-2.0,1.75,44.45,road_node,,True,True
7911,559200.0,2006700.0,60010,0,0,1.5-2.0,1.75,44.45,road_node,,True,True
7912,540200.0,2002700.0,60010,0,0,1.5-2.0,1.75,44.45,road_node,,True,True
7913,542700.0,2006500.0,60010,0,0,1.5-2.0,1.75,44.45,road_node,,True,True
7914,540200.0,2006700.0,60010,0,0,1.5-2.0,1.75,44.45,road_node,,True,True
7915,536200.0,2002700.0,60010,0,0,1.5-2.0,1.75,44.45,road_node,,True,True
7916,536200.0,2004000.0,60021,0,0,1.5-2.0,1.75,44.45,road_node,,True,True
7917,536200.0,2009300.0,60021,0,0,1.0-1.5,1.25,31.75,road_node,,True,True
7918,643900.0,1936700.0,60656,0,0,4.0-6.0,5.0,127.0,road_node,,True,True
7919,555100.0,2014600.0,60010,0,0,1.0-1.5,1.25,31.75,road_node,,True,True
7920,538500.0,2009400.0,60021,0,0,1.0-1.5,1.25,31.75,road_node,,True,True
7921,643800.0,1936700.0,60656,0,0,4.0-6.0,5.0,127.0,road_node,,True,True
7922,539800.0,2013200.0,60021,0,0,1.0-1.5,1.25,31.75,road_node,,True,True
7923,549600.0,2012000.0,60010,0,0,1.0-1.5,1.25,31.75,road_node,,True,True
7924,644800.0,1937000.0,60631,0,0,4.0-6.0,5.0,127.0,road_node,,True,True
7925,553600.0,2012000.0,60010,0,0,1.0-1.5,1.25,31.75,road_node,,True,True
7926,552900.0,2014600.0,60010,0,0,1.0-1.5,1.25,31.75,road_node,,True,True
7927,554400.0,2014600.0,60010,0,0,1.0-1.5,1.25,31.75,road_node,,True,True
7928,554000.0,2018200.0,60010,0,0,1.0-1.5,1.25,31.75,road_node,,True,True
7929,645900.0,1936700.0,60656,0,0,4.0-6.0,5.0,127.0,road_node,,True,True
7930,549600.0,2014800.0,60010,0,0,1.0-1.5,1.25,31.75,road_node,,True,True
7931,645500.0,1936500.0,60656,0,0,4.0-6.0,5.0,127.0,road_node,,True,True
7932,644700.0,1935500.0,60656,0,0,4.0-6.0,5.0,127.0,road_node,,True,True
7933,543700.0,2019600.0,60021,0,0,,,,road_node,,True,False
7934,649900.0,1936300.0,60630,0,0,4.0-6.0,5.0,127.0,road_node,,True,True
7935,552000.0,2019900.0,60084,0,0,,,,road_node,,True,False
7936,554300.0,2019900.0,60084,0,0,,,,road_node,,True,False
7938,647500.0,1936500.0,60656,0,0,4.0-6.0,5.0,127.0,road_node,,True,True
7939,649900.0,1936100.0,60630,0,0,4.0-6.0,5.0,127.0,road_node,,True,True
7941,650500.0,1935600.0,60630,0,0,4.0-6.0,5.0,127.0,road_node,,True,True
7942,652300.0,1934500.0,60630,0,0,4.0-6.0,5.0,127.0,road_node,,True,True
7944,653100.0,1933800.0,60630,0,0,4.0-6.0,5.0,127.0,road_node,,True,True
7946,654200.0,1933100.0,60630,0,0,4.0-6.0,5.0,127.0,road_node,,True,True
7952,653400.0,1933600.0,60630,0,0,4.0-6.0,5.0,127.0,road_node,,True,True
7953,656500.0,1931900.0,60630,0,0,4.0-6.0,5.0,127.0,road_node,,True,True
7955,657300.0,1931100.0,60630,0,0,4.0-6.0,5.0,127.0,road_node,,True,True
7956,659300.0,1930100.0,60630,0,0,4.0-6.0,5.0,127.0,road_node,,True,True
7958,659700.0,1929800.0,60630,0,0,4.0-6.0,5.0,127.0,road_node,,True,True
7960,659672.0,1930669.0,60630,0,0,4.0-6.0,5.0,127.0,road_node,,True,True
7961,662500.0,1930300.0,60630,0,0,4.0-6.0,5.0,127.0,road_node,,True,True
7962,659400.0,1932600.0,60630,0,0,4.0-6.0,5.0,127.0,road_node,,True,True
7963,659500.0,1934800.0,60630,0,0,4.0-6.0,5.0,127.0,road_node,,True,True
7964,658900.0,1936900.0,60646,0,0,4.0-6.0,5.0,127.0,road_node,,True,True
7965,666000.0,1878300.0,60632,0,0,4.0-6.0,5.0,127.0,road_node,,True,True
7967,660100.0,1929000.0,60630,0,0,4.0-6.0,5.0,127.0,road_node,,True,True
7968,660100.0,1929500.0,60630,0,0,4.0-6.0,5.0,127.0,road_node,,True,True
7969,661400.0,1928100.0,60641,0,0,4.0-6.0,5.0,127.0,road_node,,True,True
7970,660900.0,1928200.0,60641,0,0,4.0-6.0,5.0,127.0,road_node,,True,True
7971,662200.0,1927500.0,60641,0,0,4.0-6.0,5.0,127.0,road_node,,True,True
7972,661200.0,1928000.0,60641,0,0,4.0-6.0,5.0,127.0,road_node,,True,True
7973,661800.0,1926100.0,60641,0,0,4.0-6.0,5.0,127.0,road_node,,True,True
7974,664300.0,1925700.0,60641,0,0,4.0-6.0,5.0,127.0,road_node,,True,True
7979,664500.0,1925800.0,60641,0,0,4.0-6.0,5.0,127.0,road_node,,True,True
7980,665200.0,1925200.0,60618,0,0,4.0-6.0,5.0,127.0,road_node,,True,True
7982,665200.0,1925000.0,60618,0,0,4.0-6.0,5.0,127.0,road_node,,True,True
7983,666500.0,1924300.0,60618,0,0,4.0-6.0,5.0,127.0,road_node,,True,True
7988,666600.0,1924000.0,60618,0,0,4.0-6.0,5.0,127.0,road_node,,True,True
7989,559900.0,2019900.0,60047,0,0,,,,road_node,,True,False
7990,666000.0,1924100.0,60618,0,0,4.0-6.0,5.0,127.0,road_node,,True,True
7992,666900.0,1924100.0,60618,0,0,4.0-6.0,5.0,127.0,road_node,,True,True
7994,574500.0,2022400.0,60047,0,0,,,,road_node,,True,False
7995,667200.0,1923200.0,60618,0,0,4.0-6.0,5.0,127.0,road_node,,True,True
7996,669500.0,1921400.0,60618,0,0,4.0-6.0,5.0,127.0,road_node,,True,True
7998,668000.0,1921900.0,60618,0,0,4.0-6.0,5.0,127.0,road_node,,True,True
7999,670900.0,1920400.0,60618,0,0,4.0-6.0,5.0,127.0,road_node,,True,True
8002,670800.0,1920200.0,60618,0,0,4.0-6.0,5.0,127.0,road_node,,True,True
8003,672500.0,1919500.0,60618,0,0,4.0-6.0,5.0,127.0,road_node,,True,True
8008,672000.0,1919600.0,60618,0,0,4.0-6.0,5.0,127.0,road_node,,True,True
8011,672600.0,1919200.0,60618,0,0,4.0-6.0,5.0,127.0,road_node,,True,True
8014,672800.0,1920900.0,60618,0,0,4.0-6.0,5.0,127.0,road_node,,True,True
8015,672500.0,1919000.0,60618,0,0,4.0-6.0,5.0,127.0,road_node,,True,True
8018,672900.0,1918400.0,60647,0,0,4.0-6.0,5.0,127.0,road_node,,True,True
8019,674300.0,1917900.0,60647,0,0,4.0-6.0,5.0,127.0,road_node,,True,True
8020,673600.0,1918000.0,60647,0,0,4.0-6.0,5.0,127.0,road_node,,True,True
8023,687800.0,1891300.0,60616,0,0,4.0-6.0,5.0,127.0,road_node,,True,True
8024,677800.0,1915400.0,60647,0,0,4.0-6.0,5.0,127.0,road_node,,True,True
8026,676300.0,1916200.0,60647,0,0,4.0-6.0,5.0,127.0,road_node,,True,True
8027,678800.0,1914500.0,60614,0,0,4.0-6.0,5.0,127.0,road_node,,True,True
8028,679100.0,1914100.0,60614,0,0,4.0-6.0,5.0,127.0,road_node,,True,True
8031,680900.0,1912700.0,60622,0,0,4.0-6.0,5.0,127.0,road_node,,True,True
8032,679600.0,1913700.0,60614,0,0,4.0-6.0,5.0,127.0,road_node,,True,True
8034,682300.0,1910200.0,60642,0,0,4.0-6.0,5.0,127.0,road_node,,True,True
8037,682000.0,1911100.0,60642,0,0,4.0-6.0,5.0,127.0,road_node,,True,True
8038,682900.0,1908800.0,60642,0,0,6.0-8.0,7.0,177.8,road_node,,True,True
8040,683100.0,1907600.0,60642,0,0,6.0-8.0,7.0,177.8,road_node,,True,True
8041,683600.0,1905800.0,60642,0,0,4.0-6.0,5.0,127.0,road_node,,True,True
8043,683300.0,1905900.0,60642,0,0,6.0-8.0,7.0,177.8,road_node,,True,True
8044,684000.0,1905300.0,60642,0,0,6.0-8.0,7.0,177.8,road_node,,True,True
8047,683900.0,1905100.0,60642,0,0,6.0-8.0,7.0,177.8,road_node,,True,True
8049,633300.0,2020400.0,60040,0,0,,,,road_node,,True,False
8050,683300.0,1898100.0,60607,0,0,4.0-6.0,5.0,127.0,road_node,,True,True
8051,677400.0,1898000.0,60612,0,0,4.0-6.0,5.0,127.0,road_node,,True,True
8052,687700.0,1891700.0,60616,0,0,4.0-6.0,5.0,127.0,road_node,,True,True
8053,689100.0,1891300.0,60616,0,0,4.0-6.0,5.0,127.0,road_node,,True,True
8057,687500.0,1891600.0,60616,0,0,4.0-6.0,5.0,127.0,road_node,,True,True
8058,687000.0,1891300.0,60608,0,0,4.0-6.0,5.0,127.0,road_node,,True,True
8061,687600.0,1890400.0,60616,0,0,4.0-6.0,5.0,127.0,road_node,,True,True
8062,687400.0,1890400.0,60616,0,0,4.0-6.0,5.0,127.0,road_node,,True,True
8064,688498.0,1887600.0,60616,0,0,4.0-6.0,5.0,127.0,road_node,,True,True
8067,688236.0,1887650.0,60616,0,0,4.0-6.0,5.0,127.0,road_node,,True,True
8068,688622.0,1887730.0,60616,0,0,4.0-6.0,5.0,127.0,road_node,,True,True
8072,688800.0,1887400.0,60616,0,0,4.0-6.0,5.0,127.0,road_node,,True,True
8073,690996.0,1884900.0,60616,0,0,4.0-6.0,5.0,127.0,road_node,,True,True
8074,691200.0,1884800.0,60616,0,0,4.0-6.0,5.0,127.0,road_node,,True,True
8075,691200.0,1885300.0,60616,0,0,4.0-6.0,5.0,127.0,road_node,,True,True
8078,691400.0,1885400.0,60616,0,0,4.0-6.0,5.0,127.0,road_node,,True,True
8079,691600.0,1885400.0,60616,0,0,4.0-6.0,5.0,127.0,road_node,,True,True
8080,691600.0,1884900.0,60616,0,0,4.0-6.0,5.0,127.0,road_node,,True,True
8081,691600.0,1883500.0,60616,0,0,4.0-6.0,5.0,127.0,road_node,,True,True
8082,691200.0,1883500.0,60616,0,0,4.0-6.0,5.0,127.0,road_node,,True,True
8083,691200.0,1882500.0,60616,0,0,4.0-6.0,5.0,127.0,road_node,,True,True
8085,691600.0,1882500.0,60616,0,0,4.0-6.0,5.0,127.0,road_node,,True,True
8087,691600.0,1881000.0,60609,0,0,4.0-6.0,5.0,127.0,road_node,,True,True
8088,691200.0,1881100.0,60609,0,0,4.0-6.0,5.0,127.0,road_node,,True,True
8089,691200.0,1879600.0,60609,0,0,4.0-6.0,5.0,127.0,road_node,,True,True
8091,691600.0,1878300.0,60609,0,0,4.0-6.0,5.0,127.0,road_node,,True,True
8092,691700.0,1878200.0,60609,0,0,4.0-6.0,5.0,127.0,road_node,,True,True
8093,691200.0,1878300.0,60609,0,0,4.0-6.0,5.0,127.0,road_node,,True,True
8094,691400.0,1877000.0,60609,0,0,4.0-6.0,5.0,127.0,road_node,,True,True
8096,691700.0,1877000.0,60609,0,0,4.0-6.0,5.0,127.0,road_node,,True,True
8097,691928.0,1875130.0,60609,0,0,4.0-6.0,5.0,127.0,road_node,,True,True
8098,691373.0,1875590.0,60609,0,0,4.0-6.0,5.0,127.0,road_node,,True,True
8099,691390.0,1874900.0,60609,0,0,4.0-6.0,5.0,127.0,road_node,,True,True
8100,691884.0,1874750.0,60609,0,0,4.0-6.0,5.0,127.0,road_node,,True,True
8101,691600.0,1875100.0,60609,0,0,4.0-6.0,5.0,127.0,road_node,,True,True
8102,691700.0,1875500.0,60609,0,0,4.0-6.0,5.0,127.0,road_node,,True,True
8103,691840.0,1874430.0,60609,0,0,3.0-4.0,3.5,88.9,road_node,,True,True
8105,691426.0,1874580.0,60609,0,0,4.0-6.0,5.0,127.0,road_node,,True,True
8107,691100.0,1872400.0,60609,0,0,3.0-4.0,3.5,88.9,road_node,,True,True
8109,691708.0,1872010.0,60609,0,0,3.0-4.0,3.5,88.9,road_node,,True,True
8110,691452.0,1871410.0,60609,0,0,3.0-4.0,3.5,88.9,road_node,,True,True
8112,691300.0,1871900.0,60609,0,0,3.0-4.0,3.5,88.9,road_node,,True,True
8113,691100.0,1872000.0,60609,0,0,3.0-4.0,3.5,88.9,road_node,,True,True
8114,691655.0,1871670.0,60609,0,0,3.0-4.0,3.5,88.9,road_node,,True,True
8116,691620.0,1870100.0,60609,0,0,3.0-4.0,3.5,88.9,road_node,,True,True
8118,691143.0,1870290.0,60609,0,0,3.0-4.0,3.5,88.9,road_node,,True,True
8119,691170.0,1869230.0,60609,0,0,3.0-4.0,3.5,88.9,road_node,,True,True
8120,691646.0,1869110.0,60609,0,0,3.0-4.0,3.5,88.9,road_node,,True,True
8121,691646.0,1867400.0,60621,0,0,3.0-4.0,3.5,88.9,road_node,,True,True
8127,691170.0,1867460.0,60621,0,0,3.0-4.0,3.5,88.9,road_node,,True,True
8129,691400.0,1865900.0,60621,0,0,3.0-4.0,3.5,88.9,road_node,,True,True
8132,691600.0,1864800.0,60621,0,0,3.0-4.0,3.5,88.9,road_node,,True,True
8136,691646.0,1866400.0,60621,0,0,3.0-4.0,3.5,88.9,road_node,,True,True
8137,691600.0,1864600.0,60621,0,0,3.0-4.0,3.5,88.9,road_node,,True,True
8138,691300.0,1865300.0,60621,0,0,3.0-4.0,3.5,88.9,road_node,,True,True
8140,691267.0,1866390.0,60621,0,0,3.0-4.0,3.5,88.9,road_node,,True,True
8145,691400.0,1864800.0,60621,0,0,3.0-4.0,3.5,88.9,road_node,,True,True
8146,691600.0,1864300.0,60621,0,0,3.0-4.0,3.5,88.9,road_node,,True,True
8147,691300.0,1864000.0,60621,0,0,3.0-4.0,3.5,88.9,road_node,,True,True
8152,691700.0,1863700.0,60621,0,0,3.0-4.0,3.5,88.9,road_node,,True,True
8156,692159.0,1862020.0,60621,0,0,2.0-3.0,2.5,63.5,road_node,,True,True
8158,691900.0,1861800.0,60621,0,0,2.0-3.0,2.5,63.5,road_node,,True,True
8159,692300.0,1861800.0,60621,0,0,2.0-3.0,2.5,63.5,road_node,,True,True
8160,692500.0,1861400.0,60621,0,0,2.0-3.0,2.5,63.5,road_node,,True,True
8161,693000.0,1859800.0,60621,0,0,2.0-3.0,2.5,63.5,road_node,,True,True
8163,692800.0,1859800.0,60621,0,0,2.0-3.0,2.5,63.5,road_node,,True,True
8164,693000.0,1858400.0,60621,0,0,2.0-3.0,2.5,63.5,road_node,,True,True
8167,692900.0,1857100.0,60621,0,0,2.0-3.0,2.5,63.5,road_node,,True,True
8170,693200.0,1853800.0,60620,0,0,2.0-3.0,2.5,63.5,road_node,,True,True
8172,693000.0,1853900.0,60620,0,0,2.0-3.0,2.5,63.5,road_node,,True,True
8176,693300.0,1851000.0,60620,0,0,2.0-3.0,2.5,63.5,road_node,,True,True
8177,693100.0,1851200.0,60620,0,0,2.0-3.0,2.5,63.5,road_node,,True,True
8180,693400.0,1848000.0,60620,0,0,2.0-3.0,2.5,63.5,road_node,,True,True
8181,693300.0,1845700.0,60620,0,0,2.0-3.0,2.5,63.5,road_node,,True,True
8184,696700.0,1858800.0,60637,0,0,2.0-3.0,2.5,63.5,road_node,,True,True
8185,694300.0,1863100.0,60637,0,0,3.0-4.0,3.5,88.9,road_node,,True,True
8186,696900.0,1858900.0,60637,0,0,2.0-3.0,2.5,63.5,road_node,,True,True
8187,697500.0,1858200.0,60637,0,0,2.0-3.0,2.5,63.5,road_node,,True,True
8189,697100.0,1859200.0,60637,0,0,2.0-3.0,2.5,63.5,road_node,,True,True
8190,697500.0,1858000.0,60619,0,0,2.0-3.0,2.5,63.5,road_node,,True,True
8191,697100.0,1857800.0,60619,0,0,2.0-3.0,2.5,63.5,road_node,,True,True
8194,699800.0,1856000.0,60619,0,0,2.0-3.0,2.5,63.5,road_node,,True,True
8195,699800.0,1856600.0,60619,0,0,2.0-3.0,2.5,63.5,road_node,,True,True
8196,699600.0,1856100.0,60619,0,0,2.0-3.0,2.5,63.5,road_node,,True,True
8198,698500.0,1856500.0,60619,0,0,2.0-3.0,2.5,63.5,road_node,,True,True
8201,680300.0,1898000.0,60612,0,0,4.0-6.0,5.0,127.0,road_node,,True,True
8203,652100.0,1980000.0,60093,0,0,2.0-3.0,2.5,63.5,road_node,,True,True
8204,709200.0,1847300.0,60617,0,0,4.0-6.0,5.0,127.0,road_node,,True,True
8208,708900.0,1847300.0,60617,0,0,4.0-6.0,5.0,127.0,road_node,,True,True
8214,644400.0,1870100.0,60534,0,0,6.0-8.0,7.0,177.8,road_node,,True,True
8217,645500.0,1869500.0,60638,0,0,6.0-8.0,7.0,177.8,road_node,,True,True
8218,656000.0,1874200.0,60804,0,0,6.0-8.0,7.0,177.8,road_node,,True,True
8222,654800.0,1873800.0,60804,0,0,6.0-8.0,7.0,177.8,road_node,,True,True
8223,625900.0,1962900.0,60016,0,0,2.0-3.0,2.5,63.5,road_node,,True,True
8225,626800.0,1962400.0,60016,0,0,2.0-3.0,2.5,63.5,road_node,,True,True
8226,665200.0,1878400.0,60632,0,0,6.0-8.0,7.0,177.8,road_node,,True,True
8230,666700.0,1878900.0,60632,0,0,4.0-6.0,5.0,127.0,road_node,,True,True
8232,672000.0,1881300.0,60623,0,0,4.0-6.0,5.0,127.0,road_node,,True,True
8233,672000.0,1881100.0,60632,0,0,4.0-6.0,5.0,127.0,road_node,,True,True
8234,638100.0,1957600.0,60714,0,0,2.0-3.0,2.5,63.5,road_node,,True,True
8235,625900.0,1981800.0,60062,0,0,1.5-2.0,1.75,44.45,road_node,,True,True
8238,709679.0,1846880.0,60617,0,0,4.0-6.0,5.0,127.0,road_node,,True,True
8239,709786.0,1846780.0,60617,0,0,4.0-6.0,5.0,127.0,road_node,,True,True
8240,704800.0,1851300.0,60617,0,0,4.0-6.0,5.0,127.0,road_node,,True,True
8242,709511.0,1846730.0,60617,0,0,4.0-6.0,5.0,127.0,road_node,,True,True
8243,709606.0,1846640.0,60617,0,0,4.0-6.0,5.0,127.0,road_node,,True,True
8246,704800.0,1851000.0,60617,0,0,4.0-6.0,5.0,127.0,road_node,,True,True
8247,627000.0,1957100.0,60016,0,0,2.0-3.0,2.5,63.5,road_node,,True,True
8248,678700.0,1883800.0,60608,0,0,4.0-6.0,5.0,127.0,road_node,,True,True
8250,679800.0,1883600.0,60608,0,0,4.0-6.0,5.0,127.0,road_node,,True,True
8252,673300.0,1881800.0,60623,0,0,4.0-6.0,5.0,127.0,road_node,,True,True
8257,673200.0,1881700.0,60623,0,0,4.0-6.0,5.0,127.0,road_node,,True,True
8259,598500.0,1971400.0,60005,0,0,2.0-3.0,2.5,63.5,road_node,,True,True
8260,627400.0,1946500.0,60068,0,0,3.0-4.0,3.5,88.9,road_node,,True,True
8263,599400.0,1980400.0,60004,0,0,2.0-3.0,2.5,63.5,road_node,,True,True
8264,599900.0,1970600.0,60005,0,0,2.0-3.0,2.5,63.5,road_node,,True,True
8266,599800.0,1966900.0,60005,0,0,2.0-3.0,2.5,63.5,road_node,,True,True
8267,593900.0,1967600.0,60005,0,0,2.0-3.0,2.5,63.5,road_node,,True,True
8269,585500.0,1966900.0,60008,0,0,2.0-3.0,2.5,63.5,road_node,,True,True
8272,590100.0,1966900.0,60005,0,0,2.0-3.0,2.5,63.5,road_node,,True,True
8275,645000.0,1896800.0,60304,0,0,6.0-8.0,7.0,177.8,road_node,,True,True
8276,643300.0,1897000.0,60130,0,0,6.0-8.0,7.0,177.8,road_node,,True,True
8278,590100.0,1961400.0,60005,0,0,2.0-3.0,2.5,63.5,road_node,,True,True
8280,581900.0,1939800.0,60143,0,0,2.0-3.0,2.5,63.5,road_node,,True,True
8281,651400.0,1896100.0,60304,0,0,8.0-10.0,9.0,228.6,road_node,,True,True
8282,653000.0,1895900.0,60644,0,0,8.0-10.0,9.0,228.6,road_node,,True,True
8286,655800.0,1896300.0,60644,0,0,8.0-10.0,9.0,228.6,road_node,,True,True
8289,654000.0,1895900.0,60644,0,0,8.0-10.0,9.0,228.6,road_node,,True,True
8290,558200.0,1962400.0,60169,0,0,1.0-1.5,1.25,31.75,road_node,,True,True
8292,557800.0,1959800.0,60169,0,0,1.0-1.5,1.25,31.75,road_node,,True,True
8293,558000.0,1957300.0,60194,0,0,1.0-1.5,1.25,31.75,road_node,,True,True
8294,555300.0,1957100.0,60169,0,0,1.0-1.5,1.25,31.75,road_node,,True,True
8295,648411.0,1934880.0,60630,0,0,4.0-6.0,5.0,127.0,road_node,,True,True
8300,666000.0,1926200.0,60618,0,0,4.0-6.0,5.0,127.0,road_node,,True,True
8305,651300.0,1985300.0,60093,0,0,2.0-3.0,2.5,63.5,road_node,,True,True
8310,643200.0,1949900.0,60714,0,0,3.0-4.0,3.5,88.9,road_node,,True,True
8311,649900.0,1883200.0,60402,0,0,6.0-8.0,7.0,177.8,road_node,,True,True
8315,652900.0,1980000.0,60093,0,0,2.0-3.0,2.5,63.5,road_node,,True,True
8318,656600.0,1973300.0,60093,0,0,2.0-3.0,2.5,63.5,road_node,,True,True
8319,681800.0,1884700.0,60608,0,0,4.0-6.0,5.0,127.0,road_node,,True,True
8322,676700.0,1879700.0,60632,0,0,4.0-6.0,5.0,127.0,road_node,,True,True
8324,676600.0,1881300.0,60632,0,0,4.0-6.0,5.0,127.0,road_node,,True,True
8327,676500.0,1886600.0,60608,0,0,4.0-6.0,5.0,127.0,road_node,,True,True
8328,676300.0,1893900.0,60608,0,0,4.0-6.0,5.0,127.0,road_node,,True,True
8334,676300.0,1894600.0,60608,0,0,4.0-6.0,5.0,127.0,road_node,,True,True
8335,676200.0,1897200.0,60612,0,0,4.0-6.0,5.0,127.0,road_node,,True,True
8336,676200.0,1899000.0,60612,0,0,4.0-6.0,5.0,127.0,road_node,,True,True
8342,676100.0,1899900.0,60612,0,0,4.0-6.0,5.0,127.0,road_node,,True,True
8344,676100.0,1900700.0,60612,0,0,4.0-6.0,5.0,127.0,road_node,,True,True
8349,676100.0,1901100.0,60612,0,0,4.0-6.0,5.0,127.0,road_node,,True,True
8351,676100.0,1903300.0,60612,0,0,6.0-8.0,7.0,177.8,road_node,,True,True
8352,676000.0,1905200.0,60612,0,0,6.0-8.0,7.0,177.8,road_node,,True,True
8355,675900.0,1906500.0,60622,0,0,4.0-6.0,5.0,127.0,road_node,,True,True
8356,675900.0,1907900.0,60622,0,0,4.0-6.0,5.0,127.0,road_node,,True,True
8357,675800.0,1910500.0,60622,0,0,4.0-6.0,5.0,127.0,road_node,,True,True
8358,675700.0,1915800.0,60647,0,0,4.0-6.0,5.0,127.0,road_node,,True,True
8360,675600.0,1917200.0,60647,0,0,4.0-6.0,5.0,127.0,road_node,,True,True
8361,661400.0,1855000.0,60652,0,0,3.0-4.0,3.5,88.9,road_node,,True,True
8363,556000.0,1959800.0,60169,0,0,1.0-1.5,1.25,31.75,road_node,,True,True
8364,661200.0,1862300.0,60638,0,0,4.0-6.0,5.0,127.0,road_node,,True,True
8366,661000.0,1869700.0,60632,0,0,6.0-8.0,7.0,177.8,road_node,,True,True
8371,660600.0,1883500.0,60804,0,0,6.0-8.0,7.0,177.8,road_node,,True,True
8372,660500.0,1888800.0,60804,0,0,8.0-10.0,9.0,228.6,road_node,,True,True
8375,660400.0,1891500.0,60623,0,0,8.0-10.0,9.0,228.6,road_node,,True,True
8376,660300.0,1894100.0,60644,0,0,8.0-10.0,9.0,228.6,road_node,,True,True
8377,660100.0,1898100.0,60644,0,0,8.0-10.0,9.0,228.6,road_node,,True,True
8378,660100.0,1899500.0,60644,0,0,6.0-8.0,7.0,177.8,road_node,,True,True
8380,660100.0,1900000.0,60644,0,0,6.0-8.0,7.0,177.8,road_node,,True,True
8381,660000.0,1901700.0,60644,0,0,6.0-8.0,7.0,177.8,road_node,,True,True
8382,659900.0,1904800.0,60644,0,0,6.0-8.0,7.0,177.8,road_node,,True,True
8383,659900.0,1906100.0,60651,0,0,6.0-8.0,7.0,177.8,road_node,,True,True
8385,659900.0,1907500.0,60651,0,0,6.0-8.0,7.0,177.8,road_node,,True,True
8386,659800.0,1910000.0,60651,0,0,4.0-6.0,5.0,127.0,road_node,,True,True
8398,659800.0,1911600.0,60639,0,0,4.0-6.0,5.0,127.0,road_node,,True,True
8399,659700.0,1912800.0,60639,0,0,4.0-6.0,5.0,127.0,road_node,,True,True
8402,659700.0,1915400.0,60639,0,0,4.0-6.0,5.0,127.0,road_node,,True,True
8406,659600.0,1918000.0,60639,0,0,4.0-6.0,5.0,127.0,road_node,,True,True
8407,659500.0,1920700.0,60641,0,0,4.0-6.0,5.0,127.0,road_node,,True,True
8408,659400.0,1923400.0,60641,0,0,4.0-6.0,5.0,127.0,road_node,,True,True
8410,655800.0,1958000.0,60077,0,0,3.0-4.0,3.5,88.9,road_node,,True,True
8411,659400.0,1896100.0,60644,0,0,8.0-10.0,9.0,228.6,road_node,,True,True
8412,659400.0,1896400.0,60644,0,0,8.0-10.0,9.0,228.6,road_node,,True,True
8414,691300.0,1889700.0,60616,0,0,4.0-6.0,5.0,127.0,road_node,,True,True
8415,690932.0,1871000.0,60609,0,0,3.0-4.0,3.5,88.9,road_node,,True,True
8416,691000.0,1873600.0,60609,0,0,4.0-6.0,5.0,127.0,road_node,,True,True
8421,691400.0,1876300.0,60609,0,0,4.0-6.0,5.0,127.0,road_node,,True,True
8422,690900.0,1879000.0,60609,0,0,4.0-6.0,5.0,127.0,road_node,,True,True
8425,693200.0,1853300.0,60620,0,0,2.0-3.0,2.5,63.5,road_node,,True,True
8426,693100.0,1851500.0,60620,0,0,2.0-3.0,2.5,63.5,road_node,,True,True
8428,657800.0,1965900.0,60029,0,0,3.0-4.0,3.5,88.9,road_node,,True,True
8430,553500.0,1963800.0,60169,0,0,1.0-1.5,1.25,31.75,road_node,,True,True
8432,656500.0,1972100.0,60091,0,0,2.0-3.0,2.5,63.5,road_node,,True,True
8440,648800.0,1958000.0,60053,0,0,3.0-4.0,3.5,88.9,road_node,,True,True
8441,651000.0,1950000.0,60077,0,0,3.0-4.0,3.5,88.9,road_node,,True,True
8442,644300.0,1947800.0,60714,0,0,3.0-4.0,3.5,88.9,road_node,,True,True
8448,664400.0,1977900.0,60043,0,0,,,,road_node,,True,False
8450,664500.0,1977300.0,60043,0,0,3.0-4.0,3.5,88.9,road_node,,True,True
8451,667100.0,1974600.0,60043,0,0,3.0-4.0,3.5,88.9,road_node,,True,True
8452,667200.0,1974400.0,60043,0,0,3.0-4.0,3.5,88.9,road_node,,True,True
8453,654200.0,1958000.0,60077,0,0,3.0-4.0,3.5,88.9,road_node,,True,True
8455,670400.0,1972000.0,60043,0,0,3.0-4.0,3.5,88.9,road_node,,True,True
8456,671000.0,1969500.0,60201,0,0,3.0-4.0,3.5,88.9,road_node,,True,True
8457,664200.0,1966700.0,60091,0,0,4.0-6.0,5.0,127.0,road_node,,True,True
8463,676800.0,1966600.0,60201,0,0,4.0-6.0,5.0,127.0,road_node,,True,True
8464,669500.0,1962300.0,60203,0,0,4.0-6.0,5.0,127.0,road_node,,True,True
8465,675000.0,1962300.0,60201,0,0,4.0-6.0,5.0,127.0,road_node,,True,True
8467,675100.0,1961600.0,60201,0,0,4.0-6.0,5.0,127.0,road_node,,True,True
8471,658900.0,1957900.0,60077,0,0,4.0-6.0,5.0,127.0,road_node,,True,True
8472,659200.0,1957900.0,60077,0,0,4.0-6.0,5.0,127.0,road_node,,True,True
8475,658900.0,1950000.0,60077,0,0,4.0-6.0,5.0,127.0,road_node,,True,True
8476,659000.0,1949700.0,60712,0,0,4.0-6.0,5.0,127.0,road_node,,True,True
8477,661700.0,1947300.0,60712,0,0,4.0-6.0,5.0,127.0,road_node,,True,True
8478,657500.0,1947400.0,60712,0,0,4.0-6.0,5.0,127.0,road_node,,True,True
8481,658800.0,1947300.0,60712,0,0,4.0-6.0,5.0,127.0,road_node,,True,True
8482,643100.0,1942100.0,60631,0,0,4.0-6.0,5.0,127.0,road_node,,True,True
8483,643100.0,1941900.0,60631,0,0,4.0-6.0,5.0,127.0,road_node,,True,True
8484,648400.0,1941900.0,60646,0,0,4.0-6.0,5.0,127.0,road_node,,True,True
8486,653900.0,1942000.0,60646,0,0,4.0-6.0,5.0,127.0,road_node,,True,True
8487,654200.0,1942100.0,60646,0,0,4.0-6.0,5.0,127.0,road_node,,True,True
8493,547400.0,1954100.0,60107,0,0,0.5-1.0,0.75,19.05,road_node,,True,True
8494,540300.0,1940700.0,60103,0,0,0.5-1.0,0.75,19.05,road_node,,True,True
8495,573700.0,1897900.0,60137,0,0,2.0-3.0,2.5,63.5,road_node,,True,True
8498,567200.0,1891200.0,60137,0,0,1.5-2.0,1.75,44.45,road_node,,True,True
8500,562900.0,1891100.0,60187,0,0,1.5-2.0,1.75,44.45,road_node,,True,True
8503,580300.0,1872400.0,60515,0,0,2.0-3.0,2.5,63.5,road_node,,True,True
8505,545800.0,1941000.0,60133,0,0,1.0-1.5,1.25,31.75,road_node,,True,True
8506,558600.0,1941900.0,60193,0,0,1.0-1.5,1.25,31.75,road_node,,True,True
8507,574000.0,1944900.0,60193,0,0,2.0-3.0,2.5,63.5,road_node,,True,True
8508,577900.0,1945000.0,60157,0,0,2.0-3.0,2.5,63.5,road_node,,True,True
8509,588500.0,1902300.0,60148,0,0,2.0-3.0,2.5,63.5,road_node,,True,True
8511,628500.0,1937800.0,60656,0,0,3.0-4.0,3.5,88.9,road_node,,True,True
8512,628200.0,1936200.0,60176,0,0,3.0-4.0,3.5,88.9,road_node,,True,True
8513,635600.0,1938000.0,60656,0,0,4.0-6.0,5.0,127.0,road_node,,True,True
8514,636100.0,1937500.0,60631,0,0,4.0-6.0,5.0,127.0,road_node,,True,True
8515,583000.0,1939800.0,60143,0,0,2.0-3.0,2.5,63.5,road_node,,True,True
8516,643100.0,1936400.0,60656,0,0,4.0-6.0,5.0,127.0,road_node,,True,True
8518,643100.0,1931400.0,60706,0,0,4.0-6.0,5.0,127.0,road_node,,True,True
8521,643200.0,1928300.0,60706,0,0,4.0-6.0,5.0,127.0,road_node,,True,True
8522,643100.0,1926000.0,60634,0,0,4.0-6.0,5.0,127.0,road_node,,True,True
8524,643100.0,1925700.0,60634,0,0,4.0-6.0,5.0,127.0,road_node,,True,True
8527,643400.0,1914900.0,60707,0,0,4.0-6.0,5.0,127.0,road_node,,True,True
8528,643900.0,1899700.0,60301,0,0,6.0-8.0,7.0,177.8,road_node,,True,True
8531,641200.0,1909600.0,60305,0,0,4.0-6.0,5.0,127.0,road_node,,True,True
8534,641300.0,1899100.0,60130,0,0,4.0-6.0,5.0,127.0,road_node,,True,True
8537,639200.0,1937400.0,60631,0,0,4.0-6.0,5.0,127.0,road_node,,True,True
8541,634600.0,1902000.0,60153,0,0,3.0-4.0,3.5,88.9,road_node,,True,True
8545,624000.0,1926900.0,60176,0,0,2.0-3.0,2.5,63.5,road_node,,True,True
8546,622800.0,1927200.0,60176,0,0,2.0-3.0,2.5,63.5,road_node,,True,True
8547,612600.0,1917500.0,60164,0,0,2.0-3.0,2.5,63.5,road_node,,True,True
8550,612500.0,1917500.0,60164,0,0,2.0-3.0,2.5,63.5,road_node,,True,True
8551,612900.0,1902600.0,60163,0,0,2.0-3.0,2.5,63.5,road_node,,True,True
8552,611800.0,1902700.0,60163,0,0,2.0-3.0,2.5,63.5,road_node,,True,True
8558,617200.0,1897300.0,60162,0,0,2.0-3.0,2.5,63.5,road_node,,True,True
8559,612600.0,1892800.0,60162,0,0,2.0-3.0,2.5,63.5,road_node,,True,True
8563,613600.0,1892800.0,60162,0,0,2.0-3.0,2.5,63.5,road_node,,True,True
8566,622600.0,1895000.0,60162,0,0,2.0-3.0,2.5,63.5,road_node,,True,True
8567,622600.0,1896100.0,60104,0,0,2.0-3.0,2.5,63.5,road_node,,True,True
8570,612400.0,1887300.0,60154,0,0,2.0-3.0,2.5,63.5,road_node,,True,True
8575,613300.0,1887300.0,60154,0,0,2.0-3.0,2.5,63.5,road_node,,True,True
8577,602300.0,1886400.0,60523,0,0,1.5-2.0,1.75,44.45,road_node,,True,True
8579,602700.0,1885400.0,60523,0,0,1.5-2.0,1.75,44.45,road_node,,True,True
8581,642600.0,1993200.0,60062,0,0,2.0-3.0,2.5,63.5,road_node,,True,True
8582,598400.0,1884600.0,60523,0,0,1.5-2.0,1.75,44.45,road_node,,True,True
8584,615000.0,1876800.0,60558,0,0,2.0-3.0,2.5,63.5,road_node,,True,True
8587,613500.0,1876500.0,60558,0,0,2.0-3.0,2.5,63.5,road_node,,True,True
8590,628000.0,1895300.0,60155,0,0,3.0-4.0,3.5,88.9,road_node,,True,True
8591,628000.0,1896400.0,60104,0,0,3.0-4.0,3.5,88.9,road_node,,True,True
8592,630700.0,1895500.0,60153,0,0,3.0-4.0,3.5,88.9,road_node,,True,True
8595,630700.0,1896200.0,60153,0,0,3.0-4.0,3.5,88.9,road_node,,True,True
8597,633400.0,1895900.0,60153,0,0,3.0-4.0,3.5,88.9,road_node,,True,True
8600,633400.0,1896200.0,60153,0,0,3.0-4.0,3.5,88.9,road_node,,True,True
8601,636100.0,1895700.0,60153,0,0,4.0-6.0,5.0,127.0,road_node,,True,True
8602,636000.0,1896400.0,60153,0,0,4.0-6.0,5.0,127.0,road_node,,True,True
8603,640900.0,1896400.0,60130,0,0,4.0-6.0,5.0,127.0,road_node,,True,True
8607,641000.0,1896900.0,60130,0,0,4.0-6.0,5.0,127.0,road_node,,True,True
8608,644000.0,1896600.0,60304,0,0,6.0-8.0,7.0,177.8,road_node,,True,True
8609,644000.0,1897100.0,60304,0,0,6.0-8.0,7.0,177.8,road_node,,True,True
8610,587800.0,1882800.0,60515,0,0,2.0-3.0,2.5,63.5,road_node,,True,True
8611,587800.0,1881500.0,60515,0,0,2.0-3.0,2.5,63.5,road_node,,True,True
8612,570600.0,1873900.0,60532,0,0,2.0-3.0,2.5,63.5,road_node,,True,True
8613,570300.0,1873000.0,60532,0,0,2.0-3.0,2.5,63.5,road_node,,True,True
8614,610000.0,1888800.0,60523,0,0,2.0-3.0,2.5,63.5,road_node,,True,True
8615,610000.0,1891200.0,60162,0,0,2.0-3.0,2.5,63.5,road_node,,True,True
8616,638600.0,1936800.0,60631,0,0,4.0-6.0,5.0,127.0,road_node,,True,True
8617,644700.0,1936400.0,60656,0,0,4.0-6.0,5.0,127.0,road_node,,True,True
8620,648422.0,1936160.0,60630,0,0,4.0-6.0,5.0,127.0,road_node,,True,True
8621,642100.0,1992800.0,60062,0,0,2.0-3.0,2.5,63.5,road_node,,True,True
8622,648400.0,1934800.0,60630,0,0,4.0-6.0,5.0,127.0,road_node,,True,True
8626,648900.0,1934200.0,60630,0,0,4.0-6.0,5.0,127.0,road_node,,True,True
8627,652200.0,1896300.0,60304,0,0,8.0-10.0,9.0,228.6,road_node,,True,True
8629,637200.0,1989700.0,60062,0,0,2.0-3.0,2.5,63.5,road_node,,True,True
8630,652300.0,1934200.0,60630,0,0,4.0-6.0,5.0,127.0,road_node,,True,True
8631,652900.0,1934200.0,60630,0,0,4.0-6.0,5.0,127.0,road_node,,True,True
8634,653600.0,1933100.0,60630,0,0,4.0-6.0,5.0,127.0,road_node,,True,True
8636,653700.0,1933600.0,60630,0,0,4.0-6.0,5.0,127.0,road_node,,True,True
8640,653600.0,1934200.0,60630,0,0,4.0-6.0,5.0,127.0,road_node,,True,True
8641,653800.0,1934200.0,60630,0,0,4.0-6.0,5.0,127.0,road_node,,True,True
8642,655600.0,1931600.0,60630,0,0,4.0-6.0,5.0,127.0,road_node,,True,True
8646,656400.0,1931500.0,60630,0,0,4.0-6.0,5.0,127.0,road_node,,True,True
8647,657300.0,1931400.0,60630,0,0,4.0-6.0,5.0,127.0,road_node,,True,True
8648,648200.0,1915100.0,60707,0,0,4.0-6.0,5.0,127.0,road_node,,True,True
8649,649100.0,1914800.0,60707,0,0,4.0-6.0,5.0,127.0,road_node,,True,True
8652,649700.0,1909800.0,60302,0,0,6.0-8.0,7.0,177.8,road_node,,True,True
8671,652200.0,1895700.0,60304,0,0,8.0-10.0,9.0,228.6,road_node,,True,True
8673,654900.0,1895700.0,60644,0,0,8.0-10.0,9.0,228.6,road_node,,True,True
8680,654900.0,1896300.0,60644,0,0,8.0-10.0,9.0,228.6,road_node,,True,True
8687,649300.0,1907200.0,60302,0,0,4.0-6.0,5.0,127.0,road_node,,True,True
8692,657600.0,1896000.0,60644,0,0,8.0-10.0,9.0,228.6,road_node,,True,True
8693,657500.0,1896400.0,60644,0,0,8.0-10.0,9.0,228.6,road_node,,True,True
8695,655200.0,1883700.0,60804,0,0,8.0-10.0,9.0,228.6,road_node,,True,True
8696,655200.0,1883400.0,60804,0,0,8.0-10.0,9.0,228.6,road_node,,True,True
8703,658800.0,1939500.0,60646,0,0,4.0-6.0,5.0,127.0,road_node,,True,True
8711,659100.0,1936000.0,60630,0,0,4.0-6.0,5.0,127.0,road_node,,True,True
8714,659500.0,1934100.0,60630,0,0,4.0-6.0,5.0,127.0,road_node,,True,True
8715,659900.0,1934200.0,60630,0,0,4.0-6.0,5.0,127.0,road_node,,True,True
8717,659600.0,1932800.0,60630,0,0,4.0-6.0,5.0,127.0,road_node,,True,True
8720,659400.0,1930100.0,60630,0,0,4.0-6.0,5.0,127.0,road_node,,True,True
8722,659800.0,1930100.0,60630,0,0,4.0-6.0,5.0,127.0,road_node,,True,True
8723,660300.0,1928700.0,60641,0,0,4.0-6.0,5.0,127.0,road_node,,True,True
8726,660900.0,1928700.0,60641,0,0,4.0-6.0,5.0,127.0,road_node,,True,True
8727,661800.0,1927900.0,60641,0,0,4.0-6.0,5.0,127.0,road_node,,True,True
8728,661800.0,1927500.0,60641,0,0,4.0-6.0,5.0,127.0,road_node,,True,True
8729,663600.0,1926100.0,60641,0,0,4.0-6.0,5.0,127.0,road_node,,True,True
8730,664200.0,1926200.0,60641,0,0,4.0-6.0,5.0,127.0,road_node,,True,True
8731,664700.0,1925100.0,60641,0,0,4.0-6.0,5.0,127.0,road_node,,True,True
8732,664700.0,1925800.0,60641,0,0,4.0-6.0,5.0,127.0,road_node,,True,True
8733,668800.0,1920900.0,60618,0,0,4.0-6.0,5.0,127.0,road_node,,True,True
8735,668800.0,1922000.0,60618,0,0,4.0-6.0,5.0,127.0,road_node,,True,True
8736,670100.0,1920500.0,60618,0,0,4.0-6.0,5.0,127.0,road_node,,True,True
8737,670300.0,1920900.0,60618,0,0,4.0-6.0,5.0,127.0,road_node,,True,True
8738,671500.0,1919600.0,60618,0,0,4.0-6.0,5.0,127.0,road_node,,True,True
8739,671500.0,1920100.0,60618,0,0,4.0-6.0,5.0,127.0,road_node,,True,True
8740,672900.0,1918600.0,60618,0,0,4.0-6.0,5.0,127.0,road_node,,True,True
8741,672900.0,1919300.0,60618,0,0,4.0-6.0,5.0,127.0,road_node,,True,True
8743,673100.0,1918400.0,60647,0,0,4.0-6.0,5.0,127.0,road_node,,True,True
8744,673800.0,1918400.0,60647,0,0,4.0-6.0,5.0,127.0,road_node,,True,True
8745,677500.0,1915800.0,60647,0,0,4.0-6.0,5.0,127.0,road_node,,True,True
8746,678400.0,1914500.0,60647,0,0,4.0-6.0,5.0,127.0,road_node,,True,True
8747,560100.0,2014600.0,60047,0,0,1.0-1.5,1.25,31.75,road_node,,True,True
8748,678400.0,1915000.0,60647,0,0,4.0-6.0,5.0,127.0,road_node,,True,True
8749,679800.0,1913300.0,60622,0,0,4.0-6.0,5.0,127.0,road_node,,True,True
8750,680600.0,1913300.0,60622,0,0,4.0-6.0,5.0,127.0,road_node,,True,True
8751,681000.0,1913300.0,60622,0,0,4.0-6.0,5.0,127.0,road_node,,True,True
8752,681500.0,1910600.0,60642,0,0,4.0-6.0,5.0,127.0,road_node,,True,True
8753,682200.0,1910600.0,60642,0,0,4.0-6.0,5.0,127.0,road_node,,True,True
8754,683300.0,1908100.0,60642,0,0,6.0-8.0,7.0,177.8,road_node,,True,True
8755,682500.0,1908100.0,60642,0,0,4.0-6.0,5.0,127.0,road_node,,True,True
8756,684400.0,1905500.0,60642,0,0,4.0-6.0,5.0,127.0,road_node,,True,True
8757,684000.0,1904300.0,60642,0,0,4.0-6.0,5.0,127.0,road_node,,True,True
8758,684400.0,1905000.0,60642,0,0,4.0-6.0,5.0,127.0,road_node,,True,True
8759,675200.0,1931900.0,60625,0,0,4.0-6.0,5.0,127.0,road_node,,True,True
8760,675400.0,1931800.0,60625,0,0,4.0-6.0,5.0,127.0,road_node,,True,True
8761,681000.0,1931900.0,60640,0,0,4.0-6.0,5.0,127.0,road_node,,True,True
8766,684400.0,1929300.0,60613,0,0,4.0-6.0,5.0,127.0,road_node,,True,True
8767,684600.0,1929000.0,60613,0,0,4.0-6.0,5.0,127.0,road_node,,True,True
8768,664100.0,1928800.0,60641,0,0,4.0-6.0,5.0,127.0,road_node,,True,True
8769,664600.0,1928300.0,60641,0,0,4.0-6.0,5.0,127.0,road_node,,True,True
8770,666800.0,1923600.0,60618,0,0,4.0-6.0,5.0,127.0,road_node,,True,True
8771,667400.0,1926200.0,60618,0,0,4.0-6.0,5.0,127.0,road_node,,True,True
8772,667400.0,1925800.0,60618,0,0,4.0-6.0,5.0,127.0,road_node,,True,True
8773,579800.0,1998600.0,60074,0,0,1.0-1.5,1.25,31.75,road_node,,True,True
8774,573300.0,1998600.0,60074,0,0,1.5-2.0,1.75,44.45,road_node,,True,True
8775,562700.0,1998700.0,60010,0,0,1.5-2.0,1.75,44.45,road_node,,True,True
8776,555500.0,1998700.0,60010,0,0,1.5-2.0,1.75,44.45,road_node,,True,True
8777,553400.0,1998700.0,60010,0,0,1.5-2.0,1.75,44.45,road_node,,True,True
8778,536300.0,1998700.0,60010,0,0,1.5-2.0,1.75,44.45,road_node,,True,True
8779,685700.0,1926700.0,60613,0,0,4.0-6.0,5.0,127.0,road_node,,True,True
8781,686700.0,1926700.0,60613,0,0,4.0-6.0,5.0,127.0,road_node,,True,True
8782,686300.0,1929300.0,60613,0,0,4.0-6.0,5.0,127.0,road_node,,True,True
8783,685200.0,1934600.0,60640,0,0,4.0-6.0,5.0,127.0,road_node,,True,True
8784,684700.0,1937300.0,60640,0,0,4.0-6.0,5.0,127.0,road_node,,True,True
8785,662000.0,1972000.0,60091,0,0,3.0-4.0,3.5,88.9,road_node,,True,True
8786,663000.0,1971000.0,60091,0,0,3.0-4.0,3.5,88.9,road_node,,True,True
8787,670100.0,1923600.0,60618,0,0,4.0-6.0,5.0,127.0,road_node,,True,True
8788,670100.0,1923400.0,60618,0,0,4.0-6.0,5.0,127.0,road_node,,True,True
8789,664400.0,1969500.0,60091,0,0,3.0-4.0,3.5,88.9,road_node,,True,True
8790,685600.0,1921300.0,60657,0,0,4.0-6.0,5.0,127.0,road_node,,True,True
8791,686100.0,1920600.0,60657,0,0,4.0-6.0,5.0,127.0,road_node,,True,True
8792,669300.0,1971100.0,60043,0,0,3.0-4.0,3.5,88.9,road_node,,True,True
8793,671000.0,1971200.0,60043,0,0,3.0-4.0,3.5,88.9,road_node,,True,True
8794,673500.0,1971300.0,60043,0,0,3.0-4.0,3.5,88.9,road_node,,True,True
8795,674800.0,1971300.0,60201,0,0,3.0-4.0,3.5,88.9,road_node,,True,True
8796,670600.0,1916900.0,60647,0,0,4.0-6.0,5.0,127.0,road_node,,True,True
8797,671600.0,1915700.0,60647,0,0,4.0-6.0,5.0,127.0,road_node,,True,True
8798,672200.0,1915700.0,60647,0,0,4.0-6.0,5.0,127.0,road_node,,True,True
8799,671000.0,1973000.0,60043,0,0,3.0-4.0,3.5,88.9,road_node,,True,True
8800,681000.0,1915600.0,60614,0,0,4.0-6.0,5.0,127.0,road_node,,True,True
8801,680600.0,1915900.0,60614,0,0,4.0-6.0,5.0,127.0,road_node,,True,True
8802,669700.0,1971100.0,60043,0,0,3.0-4.0,3.5,88.9,road_node,,True,True
8803,657800.0,1963300.0,60029,0,0,3.0-4.0,3.5,88.9,road_node,,True,True
8804,690100.0,1912500.0,60614,0,0,4.0-6.0,5.0,127.0,road_node,,True,True
8805,690500.0,1911600.0,60614,0,0,4.0-6.0,5.0,127.0,road_node,,True,True
8806,690500.0,1910900.0,60610,0,0,4.0-6.0,5.0,127.0,road_node,,True,True
8807,690900.0,1910900.0,60610,0,0,4.0-6.0,5.0,127.0,road_node,,True,True
8811,686100.0,1910800.0,60642,0,0,6.0-8.0,7.0,177.8,road_node,,True,True
8818,686400.0,1910500.0,60642,0,0,6.0-8.0,7.0,177.8,road_node,,True,True
8819,675400.0,1913000.0,60647,0,0,4.0-6.0,5.0,127.0,road_node,,True,True
8828,675700.0,1912900.0,60647,0,0,4.0-6.0,5.0,127.0,road_node,,True,True
8831,657500.0,1960600.0,60077,0,0,3.0-4.0,3.5,88.9,road_node,,True,True
8836,691000.0,1908300.0,60610,0,0,4.0-6.0,5.0,127.0,road_node,,True,True
8842,690600.0,1908300.0,60610,0,0,4.0-6.0,5.0,127.0,road_node,,True,True
8845,667400.0,1960700.0,60203,0,0,4.0-6.0,5.0,127.0,road_node,,True,True
8847,675200.0,1962000.0,60201,0,0,4.0-6.0,5.0,127.0,road_node,,True,True
8852,675400.0,1961000.0,60201,0,0,4.0-6.0,5.0,127.0,road_node,,True,True
8853,674600.0,1958200.0,60202,0,0,4.0-6.0,5.0,127.0,road_node,,True,True
8856,675400.0,1958300.0,60202,0,0,4.0-6.0,5.0,127.0,road_node,,True,True
8858,674700.0,1956900.0,60202,0,0,4.0-6.0,5.0,127.0,road_node,,True,True
8860,578400.0,2014500.0,60047,0,0,1.0-1.5,1.25,31.75,road_node,,True,True
8861,578500.0,2009200.0,60047,0,0,1.0-1.5,1.25,31.75,road_node,,True,True
8862,638100.0,1961800.0,60025,0,0,2.0-3.0,2.5,63.5,road_node,,True,True
8863,546800.0,2006700.0,60010,0,0,1.5-2.0,1.75,44.45,road_node,,True,True
8864,556100.0,2005800.0,60010,0,0,1.5-2.0,1.75,44.45,road_node,,True,True
8865,555100.0,2001400.0,60010,0,0,1.5-2.0,1.75,44.45,road_node,,True,True
8866,585100.0,2004600.0,60047,0,0,1.0-1.5,1.25,31.75,road_node,,True,True
8867,642700.0,1961000.0,60053,0,0,2.0-3.0,2.5,63.5,road_node,,True,True
8868,602100.0,1998000.0,60089,0,0,1.5-2.0,1.75,44.45,road_node,,True,True
8869,590000.0,1769100.0,60432,0,0,1.5-2.0,1.75,44.45,road_node,,True,True
8870,583900.0,1998600.0,60074,0,0,1.0-1.5,1.25,31.75,road_node,,True,True
8871,657300.0,1814300.0,60445,0,0,2.0-3.0,2.5,63.5,road_node,,True,True
8872,673600.0,1892000.0,60623,0,0,4.0-6.0,5.0,127.0,road_node,,True,True
8873,643200.0,1961300.0,60053,0,0,2.0-3.0,2.5,63.5,road_node,,True,True
8874,667600.0,1958000.0,60203,0,0,4.0-6.0,5.0,127.0,road_node,,True,True
8875,626100.0,1980800.0,60026,0,0,1.5-2.0,1.75,44.45,road_node,,True,True
8876,626400.0,1980800.0,60026,0,0,1.5-2.0,1.75,44.45,road_node,,True,True
8877,638400.0,1900300.0,60305,0,0,4.0-6.0,5.0,127.0,road_node,,True,True
8878,651400.0,1993200.0,60022,0,0,2.0-3.0,2.5,63.5,road_node,,True,True
8879,642000.0,1990600.0,60062,0,0,2.0-3.0,2.5,63.5,road_node,,True,True
8880,641200.0,1987800.0,60062,0,0,2.0-3.0,2.5,63.5,road_node,,True,True
8881,636300.0,1993300.0,60062,0,0,2.0-3.0,2.5,63.5,road_node,,True,True
8882,667700.0,1955400.0,60076,0,0,4.0-6.0,5.0,127.0,road_node,,True,True
8883,664500.0,1966000.0,60091,0,0,4.0-6.0,5.0,127.0,road_node,,True,True
8884,667200.0,1955400.0,60076,0,0,4.0-6.0,5.0,127.0,road_node,,True,True
8885,655800.0,1950000.0,60077,0,0,3.0-4.0,3.5,88.9,road_node,,True,True
8886,647300.0,1949900.0,60714,0,0,3.0-4.0,3.5,88.9,road_node,,True,True
8887,638100.0,1962800.0,60025,0,0,2.0-3.0,2.5,63.5,road_node,,True,True
8888,638000.0,1966800.0,60025,0,0,2.0-3.0,2.5,63.5,road_node,,True,True
8889,628500.0,1962500.0,60016,0,0,2.0-3.0,2.5,63.5,road_node,,True,True
8890,630000.0,1946700.0,60068,0,0,3.0-4.0,3.5,88.9,road_node,,True,True
8891,629900.0,1941400.0,60068,0,0,3.0-4.0,3.5,88.9,road_node,,True,True
8892,632500.0,1930800.0,60656,0,0,3.0-4.0,3.5,88.9,road_node,,True,True
8893,624400.0,1936400.0,60666,0,0,3.0-4.0,3.5,88.9,road_node,,True,True
8894,666700.0,1952700.0,60076,0,0,4.0-6.0,5.0,127.0,road_node,,True,True
8895,659200.0,1954000.0,60077,0,0,4.0-6.0,5.0,127.0,road_node,,True,True
8896,610300.0,1980100.0,60070,0,0,2.0-3.0,2.5,63.5,road_node,,True,True
8897,607700.0,1980100.0,60070,0,0,2.0-3.0,2.5,63.5,road_node,,True,True
8898,599800.0,1980200.0,60004,0,0,2.0-3.0,2.5,63.5,road_node,,True,True
8899,599700.0,1988100.0,60004,0,0,2.0-3.0,2.5,63.5,road_node,,True,True
8900,657500.0,1953900.0,60077,0,0,3.0-4.0,3.5,88.9,road_node,,True,True
8901,668500.0,1977500.0,60043,0,0,,,,road_node,,True,False
8902,658100.0,1954000.0,60077,0,0,3.0-4.0,3.5,88.9,road_node,,True,True
8903,589600.0,1993300.0,60074,0,0,1.5-2.0,1.75,44.45,road_node,,True,True
8904,577200.0,1993400.0,60074,0,0,1.5-2.0,1.75,44.45,road_node,,True,True
8905,569200.0,1976800.0,60067,0,0,3.0-4.0,3.5,88.9,road_node,,True,True
8906,578500.0,1984400.0,60067,0,0,2.0-3.0,2.5,63.5,road_node,,True,True
8907,577100.0,1984400.0,60067,0,0,2.0-3.0,2.5,63.5,road_node,,True,True
8908,575900.0,1982800.0,60067,0,0,2.0-3.0,2.5,63.5,road_node,,True,True
8909,577100.0,1982800.0,60067,0,0,2.0-3.0,2.5,63.5,road_node,,True,True
8910,573200.0,1969800.0,60195,0,0,2.0-3.0,2.5,63.5,road_node,,True,True
8911,574100.0,1958200.0,60173,0,0,2.0-3.0,2.5,63.5,road_node,,True,True
8912,658100.0,1952600.0,60077,0,0,4.0-6.0,5.0,127.0,road_node,,True,True
8913,577891.0,1940250.0,60157,0,0,2.0-3.0,2.5,63.5,road_node,,True,True
8914,582000.0,1943800.0,60007,0,0,2.0-3.0,2.5,63.5,road_node,,True,True
8915,562200.0,1939800.0,60172,0,0,1.5-2.0,1.75,44.45,road_node,,True,True
8916,558000.0,1952000.0,60194,0,0,1.0-1.5,1.25,31.75,road_node,,True,True
8917,558000.0,1956000.0,60194,0,0,1.0-1.5,1.25,31.75,road_node,,True,True
8918,568800.0,1958200.0,60173,0,0,2.0-3.0,2.5,63.5,road_node,,True,True
8919,551500.0,1968700.0,60192,0,0,1.5-2.0,1.75,44.45,road_node,,True,True
8920,557300.0,1967100.0,60169,0,0,1.0-1.5,1.25,31.75,road_node,,True,True
8921,565200.0,1967100.0,60195,0,0,1.5-2.0,1.75,44.45,road_node,,True,True
8922,569000.0,1967000.0,60195,0,0,2.0-3.0,2.5,63.5,road_node,,True,True
8923,544200.0,1967700.0,60192,0,0,1.0-1.5,1.25,31.75,road_node,,True,True
8924,557300.0,1972400.0,60195,0,0,2.0-3.0,2.5,63.5,road_node,,True,True
8925,565200.0,1980300.0,60067,0,0,2.0-3.0,2.5,63.5,road_node,,True,True
8926,657900.0,1951100.0,60077,0,0,4.0-6.0,5.0,127.0,road_node,,True,True
8927,557900.0,1996100.0,60010,0,0,1.5-2.0,1.75,44.45,road_node,,True,True
8928,544200.0,1972200.0,60192,0,0,1.0-1.5,1.25,31.75,road_node,,True,True
8929,552100.0,1994100.0,60010,0,0,1.0-1.5,1.25,31.75,road_node,,True,True
8930,652700.0,1952900.0,60077,0,0,3.0-4.0,3.5,88.9,road_node,,True,True
8931,652400.0,1952900.0,60077,0,0,3.0-4.0,3.5,88.9,road_node,,True,True
8932,649100.0,1949900.0,60714,0,0,3.0-4.0,3.5,88.9,road_node,,True,True
8933,649100.0,1948400.0,60714,0,0,3.0-4.0,3.5,88.9,road_node,,True,True
8934,668200.0,1950100.0,60645,0,0,4.0-6.0,5.0,127.0,road_node,,True,True
8935,667300.0,1947400.0,60712,0,0,4.0-6.0,5.0,127.0,road_node,,True,True
8936,678600.0,1949000.0,60626,0,0,4.0-6.0,5.0,127.0,road_node,,True,True
8937,679900.0,1949900.0,60626,0,0,4.0-6.0,5.0,127.0,road_node,,True,True
8938,679900.0,1947900.0,60626,0,0,4.0-6.0,5.0,127.0,road_node,,True,True
8939,680435.0,1950300.0,60626,0,0,4.0-6.0,5.0,127.0,road_node,,True,True
8940,679900.0,1945200.0,60626,0,0,4.0-6.0,5.0,127.0,road_node,,True,True
8941,640700.0,1943900.0,60631,0,0,3.0-4.0,3.5,88.9,road_node,,True,True
8942,639400.0,1933100.0,60656,0,0,4.0-6.0,5.0,127.0,road_node,,True,True
8943,639200.0,1930600.0,60706,0,0,4.0-6.0,5.0,127.0,road_node,,True,True
8944,621994.0,1921600.0,60131,0,0,1.5-2.0,1.75,44.45,road_node,,True,True
8945,621994.0,1921420.0,60131,0,0,1.5-2.0,1.75,44.45,road_node,,True,True
8946,623801.0,1921600.0,60131,0,0,1.5-2.0,1.75,44.45,road_node,,True,True
8947,623793.0,1920980.0,60131,0,0,1.5-2.0,1.75,44.45,road_node,,True,True
8948,623800.0,1920600.0,60131,0,0,2.0-3.0,2.5,63.5,road_node,,True,True
8950,623800.0,1919800.0,60131,0,0,2.0-3.0,2.5,63.5,road_node,,True,True
8951,623900.0,1917400.0,60131,0,0,2.0-3.0,2.5,63.5,road_node,,True,True
8952,624000.0,1914300.0,60164,0,0,2.0-3.0,2.5,63.5,road_node,,True,True
8953,625800.0,1920400.0,60131,0,0,2.0-3.0,2.5,63.5,road_node,,True,True
8954,625802.0,1921600.0,60131,0,0,2.0-3.0,2.5,63.5,road_node,,True,True
8955,627176.0,1921620.0,60131,0,0,2.0-3.0,2.5,63.5,road_node,,True,True
8956,630500.0,1923500.0,60634,0,0,2.0-3.0,2.5,63.5,road_node,,True,True
8957,622300.0,1899700.0,60104,0,0,3.0-4.0,3.5,88.9,road_node,,True,True
8958,622500.0,1900300.0,60104,0,0,3.0-4.0,3.5,88.9,road_node,,True,True
8959,624300.0,2019700.0,60045,0,0,,,,road_node,,True,False
8960,626000.0,2019600.0,60045,0,0,,,,road_node,,True,False
8961,625500.0,1901500.0,60104,0,0,2.0-3.0,2.5,63.5,road_node,,True,True
8963,622500.0,1898300.0,60104,0,0,2.0-3.0,2.5,63.5,road_node,,True,True
8965,624000.0,1890300.0,60154,0,0,3.0-4.0,3.5,88.9,road_node,,True,True
8966,623800.0,1893100.0,60155,0,0,3.0-4.0,3.5,88.9,road_node,,True,True
8967,624500.0,1890300.0,60154,0,0,3.0-4.0,3.5,88.9,road_node,,True,True
8968,624500.0,1893200.0,60155,0,0,3.0-4.0,3.5,88.9,road_node,,True,True
8969,624500.0,1898300.0,60104,0,0,2.0-3.0,2.5,63.5,road_node,,True,True
8970,627900.0,1898300.0,60104,0,0,3.0-4.0,3.5,88.9,road_node,,True,True
8971,634700.0,1893500.0,60141,0,0,4.0-6.0,5.0,127.0,road_node,,True,True
8972,625600.0,1879900.0,60526,0,0,3.0-4.0,3.5,88.9,road_node,,True,True
8973,628800.0,1879900.0,60513,0,0,4.0-6.0,5.0,127.0,road_node,,True,True
8974,631400.0,1879900.0,60513,0,0,4.0-6.0,5.0,127.0,road_node,,True,True
8975,633500.0,1879900.0,60513,0,0,4.0-6.0,5.0,127.0,road_node,,True,True
8976,626500.0,2013200.0,60015,0,0,1.5-2.0,1.75,44.45,road_node,,True,True
8977,677800.0,1937000.0,60640,0,0,4.0-6.0,5.0,127.0,road_node,,True,True
8978,631800.0,2015700.0,60040,0,0,1.5-2.0,1.75,44.45,road_node,,True,True
8979,672000.0,1931700.0,60625,0,0,4.0-6.0,5.0,127.0,road_node,,True,True
8980,677900.0,1930400.0,60625,0,0,4.0-6.0,5.0,127.0,road_node,,True,True
8981,680500.0,1930400.0,60640,0,0,4.0-6.0,5.0,127.0,road_node,,True,True
8982,681200.0,1930600.0,60640,0,0,4.0-6.0,5.0,127.0,road_node,,True,True
8983,683700.0,1930600.0,60640,0,0,4.0-6.0,5.0,127.0,road_node,,True,True
8984,684500.0,1930600.0,60640,0,0,4.0-6.0,5.0,127.0,road_node,,True,True
8985,684500.0,1934600.0,60640,0,0,4.0-6.0,5.0,127.0,road_node,,True,True
8986,683300.0,1925200.0,60613,0,0,4.0-6.0,5.0,127.0,road_node,,True,True
8987,594500.0,2009200.0,60089,0,0,1.0-1.5,1.25,31.75,road_node,,True,True
8988,683500.0,1923900.0,60657,0,0,4.0-6.0,5.0,127.0,road_node,,True,True
8989,683400.0,1921200.0,60657,0,0,4.0-6.0,5.0,127.0,road_node,,True,True
8990,683600.0,1916000.0,60614,0,0,6.0-8.0,7.0,177.8,road_node,,True,True
8991,630000.0,2008500.0,60015,0,0,2.0-3.0,2.5,63.5,road_node,,True,True
8992,683800.0,1913800.0,60614,0,0,4.0-6.0,5.0,127.0,road_node,,True,True
8993,683600.0,1913100.0,60614,0,0,4.0-6.0,5.0,127.0,road_node,,True,True
8994,681100.0,1913200.0,60622,0,0,4.0-6.0,5.0,127.0,road_node,,True,True
8995,687000.0,1890300.0,60608,0,0,4.0-6.0,5.0,127.0,road_node,,True,True
8996,685000.0,1914500.0,60614,0,0,6.0-8.0,7.0,177.8,road_node,,True,True
8997,686300.0,1914500.0,60614,0,0,6.0-8.0,7.0,177.8,road_node,,True,True
8998,687400.0,1914500.0,60614,0,0,6.0-8.0,7.0,177.8,road_node,,True,True
8999,689000.0,1914500.0,60614,0,0,4.0-6.0,5.0,127.0,road_node,,True,True
9000,689200.0,1914300.0,60614,0,0,4.0-6.0,5.0,127.0,road_node,,True,True
9001,689500.0,1913800.0,60614,0,0,4.0-6.0,5.0,127.0,road_node,,True,True
9002,642400.0,2001700.0,60035,0,0,2.0-3.0,2.5,63.5,road_node,,True,True
9003,688500.0,1913800.0,60614,0,0,4.0-6.0,5.0,127.0,road_node,,True,True
9004,686400.0,1913800.0,60614,0,0,6.0-8.0,7.0,177.8,road_node,,True,True
9005,685100.0,1913800.0,60614,0,0,6.0-8.0,7.0,177.8,road_node,,True,True
9006,563900.0,1992000.0,60067,0,0,1.5-2.0,1.75,44.45,road_node,,True,True
9007,563800.0,1990900.0,60067,0,0,1.5-2.0,1.75,44.45,road_node,,True,True
9008,565000.0,1991400.0,60067,0,0,1.5-2.0,1.75,44.45,road_node,,True,True
9009,689200.0,1915900.0,60614,0,0,6.0-8.0,7.0,177.8,road_node,,True,True
9010,689900.0,1915900.0,60614,0,0,6.0-8.0,7.0,177.8,road_node,,True,True
9011,691100.0,1911600.0,60614,0,0,4.0-6.0,5.0,127.0,road_node,,True,True
9012,581200.0,1993400.0,60074,0,0,1.5-2.0,1.75,44.45,road_node,,True,True
9013,584500.0,1993300.0,60074,0,0,1.5-2.0,1.75,44.45,road_node,,True,True
9014,668900.0,1917000.0,60647,0,0,4.0-6.0,5.0,127.0,road_node,,True,True
9015,602300.0,1997900.0,60089,0,0,1.5-2.0,1.75,44.45,road_node,,True,True
9016,684600.0,1925800.0,60613,0,0,4.0-6.0,5.0,127.0,road_node,,True,True
9017,607600.0,1993400.0,60090,0,0,2.0-3.0,2.5,63.5,road_node,,True,True
9018,609000.0,1993500.0,60090,0,0,2.0-3.0,2.5,63.5,road_node,,True,True
9019,615500.0,1993600.0,60090,0,0,2.0-3.0,2.5,63.5,road_node,,True,True
9020,613600.0,1998600.0,60090,0,0,2.0-3.0,2.5,63.5,road_node,,True,True
9021,685800.0,1925800.0,60613,0,0,4.0-6.0,5.0,127.0,road_node,,True,True
9022,687000.0,1925800.0,60613,0,0,4.0-6.0,5.0,127.0,road_node,,True,True
9023,687200.0,1924400.0,60613,0,0,4.0-6.0,5.0,127.0,road_node,,True,True
9024,648100.0,1902300.0,60302,0,0,8.0-10.0,9.0,228.6,road_node,,True,True
9025,642100.0,1998500.0,60035,0,0,2.0-3.0,2.5,63.5,road_node,,True,True
9026,645300.0,1997900.0,60022,0,0,2.0-3.0,2.5,63.5,road_node,,True,True
9027,644600.0,1998900.0,60022,0,0,2.0-3.0,2.5,63.5,road_node,,True,True
9028,646900.0,1993200.0,60022,0,0,2.0-3.0,2.5,63.5,road_node,,True,True
9029,648000.0,1992700.0,60022,0,0,2.0-3.0,2.5,63.5,road_node,,True,True
9030,648200.0,1992800.0,60022,0,0,2.0-3.0,2.5,63.5,road_node,,True,True
9031,648300.0,1993200.0,60022,0,0,2.0-3.0,2.5,63.5,road_node,,True,True
9032,612600.0,1908000.0,60163,0,0,2.0-3.0,2.5,63.5,road_node,,True,True
9033,612800.0,1908500.0,60164,0,0,2.0-3.0,2.5,63.5,road_node,,True,True
9034,652900.0,1993100.0,60022,0,0,2.0-3.0,2.5,63.5,road_node,,True,True
9035,650600.0,1998500.0,60022,0,0,3.0-4.0,3.5,88.9,road_node,,True,True
9036,653200.0,1998500.0,60022,0,0,,,,road_node,,True,False
9037,654800.0,1993700.0,60022,0,0,,,,road_node,,True,False
9039,656900.0,1990500.0,60022,0,0,,,,road_node,,True,False
9040,655100.0,1990500.0,60022,0,0,2.0-3.0,2.5,63.5,road_node,,True,True
9041,692800.0,1857800.0,60621,0,0,2.0-3.0,2.5,63.5,road_node,,True,True
9042,564700.0,1982900.0,60067,0,0,2.0-3.0,2.5,63.5,road_node,,True,True
9043,570100.0,1988200.0,60067,0,0,1.5-2.0,1.75,44.45,road_node,,True,True
9044,573200.0,1988100.0,60067,0,0,2.0-3.0,2.5,63.5,road_node,,True,True
9045,573200.0,1982800.0,60067,0,0,2.0-3.0,2.5,63.5,road_node,,True,True
9046,578500.0,1986800.0,60074,0,0,2.0-3.0,2.5,63.5,road_node,,True,True
9047,578500.0,1982800.0,60067,0,0,2.0-3.0,2.5,63.5,road_node,,True,True
9048,581200.0,1985900.0,60074,0,0,1.5-2.0,1.75,44.45,road_node,,True,True
9049,581200.0,1982800.0,60074,0,0,2.0-3.0,2.5,63.5,road_node,,True,True
9050,583800.0,1982700.0,60074,0,0,2.0-3.0,2.5,63.5,road_node,,True,True
9051,557400.0,1977700.0,60195,0,0,2.0-3.0,2.5,63.5,road_node,,True,True
9052,648100.0,1899800.0,60304,0,0,6.0-8.0,7.0,177.8,road_node,,True,True
9053,595800.0,1988100.0,60004,0,0,2.0-3.0,2.5,63.5,road_node,,True,True
9054,595800.0,1982900.0,60004,0,0,2.0-3.0,2.5,63.5,road_node,,True,True
9055,596700.0,1982800.0,60004,0,0,2.0-3.0,2.5,63.5,road_node,,True,True
9056,604900.0,1988100.0,60090,0,0,2.0-3.0,2.5,63.5,road_node,,True,True
9057,607600.0,1988100.0,60090,0,0,2.0-3.0,2.5,63.5,road_node,,True,True
9058,605000.0,1982800.0,60070,0,0,2.0-3.0,2.5,63.5,road_node,,True,True
9059,615400.0,1988000.0,60090,0,0,2.0-3.0,2.5,63.5,road_node,,True,True
9060,620100.0,1982700.0,60070,0,0,1.5-2.0,1.75,44.45,road_node,,True,True
9061,636700.0,1981300.0,60026,0,0,1.5-2.0,1.75,44.45,road_node,,True,True
9062,636800.0,1989300.0,60062,0,0,2.0-3.0,2.5,63.5,road_node,,True,True
9063,640300.0,1989300.0,60062,0,0,2.0-3.0,2.5,63.5,road_node,,True,True
9064,647400.0,1981300.0,60093,0,0,2.0-3.0,2.5,63.5,road_node,,True,True
9065,647400.0,1987900.0,60022,0,0,2.0-3.0,2.5,63.5,road_node,,True,True
9066,650800.0,1985800.0,60093,0,0,2.0-3.0,2.5,63.5,road_node,,True,True
9067,650400.0,1985300.0,60093,0,0,2.0-3.0,2.5,63.5,road_node,,True,True
9068,650500.0,1985700.0,60093,0,0,2.0-3.0,2.5,63.5,road_node,,True,True
9069,653600.0,1985400.0,60093,0,0,2.0-3.0,2.5,63.5,road_node,,True,True
9070,657700.0,1985200.0,60093,0,0,2.0-3.0,2.5,63.5,road_node,,True,True
9071,657800.0,1982600.0,60093,0,0,2.0-3.0,2.5,63.5,road_node,,True,True
9072,660100.0,1985200.0,60093,0,0,,,,road_node,,True,False
9073,661300.0,1982500.0,60093,0,0,,,,road_node,,True,False
9077,557400.0,1975900.0,60195,0,0,2.0-3.0,2.5,63.5,road_node,,True,True
9078,581200.0,1974900.0,60008,0,0,2.0-3.0,2.5,63.5,road_node,,True,True
9079,583100.0,1974900.0,60008,0,0,2.0-3.0,2.5,63.5,road_node,,True,True
9080,589200.0,1974900.0,60008,0,0,2.0-3.0,2.5,63.5,road_node,,True,True
9081,595800.0,1974900.0,60004,0,0,2.0-3.0,2.5,63.5,road_node,,True,True
9082,595800.0,1972900.0,60005,0,0,2.0-3.0,2.5,63.5,road_node,,True,True
9083,605000.0,1977500.0,60070,0,0,2.0-3.0,2.5,63.5,road_node,,True,True
9084,605400.0,1974800.0,60070,0,0,2.0-3.0,2.5,63.5,road_node,,True,True
9085,607700.0,1977500.0,60070,0,0,2.0-3.0,2.5,63.5,road_node,,True,True
9086,607900.0,1972200.0,60056,0,0,2.0-3.0,2.5,63.5,road_node,,True,True
9087,615400.0,1977400.0,60070,0,0,2.0-3.0,2.5,63.5,road_node,,True,True
9088,615500.0,1974800.0,60070,0,0,2.0-3.0,2.5,63.5,road_node,,True,True
9089,619600.0,1972200.0,60016,0,0,2.0-3.0,2.5,63.5,road_node,,True,True
9090,619800.0,1974800.0,60070,0,0,2.0-3.0,2.5,63.5,road_node,,True,True
9091,620900.0,1981000.0,60070,0,0,1.5-2.0,1.75,44.45,road_node,,True,True
9092,622100.0,1979600.0,60070,0,0,1.5-2.0,1.75,44.45,road_node,,True,True
9093,624400.0,1979200.0,60026,0,0,1.5-2.0,1.75,44.45,road_node,,True,True
9094,624900.0,1975700.0,60026,0,0,1.5-2.0,1.75,44.45,road_node,,True,True
9095,628800.0,1974800.0,60026,0,0,1.5-2.0,1.75,44.45,road_node,,True,True
9096,631500.0,1974700.0,60026,0,0,1.5-2.0,1.75,44.45,road_node,,True,True
9097,634100.0,1974700.0,60026,0,0,1.5-2.0,1.75,44.45,road_node,,True,True
9098,645300.0,1977400.0,60025,0,0,2.0-3.0,2.5,63.5,road_node,,True,True
9099,650000.0,1977400.0,60093,0,0,2.0-3.0,2.5,63.5,road_node,,True,True
9100,652600.0,1980000.0,60093,0,0,2.0-3.0,2.5,63.5,road_node,,True,True
9101,653400.0,1980500.0,60093,0,0,2.0-3.0,2.5,63.5,road_node,,True,True
9102,653500.0,1979700.0,60093,0,0,2.0-3.0,2.5,63.5,road_node,,True,True
9103,653900.0,1977400.0,60093,0,0,2.0-3.0,2.5,63.5,road_node,,True,True
9104,656400.0,1980000.0,60093,0,0,2.0-3.0,2.5,63.5,road_node,,True,True
9105,657800.0,1980000.0,60093,0,0,2.0-3.0,2.5,63.5,road_node,,True,True
9106,657800.0,1977300.0,60093,0,0,2.0-3.0,2.5,63.5,road_node,,True,True
9107,660400.0,1977300.0,60093,0,0,2.0-3.0,2.5,63.5,road_node,,True,True
9108,663700.0,1979900.0,60043,0,0,,,,road_node,,True,False
9109,655700.0,1972600.0,60093,0,0,2.0-3.0,2.5,63.5,road_node,,True,True
9110,669200.0,1976900.0,60043,0,0,,,,road_node,,True,False
9111,590100.0,1969000.0,60005,0,0,2.0-3.0,2.5,63.5,road_node,,True,True
9112,601300.0,1966900.0,60005,0,0,2.0-3.0,2.5,63.5,road_node,,True,True
9113,606200.0,1966900.0,60056,0,0,2.0-3.0,2.5,63.5,road_node,,True,True
9114,607800.0,1965800.0,60056,0,0,2.0-3.0,2.5,63.5,road_node,,True,True
9115,607800.0,1966900.0,60056,0,0,2.0-3.0,2.5,63.5,road_node,,True,True
9116,612000.0,1967000.0,60056,0,0,2.0-3.0,2.5,63.5,road_node,,True,True
9117,615600.0,1966900.0,60056,0,0,2.0-3.0,2.5,63.5,road_node,,True,True
9118,619900.0,1966900.0,60016,0,0,2.0-3.0,2.5,63.5,road_node,,True,True
9119,626000.0,1966800.0,60016,0,0,1.5-2.0,1.75,44.45,road_node,,True,True
9120,629600.0,1969400.0,60026,0,0,1.5-2.0,1.75,44.45,road_node,,True,True
9121,631600.0,1966800.0,60025,0,0,1.5-2.0,1.75,44.45,road_node,,True,True
9122,634100.0,1966800.0,60025,0,0,2.0-3.0,2.5,63.5,road_node,,True,True
9123,640300.0,1966800.0,60025,0,0,2.0-3.0,2.5,63.5,road_node,,True,True
9124,643200.0,1966800.0,60025,0,0,2.0-3.0,2.5,63.5,road_node,,True,True
9125,645200.0,1969400.0,60025,0,0,2.0-3.0,2.5,63.5,road_node,,True,True
9126,647400.0,1972100.0,60029,0,0,2.0-3.0,2.5,63.5,road_node,,True,True
9127,650000.0,1972100.0,60029,0,0,2.0-3.0,2.5,63.5,road_node,,True,True
9128,652500.0,1972100.0,60029,0,0,2.0-3.0,2.5,63.5,road_node,,True,True
9129,655700.0,1975100.0,60093,0,0,2.0-3.0,2.5,63.5,road_node,,True,True
9130,655900.0,1975200.0,60093,0,0,2.0-3.0,2.5,63.5,road_node,,True,True
9131,656200.0,1974100.0,60093,0,0,2.0-3.0,2.5,63.5,road_node,,True,True
9132,657800.0,1974000.0,60091,0,0,2.0-3.0,2.5,63.5,road_node,,True,True
9133,656000.0,1971800.0,60091,0,0,2.0-3.0,2.5,63.5,road_node,,True,True
9134,657100.0,1972100.0,60091,0,0,2.0-3.0,2.5,63.5,road_node,,True,True
9135,657800.0,1972100.0,60091,0,0,2.0-3.0,2.5,63.5,road_node,,True,True
9136,657800.0,1970900.0,60091,0,0,2.0-3.0,2.5,63.5,road_node,,True,True
9137,658500.0,1969400.0,60091,0,0,2.0-3.0,2.5,63.5,road_node,,True,True
9138,657800.0,1968100.0,60091,0,0,3.0-4.0,3.5,88.9,road_node,,True,True
9139,660400.0,1972000.0,60091,0,0,3.0-4.0,3.5,88.9,road_node,,True,True
9140,660400.0,1974600.0,60091,0,0,3.0-4.0,3.5,88.9,road_node,,True,True
9141,665700.0,1972000.0,60091,0,0,3.0-4.0,3.5,88.9,road_node,,True,True
9142,663000.0,1969400.0,60091,0,0,3.0-4.0,3.5,88.9,road_node,,True,True
9143,667000.0,1969700.0,60091,0,0,4.0-6.0,5.0,127.0,road_node,,True,True
9144,668800.0,1969900.0,60091,0,0,3.0-4.0,3.5,88.9,road_node,,True,True
9145,669600.0,1970600.0,60043,0,0,3.0-4.0,3.5,88.9,road_node,,True,True
9146,668800.0,1972000.0,60043,0,0,3.0-4.0,3.5,88.9,road_node,,True,True
9147,667400.0,1974700.0,60043,0,0,3.0-4.0,3.5,88.9,road_node,,True,True
9149,551300.0,1965500.0,60169,0,0,1.0-1.5,1.25,31.75,road_node,,True,True
9150,556200.0,1867800.0,60532,0,0,1.0-1.5,1.25,31.75,road_node,,True,True
9151,612100.0,1892500.0,60162,0,0,2.0-3.0,2.5,63.5,road_node,,True,True
9152,549000.0,1858300.0,60540,0,0,0.5-1.0,0.75,19.05,road_node,,True,True
9155,709444.0,1858270.0,60649,0,0,4.0-6.0,5.0,127.0,road_node,,True,True
9156,473008.0,1989800.0,60142,0,0,1.5-2.0,1.75,44.45,road_node,,True,True
9157,501100.0,1867600.0,60542,0,0,0.5-1.0,0.75,19.05,road_node,,True,True
9158,502100.0,1867200.0,60542,0,0,0.5-1.0,0.75,19.05,road_node,,True,True
9159,503200.0,1867200.0,60542,0,0,0.5-1.0,0.75,19.05,road_node,,True,True
9160,503700.0,1867800.0,60542,0,0,0.5-1.0,0.75,19.05,road_node,,True,True
9164,499400.0,1850300.0,60506,0,0,1.0-1.5,1.25,31.75,road_node,,True,True
9165,497400.0,1844000.0,60538,0,0,0.5-1.0,0.75,19.05,road_node,,True,True
9166,507500.0,1910600.0,60174,0,0,0.5-1.0,0.75,19.05,road_node,,True,True
9167,506600.0,1910500.0,60174,0,0,0.5-1.0,0.75,19.05,road_node,,True,True
9168,505600.0,1910300.0,60174,0,0,0.5-1.0,0.75,19.05,road_node,,True,True
9169,505000.0,1910000.0,60174,0,0,0.5-1.0,0.75,19.05,road_node,,True,True
9170,504600.0,1910000.0,60174,0,0,0.5-1.0,0.75,19.05,road_node,,True,True
9171,505400.0,1911100.0,60174,0,0,0.5-1.0,0.75,19.05,road_node,,True,True
9172,507200.0,1908800.0,60174,0,0,0.5-1.0,0.75,19.05,road_node,,True,True
9183,635300.0,1952100.0,60068,0,0,2.0-3.0,2.5,63.5,road_node,,True,True
9184,635300.0,1957500.0,60714,0,0,2.0-3.0,2.5,63.5,road_node,,True,True
9190,658100.0,1958000.0,60077,0,0,4.0-6.0,5.0,127.0,road_node,,True,True
9191,658100.0,1960100.0,60077,0,0,4.0-6.0,5.0,127.0,road_node,,True,True
9194,677200.0,1950400.0,60202,0,0,4.0-6.0,5.0,127.0,road_node,,True,True
9195,677200.0,1952800.0,60202,0,0,4.0-6.0,5.0,127.0,road_node,,True,True
9203,645000.0,1875100.0,60534,0,0,6.0-8.0,7.0,177.8,road_node,,True,True
9204,616900.0,1862300.0,60525,0,0,3.0-4.0,3.5,88.9,road_node,,True,True
9205,619000.0,1861300.0,60525,0,0,3.0-4.0,3.5,88.9,road_node,,True,True
9206,633500.0,1874800.0,60513,0,0,4.0-6.0,5.0,127.0,road_node,,True,True
9207,631500.0,1874800.0,60513,0,0,4.0-6.0,5.0,127.0,road_node,,True,True
9208,629200.0,1874800.0,60513,0,0,4.0-6.0,5.0,127.0,road_node,,True,True
9209,636200.0,1880300.0,60513,0,0,4.0-6.0,5.0,127.0,road_node,,True,True
9210,633400.0,1877900.0,60513,0,0,4.0-6.0,5.0,127.0,road_node,,True,True
9211,631400.0,1877500.0,60513,0,0,4.0-6.0,5.0,127.0,road_node,,True,True
9212,617000.0,1911500.0,60164,0,0,2.0-3.0,2.5,63.5,road_node,,True,True
9213,618400.0,1914200.0,60164,0,0,3.0-4.0,3.5,88.9,road_node,,True,True
9214,618800.0,1911500.0,60164,0,0,2.0-3.0,2.5,63.5,road_node,,True,True
9215,622300.0,1911700.0,60165,0,0,2.0-3.0,2.5,63.5,road_node,,True,True
9216,619500.0,1909100.0,60165,0,0,2.0-3.0,2.5,63.5,road_node,,True,True
9217,692300.0,1814400.0,60827,0,0,2.0-3.0,2.5,63.5,road_node,,True,True
9218,692300.0,1809600.0,60827,0,0,3.0-4.0,3.5,88.9,road_node,,True,True
9219,647600.0,1875100.0,60402,0,0,6.0-8.0,7.0,177.8,road_node,,True,True
9220,646400.0,1856400.0,60455,0,0,4.0-6.0,5.0,127.0,road_node,,True,True
9221,646400.0,1855100.0,60455,0,0,4.0-6.0,5.0,127.0,road_node,,True,True
9222,646400.0,1851200.0,60455,0,0,4.0-6.0,5.0,127.0,road_node,,True,True
9223,661400.0,1855400.0,60652,0,0,3.0-4.0,3.5,88.9,road_node,,True,True
9224,594400.0,1998600.0,60089,0,0,1.0-1.5,1.25,31.75,road_node,,True,True
9225,600800.0,1998600.0,60089,0,0,1.5-2.0,1.75,44.45,road_node,,True,True
9226,601600.0,1999100.0,60089,0,0,1.5-2.0,1.75,44.45,road_node,,True,True
9227,602400.0,1999100.0,60089,0,0,1.5-2.0,1.75,44.45,road_node,,True,True
9228,613100.0,1998000.0,60090,0,0,2.0-3.0,2.5,63.5,road_node,,True,True
9229,692800.0,1902700.0,60601,0,0,4.0-6.0,5.0,127.0,road_node,,True,True
9230,694000.0,1902700.0,60601,0,0,4.0-6.0,5.0,127.0,road_node,,True,True
9231,695700.0,1903000.0,60611,0,0,4.0-6.0,5.0,127.0,road_node,,True,True
9232,692300.0,1892200.0,60616,0,0,4.0-6.0,5.0,127.0,road_node,,True,True
9233,692800.0,1892200.0,60616,0,0,4.0-6.0,5.0,127.0,road_node,,True,True
9234,693200.0,1892200.0,60616,0,0,4.0-6.0,5.0,127.0,road_node,,True,True
9235,693600.0,1892200.0,60616,0,0,4.0-6.0,5.0,127.0,road_node,,True,True
9236,692700.0,1893900.0,60605,0,0,4.0-6.0,5.0,127.0,road_node,,True,True
9237,693600.0,1893900.0,60605,0,0,4.0-6.0,5.0,127.0,road_node,,True,True
9238,693600.0,1895100.0,60605,0,0,4.0-6.0,5.0,127.0,road_node,,True,True
9239,599800.0,2005200.0,60089,0,0,1.0-1.5,1.25,31.75,road_node,,True,True
9240,599800.0,2009200.0,60089,0,0,1.0-1.5,1.25,31.75,road_node,,True,True
9241,598507.0,2014577.0,60089,0,0,1.0-1.5,1.25,31.75,road_node,,True,True
9242,611000.0,2005200.0,60069,0,0,1.5-2.0,1.75,44.45,road_node,,True,True
9245,600393.0,2017200.0,60069,0,0,,,,road_node,,True,False
9246,533200.0,1882500.0,60555,0,0,0.5-1.0,0.75,19.05,road_node,,True,True
9247,549400.0,1921000.0,60188,0,0,1.5-2.0,1.75,44.45,road_node,,True,True
9248,549400.0,1917100.0,60188,0,0,1.5-2.0,1.75,44.45,road_node,,True,True
9257,648100.0,1899100.0,60304,0,0,6.0-8.0,7.0,177.8,road_node,,True,True
9320,526800.0,2018500.0,60013,0,0,0.5-1.0,0.75,19.05,road_node,,True,True
9321,533600.0,2018600.0,60021,0,0,0.5-1.0,0.75,19.05,road_node,,True,True
9324,533500.0,2012900.0,60021,0,0,1.0-1.5,1.25,31.75,road_node,,True,True
9325,694099.0,1895094.0,60605,0,0,4.0-6.0,5.0,127.0,road_node,,True,True
9326,693100.0,1896700.0,60605,0,0,4.0-6.0,5.0,127.0,road_node,,True,True
9327,692600.0,1896700.0,60605,0,0,4.0-6.0,5.0,127.0,road_node,,True,True
9328,692200.0,1896700.0,60605,0,0,4.0-6.0,5.0,127.0,road_node,,True,True
9329,692200.0,1896800.0,60605,0,0,4.0-6.0,5.0,127.0,road_node,,True,True
9330,688500.0,1896800.0,60607,0,0,4.0-6.0,5.0,127.0,road_node,,True,True
9332,692800.0,1903200.0,60611,0,0,4.0-6.0,5.0,127.0,road_node,,True,True
9333,692300.0,1903200.0,60611,0,0,4.0-6.0,5.0,127.0,road_node,,True,True
9334,691900.0,1903200.0,60654,0,0,4.0-6.0,5.0,127.0,road_node,,True,True
9335,691500.0,1903200.0,60654,0,0,4.0-6.0,5.0,127.0,road_node,,True,True
9336,691100.0,1903200.0,60654,0,0,4.0-6.0,5.0,127.0,road_node,,True,True
9337,690700.0,1903200.0,60654,0,0,4.0-6.0,5.0,127.0,road_node,,True,True
9338,690300.0,1903200.0,60654,0,0,4.0-6.0,5.0,127.0,road_node,,True,True
9339,689500.0,1903200.0,60654,0,0,4.0-6.0,5.0,127.0,road_node,,True,True
9340,688500.0,1902100.0,60661,0,0,4.0-6.0,5.0,127.0,road_node,,True,True
9341,686500.0,1900700.0,60607,0,0,4.0-6.0,5.0,127.0,road_node,,True,True
9342,686500.0,1901100.0,60607,0,0,4.0-6.0,5.0,127.0,road_node,,True,True
9343,686000.0,1899700.0,60607,0,0,4.0-6.0,5.0,127.0,road_node,,True,True
9344,686000.0,1900200.0,60607,0,0,4.0-6.0,5.0,127.0,road_node,,True,True
9345,691400.0,1896800.0,60605,0,0,4.0-6.0,5.0,127.0,road_node,,True,True
9347,581500.0,1996800.0,60074,0,0,1.0-1.5,1.25,31.75,road_node,,True,True
9348,595800.0,1993300.0,60004,0,0,1.5-2.0,1.75,44.45,road_node,,True,True
9349,601600.0,1993300.0,60089,0,0,2.0-3.0,2.5,63.5,road_node,,True,True
9350,507500.0,1968100.0,60123,0,0,1.0-1.5,1.25,31.75,road_node,,True,True
9351,507300.0,1968200.0,60123,0,0,1.0-1.5,1.25,31.75,road_node,,True,True
9352,507200.0,1968000.0,60123,0,0,1.0-1.5,1.25,31.75,road_node,,True,True
9353,507500.0,1967900.0,60123,0,0,1.0-1.5,1.25,31.75,road_node,,True,True
9374,458300.0,1806500.0,60560,0,0,,,,road_node,,True,False
9380,458800.0,1776700.0,60541,0,0,,,,road_node,,True,False
9386,467900.0,1818200.0,60512,0,0,1.5-2.0,1.75,44.45,road_node,,True,True
9387,473700.0,1817800.0,60512,0,0,1.5-2.0,1.75,44.45,road_node,,True,True
9388,469200.0,1813600.0,60560,0,0,1.0-1.5,1.25,31.75,road_node,,True,True
9389,462000.0,1801300.0,60560,0,0,0.5-1.0,0.75,19.05,road_node,,True,True
9390,480100.0,1788000.0,60560,0,0,0.5-1.0,0.75,19.05,road_node,,True,True
9391,494600.0,1788500.0,60560,0,0,0.5-1.0,0.75,19.05,road_node,,True,True
9392,472400.0,1777200.0,60560,0,0,0.5-1.0,0.75,19.05,road_node,,True,True
9393,459300.0,1750400.0,60541,0,0,,,,road_node,,True,False
9394,472700.0,1750800.0,60541,0,0,1.0-1.5,1.25,31.75,road_node,,True,True
9395,485700.0,1772300.0,60447,0,0,1.0-1.5,1.25,31.75,road_node,,True,True
9396,485700.0,1771400.0,60447,0,0,1.0-1.5,1.25,31.75,road_node,,True,True
9397,485800.0,1764300.0,60447,0,0,1.0-1.5,1.25,31.75,road_node,,True,True
9398,485900.0,1751200.0,60447,0,0,2.0-3.0,2.5,63.5,road_node,,True,True
9399,514900.0,1815200.0,60543,0,0,0.5-1.0,0.75,19.05,road_node,,True,True
9400,505300.0,1783500.0,60586,0,0,0.5-1.0,0.75,19.05,road_node,,True,True
9401,501400.0,1780000.0,60447,0,0,1.0-1.5,1.25,31.75,road_node,,True,True
9402,500700.0,1764800.0,60447,0,0,0.5-1.0,0.75,19.05,road_node,,True,True
9403,500700.0,1759400.0,60447,0,0,1.0-1.5,1.25,31.75,road_node,,True,True
9404,509500.0,1759600.0,60447,0,0,1.0-1.5,1.25,31.75,road_node,,True,True
9405,508600.0,1765000.0,60447,0,0,1.0-1.5,1.25,31.75,road_node,,True,True
9408,432900.0,1734200.0,60541,0,0,,,,road_node,,True,False
9409,462800.0,1734500.0,60450,0,0,,,,road_node,,True,False
9415,466300.0,1729300.0,60450,0,0,2.0-3.0,2.5,63.5,road_node,,True,True
9453,475400.0,1740200.0,60450,0,0,2.0-3.0,2.5,63.5,road_node,,True,True
9454,480600.0,1740400.0,60447,0,0,3.0-4.0,3.5,88.9,road_node,,True,True
9455,491300.0,1740700.0,60447,0,0,1.5-2.0,1.75,44.45,road_node,,True,True
9456,475400.0,1734900.0,60450,0,0,2.0-3.0,2.5,63.5,road_node,,True,True
9457,475500.0,1729600.0,60450,0,0,2.0-3.0,2.5,63.5,road_node,,True,True
9458,491300.0,1732600.0,60447,0,0,1.0-1.5,1.25,31.75,road_node,,True,True
9459,480800.0,1724400.0,60450,0,0,1.0-1.5,1.25,31.75,road_node,,True,True
9460,490400.0,1731800.0,60450,0,0,1.5-2.0,1.75,44.45,road_node,,True,True
9461,490400.0,1731000.0,60450,0,0,1.5-2.0,1.75,44.45,road_node,,True,True
9462,491400.0,1730000.0,60450,0,0,1.0-1.5,1.25,31.75,road_node,,True,True
9463,472000.0,1718900.0,60450,0,0,,,,road_node,,True,False
9468,475600.0,1720600.0,60450,0,0,,,,road_node,,True,False
9469,476500.0,1720500.0,60450,0,0,,,,road_node,,True,False
9470,476700.0,1720100.0,60450,0,0,,,,road_node,,True,False
9473,480900.0,1722400.0,60450,0,0,,,,road_node,,True,False
9474,480900.0,1712400.0,60450,0,0,,,,road_node,,True,False
9475,491500.0,1722900.0,60450,0,0,0.5-1.0,0.75,19.05,road_node,,True,True
9476,480400.0,1711200.0,60450,0,0,,,,road_node,,True,False
9527,494400.0,1740700.0,60447,0,0,2.0-3.0,2.5,63.5,road_node,,True,True
9528,495800.0,1740800.0,60447,0,0,2.0-3.0,2.5,63.5,road_node,,True,True
9529,501100.0,1743500.0,60447,0,0,3.0-4.0,3.5,88.9,road_node,,True,True
9530,504900.0,1743600.0,60447,0,0,4.0-6.0,5.0,127.0,road_node,,True,True
9531,507000.0,1743700.0,60447,0,0,4.0-6.0,5.0,127.0,road_node,,True,True
9532,511700.0,1743800.0,60447,0,0,4.0-6.0,5.0,127.0,road_node,,True,True
9533,516989.0,1743990.0,60447,0,0,0.5-1.0,0.75,19.05,road_node,,True,True
9534,517100.0,1741300.0,60410,0,0,0.5-1.0,0.75,19.05,road_node,,True,True
9535,519800.0,1741400.0,60410,0,0,0.5-1.0,0.75,19.05,road_node,,True,True
9536,516100.0,1746600.0,60447,0,0,2.0-3.0,2.5,63.5,road_node,,True,True
9537,516097.0,1746300.0,60447,0,0,2.0-3.0,2.5,63.5,road_node,,True,True
9538,494500.0,1734600.0,60447,0,0,1.5-2.0,1.75,44.45,road_node,,True,True
9539,494600.0,1733000.0,60447,0,0,1.0-1.5,1.25,31.75,road_node,,True,True
9540,501200.0,1732900.0,60447,0,0,1.0-1.5,1.25,31.75,road_node,,True,True
9541,501200.0,1732100.0,60447,0,0,1.0-1.5,1.25,31.75,road_node,,True,True
9542,504200.0,1730300.0,60447,0,0,1.0-1.5,1.25,31.75,road_node,,True,True
9543,511900.0,1738500.0,60447,0,0,0.5-1.0,0.75,19.05,road_node,,True,True
9544,517200.0,1738700.0,60410,0,0,0.5-1.0,0.75,19.05,road_node,,True,True
9545,512100.0,1730600.0,60410,0,0,0.5-1.0,0.75,19.05,road_node,,True,True
9546,517400.0,1730800.0,60410,0,0,0.5-1.0,0.75,19.05,road_node,,True,True
9547,500800.0,1722300.0,60450,0,0,1.0-1.5,1.25,31.75,road_node,,True,True
9618,678100.0,1961900.0,60201,0,0,,,,road_node,,True,False
9619,623900.0,1966800.0,60016,0,0,2.0-3.0,2.5,63.5,road_node,,True,True
9620,621800.0,1962600.0,60016,0,0,2.0-3.0,2.5,63.5,road_node,,True,True
9621,625000.0,1954100.0,60016,0,0,2.0-3.0,2.5,63.5,road_node,,True,True
9622,637000.0,1952200.0,60714,0,0,2.0-3.0,2.5,63.5,road_node,,True,True
9623,633900.0,1946900.0,60068,0,0,3.0-4.0,3.5,88.9,road_node,,True,True
9624,653100.0,1867900.0,60638,0,0,6.0-8.0,7.0,177.8,road_node,,True,True
9625,653100.0,1867400.0,60638,0,0,6.0-8.0,7.0,177.8,road_node,,True,True
9626,653100.0,1862100.0,60638,0,0,4.0-6.0,5.0,127.0,road_node,,True,True
9627,653100.0,1859800.0,60638,0,0,4.0-6.0,5.0,127.0,road_node,,True,True
9628,680200.0,1939800.0,60660,0,0,4.0-6.0,5.0,127.0,road_node,,True,True
9629,682300.0,1937700.0,60660,0,0,4.0-6.0,5.0,127.0,road_node,,True,True
9630,679900.0,1914500.0,60614,0,0,4.0-6.0,5.0,127.0,road_node,,True,True
9631,681000.0,1914500.0,60614,0,0,4.0-6.0,5.0,127.0,road_node,,True,True
9632,682100.0,1914500.0,60614,0,0,4.0-6.0,5.0,127.0,road_node,,True,True
9633,688500.0,1910900.0,60610,0,0,4.0-6.0,5.0,127.0,road_node,,True,True
9634,661300.0,1904800.0,60624,0,0,6.0-8.0,7.0,177.8,road_node,,True,True
9635,662100.0,1901500.0,60624,0,0,6.0-8.0,7.0,177.8,road_node,,True,True
9636,717200.0,1798100.0,60409,0,0,3.0-4.0,3.5,88.9,road_node,,True,True
9637,719800.0,1798100.0,60409,0,0,3.0-4.0,3.5,88.9,road_node,,True,True
9638,693900.0,1786100.0,60476,0,0,2.0-3.0,2.5,63.5,road_node,,True,True
9639,690800.0,1787100.0,60476,0,0,2.0-3.0,2.5,63.5,road_node,,True,True
9640,685500.0,1787100.0,60430,0,0,2.0-3.0,2.5,63.5,road_node,,True,True
9641,688000.0,1787100.0,60430,0,0,2.0-3.0,2.5,63.5,road_node,,True,True
9642,699200.0,1809400.0,60419,0,0,3.0-4.0,3.5,88.9,road_node,,True,True
9643,687700.0,1863700.0,60621,0,0,3.0-4.0,3.5,88.9,road_node,,True,True
9644,688300.0,1862900.0,60621,0,0,3.0-4.0,3.5,88.9,road_node,,True,True
9645,686400.0,1862900.0,60621,0,0,3.0-4.0,3.5,88.9,road_node,,True,True
9646,687800.0,1861300.0,60621,0,0,3.0-4.0,3.5,88.9,road_node,,True,True
9647,701200.0,1858000.0,60619,0,0,3.0-4.0,3.5,88.9,road_node,,True,True
9648,578000.0,1958300.0,60173,0,0,2.0-3.0,2.5,63.5,road_node,,True,True
9649,568700.0,1948900.0,60193,0,0,1.5-2.0,1.75,44.45,road_node,,True,True
9650,574000.0,1948900.0,60193,0,0,2.0-3.0,2.5,63.5,road_node,,True,True
9651,541600.0,1973800.0,60192,0,0,1.0-1.5,1.25,31.75,road_node,,True,True
9652,662700.0,1793200.0,60452,0,0,2.0-3.0,2.5,63.5,road_node,,True,True
9653,660500.0,1787500.0,60478,0,0,2.0-3.0,2.5,63.5,road_node,,True,True
9654,658200.0,1786100.0,60478,0,0,1.5-2.0,1.75,44.45,road_node,,True,True
9655,652500.0,1803600.0,60452,0,0,2.0-3.0,2.5,63.5,road_node,,True,True
9656,652500.0,1801100.0,60452,0,0,2.0-3.0,2.5,63.5,road_node,,True,True
9657,652500.0,1798300.0,60452,0,0,2.0-3.0,2.5,63.5,road_node,,True,True
9658,650300.0,1776300.0,60477,0,0,1.0-1.5,1.25,31.75,road_node,,True,True
9659,677000.0,1762000.0,60461,0,0,2.0-3.0,2.5,63.5,road_node,,True,True
9660,672500.0,1760950.0,60461,0,0,2.0-3.0,2.5,63.5,road_node,,True,True
9661,643300.0,1835100.0,60465,0,0,3.0-4.0,3.5,88.9,road_node,,True,True
9664,589800.0,1984000.0,60004,0,0,2.0-3.0,2.5,63.5,road_node,,True,True
9665,559400.0,1985600.0,60067,0,0,2.0-3.0,2.5,63.5,road_node,,True,True
9666,557400.0,1982900.0,60067,0,0,2.0-3.0,2.5,63.5,road_node,,True,True
9667,559100.0,1982900.0,60067,0,0,2.0-3.0,2.5,63.5,road_node,,True,True
9668,563400.0,1960300.0,60169,0,0,1.0-1.5,1.25,31.75,road_node,,True,True
9669,562200.0,1944300.0,60193,0,0,1.5-2.0,1.75,44.45,road_node,,True,True
9670,546200.0,1956800.0,60107,0,0,0.5-1.0,0.75,19.05,road_node,,True,True
9671,610300.0,1972200.0,60056,0,0,2.0-3.0,2.5,63.5,road_node,,True,True
9672,622400.0,1995200.0,60015,0,0,2.0-3.0,2.5,63.5,road_node,,True,True
9673,628000.0,1996200.0,60062,0,0,2.0-3.0,2.5,63.5,road_node,,True,True
9674,631500.0,1995900.0,60062,0,0,2.0-3.0,2.5,63.5,road_node,,True,True
9675,626600.0,1997200.0,60015,0,0,2.0-3.0,2.5,63.5,road_node,,True,True
9677,639600.0,1792500.0,60487,0,0,1.5-2.0,1.75,44.45,road_node,,True,True
9679,543600.0,1940900.0,60107,0,0,1.0-1.5,1.25,31.75,road_node,,True,True
9680,543600.0,1938100.0,60133,0,0,1.0-1.5,1.25,31.75,road_node,,True,True
9681,544900.0,1938000.0,60133,0,0,1.0-1.5,1.25,31.75,road_node,,True,True
9682,535600.0,1907400.0,60185,0,0,1.0-1.5,1.25,31.75,road_node,,True,True
9683,537300.0,1920400.0,60103,0,0,1.0-1.5,1.25,31.75,road_node,,True,True
9684,537300.0,1922300.0,60103,0,0,1.0-1.5,1.25,31.75,road_node,,True,True
9685,537400.0,1924800.0,60103,0,0,1.0-1.5,1.25,31.75,road_node,,True,True
9686,543600.0,1932700.0,60133,0,0,1.0-1.5,1.25,31.75,road_node,,True,True
9692,528000.0,2022500.0,60013,0,0,,,,road_node,,True,False
9705,569300.0,2019700.0,60047,0,0,,,,road_node,,True,False
9706,570700.0,2014600.0,60047,0,0,1.0-1.5,1.25,31.75,road_node,,True,True
9707,567900.0,2014600.0,60047,0,0,1.0-1.5,1.25,31.75,road_node,,True,True
9708,567900.0,2010900.0,60047,0,0,1.0-1.5,1.25,31.75,road_node,,True,True
9709,572000.0,2001400.0,60074,0,0,1.0-1.5,1.25,31.75,road_node,,True,True
9710,571600.0,1998600.0,60074,0,0,1.5-2.0,1.75,44.45,road_node,,True,True
9711,570700.0,2010900.0,60047,0,0,1.0-1.5,1.25,31.75,road_node,,True,True
9712,574600.0,2011300.0,60047,0,0,1.0-1.5,1.25,31.75,road_node,,True,True
9713,570500.0,2009500.0,60047,0,0,1.0-1.5,1.25,31.75,road_node,,True,True
9714,574600.0,2008500.0,60047,0,0,1.0-1.5,1.25,31.75,road_node,,True,True
9715,567600.0,2019500.0,60047,0,0,,,,road_node,,True,False
9716,568100.0,2009700.0,60047,0,0,1.0-1.5,1.25,31.75,road_node,,True,True
9717,566700.0,2009500.0,60047,0,0,1.0-1.5,1.25,31.75,road_node,,True,True
9720,608100.0,2020300.0,60069,0,0,,,,road_node,,True,False
9727,604000.0,2017200.0,60069,0,0,,,,road_node,,True,False
9728,604000.0,2014200.0,60069,0,0,1.0-1.5,1.25,31.75,road_node,,True,True
9729,602900.0,2000900.0,60089,0,0,1.5-2.0,1.75,44.45,road_node,,True,True
9730,600200.0,2000700.0,60089,0,0,1.5-2.0,1.75,44.45,road_node,,True,True
9731,590400.0,2001300.0,60089,0,0,1.0-1.5,1.25,31.75,road_node,,True,True
9732,590600.0,2006700.0,60089,0,0,1.0-1.5,1.25,31.75,road_node,,True,True
9733,593100.0,2008300.0,60089,0,0,1.0-1.5,1.25,31.75,road_node,,True,True
9734,590900.0,2007900.0,60089,0,0,1.0-1.5,1.25,31.75,road_node,,True,True
9735,588700.0,2006700.0,60089,0,0,1.0-1.5,1.25,31.75,road_node,,True,True
9736,638500.0,2015700.0,60040,0,0,2.0-3.0,2.5,63.5,road_node,,True,True
9737,633900.0,2001000.0,60015,0,0,2.0-3.0,2.5,63.5,road_node,,True,True
9748,517800.0,1986700.0,60110,0,0,1.5-2.0,1.75,44.45,road_node,,True,True
9749,517800.0,1985200.0,60110,0,0,1.5-2.0,1.75,44.45,road_node,,True,True
9750,511600.0,1983000.0,60118,0,0,1.5-2.0,1.75,44.45,road_node,,True,True
9751,511000.0,1965200.0,60123,0,0,1.0-1.5,1.25,31.75,road_node,,True,True
9752,498000.0,1961700.0,60123,0,0,1.0-1.5,1.25,31.75,road_node,,True,True
9753,504700.0,1961700.0,60123,0,0,1.0-1.5,1.25,31.75,road_node,,True,True
9754,500300.0,1907400.0,60134,0,0,1.0-1.5,1.25,31.75,road_node,,True,True
9755,515000.0,1905800.0,60174,0,0,0.5-1.0,0.75,19.05,road_node,,True,True
9756,510900.0,1905800.0,60174,0,0,0.5-1.0,0.75,19.05,road_node,,True,True
9757,498000.0,1897200.0,60134,0,0,1.0-1.5,1.25,31.75,road_node,,True,True
9758,498000.0,1902500.0,60134,0,0,1.0-1.5,1.25,31.75,road_node,,True,True
9759,501500.0,1903300.0,60134,0,0,1.0-1.5,1.25,31.75,road_node,,True,True
9760,489100.0,1865300.0,60506,0,0,0.5-1.0,0.75,19.05,road_node,,True,True
9761,670900.0,1742500.0,60484,0,0,1.5-2.0,1.75,44.45,road_node,,True,True
9762,679700.0,1741300.0,60484,0,0,1.5-2.0,1.75,44.45,road_node,,True,True
9763,456200.0,1884000.0,60144,0,0,1.5-2.0,1.75,44.45,road_node,,True,True
9764,588400.0,1911300.0,60101,0,0,2.0-3.0,2.5,63.5,road_node,,True,True
9765,593800.0,1911300.0,60101,0,0,2.0-3.0,2.5,63.5,road_node,,True,True
9766,604100.0,1926300.0,60106,0,0,3.0-4.0,3.5,88.9,road_node,,True,True
9767,601800.0,1926300.0,60106,0,0,3.0-4.0,3.5,88.9,road_node,,True,True
9768,593800.0,1923500.0,60191,0,0,2.0-3.0,2.5,63.5,road_node,,True,True
9769,596800.0,1923500.0,60191,0,0,2.0-3.0,2.5,63.5,road_node,,True,True
9770,598600.0,1936800.0,60191,0,0,3.0-4.0,3.5,88.9,road_node,,True,True
9771,598600.0,1940200.0,60007,0,0,3.0-4.0,3.5,88.9,road_node,,True,True
9772,585200.0,1939800.0,60143,0,0,2.0-3.0,2.5,63.5,road_node,,True,True
9773,587300.0,1936700.0,60143,0,0,2.0-3.0,2.5,63.5,road_node,,True,True
9774,589700.0,1937100.0,60143,0,0,3.0-4.0,3.5,88.9,road_node,,True,True
9775,557900.0,1909600.0,60188,0,0,1.5-2.0,1.75,44.45,road_node,,True,True
9776,563400.0,1909600.0,60139,0,0,2.0-3.0,2.5,63.5,road_node,,True,True
9777,559900.0,1909600.0,60188,0,0,2.0-3.0,2.5,63.5,road_node,,True,True
9778,559900.0,1912200.0,60188,0,0,2.0-3.0,2.5,63.5,road_node,,True,True
9779,565100.0,1907000.0,60139,0,0,2.0-3.0,2.5,63.5,road_node,,True,True
9780,566100.0,1912200.0,60139,0,0,2.0-3.0,2.5,63.5,road_node,,True,True
9781,565800.0,1909900.0,60139,0,0,2.0-3.0,2.5,63.5,road_node,,True,True
9782,563400.0,1917100.0,60139,0,0,2.0-3.0,2.5,63.5,road_node,,True,True
9783,554600.0,1917200.0,60188,0,0,1.5-2.0,1.75,44.45,road_node,,True,True
9784,555100.0,1920600.0,60188,0,0,1.5-2.0,1.75,44.45,road_node,,True,True
9785,565900.0,1920000.0,60108,0,0,2.0-3.0,2.5,63.5,road_node,,True,True
9786,565600.0,1925800.0,60108,0,0,2.0-3.0,2.5,63.5,road_node,,True,True
9787,568900.0,1922800.0,60108,0,0,2.0-3.0,2.5,63.5,road_node,,True,True
9788,573300.0,1921300.0,60108,0,0,2.0-3.0,2.5,63.5,road_node,,True,True
9789,573800.0,1926200.0,60157,0,0,3.0-4.0,3.5,88.9,road_node,,True,True
9790,560300.0,1925500.0,60108,0,0,2.0-3.0,2.5,63.5,road_node,,True,True
9791,560600.0,1920400.0,60108,0,0,2.0-3.0,2.5,63.5,road_node,,True,True
9792,563700.0,1929700.0,60108,0,0,2.0-3.0,2.5,63.5,road_node,,True,True
9793,559500.0,1931700.0,60172,0,0,2.0-3.0,2.5,63.5,road_node,,True,True
9794,563900.0,1933900.0,60172,0,0,2.0-3.0,2.5,63.5,road_node,,True,True
9795,568800.0,1933900.0,60172,0,0,2.0-3.0,2.5,63.5,road_node,,True,True
9796,560100.0,1932500.0,60172,0,0,2.0-3.0,2.5,63.5,road_node,,True,True
9797,576700.0,1932100.0,60157,0,0,3.0-4.0,3.5,88.9,road_node,,True,True
9798,571700.0,1931300.0,60157,0,0,3.0-4.0,3.5,88.9,road_node,,True,True
9803,576600.0,1884000.0,60137,0,0,2.0-3.0,2.5,63.5,road_node,,True,True
9804,573900.0,1884000.0,60137,0,0,2.0-3.0,2.5,63.5,road_node,,True,True
9805,574000.0,1885400.0,60137,0,0,2.0-3.0,2.5,63.5,road_node,,True,True
9806,565500.0,1885800.0,60189,0,0,2.0-3.0,2.5,63.5,road_node,,True,True
9807,568500.0,1885800.0,60137,0,0,2.0-3.0,2.5,63.5,road_node,,True,True
9808,569800.0,1885800.0,60137,0,0,1.5-2.0,1.75,44.45,road_node,,True,True
9809,576500.0,1892900.0,60137,0,0,2.0-3.0,2.5,63.5,road_node,,True,True
9810,576500.0,1896500.0,60137,0,0,2.0-3.0,2.5,63.5,road_node,,True,True
9813,534300.0,1768100.0,60431,0,0,0.5-1.0,0.75,19.05,road_node,,True,True
9814,534300.0,1762800.0,60404,0,0,0.5-1.0,0.75,19.05,road_node,,True,True
9815,555700.0,1855500.0,60540,0,0,0.5-1.0,0.75,19.05,road_node,,True,True
9816,557600.0,1855500.0,60540,0,0,0.5-1.0,0.75,19.05,road_node,,True,True
9817,559800.0,1855500.0,60540,0,0,0.5-1.0,0.75,19.05,road_node,,True,True
9818,559800.0,1856500.0,60540,0,0,0.5-1.0,0.75,19.05,road_node,,True,True
9819,564000.0,1857200.0,60532,0,0,2.0-3.0,2.5,63.5,road_node,,True,True
9820,533000.0,1810100.0,60544,0,0,0.5-1.0,0.75,19.05,road_node,,True,True
9821,533000.0,1804800.0,60544,0,0,1.0-1.5,1.25,31.75,road_node,,True,True
9822,533000.0,1799800.0,60544,0,0,1.0-1.5,1.25,31.75,road_node,,True,True
9823,536000.0,1797200.0,60544,0,0,2.0-3.0,2.5,63.5,road_node,,True,True
9824,533300.0,1797200.0,60544,0,0,2.0-3.0,2.5,63.5,road_node,,True,True
9825,534800.0,1839300.0,60564,0,0,0.5-1.0,0.75,19.05,road_node,,True,True
9826,532700.0,1815600.0,60585,0,0,0.5-1.0,0.75,19.05,road_node,,True,True
9827,564400.0,1745400.0,60421,0,0,0.5-1.0,0.75,19.05,road_node,,True,True
9828,524700.0,1838600.0,60503,0,0,0.5-1.0,0.75,19.05,road_node,,True,True
9829,525600.0,1833800.0,60503,0,0,0.5-1.0,0.75,19.05,road_node,,True,True
9830,540000.0,1839600.0,60564,0,0,0.5-1.0,0.75,19.05,road_node,,True,True
9831,545400.0,1839800.0,60564,0,0,0.5-1.0,0.75,19.05,road_node,,True,True
9832,569600.0,1745500.0,60421,0,0,0.5-1.0,0.75,19.05,road_node,,True,True
9833,525200.0,1845000.0,60504,0,0,0.5-1.0,0.75,19.05,road_node,,True,True
9834,525200.0,1847900.0,60504,0,0,1.0-1.5,1.25,31.75,road_node,,True,True
9835,522000.0,1848900.0,60504,0,0,1.0-1.5,1.25,31.75,road_node,,True,True
9836,577100.0,1771900.0,60432,0,0,1.0-1.5,1.25,31.75,road_node,,True,True
9837,579300.0,1771900.0,60432,0,0,1.0-1.5,1.25,31.75,road_node,,True,True
9838,567300.0,1825200.0,60440,0,0,1.0-1.5,1.25,31.75,road_node,,True,True
9842,591500.0,1804600.0,60491,0,0,1.0-1.5,1.25,31.75,road_node,,True,True
9843,600600.0,1762300.0,60451,0,0,1.0-1.5,1.25,31.75,road_node,,True,True
9844,607400.0,1762300.0,60451,0,0,1.0-1.5,1.25,31.75,road_node,,True,True
9845,611300.0,1759800.0,60451,0,0,1.0-1.5,1.25,31.75,road_node,,True,True
9846,602900.0,1762300.0,60451,0,0,1.0-1.5,1.25,31.75,road_node,,True,True
9847,602900.0,1765000.0,60451,0,0,1.0-1.5,1.25,31.75,road_node,,True,True
9848,616800.0,1778500.0,60448,0,0,1.0-1.5,1.25,31.75,road_node,,True,True
9849,616800.0,1770900.0,60448,0,0,1.0-1.5,1.25,31.75,road_node,,True,True
9850,611100.0,1766900.0,60451,0,0,1.0-1.5,1.25,31.75,road_node,,True,True
9851,650000.0,1729000.0,60449,0,0,3.0-4.0,3.5,88.9,road_node,,True,True
9853,537300.0,1747500.0,60410,0,0,1.0-1.5,1.25,31.75,road_node,,True,True
9884,589200.0,1833600.0,60439,0,0,2.0-3.0,2.5,63.5,road_node,,True,True
9886,582400.0,1998600.0,60074,0,0,1.0-1.5,1.25,31.75,road_node,,True,True
9887,585100.0,1998600.0,60074,0,0,1.0-1.5,1.25,31.75,road_node,,True,True
9888,574200.0,1912200.0,60139,0,0,2.0-3.0,2.5,63.5,road_node,,True,True
9889,585700.0,1881500.0,60515,0,0,2.0-3.0,2.5,63.5,road_node,,True,True
9890,587300.0,1881500.0,60515,0,0,2.0-3.0,2.5,63.5,road_node,,True,True
9891,587500.0,1881500.0,60515,0,0,2.0-3.0,2.5,63.5,road_node,,True,True
9892,585700.0,1882800.0,60515,0,0,2.0-3.0,2.5,63.5,road_node,,True,True
9893,585700.0,1882500.0,60515,0,0,2.0-3.0,2.5,63.5,road_node,,True,True
9894,585700.0,1882300.0,60515,0,0,2.0-3.0,2.5,63.5,road_node,,True,True
9895,585700.0,1881900.0,60515,0,0,2.0-3.0,2.5,63.5,road_node,,True,True
9896,534500.0,1871100.0,60555,0,0,0.5-1.0,0.75,19.05,road_node,,True,True
9897,534500.0,1870900.0,60555,0,0,0.5-1.0,0.75,19.05,road_node,,True,True
9898,626400.0,1982300.0,60062,0,0,1.5-2.0,1.75,44.45,road_node,,True,True
9899,626100.0,1982500.0,60062,0,0,1.5-2.0,1.75,44.45,road_node,,True,True
9900,568700.0,1965000.0,60195,0,0,1.0-1.5,1.25,31.75,road_node,,True,True
9901,569500.0,1965900.0,60195,0,0,2.0-3.0,2.5,63.5,road_node,,True,True
9902,569500.0,1966100.0,60195,0,0,2.0-3.0,2.5,63.5,road_node,,True,True
9903,644800.0,1998900.0,60022,0,0,2.0-3.0,2.5,63.5,road_node,,True,True
9904,565900.0,1886200.0,60189,0,0,2.0-3.0,2.5,63.5,road_node,,True,True
9905,645200.0,1974600.0,60025,0,0,2.0-3.0,2.5,63.5,road_node,,True,True
9906,642200.0,1974600.0,60025,0,0,2.0-3.0,2.5,63.5,road_node,,True,True
9907,694500.0,1904800.0,60611,0,0,4.0-6.0,5.0,127.0,road_node,,True,True
9908,694100.0,1904500.0,60611,0,0,4.0-6.0,5.0,127.0,road_node,,True,True
9909,694500.0,1904500.0,60611,0,0,4.0-6.0,5.0,127.0,road_node,,True,True
9910,695100.0,1904500.0,60611,0,0,4.0-6.0,5.0,127.0,road_node,,True,True
9911,694500.0,1904200.0,60611,0,0,4.0-6.0,5.0,127.0,road_node,,True,True
9912,694500.0,1903800.0,60611,0,0,4.0-6.0,5.0,127.0,road_node,,True,True
9913,694500.0,1903300.0,60611,0,0,4.0-6.0,5.0,127.0,road_node,,True,True
9914,694100.0,1903800.0,60611,0,0,4.0-6.0,5.0,127.0,road_node,,True,True
9915,693400.0,1902600.0,60601,0,0,4.0-6.0,5.0,127.0,road_node,,True,True
9916,692900.0,1902200.0,60601,0,0,4.0-6.0,5.0,127.0,road_node,,True,True
9917,693400.0,1902200.0,60601,0,0,4.0-6.0,5.0,127.0,road_node,,True,True
9918,694000.0,1902200.0,60601,0,0,4.0-6.0,5.0,127.0,road_node,,True,True
9919,693400.0,1901700.0,60601,0,0,4.0-6.0,5.0,127.0,road_node,,True,True
9920,694000.0,1901700.0,60601,0,0,4.0-6.0,5.0,127.0,road_node,,True,True
9921,695500.0,1903300.0,60611,0,0,4.0-6.0,5.0,127.0,road_node,,True,True
9922,695500.0,1903800.0,60611,0,0,4.0-6.0,5.0,127.0,road_node,,True,True
9923,589200.0,1988700.0,60074,0,0,1.5-2.0,1.75,44.45,road_node,,True,True
9924,589000.0,1988600.0,60074,0,0,1.5-2.0,1.75,44.45,road_node,,True,True
9925,589600.0,1989400.0,60074,0,0,1.5-2.0,1.75,44.45,road_node,,True,True
9926,588600.0,1990000.0,60074,0,0,1.5-2.0,1.75,44.45,road_node,,True,True
9927,585800.0,1998000.0,60074,0,0,1.0-1.5,1.25,31.75,road_node,,True,True
9928,585600.0,1998600.0,60074,0,0,1.0-1.5,1.25,31.75,road_node,,True,True
9929,632500.0,1936100.0,60631,0,0,3.0-4.0,3.5,88.9,road_node,,True,True
9930,641400.0,1824600.0,60482,0,0,3.0-4.0,3.5,88.9,road_node,,True,True
9931,580000.0,1918000.0,60101,0,0,2.0-3.0,2.5,63.5,road_node,,True,True
9932,581200.0,1917800.0,60101,0,0,2.0-3.0,2.5,63.5,road_node,,True,True
9933,580400.0,1918400.0,60101,0,0,2.0-3.0,2.5,63.5,road_node,,True,True
9934,580800.0,1918400.0,60101,0,0,2.0-3.0,2.5,63.5,road_node,,True,True
9935,580400.0,1914000.0,60101,0,0,2.0-3.0,2.5,63.5,road_node,,True,True
9936,580800.0,1914000.0,60101,0,0,2.0-3.0,2.5,63.5,road_node,,True,True
9937,580400.0,1913500.0,60101,0,0,2.0-3.0,2.5,63.5,road_node,,True,True
9938,580800.0,1913500.0,60101,0,0,2.0-3.0,2.5,63.5,road_node,,True,True
9939,580400.0,1908500.0,60101,0,0,2.0-3.0,2.5,63.5,road_node,,True,True
9940,581000.0,1907300.0,60148,0,0,2.0-3.0,2.5,63.5,road_node,,True,True
9941,579500.0,1892300.0,60137,0,0,2.0-3.0,2.5,63.5,road_node,,True,True
9942,580000.0,1892300.0,60137,0,0,2.0-3.0,2.5,63.5,road_node,,True,True
9943,581900.0,1882300.0,60515,0,0,1.5-2.0,1.75,44.45,road_node,,True,True
9944,582400.0,1882400.0,60515,0,0,2.0-3.0,2.5,63.5,road_node,,True,True
9945,580000.0,1880000.0,60515,0,0,2.0-3.0,2.5,63.5,road_node,,True,True
9946,578800.0,1878100.0,60515,0,0,2.0-3.0,2.5,63.5,road_node,,True,True
9947,575500.0,1874200.0,60515,0,0,2.0-3.0,2.5,63.5,road_node,,True,True
9948,575700.0,1874200.0,60515,0,0,2.0-3.0,2.5,63.5,road_node,,True,True
9949,575100.0,1871500.0,60532,0,0,2.0-3.0,2.5,63.5,road_node,,True,True
9950,576200.0,1871500.0,60515,0,0,2.0-3.0,2.5,63.5,road_node,,True,True
9951,575500.0,1868400.0,60532,0,0,2.0-3.0,2.5,63.5,road_node,,True,True
9952,575700.0,1868400.0,60532,0,0,2.0-3.0,2.5,63.5,road_node,,True,True
9953,575409.0,1865290.0,60532,0,0,2.0-3.0,2.5,63.5,road_node,,True,True
9954,575765.0,1865200.0,60532,0,0,2.0-3.0,2.5,63.5,road_node,,True,True
9955,577234.0,1859350.0,60516,0,0,3.0-4.0,3.5,88.9,road_node,,True,True
9956,577969.0,1858680.0,60516,0,0,3.0-4.0,3.5,88.9,road_node,,True,True
9957,580800.0,1852300.0,60517,0,0,2.0-3.0,2.5,63.5,road_node,,True,True
9958,581200.0,1852300.0,60517,0,0,2.0-3.0,2.5,63.5,road_node,,True,True
9959,580800.0,1851100.0,60517,0,0,2.0-3.0,2.5,63.5,road_node,,True,True
9960,581200.0,1851100.0,60517,0,0,2.0-3.0,2.5,63.5,road_node,,True,True
9961,581258.0,1846554.0,60517,0,0,2.0-3.0,2.5,63.5,road_node,,True,True
9962,581533.0,1846589.0,60517,0,0,2.0-3.0,2.5,63.5,road_node,,True,True
9963,581276.0,1846252.0,60517,0,0,2.0-3.0,2.5,63.5,road_node,,True,True
9964,581563.0,1846294.0,60517,0,0,2.0-3.0,2.5,63.5,road_node,,True,True
9965,581447.0,1843320.0,60517,0,0,2.0-3.0,2.5,63.5,road_node,,True,True
9966,581634.0,1843475.0,60517,0,0,2.0-3.0,2.5,63.5,road_node,,True,True
9967,581997.0,1837056.0,60440,0,0,1.5-2.0,1.75,44.45,road_node,,True,True
9968,582424.0,1837065.0,60517,0,0,1.5-2.0,1.75,44.45,road_node,,True,True
9969,583537.0,1835412.0,60440,0,0,1.5-2.0,1.75,44.45,road_node,,True,True
9970,581527.0,1834788.0,60440,0,0,1.5-2.0,1.75,44.45,road_node,,True,True
9971,580000.0,1907700.0,60139,0,0,3.0-4.0,3.5,88.9,road_node,,True,True
9972,580005.0,1908140.0,60139,0,0,2.0-3.0,2.5,63.5,road_node,,True,True
9973,580150.0,1908310.0,60139,0,0,2.0-3.0,2.5,63.5,road_node,,True,True
9974,581144.0,1907430.0,60148,0,0,2.0-3.0,2.5,63.5,road_node,,True,True
9975,581192.0,1907600.0,60101,0,0,2.0-3.0,2.5,63.5,road_node,,True,True
9976,581100.0,1907700.0,60101,0,0,2.0-3.0,2.5,63.5,road_node,,True,True
9977,579000.0,1891500.0,60137,0,0,2.0-3.0,2.5,63.5,road_node,,True,True
9978,579000.0,1891900.0,60137,0,0,2.0-3.0,2.5,63.5,road_node,,True,True
9979,579300.0,1892300.0,60137,0,0,2.0-3.0,2.5,63.5,road_node,,True,True
9980,580300.0,1892300.0,60137,0,0,2.0-3.0,2.5,63.5,road_node,,True,True
9981,580600.0,1892000.0,60137,0,0,2.0-3.0,2.5,63.5,road_node,,True,True
9982,580600.0,1891600.0,60137,0,0,2.0-3.0,2.5,63.5,road_node,,True,True
9983,581300.0,1881700.0,60515,0,0,1.5-2.0,1.75,44.45,road_node,,True,True
9984,581300.0,1882000.0,60515,0,0,1.5-2.0,1.75,44.45,road_node,,True,True
9985,581600.0,1882300.0,60515,0,0,1.5-2.0,1.75,44.45,road_node,,True,True
9986,582600.0,1882400.0,60515,0,0,2.0-3.0,2.5,63.5,road_node,,True,True
9987,582800.0,1882100.0,60515,0,0,2.0-3.0,2.5,63.5,road_node,,True,True
9988,582800.0,1881800.0,60515,0,0,2.0-3.0,2.5,63.5,road_node,,True,True
9989,578400.0,1871100.0,60515,0,0,2.0-3.0,2.5,63.5,road_node,,True,True
9990,576800.0,1872400.0,60515,0,0,2.0-3.0,2.5,63.5,road_node,,True,True
9991,580500.0,1878600.0,60515,0,0,2.0-3.0,2.5,63.5,road_node,,True,True
9992,578900.0,1873600.0,60515,0,0,2.0-3.0,2.5,63.5,road_node,,True,True
9993,578400.0,1872500.0,60515,0,0,2.0-3.0,2.5,63.5,road_node,,True,True
9994,574400.0,1873300.0,60532,0,0,2.0-3.0,2.5,63.5,road_node,,True,True
9995,581000.0,1878400.0,60515,0,0,2.0-3.0,2.5,63.5,road_node,,True,True
9996,579400.0,1873300.0,60515,0,0,2.0-3.0,2.5,63.5,road_node,,True,True
9997,575500.0,1872300.0,60515,0,0,2.0-3.0,2.5,63.5,road_node,,True,True
9998,577100.0,1872100.0,60515,0,0,2.0-3.0,2.5,63.5,road_node,,True,True
9999,574853.0,1872340.0,60532,0,0,2.0-3.0,2.5,63.5,road_node,,True,True
10000,574875.0,1871960.0,60532,0,0,2.0-3.0,2.5,63.5,road_node,,True,True
10001,576800.0,1872200.0,60515,0,0,2.0-3.0,2.5,63.5,road_node,,True,True
10002,576800.0,1872000.0,60515,0,0,2.0-3.0,2.5,63.5,road_node,,True,True
10003,573900.0,1872600.0,60532,0,0,2.0-3.0,2.5,63.5,road_node,,True,True
10004,573900.0,1870700.0,60532,0,0,2.0-3.0,2.5,63.5,road_node,,True,True
10005,553600.0,1868700.0,60563,0,0,1.0-1.5,1.25,31.75,road_node,,True,True
10006,550600.0,1848000.0,60565,0,0,0.5-1.0,0.75,19.05,road_node,,True,True
10007,575300.0,1870700.0,60532,0,0,2.0-3.0,2.5,63.5,road_node,,True,True
10008,562600.0,1847200.0,60565,0,0,1.5-2.0,1.75,44.45,road_node,,True,True
10009,553400.0,1854800.0,60540,0,0,0.5-1.0,0.75,19.05,road_node,,True,True
10010,576200.0,1870700.0,60515,0,0,2.0-3.0,2.5,63.5,road_node,,True,True
10011,574920.0,1864980.0,60532,0,0,2.0-3.0,2.5,63.5,road_node,,True,True
10012,574800.0,1864700.0,60532,0,0,2.0-3.0,2.5,63.5,road_node,,True,True
10013,574700.0,1864400.0,60532,0,0,2.0-3.0,2.5,63.5,road_node,,True,True
10014,576400.0,1864300.0,60532,0,0,2.0-3.0,2.5,63.5,road_node,,True,True
10015,576233.0,1864730.0,60532,0,0,2.0-3.0,2.5,63.5,road_node,,True,True
10016,576099.0,1865090.0,60532,0,0,2.0-3.0,2.5,63.5,road_node,,True,True
10017,576744.0,1859350.0,60516,0,0,3.0-4.0,3.5,88.9,road_node,,True,True
10018,576366.0,1858900.0,60517,0,0,3.0-4.0,3.5,88.9,road_node,,True,True
10019,576500.0,1858000.0,60517,0,0,3.0-4.0,3.5,88.9,road_node,,True,True
10020,579000.0,1859500.0,60516,0,0,3.0-4.0,3.5,88.9,road_node,,True,True
10021,578787.0,1859030.0,60516,0,0,3.0-4.0,3.5,88.9,road_node,,True,True
10022,578519.0,1858860.0,60516,0,0,3.0-4.0,3.5,88.9,road_node,,True,True
10023,580617.0,1852090.0,60517,0,0,2.0-3.0,2.5,63.5,road_node,,True,True
10024,580400.0,1851900.0,60517,0,0,2.0-3.0,2.5,63.5,road_node,,True,True
10025,580300.0,1851700.0,60517,0,0,2.0-3.0,2.5,63.5,road_node,,True,True
10026,581700.0,1851700.0,60517,0,0,2.0-3.0,2.5,63.5,road_node,,True,True
10027,581500.0,1851900.0,60517,0,0,2.0-3.0,2.5,63.5,road_node,,True,True
10028,581400.0,1852100.0,60517,0,0,2.0-3.0,2.5,63.5,road_node,,True,True
10029,581117.0,1842262.0,60517,0,0,2.0-3.0,2.5,63.5,road_node,,True,True
10030,581632.0,1842573.0,60517,0,0,2.0-3.0,2.5,63.5,road_node,,True,True
10031,506000.0,2019600.0,60014,0,0,,,,road_node,,True,False
10032,510200.0,2019600.0,60014,0,0,,,,road_node,,True,False
10033,512800.0,2019600.0,60014,0,0,,,,road_node,,True,False
10034,564500.0,1784800.0,60403,0,0,1.0-1.5,1.25,31.75,road_node,,True,True
10035,550600.0,1885000.0,60189,0,0,1.0-1.5,1.25,31.75,road_node,,True,True
10036,558000.0,1936300.0,60133,0,0,1.5-2.0,1.75,44.45,road_node,,True,True
10037,643700.0,1839700.0,60457,0,0,3.0-4.0,3.5,88.9,road_node,,True,True
10038,643900.0,1839900.0,60457,0,0,3.0-4.0,3.5,88.9,road_node,,True,True
10039,644000.0,1840100.0,60457,0,0,3.0-4.0,3.5,88.9,road_node,,True,True
10040,643300.0,1840100.0,60457,0,0,3.0-4.0,3.5,88.9,road_node,,True,True
10041,643400.0,1839900.0,60457,0,0,3.0-4.0,3.5,88.9,road_node,,True,True
10042,643600.0,1839700.0,60457,0,0,3.0-4.0,3.5,88.9,road_node,,True,True
10043,678400.0,1798500.0,60428,0,0,2.0-3.0,2.5,63.5,road_node,,True,True
10044,678300.0,1798500.0,60428,0,0,2.0-3.0,2.5,63.5,road_node,,True,True
10045,624200.0,1997400.0,60015,0,0,2.0-3.0,2.5,63.5,road_node,,True,True
10046,624600.0,1997900.0,60015,0,0,2.0-3.0,2.5,63.5,road_node,,True,True
10047,624700.0,1998100.0,60015,0,0,2.0-3.0,2.5,63.5,road_node,,True,True
10048,624700.0,1998500.0,60015,0,0,2.0-3.0,2.5,63.5,road_node,,True,True
10049,623600.0,1998500.0,60015,0,0,2.0-3.0,2.5,63.5,road_node,,True,True
10050,623700.0,1998100.0,60015,0,0,2.0-3.0,2.5,63.5,road_node,,True,True
10051,623800.0,1997900.0,60015,0,0,2.0-3.0,2.5,63.5,road_node,,True,True
10052,624000.0,1997300.0,60015,0,0,2.0-3.0,2.5,63.5,road_node,,True,True
10059,624400.0,1999300.0,60015,0,0,2.0-3.0,2.5,63.5,road_node,,True,True
10060,624700.0,1999300.0,60015,0,0,2.0-3.0,2.5,63.5,road_node,,True,True
10061,594400.0,1957400.0,60005,0,0,2.0-3.0,2.5,63.5,road_node,,True,True
10062,594300.0,1957300.0,60005,0,0,2.0-3.0,2.5,63.5,road_node,,True,True
10063,626600.0,1996900.0,60015,0,0,2.0-3.0,2.5,63.5,road_node,,True,True
10064,499300.0,1970500.0,60118,0,0,1.0-1.5,1.25,31.75,road_node,,True,True
10065,500100.0,1971500.0,60118,0,0,1.5-2.0,1.75,44.45,road_node,,True,True
10066,500100.0,1971600.0,60118,0,0,1.5-2.0,1.75,44.45,road_node,,True,True
10067,499300.0,1972600.0,60118,0,0,1.5-2.0,1.75,44.45,road_node,,True,True
10068,489100.0,1872200.0,60542,0,0,0.5-1.0,0.75,19.05,road_node,,True,True
10069,489100.0,1868500.0,60542,0,0,0.5-1.0,0.75,19.05,road_node,,True,True
10070,489800.0,1868100.0,60542,0,0,0.5-1.0,0.75,19.05,road_node,,True,True
10071,489800.0,1868000.0,60542,0,0,0.5-1.0,0.75,19.05,road_node,,True,True
10072,489100.0,1867600.0,60542,0,0,0.5-1.0,0.75,19.05,road_node,,True,True
10073,488500.0,1857000.0,60506,0,0,0.5-1.0,0.75,19.05,road_node,,True,True
10074,488500.0,1851900.0,60506,0,0,0.5-1.0,0.75,19.05,road_node,,True,True
10075,650700.0,1855100.0,60459,0,0,4.0-6.0,5.0,127.0,road_node,,True,True
10076,650693.0,1859390.0,60638,0,0,4.0-6.0,5.0,127.0,road_node,,True,True
10077,645200.0,1859800.0,60501,0,0,4.0-6.0,5.0,127.0,road_node,,True,True
10078,539500.0,1869900.0,60563,0,0,0.5-1.0,0.75,19.05,road_node,,True,True
10079,548500.0,1870900.0,60563,0,0,1.0-1.5,1.25,31.75,road_node,,True,True
10080,552200.0,1870100.0,60563,0,0,1.0-1.5,1.25,31.75,road_node,,True,True
10081,558200.0,1870000.0,60532,0,0,2.0-3.0,2.5,63.5,road_node,,True,True
10082,556700.0,1829500.0,60490,0,0,1.5-2.0,1.75,44.45,road_node,,True,True
10083,558200.0,1830800.0,60490,0,0,1.0-1.5,1.25,31.75,road_node,,True,True
10084,557500.0,1817100.0,60490,0,0,1.0-1.5,1.25,31.75,road_node,,True,True
10085,556900.0,1816700.0,60490,0,0,1.0-1.5,1.25,31.75,road_node,,True,True
10086,556900.0,1817100.0,60490,0,0,1.0-1.5,1.25,31.75,road_node,,True,True
10087,557500.0,1817000.0,60490,0,0,1.0-1.5,1.25,31.75,road_node,,True,True
10088,664800.0,1792000.0,60478,0,0,2.0-3.0,2.5,63.5,road_node,,True,True
10089,665000.0,1793300.0,60478,0,0,2.0-3.0,2.5,63.5,road_node,,True,True
10090,666800.0,1792400.0,60478,0,0,2.0-3.0,2.5,63.5,road_node,,True,True
10091,666800.0,1793800.0,60428,0,0,2.0-3.0,2.5,63.5,road_node,,True,True
10092,670200.0,1797400.0,60428,0,0,2.0-3.0,2.5,63.5,road_node,,True,True
10093,670200.0,1798400.0,60428,0,0,2.0-3.0,2.5,63.5,road_node,,True,True
10094,671800.0,1797700.0,60428,0,0,2.0-3.0,2.5,63.5,road_node,,True,True
10095,671802.0,1798926.0,60428,0,0,2.0-3.0,2.5,63.5,road_node,,True,True
10096,678200.0,1805800.0,60469,0,0,2.0-3.0,2.5,63.5,road_node,,True,True
10097,678100.0,1806900.0,60469,0,0,2.0-3.0,2.5,63.5,road_node,,True,True
10098,679400.0,1805900.0,60469,0,0,2.0-3.0,2.5,63.5,road_node,,True,True
10099,679600.0,1807100.0,60469,0,0,2.0-3.0,2.5,63.5,road_node,,True,True
10102,692200.0,1887900.0,60616,0,0,4.0-6.0,5.0,127.0,road_node,,True,True
10103,692200.0,1887600.0,60616,0,0,4.0-6.0,5.0,127.0,road_node,,True,True
10104,692352.0,1887450.0,60616,0,0,4.0-6.0,5.0,127.0,road_node,,True,True
10105,692298.0,1888200.0,60616,0,0,4.0-6.0,5.0,127.0,road_node,,True,True
10106,694200.0,1889700.0,60616,0,0,4.0-6.0,5.0,127.0,road_node,,True,True
10107,694500.0,1894000.0,60605,0,0,4.0-6.0,5.0,127.0,road_node,,True,True
10108,695200.0,1891400.0,60616,0,0,4.0-6.0,5.0,127.0,road_node,,True,True
10109,648900.0,1832700.0,60415,0,0,3.0-4.0,3.5,88.9,road_node,,True,True
10110,648900.0,1835200.0,60415,0,0,3.0-4.0,3.5,88.9,road_node,,True,True
10111,665100.0,1822500.0,60803,0,0,2.0-3.0,2.5,63.5,road_node,,True,True
10112,665100.0,1819900.0,60803,0,0,2.0-3.0,2.5,63.5,road_node,,True,True
10113,624506.0,1887750.0,60154,0,0,3.0-4.0,3.5,88.9,road_node,,True,True
10114,516128.0,1922750.0,60184,0,0,0.5-1.0,0.75,19.05,road_node,,True,True
10116,517709.0,1950260.0,60120,0,0,0.5-1.0,0.75,19.05,road_node,,True,True
10117,517897.0,1950400.0,60120,0,0,0.5-1.0,0.75,19.05,road_node,,True,True
10118,518146.0,1950000.0,60120,0,0,0.5-1.0,0.75,19.05,road_node,,True,True
10119,517901.0,1949840.0,60120,0,0,0.5-1.0,0.75,19.05,road_node,,True,True
10120,645523.0,1885680.0,60402,0,0,6.0-8.0,7.0,177.8,road_node,,True,True
10121,647168.0,1887520.0,60402,0,0,6.0-8.0,7.0,177.8,road_node,,True,True
10122,647965.0,1888520.0,60402,0,0,6.0-8.0,7.0,177.8,road_node,,True,True
10125,546600.0,1857600.0,60540,0,0,0.5-1.0,0.75,19.05,road_node,,True,True
10127,726300.0,1818200.0,46327,0,0,3.0-4.0,3.5,88.9,road_node,,True,True
10128,726300.0,1818600.0,46327,0,0,3.0-4.0,3.5,88.9,road_node,,True,True
10129,737500.0,1817400.0,46312,0,0,2.0-3.0,2.5,63.5,road_node,,True,True
10130,737500.0,1817900.0,46312,0,0,2.0-3.0,2.5,63.5,road_node,,True,True
10131,742800.0,1817000.0,46312,0,0,2.0-3.0,2.5,63.5,road_node,,True,True
10132,743400.0,1817400.0,46312,0,0,1.5-2.0,1.75,44.45,road_node,,True,True
10133,746900.0,1812000.0,46312,0,0,1.5-2.0,1.75,44.45,road_node,,True,True
10134,747500.0,1812500.0,46312,0,0,1.0-1.5,1.25,31.75,road_node,,True,True
10135,725300.0,1817500.0,46327,0,0,3.0-4.0,3.5,88.9,road_node,,True,True
10136,737200.0,1818400.0,46312,0,0,2.0-3.0,2.5,63.5,road_node,,True,True
10137,746300.0,1804100.0,46406,0,0,1.0-1.5,1.25,31.75,road_node,,True,True
10138,750300.0,1803700.0,46406,0,0,1.0-1.5,1.25,31.75,road_node,,True,True
10139,751675.0,1803020.0,46406,0,0,1.0-1.5,1.25,31.75,road_node,,True,True
10140,751910.0,1802640.0,46406,0,0,1.0-1.5,1.25,31.75,road_node,,True,True
10141,748882.0,1802660.0,46406,0,0,1.0-1.5,1.25,31.75,road_node,,True,True
10142,749116.0,1801420.0,46406,0,0,1.0-1.5,1.25,31.75,road_node,,True,True
10143,748800.0,1800800.0,46406,0,0,1.0-1.5,1.25,31.75,road_node,,True,True
10144,752400.0,1801600.0,46406,0,0,1.0-1.5,1.25,31.75,road_node,,True,True
10145,752400.0,1801100.0,46406,0,0,1.0-1.5,1.25,31.75,road_node,,True,True
10146,733100.0,1816000.0,46312,0,0,3.0-4.0,3.5,88.9,road_node,,True,True
10147,736100.0,1817200.0,46312,0,0,2.0-3.0,2.5,63.5,road_node,,True,True
10148,737800.0,1819100.0,46312,0,0,2.0-3.0,2.5,63.5,road_node,,True,True
10149,743100.0,1817900.0,46312,0,0,2.0-3.0,2.5,63.5,road_node,,True,True
10154,722800.0,1818500.0,46327,0,0,3.0-4.0,3.5,88.9,road_node,,True,True
10155,723300.0,1818900.0,46327,0,0,3.0-4.0,3.5,88.9,road_node,,True,True
10156,725300.0,1819200.0,46394,0,0,3.0-4.0,3.5,88.9,road_node,,True,True
10157,583600.0,1943500.0,60007,0,0,2.0-3.0,2.5,63.5,road_node,,True,True
10158,583900.0,1943800.0,60007,0,0,2.0-3.0,2.5,63.5,road_node,,True,True
10159,582900.0,1943800.0,60007,0,0,2.0-3.0,2.5,63.5,road_node,,True,True
10160,583300.0,1943500.0,60007,0,0,2.0-3.0,2.5,63.5,road_node,,True,True
10161,514000.0,1840100.0,60503,0,0,0.5-1.0,0.75,19.05,road_node,,True,True
10162,517300.0,1823200.0,60585,0,0,0.5-1.0,0.75,19.05,road_node,,True,True
10163,474300.0,1828800.0,60512,0,0,1.0-1.5,1.25,31.75,road_node,,True,True
10164,650000.0,1880500.0,60402,0,0,6.0-8.0,7.0,177.8,road_node,,True,True
10165,652600.0,1880600.0,60804,0,0,6.0-8.0,7.0,177.8,road_node,,True,True
10166,652500.0,1877900.0,60402,0,0,6.0-8.0,7.0,177.8,road_node,,True,True
10167,726300.0,1828600.0,46394,0,0,4.0-6.0,5.0,127.0,road_node,,True,True
10168,731400.0,1826800.0,46394,0,0,,,,road_node,,True,False
10169,725300.0,1819900.0,46394,0,0,3.0-4.0,3.5,88.9,road_node,,True,True
10170,735600.0,1820200.0,46312,0,0,3.0-4.0,3.5,88.9,road_node,,True,True
10171,743600.0,1818400.0,46312,0,0,1.5-2.0,1.75,44.45,road_node,,True,True
10172,727600.0,1812100.0,46327,0,0,3.0-4.0,3.5,88.9,road_node,,True,True
10173,733100.0,1812100.0,46320,0,0,2.0-3.0,2.5,63.5,road_node,,True,True
10174,737900.0,1812200.0,46312,0,0,2.0-3.0,2.5,63.5,road_node,,True,True
10175,727800.0,1808400.0,46320,0,0,3.0-4.0,3.5,88.9,road_node,,True,True
10176,738300.0,1808700.0,46312,0,0,2.0-3.0,2.5,63.5,road_node,,True,True
10177,746200.0,1808600.0,46312,0,0,1.0-1.5,1.25,31.75,road_node,,True,True
10178,749500.0,1808700.0,46406,0,0,1.0-1.5,1.25,31.75,road_node,,True,True
10180,727700.0,1803800.0,46320,0,0,3.0-4.0,3.5,88.9,road_node,,True,True
10181,733100.0,1805800.0,46320,0,0,2.0-3.0,2.5,63.5,road_node,,True,True
10182,753400.0,1805000.0,46406,0,0,1.0-1.5,1.25,31.75,road_node,,True,True
10183,733000.0,1798300.0,46324,0,0,2.0-3.0,2.5,63.5,road_node,,True,True
10184,743700.0,1796400.0,46323,0,0,1.0-1.5,1.25,31.75,road_node,,True,True
10185,754200.0,1798800.0,46406,0,0,0.5-1.0,0.75,19.05,road_node,,True,True
10186,727800.0,1793600.0,46324,0,0,2.0-3.0,2.5,63.5,road_node,,True,True
10187,733100.0,1793700.0,46324,0,0,2.0-3.0,2.5,63.5,road_node,,True,True
10188,738300.0,1793800.0,46323,0,0,2.0-3.0,2.5,63.5,road_node,,True,True
10189,743700.0,1793700.0,46323,0,0,1.0-1.5,1.25,31.75,road_node,,True,True
10190,751700.0,1793900.0,46406,0,0,0.5-1.0,0.75,19.05,road_node,,True,True
10191,754200.0,1793800.0,46406,0,0,0.5-1.0,0.75,19.05,road_node,,True,True
10192,727700.0,1791200.0,46324,0,0,2.0-3.0,2.5,63.5,road_node,,True,True
10193,733100.0,1791100.0,46324,0,0,2.0-3.0,2.5,63.5,road_node,,True,True
10194,740300.0,1791200.0,46323,0,0,2.0-3.0,2.5,63.5,road_node,,True,True
10195,743700.0,1789400.0,46323,0,0,1.5-2.0,1.75,44.45,road_node,,True,True
10196,754400.0,1788600.0,46404,0,0,0.5-1.0,0.75,19.05,road_node,,True,True
10197,736000.0,1782000.0,46322,0,0,1.0-1.5,1.25,31.75,road_node,,True,True
10198,745200.0,1780700.0,46322,0,0,1.0-1.5,1.25,31.75,road_node,,True,True
10199,746600.0,1780500.0,46322,0,0,1.0-1.5,1.25,31.75,road_node,,True,True
10200,754500.0,1783400.0,46408,0,0,1.0-1.5,1.25,31.75,road_node,,True,True
10201,731300.0,1732700.0,46373,0,0,0.5-1.0,0.75,19.05,road_node,,True,True
10202,731600.0,1716500.0,46303,0,0,,,,road_node,,True,False
10203,747400.0,1719800.0,46303,0,0,1.0-1.5,1.25,31.75,road_node,,True,True
10216,757000.0,1793700.0,46404,0,0,,,,road_node,,True,False
10221,757200.0,1788600.0,46404,0,0,,,,road_node,,True,False
10267,749232.0,1803180.0,46406,0,0,1.0-1.5,1.25,31.75,road_node,,True,True
10278,615600.0,1970592.0,60056,0,0,2.0-3.0,2.5,63.5,road_node,,True,True
10279,563400.0,1962982.0,60195,0,0,1.0-1.5,1.25,31.75,road_node,,True,True
10280,568658.0,1963242.0,60195,0,0,1.0-1.5,1.25,31.75,road_node,,True,True
10281,564681.0,1914775.0,60139,0,0,2.0-3.0,2.5,63.5,road_node,,True,True
10282,568963.0,1915125.0,60139,0,0,2.0-3.0,2.5,63.5,road_node,,True,True
10283,620473.0,1939309.0,60666,0,0,3.0-4.0,3.5,88.9,road_node,,True,True
10284,622888.0,1939459.0,60666,0,0,3.0-4.0,3.5,88.9,road_node,,True,True
10285,623458.0,1929265.0,60176,0,0,2.0-3.0,2.5,63.5,road_node,,True,True
10287,521034.0,2018490.0,60013,0,0,0.5-1.0,0.75,19.05,road_node,,True,True
10290,504753.0,2003595.0,60102,0,0,2.0-3.0,2.5,63.5,road_node,,True,True
10291,510546.0,2001739.0,60102,0,0,2.0-3.0,2.5,63.5,road_node,,True,True
10292,585515.0,1998047.0,60074,0,0,1.0-1.5,1.25,31.75,road_node,,True,True
10293,712300.0,1855600.0,60649,0,0,4.0-6.0,5.0,127.0,road_node,,True,True
10294,713100.0,1850400.0,60617,0,0,4.0-6.0,5.0,127.0,road_node,,True,True
10295,715100.0,1847800.0,60617,0,0,4.0-6.0,5.0,127.0,road_node,,True,True
10296,713500.0,1844400.0,60617,0,0,4.0-6.0,5.0,127.0,road_node,,True,True
10297,717500.0,1842500.0,60617,0,0,4.0-6.0,5.0,127.0,road_node,,True,True
10298,713600.0,1839000.0,60617,0,0,4.0-6.0,5.0,127.0,road_node,,True,True
10299,717800.0,1838800.0,60617,0,0,4.0-6.0,5.0,127.0,road_node,,True,True
10300,716600.0,1831200.0,60617,0,0,4.0-6.0,5.0,127.0,road_node,,True,True
10301,718000.0,1835200.0,60617,0,0,4.0-6.0,5.0,127.0,road_node,,True,True
10302,716700.0,1826900.0,60617,0,0,4.0-6.0,5.0,127.0,road_node,,True,True
10303,720900.0,1831300.0,46394,0,0,4.0-6.0,5.0,127.0,road_node,,True,True
10304,711500.0,1819300.0,60633,0,0,3.0-4.0,3.5,88.9,road_node,,True,True
10305,716900.0,1821400.0,60633,0,0,3.0-4.0,3.5,88.9,road_node,,True,True
10306,714000.0,1816700.0,60633,0,0,3.0-4.0,3.5,88.9,road_node,,True,True
10307,716900.0,1816700.0,60633,0,0,3.0-4.0,3.5,88.9,road_node,,True,True
10308,717000.0,1813700.0,46327,0,0,3.0-4.0,3.5,88.9,road_node,,True,True
10309,721100.0,1809600.0,46327,0,0,3.0-4.0,3.5,88.9,road_node,,True,True
10310,714900.0,1806000.0,60409,0,0,3.0-4.0,3.5,88.9,road_node,,True,True
10311,719800.0,1805400.0,60409,0,0,3.0-4.0,3.5,88.9,road_node,,True,True
10312,715500.0,1800300.0,60409,0,0,3.0-4.0,3.5,88.9,road_node,,True,True
10313,719800.0,1798300.0,60409,0,0,3.0-4.0,3.5,88.9,road_node,,True,True
10314,717200.0,1797600.0,60409,0,0,3.0-4.0,3.5,88.9,road_node,,True,True
10315,719800.0,1796600.0,60409,0,0,3.0-4.0,3.5,88.9,road_node,,True,True
10316,717300.0,1790200.0,60438,0,0,3.0-4.0,3.5,88.9,road_node,,True,True
10317,720000.0,1790200.0,60438,0,0,2.0-3.0,2.5,63.5,road_node,,True,True
10318,712000.0,1784900.0,60438,0,0,2.0-3.0,2.5,63.5,road_node,,True,True
10319,720000.0,1784700.0,60438,0,0,3.0-4.0,3.5,88.9,road_node,,True,True
10320,717300.0,1776900.0,60438,0,0,2.0-3.0,2.5,63.5,road_node,,True,True
10321,717500.0,1766500.0,60411,0,0,2.0-3.0,2.5,63.5,road_node,,True,True
10322,717700.0,1759800.0,46311,0,0,1.5-2.0,1.75,44.45,road_node,,True,True
10323,676900.0,1964600.0,60201,0,0,4.0-6.0,5.0,127.0,road_node,,True,True
10324,677200.0,1959300.0,60202,0,0,,,,road_node,,True,False
10325,675600.0,1955700.0,60202,0,0,3.0-4.0,3.5,88.9,road_node,,True,True
10326,678400.0,1950300.0,60626,0,0,4.0-6.0,5.0,127.0,road_node,,True,True
10327,681136.0,1950660.0,60626,0,0,4.0-6.0,5.0,127.0,road_node,,True,True
10328,677400.0,1945100.0,60645,0,0,4.0-6.0,5.0,127.0,road_node,,True,True
10329,682600.0,1945300.0,60626,0,0,3.0-4.0,3.5,88.9,road_node,,True,True
10330,674900.0,1939700.0,60659,0,0,4.0-6.0,5.0,127.0,road_node,,True,True
10331,682900.0,1937900.0,60660,0,0,4.0-6.0,5.0,127.0,road_node,,True,True
10332,677800.0,1934400.0,60625,0,0,4.0-6.0,5.0,127.0,road_node,,True,True
10333,680700.0,1934500.0,60640,0,0,3.0-4.0,3.5,88.9,road_node,,True,True
10334,677900.0,1929100.0,60618,0,0,4.0-6.0,5.0,127.0,road_node,,True,True
10335,684600.0,1929300.0,60613,0,0,4.0-6.0,5.0,127.0,road_node,,True,True
10336,685900.0,1929300.0,60613,0,0,4.0-6.0,5.0,127.0,road_node,,True,True
10337,679400.0,1923800.0,60657,0,0,4.0-6.0,5.0,127.0,road_node,,True,True
10338,684000.0,1923900.0,60657,0,0,4.0-6.0,5.0,127.0,road_node,,True,True
10339,686500.0,1924100.0,60613,0,0,4.0-6.0,5.0,127.0,road_node,,True,True
10340,678200.0,1918500.0,60647,0,0,4.0-6.0,5.0,127.0,road_node,,True,True
10341,683500.0,1918600.0,60614,0,0,4.0-6.0,5.0,127.0,road_node,,True,True
10342,689400.0,1918200.0,60614,0,0,6.0-8.0,7.0,177.8,road_node,,True,True
10343,678400.0,1913200.0,60647,0,0,4.0-6.0,5.0,127.0,road_node,,True,True
10344,685100.0,1911700.0,60614,0,0,6.0-8.0,7.0,177.8,road_node,,True,True
10345,689600.0,1913000.0,60614,0,0,4.0-6.0,5.0,127.0,road_node,,True,True
10346,678600.0,1906600.0,60622,0,0,4.0-6.0,5.0,127.0,road_node,,True,True
10347,684200.0,1905700.0,60642,0,0,4.0-6.0,5.0,127.0,road_node,,True,True
10348,689400.0,1908200.0,60610,0,0,4.0-6.0,5.0,127.0,road_node,,True,True
10349,692900.0,1906700.0,60611,0,0,4.0-6.0,5.0,127.0,road_node,,True,True
10350,678800.0,1901300.0,60612,0,0,4.0-6.0,5.0,127.0,road_node,,True,True
10351,683600.0,1903500.0,60642,0,0,4.0-6.0,5.0,127.0,road_node,,True,True
10352,686600.0,1903600.0,60642,0,0,4.0-6.0,5.0,127.0,road_node,,True,True
10353,690700.0,1903800.0,60654,0,0,4.0-6.0,5.0,127.0,road_node,,True,True
10354,692800.0,1903800.0,60611,0,0,4.0-6.0,5.0,127.0,road_node,,True,True
10355,687700.0,1900600.0,60661,0,0,4.0-6.0,5.0,127.0,road_node,,True,True
10356,690800.0,1901200.0,60602,0,0,4.0-6.0,5.0,127.0,road_node,,True,True
10357,692900.0,1901700.0,60601,0,0,4.0-6.0,5.0,127.0,road_node,,True,True
10358,678900.0,1896900.0,60612,0,0,4.0-6.0,5.0,127.0,road_node,,True,True
10359,684200.0,1897400.0,60607,0,0,4.0-6.0,5.0,127.0,road_node,,True,True
10360,688100.0,1899300.0,60661,0,0,4.0-6.0,5.0,127.0,road_node,,True,True
10361,691200.0,1899500.0,60603,0,0,4.0-6.0,5.0,127.0,road_node,,True,True
10362,692500.0,1899000.0,60604,0,0,4.0-6.0,5.0,127.0,road_node,,True,True
10363,686800.0,1896700.0,60607,0,0,4.0-6.0,5.0,127.0,road_node,,True,True
10364,691400.0,1895100.0,60605,0,0,4.0-6.0,5.0,127.0,road_node,,True,True
10365,693100.0,1897200.0,60605,0,0,4.0-6.0,5.0,127.0,road_node,,True,True
10366,676400.0,1889200.0,60608,0,0,4.0-6.0,5.0,127.0,road_node,,True,True
10367,684300.0,1892100.0,60608,0,0,4.0-6.0,5.0,127.0,road_node,,True,True
10368,689100.0,1892200.0,60616,0,0,4.0-6.0,5.0,127.0,road_node,,True,True
10369,692300.0,1891000.0,60616,0,0,4.0-6.0,5.0,127.0,road_node,,True,True
10370,679100.0,1888000.0,60608,0,0,4.0-6.0,5.0,127.0,road_node,,True,True
10371,685000.0,1886200.0,60608,0,0,4.0-6.0,5.0,127.0,road_node,,True,True
10372,689200.0,1888000.0,60616,0,0,4.0-6.0,5.0,127.0,road_node,,True,True
10373,695000.0,1887100.0,60616,0,0,4.0-6.0,5.0,127.0,road_node,,True,True
10374,679200.0,1881300.0,60609,0,0,4.0-6.0,5.0,127.0,road_node,,True,True
10375,684600.0,1881500.0,60609,0,0,4.0-6.0,5.0,127.0,road_node,,True,True
10376,688600.0,1881600.0,60609,0,0,4.0-6.0,5.0,127.0,road_node,,True,True
10377,695200.0,1881700.0,60653,0,0,4.0-6.0,5.0,127.0,road_node,,True,True
10378,679500.0,1873400.0,60609,0,0,4.0-6.0,5.0,127.0,road_node,,True,True
10379,682100.0,1876100.0,60609,0,0,4.0-6.0,5.0,127.0,road_node,,True,True
10380,688700.0,1876300.0,60609,0,0,4.0-6.0,5.0,127.0,road_node,,True,True
10381,695300.0,1876400.0,60653,0,0,3.0-4.0,3.5,88.9,road_node,,True,True
10382,700600.0,1875500.0,60653,0,0,3.0-4.0,3.5,88.9,road_node,,True,True
10383,679600.0,1870700.0,60609,0,0,4.0-6.0,5.0,127.0,road_node,,True,True
10384,684900.0,1870900.0,60609,0,0,4.0-6.0,5.0,127.0,road_node,,True,True
10385,687600.0,1868200.0,60621,0,0,3.0-4.0,3.5,88.9,road_node,,True,True
10386,695400.0,1871100.0,60615,0,0,3.0-4.0,3.5,88.9,road_node,,True,True
10387,698700.0,1871200.0,60615,0,0,3.0-4.0,3.5,88.9,road_node,,True,True
10388,679700.0,1865500.0,60636,0,0,4.0-6.0,5.0,127.0,road_node,,True,True
10389,685000.0,1865600.0,60636,0,0,3.0-4.0,3.5,88.9,road_node,,True,True
10390,689600.0,1865700.0,60621,0,0,3.0-4.0,3.5,88.9,road_node,,True,True
10391,695500.0,1865800.0,60637,0,0,3.0-4.0,3.5,88.9,road_node,,True,True
10392,700700.0,1867300.0,60637,0,0,3.0-4.0,3.5,88.9,road_node,,True,True
10393,704200.0,1867700.0,60637,0,0,3.0-4.0,3.5,88.9,road_node,,True,True
10394,679800.0,1860100.0,60636,0,0,4.0-6.0,5.0,127.0,road_node,,True,True
10395,685100.0,1860300.0,60636,0,0,2.0-3.0,2.5,63.5,road_node,,True,True
10396,689800.0,1860400.0,60621,0,0,2.0-3.0,2.5,63.5,road_node,,True,True
10397,696400.0,1860500.0,60637,0,0,2.0-3.0,2.5,63.5,road_node,,True,True
10398,700900.0,1861300.0,60637,0,0,3.0-4.0,3.5,88.9,road_node,,True,True
10399,706300.0,1860800.0,60649,0,0,3.0-4.0,3.5,88.9,road_node,,True,True
10400,680000.0,1854200.0,60620,0,0,2.0-3.0,2.5,63.5,road_node,,True,True
10401,685300.0,1855600.0,60636,0,0,2.0-3.0,2.5,63.5,road_node,,True,True
10402,691200.0,1854500.0,60620,0,0,2.0-3.0,2.5,63.5,road_node,,True,True
10403,695800.0,1855200.0,60619,0,0,2.0-3.0,2.5,63.5,road_node,,True,True
10404,701200.0,1855300.0,60619,0,0,2.0-3.0,2.5,63.5,road_node,,True,True
10405,706400.0,1854800.0,60649,0,0,4.0-6.0,5.0,127.0,road_node,,True,True
10406,680100.0,1849500.0,60620,0,0,2.0-3.0,2.5,63.5,road_node,,True,True
10407,685400.0,1849600.0,60620,0,0,2.0-3.0,2.5,63.5,road_node,,True,True
10408,689500.0,1848900.0,60620,0,0,2.0-3.0,2.5,63.5,road_node,,True,True
10409,696000.0,1849900.0,60619,0,0,2.0-3.0,2.5,63.5,road_node,,True,True
10410,698700.0,1847300.0,60619,0,0,2.0-3.0,2.5,63.5,road_node,,True,True
10411,706600.0,1850200.0,60617,0,0,4.0-6.0,5.0,127.0,road_node,,True,True
10412,677700.0,1841500.0,60805,0,0,2.0-3.0,2.5,63.5,road_node,,True,True
10413,685600.0,1844300.0,60620,0,0,2.0-3.0,2.5,63.5,road_node,,True,True
10414,688300.0,1844400.0,60620,0,0,2.0-3.0,2.5,63.5,road_node,,True,True
10415,696300.0,1841900.0,60628,0,0,2.0-3.0,2.5,63.5,road_node,,True,True
10416,703900.0,1847400.0,60619,0,0,4.0-6.0,5.0,127.0,road_node,,True,True
10417,706900.0,1844300.0,60617,0,0,4.0-6.0,5.0,127.0,road_node,,True,True
10418,681300.0,1838900.0,60643,0,0,2.0-3.0,2.5,63.5,road_node,,True,True
10419,685700.0,1839500.0,60643,0,0,2.0-3.0,2.5,63.5,road_node,,True,True
10420,690200.0,1836500.0,60628,0,0,2.0-3.0,2.5,63.5,road_node,,True,True
10421,694700.0,1836600.0,60628,0,0,2.0-3.0,2.5,63.5,road_node,,True,True
10422,699300.0,1842000.0,60628,0,0,3.0-4.0,3.5,88.9,road_node,,True,True
10423,706900.0,1842200.0,60617,0,0,4.0-6.0,5.0,127.0,road_node,,True,True
10424,680700.0,1833600.0,60643,0,0,2.0-3.0,2.5,63.5,road_node,,True,True
10425,684200.0,1833700.0,60643,0,0,2.0-3.0,2.5,63.5,road_node,,True,True
10426,688600.0,1833800.0,60643,0,0,2.0-3.0,2.5,63.5,road_node,,True,True
10427,696600.0,1834000.0,60628,0,0,3.0-4.0,3.5,88.9,road_node,,True,True
10428,698000.0,1834100.0,60628,0,0,3.0-4.0,3.5,88.9,road_node,,True,True
10429,711300.0,1833100.0,60617,0,0,4.0-6.0,5.0,127.0,road_node,,True,True
10430,681800.0,1828400.0,60643,0,0,1.5-2.0,1.75,44.45,road_node,,True,True
10431,686200.0,1828500.0,60643,0,0,2.0-3.0,2.5,63.5,road_node,,True,True
10432,692700.0,1828700.0,60628,0,0,2.0-3.0,2.5,63.5,road_node,,True,True
10433,697200.0,1828700.0,60628,0,0,3.0-4.0,3.5,88.9,road_node,,True,True
10434,704900.0,1822500.0,60633,0,0,3.0-4.0,3.5,88.9,road_node,,True,True
10435,711400.0,1827300.0,60617,0,0,3.0-4.0,3.5,88.9,road_node,,True,True
10436,679900.0,1823200.0,60406,0,0,2.0-3.0,2.5,63.5,road_node,,True,True
10437,688900.0,1823200.0,60827,0,0,2.0-3.0,2.5,63.5,road_node,,True,True
10438,694300.0,1820700.0,60628,0,0,3.0-4.0,3.5,88.9,road_node,,True,True
10439,700900.0,1819300.0,60628,0,0,3.0-4.0,3.5,88.9,road_node,,True,True
10440,704900.0,1821100.0,60633,0,0,3.0-4.0,3.5,88.9,road_node,,True,True
10441,706100.0,1819300.0,60633,0,0,3.0-4.0,3.5,88.9,road_node,,True,True
10442,680000.0,1815900.0,60406,0,0,2.0-3.0,2.5,63.5,road_node,,True,True
10443,683700.0,1818900.0,60406,0,0,2.0-3.0,2.5,63.5,road_node,,True,True
10444,695800.0,1814000.0,60827,0,0,3.0-4.0,3.5,88.9,road_node,,True,True
10445,695700.0,1819100.0,60827,0,0,3.0-4.0,3.5,88.9,road_node,,True,True
10446,701000.0,1816200.0,60827,0,0,3.0-4.0,3.5,88.9,road_node,,True,True
10447,711600.0,1814000.0,60633,0,0,3.0-4.0,3.5,88.9,road_node,,True,True
10448,682800.0,1812600.0,60406,0,0,2.0-3.0,2.5,63.5,road_node,,True,True
10449,689200.0,1811800.0,60827,0,0,2.0-3.0,2.5,63.5,road_node,,True,True
10450,694400.0,1811100.0,60827,0,0,3.0-4.0,3.5,88.9,road_node,,True,True
10451,699100.0,1811100.0,60419,0,0,3.0-4.0,3.5,88.9,road_node,,True,True
10452,701000.0,1811100.0,60419,0,0,3.0-4.0,3.5,88.9,road_node,,True,True
10453,711700.0,1808600.0,60409,0,0,3.0-4.0,3.5,88.9,road_node,,True,True
10454,683800.0,1805700.0,60426,0,0,3.0-4.0,3.5,88.9,road_node,,True,True
10455,687800.0,1805800.0,60426,0,0,3.0-4.0,3.5,88.9,road_node,,True,True
10456,694500.0,1805800.0,60419,0,0,3.0-4.0,3.5,88.9,road_node,,True,True
10457,698500.0,1805800.0,60419,0,0,3.0-4.0,3.5,88.9,road_node,,True,True
10458,702100.0,1805900.0,60419,0,0,3.0-4.0,3.5,88.9,road_node,,True,True
10459,709300.0,1803400.0,60409,0,0,3.0-4.0,3.5,88.9,road_node,,True,True
10460,681200.0,1800400.0,60426,0,0,3.0-4.0,3.5,88.9,road_node,,True,True
10461,688400.0,1800400.0,60426,0,0,3.0-4.0,3.5,88.9,road_node,,True,True
10462,691700.0,1799900.0,60426,0,0,3.0-4.0,3.5,88.9,road_node,,True,True
10463,695900.0,1797800.0,60473,0,0,3.0-4.0,3.5,88.9,road_node,,True,True
10464,701200.0,1797900.0,60473,0,0,2.0-3.0,2.5,63.5,road_node,,True,True
10465,709100.0,1800700.0,60409,0,0,2.0-3.0,2.5,63.5,road_node,,True,True
10466,684000.0,1792500.0,60429,0,0,3.0-4.0,3.5,88.9,road_node,,True,True
10467,688000.0,1792500.0,60426,0,0,3.0-4.0,3.5,88.9,road_node,,True,True
10468,694000.0,1795200.0,60473,0,0,3.0-4.0,3.5,88.9,road_node,,True,True
10469,698700.0,1795000.0,60473,0,0,2.0-3.0,2.5,63.5,road_node,,True,True
10470,705000.0,1795400.0,60473,0,0,2.0-3.0,2.5,63.5,road_node,,True,True
10471,709300.0,1792700.0,60438,0,0,2.0-3.0,2.5,63.5,road_node,,True,True
10472,684300.0,1789800.0,60429,0,0,2.0-3.0,2.5,63.5,road_node,,True,True
10473,688000.0,1789900.0,60430,0,0,2.0-3.0,2.5,63.5,road_node,,True,True
10474,696000.0,1791500.0,60476,0,0,2.0-3.0,2.5,63.5,road_node,,True,True
10475,698700.0,1787400.0,60476,0,0,2.0-3.0,2.5,63.5,road_node,,True,True
10476,706600.0,1788900.0,60476,0,0,2.0-3.0,2.5,63.5,road_node,,True,True
10477,709300.0,1789200.0,60438,0,0,2.0-3.0,2.5,63.5,road_node,,True,True
10478,682500.0,1784500.0,60430,0,0,2.0-3.0,2.5,63.5,road_node,,True,True
10479,688100.0,1783300.0,60430,0,0,2.0-3.0,2.5,63.5,road_node,,True,True
10480,690800.0,1783900.0,60430,0,0,2.0-3.0,2.5,63.5,road_node,,True,True
10481,698600.0,1785900.0,60476,0,0,2.0-3.0,2.5,63.5,road_node,,True,True
10482,705500.0,1782200.0,60476,0,0,2.0-3.0,2.5,63.5,road_node,,True,True
10483,709300.0,1786400.0,60438,0,0,3.0-4.0,3.5,88.9,road_node,,True,True
10484,682900.0,1776600.0,60430,0,0,2.0-3.0,2.5,63.5,road_node,,True,True
10485,685900.0,1781900.0,60430,0,0,2.0-3.0,2.5,63.5,road_node,,True,True
10486,697600.0,1777000.0,60425,0,0,2.0-3.0,2.5,63.5,road_node,,True,True
10487,706800.0,1776700.0,60425,0,0,2.0-3.0,2.5,63.5,road_node,,True,True
10488,683600.0,1775100.0,60422,0,0,2.0-3.0,2.5,63.5,road_node,,True,True
10489,687200.0,1775200.0,60430,0,0,2.0-3.0,2.5,63.5,road_node,,True,True
10490,680400.0,1768500.0,60461,0,0,2.0-3.0,2.5,63.5,road_node,,True,True
10491,688700.0,1768600.0,60422,0,0,2.0-3.0,2.5,63.5,road_node,,True,True
10492,691700.0,1763300.0,60411,0,0,2.0-3.0,2.5,63.5,road_node,,True,True
10493,706900.0,1768800.0,60411,0,0,2.0-3.0,2.5,63.5,road_node,,True,True
10494,685800.0,1763200.0,60461,0,0,2.0-3.0,2.5,63.5,road_node,,True,True
10495,689300.0,1764700.0,60461,0,0,2.0-3.0,2.5,63.5,road_node,,True,True
10496,690600.0,1754100.0,60475,0,0,2.0-3.0,2.5,63.5,road_node,,True,True
10497,696500.0,1754900.0,60475,0,0,1.5-2.0,1.75,44.45,road_node,,True,True
10498,712400.0,1758100.0,60411,0,0,1.5-2.0,1.75,44.45,road_node,,True,True
10499,654200.0,1994400.0,60022,0,0,,,,road_node,,True,False
10500,655800.0,1992200.0,60022,0,0,,,,road_node,,True,False
10501,655100.0,1985300.0,60093,0,0,2.0-3.0,2.5,63.5,road_node,,True,True
10503,655200.0,1980000.0,60093,0,0,2.0-3.0,2.5,63.5,road_node,,True,True
10504,661000.0,1980000.0,60093,0,0,2.0-3.0,2.5,63.5,road_node,,True,True
10505,664200.0,1979300.0,60043,0,0,,,,road_node,,True,False
10506,655200.0,1972100.0,60029,0,0,2.0-3.0,2.5,63.5,road_node,,True,True
10507,660400.0,1974200.0,60091,0,0,3.0-4.0,3.5,88.9,road_node,,True,True
10508,665400.0,1974600.0,60043,0,0,3.0-4.0,3.5,88.9,road_node,,True,True
10509,671000.0,1974300.0,60043,0,0,,,,road_node,,True,False
10510,652500.0,1968200.0,60029,0,0,2.0-3.0,2.5,63.5,road_node,,True,True
10511,660400.0,1969400.0,60091,0,0,3.0-4.0,3.5,88.9,road_node,,True,True
10512,665700.0,1969500.0,60091,0,0,3.0-4.0,3.5,88.9,road_node,,True,True
10513,671100.0,1968400.0,60201,0,0,4.0-6.0,5.0,127.0,road_node,,True,True
10514,676500.0,1969200.0,60201,0,0,3.0-4.0,3.5,88.9,road_node,,True,True
10515,645100.0,1964500.0,60029,0,0,2.0-3.0,2.5,63.5,road_node,,True,True
10516,653900.0,1963300.0,60029,0,0,3.0-4.0,3.5,88.9,road_node,,True,True
10517,655900.0,1963300.0,60029,0,0,3.0-4.0,3.5,88.9,road_node,,True,True
10518,663200.0,1965500.0,60091,0,0,3.0-4.0,3.5,88.9,road_node,,True,True
10519,667100.0,1964900.0,60203,0,0,3.0-4.0,3.5,88.9,road_node,,True,True
10520,673300.0,1965000.0,60201,0,0,3.0-4.0,3.5,88.9,road_node,,True,True
10521,646900.0,1961700.0,60053,0,0,2.0-3.0,2.5,63.5,road_node,,True,True
10522,651300.0,1960700.0,60029,0,0,3.0-4.0,3.5,88.9,road_node,,True,True
10523,655900.0,1960700.0,60077,0,0,3.0-4.0,3.5,88.9,road_node,,True,True
10524,663100.0,1960600.0,60203,0,0,3.0-4.0,3.5,88.9,road_node,,True,True
10525,668100.0,1960700.0,60203,0,0,4.0-6.0,5.0,127.0,road_node,,True,True
10526,672300.0,1960800.0,60201,0,0,4.0-6.0,5.0,127.0,road_node,,True,True
10527,644500.0,1954200.0,60714,0,0,2.0-3.0,2.5,63.5,road_node,,True,True
10528,651300.0,1956000.0,60053,0,0,2.0-3.0,2.5,63.5,road_node,,True,True
10529,656100.0,1955300.0,60077,0,0,3.0-4.0,3.5,88.9,road_node,,True,True
10530,661900.0,1955300.0,60076,0,0,3.0-4.0,3.5,88.9,road_node,,True,True
10531,665500.0,1955400.0,60076,0,0,4.0-6.0,5.0,127.0,road_node,,True,True
10532,672200.0,1955600.0,60202,0,0,4.0-6.0,5.0,127.0,road_node,,True,True
10533,644200.0,1949800.0,60714,0,0,3.0-4.0,3.5,88.9,road_node,,True,True
10534,651100.0,1949800.0,60077,0,0,3.0-4.0,3.5,88.9,road_node,,True,True
10535,656800.0,1952100.0,60077,0,0,3.0-4.0,3.5,88.9,road_node,,True,True
10536,661700.0,1950000.0,60712,0,0,4.0-6.0,5.0,127.0,road_node,,True,True
10537,664800.0,1950000.0,60712,0,0,4.0-6.0,5.0,127.0,road_node,,True,True
10538,672100.0,1950200.0,60645,0,0,4.0-6.0,5.0,127.0,road_node,,True,True
10539,645400.0,1946100.0,60631,0,0,3.0-4.0,3.5,88.9,road_node,,True,True
10540,650700.0,1944100.0,60646,0,0,3.0-4.0,3.5,88.9,road_node,,True,True
10541,655200.0,1944700.0,60646,0,0,4.0-6.0,5.0,127.0,road_node,,True,True
10542,662900.0,1944800.0,60712,0,0,4.0-6.0,5.0,127.0,road_node,,True,True
10543,665000.0,1943800.0,60712,0,0,4.0-6.0,5.0,127.0,road_node,,True,True
10544,672100.0,1944900.0,60645,0,0,4.0-6.0,5.0,127.0,road_node,,True,True
10545,648500.0,1937700.0,60646,0,0,4.0-6.0,5.0,127.0,road_node,,True,True
10546,651100.0,1938200.0,60646,0,0,4.0-6.0,5.0,127.0,road_node,,True,True
10547,654700.0,1941700.0,60646,0,0,4.0-6.0,5.0,127.0,road_node,,True,True
10548,664400.0,1939500.0,60646,0,0,4.0-6.0,5.0,127.0,road_node,,True,True
10549,668300.0,1939600.0,60659,0,0,4.0-6.0,5.0,127.0,road_node,,True,True
10550,672300.0,1937900.0,60659,0,0,4.0-6.0,5.0,127.0,road_node,,True,True
10551,646200.0,1935200.0,60656,0,0,4.0-6.0,5.0,127.0,road_node,,True,True
10552,651100.0,1934900.0,60630,0,0,4.0-6.0,5.0,127.0,road_node,,True,True
10553,658200.0,1934100.0,60630,0,0,4.0-6.0,5.0,127.0,road_node,,True,True
10554,661300.0,1931500.0,60630,0,0,4.0-6.0,5.0,127.0,road_node,,True,True
10555,668500.0,1934300.0,60625,0,0,4.0-6.0,5.0,127.0,road_node,,True,True
10556,672500.0,1934300.0,60625,0,0,4.0-6.0,5.0,127.0,road_node,,True,True
10557,646600.0,1928300.0,60634,0,0,4.0-6.0,5.0,127.0,road_node,,True,True
10558,651300.0,1928500.0,60634,0,0,4.0-6.0,5.0,127.0,road_node,,True,True
10559,656600.0,1928600.0,60641,0,0,4.0-6.0,5.0,127.0,road_node,,True,True
10560,661700.0,1928700.0,60641,0,0,4.0-6.0,5.0,127.0,road_node,,True,True
10561,667300.0,1928900.0,60618,0,0,4.0-6.0,5.0,127.0,road_node,,True,True
10562,672600.0,1929000.0,60618,0,0,4.0-6.0,5.0,127.0,road_node,,True,True
10563,646200.0,1923000.0,60634,0,0,4.0-6.0,5.0,127.0,road_node,,True,True
10564,651500.0,1923200.0,60634,0,0,4.0-6.0,5.0,127.0,road_node,,True,True
10565,656800.0,1923300.0,60641,0,0,4.0-6.0,5.0,127.0,road_node,,True,True
10566,662500.0,1923400.0,60641,0,0,4.0-6.0,5.0,127.0,road_node,,True,True
10567,668700.0,1924600.0,60618,0,0,4.0-6.0,5.0,127.0,road_node,,True,True
10568,671600.0,1922000.0,60618,0,0,4.0-6.0,5.0,127.0,road_node,,True,True
10569,646300.0,1917700.0,60707,0,0,4.0-6.0,5.0,127.0,road_node,,True,True
10570,651700.0,1917800.0,60639,0,0,4.0-6.0,5.0,127.0,road_node,,True,True
10571,656900.0,1918000.0,60639,0,0,4.0-6.0,5.0,127.0,road_node,,True,True
10572,662300.0,1918100.0,60639,0,0,4.0-6.0,5.0,127.0,road_node,,True,True
10573,667600.0,1919400.0,60618,0,0,4.0-6.0,5.0,127.0,road_node,,True,True
10574,672900.0,1917000.0,60647,0,0,4.0-6.0,5.0,127.0,road_node,,True,True
10575,646500.0,1909700.0,60302,0,0,4.0-6.0,5.0,127.0,road_node,,True,True
10576,651800.0,1914000.0,60639,0,0,4.0-6.0,5.0,127.0,road_node,,True,True
10577,657100.0,1912700.0,60639,0,0,4.0-6.0,5.0,127.0,road_node,,True,True
10578,662400.0,1912800.0,60639,0,0,4.0-6.0,5.0,127.0,road_node,,True,True
10579,669000.0,1912900.0,60647,0,0,4.0-6.0,5.0,127.0,road_node,,True,True
10580,673100.0,1913000.0,60647,0,0,4.0-6.0,5.0,127.0,road_node,,True,True
10581,646600.0,1907100.0,60302,0,0,4.0-6.0,5.0,127.0,road_node,,True,True
10582,651900.0,1907300.0,60302,0,0,6.0-8.0,7.0,177.8,road_node,,True,True
10583,657200.0,1907400.0,60651,0,0,6.0-8.0,7.0,177.8,road_node,,True,True
10584,662600.0,1907500.0,60651,0,0,6.0-8.0,7.0,177.8,road_node,,True,True
10585,666500.0,1908200.0,60651,0,0,4.0-6.0,5.0,127.0,road_node,,True,True
10586,671700.0,1907800.0,60622,0,0,4.0-6.0,5.0,127.0,road_node,,True,True
10587,646700.0,1902300.0,60301,0,0,8.0-10.0,9.0,228.6,road_node,,True,True
10588,652000.0,1902200.0,60302,0,0,8.0-10.0,9.0,228.6,road_node,,True,True
10589,657400.0,1901900.0,60644,0,0,8.0-10.0,9.0,228.6,road_node,,True,True
10590,662700.0,1901500.0,60624,0,0,6.0-8.0,7.0,177.8,road_node,,True,True
10591,669300.0,1903100.0,60624,0,0,4.0-6.0,5.0,127.0,road_node,,True,True
10592,672100.0,1900900.0,60612,0,0,4.0-6.0,5.0,127.0,road_node,,True,True
10593,646800.0,1897800.0,60304,0,0,6.0-8.0,7.0,177.8,road_node,,True,True
10594,652200.0,1898000.0,60644,0,0,8.0-10.0,9.0,228.6,road_node,,True,True
10595,657500.0,1898100.0,60644,0,0,8.0-10.0,9.0,228.6,road_node,,True,True
10596,662800.0,1898200.0,60624,0,0,6.0-8.0,7.0,177.8,road_node,,True,True
10597,668100.0,1898400.0,60624,0,0,6.0-8.0,7.0,177.8,road_node,,True,True
10598,673500.0,1897200.0,60612,0,0,6.0-8.0,7.0,177.8,road_node,,True,True
10599,647000.0,1891100.0,60304,0,0,6.0-8.0,7.0,177.8,road_node,,True,True
10600,652300.0,1891300.0,60304,0,0,8.0-10.0,9.0,228.6,road_node,,True,True
10601,657800.0,1888800.0,60804,0,0,8.0-10.0,9.0,228.6,road_node,,True,True
10602,663000.0,1891600.0,60623,0,0,6.0-8.0,7.0,177.8,road_node,,True,True
10603,668300.0,1893100.0,60623,0,0,4.0-6.0,5.0,127.0,road_node,,True,True
10604,673600.0,1892600.0,60623,0,0,4.0-6.0,5.0,127.0,road_node,,True,True
10605,647200.0,1885800.0,60402,0,0,6.0-8.0,7.0,177.8,road_node,,True,True
10606,652500.0,1886000.0,60804,0,0,8.0-10.0,9.0,228.6,road_node,,True,True
10607,657900.0,1885000.0,60804,0,0,8.0-10.0,9.0,228.6,road_node,,True,True
10608,663200.0,1886200.0,60623,0,0,6.0-8.0,7.0,177.8,road_node,,True,True
10609,669800.0,1886400.0,60623,0,0,4.0-6.0,5.0,127.0,road_node,,True,True
10610,673800.0,1886500.0,60623,0,0,4.0-6.0,5.0,127.0,road_node,,True,True
10611,647300.0,1880000.0,60402,0,0,6.0-8.0,7.0,177.8,road_node,,True,True
10612,652500.0,1882500.0,60804,0,0,8.0-10.0,9.0,228.6,road_node,,True,True
10613,655400.0,1878000.0,60804,0,0,6.0-8.0,7.0,177.8,road_node,,True,True
10614,660800.0,1878200.0,60638,0,0,6.0-8.0,7.0,177.8,road_node,,True,True
10615,668500.0,1883700.0,60623,0,0,4.0-6.0,5.0,127.0,road_node,,True,True
10616,673900.0,1881200.0,60632,0,0,4.0-6.0,5.0,127.0,road_node,,True,True
10617,647600.0,1873200.0,60534,0,0,6.0-8.0,7.0,177.8,road_node,,True,True
10618,655600.0,1872900.0,60638,0,0,6.0-8.0,7.0,177.8,road_node,,True,True
10619,660900.0,1872900.0,60638,0,0,6.0-8.0,7.0,177.8,road_node,,True,True
10620,663600.0,1873000.0,60632,0,0,4.0-6.0,5.0,127.0,road_node,,True,True
10621,666200.0,1875800.0,60632,0,0,4.0-6.0,5.0,127.0,road_node,,True,True
10622,674200.0,1875900.0,60632,0,0,4.0-6.0,5.0,127.0,road_node,,True,True
10623,645100.0,1867100.0,60638,0,0,6.0-8.0,7.0,177.8,road_node,,True,True
10624,655700.0,1868500.0,60638,0,0,6.0-8.0,7.0,177.8,road_node,,True,True
10625,661000.0,1867600.0,60638,0,0,4.0-6.0,5.0,127.0,road_node,,True,True
10626,663700.0,1867700.0,60629,0,0,4.0-6.0,5.0,127.0,road_node,,True,True
10627,666300.0,1870400.0,60632,0,0,4.0-6.0,5.0,127.0,road_node,,True,True
10628,674300.0,1870600.0,60632,0,0,4.0-6.0,5.0,127.0,road_node,,True,True
10629,650400.0,1867300.0,60638,0,0,6.0-8.0,7.0,177.8,road_node,,True,True
10630,655800.0,1867500.0,60638,0,0,6.0-8.0,7.0,177.8,road_node,,True,True
10631,660300.0,1865500.0,60638,0,0,4.0-6.0,5.0,127.0,road_node,,True,True
10632,663800.0,1865000.0,60629,0,0,4.0-6.0,5.0,127.0,road_node,,True,True
10633,669200.0,1865100.0,60629,0,0,4.0-6.0,5.0,127.0,road_node,,True,True
10634,674400.0,1865300.0,60629,0,0,4.0-6.0,5.0,127.0,road_node,,True,True
10635,645400.0,1856400.0,60455,0,0,4.0-6.0,5.0,127.0,road_node,,True,True
10636,655900.0,1862100.0,60638,0,0,4.0-6.0,5.0,127.0,road_node,,True,True
10637,661300.0,1859700.0,60629,0,0,4.0-6.0,5.0,127.0,road_node,,True,True
10638,663900.0,1859700.0,60629,0,0,4.0-6.0,5.0,127.0,road_node,,True,True
10639,669300.0,1859800.0,60629,0,0,4.0-6.0,5.0,127.0,road_node,,True,True
10640,674600.0,1860000.0,60629,0,0,4.0-6.0,5.0,127.0,road_node,,True,True
10641,645600.0,1851100.0,60455,0,0,4.0-6.0,5.0,127.0,road_node,,True,True
10642,650900.0,1851300.0,60459,0,0,4.0-6.0,5.0,127.0,road_node,,True,True
10643,657100.0,1851500.0,60459,0,0,4.0-6.0,5.0,127.0,road_node,,True,True
10644,661500.0,1851600.0,60456,0,0,3.0-4.0,3.5,88.9,road_node,,True,True
10645,666800.0,1851800.0,60652,0,0,3.0-4.0,3.5,88.9,road_node,,True,True
10646,672000.0,1851900.0,60652,0,0,3.0-4.0,3.5,88.9,road_node,,True,True
10647,645800.0,1845800.0,60455,0,0,3.0-4.0,3.5,88.9,road_node,,True,True
10648,651100.0,1846000.0,60459,0,0,2.0-3.0,2.5,63.5,road_node,,True,True
10649,656400.0,1846200.0,60459,0,0,3.0-4.0,3.5,88.9,road_node,,True,True
10650,661600.0,1846300.0,60456,0,0,2.0-3.0,2.5,63.5,road_node,,True,True
10651,669300.0,1849100.0,60652,0,0,2.0-3.0,2.5,63.5,road_node,,True,True
10652,672300.0,1846600.0,60805,0,0,2.0-3.0,2.5,63.5,road_node,,True,True
10653,646000.0,1840600.0,60415,0,0,3.0-4.0,3.5,88.9,road_node,,True,True
10654,654200.0,1840800.0,60453,0,0,3.0-4.0,3.5,88.9,road_node,,True,True
10655,656400.0,1842200.0,60453,0,0,3.0-4.0,3.5,88.9,road_node,,True,True
10656,661700.0,1842400.0,60456,0,0,3.0-4.0,3.5,88.9,road_node,,True,True
10657,669700.0,1841200.0,60805,0,0,2.0-3.0,2.5,63.5,road_node,,True,True
10658,675000.0,1844300.0,60805,0,0,2.0-3.0,2.5,63.5,road_node,,True,True
10659,646200.0,1835200.0,60415,0,0,3.0-4.0,3.5,88.9,road_node,,True,True
10660,651300.0,1837200.0,60415,0,0,2.0-3.0,2.5,63.5,road_node,,True,True
10661,656600.0,1837600.0,60453,0,0,3.0-4.0,3.5,88.9,road_node,,True,True
10662,661900.0,1835700.0,60453,0,0,3.0-4.0,3.5,88.9,road_node,,True,True
10663,672600.0,1836000.0,60655,0,0,2.0-3.0,2.5,63.5,road_node,,True,True
10664,675100.0,1841400.0,60805,0,0,2.0-3.0,2.5,63.5,road_node,,True,True
10665,646300.0,1832600.0,60482,0,0,2.0-3.0,2.5,63.5,road_node,,True,True
10666,651400.0,1832800.0,60415,0,0,3.0-4.0,3.5,88.9,road_node,,True,True
10667,656600.0,1835600.0,60453,0,0,3.0-4.0,3.5,88.9,road_node,,True,True
10668,662100.0,1830400.0,60803,0,0,2.0-3.0,2.5,63.5,road_node,,True,True
10669,670000.0,1833400.0,60655,0,0,2.0-3.0,2.5,63.5,road_node,,True,True
10670,675400.0,1833400.0,60655,0,0,2.0-3.0,2.5,63.5,road_node,,True,True
10671,646400.0,1827300.0,60482,0,0,3.0-4.0,3.5,88.9,road_node,,True,True
10672,651600.0,1827500.0,60482,0,0,3.0-4.0,3.5,88.9,road_node,,True,True
10673,656900.0,1827700.0,60803,0,0,3.0-4.0,3.5,88.9,road_node,,True,True
10674,662200.0,1827800.0,60803,0,0,2.0-3.0,2.5,63.5,road_node,,True,True
10675,670300.0,1825300.0,60655,0,0,2.0-3.0,2.5,63.5,road_node,,True,True
10676,672900.0,1828100.0,60655,0,0,2.0-3.0,2.5,63.5,road_node,,True,True
10677,646500.0,1824600.0,60482,0,0,3.0-4.0,3.5,88.9,road_node,,True,True
10678,651700.0,1823400.0,60463,0,0,3.0-4.0,3.5,88.9,road_node,,True,True
10679,662400.0,1822500.0,60803,0,0,2.0-3.0,2.5,63.5,road_node,,True,True
10680,667700.0,1822600.0,60803,0,0,2.0-3.0,2.5,63.5,road_node,,True,True
10681,672300.0,1820100.0,60406,0,0,2.0-3.0,2.5,63.5,road_node,,True,True
10682,678400.0,1820300.0,60406,0,0,2.0-3.0,2.5,63.5,road_node,,True,True
10683,646800.0,1816700.0,60463,0,0,2.0-3.0,2.5,63.5,road_node,,True,True
10684,651900.0,1819500.0,60463,0,0,2.0-3.0,2.5,63.5,road_node,,True,True
10685,658600.0,1819700.0,60803,0,0,2.0-3.0,2.5,63.5,road_node,,True,True
10686,665400.0,1814600.0,60445,0,0,2.0-3.0,2.5,63.5,road_node,,True,True
10687,667900.0,1817300.0,60472,0,0,2.0-3.0,2.5,63.5,road_node,,True,True
10688,675400.0,1817600.0,60406,0,0,2.0-3.0,2.5,63.5,road_node,,True,True
10689,649500.0,1808900.0,60463,0,0,2.0-3.0,2.5,63.5,road_node,,True,True
10690,652200.0,1809000.0,60452,0,0,2.0-3.0,2.5,63.5,road_node,,True,True
10691,657600.0,1810000.0,60445,0,0,2.0-3.0,2.5,63.5,road_node,,True,True
10692,665400.0,1812000.0,60445,0,0,2.0-3.0,2.5,63.5,road_node,,True,True
10693,672800.0,1813600.0,60472,0,0,2.0-3.0,2.5,63.5,road_node,,True,True
10694,674500.0,1812300.0,60472,0,0,2.0-3.0,2.5,63.5,road_node,,True,True
10695,649900.0,1806200.0,60452,0,0,2.0-3.0,2.5,63.5,road_node,,True,True
10696,652300.0,1806300.0,60452,0,0,2.0-3.0,2.5,63.5,road_node,,True,True
10697,660300.0,1806500.0,60445,0,0,2.0-3.0,2.5,63.5,road_node,,True,True
10698,665700.0,1806700.0,60445,0,0,2.0-3.0,2.5,63.5,road_node,,True,True
10699,668200.0,1809000.0,60472,0,0,2.0-3.0,2.5,63.5,road_node,,True,True
10700,673600.0,1806900.0,60469,0,0,2.0-3.0,2.5,63.5,road_node,,True,True
10701,647500.0,1798100.0,60452,0,0,2.0-3.0,2.5,63.5,road_node,,True,True
10702,657700.0,1803700.0,60452,0,0,2.0-3.0,2.5,63.5,road_node,,True,True
10703,660500.0,1801200.0,60452,0,0,2.0-3.0,2.5,63.5,road_node,,True,True
10704,663200.0,1800000.0,60452,0,0,2.0-3.0,2.5,63.5,road_node,,True,True
10705,668600.0,1798700.0,60428,0,0,2.0-3.0,2.5,63.5,road_node,,True,True
10706,674700.0,1797700.0,60428,0,0,2.0-3.0,2.5,63.5,road_node,,True,True
10707,650000.0,1792800.0,60477,0,0,1.0-1.5,1.25,31.75,road_node,,True,True
10708,657400.0,1793000.0,60452,0,0,2.0-3.0,2.5,63.5,road_node,,True,True
10709,660700.0,1795800.0,60452,0,0,2.0-3.0,2.5,63.5,road_node,,True,True
10710,663200.0,1798500.0,60452,0,0,2.0-3.0,2.5,63.5,road_node,,True,True
10711,669400.0,1792300.0,60428,0,0,2.0-3.0,2.5,63.5,road_node,,True,True
10712,674700.0,1792400.0,60428,0,0,3.0-4.0,3.5,88.9,road_node,,True,True
10713,650100.0,1790100.0,60477,0,0,1.0-1.5,1.25,31.75,road_node,,True,True
10714,652800.0,1789700.0,60477,0,0,1.0-1.5,1.25,31.75,road_node,,True,True
10715,658200.0,1787700.0,60478,0,0,1.5-2.0,1.75,44.45,road_node,,True,True
10716,664200.0,1787000.0,60478,0,0,2.0-3.0,2.5,63.5,road_node,,True,True
10717,669500.0,1787100.0,60478,0,0,2.0-3.0,2.5,63.5,road_node,,True,True
10718,674800.0,1787100.0,60429,0,0,2.0-3.0,2.5,63.5,road_node,,True,True
10719,650200.0,1787500.0,60477,0,0,1.0-1.5,1.25,31.75,road_node,,True,True
10720,653800.0,1782200.0,60477,0,0,1.5-2.0,1.75,44.45,road_node,,True,True
10721,659000.0,1781600.0,60478,0,0,2.0-3.0,2.5,63.5,road_node,,True,True
10722,664200.0,1781700.0,60478,0,0,2.0-3.0,2.5,63.5,road_node,,True,True
10723,669500.0,1781800.0,60478,0,0,2.0-3.0,2.5,63.5,road_node,,True,True
10724,679300.0,1787100.0,60429,0,0,2.0-3.0,2.5,63.5,road_node,,True,True
10725,653900.0,1776300.0,60477,0,0,1.5-2.0,1.75,44.45,road_node,,True,True
10726,664500.0,1776300.0,60478,0,0,2.0-3.0,2.5,63.5,road_node,,True,True
10727,669700.0,1776400.0,60422,0,0,2.0-3.0,2.5,63.5,road_node,,True,True
10728,678200.0,1780500.0,60430,0,0,2.0-3.0,2.5,63.5,road_node,,True,True
10729,673700.0,1771100.0,60461,0,0,2.0-3.0,2.5,63.5,road_node,,True,True
10730,675100.0,1773900.0,60422,0,0,2.0-3.0,2.5,63.5,road_node,,True,True
10731,654000.0,1763000.0,60443,0,0,1.5-2.0,1.75,44.45,road_node,,True,True
10732,664600.0,1763100.0,60443,0,0,1.5-2.0,1.75,44.45,road_node,,True,True
10733,672400.0,1768400.0,60461,0,0,2.0-3.0,2.5,63.5,road_node,,True,True
10734,675100.0,1766700.0,60461,0,0,2.0-3.0,2.5,63.5,road_node,,True,True
10735,672500.0,1763200.0,60461,0,0,2.0-3.0,2.5,63.5,road_node,,True,True
10736,680500.0,1763200.0,60461,0,0,2.0-3.0,2.5,63.5,road_node,,True,True
10737,648800.0,1755100.0,60423,0,0,1.0-1.5,1.25,31.75,road_node,,True,True
10738,654100.0,1755100.0,60443,0,0,1.0-1.5,1.25,31.75,road_node,,True,True
10739,659400.0,1755100.0,60471,0,0,1.5-2.0,1.75,44.45,road_node,,True,True
10740,664700.0,1755100.0,60471,0,0,2.0-3.0,2.5,63.5,road_node,,True,True
10741,672600.0,1755200.0,60466,0,0,2.0-3.0,2.5,63.5,road_node,,True,True
10742,680500.0,1757900.0,60466,0,0,2.0-3.0,2.5,63.5,road_node,,True,True
10743,649600.0,1749800.0,60423,0,0,1.0-1.5,1.25,31.75,road_node,,True,True
10744,655000.0,1749800.0,60471,0,0,1.0-1.5,1.25,31.75,road_node,,True,True
10745,660300.0,1749800.0,60471,0,0,1.5-2.0,1.75,44.45,road_node,,True,True
10746,668600.0,1749900.0,60471,0,0,1.5-2.0,1.75,44.45,road_node,,True,True
10747,671400.0,1749800.0,60466,0,0,1.5-2.0,1.75,44.45,road_node,,True,True
10748,677100.0,1752800.0,60466,0,0,1.5-2.0,1.75,44.45,road_node,,True,True
10749,623100.0,1989200.0,60062,0,0,1.5-2.0,1.75,44.45,road_node,,True,True
10750,631500.0,1993300.0,60062,0,0,2.0-3.0,2.5,63.5,road_node,,True,True
10751,637800.0,1993300.0,60062,0,0,2.0-3.0,2.5,63.5,road_node,,True,True
10752,642100.0,1993200.0,60062,0,0,2.0-3.0,2.5,63.5,road_node,,True,True
10753,651900.0,1995900.0,60022,0,0,2.0-3.0,2.5,63.5,road_node,,True,True
10754,631500.0,1989400.0,60062,0,0,2.0-3.0,2.5,63.5,road_node,,True,True
10755,639100.0,1991200.0,60062,0,0,2.0-3.0,2.5,63.5,road_node,,True,True
10756,643500.0,1988000.0,60062,0,0,2.0-3.0,2.5,63.5,road_node,,True,True
10757,647400.0,1992200.0,60022,0,0,2.0-3.0,2.5,63.5,road_node,,True,True
10758,623900.0,1982600.0,60062,0,0,1.5-2.0,1.75,44.45,road_node,,True,True
10759,631500.0,1985400.0,60062,0,0,1.5-2.0,1.75,44.45,road_node,,True,True
10760,636800.0,1985400.0,60062,0,0,2.0-3.0,2.5,63.5,road_node,,True,True
10761,642800.0,1985300.0,60062,0,0,2.0-3.0,2.5,63.5,road_node,,True,True
10762,647400.0,1987000.0,60022,0,0,2.0-3.0,2.5,63.5,road_node,,True,True
10763,631500.0,1981400.0,60026,0,0,1.5-2.0,1.75,44.45,road_node,,True,True
10764,639400.0,1981300.0,60026,0,0,1.5-2.0,1.75,44.45,road_node,,True,True
10765,645000.0,1981300.0,60093,0,0,2.0-3.0,2.5,63.5,road_node,,True,True
10766,650100.0,1980000.0,60093,0,0,2.0-3.0,2.5,63.5,road_node,,True,True
10767,625700.0,1974500.0,60026,0,0,1.5-2.0,1.75,44.45,road_node,,True,True
10768,635500.0,1974700.0,60026,0,0,1.5-2.0,1.75,44.45,road_node,,True,True
10769,639200.0,1971000.0,60025,0,0,2.0-3.0,2.5,63.5,road_node,,True,True
10770,645200.0,1972100.0,60025,0,0,2.0-3.0,2.5,63.5,road_node,,True,True
10771,647300.0,1977400.0,60093,0,0,2.0-3.0,2.5,63.5,road_node,,True,True
10772,634100.0,1969400.0,60025,0,0,1.5-2.0,1.75,44.45,road_node,,True,True
10773,639500.0,1969400.0,60025,0,0,2.0-3.0,2.5,63.5,road_node,,True,True
10774,643300.0,1969400.0,60025,0,0,2.0-3.0,2.5,63.5,road_node,,True,True
10775,649900.0,1968100.0,60029,0,0,3.0-4.0,3.5,88.9,road_node,,True,True
10776,615000.0,1964900.0,60016,0,0,2.0-3.0,2.5,63.5,road_node,,True,True
10777,618200.0,1962500.0,60016,0,0,2.0-3.0,2.5,63.5,road_node,,True,True
10778,625900.0,1962400.0,60016,0,0,2.0-3.0,2.5,63.5,road_node,,True,True
10779,628000.0,1966900.0,60016,0,0,2.0-3.0,2.5,63.5,road_node,,True,True
10780,634000.0,1963600.0,60025,0,0,2.0-3.0,2.5,63.5,road_node,,True,True
10781,641000.0,1965000.0,60025,0,0,2.0-3.0,2.5,63.5,road_node,,True,True
10782,614400.0,1961100.0,60016,0,0,2.0-3.0,2.5,63.5,road_node,,True,True
10783,621400.0,1958400.0,60016,0,0,2.0-3.0,2.5,63.5,road_node,,True,True
10784,624000.0,1958800.0,60016,0,0,2.0-3.0,2.5,63.5,road_node,,True,True
10785,628600.0,1958600.0,60016,0,0,2.0-3.0,2.5,63.5,road_node,,True,True
10786,634000.0,1958800.0,60714,0,0,2.0-3.0,2.5,63.5,road_node,,True,True
10787,643200.0,1960000.0,60053,0,0,2.0-3.0,2.5,63.5,road_node,,True,True
10788,615400.0,1953900.0,60016,0,0,3.0-4.0,3.5,88.9,road_node,,True,True
10789,619300.0,1954100.0,60016,0,0,2.0-3.0,2.5,63.5,road_node,,True,True
10790,622400.0,1956400.0,60016,0,0,2.0-3.0,2.5,63.5,road_node,,True,True
10791,628800.0,1953900.0,60068,0,0,2.0-3.0,2.5,63.5,road_node,,True,True
10792,633900.0,1952200.0,60068,0,0,3.0-4.0,3.5,88.9,road_node,,True,True
10793,641200.0,1952400.0,60714,0,0,2.0-3.0,2.5,63.5,road_node,,True,True
10794,615400.0,1946000.0,60018,0,0,3.0-4.0,3.5,88.9,road_node,,True,True
10795,619300.0,1951000.0,60018,0,0,2.0-3.0,2.5,63.5,road_node,,True,True
10796,624000.0,1951700.0,60068,0,0,2.0-3.0,2.5,63.5,road_node,,True,True
10797,629900.0,1951600.0,60068,0,0,3.0-4.0,3.5,88.9,road_node,,True,True
10798,633900.0,1949500.0,60068,0,0,3.0-4.0,3.5,88.9,road_node,,True,True
10799,643000.0,1949800.0,60631,0,0,3.0-4.0,3.5,88.9,road_node,,True,True
10800,615500.0,1943500.0,60666,0,0,3.0-4.0,3.5,88.9,road_node,,True,True
10801,619400.0,1942800.0,60666,0,0,3.0-4.0,3.5,88.9,road_node,,True,True
10802,622000.0,1942200.0,60666,0,0,3.0-4.0,3.5,88.9,road_node,,True,True
10803,630000.0,1945000.0,60068,0,0,3.0-4.0,3.5,88.9,road_node,,True,True
10804,635100.0,1947000.0,60068,0,0,3.0-4.0,3.5,88.9,road_node,,True,True
10805,642900.0,1942100.0,60631,0,0,4.0-6.0,5.0,127.0,road_node,,True,True
10806,617500.0,1935500.0,60666,0,0,3.0-4.0,3.5,88.9,road_node,,True,True
10807,691000.0,1768600.0,60425,0,0,2.0-3.0,2.5,63.5,road_node,,True,True
10808,622000.0,1941900.0,60666,0,0,3.0-4.0,3.5,88.9,road_node,,True,True
10809,628800.0,1939800.0,60068,0,0,3.0-4.0,3.5,88.9,road_node,,True,True
10810,632400.0,1938600.0,60656,0,0,3.0-4.0,3.5,88.9,road_node,,True,True
10811,639000.0,1940500.0,60631,0,0,4.0-6.0,5.0,127.0,road_node,,True,True
10812,696500.0,1763400.0,60411,0,0,2.0-3.0,2.5,63.5,road_node,,True,True
10813,701600.0,1768800.0,60411,0,0,2.0-3.0,2.5,63.5,road_node,,True,True
10814,625200.0,1930500.0,60176,0,0,2.0-3.0,2.5,63.5,road_node,,True,True
10815,628400.0,1930500.0,60176,0,0,3.0-4.0,3.5,88.9,road_node,,True,True
10816,635200.0,1930800.0,60656,0,0,3.0-4.0,3.5,88.9,road_node,,True,True
10817,638400.0,1933600.0,60656,0,0,4.0-6.0,5.0,127.0,road_node,,True,True
10818,614800.0,1927600.0,60666,0,0,2.0-3.0,2.5,63.5,road_node,,True,True
10819,622000.0,1927300.0,60176,0,0,2.0-3.0,2.5,63.5,road_node,,True,True
10820,625800.0,1926900.0,60176,0,0,2.0-3.0,2.5,63.5,road_node,,True,True
10821,629800.0,1926000.0,60176,0,0,2.0-3.0,2.5,63.5,road_node,,True,True
10822,635200.0,1928000.0,60634,0,0,3.0-4.0,3.5,88.9,road_node,,True,True
10823,640500.0,1928300.0,60706,0,0,4.0-6.0,5.0,127.0,road_node,,True,True
10824,612400.0,1921400.0,60106,0,0,2.0-3.0,2.5,63.5,road_node,,True,True
10825,616700.0,1922900.0,60131,0,0,2.0-3.0,2.5,63.5,road_node,,True,True
10826,622000.0,1921200.0,60131,0,0,1.5-2.0,1.75,44.45,road_node,,True,True
10827,631500.0,1920000.0,60171,0,0,2.0-3.0,2.5,63.5,road_node,,True,True
10828,635300.0,1922800.0,60634,0,0,2.0-3.0,2.5,63.5,road_node,,True,True
10829,641000.0,1923000.0,60634,0,0,4.0-6.0,5.0,127.0,road_node,,True,True
10830,612300.0,1917800.0,60164,0,0,2.0-3.0,2.5,63.5,road_node,,True,True
10831,616700.0,1917600.0,60164,0,0,2.0-3.0,2.5,63.5,road_node,,True,True
10832,625802.0,1917260.0,60131,0,0,2.0-3.0,2.5,63.5,road_node,,True,True
10833,627400.0,1919200.0,60131,0,0,2.0-3.0,2.5,63.5,road_node,,True,True
10834,635400.0,1916800.0,60171,0,0,3.0-4.0,3.5,88.9,road_node,,True,True
10835,641100.0,1915700.0,60707,0,0,4.0-6.0,5.0,127.0,road_node,,True,True
10836,612300.0,1908700.0,60126,0,0,2.0-3.0,2.5,63.5,road_node,,True,True
10837,616900.0,1914200.0,60164,0,0,3.0-4.0,3.5,88.9,road_node,,True,True
10838,622300.0,1909100.0,60165,0,0,2.0-3.0,2.5,63.5,road_node,,True,True
10839,630800.0,1909300.0,60160,0,0,2.0-3.0,2.5,63.5,road_node,,True,True
10840,635500.0,1912300.0,60171,0,0,3.0-4.0,3.5,88.9,road_node,,True,True
10841,638600.0,1909500.0,60305,0,0,4.0-6.0,5.0,127.0,road_node,,True,True
10842,617000.0,1909000.0,60164,0,0,2.0-3.0,2.5,63.5,road_node,,True,True
10843,617001.0,1906640.0,60163,0,0,2.0-3.0,2.5,63.5,road_node,,True,True
10844,622400.0,1905400.0,60165,0,0,2.0-3.0,2.5,63.5,road_node,,True,True
10845,627800.0,1904600.0,60160,0,0,3.0-4.0,3.5,88.9,road_node,,True,True
10846,634500.0,1904200.0,60153,0,0,4.0-6.0,5.0,127.0,road_node,,True,True
10847,641500.0,1905800.0,60305,0,0,4.0-6.0,5.0,127.0,road_node,,True,True
10848,617100.0,1902400.0,60163,0,0,2.0-3.0,2.5,63.5,road_node,,True,True
10849,622400.0,1902300.0,60104,0,0,2.0-3.0,2.5,63.5,road_node,,True,True
10850,627900.0,1899900.0,60104,0,0,3.0-4.0,3.5,88.9,road_node,,True,True
10851,631100.0,1902100.0,60153,0,0,3.0-4.0,3.5,88.9,road_node,,True,True
10852,635900.0,1900200.0,60153,0,0,4.0-6.0,5.0,127.0,road_node,,True,True
10853,641300.0,1902300.0,60305,0,0,4.0-6.0,5.0,127.0,road_node,,True,True
10854,617200.0,1898200.0,60162,0,0,2.0-3.0,2.5,63.5,road_node,,True,True
10855,617400.0,1892800.0,60162,0,0,2.0-3.0,2.5,63.5,road_node,,True,True
10856,622700.0,1893100.0,60162,0,0,2.0-3.0,2.5,63.5,road_node,,True,True
10857,628100.0,1893300.0,60155,0,0,3.0-4.0,3.5,88.9,road_node,,True,True
10858,633500.0,1893500.0,60141,0,0,4.0-6.0,5.0,127.0,road_node,,True,True
10859,641200.0,1897800.0,60130,0,0,4.0-6.0,5.0,127.0,road_node,,True,True
10860,617500.0,1890100.0,60154,0,0,2.0-3.0,2.5,63.5,road_node,,True,True
10861,622900.0,1890300.0,60154,0,0,2.0-3.0,2.5,63.5,road_node,,True,True
10862,627000.0,1887900.0,60155,0,0,3.0-4.0,3.5,88.9,road_node,,True,True
10863,631000.0,1888000.0,60155,0,0,4.0-6.0,5.0,127.0,road_node,,True,True
10864,636400.0,1888200.0,60141,0,0,4.0-6.0,5.0,127.0,road_node,,True,True
10865,639000.0,1888300.0,60546,0,0,6.0-8.0,7.0,177.8,road_node,,True,True
10866,617900.0,1882200.0,60154,0,0,2.0-3.0,2.5,63.5,road_node,,True,True
10867,617600.0,1887500.0,60154,0,0,2.0-3.0,2.5,63.5,road_node,,True,True
10868,625100.0,1882500.0,60526,0,0,3.0-4.0,3.5,88.9,road_node,,True,True
10869,631100.0,1885300.0,60155,0,0,3.0-4.0,3.5,88.9,road_node,,True,True
10870,633800.0,1885400.0,60546,0,0,4.0-6.0,5.0,127.0,road_node,,True,True
10871,639100.0,1885700.0,60546,0,0,6.0-8.0,7.0,177.8,road_node,,True,True
10872,613100.0,1876400.0,60558,0,0,2.0-3.0,2.5,63.5,road_node,,True,True
10873,621000.0,1877100.0,60558,0,0,2.0-3.0,2.5,63.5,road_node,,True,True
10874,623200.0,1882400.0,60526,0,0,3.0-4.0,3.5,88.9,road_node,,True,True
10875,633200.0,1882800.0,60513,0,0,4.0-6.0,5.0,127.0,road_node,,True,True
10876,637500.0,1880300.0,60546,0,0,6.0-8.0,7.0,177.8,road_node,,True,True
10877,639981.0,1880920.0,60546,0,0,6.0-8.0,7.0,177.8,road_node,,True,True
10878,613300.0,1871300.0,60521,0,0,1.5-2.0,1.75,44.45,road_node,,True,True
10879,621100.0,1871600.0,60558,0,0,2.0-3.0,2.5,63.5,road_node,,True,True
10880,626500.0,1871900.0,60525,0,0,3.0-4.0,3.5,88.9,road_node,,True,True
10881,631400.0,1876200.0,60513,0,0,4.0-6.0,5.0,127.0,road_node,,True,True
10882,636100.0,1875400.0,60534,0,0,4.0-6.0,5.0,127.0,road_node,,True,True
10883,639800.0,1872300.0,60534,0,0,4.0-6.0,5.0,127.0,road_node,,True,True
10884,618700.0,1866200.0,60558,0,0,2.0-3.0,2.5,63.5,road_node,,True,True
10885,621300.0,1866300.0,60525,0,0,3.0-4.0,3.5,88.9,road_node,,True,True
10886,626600.0,1867400.0,60525,0,0,3.0-4.0,3.5,88.9,road_node,,True,True
10887,629200.0,1869200.0,60525,0,0,4.0-6.0,5.0,127.0,road_node,,True,True
10888,638800.0,1870600.0,60534,0,0,4.0-6.0,5.0,127.0,road_node,,True,True
10889,642900.0,1867000.0,60501,0,0,4.0-6.0,5.0,127.0,road_node,,True,True
10890,613500.0,1866000.0,60521,0,0,2.0-3.0,2.5,63.5,road_node,,True,True
10891,619000.0,1862300.0,60525,0,0,3.0-4.0,3.5,88.9,road_node,,True,True
10892,626800.0,1862100.0,60525,0,0,4.0-6.0,5.0,127.0,road_node,,True,True
10893,629400.0,1863700.0,60525,0,0,4.0-6.0,5.0,127.0,road_node,,True,True
10894,633900.0,1866700.0,60501,0,0,4.0-6.0,5.0,127.0,road_node,,True,True
10895,641600.0,1861700.0,60501,0,0,4.0-6.0,5.0,127.0,road_node,,True,True
10896,613800.0,1859500.0,60527,0,0,3.0-4.0,3.5,88.9,road_node,,True,True
10897,621700.0,1859000.0,60525,0,0,3.0-4.0,3.5,88.9,road_node,,True,True
10898,627000.0,1858500.0,60525,0,0,3.0-4.0,3.5,88.9,road_node,,True,True
10899,629600.0,1858700.0,60525,0,0,3.0-4.0,3.5,88.9,road_node,,True,True
10900,640000.0,1858300.0,60501,0,0,4.0-6.0,5.0,127.0,road_node,,True,True
10901,640100.0,1856300.0,60458,0,0,4.0-6.0,5.0,127.0,road_node,,True,True
10902,614000.0,1850100.0,60527,0,0,4.0-6.0,5.0,127.0,road_node,,True,True
10903,621800.0,1854100.0,60480,0,0,3.0-4.0,3.5,88.9,road_node,,True,True
10904,626100.0,1854600.0,60525,0,0,4.0-6.0,5.0,127.0,road_node,,True,True
10905,633900.0,1850800.0,60458,0,0,4.0-6.0,5.0,127.0,road_node,,True,True
10906,635000.0,1850800.0,60458,0,0,4.0-6.0,5.0,127.0,road_node,,True,True
10907,640300.0,1850900.0,60455,0,0,4.0-6.0,5.0,127.0,road_node,,True,True
10908,614100.0,1847500.0,60527,0,0,4.0-6.0,5.0,127.0,road_node,,True,True
10909,622000.0,1847700.0,60480,0,0,4.0-6.0,5.0,127.0,road_node,,True,True
10910,627800.0,1847700.0,60480,0,0,4.0-6.0,5.0,127.0,road_node,,True,True
10911,631200.0,1845400.0,60457,0,0,4.0-6.0,5.0,127.0,road_node,,True,True
10912,635200.0,1845500.0,60457,0,0,3.0-4.0,3.5,88.9,road_node,,True,True
10913,640400.0,1845600.0,60457,0,0,3.0-4.0,3.5,88.9,road_node,,True,True
10914,618600.0,1839600.0,60480,0,0,4.0-6.0,5.0,127.0,road_node,,True,True
10915,631300.0,1840000.0,60457,0,0,4.0-6.0,5.0,127.0,road_node,,True,True
10916,635500.0,1834800.0,60465,0,0,3.0-4.0,3.5,88.9,road_node,,True,True
10917,641000.0,1829700.0,60465,0,0,3.0-4.0,3.5,88.9,road_node,,True,True
10918,622700.0,1993300.0,60062,0,0,2.0-3.0,2.5,63.5,road_node,,True,True
10919,628900.0,1989300.0,60062,0,0,1.5-2.0,1.75,44.45,road_node,,True,True
10920,614800.0,1826200.0,60464,0,0,3.0-4.0,3.5,88.9,road_node,,True,True
10921,632900.0,1832100.0,60465,0,0,3.0-4.0,3.5,88.9,road_node,,True,True
10922,580900.0,1958600.0,60173,0,0,2.0-3.0,2.5,63.5,road_node,,True,True
10923,574100.0,1957500.0,60173,0,0,2.0-3.0,2.5,63.5,road_node,,True,True
10924,574000.0,1952900.0,60173,0,0,2.0-3.0,2.5,63.5,road_node,,True,True
10925,628800.0,1993300.0,60062,0,0,2.0-3.0,2.5,63.5,road_node,,True,True
10926,620100.0,1821100.0,60464,0,0,3.0-4.0,3.5,88.9,road_node,,True,True
10927,630900.0,1816100.0,60464,0,0,3.0-4.0,3.5,88.9,road_node,,True,True
10928,641400.0,1821700.0,60463,0,0,3.0-4.0,3.5,88.9,road_node,,True,True
10929,620600.0,1808000.0,60467,0,0,2.0-3.0,2.5,63.5,road_node,,True,True
10930,628700.0,1808200.0,60462,0,0,2.0-3.0,2.5,63.5,road_node,,True,True
10931,640700.0,1808600.0,60462,0,0,2.0-3.0,2.5,63.5,road_node,,True,True
10932,620800.0,1797400.0,60467,0,0,2.0-3.0,2.5,63.5,road_node,,True,True
10933,628600.0,1801500.0,60467,0,0,2.0-3.0,2.5,63.5,road_node,,True,True
10934,639400.0,1797900.0,60462,0,0,2.0-3.0,2.5,63.5,road_node,,True,True
10935,621000.0,1787900.0,60467,0,0,1.0-1.5,1.25,31.75,road_node,,True,True
10936,631800.0,1787100.0,60487,0,0,1.0-1.5,1.25,31.75,road_node,,True,True
10937,642400.0,1790000.0,60477,0,0,1.0-1.5,1.25,31.75,road_node,,True,True
10938,591500.0,1987200.0,60004,0,0,2.0-3.0,2.5,63.5,road_node,,True,True
10939,601300.0,1997800.0,60089,0,0,1.5-2.0,1.75,44.45,road_node,,True,True
10940,607600.0,1995200.0,60090,0,0,2.0-3.0,2.5,63.5,road_node,,True,True
10941,613300.0,1993600.0,60090,0,0,2.0-3.0,2.5,63.5,road_node,,True,True
10942,618300.0,1993600.0,60090,0,0,2.0-3.0,2.5,63.5,road_node,,True,True
10943,601100.0,1988100.0,60004,0,0,2.0-3.0,2.5,63.5,road_node,,True,True
10944,604900.0,1993300.0,60090,0,0,1.5-2.0,1.75,44.45,road_node,,True,True
10945,610200.0,1988100.0,60090,0,0,2.0-3.0,2.5,63.5,road_node,,True,True
10946,618300.0,1988000.0,60090,0,0,2.0-3.0,2.5,63.5,road_node,,True,True
10947,591700.0,1982800.0,60004,0,0,2.0-3.0,2.5,63.5,road_node,,True,True
10948,595800.0,1983700.0,60004,0,0,2.0-3.0,2.5,63.5,road_node,,True,True
10949,599700.0,1982800.0,60004,0,0,2.0-3.0,2.5,63.5,road_node,,True,True
10950,607700.0,1982800.0,60070,0,0,2.0-3.0,2.5,63.5,road_node,,True,True
10951,610300.0,1977500.0,60070,0,0,2.0-3.0,2.5,63.5,road_node,,True,True
10952,589200.0,1976900.0,60008,0,0,2.0-3.0,2.5,63.5,road_node,,True,True
10953,595700.0,1980300.0,60004,0,0,2.0-3.0,2.5,63.5,road_node,,True,True
10954,602800.0,1977500.0,60070,0,0,2.0-3.0,2.5,63.5,road_node,,True,True
10955,605000.0,1980100.0,60070,0,0,2.0-3.0,2.5,63.5,road_node,,True,True
10956,592700.0,1974900.0,60005,0,0,2.0-3.0,2.5,63.5,road_node,,True,True
10957,596900.0,1972300.0,60005,0,0,2.0-3.0,2.5,63.5,road_node,,True,True
10958,601200.0,1974900.0,60070,0,0,2.0-3.0,2.5,63.5,road_node,,True,True
10959,607700.0,1974900.0,60070,0,0,2.0-3.0,2.5,63.5,road_node,,True,True
10960,589100.0,1970000.0,60008,0,0,2.0-3.0,2.5,63.5,road_node,,True,True
10961,596000.0,1966900.0,60005,0,0,2.0-3.0,2.5,63.5,road_node,,True,True
10962,602400.0,1969500.0,60056,0,0,2.0-3.0,2.5,63.5,road_node,,True,True
10963,607700.0,1969500.0,60056,0,0,2.0-3.0,2.5,63.5,road_node,,True,True
10964,615600.0,1972200.0,60056,0,0,2.0-3.0,2.5,63.5,road_node,,True,True
10965,585500.0,1964600.0,60008,0,0,2.0-3.0,2.5,63.5,road_node,,True,True
10966,595900.0,1963900.0,60005,0,0,2.0-3.0,2.5,63.5,road_node,,True,True
10967,598700.0,1964100.0,60005,0,0,2.0-3.0,2.5,63.5,road_node,,True,True
10968,601400.0,1964200.0,60005,0,0,2.0-3.0,2.5,63.5,road_node,,True,True
10969,606900.0,1964200.0,60056,0,0,2.0-3.0,2.5,63.5,road_node,,True,True
10970,585500.0,1954900.0,60173,0,0,2.0-3.0,2.5,63.5,road_node,,True,True
10971,595200.0,1958800.0,60005,0,0,2.0-3.0,2.5,63.5,road_node,,True,True
10972,597400.0,1957700.0,60005,0,0,2.0-3.0,2.5,63.5,road_node,,True,True
10973,604900.0,1959900.0,60056,0,0,2.0-3.0,2.5,63.5,road_node,,True,True
10974,609300.0,1960100.0,60056,0,0,2.0-3.0,2.5,63.5,road_node,,True,True
10975,594100.0,1953000.0,60007,0,0,3.0-4.0,3.5,88.9,road_node,,True,True
10976,598800.0,1950800.0,60007,0,0,3.0-4.0,3.5,88.9,road_node,,True,True
10977,604100.0,1954300.0,60056,0,0,3.0-4.0,3.5,88.9,road_node,,True,True
10978,609400.0,1953700.0,60016,0,0,3.0-4.0,3.5,88.9,road_node,,True,True
10979,589500.0,1943800.0,60007,0,0,3.0-4.0,3.5,88.9,road_node,,True,True
10980,593000.0,1949200.0,60007,0,0,3.0-4.0,3.5,88.9,road_node,,True,True
10981,598800.0,1947200.0,60007,0,0,3.0-4.0,3.5,88.9,road_node,,True,True
10982,605700.0,1946600.0,60007,0,0,3.0-4.0,3.5,88.9,road_node,,True,True
10983,606800.0,1950200.0,60018,0,0,3.0-4.0,3.5,88.9,road_node,,True,True
10984,593400.0,1945000.0,60007,0,0,3.0-4.0,3.5,88.9,road_node,,True,True
10985,596200.0,1945000.0,60007,0,0,3.0-4.0,3.5,88.9,road_node,,True,True
10986,604400.0,1943600.0,60007,0,0,3.0-4.0,3.5,88.9,road_node,,True,True
10987,606800.0,1943600.0,60018,0,0,3.0-4.0,3.5,88.9,road_node,,True,True
10988,563000.0,1996000.0,60010,0,0,1.0-1.5,1.25,31.75,road_node,,True,True
10989,573300.0,1992600.0,60074,0,0,1.5-2.0,1.75,44.45,road_node,,True,True
10990,586500.0,1993400.0,60074,0,0,1.5-2.0,1.75,44.45,road_node,,True,True
10991,564300.0,1985600.0,60067,0,0,2.0-3.0,2.5,63.5,road_node,,True,True
10992,569200.0,1982800.0,60067,0,0,2.0-3.0,2.5,63.5,road_node,,True,True
10993,577100.0,1987300.0,60074,0,0,2.0-3.0,2.5,63.5,road_node,,True,True
10994,581200.0,1984400.0,60074,0,0,1.5-2.0,1.75,44.45,road_node,,True,True
10995,585100.0,1984600.0,60074,0,0,1.5-2.0,1.75,44.45,road_node,,True,True
10996,571300.0,1981500.0,60067,0,0,2.0-3.0,2.5,63.5,road_node,,True,True
10997,575900.0,1980700.0,60067,0,0,3.0-4.0,3.5,88.9,road_node,,True,True
10998,581200.0,1981700.0,60067,0,0,2.0-3.0,2.5,63.5,road_node,,True,True
10999,583800.0,1980100.0,60008,0,0,2.0-3.0,2.5,63.5,road_node,,True,True
11000,565300.0,1973400.0,60195,0,0,2.0-3.0,2.5,63.5,road_node,,True,True
11001,569200.0,1971300.0,60195,0,0,2.0-3.0,2.5,63.5,road_node,,True,True
11002,578500.0,1974200.0,60008,0,0,2.0-3.0,2.5,63.5,road_node,,True,True
11003,589200.0,1972900.0,60008,0,0,2.0-3.0,2.5,63.5,road_node,,True,True
11004,578500.0,1967500.0,60008,0,0,2.0-3.0,2.5,63.5,road_node,,True,True
11005,585800.0,1970900.0,60008,0,0,2.0-3.0,2.5,63.5,road_node,,True,True
11006,551300.0,1964700.0,60169,0,0,1.0-1.5,1.25,31.75,road_node,,True,True
11007,563400.0,1965700.0,60195,0,0,1.0-1.5,1.25,31.75,road_node,,True,True
11008,574100.0,1960900.0,60173,0,0,2.0-3.0,2.5,63.5,road_node,,True,True
11009,555500.0,1949200.0,60194,0,0,1.0-1.5,1.25,31.75,road_node,,True,True
11010,562400.0,1958000.0,60194,0,0,1.0-1.5,1.25,31.75,road_node,,True,True
11011,568700.0,1957300.0,60194,0,0,1.5-2.0,1.75,44.45,road_node,,True,True
11012,563000.0,1952300.0,60194,0,0,1.5-2.0,1.75,44.45,road_node,,True,True
11013,568700.0,1952600.0,60193,0,0,1.5-2.0,1.75,44.45,road_node,,True,True
11014,578000.0,1953000.0,60173,0,0,2.0-3.0,2.5,63.5,road_node,,True,True
11015,558000.0,1944000.0,60193,0,0,1.0-1.5,1.25,31.75,road_node,,True,True
11016,560800.0,1940400.0,60193,0,0,1.5-2.0,1.75,44.45,road_node,,True,True
11017,574000.0,1942200.0,60157,0,0,2.0-3.0,2.5,63.5,road_node,,True,True
11018,529700.0,1993300.0,60010,0,0,1.5-2.0,1.75,44.45,road_node,,True,True
11019,542800.0,1993300.0,60010,0,0,1.5-2.0,1.75,44.45,road_node,,True,True
11020,553400.0,1995900.0,60010,0,0,1.5-2.0,1.75,44.45,road_node,,True,True
11021,532500.0,1982700.0,60192,0,0,1.0-1.5,1.25,31.75,road_node,,True,True
11022,542400.0,1984200.0,60010,0,0,1.0-1.5,1.25,31.75,road_node,,True,True
11023,552100.0,1982800.0,60010,0,0,1.5-2.0,1.75,44.45,road_node,,True,True
11024,529800.0,1972100.0,60192,0,0,1.0-1.5,1.25,31.75,road_node,,True,True
11025,541600.0,1968700.0,60192,0,0,1.0-1.5,1.25,31.75,road_node,,True,True
11026,552100.0,1972200.0,60192,0,0,1.5-2.0,1.75,44.45,road_node,,True,True
11027,526300.0,1963300.0,60120,0,0,0.5-1.0,0.75,19.05,road_node,,True,True
11028,537900.0,1964700.0,60192,0,0,0.5-1.0,0.75,19.05,road_node,,True,True
11029,541800.0,1964800.0,60192,0,0,0.5-1.0,0.75,19.05,road_node,,True,True
11030,522700.0,1950900.0,60120,0,0,0.5-1.0,0.75,19.05,road_node,,True,True
11031,535800.0,1954000.0,60107,0,0,0.5-1.0,0.75,19.05,road_node,,True,True
11032,546200.0,1954100.0,60107,0,0,0.5-1.0,0.75,19.05,road_node,,True,True
11033,523500.0,1943700.0,60120,0,0,0.5-1.0,0.75,19.05,road_node,,True,True
11034,540200.0,1939800.0,60103,0,0,0.5-1.0,0.75,19.05,road_node,,True,True
11035,542900.0,1943200.0,60107,0,0,1.0-1.5,1.25,31.75,road_node,,True,True
11036,591100.0,1817600.0,60439,0,0,2.0-3.0,2.5,63.5,road_node,,True,True
11037,598400.0,1817800.0,60439,0,0,2.0-3.0,2.5,63.5,road_node,,True,True
11038,609500.0,1820800.0,60439,0,0,3.0-4.0,3.5,88.9,road_node,,True,True
11039,589600.0,1828100.0,60439,0,0,1.5-2.0,1.75,44.45,road_node,,True,True
11040,598700.0,1826700.0,60439,0,0,4.0-6.0,5.0,127.0,road_node,,True,True
11041,610600.0,1828800.0,60439,0,0,4.0-6.0,5.0,127.0,road_node,,True,True
11042,589100.0,1837400.0,60561,0,0,2.0-3.0,2.5,63.5,road_node,,True,True
11043,601700.0,1836400.0,60439,0,0,4.0-6.0,5.0,127.0,road_node,,True,True
11044,608900.0,1842000.0,60527,0,0,4.0-6.0,5.0,127.0,road_node,,True,True
11045,581959.0,1938130.0,60143,0,0,2.0-3.0,2.5,63.5,road_node,,True,True
11046,589500.0,1936800.0,60143,0,0,3.0-4.0,3.5,88.9,road_node,,True,True
11047,596000.0,1937000.0,60191,0,0,3.0-4.0,3.5,88.9,road_node,,True,True
11048,596900.0,1936900.0,60191,0,0,3.0-4.0,3.5,88.9,road_node,,True,True
11049,601800.0,1936400.0,60191,0,0,3.0-4.0,3.5,88.9,road_node,,True,True
11050,606800.0,1940400.0,60018,0,0,3.0-4.0,3.5,88.9,road_node,,True,True
11051,582100.0,1932800.0,60143,0,0,3.0-4.0,3.5,88.9,road_node,,True,True
11052,587700.0,1931300.0,60143,0,0,3.0-4.0,3.5,88.9,road_node,,True,True
11053,593300.0,1930100.0,60191,0,0,3.0-4.0,3.5,88.9,road_node,,True,True
11054,599000.0,1930700.0,60191,0,0,3.0-4.0,3.5,88.9,road_node,,True,True
11055,601800.0,1930800.0,60106,0,0,3.0-4.0,3.5,88.9,road_node,,True,True
11056,607000.0,1934400.0,60106,0,0,3.0-4.0,3.5,88.9,road_node,,True,True
11057,582100.0,1924600.0,60143,0,0,3.0-4.0,3.5,88.9,road_node,,True,True
11058,589800.0,1926400.0,60191,0,0,3.0-4.0,3.5,88.9,road_node,,True,True
11059,593600.0,1926500.0,60191,0,0,3.0-4.0,3.5,88.9,road_node,,True,True
11060,599000.0,1929000.0,60191,0,0,3.0-4.0,3.5,88.9,road_node,,True,True
11061,604500.0,1928600.0,60106,0,0,3.0-4.0,3.5,88.9,road_node,,True,True
11062,607100.0,1926400.0,60106,0,0,2.0-3.0,2.5,63.5,road_node,,True,True
11063,584700.0,1923100.0,60101,0,0,2.0-3.0,2.5,63.5,road_node,,True,True
11064,589800.0,1920300.0,60101,0,0,2.0-3.0,2.5,63.5,road_node,,True,True
11065,593800.0,1917900.0,60101,0,0,2.0-3.0,2.5,63.5,road_node,,True,True
11066,596800.0,1922600.0,60191,0,0,2.0-3.0,2.5,63.5,road_node,,True,True
11067,603500.0,1922900.0,60106,0,0,2.0-3.0,2.5,63.5,road_node,,True,True
11068,607000.0,1923100.0,60106,0,0,2.0-3.0,2.5,63.5,road_node,,True,True
11069,582000.0,1917700.0,60101,0,0,2.0-3.0,2.5,63.5,road_node,,True,True
11070,588800.0,1913400.0,60101,0,0,2.0-3.0,2.5,63.5,road_node,,True,True
11071,593800.0,1913600.0,60101,0,0,3.0-4.0,3.5,88.9,road_node,,True,True
11072,596600.0,1916900.0,60101,0,0,2.0-3.0,2.5,63.5,road_node,,True,True
11073,603300.0,1917500.0,60106,0,0,2.0-3.0,2.5,63.5,road_node,,True,True
11074,607100.0,1917800.0,60106,0,0,2.0-3.0,2.5,63.5,road_node,,True,True
11075,584000.0,1907900.0,60101,0,0,2.0-3.0,2.5,63.5,road_node,,True,True
11076,588500.0,1908000.0,60101,0,0,2.0-3.0,2.5,63.5,road_node,,True,True
11077,593800.0,1908200.0,60181,0,0,2.0-3.0,2.5,63.5,road_node,,True,True
11078,599100.0,1908300.0,60126,0,0,2.0-3.0,2.5,63.5,road_node,,True,True
11079,603100.0,1913300.0,60126,0,0,2.0-3.0,2.5,63.5,road_node,,True,True
11080,607000.0,1908600.0,60126,0,0,2.0-3.0,2.5,63.5,road_node,,True,True
11081,583200.0,1905100.0,60148,0,0,2.0-3.0,2.5,63.5,road_node,,True,True
11082,588500.0,1902600.0,60148,0,0,2.0-3.0,2.5,63.5,road_node,,True,True
11083,592500.0,1902600.0,60181,0,0,2.0-3.0,2.5,63.5,road_node,,True,True
11084,599200.0,1902700.0,60181,0,0,2.0-3.0,2.5,63.5,road_node,,True,True
11085,601900.0,1902800.0,60126,0,0,2.0-3.0,2.5,63.5,road_node,,True,True
11086,607100.0,1902900.0,60126,0,0,2.0-3.0,2.5,63.5,road_node,,True,True
11087,583100.0,1901200.0,60148,0,0,2.0-3.0,2.5,63.5,road_node,,True,True
11088,588600.0,1897200.0,60148,0,0,2.0-3.0,2.5,63.5,road_node,,True,True
11089,592600.0,1897200.0,60181,0,0,2.0-3.0,2.5,63.5,road_node,,True,True
11090,596600.0,1897300.0,60181,0,0,1.5-2.0,1.75,44.45,road_node,,True,True
11091,604400.0,1902800.0,60126,0,0,2.0-3.0,2.5,63.5,road_node,,True,True
11092,609700.0,1902700.0,60126,0,0,1.5-2.0,1.75,44.45,road_node,,True,True
11093,581900.0,1895800.0,60148,0,0,2.0-3.0,2.5,63.5,road_node,,True,True
11094,588200.0,1891800.0,60148,0,0,2.0-3.0,2.5,63.5,road_node,,True,True
11095,596800.0,1891900.0,60181,0,0,1.5-2.0,1.75,44.45,road_node,,True,True
11096,599500.0,1892000.0,60181,0,0,2.0-3.0,2.5,63.5,road_node,,True,True
11097,604700.0,1894000.0,60181,0,0,1.5-2.0,1.75,44.45,road_node,,True,True
11098,608800.0,1895400.0,60162,0,0,2.0-3.0,2.5,63.5,road_node,,True,True
11099,583500.0,1891600.0,60148,0,0,2.0-3.0,2.5,63.5,road_node,,True,True
11100,587700.0,1886400.0,60148,0,0,2.0-3.0,2.5,63.5,road_node,,True,True
11101,592800.0,1891900.0,60181,0,0,2.0-3.0,2.5,63.5,road_node,,True,True
11102,598300.0,1888500.0,60523,0,0,1.5-2.0,1.75,44.45,road_node,,True,True
11103,604900.0,1888700.0,60523,0,0,1.5-2.0,1.75,44.45,road_node,,True,True
11104,610100.0,1887300.0,60523,0,0,2.0-3.0,2.5,63.5,road_node,,True,True
11105,583800.0,1882000.0,60515,0,0,2.0-3.0,2.5,63.5,road_node,,True,True
11106,587800.0,1883400.0,60515,0,0,1.5-2.0,1.75,44.45,road_node,,True,True
11107,593300.0,1885600.0,60523,0,0,2.0-3.0,2.5,63.5,road_node,,True,True
11108,598500.0,1881400.0,60523,0,0,1.5-2.0,1.75,44.45,road_node,,True,True
11109,605700.0,1881800.0,60523,0,0,1.5-2.0,1.75,44.45,road_node,,True,True
11110,610300.0,1881900.0,60523,0,0,1.5-2.0,1.75,44.45,road_node,,True,True
11111,582800.0,1876900.0,60515,0,0,2.0-3.0,2.5,63.5,road_node,,True,True
11112,587900.0,1878300.0,60515,0,0,2.0-3.0,2.5,63.5,road_node,,True,True
11113,593300.0,1878700.0,60515,0,0,2.0-3.0,2.5,63.5,road_node,,True,True
11114,598400.0,1878900.0,60523,0,0,1.5-2.0,1.75,44.45,road_node,,True,True
11115,607800.0,1879300.0,60523,0,0,1.5-2.0,1.75,44.45,road_node,,True,True
11116,610700.0,1876800.0,60521,0,0,1.5-2.0,1.75,44.45,road_node,,True,True
11117,585500.0,1872700.0,60515,0,0,2.0-3.0,2.5,63.5,road_node,,True,True
11118,587800.0,1873000.0,60515,0,0,2.0-3.0,2.5,63.5,road_node,,True,True
11119,592100.0,1873400.0,60515,0,0,2.0-3.0,2.5,63.5,road_node,,True,True
11120,597400.0,1873600.0,60559,0,0,1.5-2.0,1.75,44.45,road_node,,True,True
11121,602900.0,1871000.0,60514,0,0,1.5-2.0,1.75,44.45,road_node,,True,True
11122,611100.0,1876000.0,60521,0,0,1.5-2.0,1.75,44.45,road_node,,True,True
11123,585900.0,1868400.0,60515,0,0,2.0-3.0,2.5,63.5,road_node,,True,True
11124,588000.0,1868100.0,60515,0,0,2.0-3.0,2.5,63.5,road_node,,True,True
11125,592300.0,1868700.0,60559,0,0,2.0-3.0,2.5,63.5,road_node,,True,True
11126,597500.0,1870800.0,60559,0,0,2.0-3.0,2.5,63.5,road_node,,True,True
11127,602900.0,1865800.0,60514,0,0,2.0-3.0,2.5,63.5,road_node,,True,True
11128,610600.0,1871000.0,60521,0,0,1.5-2.0,1.75,44.45,road_node,,True,True
11129,585800.0,1865300.0,60515,0,0,2.0-3.0,2.5,63.5,road_node,,True,True
11130,588300.0,1865300.0,60515,0,0,2.0-3.0,2.5,63.5,road_node,,True,True
11131,592400.0,1865400.0,60559,0,0,2.0-3.0,2.5,63.5,road_node,,True,True
11132,597600.0,1865600.0,60559,0,0,2.0-3.0,2.5,63.5,road_node,,True,True
11133,603100.0,1860500.0,60514,0,0,2.0-3.0,2.5,63.5,road_node,,True,True
11134,608400.0,1860600.0,60521,0,0,2.0-3.0,2.5,63.5,road_node,,True,True
11135,586100.0,1859900.0,60516,0,0,2.0-3.0,2.5,63.5,road_node,,True,True
11136,588700.0,1854700.0,60516,0,0,3.0-4.0,3.5,88.9,road_node,,True,True
11137,592500.0,1860100.0,60516,0,0,2.0-3.0,2.5,63.5,road_node,,True,True
11138,597800.0,1860300.0,60559,0,0,2.0-3.0,2.5,63.5,road_node,,True,True
11139,608500.0,1856900.0,60527,0,0,3.0-4.0,3.5,88.9,road_node,,True,True
11140,611100.0,1858400.0,60527,0,0,3.0-4.0,3.5,88.9,road_node,,True,True
11141,587400.0,1852000.0,60516,0,0,3.0-4.0,3.5,88.9,road_node,,True,True
11142,589600.0,1852000.0,60516,0,0,3.0-4.0,3.5,88.9,road_node,,True,True
11143,592800.0,1852100.0,60561,0,0,3.0-4.0,3.5,88.9,road_node,,True,True
11144,599700.0,1852300.0,60561,0,0,2.0-3.0,2.5,63.5,road_node,,True,True
11145,603300.0,1854300.0,60527,0,0,2.0-3.0,2.5,63.5,road_node,,True,True
11146,608700.0,1850000.0,60527,0,0,4.0-6.0,5.0,127.0,road_node,,True,True
11147,587500.0,1846600.0,60517,0,0,2.0-3.0,2.5,63.5,road_node,,True,True
11148,587700.0,1844000.0,60517,0,0,2.0-3.0,2.5,63.5,road_node,,True,True
11149,598200.0,1846800.0,60561,0,0,3.0-4.0,3.5,88.9,road_node,,True,True
11150,603500.0,1846300.0,60527,0,0,4.0-6.0,5.0,127.0,road_node,,True,True
11151,603500.0,1848000.0,60527,0,0,4.0-6.0,5.0,127.0,road_node,,True,True
11152,608800.0,1847200.0,60527,0,0,4.0-6.0,5.0,127.0,road_node,,True,True
11153,549800.0,1932900.0,60133,0,0,1.5-2.0,1.75,44.45,road_node,,True,True
11154,568800.0,1936700.0,60172,0,0,2.0-3.0,2.5,63.5,road_node,,True,True
11155,576700.0,1936000.0,60157,0,0,2.0-3.0,2.5,63.5,road_node,,True,True
11156,557900.0,1920500.0,60108,0,0,2.0-3.0,2.5,63.5,road_node,,True,True
11157,568600.0,1925900.0,60108,0,0,2.0-3.0,2.5,63.5,road_node,,True,True
11158,576700.0,1926200.0,60157,0,0,3.0-4.0,3.5,88.9,road_node,,True,True
11159,557900.0,1907700.0,60188,0,0,1.5-2.0,1.75,44.45,road_node,,True,True
11160,568400.0,1906800.0,60139,0,0,2.0-3.0,2.5,63.5,road_node,,True,True
11161,573700.0,1910100.0,60139,0,0,2.0-3.0,2.5,63.5,road_node,,True,True
11162,553700.0,1901600.0,60190,0,0,1.0-1.5,1.25,31.75,road_node,,True,True
11163,557700.0,1901700.0,60187,0,0,1.0-1.5,1.25,31.75,road_node,,True,True
11164,561700.0,1905200.0,60188,0,0,2.0-3.0,2.5,63.5,road_node,,True,True
11165,568400.0,1902100.0,60187,0,0,2.0-3.0,2.5,63.5,road_node,,True,True
11166,573500.0,1902500.0,60137,0,0,2.0-3.0,2.5,63.5,road_node,,True,True
11167,577400.0,1902500.0,60137,0,0,2.0-3.0,2.5,63.5,road_node,,True,True
11168,553800.0,1897700.0,60190,0,0,1.0-1.5,1.25,31.75,road_node,,True,True
11169,557900.0,1898500.0,60187,0,0,1.0-1.5,1.25,31.75,road_node,,True,True
11170,561800.0,1898400.0,60187,0,0,1.5-2.0,1.75,44.45,road_node,,True,True
11171,565800.0,1898700.0,60187,0,0,1.5-2.0,1.75,44.45,road_node,,True,True
11172,572700.0,1897200.0,60137,0,0,2.0-3.0,2.5,63.5,road_node,,True,True
11173,581600.0,1900500.0,60148,0,0,2.0-3.0,2.5,63.5,road_node,,True,True
11174,551900.0,1893000.0,60190,0,0,0.5-1.0,0.75,19.05,road_node,,True,True
11175,560000.0,1893700.0,60187,0,0,1.5-2.0,1.75,44.45,road_node,,True,True
11176,561800.0,1894500.0,60187,0,0,1.5-2.0,1.75,44.45,road_node,,True,True
11177,569200.0,1894900.0,60137,0,0,1.5-2.0,1.75,44.45,road_node,,True,True
11178,574100.0,1895900.0,60137,0,0,2.0-3.0,2.5,63.5,road_node,,True,True
11179,576500.0,1891400.0,60137,0,0,2.0-3.0,2.5,63.5,road_node,,True,True
11180,551000.0,1890500.0,60190,0,0,0.5-1.0,0.75,19.05,road_node,,True,True
11181,557500.0,1890900.0,60187,0,0,1.0-1.5,1.25,31.75,road_node,,True,True
11182,563100.0,1888400.0,60189,0,0,2.0-3.0,2.5,63.5,road_node,,True,True
11183,567000.0,1888500.0,60137,0,0,1.5-2.0,1.75,44.45,road_node,,True,True
11184,574000.0,1888600.0,60137,0,0,1.5-2.0,1.75,44.45,road_node,,True,True
11185,576500.0,1888700.0,60137,0,0,2.0-3.0,2.5,63.5,road_node,,True,True
11186,556500.0,1880300.0,60189,0,0,1.0-1.5,1.25,31.75,road_node,,True,True
11187,563500.0,1880200.0,60189,0,0,2.0-3.0,2.5,63.5,road_node,,True,True
11188,576700.0,1880700.0,60515,0,0,2.0-3.0,2.5,63.5,road_node,,True,True
11190,623600.0,1985600.0,60062,0,0,1.5-2.0,1.75,44.45,road_node,,True,True
11191,628800.0,1981400.0,60026,0,0,1.5-2.0,1.75,44.45,road_node,,True,True
11192,628800.0,1985300.0,60062,0,0,1.5-2.0,1.75,44.45,road_node,,True,True
11193,635400.0,1840100.0,60457,0,0,4.0-6.0,5.0,127.0,road_node,,True,True
11194,640900.0,1835000.0,60465,0,0,3.0-4.0,3.5,88.9,road_node,,True,True
11195,640700.0,1840300.0,60457,0,0,3.0-4.0,3.5,88.9,road_node,,True,True
11196,594300.0,1996000.0,60089,0,0,1.5-2.0,1.75,44.45,road_node,,True,True
11197,595800.0,1991200.0,60004,0,0,2.0-3.0,2.5,63.5,road_node,,True,True
11198,553800.0,1867300.0,60563,0,0,1.0-1.5,1.25,31.75,road_node,,True,True
11199,566000.0,1869500.0,60532,0,0,2.0-3.0,2.5,63.5,road_node,,True,True
11200,580400.0,1872100.0,60515,0,0,2.0-3.0,2.5,63.5,road_node,,True,True
11201,553100.0,1859700.0,60540,0,0,0.5-1.0,0.75,19.05,road_node,,True,True
11202,565600.0,1863200.0,60532,0,0,2.0-3.0,2.5,63.5,road_node,,True,True
11203,573100.0,1855300.0,60517,0,0,2.0-3.0,2.5,63.5,road_node,,True,True
11204,555200.0,1851400.0,60540,0,0,0.5-1.0,0.75,19.05,road_node,,True,True
11205,562600.0,1851100.0,60565,0,0,1.0-1.5,1.25,31.75,road_node,,True,True
11206,579800.0,1851700.0,60517,0,0,2.0-3.0,2.5,63.5,road_node,,True,True
11207,525600.0,1933900.0,60103,0,0,0.5-1.0,0.75,19.05,road_node,,True,True
11208,534300.0,1933400.0,60103,0,0,0.5-1.0,0.75,19.05,road_node,,True,True
11209,540600.0,1932900.0,60103,0,0,1.0-1.5,1.25,31.75,road_node,,True,True
11210,524700.0,1924500.0,60184,0,0,0.5-1.0,0.75,19.05,road_node,,True,True
11211,533900.0,1919100.0,60184,0,0,1.0-1.5,1.25,31.75,road_node,,True,True
11212,543600.0,1921600.0,60133,0,0,1.0-1.5,1.25,31.75,road_node,,True,True
11213,519300.0,1913800.0,60174,0,0,0.5-1.0,0.75,19.05,road_node,,True,True
11214,539100.0,1910700.0,60185,0,0,1.0-1.5,1.25,31.75,road_node,,True,True
11215,548400.0,1909200.0,60188,0,0,1.0-1.5,1.25,31.75,road_node,,True,True
11216,525000.0,1898000.0,60185,0,0,0.5-1.0,0.75,19.05,road_node,,True,True
11217,535100.0,1900700.0,60185,0,0,0.5-1.0,0.75,19.05,road_node,,True,True
11218,542000.0,1901100.0,60190,0,0,0.5-1.0,0.75,19.05,road_node,,True,True
11219,524400.0,1885000.0,60510,0,0,0.5-1.0,0.75,19.05,road_node,,True,True
11220,533900.0,1893500.0,60185,0,0,0.5-1.0,0.75,19.05,road_node,,True,True
11221,547100.0,1892000.0,60190,0,0,0.5-1.0,0.75,19.05,road_node,,True,True
11222,527800.0,1877000.0,60502,0,0,0.5-1.0,0.75,19.05,road_node,,True,True
11223,536000.0,1881200.0,60555,0,0,1.0-1.5,1.25,31.75,road_node,,True,True
11224,543800.0,1876100.0,60555,0,0,1.0-1.5,1.25,31.75,road_node,,True,True
11225,525100.0,1866900.0,60502,0,0,0.5-1.0,0.75,19.05,road_node,,True,True
11226,534800.0,1868400.0,60563,0,0,0.5-1.0,0.75,19.05,road_node,,True,True
11227,544600.0,1863700.0,60563,0,0,0.5-1.0,0.75,19.05,road_node,,True,True
11228,522200.0,1854700.0,60504,0,0,1.0-1.5,1.25,31.75,road_node,,True,True
11229,534700.0,1856000.0,60504,0,0,0.5-1.0,0.75,19.05,road_node,,True,True
11230,543200.0,1857600.0,60540,0,0,0.5-1.0,0.75,19.05,road_node,,True,True
11231,528100.0,1850000.0,60504,0,0,0.5-1.0,0.75,19.05,road_node,,True,True
11232,534600.0,1845100.0,60564,0,0,0.5-1.0,0.75,19.05,road_node,,True,True
11233,547600.0,1850700.0,60540,0,0,0.5-1.0,0.75,19.05,road_node,,True,True
11289,638900.0,2022200.0,60040,0,0,,,,road_node,,True,False
11290,625100.0,2015700.0,60015,0,0,1.5-2.0,1.75,44.45,road_node,,True,True
11291,627500.0,2015700.0,60015,0,0,1.5-2.0,1.75,44.45,road_node,,True,True
11292,635600.0,2015600.0,60040,0,0,1.5-2.0,1.75,44.45,road_node,,True,True
11293,639600.0,2017500.0,60040,0,0,,,,road_node,,True,False
11295,621800.0,2011800.0,60015,0,0,1.5-2.0,1.75,44.45,road_node,,True,True
11296,626400.0,2009000.0,60015,0,0,2.0-3.0,2.5,63.5,road_node,,True,True
11297,635400.0,2011700.0,60035,0,0,2.0-3.0,2.5,63.5,road_node,,True,True
11298,641600.0,2009000.0,60035,0,0,2.0-3.0,2.5,63.5,road_node,,True,True
11299,644200.0,2011400.0,60035,0,0,,,,road_node,,True,False
11300,622100.0,2004300.0,60015,0,0,2.0-3.0,2.5,63.5,road_node,,True,True
11301,627700.0,2006400.0,60015,0,0,2.0-3.0,2.5,63.5,road_node,,True,True
11302,635700.0,2007600.0,60035,0,0,2.0-3.0,2.5,63.5,road_node,,True,True
11303,638500.0,2006000.0,60035,0,0,2.0-3.0,2.5,63.5,road_node,,True,True
11304,645100.0,2007200.0,60035,0,0,2.0-3.0,2.5,63.5,road_node,,True,True
11306,621900.0,1998500.0,60015,0,0,2.0-3.0,2.5,63.5,road_node,,True,True
11307,628300.0,2002300.0,60015,0,0,2.0-3.0,2.5,63.5,road_node,,True,True
11308,634900.0,1998500.0,60062,0,0,2.0-3.0,2.5,63.5,road_node,,True,True
11309,641000.0,2001100.0,60035,0,0,2.0-3.0,2.5,63.5,road_node,,True,True
11310,644000.0,1998500.0,60022,0,0,2.0-3.0,2.5,63.5,road_node,,True,True
11311,648900.0,2001200.0,60022,0,0,,,,road_node,,True,False
11336,615800.0,2023600.0,60069,0,0,,,,road_node,,True,False
11337,593100.0,2017800.0,60061,0,0,,,,road_node,,True,False
11338,608500.0,2015800.0,60069,0,0,1.0-1.5,1.25,31.75,road_node,,True,True
11339,615700.0,2015800.0,60069,0,0,1.5-2.0,1.75,44.45,road_node,,True,True
11340,594400.0,2001300.0,60089,0,0,1.0-1.5,1.25,31.75,road_node,,True,True
11341,604000.0,2005200.0,60089,0,0,1.5-2.0,1.75,44.45,road_node,,True,True
11342,618200.0,2003800.0,60015,0,0,2.0-3.0,2.5,63.5,road_node,,True,True
11372,587800.0,2020500.0,60047,0,0,,,,road_node,,True,False
11373,565000.0,2014400.0,60047,0,0,1.0-1.5,1.25,31.75,road_node,,True,True
11374,574600.0,2014600.0,60047,0,0,1.0-1.5,1.25,31.75,road_node,,True,True
11375,585300.0,2014500.0,60047,0,0,1.0-1.5,1.25,31.75,road_node,,True,True
11376,562700.0,2006700.0,60047,0,0,1.5-2.0,1.75,44.45,road_node,,True,True
11377,573300.0,2003200.0,60047,0,0,1.0-1.5,1.25,31.75,road_node,,True,True
11378,583800.0,2004400.0,60047,0,0,1.0-1.5,1.25,31.75,road_node,,True,True
11399,546400.0,2012100.0,60010,0,0,1.0-1.5,1.25,31.75,road_node,,True,True
11400,551100.0,2016700.0,60010,0,0,1.0-1.5,1.25,31.75,road_node,,True,True
11401,536200.0,2006600.0,60021,0,0,1.0-1.5,1.25,31.75,road_node,,True,True
11402,553400.0,2001400.0,60010,0,0,1.5-2.0,1.75,44.45,road_node,,True,True
11413,531400.0,2014300.0,60021,0,0,0.5-1.0,0.75,19.05,road_node,,True,True
11414,528300.0,2004000.0,60021,0,0,1.5-2.0,1.75,44.45,road_node,,True,True
11439,522300.0,2020700.0,60013,0,0,,,,road_node,,True,False
11440,499500.0,2011800.0,60156,0,0,1.5-2.0,1.75,44.45,road_node,,True,True
11441,512800.0,2011800.0,60102,0,0,1.0-1.5,1.25,31.75,road_node,,True,True
11442,520500.0,2009500.0,60021,0,0,1.0-1.5,1.25,31.75,road_node,,True,True
11443,500900.0,2006500.0,60156,0,0,2.0-3.0,2.5,63.5,road_node,,True,True
11444,512100.0,2002800.0,60102,0,0,2.0-3.0,2.5,63.5,road_node,,True,True
11445,520600.0,2004000.0,60102,0,0,1.0-1.5,1.25,31.75,road_node,,True,True
11465,474200.0,2003900.0,60142,0,0,1.0-1.5,1.25,31.75,road_node,,True,True
11466,486300.0,2006600.0,60156,0,0,2.0-3.0,2.5,63.5,road_node,,True,True
11480,447900.0,2022600.0,60180,0,0,,,,road_node,,True,False
11482,447500.0,2001300.0,60142,0,0,,,,road_node,,True,False
11499,496600.0,1992700.0,60102,0,0,2.0-3.0,2.5,63.5,road_node,,True,True
11500,508700.0,1989100.0,60110,0,0,1.5-2.0,1.75,44.45,road_node,,True,True
11501,520400.0,1990800.0,60110,0,0,1.5-2.0,1.75,44.45,road_node,,True,True
11502,499400.0,1985500.0,60118,0,0,1.5-2.0,1.75,44.45,road_node,,True,True
11503,510700.0,1981800.0,60118,0,0,1.5-2.0,1.75,44.45,road_node,,True,True
11504,520300.0,1980600.0,60110,0,0,1.5-2.0,1.75,44.45,road_node,,True,True
11505,499400.0,1971600.0,60118,0,0,1.5-2.0,1.75,44.45,road_node,,True,True
11506,511800.0,1973000.0,60118,0,0,1.5-2.0,1.75,44.45,road_node,,True,True
11507,516200.0,1972100.0,60118,0,0,1.0-1.5,1.25,31.75,road_node,,True,True
11508,488100.0,1963700.0,60124,0,0,1.0-1.5,1.25,31.75,road_node,,True,True
11509,499200.0,1966200.0,60123,0,0,1.0-1.5,1.25,31.75,road_node,,True,True
11510,504700.0,1963800.0,60123,0,0,1.0-1.5,1.25,31.75,road_node,,True,True
11511,510400.0,1963700.0,60123,0,0,1.0-1.5,1.25,31.75,road_node,,True,True
11512,516700.0,1965200.0,60123,0,0,1.0-1.5,1.25,31.75,road_node,,True,True
11513,497700.0,1959800.0,60123,0,0,0.5-1.0,0.75,19.05,road_node,,True,True
11514,507700.0,1959700.0,60123,0,0,1.0-1.5,1.25,31.75,road_node,,True,True
11515,510700.0,1958900.0,60123,0,0,0.5-1.0,0.75,19.05,road_node,,True,True
11516,516600.0,1961400.0,60120,0,0,1.0-1.5,1.25,31.75,road_node,,True,True
11517,491600.0,1956800.0,60124,0,0,0.5-1.0,0.75,19.05,road_node,,True,True
11518,503400.0,1954400.0,60123,0,0,0.5-1.0,0.75,19.05,road_node,,True,True
11519,505700.0,1956900.0,60123,0,0,0.5-1.0,0.75,19.05,road_node,,True,True
11520,511000.0,1957400.0,60123,0,0,0.5-1.0,0.75,19.05,road_node,,True,True
11521,515400.0,1956000.0,60123,0,0,0.5-1.0,0.75,19.05,road_node,,True,True
11522,498200.0,1950400.0,60123,0,0,1.0-1.5,1.25,31.75,road_node,,True,True
11523,505700.0,1951800.0,60123,0,0,1.0-1.5,1.25,31.75,road_node,,True,True
11524,509000.0,1952900.0,60123,0,0,1.0-1.5,1.25,31.75,road_node,,True,True
11525,516400.0,1949400.0,60120,0,0,0.5-1.0,0.75,19.05,road_node,,True,True
11526,491200.0,1940800.0,60124,0,0,1.0-1.5,1.25,31.75,road_node,,True,True
11527,499100.0,1945000.0,60177,0,0,1.0-1.5,1.25,31.75,road_node,,True,True
11528,504700.0,1944900.0,60177,0,0,1.0-1.5,1.25,31.75,road_node,,True,True
11529,511000.0,1945300.0,60177,0,0,1.0-1.5,1.25,31.75,road_node,,True,True
11530,517500.0,1942700.0,60177,0,0,0.5-1.0,0.75,19.05,road_node,,True,True
11531,500500.0,1941000.0,60177,0,0,1.0-1.5,1.25,31.75,road_node,,True,True
11532,504600.0,1941100.0,60177,0,0,1.0-1.5,1.25,31.75,road_node,,True,True
11533,512500.0,1941300.0,60177,0,0,0.5-1.0,0.75,19.05,road_node,,True,True
11534,515300.0,1940400.0,60177,0,0,0.5-1.0,0.75,19.05,road_node,,True,True
11535,492800.0,1931600.0,60175,0,0,0.5-1.0,0.75,19.05,road_node,,True,True
11536,502700.0,1931100.0,60177,0,0,0.5-1.0,0.75,19.05,road_node,,True,True
11537,517400.0,1935300.0,60184,0,0,0.5-1.0,0.75,19.05,road_node,,True,True
11538,495900.0,1925700.0,60175,0,0,0.5-1.0,0.75,19.05,road_node,,True,True
11539,507500.0,1925100.0,60174,0,0,0.5-1.0,0.75,19.05,road_node,,True,True
11540,517100.0,1924700.0,60184,0,0,0.5-1.0,0.75,19.05,road_node,,True,True
11541,493300.0,1912500.0,60175,0,0,1.0-1.5,1.25,31.75,road_node,,True,True
11542,504800.0,1910900.0,60174,0,0,0.5-1.0,0.75,19.05,road_node,,True,True
11543,511000.0,1912700.0,60174,0,0,0.5-1.0,0.75,19.05,road_node,,True,True
11544,492700.0,1899900.0,60134,0,0,1.0-1.5,1.25,31.75,road_node,,True,True
11545,505400.0,1901900.0,60134,0,0,0.5-1.0,0.75,19.05,road_node,,True,True
11546,511900.0,1901500.0,60134,0,0,0.5-1.0,0.75,19.05,road_node,,True,True
11547,492200.0,1886300.0,60539,0,0,1.0-1.5,1.25,31.75,road_node,,True,True
11548,505800.0,1886700.0,60510,0,0,0.5-1.0,0.75,19.05,road_node,,True,True
11549,514800.0,1889200.0,60510,0,0,0.5-1.0,0.75,19.05,road_node,,True,True
11550,490100.0,1879100.0,60542,0,0,1.0-1.5,1.25,31.75,road_node,,True,True
11551,505900.0,1880200.0,60510,0,0,0.5-1.0,0.75,19.05,road_node,,True,True
11552,511900.0,1882300.0,60510,0,0,0.5-1.0,0.75,19.05,road_node,,True,True
11553,488800.0,1872200.0,60542,0,0,0.5-1.0,0.75,19.05,road_node,,True,True
11554,495600.0,1872500.0,60542,0,0,0.5-1.0,0.75,19.05,road_node,,True,True
11555,501700.0,1871800.0,60542,0,0,0.5-1.0,0.75,19.05,road_node,,True,True
11556,505800.0,1873300.0,60539,0,0,0.5-1.0,0.75,19.05,road_node,,True,True
11557,513200.0,1872000.0,60502,0,0,0.5-1.0,0.75,19.05,road_node,,True,True
11558,519200.0,1872100.0,60502,0,0,0.5-1.0,0.75,19.05,road_node,,True,True
11559,488500.0,1862700.0,60506,0,0,0.5-1.0,0.75,19.05,road_node,,True,True
11560,495500.0,1865400.0,60542,0,0,0.5-1.0,0.75,19.05,road_node,,True,True
11561,503200.0,1865500.0,60542,0,0,0.5-1.0,0.75,19.05,road_node,,True,True
11562,506100.0,1863100.0,60505,0,0,0.5-1.0,0.75,19.05,road_node,,True,True
11563,510900.0,1864100.0,60505,0,0,0.5-1.0,0.75,19.05,road_node,,True,True
11564,514000.0,1867300.0,60502,0,0,1.0-1.5,1.25,31.75,road_node,,True,True
11565,488500.0,1860000.0,60506,0,0,0.5-1.0,0.75,19.05,road_node,,True,True
11566,495500.0,1858700.0,60506,0,0,0.5-1.0,0.75,19.05,road_node,,True,True
11567,498900.0,1858800.0,60506,0,0,1.0-1.5,1.25,31.75,road_node,,True,True
11568,505400.0,1858900.0,60505,0,0,1.0-1.5,1.25,31.75,road_node,,True,True
11569,511500.0,1860900.0,60505,0,0,0.5-1.0,0.75,19.05,road_node,,True,True
11570,516100.0,1861500.0,60502,0,0,1.0-1.5,1.25,31.75,road_node,,True,True
11571,493000.0,1852100.0,60506,0,0,0.5-1.0,0.75,19.05,road_node,,True,True
11572,495500.0,1856200.0,60506,0,0,0.5-1.0,0.75,19.05,road_node,,True,True
11573,501000.0,1855500.0,60506,0,0,1.0-1.5,1.25,31.75,road_node,,True,True
11574,505800.0,1854300.0,60505,0,0,0.5-1.0,0.75,19.05,road_node,,True,True
11575,511500.0,1855500.0,60505,0,0,0.5-1.0,0.75,19.05,road_node,,True,True
11576,516800.0,1854600.0,60505,0,0,1.0-1.5,1.25,31.75,road_node,,True,True
11577,488600.0,1849300.0,60506,0,0,0.5-1.0,0.75,19.05,road_node,,True,True
11578,493000.0,1849500.0,60506,0,0,0.5-1.0,0.75,19.05,road_node,,True,True
11579,498600.0,1849500.0,60538,0,0,1.0-1.5,1.25,31.75,road_node,,True,True
11580,503900.0,1848800.0,60505,0,0,1.0-1.5,1.25,31.75,road_node,,True,True
11581,512300.0,1850000.0,60505,0,0,0.5-1.0,0.75,19.05,road_node,,True,True
11582,514200.0,1850000.0,60505,0,0,0.5-1.0,0.75,19.05,road_node,,True,True
11583,488600.0,1844100.0,60538,0,0,0.5-1.0,0.75,19.05,road_node,,True,True
11584,496600.0,1844300.0,60538,0,0,0.5-1.0,0.75,19.05,road_node,,True,True
11585,498700.0,1843800.0,60538,0,0,0.5-1.0,0.75,19.05,road_node,,True,True
11586,503800.0,1843400.0,60538,0,0,1.0-1.5,1.25,31.75,road_node,,True,True
11587,513100.0,1845000.0,60503,0,0,0.5-1.0,0.75,19.05,road_node,,True,True
11588,514900.0,1842000.0,60503,0,0,0.5-1.0,0.75,19.05,road_node,,True,True
11589,473000.0,1988000.0,60136,0,0,1.5-2.0,1.75,44.45,road_node,,True,True
11590,488900.0,1985400.0,60136,0,0,1.5-2.0,1.75,44.45,road_node,,True,True
11591,477300.0,1970100.0,60136,0,0,1.0-1.5,1.25,31.75,road_node,,True,True
11592,489300.0,1980200.0,60136,0,0,1.5-2.0,1.75,44.45,road_node,,True,True
11593,460400.0,1962700.0,60140,0,0,1.5-2.0,1.75,44.45,road_node,,True,True
11594,478700.0,1966600.0,60124,0,0,1.0-1.5,1.25,31.75,road_node,,True,True
11595,464500.0,1941600.0,60124,0,0,1.5-2.0,1.75,44.45,road_node,,True,True
11596,473600.0,1949700.0,60124,0,0,1.0-1.5,1.25,31.75,road_node,,True,True
11597,460800.0,1923800.0,60175,0,0,1.5-2.0,1.75,44.45,road_node,,True,True
11598,479800.0,1923900.0,60175,0,0,1.5-2.0,1.75,44.45,road_node,,True,True
11599,460600.0,1915400.0,60119,0,0,1.0-1.5,1.25,31.75,road_node,,True,True
11600,480600.0,1919900.0,60175,0,0,1.5-2.0,1.75,44.45,road_node,,True,True
11601,462000.0,1899300.0,60119,0,0,1.5-2.0,1.75,44.45,road_node,,True,True
11602,479200.0,1899600.0,60134,0,0,1.5-2.0,1.75,44.45,road_node,,True,True
11603,463300.0,1884700.0,60119,0,0,1.5-2.0,1.75,44.45,road_node,,True,True
11604,481300.0,1886700.0,60542,0,0,1.0-1.5,1.25,31.75,road_node,,True,True
11605,468400.0,1864000.0,60554,0,0,1.0-1.5,1.25,31.75,road_node,,True,True
11606,481000.0,1862100.0,60506,0,0,0.5-1.0,0.75,19.05,road_node,,True,True
11607,469900.0,1853000.0,60554,0,0,1.0-1.5,1.25,31.75,road_node,,True,True
11608,484300.0,1851900.0,60506,0,0,0.5-1.0,0.75,19.05,road_node,,True,True
11610,451900.0,1988000.0,60140,0,0,1.5-2.0,1.75,44.45,road_node,,True,True
11612,451900.0,1981400.0,60140,0,0,1.5-2.0,1.75,44.45,road_node,,True,True
11624,448600.0,1882500.0,60144,0,0,,,,road_node,,True,False
11629,716000.0,1738300.0,60417,0,0,1.0-1.5,1.25,31.75,road_node,,True,True
11630,716300.0,1727300.0,60417,0,0,0.5-1.0,0.75,19.05,road_node,,True,True
11631,713800.0,1716600.0,60401,0,0,,,,road_node,,True,False
11633,691500.0,1746700.0,60475,0,0,1.5-2.0,1.75,44.45,road_node,,True,True
11634,707100.0,1745700.0,60417,0,0,1.0-1.5,1.25,31.75,road_node,,True,True
11635,687200.0,1718700.0,60401,0,0,1.0-1.5,1.25,31.75,road_node,,True,True
11636,708300.0,1721800.0,60417,0,0,0.5-1.0,0.75,19.05,road_node,,True,True
11638,708500.0,1713900.0,60401,0,0,,,,road_node,,True,False
11641,655200.0,1744700.0,60471,0,0,2.0-3.0,2.5,63.5,road_node,,True,True
11642,675300.0,1748200.0,60466,0,0,1.5-2.0,1.75,44.45,road_node,,True,True
11643,658000.0,1723700.0,60449,0,0,1.5-2.0,1.75,44.45,road_node,,True,True
11644,676500.0,1723900.0,60484,0,0,1.5-2.0,1.75,44.45,road_node,,True,True
11646,676800.0,1713400.0,60401,0,0,,,,road_node,,True,False
11649,621400.0,1771600.0,60448,0,0,1.0-1.5,1.25,31.75,road_node,,True,True
11650,632100.0,1776300.0,60487,0,0,1.0-1.5,1.25,31.75,road_node,,True,True
11651,642700.0,1776600.0,60487,0,0,1.0-1.5,1.25,31.75,road_node,,True,True
11652,621700.0,1761800.0,60448,0,0,1.0-1.5,1.25,31.75,road_node,,True,True
11653,632500.0,1763000.0,60423,0,0,1.0-1.5,1.25,31.75,road_node,,True,True
11654,640800.0,1763400.0,60423,0,0,1.0-1.5,1.25,31.75,road_node,,True,True
11655,619300.0,1754700.0,60423,0,0,0.5-1.0,0.75,19.05,road_node,,True,True
11656,632800.0,1759100.0,60423,0,0,1.0-1.5,1.25,31.75,road_node,,True,True
11657,643500.0,1756600.0,60423,0,0,1.0-1.5,1.25,31.75,road_node,,True,True
11658,628400.0,1744200.0,60423,0,0,1.0-1.5,1.25,31.75,road_node,,True,True
11659,633900.0,1733700.0,60423,0,0,1.5-2.0,1.75,44.45,road_node,,True,True
11660,623500.0,1728200.0,60442,0,0,1.0-1.5,1.25,31.75,road_node,,True,True
11661,639300.0,1728600.0,60449,0,0,1.5-2.0,1.75,44.45,road_node,,True,True
11666,587800.0,1809500.0,60439,0,0,2.0-3.0,2.5,63.5,road_node,,True,True
11667,598100.0,1807200.0,60491,0,0,1.0-1.5,1.25,31.75,road_node,,True,True
11668,610000.0,1807600.0,60491,0,0,2.0-3.0,2.5,63.5,road_node,,True,True
11669,589200.0,1793700.0,60441,0,0,1.0-1.5,1.25,31.75,road_node,,True,True
11670,597100.0,1794000.0,60491,0,0,1.0-1.5,1.25,31.75,road_node,,True,True
11671,611600.0,1797000.0,60491,0,0,2.0-3.0,2.5,63.5,road_node,,True,True
11672,589400.0,1785700.0,60432,0,0,1.5-2.0,1.75,44.45,road_node,,True,True
11673,600000.0,1786100.0,60491,0,0,2.0-3.0,2.5,63.5,road_node,,True,True
11674,609500.0,1787200.0,60491,0,0,2.0-3.0,2.5,63.5,road_node,,True,True
11675,589900.0,1770900.0,60432,0,0,1.5-2.0,1.75,44.45,road_node,,True,True
11676,600500.0,1771300.0,60451,0,0,2.0-3.0,2.5,63.5,road_node,,True,True
11677,613800.0,1773000.0,60448,0,0,1.0-1.5,1.25,31.75,road_node,,True,True
11678,590100.0,1764700.0,60433,0,0,1.0-1.5,1.25,31.75,road_node,,True,True
11679,600600.0,1764900.0,60451,0,0,1.0-1.5,1.25,31.75,road_node,,True,True
11680,611200.0,1764400.0,60451,0,0,1.0-1.5,1.25,31.75,road_node,,True,True
11681,590300.0,1754100.0,60433,0,0,1.0-1.5,1.25,31.75,road_node,,True,True
11682,600900.0,1754300.0,60451,0,0,1.0-1.5,1.25,31.75,road_node,,True,True
11683,611500.0,1754600.0,60451,0,0,0.5-1.0,0.75,19.05,road_node,,True,True
11684,592500.0,1735600.0,60442,0,0,1.0-1.5,1.25,31.75,road_node,,True,True
11685,612100.0,1738900.0,60442,0,0,1.0-1.5,1.25,31.75,road_node,,True,True
11686,594800.0,1733100.0,60442,0,0,0.5-1.0,0.75,19.05,road_node,,True,True
11687,607500.0,1722600.0,60442,0,0,0.5-1.0,0.75,19.05,road_node,,True,True
11692,554500.0,1841400.0,60565,0,0,0.5-1.0,0.75,19.05,road_node,,True,True
11693,572200.0,1837200.0,60440,0,0,1.5-2.0,1.75,44.45,road_node,,True,True
11694,556900.0,1816300.0,60490,0,0,1.0-1.5,1.25,31.75,road_node,,True,True
11695,578400.0,1817100.0,60446,0,0,1.0-1.5,1.25,31.75,road_node,,True,True
11696,557300.0,1805600.0,60446,0,0,1.0-1.5,1.25,31.75,road_node,,True,True
11697,569100.0,1811500.0,60446,0,0,1.0-1.5,1.25,31.75,road_node,,True,True
11698,578500.0,1806300.0,60441,0,0,2.0-3.0,2.5,63.5,road_node,,True,True
11699,557600.0,1795000.0,60403,0,0,1.5-2.0,1.75,44.45,road_node,,True,True
11700,565500.0,1795400.0,60403,0,0,1.0-1.5,1.25,31.75,road_node,,True,True
11701,575500.0,1793000.0,60441,0,0,2.0-3.0,2.5,63.5,road_node,,True,True
11702,557900.0,1784400.0,60403,0,0,1.0-1.5,1.25,31.75,road_node,,True,True
11703,567300.0,1784800.0,60403,0,0,1.5-2.0,1.75,44.45,road_node,,True,True
11704,579200.0,1782600.0,60432,0,0,1.0-1.5,1.25,31.75,road_node,,True,True
11705,556900.0,1773900.0,60435,0,0,0.5-1.0,0.75,19.05,road_node,,True,True
11706,558100.0,1779200.0,60435,0,0,1.0-1.5,1.25,31.75,road_node,,True,True
11707,566000.0,1774200.0,60435,0,0,0.5-1.0,0.75,19.05,road_node,,True,True
11708,571300.0,1777000.0,60432,0,0,1.0-1.5,1.25,31.75,road_node,,True,True
11709,575100.0,1777300.0,60432,0,0,1.0-1.5,1.25,31.75,road_node,,True,True
11710,579300.0,1779900.0,60432,0,0,1.0-1.5,1.25,31.75,road_node,,True,True
11711,557100.0,1768600.0,60435,0,0,0.5-1.0,0.75,19.05,road_node,,True,True
11712,559700.0,1768700.0,60435,0,0,0.5-1.0,0.75,19.05,road_node,,True,True
11713,567300.0,1772200.0,60435,0,0,0.5-1.0,0.75,19.05,road_node,,True,True
11714,571300.0,1770600.0,60432,0,0,0.5-1.0,0.75,19.05,road_node,,True,True
11715,575500.0,1771700.0,60432,0,0,1.0-1.5,1.25,31.75,road_node,,True,True
11716,581100.0,1771400.0,60432,0,0,1.0-1.5,1.25,31.75,road_node,,True,True
11717,552800.0,1765800.0,60436,0,0,0.5-1.0,0.75,19.05,road_node,,True,True
11718,562500.0,1765300.0,60436,0,0,0.5-1.0,0.75,19.05,road_node,,True,True
11719,566300.0,1767100.0,60436,0,0,0.5-1.0,0.75,19.05,road_node,,True,True
11720,570900.0,1766600.0,60433,0,0,0.5-1.0,0.75,19.05,road_node,,True,True
11721,574000.0,1768000.0,60432,0,0,1.0-1.5,1.25,31.75,road_node,,True,True
11722,579400.0,1768600.0,60432,0,0,1.0-1.5,1.25,31.75,road_node,,True,True
11723,557300.0,1763100.0,60436,0,0,0.5-1.0,0.75,19.05,road_node,,True,True
11724,560000.0,1761300.0,60436,0,0,0.5-1.0,0.75,19.05,road_node,,True,True
11725,563900.0,1759000.0,60436,0,0,0.5-1.0,0.75,19.05,road_node,,True,True
11726,571700.0,1761300.0,60433,0,0,0.5-1.0,0.75,19.05,road_node,,True,True
11727,574400.0,1759400.0,60433,0,0,0.5-1.0,0.75,19.05,road_node,,True,True
11728,579600.0,1761600.0,60433,0,0,0.5-1.0,0.75,19.05,road_node,,True,True
11729,558800.0,1747700.0,60436,0,0,0.5-1.0,0.75,19.05,road_node,,True,True
11730,569400.0,1753400.0,60433,0,0,0.5-1.0,0.75,19.05,road_node,,True,True
11731,581400.0,1756500.0,60433,0,0,0.5-1.0,0.75,19.05,road_node,,True,True
11732,561800.0,1737200.0,60421,0,0,0.5-1.0,0.75,19.05,road_node,,True,True
11733,575100.0,1735000.0,60421,0,0,0.5-1.0,0.75,19.05,road_node,,True,True
11734,560800.0,1725400.0,60421,0,0,0.5-1.0,0.75,19.05,road_node,,True,True
11735,570200.0,1721700.0,60421,0,0,0.25-0.5,0.375,9.525,road_node,,True,True
11744,526900.0,1834600.0,60503,0,0,0.5-1.0,0.75,19.05,road_node,,True,True
11745,545500.0,1831100.0,60490,0,0,0.5-1.0,0.75,19.05,road_node,,True,True
11746,525400.0,1820600.0,60585,0,0,0.5-1.0,0.75,19.05,road_node,,True,True
11747,542000.0,1815700.0,60585,0,0,1.0-1.5,1.25,31.75,road_node,,True,True
11748,530400.0,1804800.0,60544,0,0,1.0-1.5,1.25,31.75,road_node,,True,True
11749,535900.0,1801300.0,60544,0,0,1.5-2.0,1.75,44.45,road_node,,True,True
11750,528600.0,1783900.0,60586,0,0,2.0-3.0,2.5,63.5,road_node,,True,True
11751,541800.0,1792500.0,60544,0,0,2.0-3.0,2.5,63.5,road_node,,True,True
11752,531700.0,1768100.0,60404,0,0,0.5-1.0,0.75,19.05,road_node,,True,True
11753,547500.0,1768300.0,60435,0,0,0.5-1.0,0.75,19.05,road_node,,True,True
11754,532000.0,1757500.0,60404,0,0,1.0-1.5,1.25,31.75,road_node,,True,True
11755,545300.0,1756300.0,60436,0,0,1.0-1.5,1.25,31.75,road_node,,True,True
11756,528600.0,1734700.0,60410,0,0,0.5-1.0,0.75,19.05,road_node,,True,True
11757,546000.0,1731400.0,60410,0,0,0.5-1.0,0.75,19.05,road_node,,True,True
11758,537600.0,1715400.0,60410,0,0,,,,road_node,,True,False
11759,547900.0,1721000.0,60410,0,0,,,,road_node,,True,False
11768,594400.0,1993400.0,60004,0,0,1.5-2.0,1.75,44.45,road_node,,True,True
11769,610300.0,1982800.0,60070,0,0,2.0-3.0,2.5,63.5,road_node,,True,True
11770,620100.0,1977400.0,60070,0,0,2.0-3.0,2.5,63.5,road_node,,True,True
11771,615500.0,1982700.0,60070,0,0,2.0-3.0,2.5,63.5,road_node,,True,True
11772,590100.0,1963400.0,60005,0,0,2.0-3.0,2.5,63.5,road_node,,True,True
11773,569200.0,1973300.0,60195,0,0,2.0-3.0,2.5,63.5,road_node,,True,True
11774,575800.0,1968700.0,60173,0,0,2.0-3.0,2.5,63.5,road_node,,True,True
11775,578500.0,1977600.0,60067,0,0,3.0-4.0,3.5,88.9,road_node,,True,True
11776,578100.0,1963800.0,60173,0,0,2.0-3.0,2.5,63.5,road_node,,True,True
11777,581000.0,1961100.0,60173,0,0,2.0-3.0,2.5,63.5,road_node,,True,True
11778,581600.0,1966000.0,60008,0,0,2.0-3.0,2.5,63.5,road_node,,True,True
11779,563000.0,1949100.0,60193,0,0,1.5-2.0,1.75,44.45,road_node,,True,True
11780,568800.0,1941900.0,60193,0,0,1.5-2.0,1.75,44.45,road_node,,True,True
11781,568700.0,1944600.0,60193,0,0,1.5-2.0,1.75,44.45,road_node,,True,True
11782,540700.0,1947500.0,60107,0,0,0.5-1.0,0.75,19.05,road_node,,True,True
11783,548900.0,1938500.0,60133,0,0,1.0-1.5,1.25,31.75,road_node,,True,True
11784,551200.0,1944500.0,60133,0,0,1.0-1.5,1.25,31.75,road_node,,True,True
11785,552100.0,1936500.0,60133,0,0,1.0-1.5,1.25,31.75,road_node,,True,True
11786,557900.0,1932600.0,60133,0,0,1.5-2.0,1.75,44.45,road_node,,True,True
11787,560600.0,1936300.0,60172,0,0,1.5-2.0,1.75,44.45,road_node,,True,True
11788,552400.0,1873100.0,60563,0,0,1.0-1.5,1.25,31.75,road_node,,True,True
11789,557500.0,1868100.0,60532,0,0,1.0-1.5,1.25,31.75,road_node,,True,True
11790,558800.0,1872900.0,60532,0,0,2.0-3.0,2.5,63.5,road_node,,True,True
11791,565900.0,1872600.0,60532,0,0,2.0-3.0,2.5,63.5,road_node,,True,True
11792,569800.0,1870000.0,60532,0,0,2.0-3.0,2.5,63.5,road_node,,True,True
11793,570300.0,1872600.0,60532,0,0,2.0-3.0,2.5,63.5,road_node,,True,True
11794,525700.0,1871600.0,60502,0,0,0.5-1.0,0.75,19.05,road_node,,True,True
11795,528800.0,1869400.0,60519,0,0,0.5-1.0,0.75,19.05,road_node,,True,True
11796,526600.0,1873900.0,60502,0,0,0.5-1.0,0.75,19.05,road_node,,True,True
11797,535400.0,1873300.0,60555,0,0,0.5-1.0,0.75,19.05,road_node,,True,True
11798,539500.0,1868400.0,60563,0,0,1.0-1.5,1.25,31.75,road_node,,True,True
11799,539500.0,1872200.0,60563,0,0,0.5-1.0,0.75,19.05,road_node,,True,True
11800,541300.0,1872300.0,60563,0,0,0.5-1.0,0.75,19.05,road_node,,True,True
11801,548800.0,1867800.0,60563,0,0,0.5-1.0,0.75,19.05,road_node,,True,True
11802,548100.0,1874500.0,60563,0,0,1.0-1.5,1.25,31.75,road_node,,True,True
11803,524800.0,1862100.0,60519,0,0,0.5-1.0,0.75,19.05,road_node,,True,True
11804,524600.0,1854900.0,60504,0,0,0.5-1.0,0.75,19.05,road_node,,True,True
11805,524900.0,1863000.0,60519,0,0,0.5-1.0,0.75,19.05,road_node,,True,True
11806,534800.0,1862900.0,60519,0,0,0.5-1.0,0.75,19.05,road_node,,True,True
11807,540000.0,1856900.0,60540,0,0,0.5-1.0,0.75,19.05,road_node,,True,True
11808,540600.0,1862100.0,60563,0,0,0.5-1.0,0.75,19.05,road_node,,True,True
11809,543200.0,1859400.0,60540,0,0,0.5-1.0,0.75,19.05,road_node,,True,True
11810,550400.0,1855400.0,60540,0,0,0.5-1.0,0.75,19.05,road_node,,True,True
11811,549000.0,1859700.0,60540,0,0,0.5-1.0,0.75,19.05,road_node,,True,True
11812,684100.0,1734600.0,60484,0,0,1.0-1.5,1.25,31.75,road_node,,True,True
11813,698700.0,1734900.0,60417,0,0,1.0-1.5,1.25,31.75,road_node,,True,True
11814,701900.0,1745500.0,60475,0,0,1.0-1.5,1.25,31.75,road_node,,True,True
11815,707300.0,1737700.0,60417,0,0,1.0-1.5,1.25,31.75,road_node,,True,True
11816,693200.0,1726800.0,60417,0,0,1.0-1.5,1.25,31.75,road_node,,True,True
11817,655300.0,1734100.0,60449,0,0,2.0-3.0,2.5,63.5,road_node,,True,True
11818,668400.0,1731700.0,60484,0,0,1.5-2.0,1.75,44.45,road_node,,True,True
11819,664800.0,1744800.0,60484,0,0,2.0-3.0,2.5,63.5,road_node,,True,True
11820,677300.0,1738100.0,60484,0,0,1.5-2.0,1.75,44.45,road_node,,True,True
11821,665900.0,1723800.0,60449,0,0,1.0-1.5,1.25,31.75,road_node,,True,True
11822,556700.0,1826900.0,60490,0,0,1.5-2.0,1.75,44.45,road_node,,True,True
11823,567200.0,1829900.0,60440,0,0,1.5-2.0,1.75,44.45,road_node,,True,True
11824,566700.0,1836000.0,60440,0,0,1.5-2.0,1.75,44.45,road_node,,True,True
11825,577300.0,1827600.0,60440,0,0,1.5-2.0,1.75,44.45,road_node,,True,True
11826,569100.0,1816800.0,60446,0,0,1.0-1.5,1.25,31.75,road_node,,True,True
11827,558800.0,1753000.0,60436,0,0,1.0-1.5,1.25,31.75,road_node,,True,True
11828,564200.0,1748000.0,60436,0,0,0.5-1.0,0.75,19.05,road_node,,True,True
11829,564100.0,1753200.0,60436,0,0,0.5-1.0,0.75,19.05,road_node,,True,True
11830,521800.0,1762600.0,60404,0,0,1.5-2.0,1.75,44.45,road_node,,True,True
11831,536900.0,1768100.0,60431,0,0,0.5-1.0,0.75,19.05,road_node,,True,True
11832,536800.0,1773400.0,60431,0,0,0.5-1.0,0.75,19.05,road_node,,True,True
11833,544900.0,1765600.0,60431,0,0,0.5-1.0,0.75,19.05,road_node,,True,True
11834,537800.0,1747700.0,60410,0,0,1.0-1.5,1.25,31.75,road_node,,True,True
11836,469300.0,1814400.0,60560,0,0,1.5-2.0,1.75,44.45,road_node,,True,True
11837,498400.0,1828600.0,60543,0,0,0.5-1.0,0.75,19.05,road_node,,True,True
11839,468700.0,1803900.0,60560,0,0,0.5-1.0,0.75,19.05,road_node,,True,True
11840,504800.0,1799400.0,60543,0,0,1.0-1.5,1.25,31.75,road_node,,True,True
11842,472600.0,1753400.0,60541,0,0,1.0-1.5,1.25,31.75,road_node,,True,True
11843,502000.0,1764800.0,60447,0,0,0.5-1.0,0.75,19.05,road_node,,True,True
11845,475600.0,1724300.0,60450,0,0,1.0-1.5,1.25,31.75,road_node,,True,True
11846,501300.0,1730300.0,60447,0,0,1.0-1.5,1.25,31.75,road_node,,True,True
11861,720800.0,1835100.0,60617,0,0,4.0-6.0,5.0,127.0,road_node,,True,True
11862,725300.0,1829800.0,46394,0,0,4.0-6.0,5.0,127.0,road_node,,True,True
11863,725300.0,1823500.0,46394,0,0,3.0-4.0,3.5,88.9,road_node,,True,True
11864,724300.0,1819500.0,46394,0,0,3.0-4.0,3.5,88.9,road_node,,True,True
11865,723200.0,1815200.0,46327,0,0,3.0-4.0,3.5,88.9,road_node,,True,True
11866,722700.0,1809400.0,46327,0,0,3.0-4.0,3.5,88.9,road_node,,True,True
11867,722200.0,1805100.0,46320,0,0,3.0-4.0,3.5,88.9,road_node,,True,True
11868,721800.0,1798100.0,46324,0,0,3.0-4.0,3.5,88.9,road_node,,True,True
11869,725500.0,1793600.0,46324,0,0,2.0-3.0,2.5,63.5,road_node,,True,True
11870,721900.0,1789800.0,46324,0,0,2.0-3.0,2.5,63.5,road_node,,True,True
11871,721900.0,1784400.0,60438,0,0,3.0-4.0,3.5,88.9,road_node,,True,True
11872,725500.0,1776700.0,46321,0,0,2.0-3.0,2.5,63.5,road_node,,True,True
11873,723000.0,1764400.0,46321,0,0,1.5-2.0,1.75,44.45,road_node,,True,True
11874,723200.0,1753800.0,46311,0,0,1.5-2.0,1.75,44.45,road_node,,True,True
11875,723500.0,1743200.0,46311,0,0,1.0-1.5,1.25,31.75,road_node,,True,True
11876,721500.0,1730000.0,60417,0,0,0.5-1.0,0.75,19.05,road_node,,True,True
11882,727900.0,1826600.0,46394,0,0,3.0-4.0,3.5,88.9,road_node,,True,True
11883,732300.0,1820100.0,46394,0,0,3.0-4.0,3.5,88.9,road_node,,True,True
11884,741000.0,1816100.0,46312,0,0,2.0-3.0,2.5,63.5,road_node,,True,True
11885,733100.0,1808600.0,46320,0,0,2.0-3.0,2.5,63.5,road_node,,True,True
11886,738300.0,1805700.0,46312,0,0,1.5-2.0,1.75,44.45,road_node,,True,True
11887,751300.0,1806800.0,46406,0,0,1.0-1.5,1.25,31.75,road_node,,True,True
11888,727800.0,1796200.0,46324,0,0,2.0-3.0,2.5,63.5,road_node,,True,True
11889,738400.0,1796400.0,46323,0,0,2.0-3.0,2.5,63.5,road_node,,True,True
11890,751700.0,1796300.0,46406,0,0,0.5-1.0,0.75,19.05,road_node,,True,True
11891,728000.0,1783300.0,46321,0,0,2.0-3.0,2.5,63.5,road_node,,True,True
11892,738500.0,1781300.0,46322,0,0,1.0-1.5,1.25,31.75,road_node,,True,True
11893,751800.0,1788500.0,46406,0,0,1.0-1.5,1.25,31.75,road_node,,True,True
11894,725900.0,1776500.0,46321,0,0,2.0-3.0,2.5,63.5,road_node,,True,True
11895,738600.0,1775100.0,46322,0,0,0.5-1.0,0.75,19.05,road_node,,True,True
11896,751900.0,1775100.0,46319,0,0,1.0-1.5,1.25,31.75,road_node,,True,True
11897,736100.0,1764400.0,46375,0,0,1.0-1.5,1.25,31.75,road_node,,True,True
11898,738700.0,1764400.0,46375,0,0,1.0-1.5,1.25,31.75,road_node,,True,True
11899,750500.0,1764400.0,46319,0,0,0.5-1.0,0.75,19.05,road_node,,True,True
11900,732400.0,1756100.0,46311,0,0,1.5-2.0,1.75,44.45,road_node,,True,True
11901,737600.0,1757600.0,46375,0,0,1.0-1.5,1.25,31.75,road_node,,True,True
11902,754300.0,1757700.0,46375,0,0,0.5-1.0,0.75,19.05,road_node,,True,True
11903,731200.0,1743200.0,46373,0,0,1.0-1.5,1.25,31.75,road_node,,True,True
11904,741900.0,1740200.0,46373,0,0,1.0-1.5,1.25,31.75,road_node,,True,True
11905,752500.0,1743700.0,46373,0,0,1.0-1.5,1.25,31.75,road_node,,True,True
11906,747400.0,1732800.0,46373,0,0,1.0-1.5,1.25,31.75,road_node,,True,True
11921,761200.0,1765800.0,46408,0,0,,,,road_node,,True,False
11947,494400.0,1793800.0,60560,0,0,0.5-1.0,0.75,19.05,road_node,,True,True
11948,517600.0,1808000.0,60544,0,0,1.0-1.5,1.25,31.75,road_node,,True,True
11949,494700.0,1783200.0,60560,0,0,0.5-1.0,0.75,19.05,road_node,,True,True
11950,510400.0,1788900.0,60586,0,0,0.5-1.0,0.75,19.05,road_node,,True,True
11951,501600.0,1774200.0,60447,0,0,1.0-1.5,1.25,31.75,road_node,,True,True
11952,648100.0,1897800.0,60304,0,0,6.0-8.0,7.0,177.8,road_node,,True,True
11953,495500.0,1759300.0,60447,0,0,1.0-1.5,1.25,31.75,road_node,,True,True
11954,514100.0,1754500.0,60447,0,0,3.0-4.0,3.5,88.9,road_node,,True,True
11955,464000.0,1799900.0,60560,0,0,0.5-1.0,0.75,19.05,road_node,,True,True
11956,479800.0,1802800.0,60560,0,0,0.5-1.0,0.75,19.05,road_node,,True,True
11957,466900.0,1787600.0,60560,0,0,0.5-1.0,0.75,19.05,road_node,,True,True
11958,480300.0,1782600.0,60560,0,0,0.5-1.0,0.75,19.05,road_node,,True,True
11959,472500.0,1769200.0,60541,0,0,1.0-1.5,1.25,31.75,road_node,,True,True
11960,486300.0,1771700.0,60447,0,0,1.0-1.5,1.25,31.75,road_node,,True,True
11962,480600.0,1751100.0,60447,0,0,1.0-1.5,1.25,31.75,road_node,,True,True
11975,495500.0,1827700.0,60543,0,0,0.5-1.0,0.75,19.05,road_node,,True,True
11976,496000.0,1825000.0,60543,0,0,0.5-1.0,0.75,19.05,road_node,,True,True
11977,517300.0,1823300.0,60585,0,0,0.5-1.0,0.75,19.05,road_node,,True,True
11978,468700.0,1830100.0,60512,0,0,1.0-1.5,1.25,31.75,road_node,,True,True
11979,473500.0,1829000.0,60512,0,0,1.0-1.5,1.25,31.75,road_node,,True,True
11980,469200.0,1813200.0,60560,0,0,1.0-1.5,1.25,31.75,road_node,,True,True
11981,481200.0,1814200.0,60560,0,0,1.5-2.0,1.75,44.45,road_node,,True,True
11992,764100.0,1716800.0,46307,0,0,,,,road_node,,True,False
12017,519700.0,1744100.0,60410,0,0,0.5-1.0,0.75,19.05,road_node,,True,True
12021,511081.0,1770370.0,60447,0,0,1.0-1.5,1.25,31.75,road_node,,True,True
12029,672300.0,1974300.0,60043,0,0,,,,road_node,,True,False
12030,671000.0,1971900.0,60043,0,0,3.0-4.0,3.5,88.9,road_node,,True,True
12031,674100.0,1972100.0,60043,0,0,3.0-4.0,3.5,88.9,road_node,,True,True
12032,676500.0,1968300.0,60201,0,0,3.0-4.0,3.5,88.9,road_node,,True,True
12033,551000.0,1938500.0,60133,0,0,1.0-1.5,1.25,31.75,road_node,,True,True
12034,564700.0,1960400.0,60169,0,0,1.0-1.5,1.25,31.75,road_node,,True,True
12035,568700.0,1959000.0,60173,0,0,2.0-3.0,2.5,63.5,road_node,,True,True
12036,568600.0,1960600.0,60195,0,0,1.5-2.0,1.75,44.45,road_node,,True,True
12037,578100.0,1961000.0,60173,0,0,2.0-3.0,2.5,63.5,road_node,,True,True
12038,592200.0,1961400.0,60005,0,0,2.0-3.0,2.5,63.5,road_node,,True,True
12039,595500.0,1961400.0,60005,0,0,2.0-3.0,2.5,63.5,road_node,,True,True
12040,601400.0,1960200.0,60005,0,0,2.0-3.0,2.5,63.5,road_node,,True,True
12041,606700.0,1960000.0,60056,0,0,2.0-3.0,2.5,63.5,road_node,,True,True
12042,611900.0,1963500.0,60056,0,0,2.0-3.0,2.5,63.5,road_node,,True,True
12043,612000.0,1960500.0,60056,0,0,2.0-3.0,2.5,63.5,road_node,,True,True
12044,614000.0,1962300.0,60016,0,0,2.0-3.0,2.5,63.5,road_node,,True,True
12045,638100.0,1958800.0,60714,0,0,2.0-3.0,2.5,63.5,road_node,,True,True
12046,615000.0,1962300.0,60016,0,0,2.0-3.0,2.5,63.5,road_node,,True,True
12047,621000.0,1962600.0,60016,0,0,2.0-3.0,2.5,63.5,road_node,,True,True
12048,634000.0,1962800.0,60025,0,0,2.0-3.0,2.5,63.5,road_node,,True,True
12049,634600.0,1962800.0,60025,0,0,2.0-3.0,2.5,63.5,road_node,,True,True
12050,641700.0,1963000.0,60053,0,0,2.0-3.0,2.5,63.5,road_node,,True,True
12051,643200.0,1963200.0,60053,0,0,2.0-3.0,2.5,63.5,road_node,,True,True
12052,645000.0,1963200.0,60053,0,0,2.0-3.0,2.5,63.5,road_node,,True,True
12053,645000.0,1961500.0,60053,0,0,2.0-3.0,2.5,63.5,road_node,,True,True
12054,653900.0,1960600.0,60029,0,0,3.0-4.0,3.5,88.9,road_node,,True,True
12055,652800.0,1965900.0,60029,0,0,3.0-4.0,3.5,88.9,road_node,,True,True
12056,657100.0,1965500.0,60029,0,0,3.0-4.0,3.5,88.9,road_node,,True,True
12057,659100.0,1968200.0,60091,0,0,3.0-4.0,3.5,88.9,road_node,,True,True
12058,659100.0,1965900.0,60091,0,0,3.0-4.0,3.5,88.9,road_node,,True,True
12059,659300.0,1963300.0,60077,0,0,3.0-4.0,3.5,88.9,road_node,,True,True
12060,660500.0,1962600.0,60203,0,0,3.0-4.0,3.5,88.9,road_node,,True,True
12061,661900.0,1963400.0,60203,0,0,3.0-4.0,3.5,88.9,road_node,,True,True
12062,663400.0,1966000.0,60091,0,0,3.0-4.0,3.5,88.9,road_node,,True,True
12063,664500.0,1966700.0,60091,0,0,4.0-6.0,5.0,127.0,road_node,,True,True
12064,664500.0,1963400.0,60203,0,0,3.0-4.0,3.5,88.9,road_node,,True,True
12065,667000.0,1963500.0,60203,0,0,3.0-4.0,3.5,88.9,road_node,,True,True
12066,667600.0,1963500.0,60203,0,0,3.0-4.0,3.5,88.9,road_node,,True,True
12067,669300.0,1963500.0,60203,0,0,4.0-6.0,5.0,127.0,road_node,,True,True
12068,667000.0,1966700.0,60091,0,0,4.0-6.0,5.0,127.0,road_node,,True,True
12069,669700.0,1966700.0,60201,0,0,3.0-4.0,3.5,88.9,road_node,,True,True
12070,672200.0,1966700.0,60201,0,0,4.0-6.0,5.0,127.0,road_node,,True,True
12071,671300.0,1963800.0,60201,0,0,4.0-6.0,5.0,127.0,road_node,,True,True
12072,676400.0,1966700.0,60201,0,0,3.0-4.0,3.5,88.9,road_node,,True,True
12073,678000.0,1966700.0,60201,0,0,4.0-6.0,5.0,127.0,road_node,,True,True
12074,676800.0,1963600.0,60201,0,0,4.0-6.0,5.0,127.0,road_node,,True,True
12075,675400.0,1963600.0,60201,0,0,4.0-6.0,5.0,127.0,road_node,,True,True
12076,674200.0,1963700.0,60201,0,0,4.0-6.0,5.0,127.0,road_node,,True,True
12077,672200.0,1963600.0,60201,0,0,4.0-6.0,5.0,127.0,road_node,,True,True
12078,669200.0,1962400.0,60203,0,0,4.0-6.0,5.0,127.0,road_node,,True,True
12079,672300.0,1962200.0,60201,0,0,4.0-6.0,5.0,127.0,road_node,,True,True
12080,675300.0,1962300.0,60201,0,0,4.0-6.0,5.0,127.0,road_node,,True,True
12081,676900.0,1962300.0,60201,0,0,4.0-6.0,5.0,127.0,road_node,,True,True
12083,551300.0,1951600.0,60107,0,0,1.0-1.5,1.25,31.75,road_node,,True,True
12084,573300.0,1974200.0,60067,0,0,3.0-4.0,3.5,88.9,road_node,,True,True
12085,578000.0,1956900.0,60173,0,0,2.0-3.0,2.5,63.5,road_node,,True,True
12086,648100.0,1893800.0,60304,0,0,6.0-8.0,7.0,177.8,road_node,,True,True
12087,651000.0,1893900.0,60304,0,0,8.0-10.0,9.0,228.6,road_node,,True,True
12088,578500.0,1975000.0,60008,0,0,2.0-3.0,2.5,63.5,road_node,,True,True
12089,601300.0,1956200.0,60005,0,0,2.0-3.0,2.5,63.5,road_node,,True,True
12090,606700.0,1956200.0,60056,0,0,3.0-4.0,3.5,88.9,road_node,,True,True
12091,606800.0,1953600.0,60056,0,0,3.0-4.0,3.5,88.9,road_node,,True,True
12092,612000.0,1953800.0,60016,0,0,3.0-4.0,3.5,88.9,road_node,,True,True
12093,612100.0,1956400.0,60016,0,0,2.0-3.0,2.5,63.5,road_node,,True,True
12094,615400.0,1956600.0,60016,0,0,2.0-3.0,2.5,63.5,road_node,,True,True
12095,652500.0,1967000.0,60029,0,0,2.0-3.0,2.5,63.5,road_node,,True,True
12096,669700.0,1950200.0,60645,0,0,4.0-6.0,5.0,127.0,road_node,,True,True
12097,620100.0,1956300.0,60016,0,0,2.0-3.0,2.5,63.5,road_node,,True,True
12098,621200.0,1958000.0,60016,0,0,2.0-3.0,2.5,63.5,road_node,,True,True
12099,621600.0,1960000.0,60016,0,0,2.0-3.0,2.5,63.5,road_node,,True,True
12100,641500.0,1899100.0,60130,0,0,4.0-6.0,5.0,127.0,road_node,,True,True
12101,622800.0,1957100.0,60016,0,0,2.0-3.0,2.5,63.5,road_node,,True,True
12102,623100.0,1954300.0,60016,0,0,2.0-3.0,2.5,63.5,road_node,,True,True
12103,625500.0,1958800.0,60016,0,0,2.0-3.0,2.5,63.5,road_node,,True,True
12104,669700.0,1947600.0,60645,0,0,4.0-6.0,5.0,127.0,road_node,,True,True
12105,625500.0,1957000.0,60016,0,0,2.0-3.0,2.5,63.5,road_node,,True,True
12106,669700.0,1945000.0,60645,0,0,4.0-6.0,5.0,127.0,road_node,,True,True
12107,633900.0,1957400.0,60714,0,0,2.0-3.0,2.5,63.5,road_node,,True,True
12108,636800.0,1958800.0,60714,0,0,2.0-3.0,2.5,63.5,road_node,,True,True
12109,637700.0,1957600.0,60714,0,0,2.0-3.0,2.5,63.5,road_node,,True,True
12110,643200.0,1958000.0,60053,0,0,2.0-3.0,2.5,63.5,road_node,,True,True
12111,643700.0,1958000.0,60053,0,0,2.0-3.0,2.5,63.5,road_node,,True,True
12112,669600.0,1942200.0,60659,0,0,4.0-6.0,5.0,127.0,road_node,,True,True
12113,645100.0,1958000.0,60053,0,0,2.0-3.0,2.5,63.5,road_node,,True,True
12114,648200.0,1958000.0,60053,0,0,3.0-4.0,3.5,88.9,road_node,,True,True
12115,645100.0,1956200.0,60053,0,0,2.0-3.0,2.5,63.5,road_node,,True,True
12116,648700.0,1956400.0,60053,0,0,2.0-3.0,2.5,63.5,road_node,,True,True
12117,653900.0,1958000.0,60077,0,0,3.0-4.0,3.5,88.9,road_node,,True,True
12118,654600.0,1957300.0,60077,0,0,3.0-4.0,3.5,88.9,road_node,,True,True
12119,654900.0,1958700.0,60077,0,0,3.0-4.0,3.5,88.9,road_node,,True,True
12120,656700.0,1957900.0,60077,0,0,4.0-6.0,5.0,127.0,road_node,,True,True
12121,659200.0,1958400.0,60077,0,0,4.0-6.0,5.0,127.0,road_node,,True,True
12122,658600.0,1960600.0,60077,0,0,4.0-6.0,5.0,127.0,road_node,,True,True
12123,659200.0,1960700.0,60077,0,0,4.0-6.0,5.0,127.0,road_node,,True,True
12124,659200.0,1961300.0,60077,0,0,3.0-4.0,3.5,88.9,road_node,,True,True
12125,660300.0,1960600.0,60076,0,0,4.0-6.0,5.0,127.0,road_node,,True,True
12126,664400.0,1960600.0,60203,0,0,4.0-6.0,5.0,127.0,road_node,,True,True
12127,669600.0,1940400.0,60659,0,0,4.0-6.0,5.0,127.0,road_node,,True,True
12128,669100.0,1960700.0,60203,0,0,4.0-6.0,5.0,127.0,road_node,,True,True
12129,664400.0,1958000.0,60076,0,0,3.0-4.0,3.5,88.9,road_node,,True,True
12130,666500.0,1958000.0,60203,0,0,4.0-6.0,5.0,127.0,road_node,,True,True
12131,669000.0,1958100.0,60203,0,0,4.0-6.0,5.0,127.0,road_node,,True,True
12132,672300.0,1958200.0,60202,0,0,4.0-6.0,5.0,127.0,road_node,,True,True
12133,656200.0,1965900.0,60029,0,0,3.0-4.0,3.5,88.9,road_node,,True,True
12134,674900.0,1961000.0,60201,0,0,4.0-6.0,5.0,127.0,road_node,,True,True
12135,650800.0,1897900.0,60304,0,0,8.0-10.0,9.0,228.6,road_node,,True,True
12136,656900.0,1965500.0,60029,0,0,3.0-4.0,3.5,88.9,road_node,,True,True
12137,693400.0,1843500.0,60620,0,0,2.0-3.0,2.5,63.5,road_node,,True,True
12138,693500.0,1843100.0,60620,0,0,2.0-3.0,2.5,63.5,road_node,,True,True
12139,551300.0,1954200.0,60194,0,0,0.5-1.0,0.75,19.05,road_node,,True,True
12140,551300.0,1956800.0,60169,0,0,0.5-1.0,0.75,19.05,road_node,,True,True
12141,650800.0,1899300.0,60304,0,0,8.0-10.0,9.0,228.6,road_node,,True,True
12142,650800.0,1900000.0,60304,0,0,8.0-10.0,9.0,228.6,road_node,,True,True
12143,612290.0,1894450.0,60162,0,0,2.0-3.0,2.5,63.5,road_node,,True,True
12144,612307.0,1894030.0,60162,0,0,2.0-3.0,2.5,63.5,road_node,,True,True
12145,601800.0,1886200.0,60523,0,0,1.5-2.0,1.75,44.45,road_node,,True,True
12146,612200.0,1908900.0,60164,0,0,2.0-3.0,2.5,63.5,road_node,,True,True
12147,611900.0,1908700.0,60126,0,0,2.0-3.0,2.5,63.5,road_node,,True,True
12148,610800.0,1909400.0,60126,0,0,2.0-3.0,2.5,63.5,road_node,,True,True
12149,611800.0,1908800.0,60126,0,0,2.0-3.0,2.5,63.5,road_node,,True,True
12150,610700.0,1908600.0,60126,0,0,2.0-3.0,2.5,63.5,road_node,,True,True
12151,611700.0,1908500.0,60126,0,0,2.0-3.0,2.5,63.5,road_node,,True,True
12152,609900.0,1908700.0,60126,0,0,2.0-3.0,2.5,63.5,road_node,,True,True
12153,612100.0,1908200.0,60126,0,0,2.0-3.0,2.5,63.5,road_node,,True,True
12154,612500.0,1908300.0,60163,0,0,2.0-3.0,2.5,63.5,road_node,,True,True
12155,540500.0,1938100.0,60103,0,0,0.5-1.0,0.75,19.05,road_node,,True,True
12156,673400.0,1812300.0,60472,0,0,2.0-3.0,2.5,63.5,road_node,,True,True
12157,539800.0,1944200.0,60107,0,0,0.5-1.0,0.75,19.05,road_node,,True,True
12158,540600.0,1943900.0,60107,0,0,0.5-1.0,0.75,19.05,road_node,,True,True
12159,541700.0,1954100.0,60107,0,0,0.5-1.0,0.75,19.05,road_node,,True,True
12160,541900.0,1956800.0,60107,0,0,0.5-1.0,0.75,19.05,road_node,,True,True
12161,541800.0,1959500.0,60107,0,0,0.5-1.0,0.75,19.05,road_node,,True,True
12162,673400.0,1813600.0,60472,0,0,2.0-3.0,2.5,63.5,road_node,,True,True
12163,673400.0,1814200.0,60472,0,0,2.0-3.0,2.5,63.5,road_node,,True,True
12164,541600.0,1977500.0,60192,0,0,1.0-1.5,1.25,31.75,road_node,,True,True
12165,550200.0,1978400.0,60192,0,0,1.5-2.0,1.75,44.45,road_node,,True,True
12166,539000.0,1977500.0,60192,0,0,1.0-1.5,1.25,31.75,road_node,,True,True
12167,542000.0,1983500.0,60192,0,0,1.0-1.5,1.25,31.75,road_node,,True,True
12168,540700.0,1984200.0,60192,0,0,1.0-1.5,1.25,31.75,road_node,,True,True
12169,541500.0,1998700.0,60010,0,0,1.5-2.0,1.75,44.45,road_node,,True,True
12170,537600.0,1970200.0,60192,0,0,1.0-1.5,1.25,31.75,road_node,,True,True
12171,537600.0,1977400.0,60192,0,0,1.0-1.5,1.25,31.75,road_node,,True,True
12172,537500.0,1982700.0,60192,0,0,1.0-1.5,1.25,31.75,road_node,,True,True
12173,537300.0,1993300.0,60010,0,0,1.5-2.0,1.75,44.45,road_node,,True,True
12174,535600.0,1995100.0,60010,0,0,1.5-2.0,1.75,44.45,road_node,,True,True
12175,533400.0,1998700.0,60010,0,0,1.5-2.0,1.75,44.45,road_node,,True,True
12176,529800.0,1952800.0,60120,0,0,0.5-1.0,0.75,19.05,road_node,,True,True
12177,584600.0,1937300.0,60143,0,0,2.0-3.0,2.5,63.5,road_node,,True,True
12178,584200.0,1938100.0,60143,0,0,2.0-3.0,2.5,63.5,road_node,,True,True
12179,654900.0,1896800.0,60644,0,0,8.0-10.0,9.0,228.6,road_node,,True,True
12180,657500.0,1896700.0,60644,0,0,8.0-10.0,9.0,228.6,road_node,,True,True
12181,660200.0,1896800.0,60644,0,0,8.0-10.0,9.0,228.6,road_node,,True,True
12182,662900.0,1897400.0,60624,0,0,6.0-8.0,7.0,177.8,road_node,,True,True
12183,665500.0,1896890.0,60624,0,0,6.0-8.0,7.0,177.8,road_node,,True,True
12185,668100.0,1897000.0,60624,0,0,6.0-8.0,7.0,177.8,road_node,,True,True
12186,519100.0,1955800.0,60120,0,0,0.5-1.0,0.75,19.05,road_node,,True,True
12187,528300.0,1953600.0,60120,0,0,0.5-1.0,0.75,19.05,road_node,,True,True
12188,528100.0,1956500.0,60120,0,0,0.5-1.0,0.75,19.05,road_node,,True,True
12189,672000.0,1902100.0,60612,0,0,4.0-6.0,5.0,127.0,road_node,,True,True
12190,673400.0,1902200.0,60612,0,0,4.0-6.0,5.0,127.0,road_node,,True,True
12191,530400.0,1959000.0,60120,0,0,0.5-1.0,0.75,19.05,road_node,,True,True
12192,673400.0,1901000.0,60612,0,0,4.0-6.0,5.0,127.0,road_node,,True,True
12193,583900.0,1936600.0,60143,0,0,2.0-3.0,2.5,63.5,road_node,,True,True
12194,529200.0,1963600.0,60120,0,0,0.5-1.0,0.75,19.05,road_node,,True,True
12195,530100.0,1964800.0,60120,0,0,0.5-1.0,0.75,19.05,road_node,,True,True
12196,584800.0,1936600.0,60143,0,0,2.0-3.0,2.5,63.5,road_node,,True,True
12197,520300.0,1976600.0,60110,0,0,1.0-1.5,1.25,31.75,road_node,,True,True
12198,526500.0,1973100.0,60192,0,0,1.0-1.5,1.25,31.75,road_node,,True,True
12199,530200.0,1979300.0,60192,0,0,1.0-1.5,1.25,31.75,road_node,,True,True
12200,529400.0,1980100.0,60192,0,0,1.0-1.5,1.25,31.75,road_node,,True,True
12201,526900.0,1980400.0,60110,0,0,1.0-1.5,1.25,31.75,road_node,,True,True
12202,527500.0,1981800.0,60110,0,0,1.0-1.5,1.25,31.75,road_node,,True,True
12203,584300.0,1936000.0,60143,0,0,2.0-3.0,2.5,63.5,road_node,,True,True
12204,584100.0,1936000.0,60143,0,0,2.0-3.0,2.5,63.5,road_node,,True,True
12205,529700.0,1998700.0,60021,0,0,1.5-2.0,1.75,44.45,road_node,,True,True
12206,639000.0,2009400.0,60035,0,0,2.0-3.0,2.5,63.5,road_node,,True,True
12207,639732.0,2008400.0,60035,0,0,2.0-3.0,2.5,63.5,road_node,,True,True
12208,628424.0,1938550.0,60068,0,0,3.0-4.0,3.5,88.9,road_node,,True,True
12209,627725.0,1938800.0,60018,0,0,3.0-4.0,3.5,88.9,road_node,,True,True
12210,626500.0,1937800.0,60018,0,0,3.0-4.0,3.5,88.9,road_node,,True,True
12211,626700.0,1937500.0,60018,0,0,3.0-4.0,3.5,88.9,road_node,,True,True
12212,626100.0,1938200.0,60018,0,0,3.0-4.0,3.5,88.9,road_node,,True,True
12213,626100.0,1938400.0,60018,0,0,3.0-4.0,3.5,88.9,road_node,,True,True
12214,639600.0,1937100.0,60631,0,0,4.0-6.0,5.0,127.0,road_node,,True,True
12215,639800.0,1937000.0,60631,0,0,4.0-6.0,5.0,127.0,road_node,,True,True
12216,638800.0,1936000.0,60656,0,0,4.0-6.0,5.0,127.0,road_node,,True,True
12217,640500.0,1936000.0,60656,0,0,4.0-6.0,5.0,127.0,road_node,,True,True
12218,635100.0,1936100.0,60631,0,0,4.0-6.0,5.0,127.0,road_node,,True,True
12219,605400.0,1912400.0,60126,0,0,3.0-4.0,3.5,88.9,road_node,,True,True
12220,659000.0,1944700.0,60712,0,0,4.0-6.0,5.0,127.0,road_node,,True,True
12221,673500.0,1900600.0,60612,0,0,4.0-6.0,5.0,127.0,road_node,,True,True
12222,673500.0,1900100.0,60612,0,0,4.0-6.0,5.0,127.0,road_node,,True,True
12223,666900.0,1846500.0,60456,0,0,2.0-3.0,2.5,63.5,road_node,,True,True
12224,667000.0,1846800.0,60652,0,0,2.0-3.0,2.5,63.5,road_node,,True,True
12225,688100.0,1847100.0,60620,0,0,2.0-3.0,2.5,63.5,road_node,,True,True
12226,688100.0,1847500.0,60620,0,0,2.0-3.0,2.5,63.5,road_node,,True,True
12227,686000.0,1839000.0,60643,0,0,2.0-3.0,2.5,63.5,road_node,,True,True
12228,607200.0,1913200.0,60126,0,0,3.0-4.0,3.5,88.9,road_node,,True,True
12229,683000.0,1831100.0,60643,0,0,2.0-3.0,2.5,63.5,road_node,,True,True
12230,675200.0,1958300.0,60202,0,0,4.0-6.0,5.0,127.0,road_node,,True,True
12231,676800.0,1961000.0,60201,0,0,,,,road_node,,True,False
12232,607200.0,1910500.0,60126,0,0,2.0-3.0,2.5,63.5,road_node,,True,True
12233,677300.0,1958300.0,60202,0,0,1.5-2.0,1.75,44.45,road_node,,True,True
12234,678800.0,1958300.0,60202,0,0,,,,road_node,,True,False
12235,593800.0,1950700.0,60007,0,0,3.0-4.0,3.5,88.9,road_node,,True,True
12236,606700.0,1911800.0,60126,0,0,2.0-3.0,2.5,63.5,road_node,,True,True
12237,596200.0,1948300.0,60007,0,0,3.0-4.0,3.5,88.9,road_node,,True,True
12238,601500.0,1950800.0,60007,0,0,3.0-4.0,3.5,88.9,road_node,,True,True
12239,601500.0,1946900.0,60007,0,0,3.0-4.0,3.5,88.9,road_node,,True,True
12240,606700.0,1912000.0,60126,0,0,2.0-3.0,2.5,63.5,road_node,,True,True
12241,606900.0,1945800.0,60018,0,0,3.0-4.0,3.5,88.9,road_node,,True,True
12242,606800.0,1951000.0,60018,0,0,3.0-4.0,3.5,88.9,road_node,,True,True
12243,612100.0,1951100.0,60018,0,0,3.0-4.0,3.5,88.9,road_node,,True,True
12244,612200.0,1945900.0,60018,0,0,3.0-4.0,3.5,88.9,road_node,,True,True
12245,495600.0,2011800.0,60156,0,0,1.5-2.0,1.75,44.45,road_node,,True,True
12246,615400.0,1951300.0,60018,0,0,3.0-4.0,3.5,88.9,road_node,,True,True
12247,619300.0,1951500.0,60016,0,0,2.0-3.0,2.5,63.5,road_node,,True,True
12248,512700.0,2012200.0,60102,0,0,1.0-1.5,1.25,31.75,road_node,,True,True
12249,619400.0,1946200.0,60018,0,0,3.0-4.0,3.5,88.9,road_node,,True,True
12250,621600.0,1946300.0,60018,0,0,3.0-4.0,3.5,88.9,road_node,,True,True
12251,626100.0,1946500.0,60068,0,0,3.0-4.0,3.5,88.9,road_node,,True,True
12252,629000.0,1946600.0,60068,0,0,3.0-4.0,3.5,88.9,road_node,,True,True
12253,627300.0,1951800.0,60068,0,0,3.0-4.0,3.5,88.9,road_node,,True,True
12254,629600.0,1952000.0,60068,0,0,3.0-4.0,3.5,88.9,road_node,,True,True
12255,631000.0,1952000.0,60068,0,0,3.0-4.0,3.5,88.9,road_node,,True,True
12256,725400.0,1809600.0,46320,0,0,3.0-4.0,3.5,88.9,road_node,,True,True
12257,727800.0,1809600.0,46320,0,0,3.0-4.0,3.5,88.9,road_node,,True,True
12258,733100.0,1809600.0,46320,0,0,2.0-3.0,2.5,63.5,road_node,,True,True
12259,643200.0,1949500.0,60714,0,0,3.0-4.0,3.5,88.9,road_node,,True,True
12260,643300.0,1952500.0,60714,0,0,2.0-3.0,2.5,63.5,road_node,,True,True
12261,722100.0,1791000.0,46324,0,0,2.0-3.0,2.5,63.5,road_node,,True,True
12262,644300.0,1952600.0,60714,0,0,2.0-3.0,2.5,63.5,road_node,,True,True
12263,646700.0,1952600.0,60714,0,0,2.0-3.0,2.5,63.5,road_node,,True,True
12264,650100.0,1952600.0,60053,0,0,3.0-4.0,3.5,88.9,road_node,,True,True
12265,652100.0,1950000.0,60077,0,0,3.0-4.0,3.5,88.9,road_node,,True,True
12266,653900.0,1952700.0,60077,0,0,3.0-4.0,3.5,88.9,road_node,,True,True
12267,655400.0,1955600.0,60077,0,0,3.0-4.0,3.5,88.9,road_node,,True,True
12268,658100.0,1955300.0,60077,0,0,3.0-4.0,3.5,88.9,road_node,,True,True
12269,657200.0,1953200.0,60077,0,0,3.0-4.0,3.5,88.9,road_node,,True,True
12270,657200.0,1952600.0,60077,0,0,3.0-4.0,3.5,88.9,road_node,,True,True
12271,725600.0,1791000.0,46324,0,0,2.0-3.0,2.5,63.5,road_node,,True,True
12272,659300.0,1952600.0,60077,0,0,4.0-6.0,5.0,127.0,road_node,,True,True
12273,659200.0,1955300.0,60077,0,0,3.0-4.0,3.5,88.9,road_node,,True,True
12274,757100.0,1779300.0,46408,0,0,,,,road_node,,True,False
12275,661800.0,1952700.0,60076,0,0,4.0-6.0,5.0,127.0,road_node,,True,True
12276,659100.0,1950000.0,60077,0,0,4.0-6.0,5.0,127.0,road_node,,True,True
12278,664300.0,1950000.0,60712,0,0,4.0-6.0,5.0,127.0,road_node,,True,True
12280,664400.0,1952700.0,60076,0,0,4.0-6.0,5.0,127.0,road_node,,True,True
12281,665100.0,1952700.0,60076,0,0,4.0-6.0,5.0,127.0,road_node,,True,True
12282,664400.0,1955300.0,60076,0,0,4.0-6.0,5.0,127.0,road_node,,True,True
12284,669000.0,1955400.0,60076,0,0,4.0-6.0,5.0,127.0,road_node,,True,True
12285,517200.0,2011800.0,60102,0,0,1.0-1.5,1.25,31.75,road_node,,True,True
12286,669000.0,1952800.0,60076,0,0,4.0-6.0,5.0,127.0,road_node,,True,True
12287,668900.0,1950100.0,60645,0,0,4.0-6.0,5.0,127.0,road_node,,True,True
12289,672200.0,1952900.0,60202,0,0,4.0-6.0,5.0,127.0,road_node,,True,True
12290,674700.0,1955700.0,60202,0,0,3.0-4.0,3.5,88.9,road_node,,True,True
12292,674700.0,1953000.0,60202,0,0,4.0-6.0,5.0,127.0,road_node,,True,True
12293,675900.0,1953000.0,60202,0,0,4.0-6.0,5.0,127.0,road_node,,True,True
12294,674700.0,1950400.0,60202,0,0,4.0-6.0,5.0,127.0,road_node,,True,True
12295,676200.0,1950300.0,60645,0,0,4.0-6.0,5.0,127.0,road_node,,True,True
12297,677900.0,1953200.0,60202,0,0,4.0-6.0,5.0,127.0,road_node,,True,True
12298,677600.0,1955700.0,60202,0,0,3.0-4.0,3.5,88.9,road_node,,True,True
12299,679600.0,1955600.0,60202,0,0,,,,road_node,,True,False
12300,680500.0,1953200.0,60202,0,0,,,,road_node,,True,False
12302,555800.0,1943800.0,60193,0,0,1.0-1.5,1.25,31.75,road_node,,True,True
12303,577900.0,1942400.0,60157,0,0,2.0-3.0,2.5,63.5,road_node,,True,True
12304,582000.0,1941200.0,60143,0,0,2.0-3.0,2.5,63.5,road_node,,True,True
12305,589600.0,1939900.0,60007,0,0,3.0-4.0,3.5,88.9,road_node,,True,True
12306,596000.0,1940100.0,60007,0,0,3.0-4.0,3.5,88.9,road_node,,True,True
12307,601500.0,1940200.0,60007,0,0,3.0-4.0,3.5,88.9,road_node,,True,True
12312,625000.0,1941200.0,60018,0,0,3.0-4.0,3.5,88.9,road_node,,True,True
12313,628200.0,1941300.0,60068,0,0,3.0-4.0,3.5,88.9,road_node,,True,True
12314,636000.0,1946900.0,60068,0,0,3.0-4.0,3.5,88.9,road_node,,True,True
12315,637000.0,1946900.0,60068,0,0,3.0-4.0,3.5,88.9,road_node,,True,True
12316,635100.0,1942300.0,60068,0,0,3.0-4.0,3.5,88.9,road_node,,True,True
12317,635100.0,1941600.0,60068,0,0,3.0-4.0,3.5,88.9,road_node,,True,True
12318,636500.0,1941700.0,60631,0,0,4.0-6.0,5.0,127.0,road_node,,True,True
12319,635000.0,1938100.0,60656,0,0,4.0-6.0,5.0,127.0,road_node,,True,True
12320,638700.0,1937400.0,60631,0,0,4.0-6.0,5.0,127.0,road_node,,True,True
12321,640500.0,1937000.0,60631,0,0,4.0-6.0,5.0,127.0,road_node,,True,True
12322,643200.0,1947200.0,60714,0,0,3.0-4.0,3.5,88.9,road_node,,True,True
12323,644700.0,1947400.0,60714,0,0,3.0-4.0,3.5,88.9,road_node,,True,True
12324,647200.0,1947300.0,60714,0,0,3.0-4.0,3.5,88.9,road_node,,True,True
12325,647800.0,1947600.0,60714,0,0,3.0-4.0,3.5,88.9,road_node,,True,True
12326,648000.0,1947300.0,60714,0,0,3.0-4.0,3.5,88.9,road_node,,True,True
12327,652100.0,1947300.0,60646,0,0,3.0-4.0,3.5,88.9,road_node,,True,True
12328,655300.0,1947300.0,60646,0,0,3.0-4.0,3.5,88.9,road_node,,True,True
12329,658000.0,1947300.0,60712,0,0,4.0-6.0,5.0,127.0,road_node,,True,True
12330,658200.0,1947500.0,60712,0,0,4.0-6.0,5.0,127.0,road_node,,True,True
12331,659000.0,1947300.0,60712,0,0,4.0-6.0,5.0,127.0,road_node,,True,True
12332,661300.0,1947300.0,60712,0,0,4.0-6.0,5.0,127.0,road_node,,True,True
12333,664300.0,1947300.0,60712,0,0,4.0-6.0,5.0,127.0,road_node,,True,True
12334,664900.0,1947400.0,60712,0,0,4.0-6.0,5.0,127.0,road_node,,True,True
12335,664300.0,1944700.0,60712,0,0,4.0-6.0,5.0,127.0,road_node,,True,True
12336,664200.0,1944300.0,60712,0,0,4.0-6.0,5.0,127.0,road_node,,True,True
12337,665000.0,1944700.0,60712,0,0,4.0-6.0,5.0,127.0,road_node,,True,True
12338,668900.0,1944800.0,60645,0,0,4.0-6.0,5.0,127.0,road_node,,True,True
12339,668900.0,1947400.0,60645,0,0,4.0-6.0,5.0,127.0,road_node,,True,True
12340,672100.0,1947500.0,60645,0,0,4.0-6.0,5.0,127.0,road_node,,True,True
12341,674700.0,1945000.0,60645,0,0,4.0-6.0,5.0,127.0,road_node,,True,True
12342,674600.0,1947700.0,60645,0,0,4.0-6.0,5.0,127.0,road_node,,True,True
12343,676600.0,1947800.0,60645,0,0,4.0-6.0,5.0,127.0,road_node,,True,True
12344,679300.0,1945200.0,60626,0,0,4.0-6.0,5.0,127.0,road_node,,True,True
12345,678800.0,1947900.0,60626,0,0,4.0-6.0,5.0,127.0,road_node,,True,True
12346,681900.0,1948000.0,60626,0,0,4.0-6.0,5.0,127.0,road_node,,True,True
12347,568800.0,1937200.0,60172,0,0,2.0-3.0,2.5,63.5,road_node,,True,True
12348,568600.0,1927200.0,60108,0,0,2.0-3.0,2.5,63.5,road_node,,True,True
12349,577100.0,1926100.0,60157,0,0,3.0-4.0,3.5,88.9,road_node,,True,True
12350,576700.0,1934300.0,60157,0,0,2.0-3.0,2.5,63.5,road_node,,True,True
12351,499500.0,2006500.0,60156,0,0,2.0-3.0,2.5,63.5,road_node,,True,True
12352,587000.0,1932200.0,60143,0,0,3.0-4.0,3.5,88.9,road_node,,True,True
12353,596400.0,1929500.0,60191,0,0,3.0-4.0,3.5,88.9,road_node,,True,True
12355,607100.0,1928600.0,60106,0,0,2.0-3.0,2.5,63.5,road_node,,True,True
12358,623600.0,1937500.0,60666,0,0,3.0-4.0,3.5,88.9,road_node,,True,True
12359,622916.0,1936620.0,60666,0,0,3.0-4.0,3.5,88.9,road_node,,True,True
12360,624300.0,1930400.0,60176,0,0,2.0-3.0,2.5,63.5,road_node,,True,True
12364,635200.0,1925300.0,60634,0,0,3.0-4.0,3.5,88.9,road_node,,True,True
12366,637800.0,1930900.0,60656,0,0,4.0-6.0,5.0,127.0,road_node,,True,True
12367,640600.0,1925600.0,60634,0,0,4.0-6.0,5.0,127.0,road_node,,True,True
12368,640500.0,1924500.0,60634,0,0,4.0-6.0,5.0,127.0,road_node,,True,True
12369,640500.0,1923000.0,60634,0,0,3.0-4.0,3.5,88.9,road_node,,True,True
12370,673500.0,1899800.0,60612,0,0,4.0-6.0,5.0,127.0,road_node,,True,True
12371,504800.0,2006900.0,60102,0,0,2.0-3.0,2.5,63.5,road_node,,True,True
12373,568900.0,1919700.0,60108,0,0,2.0-3.0,2.5,63.5,road_node,,True,True
12374,573300.0,1919000.0,60139,0,0,2.0-3.0,2.5,63.5,road_node,,True,True
12375,573900.0,1926900.0,60157,0,0,3.0-4.0,3.5,88.9,road_node,,True,True
12376,579200.0,1918100.0,60101,0,0,2.0-3.0,2.5,63.5,road_node,,True,True
12377,758000.0,1744700.0,46410,0,0,,,,road_node,,True,False
12378,758000.0,1738100.0,46373,0,0,,,,road_node,,True,False
12379,741100.0,1791100.0,46323,0,0,2.0-3.0,2.5,63.5,road_node,,True,True
12380,741100.0,1790700.0,46323,0,0,1.5-2.0,1.75,44.45,road_node,,True,True
12381,582000.0,1961200.0,60173,0,0,2.0-3.0,2.5,63.5,road_node,,True,True
12382,583300.0,1961000.0,60173,0,0,2.0-3.0,2.5,63.5,road_node,,True,True
12383,507500.0,2006500.0,60102,0,0,2.0-3.0,2.5,63.5,road_node,,True,True
12384,680800.0,1900800.0,60612,0,0,4.0-6.0,5.0,127.0,road_node,,True,True
12387,612400.0,1924400.0,60106,0,0,2.0-3.0,2.5,63.5,road_node,,True,True
12390,511200.0,2003400.0,60102,0,0,2.0-3.0,2.5,63.5,road_node,,True,True
12391,622200.0,1914300.0,60164,0,0,2.0-3.0,2.5,63.5,road_node,,True,True
12392,622100.0,1917400.0,60131,0,0,2.0-3.0,2.5,63.5,road_node,,True,True
12393,622000.0,1919800.0,60131,0,0,2.0-3.0,2.5,63.5,road_node,,True,True
12394,595100.0,1957700.0,60005,0,0,2.0-3.0,2.5,63.5,road_node,,True,True
12395,625800.0,1919800.0,60131,0,0,2.0-3.0,2.5,63.5,road_node,,True,True
12396,595700.0,1957200.0,60005,0,0,2.0-3.0,2.5,63.5,road_node,,True,True
12397,627400.0,1917200.0,60131,0,0,2.0-3.0,2.5,63.5,road_node,,True,True
12398,627500.0,1914500.0,60160,0,0,2.0-3.0,2.5,63.5,road_node,,True,True
12399,595700.0,1957100.0,60005,0,0,2.0-3.0,2.5,63.5,road_node,,True,True
12400,632000.0,1920000.0,60171,0,0,2.0-3.0,2.5,63.5,road_node,,True,True
12401,632600.0,1917200.0,60171,0,0,2.0-3.0,2.5,63.5,road_node,,True,True
12402,634100.0,1914500.0,60171,0,0,3.0-4.0,3.5,88.9,road_node,,True,True
12403,594900.0,1956900.0,60005,0,0,2.0-3.0,2.5,63.5,road_node,,True,True
12404,636100.0,1914800.0,60171,0,0,3.0-4.0,3.5,88.9,road_node,,True,True
12405,722700.0,1806100.0,46320,0,0,3.0-4.0,3.5,88.9,road_node,,True,True
12406,635400.0,1920100.0,60171,0,0,2.0-3.0,2.5,63.5,road_node,,True,True
12407,635400.0,1921200.0,60634,0,0,2.0-3.0,2.5,63.5,road_node,,True,True
12408,641000.0,1920300.0,60707,0,0,3.0-4.0,3.5,88.9,road_node,,True,True
12409,736700.0,1781800.0,46322,0,0,1.0-1.5,1.25,31.75,road_node,,True,True
12410,641000.0,1914900.0,60707,0,0,4.0-6.0,5.0,127.0,road_node,,True,True
12411,738600.0,1781800.0,46322,0,0,1.0-1.5,1.25,31.75,road_node,,True,True
12412,558000.0,1906000.0,60188,0,0,1.5-2.0,1.75,44.45,road_node,,True,True
12413,746600.0,1781600.0,46322,0,0,1.0-1.5,1.25,31.75,road_node,,True,True
12414,723400.0,1770200.0,46321,0,0,2.0-3.0,2.5,63.5,road_node,,True,True
12415,561700.0,1901800.0,60187,0,0,1.5-2.0,1.75,44.45,road_node,,True,True
12416,565800.0,1901900.0,60187,0,0,2.0-3.0,2.5,63.5,road_node,,True,True
12417,512900.0,2006200.0,60102,0,0,2.0-3.0,2.5,63.5,road_node,,True,True
12418,568400.0,1904200.0,60139,0,0,2.0-3.0,2.5,63.5,road_node,,True,True
12419,736000.0,1770000.0,46322,0,0,1.0-1.5,1.25,31.75,road_node,,True,True
12420,573600.0,1907400.0,60139,0,0,2.0-3.0,2.5,63.5,road_node,,True,True
12421,746800.0,1764400.0,46375,0,0,0.5-1.0,0.75,19.05,road_node,,True,True
12423,579100.0,1907700.0,60139,0,0,3.0-4.0,3.5,88.9,road_node,,True,True
12424,581900.0,1907800.0,60101,0,0,2.0-3.0,2.5,63.5,road_node,,True,True
12425,581600.0,1901800.0,60148,0,0,2.0-3.0,2.5,63.5,road_node,,True,True
12426,583400.0,1901000.0,60148,0,0,2.0-3.0,2.5,63.5,road_node,,True,True
12427,585900.0,1901600.0,60148,0,0,2.0-3.0,2.5,63.5,road_node,,True,True
12429,585900.0,1907900.0,60101,0,0,2.0-3.0,2.5,63.5,road_node,,True,True
12432,596400.0,1908200.0,60181,0,0,2.0-3.0,2.5,63.5,road_node,,True,True
12434,593800.0,1902500.0,60181,0,0,2.0-3.0,2.5,63.5,road_node,,True,True
12435,596500.0,1902600.0,60181,0,0,2.0-3.0,2.5,63.5,road_node,,True,True
12436,504700.0,1999800.0,60102,0,0,3.0-4.0,3.5,88.9,road_node,,True,True
12437,509900.0,2000100.0,60102,0,0,2.0-3.0,2.5,63.5,road_node,,True,True
12438,600100.0,1908400.0,60126,0,0,2.0-3.0,2.5,63.5,road_node,,True,True
12439,601100.0,1902800.0,60126,0,0,2.0-3.0,2.5,63.5,road_node,,True,True
12440,499300.0,1998600.0,60102,0,0,3.0-4.0,3.5,88.9,road_node,,True,True
12441,503300.0,1998600.0,60102,0,0,3.0-4.0,3.5,88.9,road_node,,True,True
12442,504600.0,1988800.0,60118,0,0,1.5-2.0,1.75,44.45,road_node,,True,True
12443,499400.0,1988100.0,60118,0,0,1.5-2.0,1.75,44.45,road_node,,True,True
12444,501600.0,1987200.0,60118,0,0,1.5-2.0,1.75,44.45,road_node,,True,True
12445,502900.0,1985400.0,60118,0,0,1.5-2.0,1.75,44.45,road_node,,True,True
12446,504700.0,1984100.0,60118,0,0,1.5-2.0,1.75,44.45,road_node,,True,True
12447,499400.0,1980200.0,60118,0,0,1.5-2.0,1.75,44.45,road_node,,True,True
12448,504800.0,1979900.0,60118,0,0,1.5-2.0,1.75,44.45,road_node,,True,True
12449,512400.0,1978300.0,60118,0,0,1.5-2.0,1.75,44.45,road_node,,True,True
12450,627600.0,1909200.0,60160,0,0,2.0-3.0,2.5,63.5,road_node,,True,True
12451,512600.0,2002400.0,60102,0,0,2.0-3.0,2.5,63.5,road_node,,True,True
12452,627800.0,1902100.0,60104,0,0,3.0-4.0,3.5,88.9,road_node,,True,True
12453,630500.0,1903900.0,60160,0,0,3.0-4.0,3.5,88.9,road_node,,True,True
12454,634200.0,1909400.0,60160,0,0,3.0-4.0,3.5,88.9,road_node,,True,True
12455,635600.0,1909500.0,60171,0,0,3.0-4.0,3.5,88.9,road_node,,True,True
12456,520600.0,2006600.0,60021,0,0,1.0-1.5,1.25,31.75,road_node,,True,True
12457,634500.0,1902700.0,60153,0,0,4.0-6.0,5.0,127.0,road_node,,True,True
12458,515300.0,2001400.0,60102,0,0,2.0-3.0,2.5,63.5,road_node,,True,True
12459,636000.0,1902300.0,60153,0,0,4.0-6.0,5.0,127.0,road_node,,True,True
12460,635800.0,1904200.0,60305,0,0,4.0-6.0,5.0,127.0,road_node,,True,True
12461,638300.0,1902200.0,60305,0,0,4.0-6.0,5.0,127.0,road_node,,True,True
12462,638200.0,1904300.0,60305,0,0,4.0-6.0,5.0,127.0,road_node,,True,True
12463,519300.0,1998600.0,60102,0,0,2.0-3.0,2.5,63.5,road_node,,True,True
12464,641300.0,1909600.0,60305,0,0,4.0-6.0,5.0,127.0,road_node,,True,True
12465,641500.0,1904400.0,60305,0,0,4.0-6.0,5.0,127.0,road_node,,True,True
12466,641600.0,1902200.0,60305,0,0,4.0-6.0,5.0,127.0,road_node,,True,True
12467,560500.0,1891000.0,60187,0,0,1.5-2.0,1.75,44.45,road_node,,True,True
12468,560400.0,1893700.0,60187,0,0,1.5-2.0,1.75,44.45,road_node,,True,True
12469,561800.0,1893800.0,60187,0,0,1.5-2.0,1.75,44.45,road_node,,True,True
12470,562100.0,1891100.0,60187,0,0,1.5-2.0,1.75,44.45,road_node,,True,True
12471,565900.0,1891200.0,60187,0,0,1.5-2.0,1.75,44.45,road_node,,True,True
12472,565800.0,1894800.0,60187,0,0,1.5-2.0,1.75,44.45,road_node,,True,True
12473,520600.0,1998700.0,60102,0,0,1.5-2.0,1.75,44.45,road_node,,True,True
12474,568500.0,1891200.0,60137,0,0,1.5-2.0,1.75,44.45,road_node,,True,True
12475,574100.0,1891400.0,60137,0,0,2.0-3.0,2.5,63.5,road_node,,True,True
12476,520400.0,1997700.0,60110,0,0,1.5-2.0,1.75,44.45,road_node,,True,True
12477,515100.0,1993400.0,60110,0,0,2.0-3.0,2.5,63.5,road_node,,True,True
12478,572600.0,1898000.0,60137,0,0,2.0-3.0,2.5,63.5,road_node,,True,True
12479,514100.0,1986600.0,60110,0,0,1.5-2.0,1.75,44.45,road_node,,True,True
12480,520400.0,1993400.0,60110,0,0,1.5-2.0,1.75,44.45,road_node,,True,True
12481,586100.0,1891700.0,60148,0,0,2.0-3.0,2.5,63.5,road_node,,True,True
12482,587500.0,1891700.0,60148,0,0,2.0-3.0,2.5,63.5,road_node,,True,True
12483,520300.0,1986700.0,60110,0,0,1.5-2.0,1.75,44.45,road_node,,True,True
12484,528600.0,1990700.0,60110,0,0,1.5-2.0,1.75,44.45,road_node,,True,True
12485,598200.0,1892000.0,60181,0,0,2.0-3.0,2.5,63.5,road_node,,True,True
12486,512800.0,1985300.0,60110,0,0,1.5-2.0,1.75,44.45,road_node,,True,True
12487,674300.0,1886500.0,60608,0,0,4.0-6.0,5.0,127.0,road_node,,True,True
12488,602400.0,1892200.0,60181,0,0,1.5-2.0,1.75,44.45,road_node,,True,True
12489,512200.0,1982200.0,60118,0,0,1.5-2.0,1.75,44.45,road_node,,True,True
12490,516700.0,1978500.0,60118,0,0,1.5-2.0,1.75,44.45,road_node,,True,True
12491,675300.0,1884200.0,60608,0,0,4.0-6.0,5.0,127.0,road_node,,True,True
12492,635800.0,1996000.0,60062,0,0,2.0-3.0,2.5,63.5,road_node,,True,True
12493,514500.0,1979400.0,60118,0,0,1.5-2.0,1.75,44.45,road_node,,True,True
12494,646400.0,1995700.0,60022,0,0,2.0-3.0,2.5,63.5,road_node,,True,True
12495,518700.0,1980200.0,60110,0,0,1.5-2.0,1.75,44.45,road_node,,True,True
12496,515600.0,1978400.0,60118,0,0,1.5-2.0,1.75,44.45,road_node,,True,True
12497,646400.0,1995400.0,60022,0,0,2.0-3.0,2.5,63.5,road_node,,True,True
12498,622500.0,1899700.0,60104,0,0,3.0-4.0,3.5,88.9,road_node,,True,True
12499,623257.0,1942620.0,60018,0,0,3.0-4.0,3.5,88.9,road_node,,True,True
12500,623615.0,1942370.0,60018,0,0,3.0-4.0,3.5,88.9,road_node,,True,True
12501,627300.0,1896000.0,60104,0,0,3.0-4.0,3.5,88.9,road_node,,True,True
12502,627900.0,1898800.0,60104,0,0,3.0-4.0,3.5,88.9,road_node,,True,True
12503,504400.0,1970200.0,60118,0,0,1.5-2.0,1.75,44.45,road_node,,True,True
12504,630600.0,1898700.0,60153,0,0,3.0-4.0,3.5,88.9,road_node,,True,True
12505,630100.0,1896000.0,60153,0,0,3.0-4.0,3.5,88.9,road_node,,True,True
12506,628700.0,1895800.0,60155,0,0,3.0-4.0,3.5,88.9,road_node,,True,True
12507,494300.0,1968900.0,60136,0,0,1.5-2.0,1.75,44.45,road_node,,True,True
12508,630700.0,1893400.0,60155,0,0,3.0-4.0,3.5,88.9,road_node,,True,True
12509,631400.0,1895800.0,60153,0,0,3.0-4.0,3.5,88.9,road_node,,True,True
12510,634100.0,1895900.0,60153,0,0,3.0-4.0,3.5,88.9,road_node,,True,True
12511,633300.0,1898900.0,60153,0,0,3.0-4.0,3.5,88.9,road_node,,True,True
12512,634600.0,1900100.0,60153,0,0,4.0-6.0,5.0,127.0,road_node,,True,True
12513,634600.0,1898900.0,60153,0,0,3.0-4.0,3.5,88.9,road_node,,True,True
12514,634200.0,1896200.0,60153,0,0,3.0-4.0,3.5,88.9,road_node,,True,True
12515,636500.0,1896000.0,60153,0,0,4.0-6.0,5.0,127.0,road_node,,True,True
12516,494000.0,1972300.0,60136,0,0,1.5-2.0,1.75,44.45,road_node,,True,True
12517,636100.0,1893600.0,60141,0,0,4.0-6.0,5.0,127.0,road_node,,True,True
12518,635400.0,1896100.0,60153,0,0,4.0-6.0,5.0,127.0,road_node,,True,True
12519,635900.0,1898900.0,60153,0,0,3.0-4.0,3.5,88.9,road_node,,True,True
12520,499300.0,1969600.0,60123,0,0,1.0-1.5,1.25,31.75,road_node,,True,True
12521,641200.0,1900300.0,60305,0,0,6.0-8.0,7.0,177.8,road_node,,True,True
12522,640700.0,1899100.0,60130,0,0,4.0-6.0,5.0,127.0,road_node,,True,True
12523,504300.0,1968700.0,60123,0,0,1.0-1.5,1.25,31.75,road_node,,True,True
12524,640100.0,1893700.0,60130,0,0,6.0-8.0,7.0,177.8,road_node,,True,True
12525,550600.0,1881100.0,60189,0,0,1.0-1.5,1.25,31.75,road_node,,True,True
12526,556400.0,1886200.0,60189,0,0,1.5-2.0,1.75,44.45,road_node,,True,True
12527,505600.0,1960400.0,60123,0,0,1.0-1.5,1.25,31.75,road_node,,True,True
12528,563000.0,1881900.0,60189,0,0,2.0-3.0,2.5,63.5,road_node,,True,True
12529,562100.0,1880200.0,60189,0,0,2.0-3.0,2.5,63.5,road_node,,True,True
12530,507700.0,1957200.0,60123,0,0,0.5-1.0,0.75,19.05,road_node,,True,True
12531,572600.0,1880700.0,60137,0,0,2.0-3.0,2.5,63.5,road_node,,True,True
12532,509700.0,1959000.0,60123,0,0,1.0-1.5,1.25,31.75,road_node,,True,True
12533,511400.0,1957600.0,60123,0,0,0.5-1.0,0.75,19.05,road_node,,True,True
12534,507700.0,1956500.0,60123,0,0,0.5-1.0,0.75,19.05,road_node,,True,True
12535,593300.0,1881300.0,60523,0,0,2.0-3.0,2.5,63.5,road_node,,True,True
12536,505700.0,1955200.0,60123,0,0,0.5-1.0,0.75,19.05,road_node,,True,True
12537,594800.0,1886400.0,60523,0,0,2.0-3.0,2.5,63.5,road_node,,True,True
12538,507700.0,1955800.0,60123,0,0,0.5-1.0,0.75,19.05,road_node,,True,True
12539,598400.0,1886800.0,60523,0,0,1.5-2.0,1.75,44.45,road_node,,True,True
12540,602300.0,1886900.0,60523,0,0,1.5-2.0,1.75,44.45,road_node,,True,True
12541,512000.0,1955600.0,60123,0,0,0.5-1.0,0.75,19.05,road_node,,True,True
12542,509200.0,1956200.0,60123,0,0,0.5-1.0,0.75,19.05,road_node,,True,True
12543,512200.0,1956100.0,60123,0,0,0.5-1.0,0.75,19.05,road_node,,True,True
12544,512400.0,1955800.0,60123,0,0,0.5-1.0,0.75,19.05,road_node,,True,True
12545,511900.0,1955900.0,60123,0,0,0.5-1.0,0.75,19.05,road_node,,True,True
12546,507700.0,1952200.0,60123,0,0,1.0-1.5,1.25,31.75,road_node,,True,True
12547,513800.0,1953300.0,60123,0,0,0.5-1.0,0.75,19.05,road_node,,True,True
12548,623100.0,1887700.0,60154,0,0,2.0-3.0,2.5,63.5,road_node,,True,True
12549,489800.0,1944800.0,60124,0,0,1.0-1.5,1.25,31.75,road_node,,True,True
12550,631200.0,1882800.0,60513,0,0,4.0-6.0,5.0,127.0,road_node,,True,True
12551,637400.0,1883000.0,60546,0,0,6.0-8.0,7.0,177.8,road_node,,True,True
12552,492400.0,1944800.0,60124,0,0,1.0-1.5,1.25,31.75,road_node,,True,True
12553,491400.0,1937300.0,60177,0,0,0.5-1.0,0.75,19.05,road_node,,True,True
12554,494900.0,1937000.0,60177,0,0,1.0-1.5,1.25,31.75,road_node,,True,True
12555,565400.0,1872600.0,60532,0,0,2.0-3.0,2.5,63.5,road_node,,True,True
12556,497900.0,1937000.0,60177,0,0,1.0-1.5,1.25,31.75,road_node,,True,True
12557,570500.0,1870100.0,60532,0,0,2.0-3.0,2.5,63.5,road_node,,True,True
12558,570100.0,1872600.0,60532,0,0,2.0-3.0,2.5,63.5,road_node,,True,True
12559,571500.0,1876200.0,60532,0,0,2.0-3.0,2.5,63.5,road_node,,True,True
12560,498600.0,1940900.0,60177,0,0,1.0-1.5,1.25,31.75,road_node,,True,True
12561,580700.0,1868200.0,60515,0,0,2.0-3.0,2.5,63.5,road_node,,True,True
12562,588000.0,1868300.0,60515,0,0,2.0-3.0,2.5,63.5,road_node,,True,True
12563,509700.0,1940500.0,60177,0,0,0.5-1.0,0.75,19.05,road_node,,True,True
12564,520300.0,1972000.0,60118,0,0,1.0-1.5,1.25,31.75,road_node,,True,True
12565,708100.0,1847600.0,60617,0,0,4.0-6.0,5.0,127.0,road_node,,True,True
12566,517700.0,1963200.0,60120,0,0,1.0-1.5,1.25,31.75,road_node,,True,True
12567,514600.0,1957900.0,60123,0,0,0.5-1.0,0.75,19.05,road_node,,True,True
12568,515400.0,1959300.0,60123,0,0,1.0-1.5,1.25,31.75,road_node,,True,True
12569,681700.0,1885400.0,60608,0,0,4.0-6.0,5.0,127.0,road_node,,True,True
12570,605500.0,1871100.0,60514,0,0,1.5-2.0,1.75,44.45,road_node,,True,True
12571,608100.0,1870200.0,60521,0,0,1.5-2.0,1.75,44.45,road_node,,True,True
12572,607900.0,1874600.0,60521,0,0,1.5-2.0,1.75,44.45,road_node,,True,True
12573,684200.0,1885700.0,60608,0,0,4.0-6.0,5.0,127.0,road_node,,True,True
12574,517700.0,1959400.0,60120,0,0,1.0-1.5,1.25,31.75,road_node,,True,True
12575,514200.0,1956200.0,60123,0,0,0.5-1.0,0.75,19.05,road_node,,True,True
12576,618300.0,1877400.0,60558,0,0,2.0-3.0,2.5,63.5,road_node,,True,True
12577,618500.0,1871500.0,60558,0,0,2.0-3.0,2.5,63.5,road_node,,True,True
12578,514200.0,1956500.0,60123,0,0,0.5-1.0,0.75,19.05,road_node,,True,True
12579,515500.0,1954500.0,60123,0,0,0.5-1.0,0.75,19.05,road_node,,True,True
12580,623600.0,1876800.0,60526,0,0,3.0-4.0,3.5,88.9,road_node,,True,True
12581,626300.0,1876500.0,60526,0,0,3.0-4.0,3.5,88.9,road_node,,True,True
12582,623800.0,1871700.0,60558,0,0,3.0-4.0,3.5,88.9,road_node,,True,True
12583,516000.0,1954100.0,60120,0,0,0.5-1.0,0.75,19.05,road_node,,True,True
12584,631700.0,1871900.0,60513,0,0,4.0-6.0,5.0,127.0,road_node,,True,True
12585,517700.0,1953500.0,60120,0,0,0.5-1.0,0.75,19.05,road_node,,True,True
12586,515700.0,1953900.0,60120,0,0,0.5-1.0,0.75,19.05,road_node,,True,True
12587,636100.0,1875900.0,60534,0,0,4.0-6.0,5.0,127.0,road_node,,True,True
12588,638200.0,1876000.0,60534,0,0,4.0-6.0,5.0,127.0,road_node,,True,True
12589,636200.0,1872100.0,60534,0,0,4.0-6.0,5.0,127.0,road_node,,True,True
12590,638500.0,1872200.0,60534,0,0,4.0-6.0,5.0,127.0,road_node,,True,True
12591,643400.0,1878100.0,60534,0,0,6.0-8.0,7.0,177.8,road_node,,True,True
12592,517700.0,1956000.0,60120,0,0,0.5-1.0,0.75,19.05,road_node,,True,True
12593,637800.0,1868500.0,60501,0,0,4.0-6.0,5.0,127.0,road_node,,True,True
12594,636400.0,1869300.0,60534,0,0,4.0-6.0,5.0,127.0,road_node,,True,True
12595,550700.0,1864500.0,60563,0,0,0.5-1.0,0.75,19.05,road_node,,True,True
12596,550500.0,1858500.0,60540,0,0,0.5-1.0,0.75,19.05,road_node,,True,True
12597,517258.0,1951600.0,60120,0,0,0.5-1.0,0.75,19.05,road_node,,True,True
12598,570500.0,1867100.0,60532,0,0,2.0-3.0,2.5,63.5,road_node,,True,True
12599,685200.0,1884200.0,60608,0,0,4.0-6.0,5.0,127.0,road_node,,True,True
12600,570600.0,1865800.0,60532,0,0,2.0-3.0,2.5,63.5,road_node,,True,True
12601,570600.0,1864700.0,60532,0,0,2.0-3.0,2.5,63.5,road_node,,True,True
12602,526400.0,1949300.0,60120,0,0,0.5-1.0,0.75,19.05,road_node,,True,True
12603,577900.0,1859500.0,60516,0,0,3.0-4.0,3.5,88.9,road_node,,True,True
12604,580700.0,1864200.0,60515,0,0,3.0-4.0,3.5,88.9,road_node,,True,True
12605,517600.0,1949400.0,60120,0,0,0.5-1.0,0.75,19.05,road_node,,True,True
12606,588100.0,1866700.0,60515,0,0,2.0-3.0,2.5,63.5,road_node,,True,True
12607,523495.0,1949400.0,60120,0,0,0.5-1.0,0.75,19.05,road_node,,True,True
12608,588500.0,1860000.0,60516,0,0,2.0-3.0,2.5,63.5,road_node,,True,True
12609,515100.0,1942700.0,60177,0,0,0.5-1.0,0.75,19.05,road_node,,True,True
12610,517700.0,1940400.0,60177,0,0,0.5-1.0,0.75,19.05,road_node,,True,True
12611,517700.0,1940100.0,60177,0,0,0.5-1.0,0.75,19.05,road_node,,True,True
12612,511700.0,1940100.0,60177,0,0,0.5-1.0,0.75,19.05,road_node,,True,True
12613,605400.0,1860500.0,60514,0,0,2.0-3.0,2.5,63.5,road_node,,True,True
12614,685700.0,1884200.0,60608,0,0,4.0-6.0,5.0,127.0,road_node,,True,True
12615,608300.0,1865900.0,60521,0,0,2.0-3.0,2.5,63.5,road_node,,True,True
12616,610800.0,1866000.0,60521,0,0,1.5-2.0,1.75,44.45,road_node,,True,True
12617,511500.0,1940400.0,60177,0,0,0.5-1.0,0.75,19.05,road_node,,True,True
12618,504800.0,1933700.0,60177,0,0,0.5-1.0,0.75,19.05,road_node,,True,True
12619,491700.0,1931600.0,60175,0,0,0.5-1.0,0.75,19.05,road_node,,True,True
12620,495400.0,1931600.0,60177,0,0,0.5-1.0,0.75,19.05,road_node,,True,True
12621,498000.0,1931400.0,60177,0,0,0.5-1.0,0.75,19.05,road_node,,True,True
12622,491700.0,1926300.0,60175,0,0,0.5-1.0,0.75,19.05,road_node,,True,True
12623,495900.0,1926700.0,60175,0,0,0.5-1.0,0.75,19.05,road_node,,True,True
12624,621500.0,1864000.0,60525,0,0,3.0-4.0,3.5,88.9,road_node,,True,True
12625,624000.0,1865700.0,60525,0,0,3.0-4.0,3.5,88.9,road_node,,True,True
12626,624000.0,1866400.0,60525,0,0,3.0-4.0,3.5,88.9,road_node,,True,True
12627,625100.0,1866400.0,60525,0,0,3.0-4.0,3.5,88.9,road_node,,True,True
12628,624200.0,1860600.0,60525,0,0,3.0-4.0,3.5,88.9,road_node,,True,True
12629,497900.0,1925400.0,60175,0,0,0.5-1.0,0.75,19.05,road_node,,True,True
12630,504300.0,1924600.0,60174,0,0,0.5-1.0,0.75,19.05,road_node,,True,True
12631,491900.0,1915600.0,60175,0,0,1.0-1.5,1.25,31.75,road_node,,True,True
12632,497800.0,1919000.0,60174,0,0,0.5-1.0,0.75,19.05,road_node,,True,True
12633,573800.0,1846200.0,60517,0,0,1.5-2.0,1.75,44.45,road_node,,True,True
12634,503400.0,1919100.0,60174,0,0,0.5-1.0,0.75,19.05,road_node,,True,True
12635,598100.0,1851400.0,60561,0,0,3.0-4.0,3.5,88.9,road_node,,True,True
12636,615600.0,1855200.0,60527,0,0,3.0-4.0,3.5,88.9,road_node,,True,True
12637,605900.0,1855600.0,60527,0,0,2.0-3.0,2.5,63.5,road_node,,True,True
12638,493300.0,1914900.0,60175,0,0,0.5-1.0,0.75,19.05,road_node,,True,True
12639,619100.0,1855000.0,60527,0,0,3.0-4.0,3.5,88.9,road_node,,True,True
12640,619100.0,1857500.0,60525,0,0,3.0-4.0,3.5,88.9,road_node,,True,True
12641,630900.0,1850200.0,60458,0,0,4.0-6.0,5.0,127.0,road_node,,True,True
12642,631300.0,1849400.0,60458,0,0,4.0-6.0,5.0,127.0,road_node,,True,True
12643,498100.0,1912800.0,60174,0,0,1.0-1.5,1.25,31.75,road_node,,True,True
12644,486100.0,1907700.0,60134,0,0,1.5-2.0,1.75,44.45,road_node,,True,True
12645,492900.0,1907100.0,60134,0,0,1.0-1.5,1.25,31.75,road_node,,True,True
12646,492600.0,1911000.0,60134,0,0,1.0-1.5,1.25,31.75,road_node,,True,True
12647,493400.0,1910900.0,60134,0,0,1.0-1.5,1.25,31.75,road_node,,True,True
12648,582000.0,1842700.0,60517,0,0,2.0-3.0,2.5,63.5,road_node,,True,True
12649,708900.0,1847600.0,60617,0,0,4.0-6.0,5.0,127.0,road_node,,True,True
12650,495900.0,1910800.0,60134,0,0,1.0-1.5,1.25,31.75,road_node,,True,True
12651,498100.0,1910700.0,60174,0,0,1.0-1.5,1.25,31.75,road_node,,True,True
12652,502400.0,1910700.0,60174,0,0,0.5-1.0,0.75,19.05,road_node,,True,True
12653,553600.0,1864500.0,60540,0,0,1.0-1.5,1.25,31.75,road_node,,True,True
12654,616000.0,1855200.0,60527,0,0,3.0-4.0,3.5,88.9,road_node,,True,True
12655,504500.0,1910900.0,60174,0,0,0.5-1.0,0.75,19.05,road_node,,True,True
12656,605900.0,1836900.0,60527,0,0,4.0-6.0,5.0,127.0,road_node,,True,True
12657,606300.0,1841800.0,60527,0,0,4.0-6.0,5.0,127.0,road_node,,True,True
12658,614200.0,1842200.0,60527,0,0,4.0-6.0,5.0,127.0,road_node,,True,True
12659,498100.0,1907400.0,60134,0,0,1.0-1.5,1.25,31.75,road_node,,True,True
12660,624500.0,1845200.0,60480,0,0,4.0-6.0,5.0,127.0,road_node,,True,True
12661,624800.0,1839700.0,60480,0,0,4.0-6.0,5.0,127.0,road_node,,True,True
12662,505300.0,1909300.0,60174,0,0,0.5-1.0,0.75,19.05,road_node,,True,True
12663,504800.0,1909100.0,60174,0,0,0.5-1.0,0.75,19.05,road_node,,True,True
12664,515200.0,1934600.0,60177,0,0,0.5-1.0,0.75,19.05,road_node,,True,True
12665,517900.0,1933600.0,60184,0,0,0.5-1.0,0.75,19.05,road_node,,True,True
12666,513800.0,1924900.0,60184,0,0,0.5-1.0,0.75,19.05,road_node,,True,True
12667,518400.0,1927800.0,60184,0,0,0.5-1.0,0.75,19.05,road_node,,True,True
12668,506900.0,1919700.0,60174,0,0,0.5-1.0,0.75,19.05,road_node,,True,True
12669,514900.0,1920200.0,60174,0,0,0.5-1.0,0.75,19.05,road_node,,True,True
12670,651100.0,1840800.0,60415,0,0,2.0-3.0,2.5,63.5,road_node,,True,True
12671,512800.0,1913600.0,60174,0,0,0.5-1.0,0.75,19.05,road_node,,True,True
12672,656400.0,1840900.0,60453,0,0,3.0-4.0,3.5,88.9,road_node,,True,True
12673,506600.0,1911300.0,60174,0,0,0.5-1.0,0.75,19.05,road_node,,True,True
12674,511300.0,1910300.0,60174,0,0,0.5-1.0,0.75,19.05,road_node,,True,True
12675,515000.0,1908900.0,60174,0,0,0.5-1.0,0.75,19.05,road_node,,True,True
12676,619500.0,1855600.0,60525,0,0,3.0-4.0,3.5,88.9,road_node,,True,True
12677,553400.0,1862600.0,60540,0,0,0.5-1.0,0.75,19.05,road_node,,True,True
12678,507200.0,1911400.0,60174,0,0,0.5-1.0,0.75,19.05,road_node,,True,True
12679,667000.0,1841200.0,60456,0,0,2.0-3.0,2.5,63.5,road_node,,True,True
12680,667200.0,1835900.0,60655,0,0,2.0-3.0,2.5,63.5,road_node,,True,True
12681,669900.0,1836000.0,60655,0,0,2.0-3.0,2.5,63.5,road_node,,True,True
12682,515700.0,1913800.0,60174,0,0,0.5-1.0,0.75,19.05,road_node,,True,True
12683,672300.0,1844000.0,60805,0,0,2.0-3.0,2.5,63.5,road_node,,True,True
12684,672300.0,1841300.0,60805,0,0,2.0-3.0,2.5,63.5,road_node,,True,True
12685,518800.0,1913800.0,60174,0,0,0.5-1.0,0.75,19.05,road_node,,True,True
12686,675300.0,1836100.0,60655,0,0,2.0-3.0,2.5,63.5,road_node,,True,True
12687,677900.0,1836200.0,60655,0,0,2.0-3.0,2.5,63.5,road_node,,True,True
12688,677800.0,1838900.0,60805,0,0,2.0-3.0,2.5,63.5,road_node,,True,True
12689,492800.0,1905100.0,60134,0,0,1.5-2.0,1.75,44.45,road_node,,True,True
12690,498000.0,1905200.0,60134,0,0,1.0-1.5,1.25,31.75,road_node,,True,True
12691,677600.0,1844100.0,60805,0,0,2.0-3.0,2.5,63.5,road_node,,True,True
12692,500500.0,1905200.0,60134,0,0,1.0-1.5,1.25,31.75,road_node,,True,True
12693,682900.0,1844300.0,60620,0,0,2.0-3.0,2.5,63.5,road_node,,True,True
12694,681300.0,1841500.0,60643,0,0,2.0-3.0,2.5,63.5,road_node,,True,True
12695,683000.0,1841600.0,60643,0,0,2.0-3.0,2.5,63.5,road_node,,True,True
12696,498000.0,1899900.0,60134,0,0,1.0-1.5,1.25,31.75,road_node,,True,True
12697,680900.0,1836300.0,60643,0,0,2.0-3.0,2.5,63.5,road_node,,True,True
12698,684800.0,1836400.0,60643,0,0,2.0-3.0,2.5,63.5,road_node,,True,True
12699,685800.0,1836400.0,60643,0,0,2.0-3.0,2.5,63.5,road_node,,True,True
12700,688500.0,1836400.0,60643,0,0,2.0-3.0,2.5,63.5,road_node,,True,True
12701,685600.0,1839000.0,60643,0,0,2.0-3.0,2.5,63.5,road_node,,True,True
12702,688400.0,1839100.0,60643,0,0,2.0-3.0,2.5,63.5,road_node,,True,True
12703,685700.0,1841700.0,60643,0,0,2.0-3.0,2.5,63.5,road_node,,True,True
12704,686300.0,1841700.0,60643,0,0,2.0-3.0,2.5,63.5,road_node,,True,True
12705,688300.0,1841800.0,60643,0,0,2.0-3.0,2.5,63.5,road_node,,True,True
12706,504100.0,1902100.0,60134,0,0,0.5-1.0,0.75,19.05,road_node,,True,True
12707,687000.0,1844400.0,60620,0,0,2.0-3.0,2.5,63.5,road_node,,True,True
12708,504800.0,1902100.0,60134,0,0,0.5-1.0,0.75,19.05,road_node,,True,True
12709,693600.0,1844500.0,60620,0,0,2.0-3.0,2.5,63.5,road_node,,True,True
12710,693700.0,1841900.0,60628,0,0,2.0-3.0,2.5,63.5,road_node,,True,True
12711,492700.0,1899700.0,60134,0,0,1.0-1.5,1.25,31.75,road_node,,True,True
12712,699000.0,1842000.0,60628,0,0,3.0-4.0,3.5,88.9,road_node,,True,True
12713,680800.0,1900400.0,60612,0,0,4.0-6.0,5.0,127.0,road_node,,True,True
12714,693800.0,1836600.0,60628,0,0,2.0-3.0,2.5,63.5,road_node,,True,True
12715,696400.0,1836700.0,60628,0,0,2.0-3.0,2.5,63.5,road_node,,True,True
12716,698500.0,1836700.0,60628,0,0,3.0-4.0,3.5,88.9,road_node,,True,True
12717,620400.0,1855200.0,60525,0,0,3.0-4.0,3.5,88.9,road_node,,True,True
12718,498900.0,1900000.0,60134,0,0,1.0-1.5,1.25,31.75,road_node,,True,True
12719,503300.0,1900100.0,60134,0,0,1.0-1.5,1.25,31.75,road_node,,True,True
12720,711100.0,1842300.0,60617,0,0,4.0-6.0,5.0,127.0,road_node,,True,True
12721,712900.0,1844300.0,60617,0,0,4.0-6.0,5.0,127.0,road_node,,True,True
12722,715700.0,1844400.0,60617,0,0,4.0-6.0,5.0,127.0,road_node,,True,True
12723,507600.0,1901600.0,60134,0,0,0.5-1.0,0.75,19.05,road_node,,True,True
12724,715000.0,1842500.0,60617,0,0,4.0-6.0,5.0,127.0,road_node,,True,True
12725,713500.0,1842400.0,60617,0,0,4.0-6.0,5.0,127.0,road_node,,True,True
12726,711200.0,1839000.0,60617,0,0,4.0-6.0,5.0,127.0,road_node,,True,True
12727,491500.0,1893200.0,60134,0,0,1.0-1.5,1.25,31.75,road_node,,True,True
12728,711300.0,1837100.0,60617,0,0,4.0-6.0,5.0,127.0,road_node,,True,True
12729,711300.0,1836400.0,60617,0,0,4.0-6.0,5.0,127.0,road_node,,True,True
12730,711300.0,1835100.0,60617,0,0,4.0-6.0,5.0,127.0,road_node,,True,True
12731,716600.0,1835100.0,60617,0,0,4.0-6.0,5.0,127.0,road_node,,True,True
12732,717500.0,1839000.0,60617,0,0,4.0-6.0,5.0,127.0,road_node,,True,True
12733,489700.0,1893700.0,60134,0,0,1.0-1.5,1.25,31.75,road_node,,True,True
12734,571900.0,1827500.0,60440,0,0,1.5-2.0,1.75,44.45,road_node,,True,True
12735,572900.0,1828000.0,60440,0,0,1.5-2.0,1.75,44.45,road_node,,True,True
12736,580700.0,1833690.0,60440,0,0,1.5-2.0,1.75,44.45,road_node,,True,True
12737,579989.0,1834310.0,60440,0,0,1.5-2.0,1.75,44.45,road_node,,True,True
12738,589400.0,1829500.0,60439,0,0,1.5-2.0,1.75,44.45,road_node,,True,True
12739,492700.0,1895800.0,60134,0,0,1.0-1.5,1.25,31.75,road_node,,True,True
12740,608100.0,1833000.0,60439,0,0,4.0-6.0,5.0,127.0,road_node,,True,True
12741,490100.0,1886100.0,60539,0,0,1.0-1.5,1.25,31.75,road_node,,True,True
12742,609400.0,1828000.0,60439,0,0,4.0-6.0,5.0,127.0,road_node,,True,True
12743,625100.0,1831900.0,60480,0,0,4.0-6.0,5.0,127.0,road_node,,True,True
12744,625200.0,1828200.0,60464,0,0,3.0-4.0,3.5,88.9,road_node,,True,True
12745,630400.0,1831900.0,60465,0,0,4.0-6.0,5.0,127.0,road_node,,True,True
12746,630500.0,1829300.0,60465,0,0,3.0-4.0,3.5,88.9,road_node,,True,True
12747,630500.0,1827300.0,60464,0,0,3.0-4.0,3.5,88.9,road_node,,True,True
12748,491500.0,1889200.0,60134,0,0,1.0-1.5,1.25,31.75,road_node,,True,True
12749,635600.0,1832100.0,60465,0,0,3.0-4.0,3.5,88.9,road_node,,True,True
12750,641000.0,1832300.0,60465,0,0,3.0-4.0,3.5,88.9,road_node,,True,True
12751,496200.0,1889300.0,60134,0,0,1.0-1.5,1.25,31.75,road_node,,True,True
12752,643100.0,1829700.0,60482,0,0,3.0-4.0,3.5,88.9,road_node,,True,True
12753,646400.0,1830000.0,60482,0,0,3.0-4.0,3.5,88.9,road_node,,True,True
12754,646200.0,1833000.0,60482,0,0,2.0-3.0,2.5,63.5,road_node,,True,True
12755,651500.0,1830100.0,60482,0,0,3.0-4.0,3.5,88.9,road_node,,True,True
12756,656800.0,1830300.0,60415,0,0,3.0-4.0,3.5,88.9,road_node,,True,True
12757,680800.0,1900000.0,60612,0,0,4.0-6.0,5.0,127.0,road_node,,True,True
12758,684000.0,1903500.0,60642,0,0,4.0-6.0,5.0,127.0,road_node,,True,True
12759,667300.0,1833300.0,60655,0,0,2.0-3.0,2.5,63.5,road_node,,True,True
12760,667400.0,1830600.0,60655,0,0,1.5-2.0,1.75,44.45,road_node,,True,True
12761,667500.0,1827900.0,60803,0,0,2.0-3.0,2.5,63.5,road_node,,True,True
12762,670100.0,1828000.0,60655,0,0,2.0-3.0,2.5,63.5,road_node,,True,True
12763,505600.0,1896700.0,60134,0,0,0.5-1.0,0.75,19.05,road_node,,True,True
12764,670100.0,1830600.0,60655,0,0,2.0-3.0,2.5,63.5,road_node,,True,True
12765,672700.0,1830700.0,60655,0,0,2.0-3.0,2.5,63.5,road_node,,True,True
12766,502900.0,1896700.0,60134,0,0,0.5-1.0,0.75,19.05,road_node,,True,True
12767,672700.0,1833400.0,60655,0,0,2.0-3.0,2.5,63.5,road_node,,True,True
12768,501400.0,1892900.0,60134,0,0,0.5-1.0,0.75,19.05,road_node,,True,True
12769,678000.0,1833500.0,60655,0,0,2.0-3.0,2.5,63.5,road_node,,True,True
12770,675400.0,1830800.0,60655,0,0,2.0-3.0,2.5,63.5,road_node,,True,True
12771,678100.0,1830900.0,60655,0,0,2.0-3.0,2.5,63.5,road_node,,True,True
12772,678200.0,1828200.0,60655,0,0,2.0-3.0,2.5,63.5,road_node,,True,True
12773,680200.0,1828300.0,60643,0,0,2.0-3.0,2.5,63.5,road_node,,True,True
12774,626700.0,1866500.0,60525,0,0,4.0-6.0,5.0,127.0,road_node,,True,True
12775,505300.0,1893000.0,60510,0,0,0.5-1.0,0.75,19.05,road_node,,True,True
12776,635500.0,1915700.0,60171,0,0,3.0-4.0,3.5,88.9,road_node,,True,True
12777,680600.0,1830900.0,60643,0,0,2.0-3.0,2.5,63.5,road_node,,True,True
12778,682600.0,1830300.0,60643,0,0,2.0-3.0,2.5,63.5,road_node,,True,True
12779,495900.0,1886600.0,60539,0,0,1.0-1.5,1.25,31.75,road_node,,True,True
12780,498000.0,1889400.0,60134,0,0,1.0-1.5,1.25,31.75,road_node,,True,True
12781,685900.0,1833700.0,60643,0,0,2.0-3.0,2.5,63.5,road_node,,True,True
12782,500400.0,1889400.0,60510,0,0,0.5-1.0,0.75,19.05,road_node,,True,True
12783,686100.0,1831100.0,60643,0,0,2.0-3.0,2.5,63.5,road_node,,True,True
12784,688700.0,1831200.0,60643,0,0,2.0-3.0,2.5,63.5,road_node,,True,True
12785,683400.0,1828400.0,60643,0,0,1.5-2.0,1.75,44.45,road_node,,True,True
12786,505600.0,1888600.0,60510,0,0,0.5-1.0,0.75,19.05,road_node,,True,True
12787,688800.0,1828600.0,60643,0,0,2.0-3.0,2.5,63.5,road_node,,True,True
12788,694000.0,1828700.0,60628,0,0,2.0-3.0,2.5,63.5,road_node,,True,True
12789,696700.0,1828800.0,60628,0,0,2.0-3.0,2.5,63.5,road_node,,True,True
12790,693900.0,1831300.0,60628,0,0,3.0-4.0,3.5,88.9,road_node,,True,True
12791,696600.0,1831400.0,60628,0,0,3.0-4.0,3.5,88.9,road_node,,True,True
12792,697600.0,1831400.0,60628,0,0,3.0-4.0,3.5,88.9,road_node,,True,True
12793,693900.0,1834000.0,60628,0,0,3.0-4.0,3.5,88.9,road_node,,True,True
12794,700500.0,1830800.0,60628,0,0,3.0-4.0,3.5,88.9,road_node,,True,True
12795,701000.0,1831600.0,60628,0,0,3.0-4.0,3.5,88.9,road_node,,True,True
12796,700000.0,1829100.0,60628,0,0,3.0-4.0,3.5,88.9,road_node,,True,True
12797,699700.0,1828500.0,60628,0,0,3.0-4.0,3.5,88.9,road_node,,True,True
12798,498000.0,1893300.0,60134,0,0,0.5-1.0,0.75,19.05,road_node,,True,True
12799,489800.0,1875200.0,60542,0,0,0.5-1.0,0.75,19.05,road_node,,True,True
12800,489900.0,1878500.0,60542,0,0,1.0-1.5,1.25,31.75,road_node,,True,True
12801,568000.0,1816700.0,60446,0,0,0.5-1.0,0.75,19.05,road_node,,True,True
12802,572600.0,1820700.0,60440,0,0,1.0-1.5,1.25,31.75,road_node,,True,True
12803,590500.0,1823800.0,60439,0,0,2.0-3.0,2.5,63.5,road_node,,True,True
12804,591400.0,1824200.0,60439,0,0,2.0-3.0,2.5,63.5,road_node,,True,True
12805,498100.0,1886600.0,60539,0,0,1.0-1.5,1.25,31.75,road_node,,True,True
12806,505800.0,1887700.0,60510,0,0,0.5-1.0,0.75,19.05,road_node,,True,True
12807,489000.0,1873200.0,60542,0,0,0.5-1.0,0.75,19.05,road_node,,True,True
12808,601500.0,1820600.0,60439,0,0,3.0-4.0,3.5,88.9,road_node,,True,True
12809,496400.0,1876200.0,60542,0,0,0.5-1.0,0.75,19.05,road_node,,True,True
12810,604400.0,1815400.0,60439,0,0,2.0-3.0,2.5,63.5,road_node,,True,True
12811,609700.0,1815500.0,60439,0,0,1.0-1.5,1.25,31.75,road_node,,True,True
12812,615100.0,1815700.0,60464,0,0,2.0-3.0,2.5,63.5,road_node,,True,True
12813,614800.0,1820900.0,60464,0,0,3.0-4.0,3.5,88.9,road_node,,True,True
12814,501600.0,1876300.0,60539,0,0,0.5-1.0,0.75,19.05,road_node,,True,True
12815,620300.0,1815800.0,60464,0,0,2.0-3.0,2.5,63.5,road_node,,True,True
12816,625600.0,1816000.0,60464,0,0,3.0-4.0,3.5,88.9,road_node,,True,True
12817,625400.0,1821200.0,60464,0,0,3.0-4.0,3.5,88.9,road_node,,True,True
12818,630600.0,1824000.0,60464,0,0,3.0-4.0,3.5,88.9,road_node,,True,True
12819,630700.0,1821400.0,60464,0,0,3.0-4.0,3.5,88.9,road_node,,True,True
12820,515200.0,1901000.0,60174,0,0,0.5-1.0,0.75,19.05,road_node,,True,True
12821,631000.0,1813500.0,60464,0,0,3.0-4.0,3.5,88.9,road_node,,True,True
12822,633500.0,1813600.0,60464,0,0,2.0-3.0,2.5,63.5,road_node,,True,True
12823,634500.0,1816200.0,60464,0,0,3.0-4.0,3.5,88.9,road_node,,True,True
12824,640200.0,1813700.0,60462,0,0,3.0-4.0,3.5,88.9,road_node,,True,True
12825,637800.0,1821600.0,60464,0,0,3.0-4.0,3.5,88.9,road_node,,True,True
12826,641200.0,1824400.0,60482,0,0,3.0-4.0,3.5,88.9,road_node,,True,True
12827,508900.0,1901300.0,60134,0,0,0.5-1.0,0.75,19.05,road_node,,True,True
12828,519500.0,1900000.0,60185,0,0,0.5-1.0,0.75,19.05,road_node,,True,True
12829,646800.0,1819300.0,60463,0,0,2.0-3.0,2.5,63.5,road_node,,True,True
12830,507200.0,1893800.0,60510,0,0,0.5-1.0,0.75,19.05,road_node,,True,True
12831,514600.0,1894700.0,60510,0,0,0.5-1.0,0.75,19.05,road_node,,True,True
12832,646900.0,1814000.0,60463,0,0,2.0-3.0,2.5,63.5,road_node,,True,True
12833,652000.0,1814200.0,60463,0,0,2.0-3.0,2.5,63.5,road_node,,True,True
12834,507800.0,1887800.0,60510,0,0,0.5-1.0,0.75,19.05,road_node,,True,True
12835,507400.0,1887800.0,60510,0,0,0.5-1.0,0.75,19.05,road_node,,True,True
12836,560000.0,1868300.0,60532,0,0,1.5-2.0,1.75,44.45,road_node,,True,True
12837,667600.0,1825300.0,60803,0,0,2.0-3.0,2.5,63.5,road_node,,True,True
12838,508200.0,1887800.0,60510,0,0,0.5-1.0,0.75,19.05,road_node,,True,True
12839,509200.0,1885000.0,60510,0,0,1.0-1.5,1.25,31.75,road_node,,True,True
12840,684200.0,1901600.0,60607,0,0,4.0-6.0,5.0,127.0,road_node,,True,True
12841,511900.0,1885000.0,60510,0,0,0.5-1.0,0.75,19.05,road_node,,True,True
12842,667800.0,1820000.0,60803,0,0,2.0-3.0,2.5,63.5,road_node,,True,True
12843,598100.0,1852300.0,60561,0,0,3.0-4.0,3.5,88.9,road_node,,True,True
12844,513900.0,1874300.0,60502,0,0,0.5-1.0,0.75,19.05,road_node,,True,True
12845,513200.0,1882300.0,60510,0,0,0.5-1.0,0.75,19.05,road_node,,True,True
12846,668000.0,1814600.0,60472,0,0,2.0-3.0,2.5,63.5,road_node,,True,True
12847,519300.0,1882000.0,60510,0,0,0.5-1.0,0.75,19.05,road_node,,True,True
12848,519200.0,1875200.0,60502,0,0,0.5-1.0,0.75,19.05,road_node,,True,True
12849,672900.0,1825400.0,60655,0,0,2.0-3.0,2.5,63.5,road_node,,True,True
12850,673000.0,1822800.0,60406,0,0,2.0-3.0,2.5,63.5,road_node,,True,True
12851,678300.0,1825600.0,60406,0,0,2.0-3.0,2.5,63.5,road_node,,True,True
12852,678300.0,1822900.0,60406,0,0,2.0-3.0,2.5,63.5,road_node,,True,True
12853,673100.0,1820100.0,60406,0,0,2.0-3.0,2.5,63.5,road_node,,True,True
12854,495500.0,1868600.0,60542,0,0,0.5-1.0,0.75,19.05,road_node,,True,True
12855,673200.0,1817500.0,60406,0,0,2.0-3.0,2.5,63.5,road_node,,True,True
12856,678500.0,1817600.0,60406,0,0,2.0-3.0,2.5,63.5,road_node,,True,True
12857,673300.0,1814800.0,60472,0,0,2.0-3.0,2.5,63.5,road_node,,True,True
12858,501500.0,1872500.0,60542,0,0,0.5-1.0,0.75,19.05,road_node,,True,True
12859,678500.0,1814900.0,60406,0,0,2.0-3.0,2.5,63.5,road_node,,True,True
12860,683800.0,1816700.0,60406,0,0,2.0-3.0,2.5,63.5,road_node,,True,True
12861,502300.0,1869100.0,60542,0,0,0.5-1.0,0.75,19.05,road_node,,True,True
12862,679000.0,1820300.0,60406,0,0,2.0-3.0,2.5,63.5,road_node,,True,True
12863,683700.0,1820400.0,60406,0,0,2.0-3.0,2.5,63.5,road_node,,True,True
12864,502700.0,1867200.0,60542,0,0,0.5-1.0,0.75,19.05,road_node,,True,True
12865,679800.0,1825600.0,60406,0,0,2.0-3.0,2.5,63.5,road_node,,True,True
12866,680700.0,1825700.0,60643,0,0,2.0-3.0,2.5,63.5,road_node,,True,True
12867,683500.0,1825800.0,60643,0,0,2.0-3.0,2.5,63.5,road_node,,True,True
12868,688800.0,1825800.0,60643,0,0,2.0-3.0,2.5,63.5,road_node,,True,True
12869,694200.0,1826000.0,60628,0,0,2.0-3.0,2.5,63.5,road_node,,True,True
12870,501100.0,1868000.0,60542,0,0,0.5-1.0,0.75,19.05,road_node,,True,True
12871,694200.0,1823300.0,60628,0,0,3.0-4.0,3.5,88.9,road_node,,True,True
12872,689000.0,1820600.0,60827,0,0,2.0-3.0,2.5,63.5,road_node,,True,True
12873,690300.0,1820600.0,60628,0,0,2.0-3.0,2.5,63.5,road_node,,True,True
12874,689000.0,1820200.0,60643,0,0,2.0-3.0,2.5,63.5,road_node,,True,True
12875,503700.0,1868300.0,60542,0,0,0.5-1.0,0.75,19.05,road_node,,True,True
12876,495500.0,1862700.0,60506,0,0,0.5-1.0,0.75,19.05,road_node,,True,True
12877,703400.0,1819000.0,60827,0,0,3.0-4.0,3.5,88.9,road_node,,True,True
12878,703300.0,1820200.0,60633,0,0,3.0-4.0,3.5,88.9,road_node,,True,True
12879,704300.0,1819600.0,60633,0,0,3.0-4.0,3.5,88.9,road_node,,True,True
12880,501100.0,1858800.0,60505,0,0,1.0-1.5,1.25,31.75,road_node,,True,True
12881,498300.0,1856000.0,60506,0,0,1.0-1.5,1.25,31.75,road_node,,True,True
12882,507400.0,1859000.0,60505,0,0,0.5-1.0,0.75,19.05,road_node,,True,True
12883,547456.0,1810760.0,60490,0,0,0.5-1.0,0.75,19.05,road_node,,True,True
12884,548000.0,1810700.0,60490,0,0,0.5-1.0,0.75,19.05,road_node,,True,True
12885,585200.0,1806800.0,60441,0,0,2.0-3.0,2.5,63.5,road_node,,True,True
12886,591300.0,1813200.0,60439,0,0,2.0-3.0,2.5,63.5,road_node,,True,True
12887,594000.0,1815000.0,60439,0,0,2.0-3.0,2.5,63.5,road_node,,True,True
12888,604700.0,1807500.0,60491,0,0,2.0-3.0,2.5,63.5,road_node,,True,True
12889,492900.0,1856400.0,60506,0,0,0.5-1.0,0.75,19.05,road_node,,True,True
12890,615300.0,1807800.0,60467,0,0,2.0-3.0,2.5,63.5,road_node,,True,True
12891,498200.0,1852200.0,60506,0,0,1.0-1.5,1.25,31.75,road_node,,True,True
12892,629300.0,1808400.0,60462,0,0,2.0-3.0,2.5,63.5,road_node,,True,True
12893,631100.0,1808400.0,60462,0,0,3.0-4.0,3.5,88.9,road_node,,True,True
12894,501300.0,1852200.0,60505,0,0,1.0-1.5,1.25,31.75,road_node,,True,True
12895,647100.0,1808800.0,60462,0,0,2.0-3.0,2.5,63.5,road_node,,True,True
12896,500600.0,1852200.0,60506,0,0,1.0-1.5,1.25,31.75,road_node,,True,True
12897,504100.0,1854900.0,60505,0,0,1.0-1.5,1.25,31.75,road_node,,True,True
12898,668100.0,1812700.0,60472,0,0,2.0-3.0,2.5,63.5,road_node,,True,True
12899,503600.0,1855200.0,60505,0,0,1.0-1.5,1.25,31.75,road_node,,True,True
12900,684000.0,1811400.0,60469,0,0,2.0-3.0,2.5,63.5,road_node,,True,True
12901,684100.0,1813800.0,60406,0,0,2.0-3.0,2.5,63.5,road_node,,True,True
12902,689000.0,1813800.0,60827,0,0,2.0-3.0,2.5,63.5,road_node,,True,True
12903,695800.0,1814600.0,60827,0,0,3.0-4.0,3.5,88.9,road_node,,True,True
12904,504400.0,1855200.0,60505,0,0,1.0-1.5,1.25,31.75,road_node,,True,True
12905,696500.0,1813900.0,60827,0,0,3.0-4.0,3.5,88.9,road_node,,True,True
12906,695800.0,1811100.0,60827,0,0,3.0-4.0,3.5,88.9,road_node,,True,True
12907,698400.0,1810400.0,60419,0,0,3.0-4.0,3.5,88.9,road_node,,True,True
12908,698400.0,1811100.0,60419,0,0,3.0-4.0,3.5,88.9,road_node,,True,True
12909,698500.0,1811900.0,60419,0,0,3.0-4.0,3.5,88.9,road_node,,True,True
12910,602300.0,1888700.0,60523,0,0,2.0-3.0,2.5,63.5,road_node,,True,True
12911,489700.0,1841400.0,60538,0,0,0.5-1.0,0.75,19.05,road_node,,True,True
12912,701000.0,1813900.0,60419,0,0,3.0-4.0,3.5,88.9,road_node,,True,True
12913,684200.0,1901000.0,60607,0,0,4.0-6.0,5.0,127.0,road_node,,True,True
12914,487700.0,1841500.0,60538,0,0,0.5-1.0,0.75,19.05,road_node,,True,True
12915,701000.0,1809600.0,60419,0,0,3.0-4.0,3.5,88.9,road_node,,True,True
12916,706500.0,1811400.0,60419,0,0,3.0-4.0,3.5,88.9,road_node,,True,True
12917,706300.0,1811400.0,60419,0,0,3.0-4.0,3.5,88.9,road_node,,True,True
12918,494500.0,1842600.0,60538,0,0,0.5-1.0,0.75,19.05,road_node,,True,True
12919,495700.0,1842300.0,60538,0,0,0.5-1.0,0.75,19.05,road_node,,True,True
12920,711500.0,1816600.0,60633,0,0,3.0-4.0,3.5,88.9,road_node,,True,True
12921,495000.0,1841900.0,60538,0,0,0.5-1.0,0.75,19.05,road_node,,True,True
12922,503100.0,1872700.0,60539,0,0,0.5-1.0,0.75,19.05,road_node,,True,True
12923,720900.0,1816000.0,46327,0,0,3.0-4.0,3.5,88.9,road_node,,True,True
12924,508600.0,1873600.0,60539,0,0,0.5-1.0,0.75,19.05,road_node,,True,True
12925,511900.0,1874000.0,60502,0,0,0.5-1.0,0.75,19.05,road_node,,True,True
12926,725400.0,1812100.0,46327,0,0,3.0-4.0,3.5,88.9,road_node,,True,True
12927,513500.0,1874200.0,60502,0,0,0.5-1.0,0.75,19.05,road_node,,True,True
12928,717100.0,1807500.0,60409,0,0,3.0-4.0,3.5,88.9,road_node,,True,True
12929,570600.0,1794600.0,60441,0,0,1.5-2.0,1.75,44.45,road_node,,True,True
12930,576900.0,1797100.0,60441,0,0,2.0-3.0,2.5,63.5,road_node,,True,True
12931,513900.0,1868200.0,60502,0,0,1.0-1.5,1.25,31.75,road_node,,True,True
12932,605000.0,1796900.0,60491,0,0,2.0-3.0,2.5,63.5,road_node,,True,True
12933,604800.0,1802200.0,60491,0,0,1.5-2.0,1.75,44.45,road_node,,True,True
12934,610100.0,1802300.0,60491,0,0,1.0-1.5,1.25,31.75,road_node,,True,True
12935,615400.0,1802600.0,60467,0,0,1.5-2.0,1.75,44.45,road_node,,True,True
12936,610300.0,1797000.0,60491,0,0,2.0-3.0,2.5,63.5,road_node,,True,True
12937,615600.0,1797200.0,60467,0,0,2.0-3.0,2.5,63.5,road_node,,True,True
12938,620800.0,1802700.0,60467,0,0,2.0-3.0,2.5,63.5,road_node,,True,True
12939,684200.0,1900600.0,60607,0,0,4.0-6.0,5.0,127.0,road_node,,True,True
12940,513900.0,1872000.0,60502,0,0,0.5-1.0,0.75,19.05,road_node,,True,True
12941,631400.0,1797700.0,60467,0,0,2.0-3.0,2.5,63.5,road_node,,True,True
12942,631100.0,1803000.0,60462,0,0,2.0-3.0,2.5,63.5,road_node,,True,True
12943,640700.0,1803300.0,60462,0,0,2.0-3.0,2.5,63.5,road_node,,True,True
12944,642100.0,1798000.0,60462,0,0,2.0-3.0,2.5,63.5,road_node,,True,True
12945,649800.0,1798200.0,60452,0,0,2.0-3.0,2.5,63.5,road_node,,True,True
12946,647200.0,1805400.0,60462,0,0,2.0-3.0,2.5,63.5,road_node,,True,True
12947,649700.0,1803500.0,60452,0,0,2.0-3.0,2.5,63.5,road_node,,True,True
12948,511700.0,1867300.0,60502,0,0,0.5-1.0,0.75,19.05,road_node,,True,True
12949,657700.0,1806400.0,60452,0,0,2.0-3.0,2.5,63.5,road_node,,True,True
12950,657900.0,1798400.0,60452,0,0,2.0-3.0,2.5,63.5,road_node,,True,True
12951,513000.0,1868800.0,60502,0,0,0.5-1.0,0.75,19.05,road_node,,True,True
12952,684200.0,1900100.0,60607,0,0,4.0-6.0,5.0,127.0,road_node,,True,True
12953,668300.0,1806800.0,60445,0,0,2.0-3.0,2.5,63.5,road_node,,True,True
12954,514900.0,1868800.0,60502,0,0,0.5-1.0,0.75,19.05,road_node,,True,True
12955,504300.0,1868100.0,60542,0,0,0.5-1.0,0.75,19.05,road_node,,True,True
12956,508700.0,1868400.0,60502,0,0,0.5-1.0,0.75,19.05,road_node,,True,True
12957,674400.0,1893000.0,60608,0,0,4.0-6.0,5.0,127.0,road_node,,True,True
12958,680100.0,1805700.0,60469,0,0,2.0-3.0,2.5,63.5,road_node,,True,True
12959,508800.0,1867500.0,60505,0,0,0.5-1.0,0.75,19.05,road_node,,True,True
12960,681900.0,1797700.0,60426,0,0,3.0-4.0,3.5,88.9,road_node,,True,True
12961,683900.0,1797700.0,60426,0,0,3.0-4.0,3.5,88.9,road_node,,True,True
12962,687400.0,1797800.0,60426,0,0,3.0-4.0,3.5,88.9,road_node,,True,True
12963,686500.0,1805700.0,60426,0,0,3.0-4.0,3.5,88.9,road_node,,True,True
12964,686500.0,1809000.0,60426,0,0,3.0-4.0,3.5,88.9,road_node,,True,True
12965,688300.0,1805700.0,60426,0,0,3.0-4.0,3.5,88.9,road_node,,True,True
12966,689100.0,1805700.0,60426,0,0,3.0-4.0,3.5,88.9,road_node,,True,True
12967,689600.0,1803800.0,60426,0,0,3.0-4.0,3.5,88.9,road_node,,True,True
12968,690500.0,1802200.0,60426,0,0,3.0-4.0,3.5,88.9,road_node,,True,True
12969,687900.0,1799100.0,60426,0,0,3.0-4.0,3.5,88.9,road_node,,True,True
12970,688200.0,1797700.0,60426,0,0,3.0-4.0,3.5,88.9,road_node,,True,True
12971,690500.0,1797800.0,60426,0,0,3.0-4.0,3.5,88.9,road_node,,True,True
12972,511700.0,1867000.0,60502,0,0,0.5-1.0,0.75,19.05,road_node,,True,True
12973,692256.0,1797810.0,60426,0,0,3.0-4.0,3.5,88.9,road_node,,True,True
12974,660787.0,1754450.0,60471,0,0,1.5-2.0,1.75,44.45,road_node,,True,True
12975,660191.0,1754424.0,60471,0,0,1.5-2.0,1.75,44.45,road_node,,True,True
12978,550290.0,1967242.0,60192,0,0,1.0-1.5,1.25,31.75,road_node,,True,True
12980,522158.0,1949814.0,60120,0,0,0.5-1.0,0.75,19.05,road_node,,True,True
12981,621052.0,1874323.0,60558,0,0,2.0-3.0,2.5,63.5,road_node,,True,True
12982,618432.0,1873505.0,60558,0,0,2.0-3.0,2.5,63.5,road_node,,True,True
C1,663601.576717,1938135.781201,60659,26,4,4.0-6.0,5.0,127.0,charging_group,C1,True,True
C2,683336.835653,1937827.218038,60660,20,0,4.0-6.0,5.0,127.0,charging_group,C2,True,True
C3,621211.441197,1937001.344902,60666,58,16,3.0-4.0,3.5,88.9,charging_group,C3,True,True
C4,681417.745491,1919855.064007,60657,67,83,4.0-6.0,5.0,127.0,charging_group,C4,True,True
C5,652187.88457,1909133.159996,60302,2,63,6.0-8.0,7.0,177.8,charging_group,C5,True,True
C6,690376.410792,1901359.694084,60606,575,57,4.0-6.0,5.0,127.0,charging_group,C6,True,True
C7,665105.898709,1874263.374788,60632,42,22,4.0-6.0,5.0,127.0,charging_group,C7,True,True
C8,696342.586436,1869365.140223,60615,46,4,3.0-4.0,3.5,88.9,charging_group,C8,True,True
C9,689057.68762,1841438.654959,60643,3,26,2.0-3.0,2.5,63.5,charging_group,C9,True,True
c11,664451.213095,1938168.459523,60659,0,0,4.0-6.0,5.0,127.0,station_access_in,C1,True,True
c12,664451.213095,1938168.459523,60659,0,0,4.0-6.0,5.0,127.0,station_access_out,C1,True,True
c21,683336.835653,1937900.0,60660,0,0,4.0-6.0,5.0,127.0,station_access_in,C2,True,True
c22,683336.835653,1937900.0,60660,0,0,4.0-6.0,5.0,127.0,station_access_out,C2,True,True
c31,621163.08815,1936986.974746,60666,0,0,3.0-4.0,3.5,88.9,station_access_in,C3,True,True
c32,621163.08815,1936986.974746,60666,0,0,3.0-4.0,3.5,88.9,station_access_out,C3,True,True
c41,681781.340742,1920218.659258,60657,0,0,4.0-6.0,5.0,127.0,station_access_in,C4,True,True
c42,681781.340742,1920218.659258,60657,0,0,4.0-6.0,5.0,127.0,station_access_out,C4,True,True
c51,651830.023227,1909119.396098,60302,0,0,6.0-8.0,7.0,177.8,station_access_in,C5,True,True
c52,651830.023227,1909119.396098,60302,0,0,6.0-8.0,7.0,177.8,station_access_out,C5,True,True
c61,690400.0,1901359.694084,60606,0,0,4.0-6.0,5.0,127.0,station_access_in,C6,True,True
c62,690400.0,1901359.694084,60606,0,0,4.0-6.0,5.0,127.0,station_access_out,C6,True,True
c71,666200.0,1874263.374788,60632,0,0,4.0-6.0,5.0,127.0,station_access_in,C7,True,True
c72,666200.0,1874263.374788,60632,0,0,4.0-6.0,5.0,127.0,station_access_out,C7,True,True
c81,695981.561843,1869428.850445,60615,0,0,3.0-4.0,3.5,88.9,station_access_in,C8,True,True
c82,695981.561843,1869428.850445,60615,0,0,3.0-4.0,3.5,88.9,station_access_out,C8,True,True
c91,689057.68762,1841800.0,60643,0,0,2.0-3.0,2.5,63.5,station_access_in,C9,True,True
c92,689057.68762,1841800.0,60643,0,0,2.0-3.0,2.5,63.5,station_access_out,C9,True,True
