Fuel Type Code,Station Name,Street Address,City,State,ZIP,Status Code,Access Days Time,EV Level1 EVSE Num,EV Level2 EVSE Num,EV DC Fast Count,EV Network,Geocode Status,Latitude,Longitude,ID,Open Date,Access Code,Facility Type,Restricted Access,EV Workplace Charging,EV J1772 Connector Count,EV CCS Connector Count,EV CHAdeMO Connector Count,EV J3400 Connector Count,EV J3271 Connector Count,city_clean,state_clean,fuel_clean,status_clean,access_clean,restricted_access,L1,L2,DCFC,unit_row_count,total_ports,unit_rows_equal_reported_ports,site_key,site_id,station_ids,n_station_ids,projected_x_m,projected_y_m,cluster_zero_based,group,distance_to_center_km
ELEC,The Maxwell - Tesla Supercharger,1100 South Canal Street,Chicago,IL,60607,E,24 hours daily. Please check Tesla's online station map to see if an adapter is required at this location.,,,14.0,Tesla,200-9,41.869126,-87.639971,102156,2018-04-01,public,,,False,0,0,0,1,0,chicago,IL,ELEC,E,public,,0,0,14,14,14,True,1100 south canal street|41.86913|-87.63997,102156,102156,1,446890.53846755874,4635443.568985822,0,6,1.8084936444242732
ELEC,The Aqua at Lakeshore East - Tesla Supercharger,225 North Columbus Drive,Chicago,IL,60601,E,24 hours daily. Please check Tesla's online station map to see if an adapter is required at this location.,,,10.0,Tesla,200-9,41.88651,-87.61972,102157,2018-04-01,public,,,False,0,0,0,1,0,chicago,IL,ELEC,E,public,,0,0,10,10,10,True,225 north columbus drive|41.88651|-87.61972,102157,102157,1,448585.0579126927,4637361.334957699,0,6,1.2184802264093284
ELEC,3030 North Broadway - Tesla Supercharger,3030 North Broadway,Chicago,IL,60657,E,24 hours daily. Please check Tesla's online station map to see if an adapter is required at this location.,,,8.0,Tesla,200-9,41.937552,-87.644709,102158,2018-04-01,public,,,False,0,0,0,1,0,chicago,IL,ELEC,E,public,,0,0,8,8,8,True,3030 north broadway|41.93755|-87.64471,102158,102158,1,446554.43913698854,4643043.696104941,5,4,1.825744460130985
ELEC,UNITED ORD LOT UNITED 7,5600 Bessie Coleman Dr,Chicago,IL,60666,E,24 hours daily,,2.0,,ChargePoint Network,GPS,41.981125,-87.88858,104690,2018-11-14,public,,False,False,1,0,0,0,0,chicago,IL,ELEC,E,public,False,0,2,0,2,2,True,5600 bessie coleman dr|41.98112|-87.88858,104690,104690,1,426387.8583289132,4648062.383005524,3,3,0.32110926698267606
ELEC,Grant Park North - Tesla Destination,25 N Michigan Ave,Chicago,IL,60602,E,,,3.0,,Tesla Destination,200-9,41.882267,-87.624325,114156,2016-02-11,public,PARK,,False,0,0,0,1,0,chicago,IL,ELEC,E,public,,0,3,0,3,3,True,25 n michigan ave|41.88227|-87.62432,114156,114156,1,448199.5761358475,4636893.015316761,0,6,0.8704647415968766
ELEC,Grant Park South - Tesla Destination,325 S Michigan Ave,Chicago,IL,60604,E,,,3.0,,Tesla Destination,200-8,41.877475,-87.624245,114157,2016-02-11,public,PARK,,False,0,0,0,1,0,chicago,IL,ELEC,E,public,,0,3,0,3,3,True,325 s michigan ave|41.87747|-87.62424,114157,114157,1,448202.3439424151,4636360.924436418,0,6,1.164391635993544
ELEC,Loews Chicago Hotel - Tesla Destination,455 N Park Dr,Chicago,IL,60611,E,,,3.0,,Tesla Destination,200-9,41.889755,-87.618659,114158,2015-12-01,public,HOTEL,,False,0,0,0,1,0,chicago,IL,ELEC,E,public,,0,3,0,3,3,True,455 n park dr|41.88976|-87.61866,114158,114158,1,448675.6814511778,4637720.983705787,0,6,1.4027842944841475
ELEC,"The Guesthouse Hotel, a Select Registry Property - Tesla Destination",4872 N Clark St,Chicago,IL,60640,E,,,2.0,,Tesla Destination,200-8,41.970814,-87.667752,114159,2015-03-25,public,HOTEL,,False,0,0,0,1,0,chicago,IL,ELEC,E,public,,0,2,0,2,2,True,4872 n clark st|41.97081|-87.66775,114159,114159,1,444672.96971999056,4646751.358067426,8,2,1.7393217644994179
ELEC,Millennium Parking Garage LLC - Tesla Destination,5 S Columbus Drive,Chicago,IL,60603,E,,,2.0,,Non-Networked,200-8,41.88172,-87.62056,114160,2019-01-02,public,PARKING_GARAGE,,False,1,0,0,0,0,chicago,IL,ELEC,E,public,,0,2,0,2,2,True,5 s columbus drive|41.88172|-87.62056,114160,114160,1,448511.5214709016,4636830.017699305,0,6,1.1863445925621148
ELEC,Millennium Parking Garage - Tesla Destination,5 S Columbus Dr,Chicago,IL,60601,E,,,11.0,,Tesla Destination,200-8,41.881747,-87.620555,114161,2019-01-02,public,PARKING_GARAGE,,False,0,0,0,1,0,chicago,IL,ELEC,E,public,,0,11,0,11,11,True,5 s columbus dr|41.88175|-87.62056,114161,114161,1,448511.95800376806,4636833.012436096,0,6,1.1858695233388286
ELEC,Atlantic Aviation MDW - Tesla Destination,6150 S Laramie Ave,Chicago,IL,60638,E,,,6.0,,Tesla Destination,200-8,41.780364,-87.752853,114162,2018-03-26,public,AIRPORT,,False,0,0,0,1,0,chicago,IL,ELEC,E,public,,0,6,0,6,6,True,6150 s laramie ave|41.78036|-87.75285,114162,114162,1,437436.35434345715,4625664.631334143,4,7,3.9917765115184665
ELEC,AC Hotel Chicago Downtown - Tesla Destination,630 N Rush St,Chicago,IL,60611,E,,,2.0,,Tesla Destination,200-8,41.893499,-87.625498,114163,2014-05-12,public,HOTEL,,False,0,0,0,1,0,chicago,IL,ELEC,E,public,,0,2,0,2,2,True,630 n rush st|41.8935|-87.6255,114163,114163,1,448111.34175691975,4638140.783864164,0,6,1.2040448290192884
ELEC,640 N LaSalle Parking Garage - Tesla Destination,640 N LaSalle St,Chicago,IL,60654,E,,,6.0,,Tesla Destination,200-9,41.893625,-87.633424,114164,2017-10-23,public,PARKING_GARAGE,,False,0,0,0,1,0,chicago,IL,ELEC,E,public,,0,6,0,6,6,True,640 n lasalle st|41.89362|-87.63342,114164,114164,1,447453.9347924164,4638159.59701903,0,6,0.9777150683777034
ELEC,Park Hyatt Chicago - Tesla Destination,800 N Michigan Ave,Chicago,IL,60611,E,,,1.0,,Tesla Destination,200-8,41.896792,-87.625142,114165,2014-09-09,public,HOTEL,,False,0,0,0,1,0,chicago,IL,ELEC,E,public,,0,1,0,1,1,True,800 n michigan ave|41.89679|-87.62514,114165,114165,1,448143.5380623335,4638506.182346355,0,6,1.5264636340606694
ELEC,Taylor Street Library and Apartments,1342 W Taylor St,Chicago,IL,60607,E,24 hours daily,,1.0,,Blink Network,GPS,41.8698,-87.6605,117144,2019-01-18,public,,False,False,1,0,0,0,0,chicago,IL,ELEC,E,public,False,0,1,0,1,1,True,1342 w taylor st|41.8698|-87.6605,117144,117144,1,445187.4598494821,4635531.306187458,0,6,2.7456489699082867
ELEC,One Bennett Park,456 E Illinois St,Chicago,IL,60611,E,24 hours daily,,2.0,,Blink Network,GPS,41.891466,-87.616338,121323,2019-04-11,public,,False,False,1,0,0,0,0,chicago,IL,ELEC,E,public,False,0,2,0,2,2,True,456 e illinois st|41.89147|-87.61634,121323,121323,1,448869.5983387042,4637909.56598557,0,6,1.6570918406451451
ELEC,NEWCITY - Tesla Supercharger,1457 North Halstead Ave,Chicago,IL,60610,E,24 hours daily. Please check Tesla's online station map to see if an adapter is required at this location.,,,10.0,Tesla,GPS,41.908065,-87.646836,122296,2019-03-01,public,,,False,0,0,0,1,0,chicago,IL,ELEC,E,public,,0,0,10,10,10,True,1457 north halstead ave|41.90806|-87.64684,122296,122296,1,446353.41743568063,4639771.137904021,0,6,2.7824936788603525
ELEC,Fast Park & Relax Chicago MDW - Tesla Destination,5230 S Cicero,Chicago,IL,60638,E,,,12.0,,Tesla Destination,200-9,41.79721,-87.74639,122434,2018-12-06,public,,,False,0,0,0,1,0,chicago,IL,ELEC,E,public,,0,12,0,12,12,True,5230 s cicero|41.79721|-87.74639,122434,122434,1,437989.68387402856,4627530.290276661,4,7,2.1794367129097267
ELEC,SP PLUS CORP MCCORMICK 2,2301 S Prairie Ave,Chicago,IL,60616,E,24 hours daily,,2.0,,ChargePoint Network,GPS,41.851167,-87.620557,123556,2019-06-05,public,,False,False,1,0,0,0,0,chicago,IL,ELEC,E,public,False,0,2,0,2,2,True,2301 s prairie ave|41.85117|-87.62056,123556,123556,1,448487.2491420068,4633437.808371904,0,6,3.90725023209477
ELEC,HF HF-1,3740 N Halsted St,Chicago,IL,60613,E,24 hours daily,,1.0,,ChargePoint Network,GPS,41.95056,-87.649867,123624,2019-06-08,public,,False,False,1,0,0,0,0,chicago,IL,ELEC,E,public,False,0,1,0,1,1,True,3740 n halsted st|41.95056|-87.64987,123624,123624,1,446137.7952497538,4644491.183961562,5,4,2.1482612868848943
ELEC,5252 S CORNELL 5252 APARTMENTS,1600 E 53rd St,Chicago,IL,60615,E,24 hours daily,,2.0,,ChargePoint Network,GPS,41.799683,-87.586296,146607,2019-10-04,public,,False,False,1,0,0,0,0,chicago,IL,ELEC,E,public,False,0,2,0,2,2,True,1600 e 53rd st|41.79968|-87.5863,146607,146607,1,451292.2764122069,4627701.754371708,2,8,2.2655090233746904
ELEC,"Target T2781 (Chicago, IL)",1101 W Jackson Blvd.,Chicago,IL,60607,E,24 hours daily,,1.0,3.0,Electrify America,GPS,41.87757,-87.65601,146617,2019-10-04,public,,False,False,0,1,0,0,0,chicago,IL,ELEC,E,public,False,0,1,3,4,4,True,1101 w jackson blvd|41.87757|-87.65601,146617,146617,1,445566.6640519515,4636391.13029482,0,6,1.9788797823133704
ELEC,SOLDIER FIELD STATION 02,1410 Museum Campus Dr,Chicago,IL,60605,E,24 hours daily,,2.0,,ChargePoint Network,GPS,41.863703,-87.616745,147037,2019-10-18,public,,False,False,1,0,0,0,0,chicago,IL,ELEC,E,public,False,0,2,0,2,2,True,1410 museum campus dr|41.8637|-87.61674,147037,147037,1,448813.684132191,4634827.360675918,0,6,2.7593843981656105
ELEC,LPC,2330 North Clifton Avenue,Chicago,IL,60614,E,24 hours daily,,4.0,,Blink Network,GPS,41.9245874,-87.657365,147816,2016-08-30,public,,False,False,1,0,0,0,0,chicago,IL,ELEC,E,public,False,0,4,0,4,4,True,2330 north clifton avenue|41.92459|-87.65736,147816,147816,1,445494.23142260377,4641612.22614061,5,4,1.4606775064757926
ELEC,One Eleven,111 W Wacker Dr,Chicago,IL,60601,E,24 hours daily,,1.0,,Blink Network,GPS,41.8865153,-87.6314343,147819,2016-07-05,public,,False,False,1,0,0,0,0,chicago,IL,ELEC,E,public,False,0,1,0,1,1,True,111 w wacker dr|41.88652|-87.63143,147819,147819,1,447613.1834496621,4637369.008426724,0,6,0.2976483408937159
ELEC,530207  Aon Center Parking Garage,200 E. Randolph Street,Chicago,IL,60601,E,24 hours daily,,6.0,,Blink Network,GPS,41.884798,-87.6215123,147820,2015-11-12,public,,False,False,1,0,0,0,0,chicago,IL,ELEC,E,public,False,0,6,0,6,6,True,200 e randolph street|41.8848|-87.62151,147820,147820,1,448434.98281637847,4637172.331540539,0,6,1.0556105664414501
ELEC,430204  X Chicago Apartments,710 West 14th Street,Chicago,IL,60607,E,24 hours daily,,4.0,,Blink Network,GPS,41.863604,-87.6453386,147821,2019-01-25,public,,False,False,1,0,0,0,0,chicago,IL,ELEC,E,public,False,0,4,0,4,4,True,710 west 14th street|41.8636|-87.64534,147821,147821,1,446440.48494074575,4634833.81247856,0,6,2.5314875978694515
ELEC,"Target T2613 (Chicago, IL)",1200 N Larrabee St,Chicago,IL,60610,E,24 hours daily,,,6.0,Electrify America,GPS,41.90421,-87.64352,149766,2019-12-06,public,,False,False,0,1,0,0,0,chicago,IL,ELEC,E,public,False,0,0,6,6,6,True,1200 n larrabee st|41.90421|-87.64352,149766,149766,1,446625.22657084564,4639341.057132876,0,6,2.284429770749102
ELEC,Greenway Parking Garage - Tesla Destination,60 W Kinzie,Chicago,IL,60654,E,,,24.0,,Tesla Destination,200-8,41.889236,-87.630247,150688,2019-05-30,public,,,False,0,0,0,1,0,chicago,IL,ELEC,E,public,,0,24,0,24,24,True,60 w kinzie|41.88924|-87.63025,150688,150688,1,447713.90660326544,4637670.356585905,0,6,0.5896642168087398
ELEC,University of Illinois - 760 W Taylor St,760 W Taylor St,Chicago,IL,60607,E,24 hours daily,,3.0,,Blink Network,GPS,41.864511,-87.645224,152270,2020-01-08,public,,False,False,1,0,0,0,0,chicago,IL,ELEC,E,public,False,0,3,0,3,3,True,760 w taylor st|41.86451|-87.64522,152270,152270,1,446450.75299156026,4634934.442478159,0,6,2.4343858202923756
ELEC,University of Illinois - 915 S Paulina St,915 S Paulina St,Chicago,IL,60612,E,24 hours daily,,3.0,,Blink Network,GPS,41.8697336,-87.6683529,152341,2020-01-10,public,,False,False,1,0,0,0,0,chicago,IL,ELEC,E,public,False,0,3,0,3,3,True,915 s paulina st|41.86973|-87.66835,152341,152341,1,444535.7150118469,4635528.97822133,0,6,3.290637205417847
ELEC,ELEVEN THIRTY 1130 S MICHIGAN,1130 S Michigan Ave,Chicago,IL,60605,E,24 hours daily,,2.0,,ChargePoint Network,GPS,41.868618,-87.624626,158552,2020-06-06,public,,False,False,1,0,0,0,0,chicago,IL,ELEC,E,public,False,0,2,0,2,2,True,1130 s michigan ave|41.86862|-87.62463,158552,158552,1,448163.5737641815,4635377.787216071,0,6,1.969740420573051
ELEC,BUCK MANAGEMENT LEVEL 1 NORTH,845 W Madison St,Chicago,IL,60607,E,24 hours daily,,2.0,,ChargePoint Network,GPS,41.880735,-87.648861,163424,2020-06-17,public,,False,False,1,0,0,0,0,chicago,IL,ELEC,E,public,False,0,2,0,2,2,True,845 w madison st|41.88074|-87.64886,163424,163424,1,446162.5217286204,4636738.022344513,0,6,1.2963195241275318
ELEC,BUCK MANAGEMENT LEVEL 2 327,845 W Madison,Chicago,IL,60607,E,24 hours daily,,2.0,,ChargePoint Network,GPS,41.880655,-87.648861,163425,2020-06-17,public,,False,False,1,0,0,0,0,chicago,IL,ELEC,E,public,False,0,2,0,2,2,True,845 w madison|41.88065|-87.64886,163425,163425,1,446162.45457459695,4636729.140158329,0,6,1.2994698987851063
ELEC,PEOPLES GAS EV2,4341 W 35th Pl Logistics Support,Chicago,IL,60646,E,24 hours daily,,2.0,,ChargePoint Network,GPS,41.989409,-87.730374,163454,2020-06-18,public,,False,False,1,0,0,0,0,chicago,IL,ELEC,E,public,False,0,2,0,2,2,True,4341 w 35th pl logistics support|41.98941|-87.73037,163454,163454,1,439501.9583862517,4648858.288585948,1,1,0.35857164593749696
ELEC,PEOPLES GAS EV4,4341 W 35th Pl Logistics Support,Chicago,IL,60646,E,24 hours daily,,2.0,,ChargePoint Network,GPS,41.989297,-87.73032,163455,2020-06-18,public,,False,False,1,0,0,0,0,chicago,IL,ELEC,E,public,False,0,2,0,2,2,True,4341 w 35th pl logistics support|41.9893|-87.73032,163455,163455,1,439506.32527263137,4648845.815123821,1,1,0.348018107723975
ELEC,O'Hare Airport - Multi-Modal Facility Economy Lot F,10255 W Zemke Blvd,Chicago,IL,60666,E,24 hours daily,,24.0,,Non-Networked,GPS,41.99426839015599,-87.88105290737916,163819,2020-07-02,public,AIRPORT,False,False,1,0,0,0,0,chicago,IL,ELEC,E,public,False,0,24,0,24,24,True,10255 w zemke blvd|41.99427|-87.88105,163819,163819,1,427026.43944098556,4649515.2521618055,3,3,1.2694996909091476
ELEC,Chicago Travel Plaza - Tesla Supercharger,Building 840 O'Hare Int'l Airport,Chicago,IL,60666,E,24 hours daily. Please check Tesla's online station map to see if an adapter is required at this location.,,,14.0,Tesla,GPS,41.998752,-87.888342,164167,2020-07-10,public,TRAVEL_CENTER,,False,0,0,0,1,0,chicago,IL,ELEC,E,public,,0,0,14,14,14,True,building 840 o hare int l airport|41.99875|-87.88834,164167,164167,1,426427.87695452507,4650019.305798714,3,3,1.649066630894821
ELEC,OZINGA CHINA TOWN,2242 S Lumber St,Chicago,IL,60616,E,24 hours daily,,2.0,,ChargePoint Network,GPS,41.851961,-87.64313,164585,2020-07-28,public,,False,False,1,0,0,0,0,chicago,IL,ELEC,E,public,False,0,2,0,2,2,True,2242 s lumber st|41.85196|-87.64313,164585,164585,1,446614.10457913834,4633539.751056298,0,6,3.724455850571381
ELEC,Echelon Garage,353 N DesPlaines St,Chicago,IL,60661,E,24 hours daily,,1.0,,Blink Network,GPS,41.888408,-87.643931,164758,2020-08-01,public,,False,False,1,0,0,0,0,chicago,IL,ELEC,E,public,False,0,1,0,1,1,True,353 n desplaines st|41.88841|-87.64393,164758,164758,1,446577.9694502145,4637586.854578617,0,6,0.8967007858694661
ELEC,UIC 1100 West Harrison,1100 West Harrison,Chicago,IL,60607,E,24 hours daily,,3.0,,Blink Network,GPS,41.8748871,-87.6551001,165808,2020-09-01,public,,False,False,1,0,0,0,0,chicago,IL,ELEC,E,public,False,0,3,0,3,3,True,1100 west harrison|41.87489|-87.6551,165808,165808,1,445639.89107438165,4636092.678588354,0,6,2.0539255855315193
ELEC,UIC 1100 Wood Street,1100 South Wood Street,Chicago,IL,60612,E,24 hours daily,,3.0,,Blink Network,GPS,41.867904,-87.67315,167702,2020-10-23,public,,False,False,1,0,0,0,0,chicago,IL,ELEC,E,public,False,0,3,0,3,3,True,1100 south wood street|41.8679|-87.67315,167702,167702,1,444136.02538538515,4635328.953637352,0,6,3.7367971832225413
ELEC,LEFT BANK CS STATION 1,300 N Canal St,Chicago,IL,60606,E,24 hours daily,,2.0,,ChargePoint Network,GPS,41.887215,-87.640641,167749,2020-10-24,public,,False,False,1,0,0,0,0,chicago,IL,ELEC,E,public,False,0,2,0,2,2,True,300 n canal st|41.88721|-87.64064,167749,167749,1,446849.92796427733,4637452.355817642,0,6,0.5933087230815149
ELEC,Parking Garage - 70 West Madison - Tesla Destination,11 N Clark St,Chicago,IL,60602,E,,,4.0,,Tesla Destination,200-8,41.882312,-87.630943,169013,2018-06-14,public,,,False,0,0,0,1,0,chicago,IL,ELEC,E,public,,0,4,0,4,4,True,11 n clark st|41.88231|-87.63094,169013,169013,1,447650.51307147404,4636902.027329755,0,6,0.3916569060373265
ELEC,Sofitel Chicago - Tesla Destination,20 E Chestnut St,Chicago,IL,60611,E,,,5.0,,Tesla Destination,200-9,41.898653,-87.627307,169113,2018-05-09,public,,,False,0,0,0,1,0,chicago,IL,ELEC,E,public,,0,5,0,5,5,True,20 e chestnut st|41.89865|-87.62731,169113,169113,1,447965.4580699553,4638714.115553005,0,6,1.6378189236083665
ELEC,"Virgin Hotels, Chicago - LAZ Parking - Tesla Destination",203 N Wabash Ave,Chicago,IL,60601,E,,,1.0,,Tesla Destination,200-9,41.88605,-87.626025,169248,2015-03-24,public,,,False,0,0,0,1,0,chicago,IL,ELEC,E,public,,0,1,0,1,1,True,203 n wabash ave|41.88605|-87.62602,169248,169248,1,448061.59001280373,4637314.059254291,0,6,0.6942978629329798
ELEC,PEOPLES GAS PETC 2,4228 W 35th Pl PETC,Chicago,IL,60632,E,24 hours daily,,2.0,,ChargePoint Network,GPS,41.831297,-87.73148,170734,2021-01-01,public,,False,False,1,0,0,0,0,chicago,IL,ELEC,E,public,False,0,2,0,2,2,True,4228 w 35th pl petc|41.8313|-87.73148,170734,170734,1,439260.63424476667,4631304.194446949,4,7,2.273707726260959
ELEC,PEOPLES GAS PETC 3,4228 W 35th Pl PETC,Chicago,IL,60632,E,24 hours daily,,2.0,,ChargePoint Network,GPS,41.831252,-87.731403,170735,2021-01-01,public,,False,False,1,0,0,0,0,chicago,IL,ELEC,E,public,False,0,2,0,2,2,True,4228 w 35th pl petc|41.83125|-87.7314,170735,170735,1,439266.98553742334,4631299.143808784,4,7,2.2678905043740074
ELEC,NICHE 905 EV STATION 02,905 N Orleans St,Chicago,IL,60610,E,24 hours daily,,2.0,,ChargePoint Network,GPS,41.899418,-87.636886,170750,2021-01-05,public,,False,False,1,0,0,0,0,chicago,IL,ELEC,E,public,False,0,2,0,2,2,True,905 n orleans st|41.89942|-87.63689,170750,170750,1,447171.51574013673,4638804.905916853,0,6,1.6334702472957234
ELEC,"CFP II, LLC 204",240 E Illinois St,Chicago,IL,60611,E,24 hours daily,,2.0,,ChargePoint Network,GPS,41.891099,-87.621074,171561,2021-01-27,public,,False,False,1,0,0,0,0,chicago,IL,ELEC,E,public,False,0,2,0,2,2,True,240 e illinois st|41.8911|-87.62107,171561,171561,1,448476.4108260436,4637871.651915391,0,6,1.2942968917154196
ELEC,540 W. MADISON LL1 - 3,540 West Madison St,Chicago,IL,60661,E,24 hours daily,,2.0,,ChargePoint Network,GPS,41.883025,-87.642101,171567,2021-01-27,public,,False,False,1,0,0,0,0,chicago,IL,ELEC,E,public,False,0,2,0,2,2,True,540 west madison st|41.88303|-87.6421,171567,171567,1,446725.3192716153,4636988.0563627845,0,6,0.6830508690785528
ELEC,900 SELF PARK PLUG AND SHOP 3,911 N. Rush St,Chicago,IL,60611,E,24 hours daily,,2.0,,ChargePoint Network,GPS,41.900864,-87.627081,171693,2021-01-27,public,,False,False,1,0,0,0,0,chicago,IL,ELEC,E,public,False,0,2,0,2,2,True,911 n rush st|41.90086|-87.62708,171693,171693,1,447985.9989820388,4638959.460617979,0,6,1.8755263098656403
ELEC,900 SELF PARK PLUG AND SHOP 1,911 N. Rush St,Chicago,IL,60611,E,24 hours daily,,2.0,,ChargePoint Network,GPS,41.89982,-87.626379,171694,2021-01-27,public,,False,False,1,0,0,0,0,chicago,IL,ELEC,E,public,False,0,2,0,2,2,True,911 n rush st|41.89982|-87.62638,171694,171694,1,448043.3811675331,4638843.122362528,0,6,1.7863643058175203
ELEC,900 SELF PARK PLUG AND SHOP 4,911 N. Rush St,Chicago,IL,60611,E,24 hours daily,,2.0,,ChargePoint Network,GPS,41.899639,-87.626307,171695,2021-01-27,public,,False,False,1,0,0,0,0,chicago,IL,ELEC,E,public,False,0,2,0,2,2,True,911 n rush st|41.89964|-87.62631,171695,171695,1,448049.2067099942,4638822.982757505,0,6,1.769879533105897
ELEC,IRVINE  CO  OFC 71SW B2 02-03,71 S Wacker Dr,Chicago,IL,60606,E,24 hours daily,,2.0,,ChargePoint Network,GPS,41.880925,-87.636038,172397,2021-01-27,public,,False,False,1,0,0,0,0,chicago,IL,ELEC,E,public,False,0,2,0,2,2,True,71 s wacker dr|41.88092|-87.63604,172397,172397,1,447226.63653461746,4636751.152928251,0,6,0.45971080268013276
ELEC,OPTIMA LEVEL 3,220 E Illinois St,Chicago,IL,60611,E,24 hours daily,,2.0,,ChargePoint Network,GPS,41.891113,-87.621403,172817,2021-01-27,public,,False,False,1,0,0,0,0,chicago,IL,ELEC,E,public,False,0,2,0,2,2,True,220 e illinois st|41.89111|-87.6214,172817,172817,1,448449.12850092276,4637873.403908423,0,6,1.2722040985778227
ELEC,OPTIMA LEVEL 5,220 E Illinois St,Chicago,IL,60611,E,24 hours daily,,2.0,,ChargePoint Network,GPS,41.891147,-87.621408,172818,2021-01-27,public,,False,False,1,0,0,0,0,chicago,IL,ELEC,E,public,False,0,2,0,2,2,True,220 e illinois st|41.89115|-87.62141,172818,172818,1,448448.74104334693,4637877.181846112,0,6,1.2739279255062441
ELEC,OPTIMA LEVEL 4,220 E Illinois St,Chicago,IL,60611,E,24 hours daily,,2.0,,ChargePoint Network,GPS,41.891121,-87.621419,172819,2021-01-27,public,,False,False,1,0,0,0,0,chicago,IL,ELEC,E,public,False,0,2,0,2,2,True,220 e illinois st|41.89112|-87.62142,172819,172819,1,448447.80758643436,4637874.301740931,0,6,1.2715803307115408
ELEC,MOMENT MOMENT 2,545 N McClurg Ct,Chicago,IL,60611,E,24 hours daily,,2.0,,ChargePoint Network,GPS,41.892053,-87.617242,172820,2021-01-27,public,,False,False,1,0,0,0,0,chicago,IL,ELEC,E,public,False,0,2,0,2,2,True,545 n mcclurg ct|41.89205|-87.61724,172820,172820,1,448795.0724747393,4637975.2781926915,0,6,1.6214122272369145
ELEC,UNITED ORD LOT UNITED 6,5600 Bessie Coleman Dr,Chicago,IL,60666,E,24 hours daily,,2.0,,ChargePoint Network,GPS,41.981234,-87.888678,173545,2021-01-27,public,,False,False,1,0,0,0,0,chicago,IL,ELEC,E,public,False,0,2,0,2,2,True,5600 bessie coleman dr|41.98123|-87.88868,173545,173545,1,426379.8652663985,4648074.5694969995,3,3,0.31180537388208757
ELEC,UNITED ORD LOT UNITED 5,5600 Bessie Coleman Dr,Chicago,IL,60666,E,24 hours daily,,2.0,,ChargePoint Network,GPS,41.98182,-87.887601,173546,2021-01-27,public,,False,False,1,0,0,0,0,chicago,IL,ELEC,E,public,False,0,2,0,2,2,True,5600 bessie coleman dr|41.98182|-87.8876,173546,173546,1,426469.7614485765,4648138.70786969,3,3,0.2323569922959145
ELEC,UNITED ORD LOT UNITED 4,5600 Bessie Coleman Dr,Chicago,IL,60666,E,24 hours daily,,2.0,,ChargePoint Network,GPS,41.981879,-87.887686,173547,2021-01-27,public,,False,False,1,0,0,0,0,chicago,IL,ELEC,E,public,False,0,2,0,2,2,True,5600 bessie coleman dr|41.98188|-87.88769,173547,173547,1,426462.7877493555,4648145.331611471,3,3,0.22605769491213856
ELEC,UNITED ORD LOT UNITED 3,5600 Bessie Coleman Dr,Chicago,IL,60666,E,24 hours daily,,2.0,,ChargePoint Network,GPS,41.981857,-87.887857,173548,2021-01-27,public,,False,False,1,0,0,0,0,chicago,IL,ELEC,E,public,False,0,2,0,2,2,True,5600 bessie coleman dr|41.98186|-87.88786,173548,173548,1,426448.59641593933,4648143.035784569,3,3,0.22965024365897208
ELEC,UNITED ORD LOT UNITED 1,5600 Bessie Coleman Dr,Chicago,IL,60666,E,24 hours daily,,2.0,,ChargePoint Network,GPS,41.98117,-87.888711,173549,2021-01-27,public,,False,False,1,0,0,0,0,chicago,IL,ELEC,E,public,False,0,2,0,2,2,True,5600 bessie coleman dr|41.98117|-87.88871,173549,173549,1,426377.0577165805,4648067.491947373,3,3,0.3194052041595719
ELEC,UNITED ORD LOT UNITED 2,5600 Bessie Coleman Dr,Chicago,IL,60666,E,24 hours daily,,2.0,,ChargePoint Network,GPS,41.981799,-87.8878,173550,2021-01-27,public,,False,False,1,0,0,0,0,chicago,IL,ELEC,E,public,False,0,2,0,2,2,True,5600 bessie coleman dr|41.9818|-87.8878,173550,173550,1,426453.25167147134,4648136.547101637,3,3,0.2355830142722285
ELEC,UNITED ORD LOT UNITED 8,5600 Bessie Coleman Dr,Chicago,IL,60666,E,24 hours daily,,2.0,,ChargePoint Network,GPS,41.981142,-87.888646,173551,2021-01-27,public,,False,False,1,0,0,0,0,chicago,IL,ELEC,E,public,False,0,2,0,2,2,True,5600 bessie coleman dr|41.98114|-87.88865,173551,173551,1,426382.4102635513,4648064.327239561,3,3,0.32079994379116006
ELEC,SP PLUS CORP MCCORMICK 1,2301 S Prairie Ave,Chicago,IL,60616,E,24 hours daily,,2.0,,ChargePoint Network,GPS,41.851227,-87.620567,174126,2021-01-27,public,,False,False,1,0,0,0,0,chicago,IL,ELEC,E,public,False,0,2,0,2,2,True,2301 s prairie ave|41.85123|-87.62057,174126,174126,1,448486.46717449767,4633444.475972444,0,6,3.900634697301061
ELEC,HF HF-2,3740 N Halsted St,Chicago,IL,60613,E,24 hours daily,,2.0,,ChargePoint Network,GPS,41.950568,-87.649802,174138,2021-01-27,public,,False,False,1,0,0,0,0,chicago,IL,ELEC,E,public,False,0,2,0,2,2,True,3740 n halsted st|41.95057|-87.6498,174138,174138,1,446143.18933193217,4644492.031343147,5,4,2.152422222024571
ELEC,SOLDIER FIELD STATION 01,1410 Museum Campus Dr,Chicago,IL,60605,E,24 hours daily,,2.0,,ChargePoint Network,GPS,41.864039,-87.617223,174559,2021-01-27,public,,False,False,1,0,0,0,0,chicago,IL,ELEC,E,public,False,0,2,0,2,2,True,1410 museum campus dr|41.86404|-87.61722,174559,174559,1,448774.2808934751,4634864.950830667,0,6,2.7068271605052905
ELEC,SOLDIER FIELD STATION 03,1410 Museum Campus Dr,Chicago,IL,60605,E,24 hours daily,,2.0,,ChargePoint Network,GPS,41.863455,-87.616349,174560,2021-01-27,public,,False,False,1,0,0,0,0,chicago,IL,ELEC,E,public,False,0,2,0,2,2,True,1410 museum campus dr|41.86346|-87.61635,174560,174560,1,448846.3523347355,4634799.589969646,0,6,2.8001214225844695
ELEC,BUCK MANAGEMENT LEVEL 2 249,845 W Madison St,Chicago,IL,60607,E,24 hours daily,,2.0,,ChargePoint Network,GPS,41.880822,-87.649123,180605,2021-01-27,public,,False,False,1,0,0,0,0,chicago,IL,ELEC,E,public,False,0,2,0,2,2,True,845 w madison st|41.88082|-87.64912,180605,180605,1,446140.85594724334,4636747.846112627,0,6,1.3133791634959393
ELEC,BUCK MANAGEMENT LEVEL 2 246,845 W Madison St,Chicago,IL,60607,E,24 hours daily,,2.0,,ChargePoint Network,GPS,41.88071,-87.649101,180606,2021-01-27,public,,False,False,1,0,0,0,0,chicago,IL,ELEC,E,public,False,0,2,0,2,2,True,845 w madison st|41.88071|-87.6491,180606,180606,1,446142.58729309135,4636735.397245417,0,6,1.3159449869382283
ELEC,BUCK MANAGEMENT LEVEL 2 324,845 W Madison St,Chicago,IL,60607,E,24 hours daily,,2.0,,ChargePoint Network,GPS,41.880838,-87.649007,180607,2021-01-27,public,,False,False,1,0,0,0,0,chicago,IL,ELEC,E,public,False,0,2,0,2,2,True,845 w madison st|41.88084|-87.64901,180607,180607,1,446150.4941984254,4636749.549758141,0,6,1.303724047399057
ELEC,PEOPLES GAS CENTRAL EV3,4207 W 35th Pl Central Shop,Chicago,IL,60646,E,24 hours daily,,2.0,,ChargePoint Network,GPS,41.989425,-87.730459,180617,2021-01-27,public,,False,False,1,0,0,0,0,chicago,IL,ELEC,E,public,False,0,2,0,2,2,True,4207 w 35th pl central shop|41.98942|-87.73046,180617,180617,1,439494.93281236594,4648860.125109457,1,1,0.35833812298917905
ELEC,PEOPLES GAS CENTRAL EV4,4207 W 35th Pl Central Shop,Chicago,IL,60646,E,24 hours daily,,2.0,,ChargePoint Network,GPS,41.989217,-87.730352,180618,2021-01-27,public,,False,False,1,0,0,0,0,chicago,IL,ELEC,E,public,False,0,2,0,2,2,True,4207 w 35th pl central shop|41.98922|-87.73035,180618,180618,1,439503.59889169916,4648836.955359444,1,1,0.33875063700896757
ELEC,PEOPLES GAS EV16,4025 W Peterson Ave North Shop,Chicago,IL,60646,E,24 hours daily,,2.0,,ChargePoint Network,GPS,41.989433,-87.730298,180619,2021-01-27,public,,False,False,1,0,0,0,0,chicago,IL,ELEC,E,public,False,0,2,0,2,2,True,4025 w peterson ave north shop|41.98943|-87.7303,180619,180619,1,439508.27634712245,4648860.899611093,1,1,0.36296075015387
ELEC,PEOPLES GAS EV14,4025 W Peterson Ave North Shop,Chicago,IL,60646,E,24 hours daily,,2.0,,ChargePoint Network,GPS,41.989417,-87.730331,180620,2021-01-27,public,,False,False,1,0,0,0,0,chicago,IL,ELEC,E,public,False,0,2,0,2,2,True,4025 w peterson ave north shop|41.98942|-87.73033,180620,180620,1,439505.5277401591,4648859.146447435,1,1,0.36045345206801926
ELEC,PEOPLES GAS EV13,4025 W Peterson Ave North Shop,Chicago,IL,60646,E,24 hours daily,,2.0,,ChargePoint Network,GPS,41.98952,-87.730309,180622,2021-01-27,public,,False,False,1,0,0,0,0,chicago,IL,ELEC,E,public,False,0,2,0,2,2,True,4025 w peterson ave north shop|41.98952|-87.73031,180622,180622,1,439507.44756827445,4648870.566957472,1,1,0.3719241074895875
ELEC,PEOPLES GAS CENTRAL EV6,4207 W 35th Pl Central Shop,Chicago,IL,60646,E,24 hours daily,,2.0,,ChargePoint Network,GPS,41.989265,-87.730288,180623,2021-01-27,public,,False,False,1,0,0,0,0,chicago,IL,ELEC,E,public,False,0,2,0,2,2,True,4207 w 35th pl central shop|41.98926|-87.73029,180623,180623,1,439508.9456062369,4648842.239572833,1,1,0.3454690029172242
ELEC,PEOPLES GAS EV1,4341 W 35th Pl Logistics Support,Chicago,IL,60646,E,24 hours daily,,2.0,,ChargePoint Network,GPS,41.989385,-87.730277,180624,2021-01-27,public,,False,False,1,0,0,0,0,chicago,IL,ELEC,E,public,False,0,2,0,2,2,True,4341 w 35th pl logistics support|41.98938|-87.73028,180624,180624,1,439509.9703745302,4648855.555356486,1,1,0.35841091470894654
ELEC,PEOPLES GAS CENTRAL EV2,4207 W 35th Pl Central Shop,Chicago,IL,60646,E,24 hours daily,,2.0,,ChargePoint Network,GPS,41.989265,-87.730213,180625,2021-01-27,public,,False,False,1,0,0,0,0,chicago,IL,ELEC,E,public,False,0,2,0,2,2,True,4207 w 35th pl central shop|41.98926|-87.73021,180625,180625,1,439515.1580256418,4648842.186599881,1,1,0.3474875368478686
ELEC,PEOPLES GAS EV3,4341 W 35th Pl Logistics Support,Chicago,IL,60646,E,24 hours daily,,2.0,,ChargePoint Network,GPS,41.989377,-87.73017,180626,2021-01-27,public,,False,False,1,0,0,0,0,chicago,IL,ELEC,E,public,False,0,2,0,2,2,True,4341 w 35th pl logistics support|41.98938|-87.73017,180626,180626,1,439518.8258364317,4648854.591547606,1,1,0.36040060016504283
ELEC,PEOPLES GAS PETC 1,4228 W 35th Pl PETC,Chicago,IL,60632,E,24 hours daily,,2.0,,ChargePoint Network,GPS,41.831199,-87.730815,182168,2021-01-27,public,,False,False,1,0,0,0,0,chicago,IL,ELEC,E,public,False,0,2,0,2,2,True,4228 w 35th pl petc|41.8312|-87.73082,182168,182168,1,439315.76113135146,4631292.843854891,4,7,2.2560011921347525
ELEC,SOLSTICE APTS EV STATION 02,1616 E 56th St,Chicago,IL,60637,E,Mon: 8:00am-9:00pm; Tue: 8:00am-9:00pm; Wed: 8:00am-9:00pm; Thu: 8:00am-9:00pm; Fri: 8:00am-9:00pm; Sat: 8:00am-9:00pm; Sun: 8:00am-9:00pm,,2.0,,ChargePoint Network,GPS,41.793733,-87.586153,183397,2021-01-27,public,,False,False,1,0,0,0,0,chicago,IL,ELEC,E,public,False,0,2,0,2,2,True,1616 e 56th st|41.79373|-87.58615,183397,183397,1,451299.65207253845,4627041.071208872,2,8,2.283843025170327
ELEC,MILLENNIUM GRGS MPG STATION #3,5 S Columbus Dr,Chicago,IL,60601,E,24 hours daily,,2.0,,ChargePoint Network,GPS,41.882412,-87.621237,185392,2021-02-26,public,,False,False,1,0,0,0,0,chicago,IL,ELEC,E,public,False,0,2,0,2,2,True,5 s columbus dr|41.88241|-87.62124,185392,185392,1,448455.9060311422,4636907.254974426,0,6,1.1116461920939051
ELEC,MILLENNIUM GRGS MPG STATION #1,5 S Columbus Dr,Chicago,IL,60601,E,24 hours daily,,2.0,,ChargePoint Network,GPS,41.882554,-87.620935,185393,2021-02-26,public,,False,False,1,0,0,0,0,chicago,IL,ELEC,E,public,False,0,2,0,2,2,True,5 s columbus dr|41.88255|-87.62094,185393,185393,1,448481.07718071237,4636922.839509513,0,6,1.1323324613575285
ELEC,MILLENNIUM GRGS MPG STATION #2,5 S Columbus Dr,Chicago,IL,60601,E,24 hours daily,,1.0,,ChargePoint Network,GPS,41.88261,-87.620989,185394,2021-02-26,public,,False,False,1,0,0,0,0,chicago,IL,ELEC,E,public,False,0,1,0,1,1,True,5 s columbus dr|41.88261|-87.62099,185394,185394,1,448476.6417760708,4636929.089456882,0,6,1.1265831722752488
ELEC,ADVOCATE IL MASONIC 2,3000 N Halsted St,Chicago,IL,60657,E,24 hours daily,,2.0,,ChargePoint Network,GPS,41.93672,-87.650246,185438,2021-02-27,public,,False,False,1,0,0,0,0,chicago,IL,ELEC,E,public,False,0,2,0,2,2,True,3000 n halsted st|41.93672|-87.65025,185438,185438,1,446094.72603693785,4642954.787273744,5,4,1.3601291566822025
ELEC,ADVOCATE IL MASONIC 1,3011 N Dayton St,Chicago,IL,60657,E,24 hours daily,,2.0,,ChargePoint Network,GPS,41.93669,-87.65024,185439,2021-02-27,public,,False,False,1,0,0,0,0,chicago,IL,ELEC,E,public,False,0,2,0,2,2,True,3011 n dayton st|41.93669|-87.65024,185439,185439,1,446095.198174128,4642951.452648905,5,4,1.360376287518091
ELEC,ADVOCATE IL MASONIC 4,933 w. Nelson Ave,Chicago,IL,60657,E,24 hours daily,,2.0,,ChargePoint Network,GPS,41.937062,-87.652714,185440,2021-02-27,public,,False,False,1,0,0,0,0,chicago,IL,ELEC,E,public,False,0,2,0,2,2,True,933 w nelson ave|41.93706|-87.65271,185440,185440,1,445890.4174364508,4642994.313794962,5,4,1.1602318353946066
ELEC,ADVOCATE IL MASONIC 5,915 W. Wellington Ave,Chicago,IL,60657,E,24 hours daily,,2.0,,ChargePoint Network,GPS,41.936149,-87.652221,185441,2021-02-27,public,,False,False,1,0,0,0,0,chicago,IL,ELEC,E,public,False,0,2,0,2,2,True,915 w wellington ave|41.93615|-87.65222,185441,185441,1,445930.5158105048,4642892.633805961,5,4,1.193133834954038
ELEC,ADVOCATE IL MASONIC 3,933 w. Nelson Ave,Chicago,IL,60657,E,24 hours daily,,2.0,,ChargePoint Network,GPS,41.93704,-87.652759,185442,2021-02-27,public,,False,False,1,0,0,0,0,chicago,IL,ELEC,E,public,False,0,2,0,2,2,True,933 w nelson ave|41.93704|-87.65276,185442,185442,1,445886.66834817064,4642991.899573872,5,4,1.1562331727990147
ELEC,NORTH + VINE STATION 1,633 W. North Ave,Chicago,IL,60610,E,24 hours daily,,2.0,,ChargePoint Network,GPS,41.910583,-87.64479,186148,2021-03-13,public,,False,False,1,0,0,0,0,chicago,IL,ELEC,E,public,False,0,2,0,2,2,True,633 w north ave|41.91058|-87.64479,186148,186148,1,446525.2087427444,4640049.428473325,0,6,2.9893566382499093
ELEC,ADVOCATE IL MASONIC 6,931 W Wellington Ave,Chicago,IL,60657,E,24 hours daily,,2.0,,ChargePoint Network,GPS,41.936046,-87.652141,186381,2021-03-19,public,,False,False,1,0,0,0,0,chicago,IL,ELEC,E,public,False,0,2,0,2,2,True,931 w wellington ave|41.93605|-87.65214,186381,186381,1,445937.0608938058,4642881.147428175,5,4,1.199436204816838
ELEC,UIC Maxwell Parking Structure,701 W Maxwell St,Chicago,IL,60607,E,24 hours daily,,3.0,,Blink Network,GPS,41.864589,-87.645463,189906,2021-05-20,public,,False,False,1,0,0,0,0,chicago,IL,ELEC,E,public,False,0,3,0,3,3,True,701 w maxwell st|41.86459|-87.64546,189906,189906,1,446430.98261925776,4634943.251691633,0,6,2.4338811700741756
ELEC,Target - Tesla Supercharger,2656 North Elston Avenue,Chicago,IL,60647,E,24 hours daily. Please check Tesla's online station map to see if an adapter is required at this location.,,,12.0,Tesla,GPS,41.92780291,-87.68588061,190810,2021-06-01,public,SHOPPING_CENTER,,False,0,0,0,1,0,chicago,IL,ELEC,E,public,,0,0,12,12,12,True,2656 north elston avenue|41.9278|-87.68588,190810,190810,1,443132.68812303495,4641987.75777194,5,4,1.827627587125777
ELEC,1035 Van Buren - Garage - ParkChirp,1035 W Van Buren St,Chicago,IL,60607,E,24 hours daily,,2.0,,Blink Network,GPS,41.8767996,-87.6532026,191468,2021-06-24,public,,False,False,1,0,0,0,0,chicago,IL,ELEC,E,public,False,0,2,0,2,2,True,1035 w van buren st|41.8768|-87.6532,191468,191468,1,445798.96208988514,4636303.818179934,0,6,1.8093978833675246
ELEC,"BOA Logan Square IL4-313 (Chicago, IL)",3350 W Diversey Ave,Chicago,IL,60647,E,24 hours daily,,,4.0,Electrify America,GPS,41.9324,-87.71133,191563,2021-06-28,public,,False,False,0,1,0,0,0,chicago,IL,ELEC,E,public,False,0,0,4,4,4,True,3350 w diversey ave|41.9324|-87.71133,191563,191563,1,441026.8668942816,4642515.357489864,5,4,3.727048061596288
ELEC,110 UPPERWACKER STATION 2,110 N Upper Wacker Dr,Chicago,IL,60606,E,24 hours daily,,2.0,,ChargePoint Network,GPS,41.882767,-87.637283,192898,2021-07-16,public,,False,False,1,0,0,0,0,chicago,IL,ELEC,E,public,False,0,2,0,2,2,True,110 n upper wacker dr|41.88277|-87.63728,192898,192898,1,447124.8545501518,4636956.431578885,0,6,0.34195551785114997
ELEC,RUSH PARKING STATION 02,1641 w harrison st,Chicago,IL,60612,E,24 hours daily,,2.0,,ChargePoint Network,GPS,41.873913,-87.668106,192929,2021-07-17,public,,False,False,1,0,0,0,0,chicago,IL,ELEC,E,public,False,0,2,0,2,2,True,1641 w harrison st|41.87391|-87.66811,192929,192929,1,444559.8162185877,4635992.845819946,0,6,3.0611891881454265
ELEC,RUSH PARKING STATION 01,1641 W Harrison St,Chicago,IL,60612,E,24 hours daily,,2.0,,ChargePoint Network,GPS,41.87393,-87.66806,192930,2021-07-17,public,,False,False,1,0,0,0,0,chicago,IL,ELEC,E,public,False,0,2,0,2,2,True,1641 w harrison st|41.87393|-87.66806,192930,192930,1,444563.64805983147,4635994.703572335,0,6,3.0569364096010814
ELEC,B3 LEVEL PARK B3 PARKING,284 E North Water St,Chicago,IL,60611,E,24 hours daily,,2.0,,ChargePoint Network,GPS,41.889535,-87.620768,193488,2021-08-05,public,,False,False,1,0,0,0,0,chicago,IL,ELEC,E,public,False,0,2,0,2,2,True,284 e north water st|41.88954|-87.62077,193488,193488,1,448500.5400942507,4637697.821291314,0,6,1.232932840791532
ELEC,PRUDENTIALPLAZA STATION 02,310 N Stetson Ave,Chicago,IL,60601,E,24 hours daily,,2.0,,ChargePoint Network,GPS,41.887424,-87.622235,193520,2021-08-06,public,,False,False,1,0,0,0,0,chicago,IL,ELEC,E,public,False,0,2,0,2,2,True,310 n stetson ave|41.88742|-87.62224,193520,193520,1,448377.13639024994,4637464.323919774,0,6,1.0361295398281778
ELEC,110 UPPERWACKER STATION 3,110 N Upper Wacker Dr,Chicago,IL,60606,E,24 hours daily,,2.0,,ChargePoint Network,GPS,41.883759,-87.637353,195095,2021-09-04,public,,False,False,1,0,0,0,0,chicago,IL,ELEC,E,public,False,0,2,0,2,2,True,110 n upper wacker dr|41.88376|-87.63735,195095,195095,1,447119.8646293799,4637066.613840219,0,6,0.28518747911400016
ELEC,OMM GARAGE #1 ONE MAGNIFICENT,120 E Walton St,Chicago,IL,60611,E,24 hours daily,,2.0,,ChargePoint Network,GPS,41.9004,-87.624719,195926,2021-09-15,public,,False,False,1,0,0,0,0,chicago,IL,ELEC,E,public,False,0,2,0,2,2,True,120 e walton st|41.9004|-87.62472,195926,195926,1,448181.54367154033,4638906.514390029,0,6,1.8994540107418276
ELEC,155 N WACKER DR P1,155 N Upper Wacker Dr,Chicago,IL,60606,E,24 hours daily,,2.0,,ChargePoint Network,GPS,41.884913,-87.636437,198090,2021-10-22,public,,False,False,1,0,0,0,0,chicago,IL,ELEC,E,public,False,0,2,0,2,2,True,155 n upper wacker dr|41.88491|-87.63644,198090,198090,1,447196.8142111771,4637194.175390226,0,6,0.1828751929249078
ELEC,"Target T2078 (Chicago, IL)",1940 W 33rd Street,Chicago,IL,60608,E,24 hours daily,,,4.0,Electrify America,GPS,41.83555,-87.67318,201004,2021-11-11,public,,False,False,0,1,0,0,0,chicago,IL,ELEC,E,public,False,0,0,4,4,4,True,1940 w 33rd street|41.83555|-87.67318,201004,201004,1,444105.37496698566,4631736.810998712,4,7,5.286864184728683
ELEC,DRAKE TOWER DRAKE 2,172 E Walton Pl,Chicago,IL,60611,E,24 hours daily,,2.0,,ChargePoint Network,GPS,41.900208,-87.622655,201402,2021-11-19,public,,False,False,1,0,0,0,0,chicago,IL,ELEC,E,public,False,0,2,0,2,2,True,172 e walton pl|41.90021|-87.62266,201402,201402,1,448352.5919376621,4638883.952443364,0,6,1.958160710179867
ELEC,DRAKE TOWER DRAKE 1,172 E Walton Pl,Chicago,IL,60611,E,24 hours daily,,2.0,,ChargePoint Network,GPS,41.900228,-87.622669,201403,2021-11-19,public,,False,False,1,0,0,0,0,chicago,IL,ELEC,E,public,False,0,2,0,2,2,True,172 e walton pl|41.90023|-87.62267,201403,201403,1,448351.4467905783,4638886.18142459,0,6,1.9595269714525358
ELEC,The Mason,180 North Ada Street,Chicago,IL,60607,E,24 hours daily,,3.0,,Blink Network,GPS,41.8849796,-87.6611185,202705,2019-04-09,public,,False,False,1,0,0,0,0,chicago,IL,ELEC,E,public,False,0,3,0,3,3,True,180 north ada street|41.88498|-87.66112,202705,202705,1,445149.1145180931,4637217.051225273,0,6,2.2305647455732784
ELEC,INTERPARK 217WASHINGTON 1,217 W Washington St,Chicago,IL,60606,E,24 hours daily,,2.0,,ChargePoint Network,GPS,41.883001,-87.634264,202789,2021-12-18,public,,False,False,1,0,0,0,0,chicago,IL,ELEC,E,public,False,0,2,0,2,2,True,217 w washington st|41.883|-87.63426,202789,202789,1,447375.53306315176,4636980.556291153,0,6,0.2042048639063792
ELEC,INTERPARK ONTARIO-CLAIR 1,614 N St Clair St,Chicago,IL,60611,E,24 hours daily,,2.0,,ChargePoint Network,GPS,41.893159,-87.623033,202790,2021-12-18,public,,False,False,1,0,0,0,0,chicago,IL,ELEC,E,public,False,0,2,0,2,2,True,614 n st clair st|41.89316|-87.62303,202790,202790,1,448315.5544701251,4638101.546720233,0,6,1.3102921212834255
ELEC,INTERPARK ADAMWABASH 1,17 E Adams St,Chicago,IL,60603,E,24 hours daily,,2.0,,ChargePoint Network,GPS,41.879243,-87.626855,202791,2021-12-18,public,,False,False,1,0,0,0,0,chicago,IL,ELEC,E,public,False,0,2,0,2,2,True,17 e adams st|41.87924|-87.62686,202791,202791,1,447987.20806046674,4636558.79903123,0,6,0.8724434752785671
ELEC,INTERPARK ADAMWABASH 2,17 E Adams St,Chicago,IL,60603,E,24 hours daily,,2.0,,ChargePoint Network,GPS,41.879251,-87.626887,202792,2021-12-18,public,,False,False,1,0,0,0,0,chicago,IL,ELEC,E,public,False,0,2,0,2,2,True,17 e adams st|41.87925|-87.62689,202792,202792,1,447984.5593621193,4636559.70664288,0,6,0.8699481029508348
ELEC,INTERPARK 341 S WELLS 2,308 S Wells St,Chicago,IL,60606,E,24 hours daily,,2.0,,ChargePoint Network,GPS,41.877536,-87.63426,202793,2021-12-18,public,,False,False,1,0,0,0,0,chicago,IL,ELEC,E,public,False,0,2,0,2,2,True,308 s wells st|41.87754|-87.63426,202793,202793,1,447371.380759693,4636373.789730954,0,6,0.8109740463903955
ELEC,INTERPARK 314 S WELLS 1,314 S Wells St,Chicago,IL,60606,E,24 hours daily,,2.0,,ChargePoint Network,GPS,41.877528,-87.634217,202794,2021-12-18,public,,False,False,1,0,0,0,0,chicago,IL,ELEC,E,public,False,0,2,0,2,2,True,314 s wells st|41.87753|-87.63422,202794,202794,1,447374.9421981472,4636372.875146715,0,6,0.8118610216822326
ELEC,INTERPARK 200 N CLARK 2,200 N Clark St,Chicago,IL,60601,E,24 hours daily,,2.0,,ChargePoint Network,GPS,41.885939,-87.631256,202795,2021-12-18,public,,False,False,1,0,0,0,0,chicago,IL,ELEC,E,public,False,0,2,0,2,2,True,200 n clark st|41.88594|-87.63126,202795,202795,1,447627.505453375,4637304.914507686,0,6,0.27564438716214773
ELEC,INTERPARK LAKE N WELLS 1,177 N Wells St,Chicago,IL,60606,E,24 hours daily,,2.0,,ChargePoint Network,GPS,41.885387,-87.63364,202796,2021-12-18,public,,False,False,1,0,0,0,0,chicago,IL,ELEC,E,public,False,0,2,0,2,2,True,177 n wells st|41.88539|-87.63364,202796,202796,1,447429.2621816111,4637245.085112458,0,6,0.07826400785862343
ELEC,INTERPARK 181N DEARBORN 1,181 N Dearborn St,Chicago,IL,60601,E,24 hours daily,,2.0,,ChargePoint Network,GPS,41.885269,-87.629082,202797,2021-12-18,public,,False,False,1,0,0,0,0,chicago,IL,ELEC,E,public,False,0,2,0,2,2,True,181 n dearborn st|41.88527|-87.62908,202797,202797,1,447807.3280165202,4637229.201642514,0,6,0.43018853235043786
ELEC,INTERPARK ONTARIO-CLAIR2,177 N Wells St,Chicago,IL,60606,E,24 hours daily,,2.0,,ChargePoint Network,GPS,41.885402,-87.633583,202908,2021-12-22,public,,False,False,1,0,0,0,0,chicago,IL,ELEC,E,public,False,0,2,0,2,2,True,177 n wells st|41.8854|-87.63358,202908,202908,1,447434.0035754653,4637246.71560587,0,6,0.08258109912990257
ELEC,INTERPARK 217WASHINGTON 3,219 W Washington St,Chicago,IL,60606,E,24 hours daily,,2.0,,ChargePoint Network,GPS,41.883001,-87.634317,202952,2021-12-23,public,,False,False,1,0,0,0,0,chicago,IL,ELEC,E,public,False,0,2,0,2,2,True,219 w washington st|41.883|-87.63432,202952,202952,1,447371.13566813467,4636980.588792612,0,6,0.20430393457238402
ELEC,INTERPARK 200 N CLARK 1,200 N Clark St,Chicago,IL,60601,E,24 hours daily,,2.0,,ChargePoint Network,GPS,41.885939,-87.631224,202956,2021-12-23,public,,False,False,1,0,0,0,0,chicago,IL,ELEC,E,public,False,0,2,0,2,2,True,200 n clark st|41.88594|-87.63122,202956,202956,1,447630.16036250786,4637304.894978328,0,6,0.2780275860011727
ELEC,St. Paul and the Redeemer Episcopal Church,4945 S Dorchester Ave,Chicago,IL,60615,E,24 hours daily; pay lot,,1.0,,EVMATCH,GPS,41.8044459,-87.5914378,203145,2021-11-19,public,PLACE_OF_WORSHIP,False,False,1,0,0,0,0,chicago,IL,ELEC,E,public,False,0,1,0,1,1,True,4945 s dorchester ave|41.80445|-87.59144,203145,203145,1,450868.7478955203,4628233.484956918,2,8,2.0006414521360125
ELEC,401NMAPARKING 401 N MICHIGAN,150 E Lower North Water St,Chicago,IL,60611,E,Mon: 7:00am-8:30pm; Tue: 7:00am-8:30pm; Wed: 7:00am-8:30pm; Thu: 7:00am-8:30pm; Fri: 7:00am-8:30pm; Sat: 8:00am-7:30pm,,2.0,,ChargePoint Network,GPS,41.889778,-87.623525,204708,2022-01-13,public,,False,False,1,0,0,0,0,chicago,IL,ELEC,E,public,False,0,2,0,2,2,True,150 e lower north water st|41.88978|-87.62352,204708,204708,1,448272.01200120576,4637726.459317262,0,6,1.0441040984971544
ELEC,INTERPARK 181N DEARBORN 2,181 N Dearborn St,Chicago,IL,60601,E,24 hours daily,,2.0,,ChargePoint Network,GPS,41.885269,-87.629114,205057,2022-01-20,public,,False,False,1,0,0,0,0,chicago,IL,ELEC,E,public,False,0,2,0,2,2,True,181 n dearborn st|41.88527|-87.62911,205057,205057,1,447804.673079766,4637229.221105548,0,6,0.42754993747970105
ELEC,INTERPARK LAKE & WELLS 2,614 N St Clair St,Chicago,IL,60611,E,24 hours daily,,2.0,,ChargePoint Network,GPS,41.89315,-87.62299,205194,2022-01-22,public,,False,False,1,0,0,0,0,chicago,IL,ELEC,E,public,False,0,2,0,2,2,True,614 n st clair st|41.89315|-87.62299,205194,205194,1,448319.1143465564,4638100.521571509,0,6,1.3121220503295616
ELEC,ZOE LIFE 400 2N DUAL,428-400 N Aberdeen St,Chicago,IL,60642,E,24 hours daily,,2.0,,ChargePoint Network,GPS,41.889536,-87.654691,211955,2022-03-18,public,,False,False,1,0,0,0,0,chicago,IL,ELEC,E,public,False,0,2,0,2,2,True,428 400 n aberdeen st|41.88954|-87.65469,211955,211955,1,445686.24581850844,4637718.848420108,0,6,1.7754471749121143
ELEC,320 S CANAL EV3,320 S Canal St,Chicago,IL,60606,E,24 hours daily,,2.0,,ChargePoint Network,GPS,41.877104,-87.64055,212707,2022-03-25,public,,False,False,1,0,0,0,0,chicago,IL,ELEC,E,public,False,0,2,0,2,2,True,320 s canal st|41.8771|-87.64055,212707,212707,1,446849.0987660534,4636329.702070381,0,6,1.0061456518507672
ELEC,320 S CANAL EV2,320 S Canal St,Chicago,IL,60606,E,24 hours daily,,2.0,,ChargePoint Network,GPS,41.87712,-87.64055,212708,2022-03-25,public,,False,False,1,0,0,0,0,chicago,IL,ELEC,E,public,False,0,2,0,2,2,True,320 s canal st|41.87712|-87.64055,212708,212708,1,446849.1120238785,4636331.478506197,0,6,1.0046294760434238
ELEC,320 S CANAL STATION 1,320 S Canal St,Chicago,IL,60606,E,24 hours daily,,2.0,,ChargePoint Network,GPS,41.87721,-87.64056,213089,2022-03-31,public,,False,False,1,0,0,0,0,chicago,IL,ELEC,E,public,False,0,2,0,2,2,True,320 s canal st|41.87721|-87.64056,213089,213089,1,446848.3568270144,4636341.4771505445,0,6,0.9965537360498877
ELEC,The Breakers at Edgewater Beach,5333 North Sheridan Road,Chicago,IL,60640,E,24 hours daily,,4.0,,Blink Network,GPS,41.9789646,-87.6545663,213406,2021-12-14,public,,False,False,1,0,0,0,0,chicago,IL,ELEC,E,public,False,0,4,0,4,4,True,5333 north sheridan road|41.97896|-87.65457,213406,213406,1,445772.3994551926,4647647.88090494,8,2,0.7716797374627704
ELEC,425 S. FIN PLAC 440LASALLE2,425 S Financial Pl,Chicago,IL,60605,E,24 hours daily,,2.0,,ChargePoint Network,GPS,41.876317,-87.632933,215053,2022-04-28,public,,False,False,1,0,0,0,0,chicago,IL,ELEC,E,public,False,0,2,0,2,2,True,425 s financial pl|41.87632|-87.63293,215053,215053,1,447480.4928910786,4636237.634698336,0,6,0.9524642881951465
ELEC,425 S. FIN PLAC 440LASALLE,425 S Financial Pl,Chicago,IL,60605,E,24 hours daily,,2.0,,ChargePoint Network,GPS,41.876306,-87.632975,215054,2022-04-28,public,,False,False,1,0,0,0,0,chicago,IL,ELEC,E,public,False,0,2,0,2,2,True,425 s financial pl|41.87631|-87.63298,215054,215054,1,447476.9987930363,4636236.439100013,0,6,0.9532892488206037
ELEC,HRC WEST 1 HYATT HOTEL 2,310 N Stetson Ave,Chicago,IL,60601,E,24 hours daily,,2.0,,ChargePoint Network,GPS,41.887463,-87.62218,217314,2022-05-11,public,,False,False,1,0,0,0,0,chicago,IL,ELEC,E,public,False,0,2,0,2,2,True,310 n stetson ave|41.88746|-87.62218,217314,217314,1,448381.7308042273,4637468.62090218,0,6,1.04171708502824
ELEC,HRC WEST 1 HYATT HOTEL 1,310 N Stetson Ave,Chicago,IL,60601,E,24 hours daily,,2.0,,ChargePoint Network,GPS,41.887424,-87.622007,217315,2022-05-11,public,,False,False,1,0,0,0,0,chicago,IL,ELEC,E,public,False,0,2,0,2,2,True,310 n stetson ave|41.88742|-87.62201,217315,217315,1,448396.05217607645,4637464.1867826255,0,6,1.0543195889294252
ELEC,Parq Fulton,1400 West Randolph Street,Chicago,IL,60607,E,24 hours daily,,6.0,,Blink Network,GPS,41.8845457,-87.6626597,218192,2021-12-27,public,,False,False,1,0,0,0,0,chicago,IL,ELEC,E,public,False,0,6,0,6,6,True,1400 west randolph street|41.88455|-87.66266,218192,218192,1,445020.8734556147,4637169.862672095,0,6,2.3586183524710473
ELEC,LINCOLN COMMON LINCOLN COMMON,2316 N Lincoln Ave,Chicago,IL,60614,E,24 hours daily,,2.0,,ChargePoint Network,GPS,41.924266,-87.647382,220422,2022-06-02,public,,False,False,1,0,0,0,0,chicago,IL,ELEC,E,public,False,0,2,0,2,2,True,2316 n lincoln ave|41.92427|-87.64738,220422,220422,1,446321.7116448014,4641570.24420994,5,4,2.043740822649218
ELEC,Cubs Blue Lot,1094 W Waveland,Chicago,IL,60613,E,24 hours daily,,4.0,,Blink Network,GPS,41.949021,-87.6567262,220479,2022-05-12,public,,False,False,1,0,0,0,0,chicago,IL,ELEC,E,public,False,0,4,0,4,4,True,1094 w waveland|41.94902|-87.65673,220479,220479,1,445567.9798033566,4644324.644312914,5,4,1.682031098245761
ELEC,INTERPARK TOWER WEST,211 W Adams St,Chicago,IL,60606,E,24 hours daily,,2.0,,ChargePoint Network,GPS,41.879012,-87.634417,224650,2022-07-30,public,,False,False,1,0,0,0,0,chicago,IL,ELEC,E,public,False,0,2,0,2,2,True,211 w adams st|41.87901|-87.63442,224650,224650,1,447359.56475480844,4636537.76222951,0,6,0.6472668260324512
ELEC,INTERPARK TOWER EAST,211 W Adams St,Chicago,IL,60606,E,24 hours daily,,2.0,,ChargePoint Network,GPS,41.878972,-87.634503,224651,2022-07-30,public,,False,False,1,0,0,0,0,chicago,IL,ELEC,E,public,False,0,2,0,2,2,True,211 w adams st|41.87897|-87.6345,224651,224651,1,447352.3960823962,4636533.373890596,0,6,0.6519111852717752
ELEC,INTERPARK CH610 EAST,230 W Washington St,Chicago,IL,60606,E,24 hours daily,,2.0,,ChargePoint Network,GPS,41.883519,-87.635067,224653,2022-07-30,public,,False,False,1,0,0,0,0,chicago,IL,ELEC,E,public,False,0,2,0,2,2,True,230 w washington st|41.88352|-87.63507,224653,224653,1,447309.3339786742,4637038.561173892,0,6,0.16210808905839103
ELEC,INTERPARK CH610 WEST,230 W Washington St,Chicago,IL,60606,E,24 hours daily,,2.0,,ChargePoint Network,GPS,41.883503,-87.635067,224654,2022-07-30,public,,False,False,1,0,0,0,0,chicago,IL,ELEC,E,public,False,0,2,0,2,2,True,230 w washington st|41.8835|-87.63507,224654,224654,1,447309.3208326929,4637036.784736322,0,6,0.16371722248110326
ELEC,Plant Chicago,4459 S Marshfield Ave,Chicago,IL,60609,E,24 hours daily,,2.0,,EVMATCH,GPS,41.8123625,-87.6659539,226281,2021-10-29,public,OFFICE_BLDG,False,False,1,0,0,0,0,chicago,IL,ELEC,E,public,False,0,2,0,2,2,True,4459 s marshfield ave|41.81236|-87.66595,226281,226281,1,444685.41165327036,4629157.712142152,2,8,4.697737019044809
ELEC,Jewel-Osco,3400 N Western Ave,Chicago,IL,60618,E,24 hours daily,,,1.0,eVgo Network,GPS,41.943222,-87.689259,228123,2018-03-07,public,,False,False,0,1,1,0,0,chicago,IL,ELEC,E,public,False,0,0,1,1,1,True,3400 n western ave|41.94322|-87.68926,228123,228123,1,442866.3435535852,4643701.962023514,5,4,2.0513898215944897
ELEC,Whole Foods Market,3640 N Halsted St,Chicago,IL,60613,E,Mon: 8:00am-10:00pm; Tue: 8:00am-10:00pm; Wed: 8:00am-10:00pm; Thu: 8:00am-10:00pm; Fri: 8:00am-10:00pm; Sat: 8:00am-10:00pm; Sun: 8:00am-10:00pm,,2.0,1.0,eVgo Network,GPS,41.948448,-87.649988,228136,2018-03-07,public,,False,False,0,1,1,0,0,chicago,IL,ELEC,E,public,False,0,2,1,3,3,True,3640 n halsted st|41.94845|-87.64999,228136,228136,1,446125.98815027636,4644256.767507393,5,4,1.9680280274894735
ELEC,225 W WACKER 225 W WACKER,225 W Wacker Dr,Chicago,IL,60606,E,24 hours daily,,2.0,,ChargePoint Network,GPS,41.886307,-87.635075,229279,2022-09-27,public,,False,False,1,0,0,0,0,chicago,IL,ELEC,E,public,False,0,2,0,2,2,True,225 w wacker dr|41.88631|-87.63508,229279,229279,1,447310.961005437,4637348.110407317,0,6,0.17715890699830397
ELEC,Best Western Hawthorne Terrace,3434 N Broadway Ave,Chicago,IL,60657,E,Contact station for hours of availability.,,1.0,,AMPUP,200-9,41.944195,-87.645488,229593,2022-09-15,public,HOTEL,False,False,1,0,0,0,0,chicago,IL,ELEC,E,public,False,0,1,0,1,1,True,3434 n broadway ave|41.9442|-87.64549,229593,229593,1,446495.41458964534,4643781.744197144,5,4,1.983841259261213
ELEC,Union West,939 W Washington Blvd,Chicago,IL,60607,E,Contact station for hours of availability.,,3.0,,AMPUP,200-9,41.882764,-87.651188,230443,2022-09-15,public,MULTI_UNIT_DWELLING,False,False,1,0,0,0,0,chicago,IL,ELEC,E,public,False,0,3,0,3,3,True,939 w washington blvd|41.88276|-87.65119,230443,230443,1,445971.153646368,4636964.759230371,0,6,1.425366222561218
ELEC,Calumet,328 E 43rd st,Chicago,IL,60653,E,24 hours daily,,2.0,,EV Connect,GPS,41.816823,-87.618607,231010,2022-09-30,public,,False,False,1,0,0,0,0,chicago,IL,ELEC,E,public,False,0,2,0,2,2,True,328 e 43rd st|41.81682|-87.61861,231010,231010,1,448621.6606526337,4629623.551128662,2,8,2.254377835143828
ELEC,640 N LASALLE STATION #1,640 N La Salle St,Chicago,IL,60654,E,24 hours daily,,2.0,,ChargePoint Network,GPS,41.893633,-87.6329,233234,2022-10-11,public,,False,False,1,0,0,0,0,chicago,IL,ELEC,E,public,False,0,2,0,2,2,True,640 n la salle st|41.89363|-87.6329,233234,233234,1,447497.4102714012,4638160.164462752,0,6,0.982547976123134
ELEC,THE COOPER GATEWAY,720 S Wells St,Chicago,IL,60607,E,24 hours daily,,2.0,,ChargePoint Network,GPS,41.87256,-87.633911,235113,2022-10-26,public,,False,False,1,0,0,0,0,chicago,IL,ELEC,E,public,False,0,2,0,2,2,True,720 s wells st|41.87256|-87.63391,235113,235113,1,447396.25937934325,4635821.104522114,0,6,1.3637228220811228
ELEC,TPM AVRA STATION 1,1125 W Van Buren Ave,Chicago,IL,60607,E,24 hours daily,,2.0,,ChargePoint Network,GPS,41.87582,-87.64171,235607,2022-11-03,public,,False,False,1,0,0,0,0,chicago,IL,ELEC,E,public,False,0,2,0,2,2,True,1125 w van buren ave|41.87582|-87.64171,235607,235607,1,446751.77917581087,4636187.862115888,0,6,1.1780056686196247
ELEC,THE COOPER STATION 2,720 S Wells St,Chicago,IL,60607,E,24 hours daily,,2.0,,ChargePoint Network,GPS,41.872568,-87.633825,236214,2022-11-17,public,,False,False,1,0,0,0,0,chicago,IL,ELEC,E,public,False,0,2,0,2,2,True,720 s wells st|41.87257|-87.63382,236214,236214,1,447403.40249537054,4635821.940038248,0,6,1.3629942113995885
ELEC,Target - Tesla Supercharger,4433  South Pulaski Road,Chicago,IL,60632,E,24 hours daily. Please check Tesla's online station map to see if an adapter is required at this location.,,,12.0,Tesla,GPS,41.813258,-87.72186,237628,2022-11-05,public,SHOPPING_CENTER,False,False,0,0,0,1,0,chicago,IL,ELEC,E,public,False,0,0,12,12,12,True,4433 south pulaski road|41.81326|-87.72186,237628,237628,1,440042.6210501845,4629294.631980613,4,7,0.5480492433734172
ELEC,175 W JACKSON 175 W JACKSON,175 Jackson Blvd,Chicago,IL,60604,E,Mon: 5:00am-5:00pm; Tue: 5:00am-5:00pm; Wed: 5:00am-5:00pm; Thu: 5:00am-5:00pm; Fri: 5:00am-5:00pm,,2.0,,ChargePoint Network,GPS,41.877872,-87.6332,253419,2023-02-07,public,,False,False,1,0,0,0,0,chicago,IL,ELEC,E,public,False,0,2,0,2,2,True,175 jackson blvd|41.87787|-87.6332,253419,253419,1,447459.61137637816,4636410.445440086,0,6,0.7784172689420585
ELEC,Trump International Hotel & Tower Chicago,401 N Wabash Avenue,Chicago,IL,60611,E,24 hours daily,,9.0,,Blink Network,GPS,41.888835,-87.626658,253747,2022-12-26,public,,False,False,1,0,0,0,0,chicago,IL,ELEC,E,public,False,0,9,0,9,9,True,401 n wabash avenue|41.88884|-87.62666,253747,253747,1,448011.3307830555,4637623.653890591,0,6,0.7693759704372413
ELEC,Gaertner Residences Condominium Association,1201 West Wrightwood Avenue,Chicago,IL,60614,E,24 hours daily,,1.0,,Blink Network,GPS,41.928589,-87.658746,255101,2022-12-13,public,,False,False,1,0,0,0,0,chicago,IL,ELEC,E,public,False,0,1,0,1,1,True,1201 west wrightwood avenue|41.92859|-87.65875,255101,255101,1,445383.1378177191,4642057.395457941,5,4,1.0312637102919735
ELEC,MDWTPGLV1 TPG-01,5700 S Cicero Ave,Chicago,IL,60638,E,24 hours daily,,2.0,,ChargePoint Network,GPS,41.787397,-87.74009,256375,2023-03-16,public,,False,False,1,0,0,0,0,chicago,IL,ELEC,E,public,False,0,2,0,2,2,True,5700 s cicero ave|41.7874|-87.74009,256375,256375,1,438503.71392431646,4626436.267795961,4,7,2.81567179723922
ELEC,MDWTPGLV1 TPG-02,5700 S Cicero Ave,Chicago,IL,60638,E,24 hours daily,,2.0,,ChargePoint Network,GPS,41.787331,-87.74009,256376,2023-03-16,public,,False,False,1,0,0,0,0,chicago,IL,ELEC,E,public,False,0,2,0,2,2,True,5700 s cicero ave|41.78733|-87.74009,256376,256376,1,438503.6508477334,4626428.940094207,4,7,2.822496904286565
ELEC,PARC HURON LEFT STATION,469 W Huron St,Chicago,IL,60654,E,24 hours daily,,2.0,,ChargePoint Network,GPS,41.894565,-87.641248,256683,2023-03-18,public,,False,False,1,0,0,0,0,chicago,IL,ELEC,E,public,False,0,2,0,2,2,True,469 w huron st|41.89456|-87.64125,256683,256683,1,446805.6672486682,4638268.784118916,0,6,1.2265430805810251
ELEC,PARC HURON MIDDLE STATION,469 W Huron St,Chicago,IL,60654,E,24 hours daily,,2.0,,ChargePoint Network,GPS,41.894117,-87.640089,256684,2023-03-18,public,,False,False,1,0,0,0,0,chicago,IL,ELEC,E,public,False,0,2,0,2,2,True,469 w huron st|41.89412|-87.64009,256684,256684,1,446901.44074342767,4638218.325849727,0,6,1.1387807084758015
ELEC,PARC HURON RIGHT STATION,469 W Huron St,Chicago,IL,60654,E,24 hours daily,,2.0,,ChargePoint Network,GPS,41.894538,-87.64123,256685,2023-03-18,public,,False,False,1,0,0,0,0,chicago,IL,ELEC,E,public,False,0,2,0,2,2,True,469 w huron st|41.89454|-87.64123,256685,256685,1,446807.1380304474,4638265.775214747,0,6,1.2231956808253817
ELEC,640 N LASALLE STATION #2,640 N La Salle St,Chicago,IL,60654,E,24 hours daily,,2.0,,ChargePoint Network,GPS,41.893689,-87.632994,257535,2023-03-31,public,,False,False,1,0,0,0,0,chicago,IL,ELEC,E,public,False,0,2,0,2,2,True,640 n la salle st|41.89369|-87.63299,257535,257535,1,447489.65828130784,4638166.439529213,0,6,0.9878830777332047
ELEC,SOLDIER FIELD STATION 04,1410 Museum Campus Dr,Chicago,IL,60605,E,24 hours daily,,2.0,,ChargePoint Network,GPS,41.862187,-87.615146,257930,2023-04-06,public,,False,False,1,0,0,0,0,chicago,IL,ELEC,E,public,False,0,2,0,2,2,True,1410 museum campus dr|41.86219|-87.61515,257930,257930,1,448945.18655758817,4634658.091755684,0,6,2.972442689904084
ELEC,Navy Pier,600 E Grand Ave,Chicago,IL,60611,E,24 hours daily,,7.0,,EV Connect,GPS,41.891527,-87.608748,259592,2023-04-19,public,,False,False,1,0,0,0,0,chicago,IL,ELEC,E,public,False,0,7,0,7,7,True,600 e grand ave|41.89153|-87.60875,259592,259592,1,449499.30311826983,4637911.843656997,0,6,2.2410939165091732
ELEC,World Flight Services,838 Patton Drive,Chicago,IL,60666,E,24 hours daily,,10.0,,Blink Network,GPS,41.99282046798045,-87.8961504,260297,2023-05-04,public,,False,False,1,0,0,0,0,chicago,IL,ELEC,E,public,False,0,10,0,10,10,True,838 patton drive|41.99282|-87.89615,260297,260297,1,425774.2903382038,4649367.465505715,3,3,1.2191717585067143
ELEC,300 E. Randolph Unit #3,300 E. Randolph,Chicago,IL,60601,E,24 hours daily,,2.0,,Blink Network,GPS,41.8846651,-87.6199166,260948,2022-12-29,public,,False,False,1,0,0,0,0,chicago,IL,ELEC,E,public,False,0,2,0,2,2,True,300 e randolph|41.88467|-87.61992,260948,260948,1,448567.2672549363,4637156.618407875,0,6,1.1881547203042477
ELEC,300 E. Randolph Unit #4,300 E. Randolph,Chicago,IL,60601,E,24 hours daily,,2.0,,Blink Network,GPS,41.8846651,-87.6199166,260951,2022-12-28,public,,False,False,1,0,0,0,0,chicago,IL,ELEC,E,public,False,0,2,0,2,2,True,300 e randolph|41.88467|-87.61992,260951,260951,1,448567.2672549363,4637156.618407875,0,6,1.1881547203042477
ELEC,300 E. Randolph - Unit #1,300 E. Randolph,Chicago,IL,60601,E,24 hours daily,,2.0,,Blink Network,GPS,41.8846651,-87.6199166,260952,2022-12-29,public,,False,False,1,0,0,0,0,chicago,IL,ELEC,E,public,False,0,2,0,2,2,True,300 e randolph|41.88467|-87.61992,260952,260952,1,448567.2672549363,4637156.618407875,0,6,1.1881547203042477
ELEC,300 E. Randolph Unit #2,300 E. Randolph,Chicago,IL,60601,E,24 hours daily,,2.0,,Blink Network,GPS,41.8846651,-87.6199166,260954,2022-12-29,public,,False,False,1,0,0,0,0,chicago,IL,ELEC,E,public,False,0,2,0,2,2,True,300 e randolph|41.88467|-87.61992,260954,260954,1,448567.2672549363,4637156.618407875,0,6,1.1881547203042477
ELEC,CHICAGO PARK HQ EV CHARGER #1,4830 S Western Ave,Chicago,IL,60609,E,24 hours daily,,2.0,,ChargePoint Network,GPS,41.804881,-87.686415,261690,2023-06-01,public,,False,False,1,0,0,0,0,chicago,IL,ELEC,E,public,False,0,2,0,2,2,True,4830 s western ave|41.80488|-87.68642,261690,261690,1,442979.2553087012,4628340.443397702,4,7,3.4992581553049806
ELEC,30 W. Monroe St. Garage,35 S. Dearborn St.,Chicago,IL,60603,E,24 hours daily,,2.0,,FLASH,GPS,41.88127251918902,-87.62924820206537,262338,2023-06-07,public,PUBLIC,False,False,1,0,0,0,0,chicago,IL,ELEC,E,public,False,0,2,0,2,2,True,35 s dearborn st|41.88127|-87.62925,262338,262338,1,447790.2852677178,4636785.5841478435,0,6,0.572801973694052
ELEC,5556 N Sheridan Road Condominium Association,5556 N Sheridan Road,Chicago,IL,60640,E,24 hours daily,,2.0,,Blink Network,GPS,41.983521,-87.6555955,262431,2023-01-12,public,,False,False,1,0,0,0,0,chicago,IL,ELEC,E,public,False,0,2,0,2,2,True,5556 n sheridan road|41.98352|-87.6556,262431,262431,1,445691.0069782473,4648154.426737262,8,2,0.33225826291509447
ELEC,THE BOEING CO BOEING CHICAGO1,100 N Riverside Plaza,Chicago,IL,60606,E,24 hours daily,,2.0,,ChargePoint Network,GPS,41.883313,-87.638831,265674,2023-06-22,public,,False,False,1,0,0,0,0,chicago,IL,ELEC,E,public,False,0,2,0,2,2,True,100 n riverside plaza|41.88331|-87.63883,265674,265674,1,446996.8682102847,4637018.007435467,0,6,0.4173239737816635
ELEC,THE BOEING CO BOEING CHICAGO2,100 N Riverside Plaza,Chicago,IL,60606,E,24 hours daily,,2.0,,ChargePoint Network,GPS,41.883313,-87.638812,265753,2023-06-22,public,,False,False,1,0,0,0,0,chicago,IL,ELEC,E,public,False,0,2,0,2,2,True,100 n riverside plaza|41.88331|-87.63881,265753,265753,1,446998.44462739624,4637017.995700747,0,6,0.4158839933134962
ELEC,TM CHARGING T3871 STATION 1,5064 S Merrimac Ave,Chicago,IL,60638,E,Mon: 7:00am-11:59pm; Tue: 7:00am-11:59pm; Wed: 7:00am-11:59pm; Thu: 7:00am-11:59pm; Fri: 7:00am-11:59pm; Sat: 7:00am-11:59pm; Sun: 7:00am-11:59pm,,2.0,,ChargePoint Network,GPS,41.799949,-87.780388,306759,2023-08-11,public,,False,False,1,0,0,0,0,chicago,IL,ELEC,E,public,False,0,2,0,2,2,True,5064 s merrimac ave|41.79995|-87.78039,306759,306759,1,435167.86076485337,4627859.475066982,4,7,4.543255562780928
ELEC,530206 : 333 West Wacker Drive,333 West Wacker Drive,Chicago,IL,60606,E,24 hours daily,,4.0,,Blink Network,GPS,41.886053,-87.6359543,309133,2018-12-12,public,,False,False,1,0,0,0,0,chicago,IL,ELEC,E,public,False,0,4,0,4,4,True,333 west wacker drive|41.88605|-87.63595,309133,309133,1,447237.80049745756,4637320.449712626,0,6,0.19617522221622447
ELEC,GRANDOHIO CONDO STATION 1,211 East Ohio Street,Chicago,IL,60611,E,24 hours daily,,1.0,,ChargePoint Network,GPS,41.891997,-87.621655,319631,2023-11-11,public,,False,False,1,0,0,0,0,chicago,IL,ELEC,E,public,False,0,1,0,1,1,True,211 east ohio street|41.892|-87.62166,319631,319631,1,448428.93387021613,4637971.703623182,0,6,1.3117790737228658
ELEC,GRANDOHIO CONDO STATION 2,211 East Ohio Street,Chicago,IL,60611,E,24 hours daily,,2.0,,ChargePoint Network,GPS,41.892043,-87.621646,319632,2023-11-11,public,,False,False,1,0,0,0,0,chicago,IL,ELEC,E,public,False,0,2,0,2,2,True,211 east ohio street|41.89204|-87.62165,319632,319632,1,448429.7174947861,4637976.8054779405,0,6,1.3154717429546192
ELEC,NORTHWESTERN ERIE GARAGE 2,321 E Erie St,Chicago,IL,60611,E,24 hours daily,,2.0,,ChargePoint Network,GPS,41.893813,-87.619448,322521,2023-12-12,public,,False,False,1,0,0,0,0,chicago,IL,ELEC,E,public,False,0,2,0,2,2,True,321 e erie st|41.89381|-87.61945,322521,322521,1,448613.47792986623,4638172.005410287,0,6,1.580367839654715
ELEC,NORTHWESTERN ERIE GARAGE 1,328 E Ontario St,Chicago,IL,60611,E,24 hours daily,,2.0,,ChargePoint Network,GPS,41.893823,-87.61955,322522,2023-12-12,public,,False,False,1,0,0,0,0,chicago,IL,ELEC,E,public,False,0,2,0,2,2,True,328 e ontario st|41.89382|-87.61955,322522,322522,1,448605.0244654886,4638173.176779122,0,6,1.5745109008459126
ELEC,NORTHWESTERN HURON GARAGE 1,222 E Huron St,Chicago,IL,60611,E,24 hours daily,,2.0,,ChargePoint Network,GPS,41.895335,-87.622092,322581,2023-12-13,public,,False,False,1,0,0,0,0,chicago,IL,ELEC,E,public,False,0,2,0,2,2,True,222 e huron st|41.89534|-87.62209,322581,322581,1,448395.3682775918,4638342.576205561,0,6,1.5403644353583765
ELEC,NORTHWESTERN HURON GARAGE 2,231 E Huron St,Chicago,IL,60611,E,24 hours daily,,2.0,,ChargePoint Network,GPS,41.895343,-87.62198,322582,2023-12-13,public,,False,False,1,0,0,0,0,chicago,IL,ELEC,E,public,False,0,2,0,2,2,True,231 e huron st|41.89534|-87.62198,322582,322582,1,448404.6655349711,4638343.397067446,0,6,1.547126750173216
ELEC,FULTON WEST FULTON WEST 1,323 N. Ada Street,Chicago,IL,60607,E,24 hours daily,,2.0,,ChargePoint Network,GPS,41.887414,-87.660476,323798,2024-01-04,public,,False,False,1,0,0,0,0,chicago,IL,ELEC,E,public,False,0,2,0,2,2,True,323 n ada street|41.88741|-87.66048,323798,323798,1,445204.50125264,4637486.9260029495,0,6,2.195838451246221
ELEC,Ashland & Roosevelt,1220 S Ashland Ave.,Chicago,IL,60608,E,24 hours daily,,,6.0,eVgo Network,GPS,41.865293,-87.667669,323878,2024-01-04,public,,False,False,0,1,1,0,0,chicago,IL,ELEC,E,public,False,0,0,6,6,6,True,1220 s ashland ave|41.86529|-87.66767,323878,323878,1,444588.63516439084,4635035.509519254,0,6,3.5224623487053006
ELEC,LAVIN FAMILY PAVILION,259 East Erie Street,Chicago,IL,60611,E,24 hours daily,,13.0,,Blink Network,GPS,41.89385898511089,-87.62094227386474,324912,2024-01-09,public,,False,False,1,0,0,0,0,chicago,IL,ELEC,E,public,False,0,13,0,13,13,True,259 east erie street|41.89386|-87.62094,324912,324912,1,448489.55634218786,4638178.00703627,0,6,1.4896170773302162
ELEC,7Charge - Chicago 41961,3743 S Archer Ave,Chicago,IL,60609,E,24 hours daily,,,2.0,7CHARGE,GPS,41.82512,-87.68524,326331,2024-01-05,public,CONVENIENCE_STORE,False,False,0,1,0,0,0,chicago,IL,ELEC,E,public,False,0,0,2,2,2,True,3743 s archer ave|41.82512|-87.68524,326331,326331,1,443094.7821015049,4630586.723023916,4,7,3.861487211216934
ELEC,MILIEU APTS MILIEU 1,205 South Peoria Street,Chicago,IL,60607,E,24 hours daily,,2.0,,ChargePoint Network,GPS,41.87852,-87.649152,329720,2024-03-02,public,,False,False,1,0,0,0,0,chicago,IL,ELEC,E,public,False,0,2,0,2,2,True,205 south peoria street|41.87852|-87.64915,329720,329720,1,446136.51655805367,4636492.279448688,0,6,1.4227965780695553
ELEC,MILIEU APTS MILIEU 2,205 South Peoria Street,Chicago,IL,60607,E,24 hours daily,,1.0,,ChargePoint Network,GPS,41.878657,-87.649169,329721,2024-03-02,public,,False,False,1,0,0,0,0,chicago,IL,ELEC,E,public,False,0,1,0,1,1,True,205 south peoria street|41.87866|-87.64917,329721,329721,1,446135.221024946,4636507.500856334,0,6,1.4165888712721812
ELEC,400 E RANDOLPH STATION 1,400 East Randolph Street,Chicago,IL,60601,E,24 hours daily,,2.0,,ChargePoint Network,GPS,41.885003,-87.616419,330818,2024-03-20,public,,False,False,1,0,0,0,0,chicago,IL,ELEC,E,public,False,0,2,0,2,2,True,400 east randolph street|41.885|-87.61642,330818,330818,1,448857.7239893417,4637192.044202109,0,6,1.4782971250026513
ELEC,"Chicago, IL - North Dearborn Street (Pay to Park, Floor 2) - Tesla Destination",181 N Dearborn St,Chicago,IL,60601,E,,,12.0,,Tesla Destination,GPS,41.8855,-87.62882,330986,2024-03-21,public,PARKING_GARAGE,False,False,1,0,0,1,0,chicago,IL,ELEC,E,public,False,0,12,0,12,12,True,181 n dearborn st|41.8855|-87.62882,330986,330986,1,447829.25324599963,4637254.689648469,0,6,0.4552172049302447
ELEC,"Chicago, IL - South Franklin Street (Pay to Park, Floor 4) - Tesla Destination",329 S Franklin St,Chicago,IL,60606,E,,,12.0,,Tesla Destination,GPS,41.877287,-87.635022,330987,2024-03-21,public,PARKING_GARAGE,False,False,1,0,0,1,0,chicago,IL,ELEC,E,public,False,0,12,0,12,12,True,329 s franklin st|41.87729|-87.63502,330987,330987,1,447307.9479014933,4636346.611483867,0,6,0.8411562812283634
ELEC,MOTIF ON BELDEN MOTIF ON BELDEN,2845 West Belden Avenue,Chicago,IL,60647,E,24 hours daily,,2.0,,ChargePoint Network,GPS,41.923082,-87.699183,331575,2024-04-03,public,,False,False,1,0,0,0,0,chicago,IL,ELEC,E,public,False,0,2,0,2,2,True,2845 west belden avenue|41.92308|-87.69918,331575,331575,1,442025.488646493,4641472.511252147,5,4,3.0473879063478124
ELEC,"Chicago, IL - West Madison Street (Pay to Park, Floor 4) - Tesla Destination",201 W Madison St,Chicago,IL,60606,E,,,12.0,,Tesla Destination,GPS,41.88167,-87.63478,332100,2024-04-11,public,PARKING_GARAGE,False,False,1,0,0,1,0,chicago,IL,ELEC,E,public,False,0,12,0,12,12,True,201 w madison st|41.88167|-87.63478,332100,332100,1,447331.6276269921,4636833.095466496,0,6,0.35486462457977774
ELEC,MxD Chicago IL,1415 N Cherry Ave,Chicago,IL,60642,E,24 hours daily,,4.0,,EVGATEWAY,GPS,41.9066614,-87.6553433,333941,2023-09-12,public,,False,False,1,0,0,0,0,chicago,IL,ELEC,E,public,False,0,4,0,4,4,True,1415 n cherry ave|41.90666|-87.65534,333941,333941,1,445646.6542485745,4639620.654885367,0,6,2.9893685928319225
ELEC,Focal Point - Chicago,4141 S Pulaski Rd,Chicago,IL,60632,E,Contact site for information,,1.0,,AMPUP,GPS,41.8173889,-87.7218843,335286,2023-11-22,public,MULTI_UNIT_DWELLING,False,False,1,0,0,0,0,chicago,IL,ELEC,E,public,False,0,1,0,1,1,True,4141 s pulaski rd|41.81739|-87.72188,335286,335286,1,440044.45560795465,4629753.287340038,4,7,0.8588170318968953
ELEC,SWTCH Energy Inc.,1126 W Grace St,Chicago,IL,60613,E,24 hours daily,,10.0,,SWTCH,GPS,41.9517986,-87.6582004,341655,2024-04-03,public,ARENA,False,False,1,0,0,0,0,chicago,IL,ELEC,E,public,False,0,10,0,10,10,True,1126 w grace st|41.9518|-87.6582,341655,341655,1,445448.1601826217,4644633.974887291,5,4,1.9092788188960303
ELEC,SWTCH Energy Inc.,3121 N Broadway St,Chicago,IL,60657,E,24 hours daily,,2.0,,SWTCH,GPS,41.9381554,-87.644191,341714,2024-04-04,public,MULTI_UNIT_DWELLING,False,False,1,0,0,0,0,chicago,IL,ELEC,E,public,False,0,2,0,2,2,True,3121 n broadway st|41.93816|-87.64419,341714,341714,1,446597.8843063854,4643110.3678364735,5,4,1.8766416836910444
ELEC,SWTCH Energy Inc.,355 N Halsted St,Chicago,IL,60661,E,24 hours daily,,4.0,,SWTCH,GPS,41.8885994,-87.64679718,341816,2024-04-04,public,MULTI_UNIT_DWELLING,False,False,1,0,0,0,0,chicago,IL,ELEC,E,public,False,0,4,0,4,4,True,355 n halsted st|41.8886|-87.6468,341816,341816,1,446340.34348144307,4637609.893604508,0,6,1.1227205389701382
ELEC,155 N WACKER DR P2 EV CHARGER,155 N Wacker Dr,Chicago,IL,60606,E,24 hours daily,,2.0,,ChargePoint Network,GPS,41.8847,-87.636612,347333,2024-06-04,public,,False,False,1,0,0,0,0,chicago,IL,ELEC,E,public,False,0,2,0,2,2,True,155 n wacker dr|41.8847|-87.63661,347333,347333,1,447182.11950675765,4637170.634253949,0,6,0.1978278502174355
ELEC,540 W. MADISON LL1 - 2,19 N Jefferson St,Chicago,IL,60661,E,24 hours daily,,2.0,,ChargePoint Network,GPS,41.882478,-87.642289,347441,2024-06-06,public,,False,False,1,0,0,0,0,chicago,IL,ELEC,E,public,False,0,2,0,2,2,True,19 n jefferson st|41.88248|-87.64229,347441,347441,1,446709.26643508475,4636927.441126948,0,6,0.7178674030691414
ELEC,540 W. MADISON LL1 - 1,31 N Jefferson St,Chicago,IL,60661,E,24 hours daily,,2.0,,ChargePoint Network,GPS,41.881892,-87.64171,347442,2024-06-06,public,,False,False,1,0,0,0,0,chicago,IL,ELEC,E,public,False,0,2,0,2,2,True,31 n jefferson st|41.88189|-87.64171,347442,347442,1,446756.8198054369,4636862.019728412,0,6,0.701284508475597
ELEC,540 W. MADISON SOUTH WALL 3,540 W Madison St,Chicago,IL,60661,E,24 hours daily,,2.0,,ChargePoint Network,GPS,41.882211,-87.641548,347445,2024-06-06,public,,False,False,1,0,0,0,0,chicago,IL,ELEC,E,public,False,0,2,0,2,2,True,540 w madison st|41.88221|-87.64155,347445,347445,1,446770.5258996523,4636897.336955341,0,6,0.6733302228476441
ELEC,540 W. MADISON SOUTH WALL 2,540 W Madison St,Chicago,IL,60661,E,24 hours daily,,2.0,,ChargePoint Network,GPS,41.882211,-87.64158,347446,2024-06-06,public,,False,False,1,0,0,0,0,chicago,IL,ELEC,E,public,False,0,2,0,2,2,True,540 w madison st|41.88221|-87.64158,347446,347446,1,446767.870835575,4636897.356803849,0,6,0.6757238110123971
ELEC,540 W. MADISON SOUTH WALL 1,540 W Madison St,Chicago,IL,60661,E,24 hours daily,,1.0,,ChargePoint Network,GPS,41.882219,-87.641601,347447,2024-06-06,public,,False,False,1,0,0,0,0,chicago,IL,ELEC,E,public,False,0,1,0,1,1,True,540 w madison st|41.88222|-87.6416,347447,347447,1,446766.1350902293,4636898.2580486825,0,6,0.6769132824670151
ELEC,OPTIMA KEVEL 3 SOUTH,220 East Illinois Street,Chicago,IL,60611,E,24 hours daily,,2.0,,ChargePoint Network,GPS,41.891528,-87.621686,347494,2024-06-06,public,,False,False,1,0,0,0,0,chicago,IL,ELEC,E,public,False,0,2,0,2,2,True,220 east illinois street|41.89153|-87.62169,347494,347494,1,448425.9848878214,4637919.65037013,0,6,1.2788131197875372
ELEC,OPTIMA LEVEL 2 SOUTH,220 East Illinois Street,Chicago,IL,60611,E,24 hours daily,,2.0,,ChargePoint Network,GPS,41.891489,-87.621538,347495,2024-06-06,public,,False,False,1,0,0,0,0,chicago,IL,ELEC,E,public,False,0,2,0,2,2,True,220 east illinois street|41.89149|-87.62154,347495,347495,1,448438.23140413704,4637915.231351392,0,6,1.2863398176527794
ELEC,OPTIMA LEVEL 5 NORTH,220 East Illinois Street,Chicago,IL,60611,E,24 hours daily,,2.0,,ChargePoint Network,GPS,41.891514,-87.621605,347496,2024-06-06,public,,False,False,1,0,0,0,0,chicago,IL,ELEC,E,public,False,0,2,0,2,2,True,220 east illinois street|41.89151|-87.6216,347496,347496,1,448432.69327874505,4637918.047302243,0,6,1.283392181069887
ELEC,OPTIMA LEVEL4 SOUTH W,220 East Illinois Street,Chicago,IL,60611,E,24 hours daily,,2.0,,ChargePoint Network,GPS,41.891497,-87.621523,347497,2024-06-06,public,,False,False,1,0,0,0,0,chicago,IL,ELEC,E,public,False,0,2,0,2,2,True,220 east illinois street|41.8915|-87.62152,347497,347497,1,448439.4822186173,4637916.1105573885,0,6,1.287868661091952
ELEC,OPTIMA LEVEL 4 EAST,220 East Illinois Street,Chicago,IL,60611,E,24 hours daily,,2.0,,ChargePoint Network,GPS,41.891494,-87.621596,347498,2024-06-06,public,,False,False,1,0,0,0,0,chicago,IL,ELEC,E,public,False,0,2,0,2,2,True,220 east illinois street|41.89149|-87.6216,347498,347498,1,448433.4238204572,4637915.821343983,0,6,1.2827217808574558
ELEC,MQMF Chicago Marine Drive,4600 North Marine Drive,Chicago,IL,60640,E,24 hours daily,,4.0,,Blink Network,GPS,41.965986,-87.649093,349455,2024-03-12,public,,False,False,1,0,0,0,0,chicago,IL,ELEC,E,public,False,0,4,0,4,4,True,4600 north marine drive|41.96599|-87.64909,349455,349455,1,446214.91945689963,4646203.428308302,8,2,2.2726901939968562
ELEC,900 SELF PARK PLUG & SHOP 7,911 N Rush St,Chicago,IL,60611,E,24 hours daily,,2.0,,ChargePoint Network,GPS,41.899548,-87.626739,349482,2024-06-27,public,,False,False,1,0,0,0,0,chicago,IL,ELEC,E,public,False,0,2,0,2,2,True,911 n rush st|41.89955|-87.62674,349482,349482,1,448013.2992888615,4638813.14093243,0,6,1.7474306897092025
ELEC,900 SELF PARK PLUG & SHOP 6,911 N Rush St,Chicago,IL,60611,E,24 hours daily,,2.0,,ChargePoint Network,GPS,41.899564,-87.626729,349484,2024-06-27,public,,False,False,1,0,0,0,0,chicago,IL,ELEC,E,public,False,0,2,0,2,2,True,911 n rush st|41.89956|-87.62673,349484,349484,1,448014.1417492247,4638814.911314932,0,6,1.74938609128782
ELEC,900 SELF PARK PLUG & SHOP 5,911 N Rush St,Chicago,IL,60611,E,24 hours daily,,2.0,,ChargePoint Network,GPS,41.899548,-87.626707,349485,2024-06-27,public,,False,False,1,0,0,0,0,chicago,IL,ELEC,E,public,False,0,2,0,2,2,True,911 n rush st|41.89955|-87.62671,349485,349485,1,448015.95363416977,4638813.121541813,0,6,1.7483772034666663
ELEC,Wrigley Field - W Grace St Parking,1126 W Grace St,Chicago,IL,60613,E,24 hours daily,,10.0,,SWTCH,GPS,41.95170034,-87.65910969,349558,2024-06-24,public,PARKING_LOT,False,False,1,0,0,0,0,chicago,IL,ELEC,E,public,False,0,10,0,10,10,True,1126 w grace st|41.9517|-87.65911,349558,349558,1,445372.7137027886,4644623.644388104,5,4,1.8727887781760484
ELEC,Joan and Paul Rubschlagar Building,1520 West Harrison Street,Chicago,IL,60607,E,24 hours daily,,12.0,,Blink Network,GPS,41.87478417905282,-87.66501231804295,351439,2024-06-28,public,,False,False,1,0,0,0,0,chicago,IL,ELEC,E,public,False,0,12,0,12,12,True,1520 west harrison street|41.87478|-87.66501,351439,351439,1,444817.2840937507,4636087.576821439,0,6,2.7871849043388393
ELEC,TM CHARGING T3871 STATION 2,5064 S Merrimac Ave,Chicago,IL,60638,E,Mon: 7:00am-11:59pm; Tue: 7:00am-11:59pm; Wed: 7:00am-11:59pm; Thu: 7:00am-11:59pm; Fri: 7:00am-11:59pm; Sat: 7:00am-11:59pm; Sun: 7:00am-11:59pm,,2.0,,ChargePoint Network,GPS,41.799995,-87.780556,351451,2024-07-25,public,,False,False,1,0,0,0,0,chicago,IL,ELEC,E,public,False,0,2,0,2,2,True,5064 s merrimac ave|41.8|-87.78056,351451,351451,1,435153.95014221885,4627864.708998166,4,7,4.555318265382693
ELEC,LBFE STATION 1,355 N Ashland Ave,Chicago,IL,60607,E,Mon: 8:30am-4:30pm; Tue: 8:30am-4:30pm; Wed: 8:30am-4:30pm; Thu: 8:30am-4:30pm; Fri: 8:30am-4:30pm,,2.0,,ChargePoint Network,GPS,41.888096,-87.6667,352201,2024-08-08,public,,False,False,1,0,0,0,0,chicago,IL,ELEC,E,public,False,0,2,0,2,2,True,355 n ashland ave|41.8881|-87.6667,352201,352201,1,444688.72125204856,4637566.639918043,0,6,2.717692816702991
ELEC,400 E RANDOLPH PLUG IN 2,400 E Randolph St,Chicago,IL,60601,E,24 hours daily,,2.0,,ChargePoint Network,GPS,41.885126,-87.616442,352465,2024-08-13,public,,False,False,1,0,0,0,0,chicago,IL,ELEC,E,public,False,0,2,0,2,2,True,400 e randolph st|41.88513|-87.61644,352465,352465,1,448855.91384474916,4637205.71427156,0,6,1.4766180561643654
ELEC,"JLL c/o Mars, Inc",1132 W Blackhawk St,Chicago,IL,60642,E,24 hours daily,,4.0,,Blink Network,GPS,41.907280741638665,-87.65541731632017,354765,2024-09-03,public,,False,False,1,0,0,0,0,chicago,IL,ELEC,E,public,False,0,4,0,4,4,True,1132 w blackhawk st|41.90728|-87.65542,354765,354765,1,445641.0408146974,4639689.465956738,0,6,3.0488986441579558
ELEC,425,425 East Erie Street,Chicago,IL,60611,E,24 hours daily,,2.0,,Blink Network,GPS,41.8943533154426,-87.61693676049565,355564,2024-09-12,public,,False,False,1,0,0,0,0,chicago,IL,ELEC,E,public,False,0,2,0,2,2,True,425 east erie street|41.89435|-87.61694,355564,355564,1,448822.23090748553,4638230.494332726,0,6,1.7819280172301424
ELEC,Kingsbury Pl - Garage,360 W Hubbard St,Chicago,IL,60654,E,24 hours daily,,16.0,,EVOKE,GPS,41.890406,-87.638459,357015,2023-03-27,public,MULTI_UNIT_DWELLING,False,False,1,0,0,0,0,chicago,IL,ELEC,E,public,False,0,16,0,16,16,True,360 w hubbard st|41.89041|-87.63846,357015,357015,1,447033.592091004,4637805.295238053,0,6,0.7104387972285283
ELEC,Park Blvd - Parking Lot,3720 S Dearborn St,Chicago,IL,60609,E,24 hours daily,,2.0,,EVOKE,GPS,41.82674,-87.62796,357017,2023-08-30,public,MULTI_UNIT_DWELLING,False,False,1,0,0,0,0,chicago,IL,ELEC,E,public,False,0,2,0,2,2,True,3720 s dearborn st|41.82674|-87.62796,357017,357017,1,447852.8918146894,4630730.23202914,2,8,3.5285469022351603
ELEC,Millennium Lakeside Garage - Tesla Destination,5 S Columbus Dr,Chicago,IL,60603,E,,,11.0,,Tesla Destination,GPS,41.882094,-87.620496,359633,2024-07-01,public,,,False,0,0,0,1,0,chicago,IL,ELEC,E,public,,0,11,0,11,11,True,5 s columbus dr|41.88209|-87.6205,359633,359633,1,448517.13186412724,4636871.503507989,0,6,1.180016228931965
ELEC,"Chicago, IL - East Ohio Street (Pay to Park, Floor 6) - Tesla Destination",50 E Ohio St,Chicago,IL,60611,E,,,11.0,,Tesla Destination,GPS,41.89295,-87.6264,359709,,public,,,False,1,0,0,1,0,chicago,IL,ELEC,E,public,,0,11,0,11,11,True,50 e ohio st|41.89295|-87.6264,359709,359709,1,448036.0703384848,4638080.375644247,0,6,1.110562599151514
ELEC,DALEY CENTER STATION 1,50 W Washington St,Chicago,IL,60602,E,24 hours daily,,2.0,,ChargePoint Network,GPS,41.884033,-87.63013,367782,2024-11-09,public,,False,False,1,0,0,0,0,chicago,IL,ELEC,E,public,False,0,2,0,2,2,True,50 w washington st|41.88403|-87.63013,367782,367782,1,447719.3711827165,4637092.609756776,0,6,0.35218573450555524
ELEC,Whole Foods Sauganash (CIC),6020 N Cicero Ave,Chicago,IL,60646,E,24 hours daily,,,4.0,eVgo Network,GPS,41.99146,-87.749262,373052,2024-12-14,public,,False,False,0,1,1,0,0,chicago,IL,ELEC,E,public,False,0,0,4,4,4,True,6020 n cicero ave|41.99146|-87.74926,373052,373052,1,437939.4182262086,4649099.525989786,1,1,1.569937236239776
ELEC,LP 2550 STATION 1,2550 North Lakeview Avenue,Chicago,IL,60614,E,24 hours daily,,2.0,,ChargePoint Network,GPS,41.928886,-87.641358,376283,2025-01-25,public,,False,False,1,0,0,0,0,chicago,IL,ELEC,E,public,False,0,2,0,2,2,True,2550 north lakeview avenue|41.92889|-87.64136,376283,376283,1,446825.0363166323,4642079.44100747,5,4,2.2290522150501104
ELEC,110 UPPERWACKER STATION 7,110 North Wacker Drive,Chicago,IL,60606,E,24 hours daily,,2.0,,ChargePoint Network,GPS,41.884142,-87.637244,376350,2025-01-28,public,,False,False,1,0,0,0,0,chicago,IL,ELEC,E,public,False,0,2,0,2,2,True,110 north wacker drive|41.88414|-87.63724,376350,376350,1,447129.22398572526,4637109.070159917,0,6,0.2614077396056702
ELEC,110 UPPERWACKER STATION 6,110 North Wacker Drive,Chicago,IL,60606,E,24 hours daily,,2.0,,ChargePoint Network,GPS,41.884183,-87.63725,376351,2025-01-28,public,,False,False,1,0,0,0,0,chicago,IL,ELEC,E,public,False,0,2,0,2,2,True,110 north wacker drive|41.88418|-87.63725,376351,376351,1,447128.7599790639,4637113.625978494,0,6,0.26057217445186126
ELEC,110 UPPERWACKER STATION 5,110 North Wacker Drive,Chicago,IL,60606,E,24 hours daily,,2.0,,ChargePoint Network,GPS,41.884079,-87.637242,376352,2025-01-28,public,,False,False,1,0,0,0,0,chicago,IL,ELEC,E,public,False,0,2,0,2,2,True,110 north wacker drive|41.88408|-87.63724,376352,376352,1,447129.3379820103,4637102.074203752,0,6,0.2634092853996908
ELEC,110 UPPERWACKER STATION 4,110 North Wacker Drive,Chicago,IL,60606,E,24 hours daily,,2.0,,ChargePoint Network,GPS,41.8841,-87.637252,376353,2025-01-28,public,,False,False,1,0,0,0,0,chicago,IL,ELEC,E,public,False,0,2,0,2,2,True,110 north wacker drive|41.8841|-87.63725,376353,376353,1,447128.5256123997,4637104.411939366,0,6,0.26345874439336925
ELEC,Cityfront Place Parking Garage,400 North McClurg Court,Chicago,IL,60611,E,24 hours daily,,4.0,,Blink Network,GPS,41.8891899,-87.6181012,383553,2021-12-22,public,,False,False,1,0,0,0,0,chicago,IL,ELEC,E,public,False,0,4,0,4,4,True,400 north mcclurg court|41.88919|-87.6181,383553,383553,1,448721.5051215322,4637657.908619025,0,6,1.423035270700562
ELEC,RANDOLPH PLACE 1ST FL. #1,165 N Canal St,Chicago,IL,60606,E,24 hours daily,,1.0,,ChargePoint Network,GPS,41.885101,-87.639771,387774,2025-03-14,public,,False,False,1,0,0,0,0,chicago,IL,ELEC,E,public,False,0,1,0,1,1,True,165 n canal st|41.8851|-87.63977,387774,387774,1,446920.35701328586,4637217.105373408,0,6,0.46022857839884146
ELEC,RANDOLPH PLACE 1ST FL. #3,165 N Canal St,Chicago,IL,60606,E,24 hours daily,,1.0,,ChargePoint Network,GPS,41.885162,-87.639539,387816,2025-03-15,public,,False,False,1,0,0,0,0,chicago,IL,ELEC,E,public,False,0,1,0,1,1,True,165 n canal st|41.88516|-87.63954,387816,387816,1,446939.6558331462,4637223.734569121,0,6,0.4415159701285949
ELEC,RANDOLPH PLACE 1ST FL. #2,165 N Canal St,Chicago,IL,60606,E,24 hours daily,,1.0,,ChargePoint Network,GPS,41.885109,-87.639526,387817,2025-03-15,public,,False,False,1,0,0,0,0,chicago,IL,ELEC,E,public,False,0,1,0,1,1,True,165 n canal st|41.88511|-87.63953,387817,387817,1,446940.69055000134,4637217.842079446,0,6,0.4400025987878518
ELEC,RANDOLPH PLACE 2ND FL. # 2,165 N Canal St,Chicago,IL,60606,E,24 hours daily,,1.0,,ChargePoint Network,GPS,41.885093,-87.639652,388027,2025-03-19,public,,False,False,1,0,0,0,0,chicago,IL,ELEC,E,public,False,0,1,0,1,1,True,165 n canal st|41.88509|-87.63965,388027,388027,1,446930.22346678947,4637216.143554978,0,6,0.450318981839329
ELEC,RANDOLPH PLACE 2ND FL # 1,165 North Canal Street,Chicago,IL,60606,E,24 hours daily,,1.0,,ChargePoint Network,GPS,41.885169,-87.639573,388028,2025-03-19,public,,False,False,1,0,0,0,0,chicago,IL,ELEC,E,public,False,0,1,0,1,1,True,165 north canal street|41.88517|-87.63957,388028,388028,1,446936.8407498746,4637224.532784124,0,6,0.44439090682461424
ELEC,Best western,4900 s Lake Shore Drive,Chicago,IL,60615,E,,,1.0,,NOODOE,GPS,41.8054739,-87.5850341,388477,2025-03-24,public,,False,False,1,0,0,0,0,chicago,IL,ELEC,E,public,False,0,1,0,1,1,True,4900 s lake shore drive|41.80547|-87.58503,388477,388477,1,451401.4878075256,4628343.978704596,2,8,2.534385166606502
ELEC,Midway Economy Parking Garage,5050 W 55th St,Chicago,IL,60638,E,24 hours daily,,4.0,,Non-Networked,200-8,41.79313599264946,-87.74668942062377,390990,2023-09-29,public,AIRPORT,False,False,1,0,0,0,0,chicago,IL,ELEC,E,public,False,0,4,0,4,4,True,5050 w 55th st|41.79314|-87.74669,390990,390990,1,437960.87887402857,4627078.185772892,4,7,2.5335182226181616
ELEC,Millennium Park - Underground Entrance,6 S. Columbus Dr.,Chicago,IL,60601,E,24 hours daily,,6.0,,FLASH,GPS,41.88274909508677,-87.62085210531951,391465,2025-04-30,public,PUBLIC,False,False,1,0,0,0,0,chicago,IL,ELEC,E,public,False,0,6,0,6,6,True,6 s columbus dr|41.88275|-87.62085,391465,391465,1,448488.1116787799,4636944.450629831,0,6,1.1344042339756553
ELEC,6750 AMAYA,6750 W Grand Ave,Chicago,IL,60707,E,24 hours daily,,1.0,,ChargePoint Network,GPS,41.923851,-87.794507,395873,2025-05-19,public,,False,False,1,0,0,0,0,chicago,IL,ELEC,E,public,False,0,1,0,1,1,True,6750 w grand ave|41.92385|-87.79451,395873,395873,1,434122.19928722177,4641626.7330988515,7,5,2.5175762679501115
ELEC,Chick-fil-A Store 5710 - Pullman,11131 S Corliss Ave,Chicago,IL,60628,E,24 hours daily,,2.0,,EV Connect,GPS,41.692401,-87.600703,397496,2025-05-31,public,,False,False,1,0,0,0,0,chicago,IL,ELEC,E,public,False,0,2,0,2,2,True,11131 s corliss ave|41.6924|-87.6007,397496,397496,1,450012.23079127364,4615799.073801949,6,9,4.565950451426246
ELEC,The Ludlow,2032 N Clyborn,Chicago,IL,60614,E,24 hours daily,,10.0,,POWERPORT_EVC,GPS,41.9180386214658,-87.6604460537913,398080,2025-05-01,public,PARKING_LOT,False,False,1,0,0,0,0,chicago,IL,ELEC,E,public,False,0,10,0,10,10,True,2032 n clyborn|41.91804|-87.66045,398080,398080,1,445233.1631447121,4640887.090538288,5,4,2.0358696904555638
ELEC,Rauner YMCA,2700 S Western Ave,Chicago,IL,60608,E,24 hours daily,,3.0,,POWERPORT_EVC,GPS,41.8443884,-87.686245,398084,2025-02-01,public,PARKING_LOT,False,False,1,0,0,0,0,chicago,IL,ELEC,E,public,False,0,3,0,3,3,True,2700 s western ave|41.84439|-87.68624,398084,398084,1,443028.41314595175,4632726.692999101,4,7,5.060121977721838
ELEC,5231 S INDIANA 5231-STATION-1,5231 South Indiana Avenue,Chicago,IL,60615,E,24 hours daily,,1.0,,ChargePoint Network,GPS,41.799282,-87.620305,398344,2025-06-15,public,,False,False,1,0,0,0,0,chicago,IL,ELEC,E,public,False,0,1,0,1,1,True,5231 south indiana avenue|41.79928|-87.6203,398344,398344,1,448466.5766235492,4627677.06305427,2,8,0.6379886306128614
ELEC,5231 S INDIANA 5231-STATION-2,5321 South Indiana Avenue,Chicago,IL,60615,E,24 hours daily,,1.0,,ChargePoint Network,GPS,41.799274,-87.620378,398366,2025-06-15,public,,False,False,1,0,0,0,0,chicago,IL,ELEC,E,public,False,0,1,0,1,1,True,5321 south indiana avenue|41.79927|-87.62038,398366,398366,1,448460.50552473566,4627676.2186159035,2,8,0.6431539234356174
ELEC,5231 S INDIANA 5231-STATION-3,5231 South Indiana Avenue,Chicago,IL,60615,E,24 hours daily,,1.0,,ChargePoint Network,GPS,41.799146,-87.620385,398367,2025-06-15,public,,False,False,1,0,0,0,0,chicago,IL,ELEC,E,public,False,0,1,0,1,1,True,5231 south indiana avenue|41.79915|-87.62038,398367,398367,1,448459.82141309354,4627662.011523753,2,8,0.6380195393534003
ELEC,5231 S INDIANA 5231-STATION-4,5231 South Indiana Avenue,Chicago,IL,60615,E,24 hours daily,,1.0,,ChargePoint Network,GPS,41.799121,-87.620326,398368,2025-06-15,public,,False,False,1,0,0,0,0,chicago,IL,ELEC,E,public,False,0,1,0,1,1,True,5231 south indiana avenue|41.79912|-87.62033,398368,398368,1,448464.7029905059,4627659.200507067,2,8,0.6324242629389555
ELEC,5231 S INDIANA 5231-STATION-5,5231 South Indiana Avenue,Chicago,IL,60615,E,24 hours daily,,1.0,,ChargePoint Network,GPS,41.79912,-87.620378,398369,2025-06-15,public,,False,False,1,0,0,0,0,chicago,IL,ELEC,E,public,False,0,1,0,1,1,True,5231 south indiana avenue|41.79912|-87.62038,398369,398369,1,448460.38212632446,4627659.120658533,2,8,0.6363647731595482
ELEC,5231 S INDIANA 5231-STATION-6,5231 South Indiana Avenue,Chicago,IL,60615,E,24 hours daily,,1.0,,ChargePoint Network,GPS,41.799264,-87.620371,398370,2025-06-15,public,,False,False,1,0,0,0,0,chicago,IL,ELEC,E,public,False,0,1,0,1,1,True,5231 south indiana avenue|41.79926|-87.62037,398370,398370,1,448461.079057475,4627675.104161837,2,8,0.6421702199582285
ELEC,5231 S INDIANA 5231-STATION-7,5231 South Indiana Avenue,Chicago,IL,60615,E,24 hours daily,,1.0,,ChargePoint Network,GPS,41.799121,-87.620293,398371,2025-06-15,public,,False,False,1,0,0,0,0,chicago,IL,ELEC,E,public,False,0,1,0,1,1,True,5231 south indiana avenue|41.79912|-87.62029,398371,398371,1,448467.44456887944,4627659.180722917,2,8,0.629898672941333
ELEC,5231 S INDIANA 5231-STATION-8,5231 South Indiana Avenue,Chicago,IL,60615,E,24 hours daily,,1.0,,ChargePoint Network,GPS,41.79912,-87.620388,398372,2025-06-15,public,,False,False,1,0,0,0,0,chicago,IL,ELEC,E,public,False,0,1,0,1,1,True,5231 south indiana avenue|41.79912|-87.62039,398372,398372,1,448459.5513449849,4627659.1266544415,2,8,0.6371313564078873
ELEC,1000 South Clark,1000 S Clark St,Chicago,IL,60605,E,24 hours daily,,6.0,,LOOP,GPS,41.86953,-87.63128,399478,2022-04-06,public,OTHER,False,False,1,0,0,0,0,chicago,IL,ELEC,E,public,False,0,6,0,6,6,True,1000 s clark st|41.86953|-87.63128,399478,399478,1,447612.11416935263,4635483.083364046,0,6,1.7174733526026496
ELEC,AMLI River North,71 W Hubbard St,Chicago,IL,60654,E,24 hours daily,,4.0,,LOOP,GPS,41.889889,-87.630676,399481,2023-12-15,public,OTHER,False,False,1,0,0,0,0,chicago,IL,ELEC,E,public,False,0,4,0,4,4,True,71 w hubbard st|41.88989|-87.63068,399481,399481,1,447678.84893220937,4637743.119009054,0,6,0.6335992917036113
ELEC,Culver's - Tesla Supercharger,760 E 111th St,Chicago,IL,60628,E,24 hours daily,,,8.0,Tesla,GPS,41.693595,-87.601117,404786,2025-06-27,public,RESTAURANT,False,False,0,0,0,1,0,chicago,IL,ELEC,E,public,False,0,0,8,8,8,True,760 e 111th st|41.6936|-87.60112,404786,404786,1,449978.70453894103,4615931.8763334155,6,9,4.450955739556944
ELEC,HP Ventures Group – Kedzie Project,4447 North Kedzie Avenue,Chicago,IL,60625,E,,,1.0,,ZEFNET,GPS,41.96262,-87.7081,405363,2025-07-03,public,,False,False,1,0,0,0,0,chicago,IL,ELEC,E,public,False,0,1,0,1,1,True,4447 north kedzie avenue|41.96262|-87.7081,405363,405363,1,441322.3729522136,4645868.42971976,1,1,3.2734285409405164
ELEC,O'Hare Airport,10000 W O'Hare Ave,Chicago,IL,60666,E,24 hours daily; pay lots,,6.0,,Non-Networked,GPS,41.97850582311076,-87.90328000006105,40794,2011-02-11,public,AIRPORT,False,False,1,0,0,0,0,chicago,IL,ELEC,E,public,False,0,6,0,6,6,True,10000 w o hare ave|41.97851|-87.90328,40794,40794,1,425166.9968518927,4647784.314294958,3,3,1.435075306659842
ELEC,North garage,325 W. Wolf Point Plaza,Chicago,IL,60654,E,Contact station for hours of availability,,6.0,,AMPUP,GPS,41.88768,-87.63715,415907,2024-07-01,public,PARKING_GARAGE,False,False,1,0,0,0,0,chicago,IL,ELEC,E,public,False,0,6,0,6,6,True,325 w wolf point plaza|41.88768|-87.63715,415907,415907,1,447139.9395788768,4637501.827189264,0,6,0.39738831969460947
ELEC,Harriet Rees House,2017 S Prairie Ave,Chicago,IL,60616,E,Contact station for hours of availability,,1.0,,AMPUP,GPS,41.8549408,-87.6203658,415955,2024-07-30,public,STREET_PARKING,False,False,1,0,0,0,0,chicago,IL,ELEC,E,public,False,0,1,0,1,1,True,2017 s prairie ave|41.85494|-87.62037,415955,415955,1,448506.1478686839,4633856.686364425,0,6,3.5135867372834158
ELEC,NPHM STATION 1,919 South Ada Street,Chicago,IL,60607,E,24 hours daily,,1.0,,ChargePoint Network,GPS,41.869936,-87.659822,416597,2025-07-23,public,,False,False,1,0,0,0,0,chicago,IL,ELEC,E,public,False,0,1,0,1,1,True,919 south ada street|41.86994|-87.65982,416597,416597,1,445243.84099452867,4635545.973168539,0,6,2.6918966676496994
ELEC,Whole Foods Lakeview,3201 N Ashland Ave,Chicago,IL,60657,E,Mon: 7:00am-10:00pm; Tue: 7:00am-10:00pm; Wed: 7:00am-10:00pm; Thu: 7:00am-10:00pm; Fri: 7:00am-10:00pm; Sat: 7:00am-10:00pm; Sun: 7:00am-10:00pm,,,4.0,eVgo Network,GPS,41.939834,-87.66812,416886,2025-07-25,public,,False,False,0,1,1,0,0,chicago,IL,ELEC,E,public,False,0,0,4,4,4,True,3201 n ashland ave|41.93983|-87.66812,416886,416886,1,444615.66212041397,4643311.923464539,5,4,0.46642308436680363
ELEC,Whole Foods Chicago & State,3 W Chicago Ave,Chicago,IL,60654,E,24 hours daily,,,4.0,eVgo Network,GPS,41.896272,-87.628367,416932,2025-07-25,public,,False,False,0,1,1,0,0,chicago,IL,ELEC,E,public,False,0,0,4,4,4,True,3 w chicago ave|41.89627|-87.62837,416932,416932,1,447875.59547603707,4638450.40229184,0,6,1.359451231007493
ELEC,EDGELUX SPACE #5,5753 N Broadway,Chicago,IL,60660,E,24 hours daily,,1.0,,ChargePoint Network,GPS,41.986947,-87.659719,416969,2025-07-25,public,,False,False,1,0,0,0,0,chicago,IL,ELEC,E,public,False,0,1,0,1,1,True,5753 n broadway|41.98695|-87.65972,416969,416969,1,445352.34800990176,4648537.436151898,8,2,0.21669994631765152
ELEC,EDGELUX SPACE #6,5753 N Broadway,Chicago,IL,60660,E,24 hours daily,,1.0,,ChargePoint Network,GPS,41.986947,-87.659719,416970,2025-07-25,public,,False,False,1,0,0,0,0,chicago,IL,ELEC,E,public,False,0,1,0,1,1,True,5753 n broadway|41.98695|-87.65972,416970,416970,1,445352.34800990176,4648537.436151898,8,2,0.21669994631765152
ELEC,EDGELUX SPACE #7,5753 N Broadway,Chicago,IL,60660,E,24 hours daily,,1.0,,ChargePoint Network,GPS,41.986947,-87.659719,416971,2025-07-25,public,,False,False,1,0,0,0,0,chicago,IL,ELEC,E,public,False,0,1,0,1,1,True,5753 n broadway|41.98695|-87.65972,416971,416971,1,445352.34800990176,4648537.436151898,8,2,0.21669994631765152
ELEC,EDGELUX SPACE #10,5753 N Broadway,Chicago,IL,60660,E,24 hours daily,,1.0,,ChargePoint Network,GPS,41.986947,-87.659719,416972,2025-07-25,public,,False,False,1,0,0,0,0,chicago,IL,ELEC,E,public,False,0,1,0,1,1,True,5753 n broadway|41.98695|-87.65972,416972,416972,1,445352.34800990176,4648537.436151898,8,2,0.21669994631765152
ELEC,EDGELUX SPACE #9,5753 N Broadway,Chicago,IL,60660,E,24 hours daily,,1.0,,ChargePoint Network,GPS,41.986947,-87.659719,416973,2025-07-25,public,,False,False,1,0,0,0,0,chicago,IL,ELEC,E,public,False,0,1,0,1,1,True,5753 n broadway|41.98695|-87.65972,416973,416973,1,445352.34800990176,4648537.436151898,8,2,0.21669994631765152
ELEC,EDGELUX SPACE #8,5753 North Broadway,Chicago,IL,60660,E,24 hours daily,,1.0,,ChargePoint Network,GPS,41.986876,-87.659644,416974,2025-07-25,public,,False,False,1,0,0,0,0,chicago,IL,ELEC,E,public,False,0,1,0,1,1,True,5753 north broadway|41.98688|-87.65964,416974,416974,1,445358.49992877524,4648529.505212526,8,2,0.2074990566304674
ELEC,Power Up Plaza,4252-4258 W Monroe St,Chicago,IL,60624,E,24 hours daily,,,16.0,Blink Network,GPS,41.87996969986426,-87.73258940356243,417793,2025-08-11,public,,False,False,0,1,0,0,0,chicago,IL,ELEC,E,public,False,0,0,16,16,16,True,4252 4258 w monroe st|41.87997|-87.73259,417793,417793,1,439214.6201378521,4636708.966500181,7,5,4.575200683244457
ELEC,SWTCH Energy,225 W Randolph St,Chicago,IL,60606,E,24 hours daily; For employee use only,,3.0,,SWTCH,GPS,41.8841114,-87.6347416,419892,2025-06-18,public,OFFICE_BLDG,True,True,1,0,0,0,0,chicago,IL,ELEC,E,public,True,0,3,0,3,3,True,225 w randolph st|41.88411|-87.63474,419892,419892,1,447336.8185903873,4637104.134037702,0,6,0.0911685287310423
ELEC,Buddy Bear - 3940 W. Washington Blvd,3940 W Washington Blvd,Chicago,IL,60624,E,,,,6.0,NOODOE,GPS,41.8818656,-87.724692,420713,2025-08-22,public,,False,False,0,1,0,0,0,chicago,IL,ELEC,E,public,False,0,0,6,6,6,True,3940 w washington blvd|41.88187|-87.72469,420713,420713,1,439871.6753607617,4636913.900230979,7,5,4.9676255883689135
ELEC,Buddy Bear - 7068 South Chicago Ave,7068 S Chicago Ave,Chicago,IL,60637,E,,,,4.0,NOODOE,GPS,41.7662686,-87.6064435,420716,2025-08-22,public,,False,False,0,1,0,0,0,chicago,IL,ELEC,E,public,False,0,0,4,4,4,True,7068 s chicago ave|41.76627|-87.60644,420716,420716,1,449592.31044251815,4624003.521453631,2,8,3.449475070273838
ELEC,Buddy Bear - 4750 S. Archer Avenue,4750 South Archer Avenue,Chicago,IL,60632,E,,,,4.0,NOODOE,GPS,41.8074076,-87.7158195,420718,2025-08-22,public,,False,False,0,1,0,0,0,chicago,IL,ELEC,E,public,False,0,0,4,4,4,True,4750 south archer avenue|41.80741|-87.71582,420718,420718,1,440538.9350019503,4628640.887640812,4,7,1.067597019056931
ELEC,Buddy Bear - 243 W. 83rd Street,243 West 83rd Street,Chicago,IL,60620,E,,,,4.0,NOODOE,GPS,41.7431401,-87.6308689,420721,2025-08-22,public,,False,False,0,1,0,0,0,chicago,IL,ELEC,E,public,False,0,0,4,4,4,True,243 west 83rd street|41.74314|-87.63087,420721,420721,1,447543.2281993119,4621450.285308089,6,9,2.6536293020123924
ELEC,"Costco Lincoln Park (Chicago, IL)",2746 N Clybourn Ave,Chicago,IL,60614,E,24 hours daily,,,10.0,Electrify America,GPS,41.93003,-87.6761,421384,2025-09-03,public,,False,False,0,1,0,0,0,chicago,IL,ELEC,E,public,False,0,0,10,10,10,True,2746 n clybourn ave|41.93003|-87.6761,421384,421384,1,443945.5659948566,4642228.587268701,5,4,1.0141628737885142
ELEC,LOCAL 130 LOOMIS STATION1,119 N Loomis St,Chicago,IL,60607,E,24 hours daily,,2.0,,ChargePoint Network,GPS,41.883648,-87.66166,421711,2025-09-09,public,,False,False,1,0,0,0,0,chicago,IL,ELEC,E,public,False,0,2,0,2,2,True,119 n loomis st|41.88365|-87.66166,421711,421711,1,445103.0478653624,4637069.553359942,0,6,2.2793086829594875
ELEC,LOCAL 130 LOOMIS STATION2,119 N Loomis St,Chicago,IL,60607,E,24 hours daily,,2.0,,ChargePoint Network,GPS,41.883891,-87.661166,421712,2025-09-09,public,,False,False,1,0,0,0,0,chicago,IL,ELEC,E,public,False,0,2,0,2,2,True,119 n loomis st|41.88389|-87.66117,421712,421712,1,445144.24237799575,4637096.217128128,0,6,2.236954207597122
ELEC,LOCAL 130 LOOMIS STATION4,129 N Loomis St,Chicago,IL,60607,E,24 hours daily,,2.0,,ChargePoint Network,GPS,41.883673,-87.661872,421718,2025-09-09,public,,False,False,1,0,0,0,0,chicago,IL,ELEC,E,public,False,0,2,0,2,2,True,129 n loomis st|41.88367|-87.66187,421718,421718,1,445085.47985994804,4637072.464683537,0,6,2.2967102779209436
ELEC,LOCAL 130 LOOMISSTATION 3,129 N Loomis St,Chicago,IL,60607,E,24 hours daily,,2.0,,ChargePoint Network,GPS,41.883634,-87.66188,421719,2025-09-09,public,,False,False,1,0,0,0,0,chicago,IL,ELEC,E,public,False,0,2,0,2,2,True,129 n loomis st|41.88363|-87.66188,421719,421719,1,445084.7827123123,4637068.139733592,0,6,2.2976219849536568
ELEC,Buddy Bear - 8644 S. Kedzie Ave,8644 South Kedzie Avenue,Chicago,IL,60652,E,,,,4.0,NOODOE,GPS,41.7357191,-87.7027837,428470,2025-09-30,public,,False,False,0,1,0,0,0,chicago,IL,ELEC,E,public,False,0,0,4,4,4,True,8644 south kedzie avenue|41.73572|-87.70278,428470,428470,1,441556.7487412322,4620672.7079407675,6,9,5.42333026028838
ELEC,Target - Tesla Supercharger,2939 W Addison St,Chicago,IL,60618,E,24 hours daily,,,20.0,Tesla,GPS,41.944699,-87.701604,429744,2025-10-10,public,SHOPPING_CENTER,False,False,0,1,0,1,0,chicago,IL,ELEC,E,public,False,0,0,20,20,20,True,2939 w addison st|41.9447|-87.7016,429744,429744,1,441844.3857741173,4643874.253481764,5,4,3.065429552123687
ELEC,COOK EV PROGRAM CCENGLEWOOD 1,1135 W 69th St,Chicago,IL,60621,E,24 hours daily,,2.0,,ChargePoint Network,GPS,41.769218,-87.628973,429962,2025-10-16,public,,False,False,1,0,0,0,0,chicago,IL,ELEC,E,public,False,0,2,0,2,2,True,1135 w 69th st|41.76922|-87.62897,429962,429962,1,447722.0405785133,4624344.427397488,2,8,3.338598419941461
ELEC,County Fair Foods,10800 S Western Ave,Chicago,IL,60643,E,,,,6.0,NOODOE,GPS,41.6972664,-87.681409,434998,2025-10-29,public,,False,False,0,1,0,0,0,chicago,IL,ELEC,E,public,False,0,0,6,6,6,True,10800 s western ave|41.69727|-87.68141,434998,434998,1,443300.48327476304,4616389.230972199,6,9,4.243302512852763
ELEC,CHABAD BUCKTOWN CHABAD,1632 N Milwaukee Ave,Chicago,IL,60647,E,24 hours daily,,1.0,,ChargePoint Network,GPS,41.91103,-87.67869,439471,2025-11-01,public,,False,False,1,0,0,0,0,chicago,IL,ELEC,E,public,False,0,1,0,1,1,True,1632 n milwaukee ave|41.91103|-87.67869,439471,439471,1,443714.13649280556,4640120.748693267,5,4,2.9259273233861056
ELEC,COOK EV PROGRAM BELMONTCRAGIN1,5501 West Fullerton Avenue,Chicago,IL,60639,E,24 hours daily,,1.0,,ChargePoint Network,GPS,41.923856,-87.763358,445667,2025-11-14,public,,False,False,1,0,0,0,0,chicago,IL,ELEC,E,public,False,0,1,0,1,1,True,5501 west fullerton avenue|41.92386|-87.76336,445667,445667,1,436704.9897071352,4641603.826434223,7,5,2.085458231948684
ELEC,Two West Delaware,2 W. Delaware Place,Chicago,IL,60610,E,24 hours daily,,2.0,,Blink Network,GPS,41.899409,-87.62879,446247,2024-08-12,public,,False,False,1,0,0,0,0,chicago,IL,ELEC,E,public,False,0,2,0,2,2,True,2 w delaware place|41.89941|-87.62879,446247,446247,1,447843.0592282865,4638798.952973417,0,6,1.6794863407798073
ELEC,MICHIGAN PLAZA CHARGER#2,225 N Michigan Ave,Chicago,IL,60601,E,24 hours daily,,2.0,,ChargePoint Network,GPS,41.886248,-87.623714,446393,2025-11-25,public,,False,False,1,0,0,0,0,chicago,IL,ELEC,E,public,False,0,2,0,2,2,True,225 n michigan ave|41.88625|-87.62371,446393,446393,1,448253.48365529155,4637334.646522435,0,6,0.8868034994246403
ELEC,MICHIGAN PLAZA CHARGER#1,205 N Michigan Ave,Chicago,IL,60601,E,24 hours daily,,2.0,,ChargePoint Network,GPS,41.88624,-87.623757,446394,2025-11-25,public,,False,False,1,0,0,0,0,chicago,IL,ELEC,E,public,False,0,2,0,2,2,True,205 n michigan ave|41.88624|-87.62376,446394,446394,1,448249.90968263615,4637333.784234037,0,6,0.8831352271209508
ELEC,Shell Armitage,1768 W Armitage Ave,Chicago,IL,60622,E,,,,4.0,RED_E,GPS,41.918025700709,-87.67237057902,446875,2025-12-04,public,PUBLIC,False,False,0,1,0,0,0,chicago,IL,ELEC,E,public,False,0,0,4,4,4,True,1768 w armitage ave|41.91803|-87.67237,446875,446875,1,444244.3174958361,4640893.339858349,5,4,2.0293414725086545
ELEC,University of Chicago Garage A EV Lot,5840 S Maryland Ave,Chicago,IL,60637,E,,,10.0,,RED_E,GPS,41.788664961064,-87.605502889422,447282,2025-12-09,public,PUBLIC,False,False,1,0,0,0,0,chicago,IL,ELEC,E,public,False,0,10,0,10,10,True,5840 s maryland ave|41.78866|-87.6055,447282,447282,1,449688.00260190596,4626489.532130263,2,8,1.121929012165227
ELEC,University of Chicago Drexel Garage EV Lot,6054 S Drexel Ave,Chicago,IL,60637,E,,,10.0,,RED_E,GPS,41.785001370519,-87.604835545245,447284,2025-12-09,public,PUBLIC,False,False,1,0,0,0,0,chicago,IL,ELEC,E,public,False,0,10,0,10,10,True,6054 s drexel ave|41.785|-87.60484,447284,447284,1,449740.5919614064,4626082.390134608,2,8,1.49795052135886
ELEC,Shell N Kimball Ave,3200 N Kimball Ave,Chicago,IL,60618,E,,,,4.0,RED_E,GPS,41.9394159,-87.7126839,448405,2025-12-18,public,PUBLIC,False,False,0,1,0,0,0,chicago,IL,ELEC,E,public,False,0,0,4,4,4,True,3200 n kimball ave|41.93942|-87.71268,448405,448405,1,440921.096260732,4643295.254831564,5,4,3.841222776793814
ELEC,Hyatt Place Chicago and Wicker Park,1551 W North Ave,Chicago,IL,60622,E,,,,4.0,RED_E,GPS,41.91029,-87.66732,448406,2025-12-18,public,PUBLIC,False,False,0,1,0,0,0,chicago,IL,ELEC,E,public,False,0,0,4,4,4,True,1551 w north ave|41.91029|-87.66732,448406,448406,1,444656.4512951295,4640031.1891152505,5,4,2.8317498531614187
ELEC,Amoco N Laramie Ave,2013 N Laramie Ave,Chicago,IL,60639,E,,,,4.0,RED_E,GPS,41.9170858,-87.7553914,448407,2025-12-23,public,PUBLIC,False,False,0,1,0,0,0,chicago,IL,ELEC,E,public,False,0,0,4,4,4,True,2013 n laramie ave|41.91709|-87.75539,448407,448407,1,437358.935467609,4640846.292338063,7,5,1.929914166084096
ELEC,Buddy Bear - 1538 E 95th St,1538 East 95th Street,Chicago,IL,60617,E,,,,4.0,NOODOE,GPS,41.7223396,-87.5857785,448460,2025-12-31,public,,False,False,0,1,0,0,0,chicago,IL,ELEC,E,public,False,0,0,4,4,4,True,1538 east 95th street|41.72234|-87.58578,448460,448460,1,451276.79529907025,4619114.419226088,6,9,4.585763916188919
ELEC,Kennedy Plaza,3300 West Belmont Avenue,Chicago,IL,60618,E,,,,6.0,NOODOE,GPS,41.9400062,-87.7101567,448461,2025-12-31,public,,False,False,0,1,0,0,0,chicago,IL,ELEC,E,public,False,0,0,6,6,6,True,3300 west belmont avenue|41.94001|-87.71016,448461,448461,1,441131.1360743947,4643359.056403477,5,4,3.640766693733397
ELEC,Roosevelt Plaza - Tesla Supercharger,5660 W Roosevelt Rd,Chicago,IL,60644,E,24 hours daily,,,16.0,Tesla,GPS,41.865934,-87.766647,448750,2025-12-31,public,SHOPPING_CENTER,False,False,0,1,0,1,0,chicago,IL,ELEC,E,public,False,0,0,16,16,16,True,5660 w roosevelt rd|41.86593|-87.76665,448750,448750,1,436374.81098564435,4635175.3008416975,7,5,4.59684415159192
ELEC,1KWW LEVEL A - A36,115 North Carpenter Street,Chicago,IL,60607,E,24 hours daily,,1.0,,ChargePoint Network,GPS,41.883608,-87.652955,449120,2026-01-09,public,,False,False,1,0,0,0,0,chicago,IL,ELEC,E,public,False,0,1,0,1,1,True,115 north carpenter street|41.88361|-87.65296,449120,449120,1,445825.2585379798,4637059.580307711,0,6,1.5592165955288644
ELEC,Sp Plus Garage 60 W Kinzie,60 W Kinzie St,Chicago,IL,60654,E,24 hours daily,,30.0,,EVIUM,GPS,41.8893768,-87.63012599999999,449480,2026-01-14,public,,False,False,1,0,0,0,0,chicago,IL,ELEC,E,public,False,0,30,0,30,30,True,60 w kinzie st|41.88938|-87.63013,449480,449480,1,447724.0597595344,4637685.91552744,0,6,0.6082372940007154
ELEC,801 W Addison St,801 W Addison St,Chicago,IL,60613,E,24 hours daily,,,4.0,SHELL_RECHARGE,GPS,41.94722,-87.64982,449925,2026-01-22,public,,False,False,0,1,0,0,0,chicago,IL,ELEC,E,public,False,0,0,4,4,4,True,801 w addison st|41.94722|-87.64982,449925,449925,1,446138.8791336962,4644120.318781151,5,4,1.8833529693044835
ELEC,MCGRATH HONDA STATION 1,6601 W Grand Ave,Chicago,IL,60707,E,24 hours daily,,,1.0,ChargePoint Network,GPS,41.923562,-87.790361,450300,2026-01-29,public,,False,False,0,1,1,0,0,chicago,IL,ELEC,E,public,False,0,0,1,1,1,True,6601 w grand ave|41.92356|-87.79036,450300,450300,1,434465.67804767453,4641591.468899947,7,5,2.2767769461931753
ELEC,MCGRATH HONDA STATION 2,6601 W Grand Ave,Chicago,IL,60707,E,24 hours daily,,,1.0,ChargePoint Network,GPS,41.923506,-87.790447,450301,2026-01-29,public,,False,False,0,1,1,0,0,chicago,IL,ELEC,E,public,False,0,0,1,1,1,True,6601 w grand ave|41.92351|-87.79045,450301,450301,1,434458.4898259517,4641585.317032888,7,5,2.2759326697162914
ELEC,MCGRATH HONDA STATION 3,6601 W Grand Ave,Chicago,IL,60707,E,24 hours daily,,,1.0,ChargePoint Network,GPS,41.923594,-87.790554,450302,2026-01-29,public,,False,False,0,1,1,0,0,chicago,IL,ELEC,E,public,False,0,0,1,1,1,True,6601 w grand ave|41.92359|-87.79055,450302,450302,1,434449.70772160444,4641595.169333737,7,5,2.289055221580666
ELEC,PEOPLES GAS CENTRAL EV5,4207 W 35th Pl Central Shop,Chicago,IL,60646,E,24 hours daily,,2.0,,ChargePoint Network,GPS,41.989433,-87.730502,450445,2026-01-31,public,,False,False,1,0,0,0,0,chicago,IL,ELEC,E,public,False,0,2,0,2,2,True,4207 w 35th pl central shop|41.98943|-87.7305,450445,450445,1,439491.37861072074,4648861.043727112,1,1,0.3582658966408906
ELEC,Kennedy,4810 North Lavergne Avenue,Chicago,IL,60630,E,,,1.0,,ZEFNET,GPS,41.96818,-87.75289,450497,2026-02-02,public,,False,False,1,0,0,0,0,chicago,IL,ELEC,E,public,False,0,1,0,1,1,True,4810 north lavergne avenue|41.96818|-87.75289,450497,450497,1,437616.193594584,4646517.395034909,1,1,2.6763140217420944
ELEC,GFCS LLC Melrose Park,"8347 W North Ave, Melrose Park",Chicago,IL,60160,E,24 hours daily,,,18.0,IN_CHARGE,GPS,41.90613,-87.83436,450778,2026-01-28,public,PARKING_LOT,False,False,0,1,0,0,0,chicago,IL,ELEC,E,public,False,0,0,18,18,18,True,8347 w north ave melrose park|41.90613|-87.83436,450778,450778,1,430798.55844084924,4639690.583246541,7,5,4.983595061336076
ELEC,1KWW STATION 20,1000 W Washington Blvd,Chicago,IL,60607,E,24 hours daily,,1.0,,ChargePoint Network,GPS,41.883759,-87.652663,450807,2026-02-06,public,,False,False,1,0,0,0,0,chicago,IL,ELEC,E,public,False,0,1,0,1,1,True,1000 w washington blvd|41.88376|-87.65266,450807,450807,1,445849.6129793111,4637076.161150678,0,6,1.5336791724972516
ELEC,Loews Chicago O'Hare Hotel,5300 N River Road,Chicago,IL,60656,E,24 hours daily,,2.0,2.0,Blink Network,GPS,41.97448220339708,-87.8637221031661,451468,2026-02-17,public,,False,False,0,0,0,1,0,chicago,IL,ELEC,E,public,False,0,2,2,4,4,True,5300 n river road|41.97448|-87.86372,451468,451468,1,428439.7272732421,4647303.769692321,3,3,2.2343744550885676
ELEC,433 W Van Buren St,433 W Van Buren St,Chicago,IL,60605,E,24 hours daily,,,4.0,EVIUM,GPS,41.876648,-87.6386921,451616,2026-02-19,public,,False,False,0,1,0,0,0,chicago,IL,ELEC,E,public,False,0,0,4,4,4,True,433 w van buren st|41.87665|-87.63869,451616,451616,1,447002.8856461297,4636277.924774696,0,6,0.9818763653452154
ELEC,900 SELF PARK PLUG AND SHOP 2,911 N. Rush St.,Chicago,IL,60611,E,24 hours daily,,2.0,,ChargePoint Network,GPS,41.89976,-87.626372,56874,2014-01-20,public,,False,False,1,0,0,0,0,chicago,IL,ELEC,E,public,False,0,2,0,2,2,True,911 n rush st|41.89976|-87.62637,56874,56874,1,448043.9131651486,4638836.456464798,0,6,1.7803761240909541
ELEC,PARKING A MAIN GARAGE,5841 S Maryland Ave,Chicago,IL,60637,E,24 hours daily,,2.0,,ChargePoint Network,GPS,41.78872,-87.60502,60583,2014-02-27,public,,False,False,1,0,0,0,0,chicago,IL,ELEC,E,public,False,0,2,0,2,2,True,5841 s maryland ave|41.78872|-87.60502,60583,60583,1,449728.1696631604,4626495.360387089,2,8,1.140722403787874
ELEC,PARKING A DREXEL GARAGE,6054-6098 S Drexel Ave,Chicago,IL,60637,E,24 hours daily,,2.0,,ChargePoint Network,GPS,41.784474,-87.604518,60584,2014-02-27,public,,False,False,1,0,0,0,0,chicago,IL,ELEC,E,public,False,0,2,0,2,2,True,6054 6098 s drexel ave|41.78447|-87.60452,60584,60584,1,449766.5671549298,4626023.65305491,2,8,1.5620406567488943
ELEC,Western Avenue Nissan,7410 S Western Ave,Chicago,IL,60636,E,Dealership business hours,,1.0,,Non-Networked,200-9,41.758552,-87.683346,60987,2014-02-01,public,CAR_DEALER,False,False,1,0,0,0,0,chicago,IL,ELEC,E,public,False,0,1,0,1,1,True,7410 s western ave|41.75855|-87.68335,60987,60987,1,443193.3224701784,4623194.710534123,6,9,5.513120966256034
ELEC,1000 LAKE SHORE 1000 LSD,130-138 E Oak St,Chicago,IL,60611,E,24 hours daily,,2.0,,ChargePoint Network,GPS,41.90085,-87.62452,64452,2014-12-01,public,,False,False,1,0,0,0,0,chicago,IL,ELEC,E,public,False,0,2,0,2,2,True,130 138 e oak st|41.90085|-87.62452,64452,64452,1,448198.4138731928,4638956.356652125,0,6,1.9517667417654034
ELEC,"CFP II, LLC 206",240 E Illinois St,Chicago,IL,60611,E,24 hours daily,,2.0,,ChargePoint Network,GPS,41.891113,-87.620957,65015,2015-01-07,public,,False,False,1,0,0,0,0,chicago,IL,ELEC,E,public,False,0,2,0,2,2,True,240 e illinois st|41.89111|-87.62096,65015,65015,1,448486.1283030711,4637873.136050897,0,6,1.3033263389145744
ELEC,IRVINE  CO  OFC 71SW L1 09-10,71 S Wacker Dr,Chicago,IL,60606,E,24 hours daily,,2.0,,ChargePoint Network,GPS,41.880947,-87.636038,72432,2016-01-09,public,,False,False,1,0,0,0,0,chicago,IL,ELEC,E,public,False,0,2,0,2,2,True,71 s wacker dr|41.88095|-87.63604,72432,72432,1,447226.65463706624,4636753.5955288755,0,6,0.45740176642263614
ELEC,71086 900910,900 N Lake Shore Dr,Chicago,IL,60611,E,24 hours daily,,2.0,,ChargePoint Network,GPS,41.899474,-87.619448,73954,2016-03-04,public,,False,False,1,0,0,0,0,chicago,IL,ELEC,E,public,False,0,2,0,2,2,True,900 n lake shore dr|41.89947|-87.61945,73954,73954,1,448618.015908449,4638800.532446108,0,6,2.0359017372619594
ELEC,1KFULTON 1KFULTON,1000 W Fulton Market,Chicago,IL,60607,E,24 hours daily,,2.0,,ChargePoint Network,GPS,41.886859,-87.6525,74327,2016-03-25,public,,False,False,1,0,0,0,0,chicago,IL,ELEC,E,public,False,0,2,0,2,2,True,1000 w fulton market|41.88686|-87.6525,74327,74327,1,445865.75393969973,4637420.24332632,0,6,1.5319040763037792
ELEC,PRUDENTIALPLAZA STATION 01,130 E Randolph St,Chicago,IL,60601,E,24 hours daily,,2.0,,ChargePoint Network,GPS,41.88536,-87.623191,76523,2016-06-24,public,,False,False,1,0,0,0,0,chicago,IL,ELEC,E,public,False,0,2,0,2,2,True,130 e randolph st|41.88536|-87.62319,76523,76523,1,448296.1586211077,4637235.73897782,0,6,0.9181320394375126
ELEC,BEST PLACE USA ROGERS PARK,7331 N Sheridan Rd,Chicago,IL,60626,E,24 hours daily,,2.0,,ChargePoint Network,GPS,42.014804,-87.664112,78492,2016-09-15,public,,False,False,1,0,0,0,0,chicago,IL,ELEC,E,public,False,0,2,0,2,2,True,7331 n sheridan rd|42.0148|-87.66411,78492,78492,1,445012.443239043,4651633.201944671,8,2,3.3288358010234407
ELEC,540 W. MADISON LL1-4,13 N Jefferson St,Chicago,IL,60661,E,24 hours daily,,2.0,,ChargePoint Network,GPS,41.882368,-87.642179,78523,2016-09-17,public,,False,False,1,0,0,0,0,chicago,IL,ELEC,E,public,False,0,2,0,2,2,True,13 n jefferson st|41.88237|-87.64218,78523,78523,1,446718.30179108254,4636915.159818499,0,6,0.7139852979953492
ELEC,ONE SOUTH WACKE OSW STATION #1,1 S Wacker Dr,Chicago,IL,60606,E,24 hours daily,,2.0,,ChargePoint Network,GPS,41.881597,-87.636514,80236,2016-12-17,public,,False,False,1,0,0,0,0,chicago,IL,ELEC,E,public,False,0,2,0,2,2,True,1 s wacker dr|41.8816|-87.63651,80236,80236,1,447187.6950338747,4636826.056090871,0,6,0.4067068800010418
ELEC,ELECTRONIC THE BERNADIN,750 N Wabash Ave,Chicago,IL,60611,E,24 hours daily,,2.0,,ChargePoint Network,GPS,41.896407,-87.626875,82637,2017-05-17,public,,False,False,1,0,0,0,0,chicago,IL,ELEC,E,public,False,0,2,0,2,2,True,750 n wabash ave|41.89641|-87.62688,82637,82637,1,447999.4701702375,4638464.4856428085,0,6,1.422048487834271
ELEC,OPTIMA LEVEL 2,220 E Illinois St,Chicago,IL,60611,E,24 hours daily,,2.0,,ChargePoint Network,GPS,41.891107,-87.62139,86015,2017-07-22,public,,False,False,1,0,0,0,0,chicago,IL,ELEC,E,public,False,0,2,0,2,2,True,220 e illinois st|41.89111|-87.62139,86015,86015,1,448450.2021462127,4637872.729933425,0,6,1.272742507426971
ELEC,MOMENT MOMENT 1,545 N McClurg Ct,Chicago,IL,60611,E,24 hours daily,,2.0,,ChargePoint Network,GPS,41.892047,-87.617241,86102,2017-07-28,public,,False,False,1,0,0,0,0,chicago,IL,ELEC,E,public,False,0,2,0,2,2,True,545 n mcclurg ct|41.89205|-87.61724,86102,86102,1,448795.1506405547,4637974.611431101,0,6,1.6211554971382829
ELEC,PARKING GARAGE GARAGE LEVEL 1,118 N Jefferson St,Chicago,IL,60661,E,24 hours daily,,2.0,,ChargePoint Network,GPS,41.883868,-87.642736,86219,2017-08-02,public,,False,False,1,0,0,0,0,chicago,IL,ELEC,E,public,False,0,2,0,2,2,True,118 n jefferson st|41.88387|-87.64274,86219,86219,1,446673.33450456854,4637082.046826383,0,6,0.7135366523648078
ELEC,Berman Nissan - Chicago,3456 N Kedzie Ave,Chicago,IL,60618,E,Dealership business hours,,1.0,1.0,Non-Networked,GPS,41.943604,-87.708327,98760,2018-06-06,public,CAR_DEALER,False,False,0,0,1,0,0,chicago,IL,ELEC,E,public,False,0,1,1,2,2,True,3456 n kedzie ave|41.9436|-87.70833,98760,98760,1,441286.11184098036,4643757.260354622,5,4,3.5659392854184784
