rank_within_available_evaluations,mode,source,repair_cost_usd,budget_remaining_usd,repaired_station_count,repaired_stations,repaired_road_component_count,served_total,served_ev,served_non_ev,finite_system_time_min,physical_in_vehicle_time_min,physical_wait_vehicle_min,physical_service_vehicle_min,charging_entries_period,average_wait_min_per_charging_session,average_service_min_per_charging_session,average_station_delay_min_per_charging_session,unstable_station_entries,potential_total,potential_ev,ev_completion_target,ev_target_shortfall,ev_target_rate,ev_target_feasible,completion_shortfall,completion_rate,completion_feasible,queue_feasible,hard_feasible,feasibility_violation,max_station_utilization,station_utilization_violation,unstable_station_count,nonfinite_wait_station_count
1,focus_ce8ddf31de,BIHMH gen 20 focus / mip_intensify,24999815.92,184.07999999821186,2,C5;C7,2514,234751.13536076748,10096.415360767478,224654.72,6221803.259045363,6198198.026303694,0.019799686146586108,23605.21294198338,326.8601719475,6.057540148931426e-05,72.21807662077235,72.21813719617384,0.0,234799.10684649,10144.386846489999,10047.55428100877,0.0,1.0,True,0.0,1.0,True,True,True,0.0,0.5824067345684757,0.0,0,0
2,focus_38cd21ff8c,BIHMH gen 43 focus / mip_intensify,24999375.44,624.5599999986589,2,C5;C7,2684,234083.66561206992,10215.835612069963,223867.82999999996,6231050.371233004,6206296.902200168,0.04140036494733548,24753.427632471532,343.3186949125001,0.00012058872866765085,72.10043612329446,72.10055671202312,0.0,234134.35732061995,10266.52732062,10168.52887142021,0.0,1.0,True,0.0,1.0,True,True,True,0.0,0.5979887170838005,0.0,0,0
3,focus_30ae01f335,BIHMH gen 16 focus / station_prune_fix,24999375.44,624.5599999986589,2,C5;C7,2446,233421.02101293247,10027.801012932463,223393.22,6231380.89429541,6207239.149031499,0.03555207281376684,24141.70971183712,335.50214654000007,0.00010596675216660101,71.95694561363659,71.95705158038876,0.0,233471.01193258,10077.79193258,9981.595044391,0.0,1.0,True,0.0,1.0,True,True,True,0.0,0.5934886727153963,0.0,0,0
4,focus_38cd21ff8c,BIHMH gen 44 focus / station_prune_fix,24999815.92,184.07999999821186,2,C5;C7,2686,234083.66561206992,10215.835612069963,223867.82999999996,6233287.952998989,6208536.808126625,0.041556271388173416,24751.103316092795,343.31869491249995,0.00012104284445903731,72.0936659811112,72.09378702395566,0.0,234134.35732061995,10266.52732062,10168.52887142021,0.0,1.0,True,0.0,1.0,True,True,True,0.0,0.5979900645299847,0.0,0,0
5,focus_30ae01f335,BIHMH gen 14 focus / mip_intensify,24999375.44,624.5599999986589,2,C5;C7,2455,233421.02101293247,10027.801012932463,223393.22,6234105.488759892,6209676.969183634,0.05166102790472743,24428.467915230078,335.5021465399998,0.00015398121424110834,72.81165908223966,72.8118130634539,0.0,233471.01193258,10077.79193258,9981.595044391,0.0,1.0,True,0.0,1.0,True,True,True,0.0,0.6337758853507705,0.0,0,0
6,focus_38cd21ff8c,BIHMH gen 47 focus / mip_intensify,24999815.92,184.07999999821186,2,C5;C7,2719,234083.66561206992,10215.835612069963,223867.82999999996,6234193.811489542,6209441.35257201,0.04150467458612069,24752.417412857183,343.31869491249995,0.00012089255610358998,72.09749361061074,72.09761450316684,0.0,234134.35732061995,10266.52732062,10168.52887142021,0.0,1.0,True,0.0,1.0,True,True,True,0.0,0.5979892027835761,0.0,0,0
7,focus_30ae01f335,BIHMH gen 19 focus / station_prune_fix,24999815.92,184.07999999821186,2,C5;C7,2445,233421.02101293247,10027.801012932463,223393.22,6234858.612182657,6210738.325628598,0.035591187180573663,24120.250962871665,335.5021465400002,0.00010608333671668568,71.89298551923254,71.89309160256926,0.0,233471.01193258,10077.79193258,9981.595044391,0.0,1.0,True,0.0,1.0,True,True,True,0.0,0.593488699315122,0.0,0,0
8,focus_38cd21ff8c,BIHMH gen 49 focus / station_prune_fix,24999991.52,8.480000000447035,2,C4;C5,2460,234081.10097455743,10213.270974557461,223867.82999999996,6245828.4913827935,6221531.413544018,2.3835177100955135e-05,24297.077814940018,340.7540574,6.994832954542285e-08,71.30385475181143,71.30385482175976,0.0,234134.35732061995,10266.52732062,10168.52887142021,0.0,1.0,True,0.0,1.0,True,True,True,0.0,0.4969808405477648,0.0,0,0
9,focus_ce8ddf31de,BIHMH gen 29 focus / station_prune_fix,24999991.52,8.480000000447035,2,C4;C5,2353,234748.337733,10093.61773299998,224654.72,6253179.83607577,6230005.670982396,1.017997554292277e-05,23174.165083193602,324.0625441800005,3.141361359327076e-08,71.51139648623358,71.5113965176472,0.0,234799.10684649,10144.386846489999,10047.55428100877,0.0,1.0,True,0.0,1.0,True,True,True,0.0,0.48831631716262736,0.0,0,0
10,focus_38cd21ff8c,BIHMH gen 45 focus / station_prune_fix,24999884.48,115.51999999955297,2,C4;C7,2445,234083.66561206992,10215.835612069963,223867.82999999996,6255182.613200931,6226932.907688438,0.03535253486471262,28249.67015995847,326.7386913615002,0.00010819818956059585,86.45951920246672,86.45962740065629,0.0,234134.35732061995,10266.52732062,10168.52887142021,0.0,1.0,True,0.0,1.0,True,True,True,0.0,0.6264460874559409,0.0,0,0
11,focus_38cd21ff8c,BIHMH gen 40 focus / station_prune_fix,24999444.0,556.0,2,C4;C7,2439,234083.66561206992,10215.835612069963,223867.82999999996,6256346.160462729,6228098.573569797,0.03479747911041781,28247.55209545213,326.73869136150023,0.00010649941384480312,86.45303676080204,86.45314326021588,0.0,234134.35732061995,10266.52732062,10168.52887142021,0.0,1.0,True,0.0,1.0,True,True,True,0.0,0.6261359741529104,0.0,0,0
12,focus_ce8ddf31de,BIHMH gen 28 focus / station_prune_fix,24999771.28,228.7199999988079,2,C4;C5,2324,234748.337733,10093.61773299998,224654.72,6256451.297811389,6233284.524391636,1.0038708587990175e-05,23166.773409713696,324.0625441799999,3.097768862301529e-08,71.48858708226939,71.48858711324708,0.0,234799.10684649,10144.386846489999,10047.55428100877,0.0,1.0,True,0.0,1.0,True,True,True,0.0,0.4883140674417289,0.0,0,0
13,focus_38cd21ff8c,BIHMH gen 44 focus / mip_intensify,24999794.4,205.60000000149012,3,C4;C5;C7,2354,234083.66561206992,10215.835612069963,223867.82999999996,6257345.567076118,6231969.777265718,4.3559928144658925e-06,25375.78980604377,343.3186949124998,1.2687898675532616e-08,73.91321877333593,73.91321878602382,0.0,234134.35732061995,10266.52732062,10168.52887142021,0.0,1.0,True,0.0,1.0,True,True,True,0.0,0.4791885893371988,0.0,0,0
14,focus_38cd21ff8c,BIHMH gen 43 focus / mip_intensify,24999794.4,205.60000000149012,3,C4;C5;C7,2354,234083.66561206992,10215.835612069963,223867.82999999996,6257916.247625894,6232540.609367102,4.373743951366698e-06,25375.638254418132,343.3186949125,1.2739603220504533e-08,73.91277734201309,73.91277735475269,0.0,234134.35732061995,10266.52732062,10168.52887142021,0.0,1.0,True,0.0,1.0,True,True,True,0.0,0.4791886419147677,0.0,0,0
15,focus_38cd21ff8c,BIHMH gen 49 focus / crossover_fix,24999794.4,205.60000000149012,3,C4;C5;C7,2329,234083.66561206992,10215.835612069963,223867.82999999996,6262301.368407462,6237530.948659734,4.7425631963374325e-06,24770.419742985356,343.31869491249984,1.3813879834146956e-08,72.14992981753728,72.14992983135116,0.0,234134.35732061995,10266.52732062,10168.52887142021,0.0,1.0,True,0.0,1.0,True,True,True,0.0,0.4791885750259177,0.0,0,0
16,focus_6d38f9af67,BIHMH gen 93 focus / mip_intensify,24999815.92,184.07999999821186,2,C5;C7,2738,235497.77210259507,10364.982102595037,225132.79000000004,6262674.4109334415,6237065.256620663,1.1032472479006048,25608.051065530584,348.61999862000005,0.003164612621960215,73.45548496041292,73.45864957303488,0.0,235546.06646823004,10413.27646823,10313.877234866488,0.0,1.0,True,0.0,1.0,True,True,True,0.0,0.7030180588881505,0.0,0,0
17,focus_38cd21ff8c,BIHMH gen 48 focus / station_prune_fix,24999991.52,8.480000000447035,2,C4;C5,2472,234081.10097455743,10213.270974557461,223867.82999999996,6263762.24260761,6239464.104572497,2.385488721304435e-05,24298.138011258317,340.75405739999985,7.000617217902086e-08,71.306966075933,71.30696614593917,0.0,234134.35732061995,10266.52732062,10168.52887142021,0.0,1.0,True,0.0,1.0,True,True,True,0.0,0.49698154140154305,0.0,0,0
18,focus_38cd21ff8c,BIHMH gen 49 focus / add_fix,24999353.92,646.0799999982119,3,C4;C5;C7,2325,234083.66561206992,10215.835612069963,223867.82999999996,6264081.99456446,6238715.964335053,4.559777832141987e-06,25366.030224846552,343.31869491250006,1.3281472578427793e-08,73.88479159665764,73.88479160993911,0.0,234134.35732061995,10266.52732062,10168.52887142021,0.0,1.0,True,0.0,1.0,True,True,True,0.0,0.47918891187526347,0.0,0,0
19,focus_38cd21ff8c,BIHMH gen 40 focus / swap_fix,24999794.4,205.60000000149012,3,C4;C5;C7,2300,234083.66561206992,10215.835612069963,223867.82999999996,6264558.549660418,6239194.042128345,4.5492076287387785e-06,25364.507527523383,343.3186949125,1.3250684265528311e-08,73.88035636680931,73.88035638006,0.0,234134.35732061995,10266.52732062,10168.52887142021,0.0,1.0,True,0.0,1.0,True,True,True,0.0,0.47919153857809577,0.0,0,0
20,focus_38cd21ff8c,BIHMH gen 49 focus / crossover_fix,24999353.92,646.0799999982119,3,C4;C5;C7,2326,234083.66561206992,10215.835612069963,223867.82999999996,6264716.789640822,6239945.487454054,4.740144334290774e-06,24771.30218202763,343.3186949124997,1.3806834304490399e-08,72.15250013792868,72.15250015173552,0.0,234134.35732061995,10266.52732062,10168.52887142021,0.0,1.0,True,0.0,1.0,True,True,True,0.0,0.4791881327074032,0.0,0,0
21,focus_38cd21ff8c,BIHMH gen 42 focus / add_fix,24999794.4,205.60000000149012,3,C4;C5;C7,2301,234083.66561206992,10215.835612069963,223867.82999999996,6264737.773267213,6239980.9367046915,4.653665940853487e-06,24756.836557867573,343.31869491249995,1.3554944749045913e-08,72.11036545556377,72.1103654691187,0.0,234134.35732061995,10266.52732062,10168.52887142021,0.0,1.0,True,0.0,1.0,True,True,True,0.0,0.47918892183449835,0.0,0,0
22,focus_38cd21ff8c,BIHMH gen 40 focus / swap_fix,24999794.4,205.60000000149012,3,C4;C5;C7,2300,234083.66561206992,10215.835612069963,223867.82999999996,6265191.096469513,6239652.438007559,4.573728348961323e-06,25538.658457380614,343.31869491250023,1.3322106884179447e-08,74.3876137123541,74.3876137256762,0.0,234134.35732061995,10266.52732062,10168.52887142021,0.0,1.0,True,0.0,1.0,True,True,True,0.0,0.47918942241823553,0.0,0,0
23,focus_6b4c33ee94,BIHMH gen 38 focus / station_prune_fix,24999991.52,8.480000000447035,2,C4;C5,2428,234767.10606999497,9940.106069994987,224827.0,6265669.342329146,6241405.783437227,4.131066934827639e-05,24263.558850608977,340.8222086699999,1.2120885405174793e-07,71.19124937689168,71.19124949810053,0.0,234819.73415359,9992.73415359,9897.349178735773,0.0,1.0,True,0.0,1.0,True,True,True,0.0,0.48237353000100214,0.0,0,0
24,focus_38cd21ff8c,BIHMH gen 43 focus / mip_intensify,24999702.0,298.0,4,C1;C4;C5;C7,2303,234083.66561206992,10215.835612069963,223867.82999999996,6266030.940220201,6239914.022568818,0.0001012318477559304,26116.917550151094,343.3186949125001,2.9486261382221217e-07,76.07193531015659,76.0719356050192,0.0,234134.35732061995,10266.52732062,10168.52887142021,0.0,1.0,True,0.0,1.0,True,True,True,0.0,0.4196592732617265,0.0,0,0
25,focus_38cd21ff8c,BIHMH gen 42 focus / add_fix,24999794.4,205.60000000149012,3,C4;C5;C7,2299,234083.66561206992,10215.835612069963,223867.82999999996,6266082.197349685,6240708.361490438,4.414887490234786e-06,25373.835854832603,343.31869491250023,1.2859443880153348e-08,73.90752741064536,73.9075274235048,0.0,234134.35732061995,10266.52732062,10168.52887142021,0.0,1.0,True,0.0,1.0,True,True,True,0.0,0.4791908434324453,0.0,0,0
26,focus_38cd21ff8c,BIHMH gen 47 focus / swap_fix,24999794.4,205.60000000149012,3,C4;C5;C7,2296,234083.66561206992,10215.835612069963,223867.82999999996,6266637.3894281695,6241271.603994362,4.626168363888541e-06,25365.785429181276,343.31869491249995,1.3474851304172619e-08,73.88407856917357,73.88407858264841,0.0,234134.35732061995,10266.52732062,10168.52887142021,0.0,1.0,True,0.0,1.0,True,True,True,0.0,0.47918957161021575,0.0,0,0
27,focus_6b4c33ee94,BIHMH gen 39 focus / station_prune_fix,24999771.28,228.7199999988079,2,C4;C5,2423,234767.10606999497,9940.106069994987,224827.0,6266857.926880635,6242606.1343123,4.0029729993690664e-05,24251.79252830567,340.8222086699998,1.1745047410466537e-07,71.15672603303679,71.15672615048726,0.0,234819.73415359,9992.73415359,9897.349178735773,0.0,1.0,True,0.0,1.0,True,True,True,0.0,0.48237395915790116,0.0,0,0
28,focus_38cd21ff8c,BIHMH gen 44 focus / mip_intensify,24999794.4,205.60000000149012,3,C4;C5;C7,2312,234083.66561206992,10215.835612069963,223867.82999999996,6266874.348921209,6242114.113109646,4.653645672393193e-06,24760.235806908015,343.3186949124998,1.3554885712178442e-08,72.1202666030714,72.12026661662628,0.0,234134.35732061995,10266.52732062,10168.52887142021,0.0,1.0,True,0.0,1.0,True,True,True,0.0,0.4791889111589094,0.0,0,0
29,focus_30ae01f335,BIHMH gen 14 focus / mip_intensify,24999884.48,115.51999999955297,2,C4;C7,2184,233421.02101293247,10027.801012932463,223393.22,6267250.376692209,6239684.66731108,0.012978291454559598,27565.696402838497,319.1592854035002,4.0663994588632034e-05,86.36971463320674,86.36975529720132,0.0,233471.01193258,10077.79193258,9981.595044391,0.0,1.0,True,0.0,1.0,True,True,True,0.0,0.6074462334674582,0.0,0,0
30,focus_38cd21ff8c,BIHMH gen 47 focus / crossover_fix,24999794.4,205.60000000149012,3,C4;C5;C7,2297,234083.66561206992,10215.835612069963,223867.82999999996,6267473.340752148,6242690.007157313,4.785671894474334e-06,24783.33359004976,343.31869491249995,1.3939444502706256e-08,72.18754456807595,72.18754458201539,0.0,234134.35732061995,10266.52732062,10168.52887142021,0.0,1.0,True,0.0,1.0,True,True,True,0.0,0.4791897188066128,0.0,0,0
31,focus_38cd21ff8c,BIHMH gen 42 focus / add_fix,24999353.92,646.0799999982119,3,C4;C5;C7,2301,234083.66561206992,10215.835612069963,223867.82999999996,6267567.919158345,6242192.777018386,4.476405699337323e-06,25375.14213548241,343.3186949125001,1.3038630769810545e-08,73.91133227379197,73.9113322868306,0.0,234134.35732061995,10266.52732062,10168.52887142021,0.0,1.0,True,0.0,1.0,True,True,True,0.0,0.4791919847449397,0.0,0,0
32,focus_30ae01f335,BIHMH gen 17 focus / station_prune_fix,24999884.48,115.51999999955297,2,C4;C7,2207,233421.02101293247,10027.801012932463,223393.22,6267809.693798596,6240246.2139923,0.012728115545503968,27563.46707818042,319.1592854035002,3.988013549225844e-05,86.36272964245124,86.36276952258673,0.0,233471.01193258,10077.79193258,9981.595044391,0.0,1.0,True,0.0,1.0,True,True,True,0.0,0.6070899950851647,0.0,0,0
33,focus_38cd21ff8c,BIHMH gen 49 focus / add_fix,24999794.4,205.60000000149012,3,C4;C5;C7,2297,234083.66561206992,10215.835612069963,223867.82999999996,6267902.663309926,6242533.399873431,4.6239697116070465e-06,25369.26343187117,343.3186949125,1.3468447189529064e-08,73.89420910602294,73.89420911949139,0.0,234134.35732061995,10266.52732062,10168.52887142021,0.0,1.0,True,0.0,1.0,True,True,True,0.0,0.4791895729962912,0.0,0,0
34,focus_38cd21ff8c,BIHMH gen 47 focus / add_fix,24999574.16,425.839999999851,3,C4;C5;C7,2294,234083.66561206992,10215.835612069963,223867.82999999996,6267915.9426547205,6242546.382233994,4.627804504818242e-06,25369.56041609875,343.31869491249995,1.3479616966380782e-08,73.89507414550953,73.89507415898915,0.0,234134.35732061995,10266.52732062,10168.52887142021,0.0,1.0,True,0.0,1.0,True,True,True,0.0,0.4791895750236904,0.0,0,0
35,focus_38cd21ff8c,BIHMH gen 40 focus / mip_intensify,24999574.16,425.839999999851,3,C4;C5;C7,2300,234083.66561206992,10215.835612069963,223867.82999999996,6267922.789637427,6242560.940277554,4.548969692527466e-06,25361.84935532394,343.3186949125,1.3249991217888208e-08,73.87261378757073,73.87261380082072,0.0,234134.35732061995,10266.52732062,10168.52887142021,0.0,1.0,True,0.0,1.0,True,True,True,0.0,0.47919105625192926,0.0,0,0
36,focus_38cd21ff8c,BIHMH gen 48 focus / swap_fix,24999574.16,425.839999999851,3,C4;C5;C7,2296,234083.66561206992,10215.835612069963,223867.82999999996,6268098.8019578485,6242729.518120408,4.619311810982707e-06,25369.283832820696,343.3186949125002,1.345487991022454e-08,73.89426852879781,73.89426854225269,0.0,234134.35732061995,10266.52732062,10168.52887142021,0.0,1.0,True,0.0,1.0,True,True,True,0.0,0.47918957271356916,0.0,0,0
37,focus_38cd21ff8c,BIHMH gen 41 focus / swap_fix,24999794.4,205.60000000149012,3,C4;C5;C7,2297,234083.66561206992,10215.835612069963,223867.82999999996,6268196.365812672,6242835.780672593,4.579670322494751e-06,25360.58513549958,343.3186949124999,1.3339414341132665e-08,73.86893143690622,73.86893145024564,0.0,234134.35732061995,10266.52732062,10168.52887142021,0.0,1.0,True,0.0,1.0,True,True,True,0.0,0.4791918361980265,0.0,0,0
38,focus_38cd21ff8c,BIHMH gen 49 focus / swap_fix,24999353.92,646.0799999982119,3,C4;C5;C7,2296,234083.66561206992,10215.835612069963,223867.82999999996,6268379.793679489,6243010.3294392675,4.627844002638891e-06,25369.464235593165,343.3186949124999,1.3479732013482018e-08,73.89479399617014,73.89479400964987,0.0,234134.35732061995,10266.52732062,10168.52887142021,0.0,1.0,True,0.0,1.0,True,True,True,0.0,0.47918957498611603,0.0,0,0
39,focus_38cd21ff8c,BIHMH gen 47 focus / crossover_fix,24999794.4,205.60000000149012,3,C4;C5;C7,2291,234083.66561206992,10215.835612069963,223867.82999999996,6268412.603787832,6243650.331207409,4.8009125484220725e-06,24762.272575622854,343.3186949125002,1.3983836649634404e-08,72.12619919207687,72.1261992060607,0.0,234134.35732061995,10266.52732062,10168.52887142021,0.0,1.0,True,0.0,1.0,True,True,True,0.0,0.4791895501709973,0.0,0,0
40,focus_38cd21ff8c,BIHMH gen 49 focus / mip_intensify,24999794.4,205.60000000149012,3,C4;C5;C7,2296,234083.66561206992,10215.835612069963,223867.82999999996,6268425.972554638,6243056.560889262,4.623640502537165e-06,25369.41166075184,343.3186949125003,1.3467488287276539e-08,73.89464085903508,73.89464087250256,0.0,234134.35732061995,10266.52732062,10168.52887142021,0.0,1.0,True,0.0,1.0,True,True,True,0.0,0.4791895540173875,0.0,0,0
41,focus_38cd21ff8c,BIHMH gen 48 focus / swap_fix,24999794.4,205.60000000149012,3,C4;C5;C7,2297,234083.66561206992,10215.835612069963,223867.82999999996,6268494.836389633,6243125.092334204,4.624512030765525e-06,25369.744050803278,343.3186949125,1.3470026827243276e-08,73.8956090266775,73.89560904014753,0.0,234134.35732061995,10266.52732062,10168.52887142021,0.0,1.0,True,0.0,1.0,True,True,True,0.0,0.47918955038676514,0.0,0,0
42,focus_30ae01f335,BIHMH gen 11 focus / station_prune_fix,24999991.52,8.480000000447035,2,C4;C5,2177,233418.26015964497,10025.040159644963,223393.22,6268501.2950203745,6244790.639465511,1.807911000525429e-05,23710.65553678465,332.7412932525003,5.4333833437183216e-08,71.25853032852116,71.258530382855,0.0,233471.01193258,10077.79193258,9981.595044391,0.0,1.0,True,0.0,1.0,True,True,True,0.0,0.48930365373598245,0.0,0,0
43,focus_38cd21ff8c,BIHMH gen 48 focus / add_fix,24999353.92,646.0799999982119,3,C4;C5;C7,2295,234083.66561206992,10215.835612069963,223867.82999999996,6268542.575045417,6243173.4374631345,4.62397539719281e-06,25369.137577658657,343.3186949124999,1.3468463750193684e-08,73.89384252472583,73.89384253819429,0.0,234134.35732061995,10266.52732062,10168.52887142021,0.0,1.0,True,0.0,1.0,True,True,True,0.0,0.4791895551724442,0.0,0,0
44,focus_38cd21ff8c,BIHMH gen 47 focus / swap_fix,24999794.4,205.60000000149012,3,C4;C5;C7,2296,234083.66561206992,10215.835612069963,223867.82999999996,6268761.973934345,6243392.772060565,4.6192693918676036e-06,25369.201869161,343.3186949125002,1.3454756354135893e-08,73.89402978951296,73.89402980296771,0.0,234134.35732061995,10266.52732062,10168.52887142021,0.0,1.0,True,0.0,1.0,True,True,True,0.0,0.4791895551152043,0.0,0,0
45,focus_38cd21ff8c,BIHMH gen 46 focus / swap_fix,24999794.4,205.60000000149012,3,C4;C5;C7,2294,234083.66561206992,10215.835612069963,223867.82999999996,6268847.9513776805,6243481.81962442,4.628346934945072e-06,25366.13174863154,343.31869491249995,1.3481196927317569e-08,73.88508730961036,73.88508732309155,0.0,234134.35732061995,10266.52732062,10168.52887142021,0.0,1.0,True,0.0,1.0,True,True,True,0.0,0.47918898945260313,0.0,0,0
46,focus_38cd21ff8c,BIHMH gen 45 focus / add_fix,24999794.4,205.60000000149012,3,C4;C5;C7,2274,234083.66561206992,10215.835612069963,223867.82999999996,6268922.541078835,6244150.929459214,4.80653068005135e-06,24771.611614814152,343.3186949125,1.4000200837523185e-08,72.15340143689983,72.15340145090003,0.0,234134.35732061995,10266.52732062,10168.52887142021,0.0,1.0,True,0.0,1.0,True,True,True,0.0,0.479188424490913,0.0,0,0
47,focus_38cd21ff8c,BIHMH gen 46 focus / mip_intensify,24999794.4,205.60000000149012,3,C4;C5;C7,2290,234083.66561206992,10215.835612069963,223867.82999999996,6268935.796364667,6244173.307695751,4.800869615099428e-06,24762.48866411464,343.31869491250006,1.3983711595790033e-08,72.12682860286922,72.12682861685293,0.0,234134.35732061995,10266.52732062,10168.52887142021,0.0,1.0,True,0.0,1.0,True,True,True,0.0,0.4791895502095645,0.0,0,0
48,focus_38cd21ff8c,BIHMH gen 48 focus / add_fix,24999353.92,646.0799999982119,3,C4;C5;C7,2293,234083.66561206992,10215.835612069963,223867.82999999996,6268967.131506769,6243597.898125819,4.623967249428892e-06,25369.23337632607,343.3186949125001,1.3468440017830601e-08,73.89412156186775,73.89412157533619,0.0,234134.35732061995,10266.52732062,10168.52887142021,0.0,1.0,True,0.0,1.0,True,True,True,0.0,0.47918955521000717,0.0,0,0
49,focus_38cd21ff8c,BIHMH gen 48 focus / add_fix,24999794.4,205.60000000149012,3,C4;C5;C7,2297,234083.66561206992,10215.835612069963,223867.82999999996,6269177.594235915,6243808.638573038,4.627581681599546e-06,25368.95565824895,343.3186949124999,1.3478967939042636e-08,73.89331263977519,73.89331265325416,0.0,234134.35732061995,10266.52732062,10168.52887142021,0.0,1.0,True,0.0,1.0,True,True,True,0.0,0.4791895783096144,0.0,0,0
50,focus_38cd21ff8c,BIHMH gen 45 focus / mip_intensify,24999353.92,646.0799999982119,3,C4;C5;C7,2280,234083.66561206992,10215.835612069963,223867.82999999996,6269295.766808699,6244547.955254622,4.804265238825181e-06,24747.811549271937,343.3186949124996,1.3993602183678425e-08,72.08407790196023,72.08407791595383,0.0,234134.35732061995,10266.52732062,10168.52887142021,0.0,1.0,True,0.0,1.0,True,True,True,0.0,0.4791884005637355,0.0,0,0
51,focus_38cd21ff8c,BIHMH gen 47 focus / add_fix,24999794.4,205.60000000149012,3,C4;C5;C7,2290,234083.66561206992,10215.835612069963,223867.82999999996,6269330.371099187,6243968.01381751,4.61774686549691e-06,25362.357277059757,343.3186949125,1.345032162222862e-08,73.87409323434525,73.87409324779557,0.0,234134.35732061995,10266.52732062,10168.52887142021,0.0,1.0,True,0.0,1.0,True,True,True,0.0,0.47918838312748435,0.0,0,0
52,focus_2096f79153,BIHMH gen 57 focus / station_prune_fix,24999815.92,184.07999999821186,2,C5;C7,2731,237417.84383618,10133.173836179983,227284.67,6269370.254948381,6245695.379282927,0.059022170789902184,23674.81664328373,326.4853174224997,0.00018078047507883024,72.51418480374268,72.51436558421776,0.0,237465.61268474002,10180.94268474,10083.761177952152,0.0,1.0,True,0.0,1.0,True,True,True,0.0,0.636129533771922,0.0,0,0
53,focus_38cd21ff8c,BIHMH gen 49 focus / mip_intensify,24999574.16,425.839999999851,3,C4;C5;C7,2298,234083.66561206992,10215.835612069963,223867.82999999996,6269503.989347002,6244750.145727001,4.804778823707008e-06,24753.843615196158,343.3186949125002,1.3995098125756236e-08,72.10164777512345,72.10164778911854,0.0,234134.35732061995,10266.52732062,10168.52887142021,0.0,1.0,True,0.0,1.0,True,True,True,0.0,0.47918610588436306,0.0,0,0
54,focus_38cd21ff8c,BIHMH gen 48 focus / crossover_fix,24999794.4,205.60000000149012,3,C4;C5;C7,2295,234083.66561206992,10215.835612069963,223867.82999999996,6269510.903279483,6244141.831310755,4.619251322793661e-06,25369.071964109673,343.3186949124999,1.3454703723521228e-08,73.89365140915316,73.89365142260787,0.0,234134.35732061995,10266.52732062,10168.52887142021,0.0,1.0,True,0.0,1.0,True,True,True,0.0,0.47918957280662,0.0,0,0
55,focus_6b4c33ee94,BIHMH gen 39 focus / station_prune_fix,24999991.52,8.480000000447035,2,C4;C5,2422,234767.10606999497,9940.106069994987,224827.0,6269588.256347776,6245319.8571010195,4.2473867710173405e-05,24268.3992042828,340.8222086699999,1.2462177237780476e-07,71.20545136711031,71.20545149173209,0.0,234819.73415359,9992.73415359,9897.349178735773,0.0,1.0,True,0.0,1.0,True,True,True,0.0,0.48237392368340953,0.0,0,0
56,focus_38cd21ff8c,BIHMH gen 48 focus / crossover_fix,24999794.4,205.60000000149012,3,C4;C5;C7,2288,234083.66561206992,10215.835612069963,223867.82999999996,6269659.187766803,6244898.217236115,4.801926104289342e-06,24760.970525886685,343.3186949124999,1.3986788879974006e-08,72.1224066525052,72.122406666492,0.0,234134.35732061995,10266.52732062,10168.52887142021,0.0,1.0,True,0.0,1.0,True,True,True,0.0,0.47918955411018466,0.0,0,0
57,focus_38cd21ff8c,BIHMH gen 46 focus / add_fix,24999353.92,646.0799999982119,3,C4;C5;C7,2272,234083.66561206992,10215.835612069963,223867.82999999996,6270156.315603772,6245381.680663232,4.801392555695429e-06,24774.634935738988,343.3186949125,1.3985234788682675e-08,72.16220760146248,72.16220761544771,0.0,234134.35732061995,10266.52732062,10168.52887142021,0.0,1.0,True,0.0,1.0,True,True,True,0.0,0.4791884034817651,0.0,0,0
58,focus_38cd21ff8c,BIHMH gen 41 focus / swap_fix,24999574.16,425.839999999851,3,C4;C5;C7,2301,234083.66561206992,10215.835612069963,223867.82999999996,6270263.990107855,6244723.143107776,4.592731840308626e-06,25540.846995486805,343.3186949125,1.3377459218989382e-08,74.39398836697862,74.39398838035608,0.0,234134.35732061995,10266.52732062,10168.52887142021,0.0,1.0,True,0.0,1.0,True,True,True,0.0,0.47919143581656815,0.0,0,0
59,focus_38cd21ff8c,BIHMH gen 46 focus / swap_fix,24999574.16,425.839999999851,3,C4;C5;C7,2286,234083.66561206992,10215.835612069963,223867.82999999996,6270281.734515178,6244918.853010856,4.629044416272469e-06,25362.881499693653,343.31869491249995,1.3483228512948448e-08,73.87562016148807,73.8756201749713,0.0,234134.35732061995,10266.52732062,10168.52887142021,0.0,1.0,True,0.0,1.0,True,True,True,0.0,0.47918840842557187,0.0,0,0
60,focus_38cd21ff8c,BIHMH gen 49 focus / add_fix,24999574.16,425.839999999851,3,C4;C5;C7,2272,234083.66561206992,10215.835612069963,223867.82999999996,6270322.062513764,6245547.408917803,4.796324479718804e-06,24774.653591164162,343.3186949124998,1.3970472772947082e-08,72.16226193996914,72.16226195393962,0.0,234134.35732061995,10266.52732062,10168.52887142021,0.0,1.0,True,0.0,1.0,True,True,True,0.0,0.47918840466814083,0.0,0,0
61,focus_38cd21ff8c,BIHMH gen 49 focus / add_fix,24999353.92,646.0799999982119,3,C4;C5;C7,2285,234083.66561206992,10215.835612069963,223867.82999999996,6270343.179523671,6244982.887220474,4.627155003845678e-06,25360.29229857015,343.3186949124997,1.3477725135314822e-08,73.8680784774439,73.86807849092163,0.0,234134.35732061995,10266.52732062,10168.52887142021,0.0,1.0,True,0.0,1.0,True,True,True,0.0,0.4791883878913914,0.0,0,0
62,focus_38cd21ff8c,BIHMH gen 48 focus / mip_intensify,24999794.4,205.60000000149012,3,C4;C5;C7,2286,234083.66561206992,10215.835612069963,223867.82999999996,6270377.340498226,6245616.717464747,4.787463543050929e-06,24760.62302869146,343.3186949125001,1.3944663119120515e-08,72.12139448159698,72.12139449554164,0.0,234134.35732061995,10266.52732062,10168.52887142021,0.0,1.0,True,0.0,1.0,True,True,True,0.0,0.4791889688918792,0.0,0,0
63,focus_38cd21ff8c,BIHMH gen 45 focus / swap_fix,24999794.4,205.60000000149012,3,C4;C5;C7,2280,234083.66561206992,10215.835612069963,223867.82999999996,6270406.165951799,6245037.810417775,4.630447962639379e-06,25368.355529393502,343.31869491249984,1.3487316686379464e-08,73.89156461712354,73.89156463061086,0.0,234134.35732061995,10266.52732062,10168.52887142021,0.0,1.0,True,0.0,1.0,True,True,True,0.0,0.47918901265844005,0.0,0,0
64,focus_38cd21ff8c,BIHMH gen 43 focus / mip_intensify,24999794.4,205.60000000149012,3,C4;C5;C7,2267,234083.66561206992,10215.835612069963,223867.82999999996,6270690.17609399,6245934.787921257,4.804406399425897e-06,24755.388167927995,343.3186949124997,1.3994013348589645e-08,72.10614666421618,72.1061466782102,0.0,234134.35732061995,10266.52732062,10168.52887142021,0.0,1.0,True,0.0,1.0,True,True,True,0.0,0.4791883996661648,0.0,0,0
65,focus_30ae01f335,BIHMH gen 10 focus / station_prune_fix,24999991.52,8.480000000447035,2,C4;C5,2186,233418.26015964497,10025.040159644963,223393.22,6270797.938155932,6247086.848929523,1.8021996145264596e-05,23711.089208387482,332.7412932524998,5.416218699248925e-08,71.2598336582,71.25983371236218,0.0,233471.01193258,10077.79193258,9981.595044391,0.0,1.0,True,0.0,1.0,True,True,True,0.0,0.48930374642104135,0.0,0,0
66,focus_38cd21ff8c,BIHMH gen 45 focus / mip_intensify,24999794.4,205.60000000149012,3,C4;C5;C7,2288,234083.66561206992,10215.835612069963,223867.82999999996,6270847.947786567,6246099.065271009,4.805380105069601e-06,24748.882510752068,343.3186949125001,1.399684950536796e-08,72.08719734024298,72.08719735423983,0.0,234134.35732061995,10266.52732062,10168.52887142021,0.0,1.0,True,0.0,1.0,True,True,True,0.0,0.479188989182078,0.0,0,0
67,focus_38cd21ff8c,BIHMH gen 46 focus / add_fix,24999574.16,425.839999999851,3,C4;C5;C7,2270,234083.66561206992,10215.835612069963,223867.82999999996,6270933.022549884,6246158.3690219335,4.796297020461134e-06,24774.65352315434,343.3186949124999,1.397039279111656e-08,72.1622617418738,72.1622617558442,0.0,234134.35732061995,10266.52732062,10168.52887142021,0.0,1.0,True,0.0,1.0,True,True,True,0.0,0.4791884046714465,0.0,0,0
68,focus_38cd21ff8c,BIHMH gen 48 focus / add_fix,24999794.4,205.60000000149012,3,C4;C5;C7,2272,234083.66561206992,10215.835612069963,223867.82999999996,6270989.836844387,6246215.183087009,4.79629714895371e-06,24774.653752582333,343.3186949124998,1.3970393165382744e-08,72.1622624101392,72.1622624241096,0.0,234134.35732061995,10266.52732062,10168.52887142021,0.0,1.0,True,0.0,1.0,True,True,True,0.0,0.479188404671447,0.0,0,0
69,focus_30ae01f335,BIHMH gen 11 focus / station_prune_fix,24999551.04,448.96000000089407,2,C4;C5,2194,233418.26015964497,10025.040159644963,223393.22,6271089.580850678,6247377.636551182,1.8006701640482087e-05,23711.944281489115,332.7412932524997,5.4116221838501295e-08,71.2624034417495,71.26240349586573,0.0,233471.01193258,10077.79193258,9981.595044391,0.0,1.0,True,0.0,1.0,True,True,True,0.0,0.4893037180884635,0.0,0,0
70,focus_ce8ddf31de,BIHMH gen 29 focus / mip_intensify,24999794.4,205.60000000149012,3,C4;C5;C7,2164,234751.13536076748,10096.415360767478,224654.72,6271282.57009128,6247679.528397235,2.2749475697014615e-06,23603.041691769453,326.8601719474999,6.960002364763065e-09,72.21143387136368,72.21143387832369,0.0,234799.10684649,10144.386846489999,10047.55428100877,0.0,1.0,True,0.0,1.0,True,True,True,0.0,0.4712451250959428,0.0,0,0
71,focus_38cd21ff8c,BIHMH gen 47 focus / mip_intensify,24999794.4,205.60000000149012,3,C4;C5;C7,2290,234083.66561206992,10215.835612069963,223867.82999999996,6271293.843295768,6246538.794207771,4.7893962092913695e-06,24755.049083206814,343.3186949125002,1.3950292484107274e-08,72.10515899670422,72.10515901065452,0.0,234134.35732061995,10266.52732062,10168.52887142021,0.0,1.0,True,0.0,1.0,True,True,True,0.0,0.47918900989173047,0.0,0,0
72,focus_38cd21ff8c,BIHMH gen 47 focus / add_fix,24999794.4,205.60000000149012,3,C4;C5;C7,2278,234083.66561206992,10215.835612069963,223867.82999999996,6271329.721600531,6245964.270693231,4.625422981244894e-06,25365.450902673572,343.3186949125,1.3472680194196105e-08,73.8831041785777,73.88310419205038,0.0,234134.35732061995,10266.52732062,10168.52887142021,0.0,1.0,True,0.0,1.0,True,True,True,0.0,0.4791890157605299,0.0,0,0
73,focus_2096f79153,BIHMH gen 59 focus / mip_intensify,24999595.68,404.320000000298,2,C5;C7,2726,237417.84383618,10133.173836179983,227284.67,6271367.797014892,6247694.311912981,0.059043947577933804,23673.42605796333,326.4853174225001,0.00018084717574458594,72.50992554537416,72.5101063925499,0.0,237465.61268474002,10180.94268474,10083.761177952152,0.0,1.0,True,0.0,1.0,True,True,True,0.0,0.6361295385842313,0.0,0,0
74,focus_38cd21ff8c,BIHMH gen 40 focus / swap_fix,24999574.16,425.839999999851,3,C4;C5;C7,2303,234083.66561206992,10215.835612069963,223867.82999999996,6271384.2272728775,6245841.354663225,4.575634414184919e-06,25542.87260507683,343.3186949124999,1.3327658767172845e-08,74.39988845229308,74.39988846562075,0.0,234134.35732061995,10266.52732062,10168.52887142021,0.0,1.0,True,0.0,1.0,True,True,True,0.0,0.4791917114361684,0.0,0,0
75,focus_38cd21ff8c,BIHMH gen 45 focus / swap_fix,24999794.4,205.60000000149012,3,C4;C5;C7,2274,234083.66561206992,10215.835612069963,223867.82999999996,6271397.613848967,6246033.199395705,4.6278679775275384e-06,25364.414448634023,343.31869491249984,1.3479801846232182e-08,73.8800852516888,73.8800852651686,0.0,234134.35732061995,10266.52732062,10168.52887142021,0.0,1.0,True,0.0,1.0,True,True,True,0.0,0.47918840426368897,0.0,0,0
76,focus_38cd21ff8c,BIHMH gen 44 focus / mip_intensify,24999574.16,425.839999999851,3,C4;C5;C7,2275,234083.66561206992,10215.835612069963,223867.82999999996,6271430.446449573,6246672.82519394,4.827755795048597e-06,24757.621250805427,343.3186949125001,1.4062024196727832e-08,72.11265106642466,72.11265108048669,0.0,234134.35732061995,10266.52732062,10168.52887142021,0.0,1.0,True,0.0,1.0,True,True,True,0.0,0.4791890960502096,0.0,0,0
77,focus_38cd21ff8c,BIHMH gen 46 focus / add_fix,24999353.92,646.0799999982119,3,C4;C5;C7,2264,234083.66561206992,10215.835612069963,223867.82999999996,6271471.118605159,6246696.648763185,4.799495865780807e-06,24774.4698371746,343.3186949124999,1.3979710213578766e-08,72.16172671135419,72.1617267253339,0.0,234134.35732061995,10266.52732062,10168.52887142021,0.0,1.0,True,0.0,1.0,True,True,True,0.0,0.47918909904375956,0.0,0,0
78,focus_38cd21ff8c,BIHMH gen 44 focus / mip_intensify,24999794.4,205.60000000149012,3,C4;C5;C7,2274,234083.66561206992,10215.835612069963,223867.82999999996,6271772.36986457,6247016.49499588,4.802128091705737e-06,24755.87486388817,343.31869491249995,1.3987377217921772e-08,72.10756428570714,72.10756429969452,0.0,234134.35732061995,10266.52732062,10168.52887142021,0.0,1.0,True,0.0,1.0,True,True,True,0.0,0.47918901075495823,0.0,0,0
79,focus_38cd21ff8c,BIHMH gen 46 focus / mip_intensify,24999794.4,205.60000000149012,3,C4;C5;C7,2295,234083.66561206992,10215.835612069963,223867.82999999996,6272032.619775034,6247268.284971095,4.809093066328367e-06,24764.33479912971,343.3186949124998,1.4007664416742702e-08,72.1322059244146,72.13220593842227,0.0,234134.35732061995,10266.52732062,10168.52887142021,0.0,1.0,True,0.0,1.0,True,True,True,0.0,0.47918903650178796,0.0,0,0
80,focus_38cd21ff8c,BIHMH gen 45 focus / mip_intensify,24999794.4,205.60000000149012,3,C4;C5;C7,2268,234083.66561206992,10215.835612069963,223867.82999999996,6272075.383500633,6247315.377911858,4.850274137298618e-06,24760.00558392411,343.31869491249995,1.4127614397854987e-08,72.11959602210004,72.11959603622765,0.0,234134.35732061995,10266.52732062,10168.52887142021,0.0,1.0,True,0.0,1.0,True,True,True,0.0,0.4791965386448046,0.0,0,0
81,focus_38cd21ff8c,BIHMH gen 43 focus / mip_intensify,24999794.4,205.60000000149012,3,C4;C5;C7,2263,234083.66561206992,10215.835612069963,223867.82999999996,6272102.923599817,6247348.775727739,4.833389192916999e-06,24754.147867244556,343.3186949124999,1.4078432851286653e-08,72.10253398392283,72.10253399800126,0.0,234134.35732061995,10266.52732062,10168.52887142021,0.0,1.0,True,0.0,1.0,True,True,True,0.0,0.47919191515038906,0.0,0,0
82,focus_38cd21ff8c,BIHMH gen 42 focus / remove_fix,24999794.4,205.60000000149012,3,C4;C5;C7,2304,234083.66561206992,10215.835612069963,223867.82999999996,6272274.255429812,6246719.641371741,4.475262503341423e-06,25554.614053596168,343.3186949124999,1.303530093076351e-08,74.43408830418966,74.43408831722496,0.0,234134.35732061995,10266.52732062,10168.52887142021,0.0,1.0,True,0.0,1.0,True,True,True,0.0,0.4791917674623718,0.0,0,0
83,focus_38cd21ff8c,BIHMH gen 44 focus / crossover_fix,24999574.16,425.839999999851,3,C4;C5;C7,2262,234083.66561206992,10215.835612069963,223867.82999999996,6272335.908262866,6246973.854269666,4.666936863918893e-06,25362.053988532978,343.3186949124997,1.3593599571116677e-08,73.87320983203931,73.87320984563291,0.0,234134.35732061995,10266.52732062,10168.52887142021,0.0,1.0,True,0.0,1.0,True,True,True,0.0,0.47918990843281584,0.0,0,0
84,focus_30ae01f335,BIHMH gen 12 focus / station_prune_fix,24999991.52,8.480000000447035,2,C4;C5,2175,233418.26015964497,10025.040159644963,223393.22,6272420.510074769,6248709.230815835,1.815284760676754e-05,23711.27924078158,332.7412932525002,5.455543984134329e-08,71.26040476974498,71.26040482430042,0.0,233471.01193258,10077.79193258,9981.595044391,0.0,1.0,True,0.0,1.0,True,True,True,0.0,0.4893037824470712,0.0,0,0
85,focus_38cd21ff8c,BIHMH gen 44 focus / swap_fix,24999794.4,205.60000000149012,3,C4;C5;C7,2262,234083.66561206992,10215.835612069963,223867.82999999996,6272592.00608003,6247227.937962121,4.630124696015628e-06,25364.068113278852,343.31869491249995,1.3486375092960454e-08,73.87907646492503,73.8790764784114,0.0,234134.35732061995,10266.52732062,10168.52887142021,0.0,1.0,True,0.0,1.0,True,True,True,0.0,0.47918907647246356,0.0,0,0
86,focus_38cd21ff8c,BIHMH gen 43 focus / crossover_fix,24999574.16,425.839999999851,3,C4;C5;C7,2253,234083.66561206992,10215.835612069963,223867.82999999996,6272774.958162582,6248001.159277495,4.7969112327797005e-06,24773.798880289232,343.3186949124999,1.397218183531272e-08,72.15977238467372,72.1597723986459,0.0,234134.35732061995,10266.52732062,10168.52887142021,0.0,1.0,True,0.0,1.0,True,True,True,0.0,0.4791910741947517,0.0,0,0
87,focus_38cd21ff8c,BIHMH gen 47 focus / mip_intensify,24999794.4,205.60000000149012,3,C4;C5;C7,2272,234083.66561206992,10215.835612069963,223867.82999999996,6272820.4186968915,6248066.722468613,4.833854904887832e-06,24753.696223444833,343.3186949125002,1.4079789351756132e-08,72.10121846045604,72.10121847453583,0.0,234134.35732061995,10266.52732062,10168.52887142021,0.0,1.0,True,0.0,1.0,True,True,True,0.0,0.4791898587273233,0.0,0,0
88,focus_38cd21ff8c,BIHMH gen 43 focus / add_fix,24999794.4,205.60000000149012,3,C4;C5;C7,2258,234083.66561206992,10215.835612069963,223867.82999999996,6272904.610674671,6247357.255786862,4.709903227908198e-06,25547.354883099102,343.31869491250023,1.3718749656521284e-08,74.4129441876453,74.41294420136404,0.0,234134.35732061995,10266.52732062,10168.52887142021,0.0,1.0,True,0.0,1.0,True,True,True,0.0,0.479191919555239,0.0,0,0
89,focus_6b4c33ee94,BIHMH gen 39 focus / mip_intensify,24999991.52,8.480000000447035,2,C4;C5,2389,234767.10606999497,9940.106069994987,224827.0,6272952.663820277,6248681.205617987,4.2773165479549936e-05,24271.458159517726,340.82220866999984,1.254999363053977e-07,71.21442658984262,71.21442671534255,0.0,234819.73415359,9992.73415359,9897.349178735773,0.0,1.0,True,0.0,1.0,True,True,True,0.0,0.4823740973906124,0.0,0,0
90,focus_38cd21ff8c,BIHMH gen 46 focus / crossover_fix,24999353.92,646.0799999982119,3,C4;C5;C7,2276,234083.66561206992,10215.835612069963,223867.82999999996,6272957.501277064,6248202.913294327,4.8001323077154205e-06,24754.58797793684,343.3186949125,1.3981564006990086e-08,72.10381591438218,72.10381592836374,0.0,234134.35732061995,10266.52732062,10168.52887142021,0.0,1.0,True,0.0,1.0,True,True,True,0.0,0.479188971183164,0.0,0,0
91,focus_38cd21ff8c,BIHMH gen 41 focus / mip_intensify,24999794.4,205.60000000149012,3,C4;C5;C7,2254,234083.66561206992,10215.835612069963,223867.82999999996,6273026.555337725,6248278.129751217,4.887480469107343e-06,24748.425581620853,343.3186949124999,1.423598697517184e-08,72.08586642195053,72.08586643618652,0.0,234134.35732061995,10266.52732062,10168.52887142021,0.0,1.0,True,0.0,1.0,True,True,True,0.0,0.4791925578255367,0.0,0,0
92,focus_38cd21ff8c,BIHMH gen 45 focus / swap_fix,24999794.4,205.60000000149012,3,C4;C5;C7,2265,234083.66561206992,10215.835612069963,223867.82999999996,6273067.192282619,6247705.438186279,4.665498542324521e-06,25361.754091674182,343.31869491249984,1.3589410106296706e-08,73.87233630879909,73.8723363223885,0.0,234134.35732061995,10266.52732062,10168.52887142021,0.0,1.0,True,0.0,1.0,True,True,True,0.0,0.4791899249550932,0.0,0,0
93,focus_38cd21ff8c,BIHMH gen 44 focus / add_fix,24999574.16,425.839999999851,3,C4;C5;C7,2262,234083.66561206992,10215.835612069963,223867.82999999996,6273089.076189968,6247542.860347709,4.666993670366832e-06,25546.215837591903,343.31869491249967,1.3593765033844984e-08,74.40962643791586,74.40962645150962,0.0,234134.35732061995,10266.52732062,10168.52887142021,0.0,1.0,True,0.0,1.0,True,True,True,0.0,0.4791899010175422,0.0,0,0
94,focus_38cd21ff8c,BIHMH gen 46 focus / mip_intensify,24999794.4,205.60000000149012,3,C4;C5;C7,2307,234083.66561206992,10215.835612069963,223867.82999999996,6273237.476375185,6248483.024789223,4.838157999983995e-06,24754.451581123474,343.31869491249995,1.4092323172838211e-08,72.10341862517136,72.10341863926368,0.0,234134.35732061995,10266.52732062,10168.52887142021,0.0,1.0,True,0.0,1.0,True,True,True,0.0,0.47918895958749896,0.0,0,0
95,focus_30ae01f335,BIHMH gen 14 focus / station_prune_fix,24999884.48,115.51999999955297,2,C4;C7,2189,233421.02101293247,10027.801012932463,223393.22,6273264.521485035,6245701.105668737,0.012564329185965227,27563.40325196924,319.1592854035002,3.9366954873584996e-05,86.36252966014116,86.36256902709604,0.0,233471.01193258,10077.79193258,9981.595044391,0.0,1.0,True,0.0,1.0,True,True,True,0.0,0.6068512140588229,0.0,0,0
96,focus_38cd21ff8c,BIHMH gen 46 focus / add_fix,24999794.4,205.60000000149012,3,C4;C5;C7,2260,234083.66561206992,10215.835612069963,223867.82999999996,6273608.366490488,6248857.749998061,4.842924316577613e-06,24750.61648758374,343.3186949125,1.4106206240274524e-08,72.09224797353902,72.09224798764522,0.0,234134.35732061995,10266.52732062,10168.52887142021,0.0,1.0,True,0.0,1.0,True,True,True,0.0,0.4791899105918922,0.0,0,0
97,focus_38cd21ff8c,BIHMH gen 45 focus / add_fix,24999794.4,205.60000000149012,3,C4;C5;C7,2263,234083.66561206992,10215.835612069963,223867.82999999996,6273764.999482265,6248402.9167428985,4.666922227717691e-06,25362.08273469955,343.3186949125,1.3593556939586778e-08,73.87329356230794,73.8732935759015,0.0,234134.35732061995,10266.52732062,10168.52887142021,0.0,1.0,True,0.0,1.0,True,True,True,0.0,0.47918991282774204,0.0,0,0
98,focus_38cd21ff8c,BIHMH gen 44 focus / add_fix,24999794.4,205.60000000149012,3,C4;C5;C7,2260,234083.66561206992,10215.835612069963,223867.82999999996,6274147.871605306,6249396.633231116,4.839323610988684e-06,24751.23836934994,343.31869491250006,1.40957183011023e-08,72.09405935688461,72.09405937098033,0.0,234134.35732061995,10266.52732062,10168.52887142021,0.0,1.0,True,0.0,1.0,True,True,True,0.0,0.4791899145399908,0.0,0,0
99,focus_38cd21ff8c,BIHMH gen 45 focus / crossover_fix,24999794.4,205.60000000149012,3,C4;C5;C7,2258,234083.66561206992,10215.835612069963,223867.82999999996,6274310.375131314,6248946.720540086,4.662291902363713e-06,25363.654586565615,343.31869491249984,1.3580069980028241e-08,73.87787196683227,73.87787198041234,0.0,234134.35732061995,10266.52732062,10168.52887142021,0.0,1.0,True,0.0,1.0,True,True,True,0.0,0.4791899305147459,0.0,0,0
100,focus_38cd21ff8c,BIHMH gen 42 focus / crossover_fix,24999353.92,646.0799999982119,3,C4;C5;C7,2257,234083.66561206992,10215.835612069963,223867.82999999996,6274578.498706846,6249826.610638052,4.843827251854783e-06,24751.888063949547,343.31869491249995,1.4108836260982837e-08,72.09595175193692,72.09595176604576,0.0,234134.35732061995,10266.52732062,10168.52887142021,0.0,1.0,True,0.0,1.0,True,True,True,0.0,0.4791899079023911,0.0,0,0
101,focus_30ae01f335,BIHMH gen 12 focus / station_prune_fix,24999991.52,8.480000000447035,2,C4;C5,2181,233418.26015964497,10025.040159644963,223393.22,6274913.374023729,6251203.452279167,1.8003261682809723e-05,23709.92172655822,332.7412932525001,5.410588360353574e-08,71.25632498087934,71.25632503498522,0.0,233471.01193258,10077.79193258,9981.595044391,0.0,1.0,True,0.0,1.0,True,True,True,0.0,0.48930388696651234,0.0,0,0
102,focus_6d38f9af67,BIHMH gen 92 focus / station_prune_fix,24999991.52,8.480000000447035,2,C4;C5,2523,235495.07681218008,10362.286812180038,225132.79000000004,6275018.073433318,6250121.8488515485,0.0008088654116495587,24896.22377290344,345.92470820500034,2.338270127759167e-06,71.97006511067012,71.97006744894024,0.0,235546.06646823004,10413.27646823,10313.877234866488,0.0,1.0,True,0.0,1.0,True,True,True,0.0,0.560510124635024,0.0,0,0
103,focus_38cd21ff8c,BIHMH gen 43 focus / add_fix,24999574.16,425.839999999851,3,C4;C5;C7,2258,234083.66561206992,10215.835612069963,223867.82999999996,6275319.626014412,6249958.920676624,4.668894928355976e-06,25360.7053331189,343.31869491250006,1.3599302914587609e-08,73.8692815419867,73.869281555586,0.0,234134.35732061995,10266.52732062,10168.52887142021,0.0,1.0,True,0.0,1.0,True,True,True,0.0,0.4791899123766466,0.0,0,0
104,focus_38cd21ff8c,BIHMH gen 42 focus / crossover_fix,24999794.4,205.60000000149012,3,C4;C5;C7,2250,234083.66561206992,10215.835612069963,223867.82999999996,6275432.532876831,6250681.867597988,4.833933049831836e-06,24750.665274008843,343.31869491250006,1.4080016968093847e-08,72.09239007598151,72.09239009006153,0.0,234134.35732061995,10266.52732062,10168.52887142021,0.0,1.0,True,0.0,1.0,True,True,True,0.0,0.4791920670938173,0.0,0,0
105,focus_38cd21ff8c,BIHMH gen 42 focus / mip_intensify,24999794.4,205.60000000149012,3,C4;C5;C7,2264,234083.66561206992,10215.835612069963,223867.82999999996,6275539.373693657,6250786.359311754,4.861272520202515e-06,24753.014377041378,343.3186949125,1.4159649888688656e-08,72.0992324153803,72.09923242953995,0.0,234134.35732061995,10266.52732062,10168.52887142021,0.0,1.0,True,0.0,1.0,True,True,True,0.0,0.479189863804297,0.0,0,0
106,focus_38cd21ff8c,BIHMH gen 41 focus / mip_intensify,24999794.4,205.60000000149012,3,C4;C5;C7,2308,234083.66561206992,10215.835612069963,223867.82999999996,6275543.572894561,6250168.062985794,4.442267159134138e-06,25375.50990432519,343.31869491250023,1.2939193888833563e-08,73.91240349085129,73.91240350379049,0.0,234134.35732061995,10266.52732062,10168.52887142021,0.0,1.0,True,0.0,1.0,True,True,True,0.0,0.4791908580124251,0.0,0,0
107,focus_38cd21ff8c,BIHMH gen 42 focus / swap_fix,24999794.4,205.60000000149012,3,C4;C5;C7,2245,234083.66561206992,10215.835612069963,223867.82999999996,6275592.421010167,6250847.362954797,4.880095183858125e-06,24745.058050490366,343.3186949125001,1.421447551844472e-08,72.07605766064388,72.07605767485836,0.0,234134.35732061995,10266.52732062,10168.52887142021,0.0,1.0,True,0.0,1.0,True,True,True,0.0,0.4791924986372484,0.0,0,0
108,focus_38cd21ff8c,BIHMH gen 41 focus / mip_intensify,24999794.4,205.60000000149012,3,C4;C5;C7,2256,234083.66561206992,10215.835612069963,223867.82999999996,6275661.390833402,6250916.367195075,4.892195131152183e-06,24745.02363343413,343.31869491250006,1.4249719586051182e-08,72.07595741251659,72.07595742676631,0.0,234134.35732061995,10266.52732062,10168.52887142021,0.0,1.0,True,0.0,1.0,True,True,True,0.0,0.47919251321521755,0.0,0,0
109,focus_38cd21ff8c,BIHMH gen 43 focus / mip_intensify,24999353.92,646.0799999982119,3,C4;C5;C7,2264,234083.66561206992,10215.835612069963,223867.82999999996,6275726.462818849,6250965.429780445,4.777026854804681e-06,24761.033033627067,343.3186949125002,1.3914263701899999e-08,72.12258872164763,72.12258873556189,0.0,234134.35732061995,10266.52732062,10168.52887142021,0.0,1.0,True,0.0,1.0,True,True,True,0.0,0.4791889610161126,0.0,0,0
110,focus_38cd21ff8c,BIHMH gen 40 focus / mip_intensify,24999574.16,425.839999999851,3,C4;C5;C7,2256,234083.66561206992,10215.835612069963,223867.82999999996,6276198.947154513,6251453.672913318,4.890801522281054e-06,24745.274236304453,343.3186949125,1.4245660358016767e-08,72.07668735491134,72.076687369157,0.0,234134.35732061995,10266.52732062,10168.52887142021,0.0,1.0,True,0.0,1.0,True,True,True,0.0,0.47919194304455787,0.0,0,0
111,focus_6b4c33ee94,BIHMH gen 35 focus / station_prune_fix,24999991.52,8.480000000447035,2,C4;C5,2373,234767.10606999497,9940.106069994987,224827.0,6276328.52408066,6250594.900899545,0.0067273651706758015,25733.6164537498,340.82220866999995,1.973863498194025e-05,75.50451760221499,75.50453734084996,0.0,234819.73415359,9992.73415359,9897.349178735773,0.0,1.0,True,0.0,1.0,True,True,True,0.0,0.5269097297982362,0.0,0,0
112,focus_30ae01f335,BIHMH gen 15 focus / station_prune_fix,24999551.04,448.96000000089407,2,C4;C5,2177,233418.26015964497,10025.040159644963,223393.22,6276832.081272031,6253121.095900033,1.804184737458604e-05,23710.985353956625,332.7412932524998,5.4221846643166806e-08,71.25952154054895,71.25952159477079,0.0,233471.01193258,10077.79193258,9981.595044391,0.0,1.0,True,0.0,1.0,True,True,True,0.0,0.4893036354604293,0.0,0,0
113,focus_30ae01f335,BIHMH gen 10 focus / station_prune_fix,24999444.0,556.0,2,C4;C7,2172,233421.02101293247,10027.801012932463,223393.22,6276956.708130287,6249391.848803166,0.012985817629791882,27564.846341302633,319.15928540350035,4.068757583967651e-05,86.36705119342994,86.36709188100578,0.0,233471.01193258,10077.79193258,9981.595044391,0.0,1.0,True,0.0,1.0,True,True,True,0.0,0.6074572392308044,0.0,0,0
114,focus_38cd21ff8c,BIHMH gen 42 focus / swap_fix,24999353.92,646.0799999982119,3,C4;C5;C7,2245,234083.66561206992,10215.835612069963,223867.82999999996,6277504.118703357,6251965.640531488,4.706904794347791e-06,25538.47816716196,343.3186949125,1.3710015982518567e-08,74.38708857282249,74.38708858653251,0.0,234134.35732061995,10266.52732062,10168.52887142021,0.0,1.0,True,0.0,1.0,True,True,True,0.0,0.4791919348515955,0.0,0,0
115,focus_ce8ddf31de,BIHMH gen 25 focus / mip_intensify,24999353.92,646.0799999982119,3,C4;C5;C7,2189,234751.13536076748,10096.415360767478,224654.72,6278300.372585697,6254687.829907726,2.1691398934859143e-06,23612.542675802637,326.86017194749974,6.6362930685673185e-09,72.24050129789225,72.24050130452855,0.0,234799.10684649,10144.386846489999,10047.55428100877,0.0,1.0,True,0.0,1.0,True,True,True,0.0,0.47124400300524366,0.0,0,0
116,focus_38cd21ff8c,BIHMH gen 41 focus / swap_fix,24999794.4,205.60000000149012,3,C4;C5;C7,2244,234083.66561206992,10215.835612069963,223867.82999999996,6278353.481070751,6252814.9980396945,4.708305644974592e-06,25538.483026347763,343.31869491249967,1.371409630394459e-08,74.38710272639437,74.38710274010847,0.0,234134.35732061995,10266.52732062,10168.52887142021,0.0,1.0,True,0.0,1.0,True,True,True,0.0,0.4791919331965881,0.0,0,0
117,focus_6b4c33ee94,BIHMH gen 32 focus / mip_intensify,24999444.0,556.0,2,C4;C7,2352,234770.175293555,9943.175293554988,224827.0,6278633.015775943,6250985.685506247,0.00924275758426658,27647.321026939368,323.7639326899996,2.8547829609904136e-05,85.39345564909287,85.39348419692249,0.0,234819.73415359,9992.73415359,9897.349178735773,0.0,1.0,True,0.0,1.0,True,True,True,0.0,0.5722231098512912,0.0,0,0
118,focus_38cd21ff8c,BIHMH gen 41 focus / add_fix,24999794.4,205.60000000149012,3,C4;C5;C7,2241,234083.66561206992,10215.835612069963,223867.82999999996,6278707.745669671,6253169.264236778,4.708254759635818e-06,25538.481428185045,343.3186949125,1.3713948087900625e-08,74.38709807135297,74.38709808506691,0.0,234134.35732061995,10266.52732062,10168.52887142021,0.0,1.0,True,0.0,1.0,True,True,True,0.0,0.47919193460766657,0.0,0,0
119,focus_38cd21ff8c,BIHMH gen 40 focus / mip_intensify,24999353.92,646.0799999982119,3,C4;C5;C7,2253,234083.66561206992,10215.835612069963,223867.82999999996,6278754.513809977,6254002.942529336,4.866446182475407e-06,24751.57127577513,343.3186949125,1.4174719450438593e-08,72.09502902859236,72.09502904276708,0.0,234134.35732061995,10266.52732062,10168.52887142021,0.0,1.0,True,0.0,1.0,True,True,True,0.0,0.4791925634864115,0.0,0,0
120,focus_38cd21ff8c,BIHMH gen 40 focus / crossover_fix,24999794.4,205.60000000149012,3,C4;C5;C7,2243,234083.66561206992,10215.835612069963,223867.82999999996,6278854.624464858,6253494.9982858095,4.653715234340822e-06,25359.62617439462,343.3186949125,1.355508832843167e-08,73.86613822721745,73.86613824077254,0.0,234134.35732061995,10266.52732062,10168.52887142021,0.0,1.0,True,0.0,1.0,True,True,True,0.0,0.4791919232109172,0.0,0,0
121,focus_38cd21ff8c,BIHMH gen 43 focus / swap_fix,24999794.4,205.60000000149012,3,C4;C5;C7,2237,234083.66561206992,10215.835612069963,223867.82999999996,6278870.945620411,6254126.407247392,4.898915394213061e-06,24744.538368120167,343.31869491249995,1.4269294002360184e-08,72.07454395813399,72.07454397240328,0.0,234134.35732061995,10266.52732062,10168.52887142021,0.0,1.0,True,0.0,1.0,True,True,True,0.0,0.4791926982319952,0.0,0,0
122,focus_38cd21ff8c,BIHMH gen 41 focus / swap_fix,24999574.16,425.839999999851,3,C4;C5;C7,2243,234083.66561206992,10215.835612069963,223867.82999999996,6278880.221712643,6253341.940089153,4.712841284205687e-06,25538.281618777317,343.3186949124998,1.372730746692029e-08,74.3865160773903,74.3865160911176,0.0,234134.35732061995,10266.52732062,10168.52887142021,0.0,1.0,True,0.0,1.0,True,True,True,0.0,0.479191952566409,0.0,0,0
123,focus_38cd21ff8c,BIHMH gen 40 focus / add_fix,24999574.16,425.839999999851,3,C4;C5;C7,2239,234083.66561206992,10215.835612069963,223867.82999999996,6278900.543977104,6253545.173808119,4.711624711436956e-06,25355.37016427364,343.3186949125002,1.372376390000487e-08,73.85374155268717,73.85374156641093,0.0,234134.35732061995,10266.52732062,10168.52887142021,0.0,1.0,True,0.0,1.0,True,True,True,0.0,0.4791920798654023,0.0,0,0
124,focus_38cd21ff8c,BIHMH gen 42 focus / add_fix,24999794.4,205.60000000149012,3,C4;C5;C7,2241,234083.66561206992,10215.835612069963,223867.82999999996,6279253.690079129,6253898.3599635195,4.721557701316529e-06,25355.330110887568,343.3186949124998,1.3752696172050558e-08,73.8536248873653,73.853624901118,0.0,234134.35732061995,10266.52732062,10168.52887142021,0.0,1.0,True,0.0,1.0,True,True,True,0.0,0.47919256113304565,0.0,0,0
125,focus_ce8ddf31de,BIHMH gen 29 focus / crossover_fix,24999794.4,205.60000000149012,3,C4;C5;C7,2154,234751.13536076748,10096.415360767478,224654.72,6279334.3604283845,6255133.854926935,2.2418413039819097e-06,24200.505499207527,326.86017194750013,6.858716651296358e-09,74.03932193701037,74.03932194386908,0.0,234799.10684649,10144.386846489999,10047.55428100877,0.0,1.0,True,0.0,1.0,True,True,True,0.0,0.47124506369667496,0.0,0,0
126,focus_38cd21ff8c,BIHMH gen 41 focus / add_fix,24999794.4,205.60000000149012,3,C4;C5;C7,2201,234083.66561206992,10215.835612069963,223867.82999999996,6279510.2015364375,6253977.095331699,4.760576146459316e-06,25533.106199978207,343.31869491250006,1.3866346974412857e-08,74.37144139932637,74.37144141319271,0.0,234134.35732061995,10266.52732062,10168.52887142021,0.0,1.0,True,0.0,1.0,True,True,True,0.0,0.47919263764044395,0.0,0,0
127,focus_ce8ddf31de,BIHMH gen 29 focus / add_fix,24999794.4,205.60000000149012,3,C4;C5;C7,2156,234751.13536076748,10096.415360767478,224654.72,6279590.342909109,6255389.629922982,2.2412269300700648e-06,24200.71298388622,326.86017194749996,6.856837028250872e-09,74.03995671816914,74.03995672502597,0.0,234799.10684649,10144.386846489999,10047.55428100877,0.0,1.0,True,0.0,1.0,True,True,True,0.0,0.47124501460841783,0.0,0,0
128,focus_ce8ddf31de,BIHMH gen 27 focus / add_fix,24999794.4,205.60000000149012,3,C4;C5;C7,2142,234751.13536076748,10096.415360767478,224654.72,6279610.870370749,6255411.080574172,2.2589006787932665e-06,24199.789794319277,326.86017194750013,6.910908310836012e-09,74.03713230073873,74.03713230764964,0.0,234799.10684649,10144.386846489999,10047.55428100877,0.0,1.0,True,0.0,1.0,True,True,True,0.0,0.47124514950904783,0.0,0,0
129,focus_ce8ddf31de,BIHMH gen 26 focus / mip_intensify,24999794.4,205.60000000149012,3,C4;C5;C7,2155,234751.13536076748,10096.415360767478,224654.72,6279673.65155413,6256074.122252522,2.2706022892628877e-06,23599.529299337762,326.8601719474999,6.9467083607469636e-09,72.2006880150828,72.20068802202951,0.0,234799.10684649,10144.386846489999,10047.55428100877,0.0,1.0,True,0.0,1.0,True,True,True,0.0,0.471245163773987,0.0,0,0
130,focus_ce8ddf31de,BIHMH gen 28 focus / mip_intensify,24999794.4,205.60000000149012,3,C4;C5;C7,2161,234751.13536076748,10096.415360767478,224654.72,6279697.809424032,6256097.965878835,2.2622854901073055e-06,23599.84354293513,326.8601719474999,6.921263843888183e-09,72.20164941578054,72.2016494227018,0.0,234799.10684649,10144.386846489999,10047.55428100877,0.0,1.0,True,0.0,1.0,True,True,True,0.0,0.4712449573313391,0.0,0,0
131,focus_ce8ddf31de,BIHMH gen 28 focus / add_fix,24999353.92,646.0799999982119,3,C4;C5;C7,2154,234751.13536076748,10096.415360767478,224654.72,6280082.830417171,6255882.219287777,2.237689745838147e-06,24200.611127156262,326.86017194750025,6.846015323633743e-09,74.0396450964461,74.03964510329212,0.0,234799.10684649,10144.386846489999,10047.55428100877,0.0,1.0,True,0.0,1.0,True,True,True,0.0,0.4712449961952715,0.0,0,0
132,focus_ce8ddf31de,BIHMH gen 28 focus / mip_intensify,24999794.4,205.60000000149012,3,C4;C5;C7,2155,234751.13536076748,10096.415360767478,224654.72,6280228.855404463,6256626.290885668,2.2889352879389987e-06,23602.56451650553,326.8601719475,7.002796560685422e-09,72.20997399553639,72.20997400253918,0.0,234799.10684649,10144.386846489999,10047.55428100877,0.0,1.0,True,0.0,1.0,True,True,True,0.0,0.4712455808035577,0.0,0,0
133,focus_ce8ddf31de,BIHMH gen 29 focus / add_fix,24999574.16,425.839999999851,3,C4;C5;C7,2157,234751.13536076748,10096.415360767478,224654.72,6280413.505112634,6256212.789290738,2.240937400901377e-06,24200.715819654866,326.8601719475002,6.855951239177935e-09,74.0399653939543,74.03996540081026,0.0,234799.10684649,10144.386846489999,10047.55428100877,0.0,1.0,True,0.0,1.0,True,True,True,0.0,0.47124502002128016,0.0,0,0
134,focus_ce8ddf31de,BIHMH gen 29 focus / swap_fix,24999794.4,205.60000000149012,3,C4;C5;C7,2158,234751.13536076748,10096.415360767478,224654.72,6280439.443256098,6256240.166705839,2.240940157388145e-06,24199.276548017868,326.8601719475,6.855959672407205e-09,74.03556206873908,74.03556207559504,0.0,234799.10684649,10144.386846489999,10047.55428100877,0.0,1.0,True,0.0,1.0,True,True,True,0.0,0.47124486665635784,0.0,0,0
135,focus_ce8ddf31de,BIHMH gen 27 focus / add_fix,24999794.4,205.60000000149012,3,C4;C5;C7,2142,234751.13536076748,10096.415360767478,224654.72,6280595.817899285,6256392.190245778,2.2420535332796e-06,24203.627651265127,326.8601719475,6.859365948200372e-09,74.04887388712716,74.04887389398652,0.0,234799.10684649,10144.386846489999,10047.55428100877,0.0,1.0,True,0.0,1.0,True,True,True,0.0,0.4712448795827554,0.0,0,0
136,focus_ce8ddf31de,BIHMH gen 26 focus / mip_intensify,24999794.4,205.60000000149012,3,C4;C5;C7,2140,234751.13536076748,10096.415360767478,224654.72,6280601.061664164,6256994.217476882,2.262970619526313e-06,23606.844185019196,326.8601719474997,6.923359937195993e-09,72.22306726562859,72.22306727255194,0.0,234799.10684649,10144.386846489999,10047.55428100877,0.0,1.0,True,0.0,1.0,True,True,True,0.0,0.4712450424223419,0.0,0,0
137,focus_ce8ddf31de,BIHMH gen 25 focus / swap_fix,24999574.16,425.839999999851,3,C4;C5;C7,2135,234751.13536076748,10096.415360767478,224654.72,6280672.727199101,6256471.057020921,2.241181201130329e-06,24201.670175938874,326.86017194749996,6.856697124574437e-09,74.04288516321937,74.04288517007606,0.0,234799.10684649,10144.386846489999,10047.55428100877,0.0,1.0,True,0.0,1.0,True,True,True,0.0,0.47124503664713535,0.0,0,0
138,focus_ce8ddf31de,BIHMH gen 28 focus / add_fix,24999794.4,205.60000000149012,3,C4;C5;C7,2149,234751.13536076748,10096.415360767478,224654.72,6280713.910533047,6257115.455167141,2.2641301016570213e-06,23598.455363642785,326.8601719474999,6.92690727098034e-09,72.19740240310819,72.1974024100351,0.0,234799.10684649,10144.386846489999,10047.55428100877,0.0,1.0,True,0.0,1.0,True,True,True,0.0,0.4712450069652946,0.0,0,0
139,focus_38cd21ff8c,BIHMH gen 44 focus / mip_intensify,24999574.16,425.839999999851,3,C4;C5;C7,2265,234083.66561206992,10215.835612069963,223867.82999999996,6280725.520798469,6255974.196376511,4.778716781212869e-06,24751.32441717913,343.3186949125002,1.391918602752115e-08,72.09430999231594,72.09431000623513,0.0,234134.35732061995,10266.52732062,10168.52887142021,0.0,1.0,True,0.0,1.0,True,True,True,0.0,0.4791909516915793,0.0,0,0
140,focus_ce8ddf31de,BIHMH gen 27 focus / mip_intensify,24999794.4,205.60000000149012,3,C4;C5;C7,2149,234751.13536076748,10096.415360767478,224654.72,6280752.910159078,6257152.096690968,2.2630338219966418e-06,23600.81346584725,326.86017194749985,6.9235532996052185e-09,72.20461680977762,72.20461681670118,0.0,234799.10684649,10144.386846489999,10047.55428100877,0.0,1.0,True,0.0,1.0,True,True,True,0.0,0.4712450067468655,0.0,0,0
141,focus_6b4c33ee94,BIHMH gen 32 focus / station_prune_fix,24999991.52,8.480000000447035,2,C4;C5,2342,234767.10606999497,9940.106069994987,224827.0,6280769.0429755775,6256514.730893256,3.972275344689474e-05,24254.312042598307,340.8222086699998,1.1654978002139583e-07,71.1641184922972,71.16411860884699,0.0,234819.73415359,9992.73415359,9897.349178735773,0.0,1.0,True,0.0,1.0,True,True,True,0.0,0.48237427372710134,0.0,0,0
142,focus_ce8ddf31de,BIHMH gen 28 focus / mip_intensify,24999574.16,425.839999999851,3,C4;C5;C7,2154,234751.13536076748,10096.415360767478,224654.72,6280854.571473749,6257251.6471684575,2.2643606609582533e-06,23602.924303027998,326.86017194749996,6.927612646920938e-09,72.21107473081511,72.21107473774272,0.0,234799.10684649,10144.386846489999,10047.55428100877,0.0,1.0,True,0.0,1.0,True,True,True,0.0,0.4712448610855619,0.0,0,0
143,focus_ce8ddf31de,BIHMH gen 29 focus / swap_fix,24999794.4,205.60000000149012,3,C4;C5;C7,2155,234751.13536076748,10096.415360767478,224654.72,6281022.039752703,6256821.296910472,2.240945820731178e-06,24200.742839990467,326.8601719475,6.855976998908012e-09,74.04004806029891,74.04004806715488,0.0,234799.10684649,10144.386846489999,10047.55428100877,0.0,1.0,True,0.0,1.0,True,True,True,0.0,0.47124501331453816,0.0,0,0
144,focus_ce8ddf31de,BIHMH gen 25 focus / swap_fix,24999353.92,646.0799999982119,3,C4;C5;C7,2135,234751.13536076748,10096.415360767478,224654.72,6281363.807876931,6257158.755310331,2.2404236948390822e-06,24205.05256435905,326.86017194749996,6.854379600580206e-09,74.05323328364047,74.05323329049484,0.0,234799.10684649,10144.386846489999,10047.55428100877,0.0,1.0,True,0.0,1.0,True,True,True,0.0,0.47124488181330376,0.0,0,0
145,focus_6d38f9af67,BIHMH gen 94 focus / station_prune_fix,24999991.52,8.480000000447035,2,C4;C5,2515,235495.07681218008,10362.286812180038,225132.79000000004,6282619.539141654,6257700.701161126,0.0008096296606037077,24918.837170898812,345.92470820499994,2.340479420521501e-06,72.03543597739063,72.03543831787006,0.0,235546.06646823004,10413.27646823,10313.877234866488,0.0,1.0,True,0.0,1.0,True,True,True,0.0,0.5605101469459544,0.0,0,0
146,focus_ce8ddf31de,BIHMH gen 28 focus / add_fix,24999574.16,425.839999999851,3,C4;C5;C7,2135,234751.13536076748,10096.415360767478,224654.72,6282793.556200683,6258588.567535189,2.24023516560575e-06,24204.988663253935,326.86017194750025,6.853802811942388e-09,74.05303778381938,74.05303779067317,0.0,234799.10684649,10144.386846489999,10047.55428100877,0.0,1.0,True,0.0,1.0,True,True,True,0.0,0.4712448672699723,0.0,0,0
147,focus_ce8ddf31de,BIHMH gen 26 focus / add_fix,24999353.92,646.0799999982119,3,C4;C5;C7,2138,234751.13536076748,10096.415360767478,224654.72,6282899.6229161555,6259296.420958797,2.2641008415937117e-06,23603.201955094148,326.86017194749974,6.92681775238548e-09,72.2119241829356,72.21192418986242,0.0,234799.10684649,10144.386846489999,10047.55428100877,0.0,1.0,True,0.0,1.0,True,True,True,0.0,0.4712448686712721,0.0,0,0
148,focus_6d38f9af67,BIHMH gen 98 focus / station_prune_fix,24999991.52,8.480000000447035,2,C4;C5,2522,235495.07681218008,10362.286812180038,225132.79000000004,6282978.232669175,6258082.843858942,0.0008089354643823823,24895.388001296804,345.9247082050001,2.33847263637206e-06,71.96764906004756,71.9676513985202,0.0,235546.06646823004,10413.27646823,10313.877234866488,0.0,1.0,True,0.0,1.0,True,True,True,0.0,0.5605111181363965,0.0,0,0
149,focus_ce8ddf31de,BIHMH gen 27 focus / add_fix,24999353.92,646.0799999982119,3,C4;C5;C7,2139,234751.13536076748,10096.415360767478,224654.72,6283082.490293046,6258878.88953155,2.2419811103337117e-06,24203.600759254536,326.8601719475001,6.859144376555661e-09,74.04879161338168,74.04879162024082,0.0,234799.10684649,10144.386846489999,10047.55428100877,0.0,1.0,True,0.0,1.0,True,True,True,0.0,0.4712448650739197,0.0,0,0
150,focus_ce8ddf31de,BIHMH gen 25 focus / add_fix,24999353.92,646.0799999982119,3,C4;C5;C7,2133,234751.13536076748,10096.415360767478,224654.72,6283233.186238926,6259033.249416254,2.2411962283667154e-06,24199.936820430255,326.8601719475002,6.856743099084868e-09,74.03758211421737,74.03758212107411,0.0,234799.10684649,10144.386846489999,10047.55428100877,0.0,1.0,True,0.0,1.0,True,True,True,0.0,0.47124503372519694,0.0,0,0
151,focus_38cd21ff8c,BIHMH gen 40 focus / mip_intensify,24999794.4,205.60000000149012,3,C4;C5;C7,2251,234083.66561206992,10215.835612069963,223867.82999999996,6283448.108707629,6258703.042670048,4.777906126009426e-06,24745.066032803672,343.31869491250023,1.3916824795186714e-08,72.07608091109141,72.07608092500823,0.0,234134.35732061995,10266.52732062,10168.52887142021,0.0,1.0,True,0.0,1.0,True,True,True,0.0,0.47919100750459853,0.0,0,0
152,focus_ce8ddf31de,BIHMH gen 29 focus / swap_fix,24999574.16,425.839999999851,3,C4;C5;C7,2144,234751.13536076748,10096.415360767478,224654.72,6283520.421717457,6259317.402519761,2.2420234999346827e-06,24203.01919545426,326.8601719475,6.8592740638183186e-09,74.04701236999205,74.04701237685133,0.0,234799.10684649,10144.386846489999,10047.55428100877,0.0,1.0,True,0.0,1.0,True,True,True,0.0,0.471244873973843,0.0,0,0
153,focus_ce8ddf31de,BIHMH gen 27 focus / add_fix,24999794.4,205.60000000149012,3,C4;C5;C7,2142,234751.13536076748,10096.415360767478,224654.72,6283595.355401826,6259392.102932816,2.241981637907485e-06,24203.2524667676,326.8601719474999,6.859145990621307e-09,74.04772604309562,74.04772604995476,0.0,234799.10684649,10144.386846489999,10047.55428100877,0.0,1.0,True,0.0,1.0,True,True,True,0.0,0.4712448734860194,0.0,0,0
154,focus_ce8ddf31de,BIHMH gen 27 focus / add_fix,24999574.16,425.839999999851,3,C4;C5;C7,2135,234751.13536076748,10096.415360767478,224654.72,6283760.234155687,6259558.780065214,2.241183389410218e-06,24201.454088231545,326.8601719475,6.856703819424641e-09,74.0422240618498,74.0422240687065,0.0,234799.10684649,10144.386846489999,10047.55428100877,0.0,1.0,True,0.0,1.0,True,True,True,0.0,0.4712450443429119,0.0,0,0
155,focus_ce8ddf31de,BIHMH gen 26 focus / swap_fix,24999574.16,425.839999999851,3,C4;C5;C7,2137,234751.13536076748,10096.415360767478,224654.72,6283911.098989975,6259706.489962013,2.2406189194175046e-06,24204.609025720052,326.86017194749985,6.854976873038517e-09,74.05187631611412,74.0518763229691,0.0,234799.10684649,10144.386846489999,10047.55428100877,0.0,1.0,True,0.0,1.0,True,True,True,0.0,0.47124487881284927,0.0,0,0
156,focus_30ae01f335,BIHMH gen 19 focus / mip_intensify,24999794.4,205.60000000149012,3,C4;C5;C7,2152,233421.02101293247,10027.801012932463,223393.22,6283912.520418014,6259708.233956957,3.610332051924205e-06,24204.28645744628,335.50214654,1.0760980485988533e-08,72.14346229096493,72.14346230172592,0.0,233471.01193258,10077.79193258,9981.595044391,0.0,1.0,True,0.0,1.0,True,True,True,0.0,0.4724725890117868,0.0,0,0
157,focus_ce8ddf31de,BIHMH gen 27 focus / mip_intensify,24999794.4,205.60000000149012,3,C4;C5;C7,2149,234751.13536076748,10096.415360767478,224654.72,6284541.750036972,6260934.604966223,2.261097412708712e-06,23607.145068487196,326.86017194749974,6.917629025392207e-09,72.22398779218342,72.22398779910105,0.0,234799.10684649,10144.386846489999,10047.55428100877,0.0,1.0,True,0.0,1.0,True,True,True,0.0,0.471245051560488,0.0,0,0
158,focus_ce8ddf31de,BIHMH gen 29 focus / mip_intensify,24999794.4,205.60000000149012,3,C4;C5;C7,2138,234751.13536076748,10096.415360767478,224654.72,6284684.013991339,6261079.045755114,2.262479838025891e-06,23604.968233962823,326.86017194749985,6.921858434282687e-09,72.21732795806717,72.21732796498902,0.0,234799.10684649,10144.386846489999,10047.55428100877,0.0,1.0,True,0.0,1.0,True,True,True,0.0,0.4712448632559416,0.0,0,0
159,focus_ce8ddf31de,BIHMH gen 25 focus / add_fix,24999353.92,646.0799999982119,3,C4;C5;C7,2135,234751.13536076748,10096.415360767478,224654.72,6284732.083062158,6261128.829139294,2.264105683273594e-06,23603.25392059961,326.8601719475002,6.926832565080005e-09,72.21208316683726,72.2120831737641,0.0,234799.10684649,10144.386846489999,10047.55428100877,0.0,1.0,True,0.0,1.0,True,True,True,0.0,0.47124486101879537,0.0,0,0
160,focus_ce8ddf31de,BIHMH gen 24 focus / mip_intensify,24999574.16,425.839999999851,3,C4;C5;C7,2129,234751.13536076748,10096.415360767478,224654.72,6285102.0765891075,6261497.31896246,2.262300698150801e-06,23604.75762438524,326.8601719474998,6.921310371562097e-09,72.21668361655465,72.21668362347596,0.0,234799.10684649,10144.386846489999,10047.55428100877,0.0,1.0,True,0.0,1.0,True,True,True,0.0,0.47124486321717235,0.0,0,0
161,focus_ce8ddf31de,BIHMH gen 27 focus / swap_fix,24999574.16,425.839999999851,3,C4;C5;C7,2135,234751.13536076748,10096.415360767478,224654.72,6285158.663366776,6260954.023740456,2.2398400024467423e-06,24204.639624079937,326.86017194749985,6.852593844950019e-09,74.05196992910986,74.05196993596245,0.0,234799.10684649,10144.386846489999,10047.55428100877,0.0,1.0,True,0.0,1.0,True,True,True,0.0,0.47124487493336215,0.0,0,0
162,focus_ce8ddf31de,BIHMH gen 25 focus / mip_intensify,24999574.16,425.839999999851,3,C4;C5;C7,2138,234751.13536076748,10096.415360767478,224654.72,6285277.2206719415,6261654.1273385715,2.24202615430515e-06,23623.09333112811,326.86017194749985,6.859282184631731e-09,72.2727801015856,72.27278010844488,0.0,234799.10684649,10144.386846489999,10047.55428100877,0.0,1.0,True,0.0,1.0,True,True,True,0.0,0.4712448067525373,0.0,0,0
163,focus_ce8ddf31de,BIHMH gen 26 focus / add_fix,24999794.4,205.60000000149012,3,C4;C5;C7,2132,234751.13536076748,10096.415360767478,224654.72,6285365.242515314,6261160.664401522,2.2402408084242483e-06,24204.578111552804,326.86017194750013,6.853820075650186e-09,74.0517817369334,74.05178174378723,0.0,234799.10684649,10144.386846489999,10047.55428100877,0.0,1.0,True,0.0,1.0,True,True,True,0.0,0.4712448760918816,0.0,0,0
164,focus_ce8ddf31de,BIHMH gen 26 focus / swap_fix,24999794.4,205.60000000149012,3,C4;C5;C7,2134,234751.13536076748,10096.415360767478,224654.72,6285416.767391829,6261212.008516372,2.240234125192053e-06,24204.758873216353,326.8601719475,6.853799628888029e-09,74.05233476137343,74.05233476822723,0.0,234799.10684649,10144.386846489999,10047.55428100877,0.0,1.0,True,0.0,1.0,True,True,True,0.0,0.47124486715677216,0.0,0,0
165,focus_ce8ddf31de,BIHMH gen 27 focus / add_fix,24999353.92,646.0799999982119,3,C4;C5;C7,2138,234751.13536076748,10096.415360767478,224654.72,6285520.466254211,6261317.413746986,2.2420305501233877e-06,24203.05250498402,326.8601719474998,6.859295633251708e-09,74.04711427757405,74.04711428443335,0.0,234799.10684649,10144.386846489999,10047.55428100877,0.0,1.0,True,0.0,1.0,True,True,True,0.0,0.47124486615642325,0.0,0,0
166,focus_ce8ddf31de,BIHMH gen 28 focus / add_fix,24999794.4,205.60000000149012,3,C4;C5;C7,2132,234751.13536076748,10096.415360767478,224654.72,6285667.487557815,6261462.6666971445,2.240221364619923e-06,24204.820858431394,326.86017194749996,6.8537605890378885e-09,74.05252439969699,74.05252440655076,0.0,234799.10684649,10144.386846489999,10047.55428100877,0.0,1.0,True,0.0,1.0,True,True,True,0.0,0.47124490620380755,0.0,0,0
167,focus_ce8ddf31de,BIHMH gen 28 focus / add_fix,24999794.4,205.60000000149012,3,C4;C5;C7,2136,234751.13536076748,10096.415360767478,224654.72,6285911.947299206,6261707.268484501,2.2402275320900037e-06,24204.678812464634,326.8601719475001,6.853779457871137e-09,74.05208982253232,74.0520898293861,0.0,234799.10684649,10144.386846489999,10047.55428100877,0.0,1.0,True,0.0,1.0,True,True,True,0.0,0.47124487765847733,0.0,0,0
168,focus_ce8ddf31de,BIHMH gen 25 focus / add_fix,24999574.16,425.839999999851,3,C4;C5;C7,2135,234751.13536076748,10096.415360767478,224654.72,6285956.540128996,6261751.778913043,2.240234808308741e-06,24204.76121371266,326.8601719474999,6.853801718823566e-09,74.05234192191642,74.05234192877022,0.0,234799.10684649,10144.386846489999,10047.55428100877,0.0,1.0,True,0.0,1.0,True,True,True,0.0,0.47124487566344914,0.0,0,0
169,focus_6d38f9af67,BIHMH gen 97 focus / mip_intensify,24999884.48,115.51999999955297,2,C4;C7,2523,235497.77210259507,10364.982102595037,225132.79000000004,6285956.85968839,6257272.64470927,0.48132836031998305,28683.7336507593,329.7588322430001,0.0014596375085574387,86.98397388071227,86.98543351822083,0.0,235546.06646823004,10413.27646823,10313.877234866488,0.0,1.0,True,0.0,1.0,True,True,True,0.0,0.6826868561463527,0.0,0,0
170,focus_ce8ddf31de,BIHMH gen 24 focus / remove_fix,24999794.4,205.60000000149012,3,C4;C5;C7,2126,234751.13536076748,10096.415360767478,224654.72,6285973.367415024,6261765.06552921,2.2364310828740755e-06,24208.301883578293,326.86017194749985,6.84216455479712e-09,74.0631742905239,74.06317429736607,0.0,234799.10684649,10144.386846489999,10047.55428100877,0.0,1.0,True,0.0,1.0,True,True,True,0.0,0.4712447057727916,0.0,0,0
171,focus_6d38f9af67,BIHMH gen 91 focus / station_prune_fix,24999991.52,8.480000000447035,2,C4;C5,2520,235495.07681218008,10362.286812180038,225132.79000000004,6286109.5169746885,6261226.338492733,0.0008085052202544367,24883.177673449594,345.9247082050005,2.337228885585425e-06,71.93235141417948,71.93235375140837,0.0,235546.06646823004,10413.27646823,10313.877234866488,0.0,1.0,True,0.0,1.0,True,True,True,0.0,0.5605095564398389,0.0,0,0
172,focus_38cd21ff8c,BIHMH gen 41 focus / add_fix,24999353.92,646.0799999982119,3,C4;C5;C7,2196,234083.66561206992,10215.835612069963,223867.82999999996,6286204.689478206,6260846.212535097,4.778753798060075e-06,25358.476938330416,343.31869491250035,1.3919293848178028e-08,73.86279079498827,73.86279080890756,0.0,234134.35732061995,10266.52732062,10168.52887142021,0.0,1.0,True,0.0,1.0,True,True,True,0.0,0.47919283805833346,0.0,0,0
173,focus_ce8ddf31de,BIHMH gen 26 focus / crossover_fix,24999574.16,425.839999999851,3,C4;C5;C7,2128,234751.13536076748,10096.415360767478,224654.72,6286290.953350333,6262684.124516003,2.2655213943783337e-06,23606.828832064155,326.8601719475002,6.931163808915264e-09,72.22302029461041,72.22302030154157,0.0,234799.10684649,10144.386846489999,10047.55428100877,0.0,1.0,True,0.0,1.0,True,True,True,0.0,0.4712448577280931,0.0,0,0
174,focus_ce8ddf31de,BIHMH gen 24 focus / add_fix,24999794.4,205.60000000149012,3,C4;C5;C7,2126,234751.13536076748,10096.415360767478,224654.72,6286451.276141005,6262242.798627895,2.236889558786288e-06,24208.477510872337,326.8601719474997,6.843567221599509e-09,74.0637116068112,74.06371161365476,0.0,234799.10684649,10144.386846489999,10047.55428100877,0.0,1.0,True,0.0,1.0,True,True,True,0.0,0.47124472671230544,0.0,0,0
175,focus_ce8ddf31de,BIHMH gen 27 focus / mip_intensify,24999574.16,425.839999999851,3,C4;C5;C7,2154,234751.13536076748,10096.415360767478,224654.72,6286693.472394108,6263089.0794862555,2.2803074542907772e-06,23604.3929055724,326.8601719474998,6.976400461103103e-09,72.21556779136655,72.21556779834296,0.0,234799.10684649,10144.386846489999,10047.55428100877,0.0,1.0,True,0.0,1.0,True,True,True,0.0,0.4712448443205012,0.0,0,0
176,focus_ce8ddf31de,BIHMH gen 23 focus / add_fix,24999794.4,205.60000000149012,3,C4;C5;C7,2101,234751.13536076748,10096.415360767478,224654.72,6286879.6644278,6262669.715673497,2.2442013800748455e-06,24209.94875205878,326.86017194749996,6.865937096904261e-09,74.06821274005621,74.06821274692214,0.0,234799.10684649,10144.386846489999,10047.55428100877,0.0,1.0,True,0.0,1.0,True,True,True,0.0,0.4712449461499087,0.0,0,0
177,focus_ce8ddf31de,BIHMH gen 23 focus / add_fix,24999353.92,646.0799999982119,3,C4;C5;C7,2101,234751.13536076748,10096.415360767478,224654.72,6287204.407195163,6262990.874185335,2.2390518258620097e-06,24213.533007589107,326.8601719474997,6.850182487885513e-09,74.07917845517834,74.07917846202852,0.0,234799.10684649,10144.386846489999,10047.55428100877,0.0,1.0,True,0.0,1.0,True,True,True,0.0,0.4712446984513154,0.0,0,0
178,focus_ce8ddf31de,BIHMH gen 23 focus / mip_intensify,24999353.92,646.0799999982119,3,C4;C5;C7,2119,234751.13536076748,10096.415360767478,224654.72,6287542.482338102,6263933.081349342,2.259330843052084e-06,23609.40098649966,326.8601719474999,6.912224360620407e-09,72.23088957528844,72.23088958220067,0.0,234799.10684649,10144.386846489999,10047.55428100877,0.0,1.0,True,0.0,1.0,True,True,True,0.0,0.4712446995650074,0.0,0,0
179,focus_ce8ddf31de,BIHMH gen 23 focus / add_fix,24999353.92,646.0799999982119,3,C4;C5;C7,2102,234751.13536076748,10096.415360767478,224654.72,6287583.295257334,6263369.628475137,2.2389072414234375e-06,24213.66677995744,326.8601719475,6.849740144489212e-09,74.07958771999489,74.07958772684464,0.0,234799.10684649,10144.386846489999,10047.55428100877,0.0,1.0,True,0.0,1.0,True,True,True,0.0,0.4712447299651844,0.0,0,0
180,focus_ce8ddf31de,BIHMH gen 24 focus / add_fix,24999794.4,205.60000000149012,3,C4;C5;C7,2127,234751.13536076748,10096.415360767478,224654.72,6288072.776628767,6263864.756472021,2.234917718302982e-06,24208.02015451038,326.86017194749996,6.837534548754851e-09,74.06231236517448,74.06231237201202,0.0,234799.10684649,10144.386846489999,10047.55428100877,0.0,1.0,True,0.0,1.0,True,True,True,0.0,0.47124469840899386,0.0,0,0
181,focus_ce8ddf31de,BIHMH gen 26 focus / add_fix,24999574.16,425.839999999851,3,C4;C5;C7,2099,234751.13536076748,10096.415360767478,224654.72,6288194.582177498,6263980.828566446,2.238798938775278e-06,24213.753608813615,326.8601719474999,6.849408802045398e-09,74.0798533652574,74.07985337210681,0.0,234799.10684649,10144.386846489999,10047.55428100877,0.0,1.0,True,0.0,1.0,True,True,True,0.0,0.4712445607143346,0.0,0,0
182,focus_ce8ddf31de,BIHMH gen 22 focus / mip_intensify,24999574.16,425.839999999851,3,C4;C5;C7,2094,234751.13536076748,10096.415360767478,224654.72,6288206.127492409,6264593.076372853,2.262612590014273e-06,23613.051117294388,326.8601719474999,6.922264577336428e-09,72.24205682999856,72.24205683692082,0.0,234799.10684649,10144.386846489999,10047.55428100877,0.0,1.0,True,0.0,1.0,True,True,True,0.0,0.4712447211758172,0.0,0,0
183,focus_ce8ddf31de,BIHMH gen 24 focus / add_fix,24999574.16,425.839999999851,3,C4;C5;C7,2102,234751.13536076748,10096.415360767478,224654.72,6288629.320515696,6264416.100988324,2.2416379218491917e-06,24213.2195251309,326.8601719475001,6.858094421516859e-09,74.07821938311896,74.07821938997705,0.0,234799.10684649,10144.386846489999,10047.55428100877,0.0,1.0,True,0.0,1.0,True,True,True,0.0,0.47124459508429534,0.0,0,0
184,focus_ce8ddf31de,BIHMH gen 24 focus / add_fix,24999794.4,205.60000000149012,3,C4;C5;C7,2101,234751.13536076748,10096.415360767478,224654.72,6288669.869103447,6264456.940337637,2.2419764830346977e-06,24212.92876356766,326.86017194749974,6.85913021974058e-09,74.07732982364318,74.07732983050231,0.0,234799.10684649,10144.386846489999,10047.55428100877,0.0,1.0,True,0.0,1.0,True,True,True,0.0,0.4712447012530275,0.0,0,0
185,focus_ce8ddf31de,BIHMH gen 28 focus / remove_fix,24999794.4,205.60000000149012,3,C4;C5;C7,2104,234751.13536076748,10096.415360767478,224654.72,6288754.169991454,6264542.322445011,2.243007813395776e-06,24211.84754420085,326.8601719474999,6.862285484436588e-09,74.074021927914,74.07402193477628,0.0,234799.10684649,10144.386846489999,10047.55428100877,0.0,1.0,True,0.0,1.0,True,True,True,0.0,0.47124497054982517,0.0,0,0
186,focus_ce8ddf31de,BIHMH gen 26 focus / mip_intensify,24999353.92,646.0799999982119,3,C4;C5;C7,2145,234751.13536076748,10096.415360767478,224654.72,6288875.404329122,6265267.863956109,2.219790394425349e-06,23607.540370793635,326.8601719475,6.791253829426149e-09,72.22519718488509,72.22519719167634,0.0,234799.10684649,10144.386846489999,10047.55428100877,0.0,1.0,True,0.0,1.0,True,True,True,0.0,0.47124562366375694,0.0,0,0
187,focus_6b4c33ee94,BIHMH gen 39 focus / crossover_fix,24999353.92,646.0799999982119,3,C4;C5;C7,2241,234770.175293555,9943.175293554988,224827.0,6289039.149588112,6264295.189727085,7.569875392855458e-06,24743.959853457025,343.89143222999985,2.201239892418317e-08,71.95282445102583,71.95282447303823,0.0,234819.73415359,9992.73415359,9897.349178735773,0.0,1.0,True,0.0,1.0,True,True,True,0.0,0.4641687058240116,0.0,0,0
188,focus_ce8ddf31de,BIHMH gen 23 focus / swap_fix,24999794.4,205.60000000149012,3,C4;C5;C7,2101,234751.13536076748,10096.415360767478,224654.72,6289783.6318846615,6265570.763714466,2.2445099569267366e-06,24212.868167951,326.8601719474999,6.8668811606916996e-09,74.07714443667385,74.07714444354073,0.0,234799.10684649,10144.386846489999,10047.55428100877,0.0,1.0,True,0.0,1.0,True,True,True,0.0,0.4712449678895033,0.0,0,0
189,focus_ce8ddf31de,BIHMH gen 25 focus / swap_fix,24999574.16,425.839999999851,3,C4;C5;C7,2091,234751.13536076748,10096.415360767478,224654.72,6290302.213312981,6266096.603276839,2.257243872761621e-06,24205.610033884303,326.8601719475,6.905839458238362e-09,74.05493881271097,74.05493881961681,0.0,234799.10684649,10144.386846489999,10047.55428100877,0.0,1.0,True,0.0,1.0,True,True,True,0.0,0.4712446432313584,0.0,0,0
190,focus_ce8ddf31de,BIHMH gen 24 focus / swap_fix,24999574.16,425.839999999851,3,C4;C5;C7,2104,234751.13536076748,10096.415360767478,224654.72,6290397.255531037,6266184.543668188,2.2433203472188864e-06,24212.71186060569,326.86017194749985,6.863241654230078e-09,74.07666622807359,74.07666623493684,0.0,234799.10684649,10144.386846489999,10047.55428100877,0.0,1.0,True,0.0,1.0,True,True,True,0.0,0.4712448424015987,0.0,0,0
191,focus_2096f79153,BIHMH gen 54 focus / station_prune_fix,24999771.28,228.7199999988079,2,C4;C5,2469,237415.2979559625,10130.627955962484,227284.67,6290677.8874277435,6267386.96135207,0.00016175472042580984,23290.92591391834,323.9394372049999,4.993363013205643e-07,71.89901333062777,71.89901382996406,0.0,237465.61268474002,10180.94268474,10083.761177952152,0.0,1.0,True,0.0,1.0,True,True,True,0.0,0.5366551835896165,0.0,0,0
192,focus_ce8ddf31de,BIHMH gen 21 focus / add_fix,24999574.16,425.839999999851,3,C4;C5;C7,2074,234751.13536076748,10096.415360767478,224654.72,6291035.163828091,6266827.319073897,2.2410956510539323e-06,24207.844751953442,326.8601719475,6.856435391626408e-09,74.06177573645064,74.06177574330708,0.0,234799.10684649,10144.386846489999,10047.55428100877,0.0,1.0,True,0.0,1.0,True,True,True,0.0,0.47124461247783744,0.0,0,0
193,focus_ce8ddf31de,BIHMH gen 24 focus / swap_fix,24999794.4,205.60000000149012,3,C4;C5;C7,2086,234751.13536076748,10096.415360767478,224654.72,6291041.229660579,6266831.409697502,2.2532048052736686e-06,24209.819960824552,326.8601719474999,6.893482285861298e-09,74.06781871458209,74.06781872147558,0.0,234799.10684649,10144.386846489999,10047.55428100877,0.0,1.0,True,0.0,1.0,True,True,True,0.0,0.4712446296882661,0.0,0,0
194,focus_6b4c33ee94,BIHMH gen 38 focus / add_fix,24999794.4,205.60000000149012,3,C4;C5;C7,2246,234770.175293555,9943.175293554988,224827.0,6291140.924465694,6266389.616818145,7.545602935662072e-06,24751.30764000363,343.8914322299997,2.1941817179718107e-08,71.97419103901835,71.97419106096017,0.0,234819.73415359,9992.73415359,9897.349178735773,0.0,1.0,True,0.0,1.0,True,True,True,0.0,0.46416839935217435,0.0,0,0
195,focus_6d38f9af67,BIHMH gen 99 focus / crossover_fix,24999353.92,646.0799999982119,3,C4;C5;C7,2358,235497.77210259507,10364.982102595037,225132.79000000004,6291161.916216837,6265807.502839972,0.00024493919139807887,25354.41313192628,348.61999862000005,7.025965015422581e-07,72.72793652771163,72.72793723030813,0.0,235546.06646823004,10413.27646823,10313.877234866488,0.0,1.0,True,0.0,1.0,True,True,True,0.0,0.5425929599366149,0.0,0,0
196,focus_2096f79153,BIHMH gen 54 focus / station_prune_fix,24999991.52,8.480000000447035,2,C4;C5,2507,237415.2979559625,10130.627955962484,227284.67,6291224.467316132,6267880.526294695,0.00016170112358085222,23343.940859736384,323.939437205,4.991708480326901e-07,72.0626702977308,72.06267079690166,0.0,237465.61268474002,10180.94268474,10083.761177952152,0.0,1.0,True,0.0,1.0,True,True,True,0.0,0.5366543970226978,0.0,0,0
197,focus_6d38f9af67,BIHMH gen 97 focus / crossover_fix,24999353.92,646.0799999982119,3,C4;C5;C7,2359,235497.77210259507,10364.982102595037,225132.79000000004,6291299.146207292,6265943.429460323,0.00024493688871898384,25355.716502031195,348.61999862000005,7.025898964160342e-07,72.73167518329672,72.73167588588662,0.0,235546.06646823004,10413.27646823,10313.877234866488,0.0,1.0,True,0.0,1.0,True,True,True,0.0,0.5425928472058483,0.0,0,0
198,focus_6b4c33ee94,BIHMH gen 38 focus / add_fix,24999353.92,646.0799999982119,3,C4;C5;C7,2244,234770.175293555,9943.175293554988,224827.0,6291352.473123674,6266601.138927052,7.533279838077883e-06,24751.33418908864,343.8914322299998,2.190598291218698e-08,71.97426824095628,71.97426826286227,0.0,234819.73415359,9992.73415359,9897.349178735773,0.0,1.0,True,0.0,1.0,True,True,True,0.0,0.4641684326672092,0.0,0,0
199,focus_ce8ddf31de,BIHMH gen 26 focus / add_fix,24999794.4,205.60000000149012,3,C4;C5;C7,2093,234751.13536076748,10096.415360767478,224654.72,6291373.05152969,6267762.9236325305,2.269660837427541e-06,23610.127894889367,326.86017194749985,6.9438280715097124e-09,72.23311348768921,72.23311349463303,0.0,234799.10684649,10144.386846489999,10047.55428100877,0.0,1.0,True,0.0,1.0,True,True,True,0.0,0.4712443748228111,0.0,0,0
200,focus_ce8ddf31de,BIHMH gen 22 focus / crossover_fix,24999353.92,646.0799999982119,3,C4;C5;C7,2081,234751.13536076748,10096.415360767478,224654.72,6291424.420621786,6267799.832986008,2.2624141507053273e-06,23624.587633515785,326.8601719474998,6.921657469692318e-09,72.27735178855123,72.27735179547288,0.0,234799.10684649,10144.386846489999,10047.55428100877,0.0,1.0,True,0.0,1.0,True,True,True,0.0,0.4712446236475244,0.0,0,0
201,focus_6d38f9af67,BIHMH gen 99 focus / crossover_fix,24999794.4,205.60000000149012,3,C4;C5;C7,2363,235497.77210259507,10364.982102595037,225132.79000000004,6291436.40078733,6266080.014585694,0.00024493566028604307,25356.385956700306,348.61999862000005,7.025863727141651e-07,72.73359548239534,72.73359618498172,0.0,235546.06646823004,10413.27646823,10313.877234866488,0.0,1.0,True,0.0,1.0,True,True,True,0.0,0.5425928470565866,0.0,0,0
202,focus_6d38f9af67,BIHMH gen 90 focus / crossover_fix,24999794.4,205.60000000149012,3,C4;C5;C7,2360,235497.77210259507,10364.982102595037,225132.79000000004,6291455.440610378,6266105.09586576,0.00024494781528208113,25350.34449966979,348.61999862000044,7.026212387461939e-07,72.7162658482537,72.71626655087493,0.0,235546.06646823004,10413.27646823,10313.877234866488,0.0,1.0,True,0.0,1.0,True,True,True,0.0,0.5425928500976621,0.0,0,0
203,focus_ce8ddf31de,BIHMH gen 24 focus / add_fix,24999574.16,425.839999999851,3,C4;C5;C7,2088,234751.13536076748,10096.415360767478,224654.72,6291459.917607186,6267251.520536002,2.2530088004192093e-06,24208.397068931623,326.8601719475001,6.892882626216953e-09,74.06346550175574,74.06346550864862,0.0,234799.10684649,10144.386846489999,10047.55428100877,0.0,1.0,True,0.0,1.0,True,True,True,0.0,0.4712446296879496,0.0,0,0
204,focus_6d38f9af67,BIHMH gen 94 focus / add_fix,24999574.16,425.839999999851,3,C4;C5;C7,2403,235497.77210259507,10364.982102595037,225132.79000000004,6291493.70929408,6266143.214141709,0.00024484127358677984,25350.494907529806,348.61999862000005,7.02315628925407e-07,72.71669728609616,72.7166979884118,0.0,235546.06646823004,10413.27646823,10313.877234866488,0.0,1.0,True,0.0,1.0,True,True,True,0.0,0.5425918301972997,0.0,0,0
205,focus_6d38f9af67,BIHMH gen 90 focus / swap_fix,24999794.4,205.60000000149012,3,C4;C5;C7,2361,235497.77210259507,10364.982102595037,225132.79000000004,6291691.660018772,6266339.7289862055,0.00024494635740126837,25351.930787619694,348.6199986200002,7.026170568839417e-07,72.72081604031439,72.72081674293145,0.0,235546.06646823004,10413.27646823,10313.877234866488,0.0,1.0,True,0.0,1.0,True,True,True,0.0,0.5425928545795337,0.0,0,0
206,focus_ce8ddf31de,BIHMH gen 25 focus / add_fix,24999794.4,205.60000000149012,3,C4;C5;C7,2088,234751.13536076748,10096.415360767478,224654.72,6291702.64656895,6267496.413651785,2.25491754289418e-06,24206.232914910248,326.86017194749996,6.898722256244678e-09,74.0568444625252,74.05684446942392,0.0,234799.10684649,10144.386846489999,10047.55428100877,0.0,1.0,True,0.0,1.0,True,True,True,0.0,0.47124464315083125,0.0,0,0
207,focus_6d38f9af67,BIHMH gen 94 focus / swap_fix,24999794.4,205.60000000149012,3,C4;C5;C7,2361,235497.77210259507,10364.982102595037,225132.79000000004,6291706.633350596,6266354.712259818,0.00024494636388833695,25351.920845831686,348.6199986199999,7.026170754917923e-07,72.72078752276514,72.72078822538221,0.0,235546.06646823004,10413.27646823,10313.877234866488,0.0,1.0,True,0.0,1.0,True,True,True,0.0,0.5425928536975073,0.0,0,0
208,focus_6d38f9af67,BIHMH gen 95 focus / swap_fix,24999794.4,205.60000000149012,3,C4;C5;C7,2361,235497.77210259507,10364.982102595037,225132.79000000004,6291718.662484294,6266366.63301209,0.00024494646952773495,25352.02922725816,348.6199986200004,7.026173785134148e-07,72.72109840976779,72.72109911238518,0.0,235546.06646823004,10413.27646823,10313.877234866488,0.0,1.0,True,0.0,1.0,True,True,True,0.0,0.5425928536085881,0.0,0,0
209,focus_6d38f9af67,BIHMH gen 96 focus / add_fix,24999794.4,205.60000000149012,3,C4;C5;C7,2359,235497.77210259507,10364.982102595037,225132.79000000004,6291750.62058697,6266396.586997977,0.0002449324545230885,25354.033344060514,348.6199986200002,7.025771771345444e-07,72.7268471241568,72.72684782673399,0.0,235546.06646823004,10413.27646823,10313.877234866488,0.0,1.0,True,0.0,1.0,True,True,True,0.0,0.5425928592337651,0.0,0,0
210,focus_6d38f9af67,BIHMH gen 95 focus / crossover_fix,24999794.4,205.60000000149012,3,C4;C5;C7,2362,235497.77210259507,10364.982102595037,225132.79000000004,6291753.026756371,6266401.026120228,0.00024494637832214196,25352.000391197427,348.61999862,7.026171168944799e-07,72.72101569488964,72.72101639750676,0.0,235546.06646823004,10413.27646823,10313.877234866488,0.0,1.0,True,0.0,1.0,True,True,True,0.0,0.5425928544849501,0.0,0,0
211,focus_6d38f9af67,BIHMH gen 97 focus / swap_fix,24999794.4,205.60000000149012,3,C4;C5;C7,2362,235497.77210259507,10364.982102595037,225132.79000000004,6291757.8701857785,6266405.447287507,0.00024494652139506374,25352.422653324727,348.6199986200001,7.026175272923982e-07,72.72222693385747,72.722227636475,0.0,235546.06646823004,10413.27646823,10313.877234866488,0.0,1.0,True,0.0,1.0,True,True,True,0.0,0.5425928543075934,0.0,0,0
212,focus_6d38f9af67,BIHMH gen 90 focus / swap_fix,24999574.16,425.839999999851,3,C4;C5;C7,2361,235497.77210259507,10364.982102595037,225132.79000000004,6291760.321264487,6266408.381686788,0.0002449464829256733,25351.93933275232,348.6199986199999,7.026174169447691e-07,72.72084055162381,72.72084125424122,0.0,235546.06646823004,10413.27646823,10313.877234866488,0.0,1.0,True,0.0,1.0,True,True,True,0.0,0.5425928537023583,0.0,0,0
213,focus_6d38f9af67,BIHMH gen 93 focus / swap_fix,24999794.4,205.60000000149012,3,C4;C5;C7,2361,235497.77210259507,10364.982102595037,225132.79000000004,6291760.3222411815,6266408.382655134,0.0002449464829102277,25351.93934110109,348.6199986199999,7.026174169004642e-07,72.72084057557186,72.72084127818927,0.0,235546.06646823004,10413.27646823,10313.877234866488,0.0,1.0,True,0.0,1.0,True,True,True,0.0,0.542592853702358,0.0,0,0
214,focus_6d38f9af67,BIHMH gen 95 focus / mip_intensify,24999794.4,205.60000000149012,3,C4;C5;C7,2360,235497.77210259507,10364.982102595037,225132.79000000004,6291761.467775434,6266410.986792276,0.0002449476498842602,25350.48073821007,348.61999862000005,7.026207643103575e-07,72.71665664207175,72.71665734469252,0.0,235546.06646823004,10413.27646823,10313.877234866488,0.0,1.0,True,0.0,1.0,True,True,True,0.0,0.5425928536120584,0.0,0,0
215,focus_6d38f9af67,BIHMH gen 97 focus / swap_fix,24999794.4,205.60000000149012,3,C4;C5;C7,2362,235497.77210259507,10364.982102595037,225132.79000000004,6291769.991401279,6266417.89327813,0.00024494649336639137,25352.097878202563,348.61999862,7.026174468934756e-07,72.72129533175936,72.7212960343768,0.0,235546.06646823004,10413.27646823,10313.877234866488,0.0,1.0,True,0.0,1.0,True,True,True,0.0,0.5425928535901885,0.0,0,0
216,focus_ce8ddf31de,BIHMH gen 20 focus / swap_fix,24999794.4,205.60000000149012,3,C4;C5;C7,2076,234751.13536076748,10096.415360767478,224654.72,6291771.519569776,6268164.150154946,2.2712741131327353e-06,23607.36941255771,326.86017194749996,6.948763746895249e-09,72.22467415317125,72.22467416012002,0.0,234799.10684649,10144.386846489999,10047.55428100877,0.0,1.0,True,0.0,1.0,True,True,True,0.0,0.47124463775144176,0.0,0,0
217,focus_6d38f9af67,BIHMH gen 96 focus / add_fix,24999794.4,205.60000000149012,3,C4;C5;C7,2359,235497.77210259507,10364.982102595037,225132.79000000004,6291779.251890766,6266423.515417059,0.00024493694887564105,25355.7362287703,348.61999862000005,7.025900689725641e-07,72.73173176851611,72.73173247110618,0.0,235546.06646823004,10413.27646823,10313.877234866488,0.0,1.0,True,0.0,1.0,True,True,True,0.0,0.542592850772026,0.0,0,0
218,focus_6b4c33ee94,BIHMH gen 39 focus / add_fix,24999574.16,425.839999999851,3,C4;C5;C7,2246,234770.175293555,9943.175293554988,224827.0,6291779.637800279,6267024.362728636,7.4131262139748285e-06,24755.275064230253,343.8914322299999,2.155658885103254e-08,71.98572789005556,71.98572791161214,0.0,234819.73415359,9992.73415359,9897.349178735773,0.0,1.0,True,0.0,1.0,True,True,True,0.0,0.46416823843799415,0.0,0,0
219,focus_6d38f9af67,BIHMH gen 90 focus / remove_fix,24999574.16,425.839999999851,3,C4;C5;C7,2360,235497.77210259507,10364.982102595037,225132.79000000004,6291803.066158039,6266452.716790221,0.00024494787403186015,25350.34912286987,348.61999862000005,7.02621407267161e-07,72.71627910968485,72.71627981230625,0.0,235546.06646823004,10413.27646823,10313.877234866488,0.0,1.0,True,0.0,1.0,True,True,True,0.0,0.5425928537340287,0.0,0,0
220,focus_6d38f9af67,BIHMH gen 92 focus / swap_fix,24999794.4,205.60000000149012,3,C4;C5;C7,2361,235497.77210259507,10364.982102595037,225132.79000000004,6291806.87585299,6266454.936255002,0.00024494648292130425,25351.939353041424,348.6199986200002,7.02617416932236e-07,72.72084060982206,72.72084131243948,0.0,235546.06646823004,10413.27646823,10313.877234866488,0.0,1.0,True,0.0,1.0,True,True,True,0.0,0.5425928537023593,0.0,0,0
221,focus_6b4c33ee94,BIHMH gen 37 focus / mip_intensify,24999574.16,425.839999999851,3,C4;C5;C7,2242,234770.175293555,9943.175293554988,224827.0,6291822.189720924,6267074.10403063,7.599729027707649e-06,24748.0856826952,343.89143222999985,2.209921014439474e-08,71.96482192712293,71.96482194922214,0.0,234819.73415359,9992.73415359,9897.349178735773,0.0,1.0,True,0.0,1.0,True,True,True,0.0,0.4641683956785192,0.0,0,0
222,focus_6d38f9af67,BIHMH gen 90 focus / swap_fix,24999353.92,646.0799999982119,3,C4;C5;C7,2361,235497.77210259507,10364.982102595037,225132.79000000004,6291846.693107624,6266496.28934189,0.00024494776130379054,25350.403520785687,348.6199986200003,7.026210839120172e-07,72.716435147537,72.71643585015808,0.0,235546.06646823004,10413.27646823,10313.877234866488,0.0,1.0,True,0.0,1.0,True,True,True,0.0,0.5425928536492618,0.0,0,0
223,focus_6d38f9af67,BIHMH gen 92 focus / swap_fix,24999574.16,425.839999999851,3,C4;C5;C7,2361,235497.77210259507,10364.982102595037,225132.79000000004,6291846.694084576,6266496.290310165,0.00024494776128786226,25350.403529463387,348.61999862000005,7.026210838663281e-07,72.71643517242862,72.7164358750497,0.0,235546.06646823004,10413.27646823,10313.877234866488,0.0,1.0,True,0.0,1.0,True,True,True,0.0,0.5425928536492617,0.0,0,0
224,focus_6d38f9af67,BIHMH gen 97 focus / remove_fix,24999794.4,205.60000000149012,3,C4;C5;C7,2361,235497.77210259507,10364.982102595037,225132.79000000004,6291859.060617869,6266508.546703586,0.0002449478050690555,25350.51366933467,348.61999862000016,7.026212094506129e-07,72.71675110344724,72.71675180606844,0.0,235546.06646823004,10413.27646823,10313.877234866488,0.0,1.0,True,0.0,1.0,True,True,True,0.0,0.542592849668443,0.0,0,0
225,focus_6d38f9af67,BIHMH gen 96 focus / remove_fix,24999353.92,646.0799999982119,3,C4;C5;C7,2361,235497.77210259507,10364.982102595037,225132.79000000004,6291872.18086851,6266521.666284278,0.00024494786361447217,25350.514339284477,348.61999862000016,7.026213773853753e-07,72.71675302516661,72.71675372778799,0.0,235546.06646823004,10413.27646823,10313.877234866488,0.0,1.0,True,0.0,1.0,True,True,True,0.0,0.542592853562347,0.0,0,0
226,focus_6d38f9af67,BIHMH gen 93 focus / swap_fix,24999574.16,425.839999999851,3,C4;C5;C7,2361,235497.77210259507,10364.982102595037,225132.79000000004,6291873.043162143,6266522.648979628,0.0002449478955742702,25350.393937566198,348.61999861999993,7.02621469060547e-07,72.7164076585246,72.71640836114607,0.0,235546.06646823004,10413.27646823,10313.877234866488,0.0,1.0,True,0.0,1.0,True,True,True,0.0,0.5425928537107888,0.0,0,0
227,focus_6d38f9af67,BIHMH gen 99 focus / swap_fix,24999794.4,205.60000000149012,3,C4;C5;C7,2363,235497.77210259507,10364.982102595037,225132.79000000004,6291883.925497714,6266532.252313932,0.00024494766477567957,25351.672938833544,348.6199986200002,7.026208070256902e-07,72.72007641325006,72.72007711587086,0.0,235546.06646823004,10413.27646823,10313.877234866488,0.0,1.0,True,0.0,1.0,True,True,True,0.0,0.5425928543767081,0.0,0,0
228,focus_6d38f9af67,BIHMH gen 92 focus / swap_fix,24999794.4,205.60000000149012,3,C4;C5;C7,2361,235497.77210259507,10364.982102595037,225132.79000000004,6291886.667503152,6266534.333166853,0.0002449465595511268,25352.33409135351,348.6199986200001,7.026176367412629e-07,72.72197289802601,72.72197360064365,0.0,235546.06646823004,10413.27646823,10313.877234866488,0.0,1.0,True,0.0,1.0,True,True,True,0.0,0.5425928545104994,0.0,0,0
229,focus_6d38f9af67,BIHMH gen 98 focus / crossover_fix,24999794.4,205.60000000149012,3,C4;C5;C7,2363,235497.77210259507,10364.982102595037,225132.79000000004,6291892.071363187,6266540.39061557,0.00024494764698006216,25351.680502669187,348.6199986200003,7.026207559798021e-07,72.72009810975533,72.72009881237608,0.0,235546.06646823004,10413.27646823,10313.877234866488,0.0,1.0,True,0.0,1.0,True,True,True,0.0,0.5425928544677352,0.0,0,0
230,focus_6d38f9af67,BIHMH gen 98 focus / crossover_fix,24999794.4,205.60000000149012,3,C4;C5;C7,2403,235497.77210259507,10364.982102595037,225132.79000000004,6291892.958807397,6266541.925889719,0.0002448729984045829,25351.03267280513,348.61999862000016,7.024066300668462e-07,72.71823984038865,72.71824054279527,0.0,235546.06646823004,10413.27646823,10313.877234866488,0.0,1.0,True,0.0,1.0,True,True,True,0.0,0.5425925145372963,0.0,0,0
231,focus_6b4c33ee94,BIHMH gen 39 focus / mip_intensify,24999574.16,425.839999999851,3,C4;C5;C7,2244,234770.175293555,9943.175293554988,224827.0,6291895.95770988,6267146.066331917,7.438870548693573e-06,24749.891370523826,343.89143222999985,2.163145066003954e-08,71.97007267680551,71.97007269843697,0.0,234819.73415359,9992.73415359,9897.349178735773,0.0,1.0,True,0.0,1.0,True,True,True,0.0,0.4641680465736198,0.0,0,0
232,focus_6d38f9af67,BIHMH gen 91 focus / crossover_fix,24999353.92,646.0799999982119,3,C4;C5;C7,2354,235497.77210259507,10364.982102595037,225132.79000000004,6291908.814765033,6266578.496131937,0.00024496724418831374,25330.31838812877,348.61999862,7.026769696460558e-07,72.65882189317293,72.6588225958499,0.0,235546.06646823004,10413.27646823,10313.877234866488,0.0,1.0,True,0.0,1.0,True,True,True,0.0,0.5425928432011282,0.0,0,0
233,focus_6d38f9af67,BIHMH gen 94 focus / swap_fix,24999794.4,205.60000000149012,3,C4;C5;C7,2363,235497.77210259507,10364.982102595037,225132.79000000004,6291918.337422108,6266568.335759668,0.00024494905354394435,25350.00141749112,348.6199986200002,7.026247906418633e-07,72.71528173322871,72.7152824358535,0.0,235546.06646823004,10413.27646823,10313.877234866488,0.0,1.0,True,0.0,1.0,True,True,True,0.0,0.5425928545170466,0.0,0,0
234,focus_6d38f9af67,BIHMH gen 93 focus / swap_fix,24999794.4,205.60000000149012,3,C4;C5;C7,2362,235497.77210259507,10364.982102595037,225132.79000000004,6291939.088843588,6266588.781085743,0.00024494771133977216,25350.30751289722,348.6199986200003,7.026209405925904e-07,72.71615975344358,72.71616045606451,0.0,235546.06646823004,10413.27646823,10313.877234866488,0.0,1.0,True,0.0,1.0,True,True,True,0.0,0.5425928509670637,0.0,0,0
235,focus_6d38f9af67,BIHMH gen 94 focus / swap_fix,24999794.4,205.60000000149012,3,C4;C5;C7,2361,235497.77210259507,10364.982102595037,225132.79000000004,6291941.285226482,6266588.952306617,0.0002449465085185957,25352.332674918704,348.6199986200003,7.026174903568574e-07,72.72196883504962,72.7219695376671,0.0,235546.06646823004,10413.27646823,10313.877234866488,0.0,1.0,True,0.0,1.0,True,True,True,0.0,0.5425928544014084,0.0,0,0
236,focus_6d38f9af67,BIHMH gen 99 focus / crossover_fix,24999794.4,205.60000000149012,3,C4;C5;C7,2354,235497.77210259507,10364.982102595037,225132.79000000004,6291949.623625136,6266618.972184567,0.0002449673946335287,25330.651195601757,348.6199986199999,7.026774011910494e-07,72.65977653569003,72.65977723836743,0.0,235546.06646823004,10413.27646823,10313.877234866488,0.0,1.0,True,0.0,1.0,True,True,True,0.0,0.5425928431783806,0.0,0,0
237,focus_ce8ddf31de,BIHMH gen 22 focus / add_fix,24999794.4,205.60000000149012,3,C4;C5;C7,2086,234751.13536076748,10096.415360767478,224654.72,6291965.7464608075,6267757.860350696,2.248598838986759e-06,24207.886107862767,326.8601719475,6.879390736378634e-09,74.06190226122446,74.06190226810385,0.0,234799.10684649,10144.386846489999,10047.55428100877,0.0,1.0,True,0.0,1.0,True,True,True,0.0,0.47124460897839343,0.0,0,0
238,focus_6d38f9af67,BIHMH gen 96 focus / swap_fix,24999574.16,425.839999999851,3,C4;C5;C7,2361,235497.77210259507,10364.982102595037,225132.79000000004,6291968.519938418,6266618.049353979,0.0002449477608746543,25350.470339490952,348.6199986199999,7.026210826810611e-07,72.71662681383715,72.71662751645823,0.0,235546.06646823004,10413.27646823,10313.877234866488,0.0,1.0,True,0.0,1.0,True,True,True,0.0,0.5425928544321333,0.0,0,0
239,focus_6d38f9af67,BIHMH gen 95 focus / crossover_fix,24999353.92,646.0799999982119,3,C4;C5;C7,2355,235497.77210259507,10364.982102595037,225132.79000000004,6291986.702919861,6266656.487279175,0.0002449683605792544,25330.215395717627,348.61999862,7.026801719607396e-07,72.6585264643061,72.65852716698627,0.0,235546.06646823004,10413.27646823,10313.877234866488,0.0,1.0,True,0.0,1.0,True,True,True,0.0,0.5425928458841082,0.0,0,0
240,focus_6d38f9af67,BIHMH gen 95 focus / swap_fix,24999794.4,205.60000000149012,3,C4;C5;C7,2362,235497.77210259507,10364.982102595037,225132.79000000004,6291998.198640982,6266648.1991941985,0.00024494905459865367,25349.999201834038,348.6199986199999,7.02624793667248e-07,72.7152753777211,72.71527608034589,0.0,235546.06646823004,10413.27646823,10313.877234866488,0.0,1.0,True,0.0,1.0,True,True,True,0.0,0.542592854517046,0.0,0,0
241,focus_ce8ddf31de,BIHMH gen 22 focus / swap_fix,24999794.4,205.60000000149012,3,C4;C5;C7,2084,234751.13536076748,10096.415360767478,224654.72,6292003.385752762,6267796.124635728,2.240991686882265e-06,24207.261114793087,326.8601719475001,6.85611732237053e-09,74.05999014979785,74.05999015665397,0.0,234799.10684649,10144.386846489999,10047.55428100877,0.0,1.0,True,0.0,1.0,True,True,True,0.0,0.47124461187043737,0.0,0,0
242,focus_6d38f9af67,BIHMH gen 96 focus / swap_fix,24999794.4,205.60000000149012,3,C4;C5;C7,2361,235497.77210259507,10364.982102595037,225132.79000000004,6292014.076604811,6266663.341600267,0.0002449479450079516,25350.734759595616,348.61999861999976,7.026216108587275e-07,72.71738529041829,72.7173859930399,0.0,235546.06646823004,10413.27646823,10313.877234866488,0.0,1.0,True,0.0,1.0,True,True,True,0.0,0.5425928544330333,0.0,0,0
243,focus_6d38f9af67,BIHMH gen 90 focus / crossover_fix,24999353.92,646.0799999982119,3,C4;C5;C7,2354,235497.77210259507,10364.982102595037,225132.79000000004,6292033.980920903,6266703.347624975,0.00024496734298387943,25330.63305096058,348.6199986199999,7.026772530364699e-07,72.65972448864382,72.65972519132107,0.0,235546.06646823004,10413.27646823,10313.877234866488,0.0,1.0,True,0.0,1.0,True,True,True,0.0,0.5425928476146508,0.0,0,0
244,focus_6d38f9af67,BIHMH gen 90 focus / swap_fix,24999574.16,425.839999999851,3,C4;C5;C7,2363,235497.77210259507,10364.982102595037,225132.79000000004,6292036.694728731,6266686.379517129,0.000244947732769314,25350.314966654285,348.61999862000016,7.026210020622192e-07,72.71618113419369,72.7161818368147,0.0,235546.06646823004,10413.27646823,10313.877234866488,0.0,1.0,True,0.0,1.0,True,True,True,0.0,0.542592851164171,0.0,0,0
245,focus_6d38f9af67,BIHMH gen 95 focus / swap_fix,24999353.92,646.0799999982119,3,C4;C5;C7,2361,235497.77210259507,10364.982102595037,225132.79000000004,6292046.796729175,6266696.136443683,0.0002449479404550535,25350.66004054402,348.6199986200002,7.026215977989534e-07,72.71717096234782,72.71717166496941,0.0,235546.06646823004,10413.27646823,10313.877234866488,0.0,1.0,True,0.0,1.0,True,True,True,0.0,0.5425928545114667,0.0,0,0
246,focus_6d38f9af67,BIHMH gen 98 focus / crossover_fix,24999794.4,205.60000000149012,3,C4;C5;C7,2356,235497.77210259507,10364.982102595037,225132.79000000004,6292067.218756836,6266737.016319791,0.0002449681882963778,25330.202192076165,348.61999862000033,7.026796777754447e-07,72.65848859028414,72.65848929296381,0.0,235546.06646823004,10413.27646823,10313.877234866488,0.0,1.0,True,0.0,1.0,True,True,True,0.0,0.5425928430476469,0.0,0,0
247,focus_6d38f9af67,BIHMH gen 92 focus / mip_intensify,24999794.4,205.60000000149012,3,C4;C5;C7,2370,235497.77210259507,10364.982102595037,225132.79000000004,6292068.7209263295,6266736.809867305,0.0002449628972706031,25331.91081406185,348.61999862000016,7.026645007179163e-07,72.66338969174836,72.66339039441286,0.0,235546.06646823004,10413.27646823,10313.877234866488,0.0,1.0,True,0.0,1.0,True,True,True,0.0,0.5425924723420757,0.0,0,0
248,focus_6d38f9af67,BIHMH gen 96 focus / crossover_fix,24999353.92,646.0799999982119,3,C4;C5;C7,2354,235497.77210259507,10364.982102595037,225132.79000000004,6292070.029302223,6266739.71195236,0.00024496730902031136,25330.317104894566,348.6199986200001,7.026771556135786e-07,72.6588182122762,72.65881891495336,0.0,235546.06646823004,10413.27646823,10313.877234866488,0.0,1.0,True,0.0,1.0,True,True,True,0.0,0.542592847642305,0.0,0,0
249,focus_6d38f9af67,BIHMH gen 92 focus / swap_fix,24999353.92,646.0799999982119,3,C4;C5;C7,2361,235497.77210259507,10364.982102595037,225132.79000000004,6292081.663453786,6266731.336067619,0.00024494788544567086,25350.32714121869,348.61999862000016,7.026214400071376e-07,72.71621605635666,72.71621675897809,0.0,235546.06646823004,10413.27646823,10313.877234866488,0.0,1.0,True,0.0,1.0,True,True,True,0.0,0.5425928546086422,0.0,0,0
250,focus_6d38f9af67,BIHMH gen 90 focus / crossover_fix,24999794.4,205.60000000149012,3,C4;C5;C7,2355,235497.77210259507,10364.982102595037,225132.79000000004,6292085.015343218,6266754.481281661,0.00024496839888529944,25330.533816587886,348.61999862000016,7.026802818398201e-07,72.65943983953274,72.65944054221302,0.0,235546.06646823004,10413.27646823,10313.877234866488,0.0,1.0,True,0.0,1.0,True,True,True,0.0,0.5425928466612643,0.0,0,0
251,focus_6d38f9af67,BIHMH gen 93 focus / crossover_fix,24999794.4,205.60000000149012,3,C4;C5;C7,2355,235497.77210259507,10364.982102595037,225132.79000000004,6292110.023309869,6266779.829684865,0.00024496836608289255,25330.193380035114,348.6199986199998,7.02680187747666e-07,72.6584633133607,72.65846401604088,0.0,235546.06646823004,10413.27646823,10313.877234866488,0.0,1.0,True,0.0,1.0,True,True,True,0.0,0.5425928467601501,0.0,0,0
252,focus_6d38f9af67,BIHMH gen 92 focus / crossover_fix,24999353.92,646.0799999982119,3,C4;C5;C7,2355,235497.77210259507,10364.982102595037,225132.79000000004,6292112.19329199,6266781.660045873,0.0002449683989439799,25330.53300114838,348.61999862,7.026802820081426e-07,72.65943750048305,72.65943820316333,0.0,235546.06646823004,10413.27646823,10313.877234866488,0.0,1.0,True,0.0,1.0,True,True,True,0.0,0.542592846661264,0.0,0,0
253,focus_6d38f9af67,BIHMH gen 99 focus / swap_fix,24999574.16,425.839999999851,3,C4;C5;C7,2362,235497.77210259507,10364.982102595037,225132.79000000004,6292115.444667154,6266765.038178362,0.00024494773948166516,25350.406243844194,348.61999862000033,7.026210213162811e-07,72.7164429585017,72.71644366112272,0.0,235546.06646823004,10413.27646823,10313.877234866488,0.0,1.0,True,0.0,1.0,True,True,True,0.0,0.5425928536338183,0.0,0,0
254,focus_6d38f9af67,BIHMH gen 99 focus / crossover_fix,24999353.92,646.0799999982119,3,C4;C5;C7,2355,235497.77210259507,10364.982102595037,225132.79000000004,6292136.974002856,6266806.781154117,0.00024496836614235713,25330.192603770793,348.61999861999993,7.026801879182372e-07,72.65846108668313,72.65846178936332,0.0,235546.06646823004,10413.27646823,10313.877234866488,0.0,1.0,True,0.0,1.0,True,True,True,0.0,0.5425928467601511,0.0,0,0
255,focus_6d38f9af67,BIHMH gen 91 focus / crossover_fix,24999794.4,205.60000000149012,3,C4;C5;C7,2354,235497.77210259507,10364.982102595037,225132.79000000004,6292139.856785857,6266809.545967405,0.00024496742632383107,25330.310573484807,348.6199986200002,7.026774920931842e-07,72.65879947723577,72.65880017991327,0.0,235546.06646823004,10413.27646823,10313.877234866488,0.0,1.0,True,0.0,1.0,True,True,True,0.0,0.5425928477184442,0.0,0,0
256,focus_6d38f9af67,BIHMH gen 90 focus / mip_intensify,24999794.4,205.60000000149012,3,C4;C5;C7,2363,235497.77210259507,10364.982102595037,225132.79000000004,6292166.402250142,6266835.744437603,0.0002449798185668134,25330.657567558774,348.6199986200001,7.027130386568679e-07,72.65979481334772,72.65979551606075,0.0,235546.06646823004,10413.27646823,10313.877234866488,0.0,1.0,True,0.0,1.0,True,True,True,0.0,0.5425928495468588,0.0,0,0
257,focus_6d38f9af67,BIHMH gen 91 focus / mip_intensify,24999794.4,205.60000000149012,3,C4;C5;C7,2459,235497.77210259507,10364.982102595037,225132.79000000004,6292172.943645543,6266822.755399389,0.0002448412758429913,25350.18800131307,348.61999861999976,7.023156353972435e-07,72.71581694010932,72.71581764242495,0.0,235546.06646823004,10413.27646823,10313.877234866488,0.0,1.0,True,0.0,1.0,True,True,True,0.0,0.5425928033865034,0.0,0,0
258,focus_ce8ddf31de,BIHMH gen 23 focus / mip_intensify,24999794.4,205.60000000149012,3,C4;C5;C7,2088,234751.13536076748,10096.415360767478,224654.72,6292187.256123545,6268580.93663788,2.275221746975668e-06,23606.319483388892,326.8601719475001,6.96084118606262e-09,72.22146198705578,72.22146199401662,0.0,234799.10684649,10144.386846489999,10047.55428100877,0.0,1.0,True,0.0,1.0,True,True,True,0.0,0.4712448269896849,0.0,0,0
259,focus_ce8ddf31de,BIHMH gen 20 focus / add_fix,24999794.4,205.60000000149012,3,C4;C5;C7,2081,234751.13536076748,10096.415360767478,224654.72,6292293.728811145,6268085.785819151,2.2553434059981763e-06,24207.9429897378,326.8601719475001,6.900025147023502e-09,74.06207628632727,74.06207629322729,0.0,234799.10684649,10144.386846489999,10047.55428100877,0.0,1.0,True,0.0,1.0,True,True,True,0.0,0.4712448456217783,0.0,0,0
260,focus_6d38f9af67,BIHMH gen 94 focus / swap_fix,24999574.16,425.839999999851,3,C4;C5;C7,2362,235497.77210259507,10364.982102595037,225132.79000000004,6292353.405091914,6267003.11379504,0.0002449477943500691,25350.291051925702,348.61999862000033,7.026211787037063e-07,72.71611253592425,72.71611323854543,0.0,235546.06646823004,10413.27646823,10313.877234866488,0.0,1.0,True,0.0,1.0,True,True,True,0.0,0.5425928536827023,0.0,0,0
261,focus_2096f79153,BIHMH gen 51 focus / station_prune_fix,24999991.52,8.480000000447035,2,C4;C5,2476,237415.2979559625,10130.627955962484,227284.67,6292388.0326053975,6269039.0332288,0.00016169929962514467,23348.999214899137,323.93943720500044,4.991652174872909e-07,72.07828542383697,72.07828592300218,0.0,237465.61268474002,10180.94268474,10083.761177952152,0.0,1.0,True,0.0,1.0,True,True,True,0.0,0.5366549389510417,0.0,0,0
262,focus_ce8ddf31de,BIHMH gen 22 focus / add_fix,24999794.4,205.60000000149012,3,C4;C5;C7,2083,234751.13536076748,10096.415360767478,224654.72,6292398.288848471,6268191.44912127,2.2413852481908858e-06,24206.839724959165,326.8601719475001,6.8573213886422805e-09,74.0587009445961,74.05870095145342,0.0,234799.10684649,10144.386846489999,10047.55428100877,0.0,1.0,True,0.0,1.0,True,True,True,0.0,0.4712446133296503,0.0,0,0
263,focus_ce8ddf31de,BIHMH gen 20 focus / swap_fix,24999353.92,646.0799999982119,3,C4;C5;C7,2079,234751.13536076748,10096.415360767478,224654.72,6292478.252029898,6268269.178934709,2.2411690446371346e-06,24209.073092947725,326.8601719475002,6.85665993285076e-09,74.06553373788273,74.0655337447394,0.0,234799.10684649,10144.386846489999,10047.55428100877,0.0,1.0,True,0.0,1.0,True,True,True,0.0,0.471244688252331,0.0,0,0
264,focus_6d38f9af67,BIHMH gen 91 focus / swap_fix,24999794.4,205.60000000149012,3,C4;C5;C7,2362,235497.77210259507,10364.982102595037,225132.79000000004,6292514.0716987355,6267163.390680371,0.00024494790476453686,25350.680773416276,348.61999862000016,7.026214954223924e-07,72.71723043361266,72.71723113623415,0.0,235546.06646823004,10413.27646823,10313.877234866488,0.0,1.0,True,0.0,1.0,True,True,True,0.0,0.5425928536920529,0.0,0,0
265,focus_ce8ddf31de,BIHMH gen 24 focus / add_fix,24999794.4,205.60000000149012,3,C4;C5;C7,2083,234751.13536076748,10096.415360767478,224654.72,6292554.539463508,6268346.0257934565,2.2527041302713622e-06,24208.513667799063,326.86017194749985,6.891950514647562e-09,74.06382222575415,74.0638222326461,0.0,234799.10684649,10144.386846489999,10047.55428100877,0.0,1.0,True,0.0,1.0,True,True,True,0.0,0.4712446409333549,0.0,0,0
266,focus_ce8ddf31de,BIHMH gen 20 focus / add_fix,24999574.16,425.839999999851,3,C4;C5;C7,2072,234751.13536076748,10096.415360767478,224654.72,6292580.078470127,6268974.599653482,2.262919859587761e-06,23605.47881438076,326.86017194749996,6.92320464162036e-09,72.21889003403038,72.21889004095358,0.0,234799.10684649,10144.386846489999,10047.55428100877,0.0,1.0,True,0.0,1.0,True,True,True,0.0,0.47124460791819184,0.0,0,0
267,focus_6b4c33ee94,BIHMH gen 31 focus / mip_intensify,24999574.16,425.839999999851,3,C4;C5;C7,2212,234770.175293555,9943.175293554988,224827.0,6292584.490820246,6267822.877201891,7.293932275987558e-06,24761.6136110609,343.8914322299997,2.1209985455843716e-08,72.00415971544173,72.00415973665172,0.0,234819.73415359,9992.73415359,9897.349178735773,0.0,1.0,True,0.0,1.0,True,True,True,0.0,0.4641679367213798,0.0,0,0
268,focus_ce8ddf31de,BIHMH gen 23 focus / add_fix,24999353.92,646.0799999982119,3,C4;C5;C7,2085,234751.13536076748,10096.415360767478,224654.72,6292589.919680796,6268383.759467761,2.2496091666733133e-06,24206.160210785532,326.8601719475002,6.882481745235826e-09,74.05662203063851,74.056622037521,0.0,234799.10684649,10144.386846489999,10047.55428100877,0.0,1.0,True,0.0,1.0,True,True,True,0.0,0.47124464296828456,0.0,0,0
269,focus_6d38f9af67,BIHMH gen 97 focus / swap_fix,24999574.16,425.839999999851,3,C4;C5;C7,2362,235497.77210259507,10364.982102595037,225132.79000000004,6292607.510892977,6267257.108993821,0.00024494774216609266,25350.401654208283,348.61999862,7.026210290164353e-07,72.71642979334793,72.71643049596895,0.0,235546.06646823004,10413.27646823,10313.877234866488,0.0,1.0,True,0.0,1.0,True,True,True,0.0,0.5425928531327091,0.0,0,0
270,focus_6d38f9af67,BIHMH gen 90 focus / crossover_fix,24999574.16,425.839999999851,3,C4;C5;C7,2358,235497.77210259507,10364.982102595037,225132.79000000004,6292645.036053317,6267294.986045659,0.00024494908697648206,25350.049762709055,348.6199986200001,7.02624886541519e-07,72.71542040920293,72.71542111182782,0.0,235546.06646823004,10413.27646823,10313.877234866488,0.0,1.0,True,0.0,1.0,True,True,True,0.0,0.5425928553055772,0.0,0,0
271,focus_ce8ddf31de,BIHMH gen 22 focus / swap_fix,24999794.4,205.60000000149012,3,C4;C5;C7,2083,234751.13536076748,10096.415360767478,224654.72,6292704.873279045,6268497.456227221,2.2421175634746124e-06,24207.41704958275,326.86017194750013,6.8595618429605995e-09,74.06046721859681,74.06046722545638,0.0,234799.10684649,10144.386846489999,10047.55428100877,0.0,1.0,True,0.0,1.0,True,True,True,0.0,0.47124460881861685,0.0,0,0
272,focus_ce8ddf31de,BIHMH gen 23 focus / add_fix,24999794.4,205.60000000149012,3,C4;C5;C7,2082,234751.13536076748,10096.415360767478,224654.72,6292723.090611817,6268515.845399945,2.230471642281562e-06,24207.245209642057,326.86017194749996,6.8239321695021894e-09,74.05994148938466,74.0599414962086,0.0,234799.10684649,10144.386846489999,10047.55428100877,0.0,1.0,True,0.0,1.0,True,True,True,0.0,0.4712446090060416,0.0,0,0
273,focus_ce8ddf31de,BIHMH gen 21 focus / crossover_fix,24999574.16,425.839999999851,3,C4;C5;C7,2077,234751.13536076748,10096.415360767478,224654.72,6292832.79095947,6269225.056310318,2.273411969940428e-06,23607.734646878234,326.8601719474998,6.955304332109275e-09,72.22579155550987,72.22579156246518,0.0,234799.10684649,10144.386846489999,10047.55428100877,0.0,1.0,True,0.0,1.0,True,True,True,0.0,0.4712446372322334,0.0,0,0
274,focus_ce8ddf31de,BIHMH gen 22 focus / add_fix,24999794.4,205.60000000149012,3,C4;C5;C7,2079,234751.13536076748,10096.415360767478,224654.72,6292883.183395193,6268674.867463859,2.2443372431847603e-06,24208.315929089844,326.8601719475,6.866352758161198e-09,74.06321726153335,74.06321726839971,0.0,234799.10684649,10144.386846489999,10047.55428100877,0.0,1.0,True,0.0,1.0,True,True,True,0.0,0.47124485278967215,0.0,0,0
275,focus_ce8ddf31de,BIHMH gen 21 focus / swap_fix,24999353.92,646.0799999982119,3,C4;C5;C7,2082,234751.13536076748,10096.415360767478,224654.72,6292943.828974944,6268736.23071184,2.2396278863124144e-06,24207.598260863288,326.8601719475002,6.851944894259372e-09,74.06102161860049,74.06102162545244,0.0,234799.10684649,10144.386846489999,10047.55428100877,0.0,1.0,True,0.0,1.0,True,True,True,0.0,0.4712445711560149,0.0,0,0
276,focus_ce8ddf31de,BIHMH gen 22 focus / add_fix,24999574.16,425.839999999851,3,C4;C5;C7,2083,234751.13536076748,10096.415360767478,224654.72,6292949.440300444,6268742.242798867,2.2299733355991616e-06,24207.19749934826,326.86017194749985,6.822407643955285e-09,74.05979552392945,74.05979553075186,0.0,234799.10684649,10144.386846489999,10047.55428100877,0.0,1.0,True,0.0,1.0,True,True,True,0.0,0.4712446131023945,0.0,0,0
277,focus_ce8ddf31de,BIHMH gen 21 focus / add_fix,24999574.16,425.839999999851,3,C4;C5;C7,2085,234751.13536076748,10096.415360767478,224654.72,6292951.952467717,6268744.537917603,2.2426052272184302e-06,24207.414547871893,326.86017194749985,6.861053807371296e-09,74.06045956483214,74.0604595716932,0.0,234799.10684649,10144.386846489999,10047.55428100877,0.0,1.0,True,0.0,1.0,True,True,True,0.0,0.4712446156423577,0.0,0,0
278,focus_ce8ddf31de,BIHMH gen 20 focus / add_fix,24999794.4,205.60000000149012,3,C4;C5;C7,2075,234751.13536076748,10096.415360767478,224654.72,6292952.329394137,6269345.764340291,2.2786176633200835e-06,23606.56505156718,326.8601719474997,6.971230693980285e-09,72.22221328133814,72.22221328830938,0.0,234799.10684649,10144.386846489999,10047.55428100877,0.0,1.0,True,0.0,1.0,True,True,True,0.0,0.47124464338943006,0.0,0,0
279,focus_ce8ddf31de,BIHMH gen 21 focus / crossover_fix,24999574.16,425.839999999851,3,C4;C5;C7,2079,234751.13536076748,10096.415360767478,224654.72,6292955.430151293,6269354.631933209,2.2627879094341504e-06,23600.79821582119,326.8601719474997,6.922800951709711e-09,72.20457015366176,72.20457016058457,0.0,234799.10684649,10144.386846489999,10047.55428100877,0.0,1.0,True,0.0,1.0,True,True,True,0.0,0.4712445960840244,0.0,0,0
280,focus_6b4c33ee94,BIHMH gen 36 focus / remove_fix,24999574.16,425.839999999851,3,C4;C5;C7,2200,234770.175293555,9943.175293554988,224827.0,6292959.509732594,6268205.797610981,7.556487978768989e-06,24753.71211405534,343.8914322299998,2.1973469736562366e-08,71.98118299585806,71.98118301783153,0.0,234819.73415359,9992.73415359,9897.349178735773,0.0,1.0,True,0.0,1.0,True,True,True,0.0,0.46416660733238585,0.0,0,0
281,focus_6d38f9af67,BIHMH gen 98 focus / swap_fix,24999574.16,425.839999999851,3,C4;C5;C7,2362,235497.77210259507,10364.982102595037,225132.79000000004,6292986.7028165655,6267636.312922705,0.00024494773382899613,25350.389648912667,348.6199986200001,7.026210051018675e-07,72.71639535672448,72.71639605934548,0.0,235546.06646823004,10413.27646823,10313.877234866488,0.0,1.0,True,0.0,1.0,True,True,True,0.0,0.542592854007407,0.0,0,0
282,focus_ce8ddf31de,BIHMH gen 21 focus / add_fix,24999794.4,205.60000000149012,3,C4;C5;C7,2076,234751.13536076748,10096.415360767478,224654.72,6293033.613091109,6268826.4073472135,2.2409703343846906e-06,24207.205741654747,326.86017194749996,6.856051996278805e-09,74.0598207405425,74.05982074739856,0.0,234799.10684649,10144.386846489999,10047.55428100877,0.0,1.0,True,0.0,1.0,True,True,True,0.0,0.47124460689329284,0.0,0,0
283,focus_6d38f9af67,BIHMH gen 95 focus / swap_fix,24999794.4,205.60000000149012,3,C4;C5;C7,2362,235497.77210259507,10364.982102595037,225132.79000000004,6293053.402866322,6267702.7483359,0.0002449479174901523,25350.65428547403,348.6199986200002,7.02621531925219e-07,72.71715445420138,72.71715515682291,0.0,235546.06646823004,10413.27646823,10313.877234866488,0.0,1.0,True,0.0,1.0,True,True,True,0.0,0.5425928540103572,0.0,0,0
284,focus_6d38f9af67,BIHMH gen 93 focus / remove_fix,24999794.4,205.60000000149012,3,C4;C5;C7,2362,235497.77210259507,10364.982102595037,225132.79000000004,6293087.025347235,6267736.703790966,0.0002449478627506149,25350.32131132011,348.61999862000016,7.026213749074416e-07,72.71619933356793,72.7162000361893,0.0,235546.06646823004,10413.27646823,10313.877234866488,0.0,1.0,True,0.0,1.0,True,True,True,0.0,0.542592854107534,0.0,0,0
285,focus_ce8ddf31de,BIHMH gen 21 focus / add_fix,24999574.16,425.839999999851,3,C4;C5;C7,2078,234751.13536076748,10096.415360767478,224654.72,6293318.463248122,6269110.133486904,2.2520990073781777e-06,24208.32975896579,326.8601719475,6.8900991942814855e-09,74.06325957282463,74.06325957971474,0.0,234799.10684649,10144.386846489999,10047.55428100877,0.0,1.0,True,0.0,1.0,True,True,True,0.0,0.4712446285018004,0.0,0,0
286,focus_6d38f9af67,BIHMH gen 96 focus / mip_intensify,24999794.4,205.60000000149012,3,C4;C5;C7,2365,235497.77210259507,10364.982102595037,225132.79000000004,6293387.261572452,6268056.549747947,0.00024497775994888,25330.711579527397,348.6199986200002,7.027071336085585e-07,72.6599497441286,72.65995044683574,0.0,235546.06646823004,10413.27646823,10313.877234866488,0.0,1.0,True,0.0,1.0,True,True,True,0.0,0.542592806164053,0.0,0,0
287,focus_2096f79153,BIHMH gen 53 focus / station_prune_fix,24999991.52,8.480000000447035,2,C4;C5,2486,237415.2979559625,10130.627955962484,227284.67,6293464.458140584,6270114.798557211,0.0001617036046009592,23349.65942166911,323.93943720499993,4.991785069337748e-07,72.080323480011,72.08032397918952,0.0,237465.61268474002,10180.94268474,10083.761177952152,0.0,1.0,True,0.0,1.0,True,True,True,0.0,0.5366548703491694,0.0,0,0
288,focus_ce8ddf31de,BIHMH gen 23 focus / add_fix,24999574.16,425.839999999851,3,C4;C5;C7,2075,234751.13536076748,10096.415360767478,224654.72,6293470.429478484,6269263.607988011,2.2430897450387506e-06,24206.821488230136,326.8601719475003,6.862536147105227e-09,74.05864515092463,74.05864515778717,0.0,234799.10684649,10144.386846489999,10047.55428100877,0.0,1.0,True,0.0,1.0,True,True,True,0.0,0.471244544558742,0.0,0,0
289,focus_ce8ddf31de,BIHMH gen 23 focus / crossover_fix,24999574.16,425.839999999851,3,C4;C5;C7,2083,234751.13536076748,10096.415360767478,224654.72,6293489.846549509,6269283.834656935,2.2491679547866785e-06,24206.011890324906,326.86017194750013,6.881131896204035e-09,74.05616825721074,74.05616826409188,0.0,234799.10684649,10144.386846489999,10047.55428100877,0.0,1.0,True,0.0,1.0,True,True,True,0.0,0.47124466481956545,0.0,0,0
290,focus_6b4c33ee94,BIHMH gen 38 focus / crossover_fix,24999794.4,205.60000000149012,3,C4;C5;C7,2227,234770.175293555,9943.175293554988,224827.0,6293499.142856759,6268748.173867932,7.592636025164219e-06,24750.968981234746,343.89143222999974,2.2078584441400537e-08,71.97320625505124,71.97320627712982,0.0,234819.73415359,9992.73415359,9897.349178735773,0.0,1.0,True,0.0,1.0,True,True,True,0.0,0.4641686626777939,0.0,0,0
291,focus_ce8ddf31de,BIHMH gen 22 focus / add_fix,24999794.4,205.60000000149012,3,C4;C5;C7,2082,234751.13536076748,10096.415360767478,224654.72,6293572.410013904,6269365.263805067,2.2405742858516853e-06,24207.14620659613,326.86017194750013,6.854840320562407e-09,74.0596385982574,74.05963860511224,0.0,234799.10684649,10144.386846489999,10047.55428100877,0.0,1.0,True,0.0,1.0,True,True,True,0.0,0.47124459825167564,0.0,0,0
292,focus_6b4c33ee94,BIHMH gen 36 focus / add_fix,24999794.4,205.60000000149012,3,C4;C5;C7,2187,234770.175293555,9943.175293554988,224827.0,6293621.2683832,6268869.423538884,7.665767736905134e-06,24751.84483665002,343.89143222999974,2.2291243742816348e-08,71.97575315018496,71.9757531724762,0.0,234819.73415359,9992.73415359,9897.349178735773,0.0,1.0,True,0.0,1.0,True,True,True,0.0,0.46416867637005793,0.0,0,0
293,focus_6b4c33ee94,BIHMH gen 34 focus / add_fix,24999794.4,205.60000000149012,3,C4;C5;C7,2185,234770.175293555,9943.175293554988,224827.0,6293743.565384164,6268987.392096405,7.66535193912196e-06,24756.17328009355,343.89143222999985,2.2290034646734832e-08,71.98833980701282,71.98833982930286,0.0,234819.73415359,9992.73415359,9897.349178735773,0.0,1.0,True,0.0,1.0,True,True,True,0.0,0.4641686763994048,0.0,0,0
294,focus_6b4c33ee94,BIHMH gen 37 focus / crossover_fix,24999794.4,205.60000000149012,3,C4;C5;C7,2198,234770.175293555,9943.175293554988,224827.0,6293809.738023871,6269061.477949034,7.681227228631439e-06,24748.260067154642,343.89143222999985,2.2336198313583213e-08,71.9653290187312,71.96532904106739,0.0,234819.73415359,9992.73415359,9897.349178735773,0.0,1.0,True,0.0,1.0,True,True,True,0.0,0.4641686213285495,0.0,0,0
295,focus_6b4c33ee94,BIHMH gen 38 focus / mip_intensify,24999922.240000002,77.75999999791384,4,C1;C4;C5;C7,2258,234770.175293555,9943.175293554988,224827.0,6293829.870534347,6267897.358105816,6.505340987202525e-05,25932.512363477275,343.89143222999985,1.891684519447886e-07,75.40900974274118,75.40900993190962,0.0,234819.73415359,9992.73415359,9897.349178735773,0.0,1.0,True,0.0,1.0,True,True,True,0.0,0.3992939982963529,0.0,0,0
296,focus_6b4c33ee94,BIHMH gen 30 focus / add_fix,24999794.4,205.60000000149012,3,C4;C5;C7,2168,234770.175293555,9943.175293554988,224827.0,6293838.099714633,6269089.524990661,7.583585815108858e-06,24748.57471638855,343.89143222999985,2.2052267385471933e-08,71.96624398550391,71.96624400755617,0.0,234819.73415359,9992.73415359,9897.349178735773,0.0,1.0,True,0.0,1.0,True,True,True,0.0,0.4641683773888335,0.0,0,0
297,focus_ce8ddf31de,BIHMH gen 21 focus / add_fix,24999794.4,205.60000000149012,3,C4;C5;C7,2083,234751.13536076748,10096.415360767478,224654.72,6293952.479624454,6270342.910402056,2.2724862067403047e-06,23609.569220125213,326.86017194749996,6.9524720408741315e-09,72.23140427129606,72.23140427824853,0.0,234799.10684649,10144.386846489999,10047.55428100877,0.0,1.0,True,0.0,1.0,True,True,True,0.0,0.47124465499595497,0.0,0,0
298,focus_ce8ddf31de,BIHMH gen 20 focus / add_fix,24999574.16,425.839999999851,3,C4;C5;C7,2070,234751.13536076748,10096.415360767478,224654.72,6294000.021815451,6270397.641162065,2.268202731599964e-06,23602.380651118096,326.8601719474999,6.939367124741896e-09,72.20941147552567,72.20941148246504,0.0,234799.10684649,10144.386846489999,10047.55428100877,0.0,1.0,True,0.0,1.0,True,True,True,0.0,0.47124460361427195,0.0,0,0
299,focus_6d38f9af67,BIHMH gen 98 focus / crossover_fix,24999794.4,205.60000000149012,3,C4;C5;C7,2363,235497.77210259507,10364.982102595037,225132.79000000004,6294010.360684982,6268660.2924480345,0.00024494892739620436,25350.067991998043,348.6199986200001,7.026244287930297e-07,72.71547269905739,72.71547340168182,0.0,235546.06646823004,10413.27646823,10313.877234866488,0.0,1.0,True,0.0,1.0,True,True,True,0.0,0.5425928552920828,0.0,0,0
300,focus_2096f79153,BIHMH gen 50 focus / station_prune_fix,24999664.240000002,335.75999999791384,2,C4;C7,2475,237417.84383618,10133.173836179983,227284.67,6294058.714948052,6267237.768206058,0.06616698478529807,26820.880575008974,308.6284619034999,0.00021439041745277134,86.90345799473013,86.90367238514759,0.0,237465.61268474002,10180.94268474,10083.761177952152,0.0,1.0,True,0.0,1.0,True,True,True,0.0,0.639012254292866,0.0,0,0
301,focus_30ae01f335,BIHMH gen 18 focus / add_fix,24999794.4,205.60000000149012,3,C4;C5;C7,2073,233421.02101293247,10027.801012932463,223393.22,6294085.430234987,6269891.085600387,3.7350037406002552e-06,24194.344630865384,335.5021465400002,1.1132577776681825e-08,72.11382961444278,72.11382962557536,0.0,233471.01193258,10077.79193258,9981.595044391,0.0,1.0,True,0.0,1.0,True,True,True,0.0,0.47247257517222224,0.0,0,0
302,focus_6d38f9af67,BIHMH gen 98 focus / swap_fix,24999574.16,425.839999999851,3,C4;C5;C7,2363,235497.77210259507,10364.982102595037,225132.79000000004,6294108.511773942,6268757.790340921,0.0002449478120755489,25350.72118807286,348.6199986200003,7.026212295484081e-07,72.71734636114617,72.7173470637674,0.0,235546.06646823004,10413.27646823,10313.877234866488,0.0,1.0,True,0.0,1.0,True,True,True,0.0,0.5425928544126846,0.0,0,0
303,focus_6b4c33ee94,BIHMH gen 39 focus / add_fix,24999794.4,205.60000000149012,3,C4;C5;C7,2237,234770.175293555,9943.175293554988,224827.0,6294116.124968282,6269371.756418363,7.70393361875827e-06,24744.368542214885,343.89143222999996,2.2402226100258757e-08,71.9540128748118,71.95401289721403,0.0,234819.73415359,9992.73415359,9897.349178735773,0.0,1.0,True,0.0,1.0,True,True,True,0.0,0.4641686960125286,0.0,0,0
304,focus_ce8ddf31de,BIHMH gen 22 focus / add_fix,24999353.92,646.0799999982119,3,C4;C5;C7,2069,234751.13536076748,10096.415360767478,224654.72,6294122.429180584,6270519.634856627,2.274384156713259e-06,23602.79432168211,326.8601719475002,6.958278652189436e-09,72.21067706429879,72.21067707125707,0.0,234799.10684649,10144.386846489999,10047.55428100877,0.0,1.0,True,0.0,1.0,True,True,True,0.0,0.47124483949491935,0.0,0,0
305,focus_6d38f9af67,BIHMH gen 96 focus / swap_fix,24999794.4,205.60000000149012,3,C4;C5;C7,2363,235497.77210259507,10364.982102595037,225132.79000000004,6294147.746270728,6268797.011077177,0.0002449479467446598,25350.73494860313,348.6199986200003,7.026216158403919e-07,72.71738583257732,72.71738653519894,0.0,235546.06646823004,10413.27646823,10313.877234866488,0.0,1.0,True,0.0,1.0,True,True,True,0.0,0.542592854402766,0.0,0,0
306,focus_6b4c33ee94,BIHMH gen 35 focus / mip_intensify,24999353.92,646.0799999982119,3,C4;C5;C7,2192,234770.175293555,9943.175293554988,224827.0,6294181.376321942,6269438.448556732,7.775309410402895e-06,24742.92775743393,343.89143223,2.2609779371306482e-08,71.9498232246899,71.94982324729968,0.0,234819.73415359,9992.73415359,9897.349178735773,0.0,1.0,True,0.0,1.0,True,True,True,0.0,0.464168624563351,0.0,0,0
307,focus_6b4c33ee94,BIHMH gen 37 focus / swap_fix,24999794.4,205.60000000149012,3,C4;C5;C7,2202,234770.175293555,9943.175293554988,224827.0,6294224.842368837,6268057.646640066,0.0007695594551178509,26167.19495921183,343.8914322300001,2.2377976971614614e-06,76.09144196913516,76.09144420693286,0.0,234819.73415359,9992.73415359,9897.349178735773,0.0,1.0,True,0.0,1.0,True,True,True,0.0,0.47413760601376304,0.0,0,0
308,focus_6d38f9af67,BIHMH gen 95 focus / swap_fix,24999574.16,425.839999999851,3,C4;C5;C7,2361,235497.77210259507,10364.982102595037,225132.79000000004,6294291.125479847,6268941.1564949835,0.00024494906815883367,25349.968739915003,348.61999862,7.026248325639836e-07,72.7151879991451,72.71518870176993,0.0,235546.06646823004,10413.27646823,10313.877234866488,0.0,1.0,True,0.0,1.0,True,True,True,0.0,0.542592855392781,0.0,0,0
309,focus_6d38f9af67,BIHMH gen 94 focus / swap_fix,24999574.16,425.839999999851,3,C4;C5;C7,2361,235497.77210259507,10364.982102595037,225132.79000000004,6294299.00681903,6268949.014161168,0.0002449490530874977,25349.992412914056,348.61999862000016,7.026247893325679e-07,72.71525590402472,72.7152566066495,0.0,235546.06646823004,10413.27646823,10313.877234866488,0.0,1.0,True,0.0,1.0,True,True,True,0.0,0.5425928545170468,0.0,0,0
310,focus_6b4c33ee94,BIHMH gen 38 focus / crossover_fix,24999574.16,425.839999999851,3,C4;C5;C7,2235,234770.175293555,9943.175293554988,224827.0,6294312.246707051,6269573.600678471,7.718828417007084e-06,24738.646020861786,343.89143222999985,2.2445538601975446e-08,71.93737238651588,71.93737240896141,0.0,234819.73415359,9992.73415359,9897.349178735773,0.0,1.0,True,0.0,1.0,True,True,True,0.0,0.4641688528198277,0.0,0,0
311,focus_30ae01f335,BIHMH gen 19 focus / swap_fix,24999794.4,205.60000000149012,3,C4;C5;C7,2079,233421.02101293247,10027.801012932463,223393.22,6294318.160607126,6269351.542914287,3.6544189258159287e-06,24966.617689184237,335.50214654,1.089238612480899e-08,74.41567199096178,74.41567200185418,0.0,233471.01193258,10077.79193258,9981.595044391,0.0,1.0,True,0.0,1.0,True,True,True,0.0,0.47247255287819506,0.0,0,0
312,focus_6b4c33ee94,BIHMH gen 36 focus / mip_intensify,24999353.92,646.0799999982119,3,C4;C5;C7,2214,234770.175293555,9943.175293554988,224827.0,6294343.628665547,6269594.971486053,7.706321159400696e-06,24748.657171786574,343.8914322299998,2.2409168816531003e-08,71.96648375710127,71.96648377951044,0.0,234819.73415359,9992.73415359,9897.349178735773,0.0,1.0,True,0.0,1.0,True,True,True,0.0,0.4641685583526909,0.0,0,0
313,focus_6b4c33ee94,BIHMH gen 35 focus / swap_fix,24999574.16,425.839999999851,3,C4;C5;C7,2200,234770.175293555,9943.175293554988,224827.0,6294380.833225923,6269636.1435152795,7.647867003092976e-06,24744.689702995296,343.8914322299996,2.2239190297645947e-08,71.95494677647476,71.95494679871395,0.0,234819.73415359,9992.73415359,9897.349178735773,0.0,1.0,True,0.0,1.0,True,True,True,0.0,0.46416857112803983,0.0,0,0
314,focus_ce8ddf31de,BIHMH gen 25 focus / mip_intensify,24999574.16,425.839999999851,3,C4;C5;C7,2091,234751.13536076748,10096.415360767478,224654.72,6294387.186249922,6270782.355142569,2.254257691446981e-06,23604.83110509905,326.86017194749957,6.896703498672396e-09,72.21690842434748,72.21690843124418,0.0,234799.10684649,10144.386846489999,10047.55428100877,0.0,1.0,True,0.0,1.0,True,True,True,0.0,0.4712446653762128,0.0,0,0
315,focus_6b4c33ee94,BIHMH gen 35 focus / crossover_fix,24999794.4,205.60000000149012,3,C4;C5;C7,2194,234770.175293555,9943.175293554988,224827.0,6294513.70310455,6268345.719225553,0.0007662758139042988,26167.983112722162,343.89143222999996,2.228249214978411e-06,76.09373383638301,76.09373606463222,0.0,234819.73415359,9992.73415359,9897.349178735773,0.0,1.0,True,0.0,1.0,True,True,True,0.0,0.47413763336671266,0.0,0,0
316,focus_6b4c33ee94,BIHMH gen 32 focus / mip_intensify,24999794.4,205.60000000149012,3,C4;C5;C7,2207,234770.175293555,9943.175293554988,224827.0,6294607.84454699,6269865.35860607,7.803753078900199e-06,24742.48593311589,343.89143223000013,2.2692490558127436e-08,71.94853844619112,71.94853846888361,0.0,234819.73415359,9992.73415359,9897.349178735773,0.0,1.0,True,0.0,1.0,True,True,True,0.0,0.4641681757509458,0.0,0,0
317,focus_6b4c33ee94,BIHMH gen 37 focus / crossover_fix,24999794.4,205.60000000149012,3,C4;C5;C7,2253,234770.175293555,9943.175293554988,224827.0,6294696.795269536,6268522.9656110555,0.0007598702488904148,26173.828898610154,343.8914322300003,2.2096225077867047e-06,76.11073276494037,76.11073497456287,0.0,234819.73415359,9992.73415359,9897.349178735773,0.0,1.0,True,0.0,1.0,True,True,True,0.0,0.47413703566019116,0.0,0,0
318,focus_6d38f9af67,BIHMH gen 97 focus / crossover_fix,24999353.92,646.0799999982119,3,C4;C5;C7,2403,235497.77210259507,10364.982102595037,225132.79000000004,6294817.979777058,6269456.694489301,0.00024485707959039083,25361.285042899475,348.6199986199998,7.023609677002154e-07,72.74764827976377,72.74764898212473,0.0,235546.06646823004,10413.27646823,10313.877234866488,0.0,1.0,True,0.0,1.0,True,True,True,0.0,0.5425924844410246,0.0,0,0
319,focus_6b4c33ee94,BIHMH gen 30 focus / crossover_fix,24999574.16,425.839999999851,3,C4;C5;C7,2162,234770.175293555,9943.175293554988,224827.0,6295602.1228794465,6270858.582058295,7.612074604834697e-06,24743.5408135404,343.89143223000013,2.2135109780064594e-08,71.95160592716226,71.95160594929737,0.0,234819.73415359,9992.73415359,9897.349178735773,0.0,1.0,True,0.0,1.0,True,True,True,0.0,0.46416794632192565,0.0,0,0
320,focus_6b4c33ee94,BIHMH gen 38 focus / crossover_fix,24999574.16,425.839999999851,3,C4;C5;C7,2227,234770.175293555,9943.175293554988,224827.0,6295684.033974821,6270934.9492887175,7.690581222626652e-06,24749.084678412084,343.89143222999996,2.2363398741155818e-08,71.96772690126083,71.96772692362423,0.0,234819.73415359,9992.73415359,9897.349178735773,0.0,1.0,True,0.0,1.0,True,True,True,0.0,0.46416851364803374,0.0,0,0
321,focus_6b4c33ee94,BIHMH gen 36 focus / add_fix,24999574.16,425.839999999851,3,C4;C5;C7,2183,234770.175293555,9943.175293554988,224827.0,6295743.3243838595,6270992.706496993,7.640977384104932e-06,24750.617879226294,343.8914322299999,2.2219156012571225e-08,71.97218528745636,71.97218530967551,0.0,234819.73415359,9992.73415359,9897.349178735773,0.0,1.0,True,0.0,1.0,True,True,True,0.0,0.4641685616821572,0.0,0,0
322,focus_ce8ddf31de,BIHMH gen 20 focus / add_fix,24999794.4,205.60000000149012,3,C4;C5;C7,2032,234751.13536076748,10096.415360767478,224654.72,6295786.704376476,6272179.032200427,2.2637430555853472e-06,23607.672173784675,326.86017194750013,6.9257231375040295e-09,72.22560042456476,72.22560043149048,0.0,234799.10684649,10144.386846489999,10047.55428100877,0.0,1.0,True,0.0,1.0,True,True,True,0.0,0.47124491551910663,0.0,0,0
323,focus_2096f79153,BIHMH gen 58 focus / mip_intensify,24999664.240000002,335.75999999791384,2,C4;C7,2504,237417.84383618,10133.173836179983,227284.67,6295968.615826323,6269149.402951561,0.06377626238318056,26819.149098499736,308.6284619034998,0.00020664413771119322,86.89784776520513,86.89805440934283,0.0,237465.61268474002,10180.94268474,10083.761177952152,0.0,1.0,True,0.0,1.0,True,True,True,0.0,0.6382607679715805,0.0,0,0
324,focus_6b4c33ee94,BIHMH gen 34 focus / add_fix,24999794.4,205.60000000149012,3,C4;C5;C7,2186,234770.175293555,9943.175293554988,224827.0,6295982.407013174,6271226.97933262,7.668843658054675e-06,24755.427672885136,343.89143222999996,2.2300188196970353e-08,71.98617165992178,71.98617168222196,0.0,234819.73415359,9992.73415359,9897.349178735773,0.0,1.0,True,0.0,1.0,True,True,True,0.0,0.4641686856674182,0.0,0,0
325,focus_6b4c33ee94,BIHMH gen 39 focus / swap_fix,24999794.4,205.60000000149012,3,C4;C5;C7,2200,234770.175293555,9943.175293554988,224827.0,6296054.938654567,6269930.195896881,0.0007707406705622212,26124.741986946472,343.8914322300002,2.24123254704042e-06,75.9679932051166,75.96799544634915,0.0,234819.73415359,9992.73415359,9897.349178735773,0.0,1.0,True,0.0,1.0,True,True,True,0.0,0.47413734722735246,0.0,0,0
326,focus_6d38f9af67,BIHMH gen 93 focus / crossover_fix,24999794.4,205.60000000149012,3,C4;C5;C7,2403,235497.77210259507,10364.982102595037,225132.79000000004,6296139.0206357185,6270791.265162377,0.00024484739955167475,25347.755228494752,348.6199986199998,7.023332009663665e-07,72.70883864618484,72.70883934851804,0.0,235546.06646823004,10413.27646823,10313.877234866488,0.0,1.0,True,0.0,1.0,True,True,True,0.0,0.5425924049308649,0.0,0,0
327,focus_6b4c33ee94,BIHMH gen 39 focus / crossover_fix,24999353.92,646.0799999982119,3,C4;C5;C7,2216,234770.175293555,9943.175293554988,224827.0,6296147.464654856,6269978.0713959895,0.0007568905303488929,26169.392501976326,343.89143222999985,2.2009578006662084e-06,76.09783219162563,76.09783439258342,0.0,234819.73415359,9992.73415359,9897.349178735773,0.0,1.0,True,0.0,1.0,True,True,True,0.0,0.4741371445303914,0.0,0,0
328,focus_6b4c33ee94,BIHMH gen 37 focus / mip_intensify,24999794.4,205.60000000149012,3,C4;C5;C7,2199,234770.175293555,9943.175293554988,224827.0,6296239.01867769,6270114.273277525,0.0007707406906956354,26124.744629423654,343.89143223000025,2.2412326055862635e-06,75.96800088916142,75.96800313039402,0.0,234819.73415359,9992.73415359,9897.349178735773,0.0,1.0,True,0.0,1.0,True,True,True,0.0,0.4741373472273521,0.0,0,0
329,focus_6d38f9af67,BIHMH gen 96 focus / mip_intensify,24999574.16,425.839999999851,3,C4;C5;C7,2367,235497.77210259507,10364.982102595037,225132.79000000004,6296258.677874855,6270927.186077139,0.000244964499524673,25331.491552750416,348.6199986200001,7.026690967080382e-07,72.66218706047911,72.66218776314821,0.0,235546.06646823004,10413.27646823,10313.877234866488,0.0,1.0,True,0.0,1.0,True,True,True,0.0,0.5425929028940863,0.0,0,0
330,focus_6b4c33ee94,BIHMH gen 31 focus / mip_intensify,24999574.16,425.839999999851,3,C4;C5;C7,2180,234770.175293555,9943.175293554988,224827.0,6296355.791251388,6271609.789268415,7.736426904017154e-06,24746.00197523674,343.8914322299999,2.2496713145336263e-08,71.95876272569139,71.9587627481881,0.0,234819.73415359,9992.73415359,9897.349178735773,0.0,1.0,True,0.0,1.0,True,True,True,0.0,0.46416868444838144,0.0,0,0
331,focus_ce8ddf31de,BIHMH gen 21 focus / mip_intensify,24999794.4,205.60000000149012,3,C4;C5;C7,2047,234751.13536076748,10096.415360767478,224654.72,6296483.344250721,6272883.584548314,2.2626523085997164e-06,23599.759700143262,326.86017194749996,6.922386092861573e-09,72.20139290611962,72.20139291304201,0.0,234799.10684649,10144.386846489999,10047.55428100877,0.0,1.0,True,0.0,1.0,True,True,True,0.0,0.4712447881775921,0.0,0,0
332,focus_6b4c33ee94,BIHMH gen 35 focus / crossover_fix,24999794.4,205.60000000149012,3,C4;C5;C7,2194,234770.175293555,9943.175293554988,224827.0,6296819.14725772,6270701.908374513,0.0007814486231765028,26117.23810175856,343.89143223,2.2723701434174075e-06,75.94617269874563,75.94617497111577,0.0,234819.73415359,9992.73415359,9897.349178735773,0.0,1.0,True,0.0,1.0,True,True,True,0.0,0.474137618677262,0.0,0,0
333,focus_ce8ddf31de,BIHMH gen 21 focus / add_fix,24999574.16,425.839999999851,3,C4;C5;C7,2077,234751.13536076748,10096.415360767478,224654.72,6297255.253867164,6273644.999627762,2.2728780324071804e-06,23610.254237130684,326.86017194749996,6.9536707971023415e-09,72.23350002068452,72.23350002763819,0.0,234799.10684649,10144.386846489999,10047.55428100877,0.0,1.0,True,0.0,1.0,True,True,True,0.0,0.4712448602671811,0.0,0,0
334,focus_6b4c33ee94,BIHMH gen 37 focus / add_fix,24999353.92,646.0799999982119,3,C4;C5;C7,2195,234770.175293555,9943.175293554988,224827.0,6297270.964464973,6271153.786446492,0.0007814486525728993,26117.17723703202,343.89143222999985,2.2723702288990277e-06,75.94599571054289,75.94599798291311,0.0,234819.73415359,9992.73415359,9897.349178735773,0.0,1.0,True,0.0,1.0,True,True,True,0.0,0.4741376180451193,0.0,0,0
335,focus_6b4c33ee94,BIHMH gen 33 focus / mip_intensify,24999794.4,205.60000000149012,3,C4;C5;C7,2194,234770.175293555,9943.175293554988,224827.0,6297307.311620375,6272567.503832627,7.852769672464258e-06,24739.807779895287,343.89143223000013,2.2835025640336977e-08,71.94075065920487,71.94075068203989,0.0,234819.73415359,9992.73415359,9897.349178735773,0.0,1.0,True,0.0,1.0,True,True,True,0.0,0.46416884677537334,0.0,0,0
336,focus_6b4c33ee94,BIHMH gen 34 focus / mip_intensify,24999794.4,205.60000000149012,3,C4;C5;C7,2214,234770.175293555,9943.175293554988,224827.0,6297353.20146471,6272613.794518447,7.862227743394768e-06,24739.406938401,343.8914322300002,2.286252871265598e-08,71.93958505443335,71.93958507729587,0.0,234819.73415359,9992.73415359,9897.349178735773,0.0,1.0,True,0.0,1.0,True,True,True,0.0,0.46416897104850385,0.0,0,0
337,focus_6b4c33ee94,BIHMH gen 35 focus / swap_fix,24999794.4,205.60000000149012,3,C4;C5;C7,2204,234770.175293555,9943.175293554988,224827.0,6297390.9101088885,6272643.268800398,7.686165880708772e-06,24747.64130080434,343.8914322299999,2.2350559392733418e-08,71.96352971147223,71.9635297338228,0.0,234819.73415359,9992.73415359,9897.349178735773,0.0,1.0,True,0.0,1.0,True,True,True,0.0,0.46416879819480833,0.0,0,0
338,focus_6b4c33ee94,BIHMH gen 34 focus / add_fix,24999794.4,205.60000000149012,3,C4;C5;C7,2194,234770.175293555,9943.175293554988,224827.0,6297517.513359515,6272777.705466616,7.852768611247299e-06,24739.807885046008,343.8914322300001,2.2835022554430034e-08,71.94075096497208,71.9407509878071,0.0,234819.73415359,9992.73415359,9897.349178735773,0.0,1.0,True,0.0,1.0,True,True,True,0.0,0.4641688467753782,0.0,0,0
339,focus_6b4c33ee94,BIHMH gen 36 focus / mip_intensify,24999574.16,425.839999999851,3,C4;C5;C7,2230,234770.175293555,9943.175293554988,224827.0,6297763.455648446,6273015.137751164,7.460150939869629e-06,24748.31788982238,343.8914322300003,2.169333179222725e-08,71.96549716094786,71.9654971826412,0.0,234819.73415359,9992.73415359,9897.349178735773,0.0,1.0,True,0.0,1.0,True,True,True,0.0,0.4641689707109039,0.0,0,0
340,focus_6b4c33ee94,BIHMH gen 37 focus / mip_intensify,24999353.92,646.0799999982119,3,C4;C5;C7,2198,234770.175293555,9943.175293554988,224827.0,6298012.48166012,6273270.22352802,7.753942279285037e-06,24742.258124346026,343.8914322299999,2.2547646008520156e-08,71.94787600232512,71.94787602487277,0.0,234819.73415359,9992.73415359,9897.349178735773,0.0,1.0,True,0.0,1.0,True,True,True,0.0,0.4641683614007019,0.0,0,0
341,focus_30ae01f335,BIHMH gen 16 focus / mip_intensify,24999574.16,425.839999999851,3,C4;C5;C7,2015,233421.02101293247,10027.801012932463,223393.22,6298085.106287328,6273895.440735377,3.7652853369655993e-06,24189.66554818476,335.50214654000007,1.122283531058328e-08,72.09988310849975,72.09988311972259,0.0,233471.01193258,10077.79193258,9981.595044391,0.0,1.0,True,0.0,1.0,True,True,True,0.0,0.4724729633426226,0.0,0,0
342,focus_6d38f9af67,BIHMH gen 91 focus / add_fix,24999574.16,425.839999999851,3,C4;C5;C7,2398,235497.77210259507,10364.982102595037,225132.79000000004,6298184.431131745,6272837.7516978625,0.00024487035297957846,25346.67918901102,348.61999861999976,7.023990417901707e-07,72.70575207774935,72.70575278014839,0.0,235546.06646823004,10413.27646823,10313.877234866488,0.0,1.0,True,0.0,1.0,True,True,True,0.0,0.5425924209853432,0.0,0,0
343,focus_ce8ddf31de,BIHMH gen 20 focus / swap_fix,24999574.16,425.839999999851,3,C4;C5;C7,2044,234751.13536076748,10096.415360767478,224654.72,6298286.16802186,6274678.906232268,2.2718644956911872e-06,23607.261787320473,326.8601719475,6.950569970501307e-09,72.22434488320665,72.22434489015723,0.0,234799.10684649,10144.386846489999,10047.55428100877,0.0,1.0,True,0.0,1.0,True,True,True,0.0,0.4712449980815643,0.0,0,0
344,focus_6b4c33ee94,BIHMH gen 39 focus / mip_intensify,24999794.4,205.60000000149012,3,C4;C5;C7,2236,234770.175293555,9943.175293554988,224827.0,6298450.891014181,6272336.790422158,0.000776563625638402,26114.099815458623,343.8914322299999,2.2581650860060516e-06,75.9370468933146,75.93704915147968,0.0,234819.73415359,9992.73415359,9897.349178735773,0.0,1.0,True,0.0,1.0,True,True,True,0.0,0.4741367539914725,0.0,0,0
345,focus_6b4c33ee94,BIHMH gen 30 focus / mip_intensify,24999353.92,646.0799999982119,3,C4;C5;C7,2166,234770.175293555,9943.175293554988,224827.0,6298772.266159286,6274029.935863966,7.642572095838807e-06,24742.33028767751,343.89143222999996,2.2223793266030934e-08,71.9480858456789,71.94808586790269,0.0,234819.73415359,9992.73415359,9897.349178735773,0.0,1.0,True,0.0,1.0,True,True,True,0.0,0.46416798342605553,0.0,0,0
346,focus_30ae01f335,BIHMH gen 19 focus / station_capacity_fix,24999953.04,46.96000000089407,4,C2;C4;C5;C7,2084,233421.02101293247,10027.801012932463,223393.22,6298804.791728313,6267441.898600621,4983.812297955721,26379.080829735674,335.50214654,14.854785131342013,78.62566931919956,93.48045445054157,0.0,233471.01193258,10077.79193258,9981.595044391,0.0,1.0,True,0.0,1.0,True,True,True,0.0,0.9702308966220053,0.0,0,0
347,focus_6d38f9af67,BIHMH gen 91 focus / station_capacity_fix,24999953.04,46.96000000089407,4,C2;C4;C5;C7,2359,235497.77210259507,10364.982102595037,225132.79000000004,6298809.416416215,6268809.565264031,1819.0089493166117,28180.842202866566,348.61999862000016,5.217741255570805,80.83541481963005,86.05315607520085,0.0,235546.06646823004,10413.27646823,10313.877234866488,0.0,1.0,True,0.0,1.0,True,True,True,0.0,0.9358025905500534,0.0,0,0
348,focus_2096f79153,BIHMH gen 59 focus / mip_intensify,24999922.240000002,77.75999999791384,4,C1;C4;C5;C7,2367,237417.84383618,10133.173836179983,227284.67,6298860.094897819,6273803.965131815,0.0005042227279192964,25056.129261781334,326.4853174225,1.5443963357984303e-06,76.74504158285488,76.74504312725122,0.0,237465.61268474002,10180.94268474,10083.761177952152,0.0,1.0,True,0.0,1.0,True,True,True,0.0,0.4286356452425594,0.0,0,0
349,focus_30ae01f335,BIHMH gen 17 focus / add_fix,24999794.4,205.60000000149012,3,C4;C5;C7,2041,233421.02101293247,10027.801012932463,223393.22,6298991.5767398635,6274791.234202221,3.753952032079021e-06,24200.342533888714,335.50214654,1.1189055184275725e-08,72.1317070053483,72.13170701653736,0.0,233471.01193258,10077.79193258,9981.595044391,0.0,1.0,True,0.0,1.0,True,True,True,0.0,0.4724728425771774,0.0,0,0
350,focus_2096f79153,BIHMH gen 56 focus / swap_fix,24999794.4,205.60000000149012,3,C4;C5;C7,2328,237417.84383618,10133.173836179983,227284.67,6299064.291607416,6275203.60283712,4.9019438792388186e-05,23860.688721277253,326.48531742249975,1.5014285842739097e-07,73.08349701496527,73.08349716510813,0.0,237465.61268474002,10180.94268474,10083.761177952152,0.0,1.0,True,0.0,1.0,True,True,True,0.0,0.5201284528102288,0.0,0,0
351,focus_6b4c33ee94,BIHMH gen 34 focus / crossover_fix,24999794.4,205.60000000149012,3,C4;C5;C7,2179,234770.175293555,9943.175293554988,224827.0,6299443.800325208,6273316.553038072,0.0007585595899074523,26127.24652857749,343.89143222999974,2.2058112497554646e-06,75.97527614791866,75.97527835372992,0.0,234819.73415359,9992.73415359,9897.349178735773,0.0,1.0,True,0.0,1.0,True,True,True,0.0,0.4741365258868198,0.0,0,0
352,focus_30ae01f335,BIHMH gen 17 focus / mip_intensify,24999794.4,205.60000000149012,3,C4;C5;C7,2044,233421.02101293247,10027.801012932463,223393.22,6299463.728455626,6275267.268136521,3.76128292396182e-06,24196.46031534356,335.50214654000035,1.1210905690921951e-08,72.120135638115,72.1201356493259,0.0,233471.01193258,10077.79193258,9981.595044391,0.0,1.0,True,0.0,1.0,True,True,True,0.0,0.4724726418301187,0.0,0,0
353,focus_2096f79153,BIHMH gen 58 focus / mip_intensify,24999794.4,205.60000000149012,3,C4;C5;C7,2338,237417.84383618,10133.173836179983,227284.67,6299539.201624834,6274863.402248922,4.9014819692970674e-05,24675.799326897548,326.4853174224999,1.501287104728857e-07,75.58011956465704,75.58011971478575,0.0,237465.61268474002,10180.94268474,10083.761177952152,0.0,1.0,True,0.0,1.0,True,True,True,0.0,0.5201284203333161,0.0,0,0
354,focus_2096f79153,BIHMH gen 59 focus / add_fix,24999574.16,425.839999999851,3,C4;C5;C7,2327,237417.84383618,10133.173836179983,227284.67,6299616.549189303,6275748.695573389,4.902447133548545e-05,23867.853566889695,326.4853174225001,1.5015827272882709e-07,73.10544239881587,73.10544254897414,0.0,237465.61268474002,10180.94268474,10083.761177952152,0.0,1.0,True,0.0,1.0,True,True,True,0.0,0.5201287651448052,0.0,0,0
355,focus_6b4c33ee94,BIHMH gen 36 focus / add_fix,24999794.4,205.60000000149012,3,C4;C5;C7,2197,234770.175293555,9943.175293554988,224827.0,6299645.990254138,6273479.656507823,0.0007661829137040531,26166.33298013144,343.8914322300001,2.2279790709982497e-06,76.08893542491916,76.08893765289822,0.0,234819.73415359,9992.73415359,9897.349178735773,0.0,1.0,True,0.0,1.0,True,True,True,0.0,0.47413764257636115,0.0,0,0
356,focus_6b4c33ee94,BIHMH gen 30 focus / swap_fix,24999574.16,425.839999999851,3,C4;C5;C7,2160,234770.175293555,9943.175293554988,224827.0,6299656.470505725,6274910.836558201,7.616574823352159e-06,24745.633939906977,343.8914322299998,2.214819594068304e-08,71.95769251778486,71.95769253993306,0.0,234819.73415359,9992.73415359,9897.349178735773,0.0,1.0,True,0.0,1.0,True,True,True,0.0,0.46416847883185125,0.0,0,0
357,focus_2096f79153,BIHMH gen 59 focus / remove_fix,24999794.4,205.60000000149012,3,C4;C5;C7,2336,237417.84383618,10133.173836179983,227284.67,6299663.618636023,6275801.7483199425,4.9024608477285495e-05,23861.870267055463,326.4853174225,1.5015869278385788e-07,73.08711600092006,73.08711615107876,0.0,237465.61268474002,10180.94268474,10083.761177952152,0.0,1.0,True,0.0,1.0,True,True,True,0.0,0.5201285277199371,0.0,0,0
358,focus_30ae01f335,BIHMH gen 18 focus / crossover_fix,24999353.92,646.0799999982119,3,C4;C5;C7,2013,233421.02101293247,10027.801012932463,223393.22,6299671.356346455,6275481.902835408,3.6694232643045275e-06,24189.45350737755,335.50214654000007,1.0937108159059252e-08,72.09925109821488,72.099251109152,0.0,233471.01193258,10077.79193258,9981.595044391,0.0,1.0,True,0.0,1.0,True,True,True,0.0,0.4724725180606914,0.0,0,0
359,focus_ce8ddf31de,BIHMH gen 20 focus / add_fix,24999353.92,646.0799999982119,3,C4;C5;C7,2039,234751.13536076748,10096.415360767478,224654.72,6299694.274331186,6276095.580598,2.2798043548303753e-06,23598.69373090532,326.86017194749957,6.974861272472678e-09,72.19813166682098,72.19813167379584,0.0,234799.10684649,10144.386846489999,10047.55428100877,0.0,1.0,True,0.0,1.0,True,True,True,0.0,0.47124497032445656,0.0,0,0
360,focus_2096f79153,BIHMH gen 55 focus / mip_intensify,24999794.4,205.60000000149012,3,C4;C5;C7,2407,237417.84383618,10133.173836179983,227284.67,6299699.817850189,6275290.372550692,4.8943542183443773e-05,24409.4452505533,326.4853174225,1.4991039281593981e-07,74.76429703870997,74.76429718862036,0.0,237465.61268474002,10180.94268474,10083.761177952152,0.0,1.0,True,0.0,1.0,True,True,True,0.0,0.5201283128446463,0.0,0,0
361,focus_2096f79153,BIHMH gen 59 focus / mip_intensify,24999574.16,425.839999999851,3,C4;C5;C7,2354,237417.84383618,10133.173836179983,227284.67,6299749.261279296,6275316.547674757,4.894542277263083e-05,24432.71355559277,326.48531742249975,1.4991615291934028e-07,74.83556610901054,74.83556625892669,0.0,237465.61268474002,10180.94268474,10083.761177952152,0.0,1.0,True,0.0,1.0,True,True,True,0.0,0.520128254650842,0.0,0,0
362,focus_6b4c33ee94,BIHMH gen 32 focus / crossover_fix,24999574.16,425.839999999851,3,C4;C5;C7,2173,234770.175293555,9943.175293554988,224827.0,6299848.185559019,6275101.283831701,7.753959286000156e-06,24746.901719564812,343.8914322299999,2.25476954622533e-08,71.96137908726293,71.96137910981062,0.0,234819.73415359,9992.73415359,9897.349178735773,0.0,1.0,True,0.0,1.0,True,True,True,0.0,0.4641687096210764,0.0,0,0
363,focus_30ae01f335,BIHMH gen 19 focus / add_fix,24999574.16,425.839999999851,3,C4;C5;C7,2047,233421.02101293247,10027.801012932463,223393.22,6299911.769317545,6275709.416506873,3.697918186893991e-06,24202.352806972907,335.5021465399999,1.1022040320845192e-08,72.13769883909642,72.13769885011845,0.0,233471.01193258,10077.79193258,9981.595044391,0.0,1.0,True,0.0,1.0,True,True,True,0.0,0.4724728262923162,0.0,0,0
364,focus_2096f79153,BIHMH gen 58 focus / add_fix,24999574.16,425.839999999851,3,C4;C5;C7,2328,237417.84383618,10133.173836179983,227284.67,6299922.926032043,6276063.259783982,4.9019510459471085e-05,23859.666199041338,326.48531742249975,1.501430779382819e-07,73.08036510617383,73.08036525631691,0.0,237465.61268474002,10180.94268474,10083.761177952152,0.0,1.0,True,0.0,1.0,True,True,True,0.0,0.520128452723294,0.0,0,0
365,focus_6b4c33ee94,BIHMH gen 34 focus / mip_intensify,24999794.4,205.60000000149012,3,C4;C5;C7,2167,234770.175293555,9943.175293554988,224827.0,6299930.037250108,6275186.659018534,7.641891523091284e-06,24743.378223932395,343.8914322299999,2.2221814232290235e-08,71.95113313373751,71.95113315595933,0.0,234819.73415359,9992.73415359,9897.349178735773,0.0,1.0,True,0.0,1.0,True,True,True,0.0,0.4641681728249624,0.0,0,0
366,focus_2096f79153,BIHMH gen 56 focus / crossover_fix,24999794.4,205.60000000149012,3,C4;C5;C7,2324,237417.84383618,10133.173836179983,227284.67,6300033.019734165,6276170.488325082,4.902004774427241e-05,23862.531360062956,326.48531742250003,1.5014472360126462e-07,73.08914087913728,73.089141029282,0.0,237465.61268474002,10180.94268474,10083.761177952152,0.0,1.0,True,0.0,1.0,True,True,True,0.0,0.520128519076628,0.0,0,0
367,focus_6b4c33ee94,BIHMH gen 38 focus / mip_intensify,24999353.92,646.0799999982119,3,C4;C5;C7,2204,234770.175293555,9943.175293554988,224827.0,6300084.665255256,6275335.558301128,7.384420126834917e-06,24749.106946743494,343.89143223,2.1473114578487378e-08,71.96779165521896,71.96779167669207,0.0,234819.73415359,9992.73415359,9897.349178735773,0.0,1.0,True,0.0,1.0,True,True,True,0.0,0.46416891281877914,0.0,0,0
368,focus_2096f79153,BIHMH gen 54 focus / crossover_fix,24999574.16,425.839999999851,3,C4;C5;C7,2355,237417.84383618,10133.173836179983,227284.67,6300144.155534048,6276268.903975802,4.902255112363485e-05,23875.2515092234,326.48531742249986,1.5015239126418505e-07,73.12810174041238,73.12810189056476,0.0,237465.61268474002,10180.94268474,10083.761177952152,0.0,1.0,True,0.0,1.0,True,True,True,0.0,0.5201294792402745,0.0,0,0
369,focus_2096f79153,BIHMH gen 56 focus / swap_fix,24999353.92,646.0799999982119,3,C4;C5;C7,2329,237417.84383618,10133.173836179983,227284.67,6300267.124440731,6276405.593541049,4.901968696165254e-05,23861.53085066146,326.48531742249986,1.501436185512039e-07,73.08607639400397,73.08607654414759,0.0,237465.61268474002,10180.94268474,10083.761177952152,0.0,1.0,True,0.0,1.0,True,True,True,0.0,0.5201284538049602,0.0,0,0
370,focus_6b4c33ee94,BIHMH gen 35 focus / mip_intensify,24999574.16,425.839999999851,3,C4;C5;C7,2202,234770.175293555,9943.175293554988,224827.0,6300325.988897337,6274211.139472941,0.0007753099514588964,26114.848649085336,343.89143222999974,2.2545195337706393e-06,75.93922442248963,75.93922667700916,0.0,234819.73415359,9992.73415359,9897.349178735773,0.0,1.0,True,0.0,1.0,True,True,True,0.0,0.4741359170362978,0.0,0,0
371,focus_2096f79153,BIHMH gen 57 focus / swap_fix,24999794.4,205.60000000149012,3,C4;C5;C7,2329,237417.84383618,10133.173836179983,227284.67,6300463.9276252035,6276604.087560145,4.901934775144852e-05,23859.84001603939,326.48531742249975,1.5014257957583225e-07,73.08089749458084,73.08089764472342,0.0,237465.61268474002,10180.94268474,10083.761177952152,0.0,1.0,True,0.0,1.0,True,True,True,0.0,0.5201284529588158,0.0,0,0
372,focus_2096f79153,BIHMH gen 56 focus / add_fix,24999794.4,205.60000000149012,3,C4;C5;C7,2330,237417.84383618,10133.173836179983,227284.67,6300530.015009027,6276666.786595872,4.902148772397936e-05,23863.228364133753,326.4853174225,1.5014913415092831e-07,73.09127575024358,73.09127590039272,0.0,237465.61268474002,10180.94268474,10083.761177952152,0.0,1.0,True,0.0,1.0,True,True,True,0.0,0.5201284528187162,0.0,0,0
373,focus_6b4c33ee94,BIHMH gen 34 focus / mip_intensify,24999353.92,646.0799999982119,3,C4;C5;C7,2192,234770.175293555,9943.175293554988,224827.0,6300568.049994178,6275813.662054999,7.753318705832438e-06,24754.387931426154,343.8914322299999,2.2545832722714936e-08,71.98314820146504,71.98314822401088,0.0,234819.73415359,9992.73415359,9897.349178735773,0.0,1.0,True,0.0,1.0,True,True,True,0.0,0.46416804757163815,0.0,0,0
374,focus_6b4c33ee94,BIHMH gen 32 focus / mip_intensify,24999574.16,425.839999999851,3,C4;C5;C7,2195,234770.175293555,9943.175293554988,224827.0,6300568.764347977,6275820.1142441435,7.448967338264983e-06,24748.65009638447,343.89143222999996,2.1660811058773334e-08,71.96646318257847,71.96646320423928,0.0,234819.73415359,9992.73415359,9897.349178735773,0.0,1.0,True,0.0,1.0,True,True,True,0.0,0.4641689060079637,0.0,0,0
375,focus_6b4c33ee94,BIHMH gen 36 focus / add_fix,24999794.4,205.60000000149012,3,C4;C5;C7,2203,234770.175293555,9943.175293554988,224827.0,6300595.19036608,6275845.108426537,7.375875540103084e-06,24750.081932166147,343.89143222999996,2.1448267821833906e-08,71.97062680995468,71.97062683140295,0.0,234819.73415359,9992.73415359,9897.349178735773,0.0,1.0,True,0.0,1.0,True,True,True,0.0,0.4641687481711781,0.0,0,0
376,focus_30ae01f335,BIHMH gen 18 focus / add_fix,24999794.4,205.60000000149012,3,C4;C5;C7,2067,233421.02101293247,10027.801012932463,223393.22,6300640.8860666305,6276447.250988426,3.7674143905735476e-06,24193.63507443763,335.50214654000007,1.1229181182375475e-08,72.11171470568566,72.11171471691483,0.0,233471.01193258,10077.79193258,9981.595044391,0.0,1.0,True,0.0,1.0,True,True,True,0.0,0.47247290858372826,0.0,0,0
377,focus_30ae01f335,BIHMH gen 17 focus / add_fix,24999794.4,205.60000000149012,3,C4;C5;C7,1957,233421.02101293247,10027.801012932463,223393.22,6300677.92815013,6276488.003915589,3.6941956916188112e-06,24189.92423084638,335.5021465400001,1.101094502588636e-08,72.1006541398159,72.10065415082684,0.0,233471.01193258,10077.79193258,9981.595044391,0.0,1.0,True,0.0,1.0,True,True,True,0.0,0.47247313198160024,0.0,0,0
378,focus_30ae01f335,BIHMH gen 19 focus / add_fix,24999794.4,205.60000000149012,3,C4;C5;C7,2072,233421.02101293247,10027.801012932463,223393.22,6300681.735686337,6276488.366007072,3.766434653042136e-06,24193.36967549874,335.50214654,1.1226260969966954e-08,72.1109236557874,72.11092366701367,0.0,233471.01193258,10077.79193258,9981.595044391,0.0,1.0,True,0.0,1.0,True,True,True,0.0,0.472472878455237,0.0,0,0
379,focus_6b4c33ee94,BIHMH gen 33 focus / swap_fix,24999353.92,646.0799999982119,3,C4;C5;C7,2188,234770.175293555,9943.175293554988,224827.0,6300682.590478242,6274506.3082244545,0.0007652078761333582,26176.28148857926,343.89143222999996,2.2251437646215486e-06,76.11786463779114,76.1178668629349,0.0,234819.73415359,9992.73415359,9897.349178735773,0.0,1.0,True,0.0,1.0,True,True,True,0.0,0.47413726429669634,0.0,0,0
380,focus_6b4c33ee94,BIHMH gen 34 focus / swap_fix,24999794.4,205.60000000149012,3,C4;C5;C7,2195,234770.175293555,9943.175293554988,224827.0,6300786.983123888,6276038.332976588,7.448966331247038e-06,24748.650139851634,343.89143222999996,2.1660808130471403e-08,71.96646330897639,71.9664633306372,0.0,234819.73415359,9992.73415359,9897.349178735773,0.0,1.0,True,0.0,1.0,True,True,True,0.0,0.4641689060079682,0.0,0,0
381,focus_6b4c33ee94,BIHMH gen 30 focus / crossover_fix,24999794.4,205.60000000149012,3,C4;C5;C7,2159,234770.175293555,9943.175293554988,224827.0,6300847.250733003,6276102.118673211,7.630763586174257e-06,24745.132052161403,343.89143222999974,2.2189455365874565e-08,71.9562330811763,71.95623310336575,0.0,234819.73415359,9992.73415359,9897.349178735773,0.0,1.0,True,0.0,1.0,True,True,True,0.0,0.46416804537709944,0.0,0,0
382,focus_6b4c33ee94,BIHMH gen 30 focus / add_fix,24999794.4,205.60000000149012,3,C4;C5;C7,2162,234770.175293555,9943.175293554988,224827.0,6300848.941226449,6276097.948902467,7.5645781077083e-06,24750.992316417454,343.8914322299999,2.1996994977906264e-08,71.97327411130036,71.97327413329735,0.0,234819.73415359,9992.73415359,9897.349178735773,0.0,1.0,True,0.0,1.0,True,True,True,0.0,0.46416800058033736,0.0,0,0
383,focus_6b4c33ee94,BIHMH gen 37 focus / add_fix,24999353.92,646.0799999982119,3,C4;C5;C7,2198,234770.175293555,9943.175293554988,224827.0,6300874.349606791,6274703.117771643,0.0007697478939811547,26171.231065399406,343.8914322300002,2.2383456574932486e-06,76.10317854006801,76.10318077841367,0.0,234819.73415359,9992.73415359,9897.349178735773,0.0,1.0,True,0.0,1.0,True,True,True,0.0,0.4741374846961094,0.0,0,0
384,focus_6b4c33ee94,BIHMH gen 33 focus / mip_intensify,24999794.4,205.60000000149012,3,C4;C5;C7,2257,234770.175293555,9943.175293554988,224827.0,6300890.80951752,6276150.601780654,7.906699855539795e-06,24740.207728958427,343.89143222999996,2.2991848922399642e-08,71.94191366888079,71.94191369187264,0.0,234819.73415359,9992.73415359,9897.349178735773,0.0,1.0,True,0.0,1.0,True,True,True,0.0,0.46416747518944934,0.0,0,0
385,focus_6b4c33ee94,BIHMH gen 35 focus / crossover_fix,24999353.92,646.0799999982119,3,C4;C5;C7,2191,234770.175293555,9943.175293554988,224827.0,6300895.194067507,6274773.103785459,0.0007784108483564755,26122.08950363794,343.8914322300001,2.263536614764691e-06,75.96028006352618,75.9602823270628,0.0,234819.73415359,9992.73415359,9897.349178735773,0.0,1.0,True,0.0,1.0,True,True,True,0.0,0.4741371079142513,0.0,0,0
386,focus_30ae01f335,BIHMH gen 18 focus / add_fix,24999794.4,205.60000000149012,3,C4;C5;C7,2036,233421.02101293247,10027.801012932463,223393.22,6300918.811258814,6275385.780506134,0.00030976207548581735,25533.03044291836,335.50214653999984,9.23278967602332e-07,76.10392573114049,76.10392665441945,0.0,233471.01193258,10077.79193258,9981.595044391,0.0,1.0,True,0.0,1.0,True,True,True,0.0,0.482505453615253,0.0,0,0
387,focus_30ae01f335,BIHMH gen 18 focus / add_fix,24999574.16,425.839999999851,3,C4;C5;C7,2041,233421.02101293247,10027.801012932463,223393.22,6300996.442344165,6275470.719415775,0.00031189353256724675,25525.722616497653,335.50214653999996,9.296320032040734e-07,76.08214397356879,76.0821449032008,0.0,233471.01193258,10077.79193258,9981.595044391,0.0,1.0,True,0.0,1.0,True,True,True,0.0,0.48250546094160734,0.0,0,0
388,focus_6b4c33ee94,BIHMH gen 35 focus / add_fix,24999574.16,425.839999999851,3,C4;C5;C7,2162,234770.175293555,9943.175293554988,224827.0,6301152.664702747,6276401.556048026,7.579243594523221e-06,24751.10864714139,343.89143222999957,2.2039640666168482e-08,71.97361238877127,71.97361241081092,0.0,234819.73415359,9992.73415359,9897.349178735773,0.0,1.0,True,0.0,1.0,True,True,True,0.0,0.4641681546297319,0.0,0,0
389,focus_6b4c33ee94,BIHMH gen 30 focus / swap_fix,24999794.4,205.60000000149012,3,C4;C5;C7,2155,234770.175293555,9943.175293554988,224827.0,6301155.657757774,6276402.910424784,7.554189003648541e-06,24752.747325436405,343.89143222999974,2.196678455948326e-08,71.97837749235171,71.9783775143185,0.0,234819.73415359,9992.73415359,9897.349178735773,0.0,1.0,True,0.0,1.0,True,True,True,0.0,0.4641681231867099,0.0,0,0
390,focus_6b4c33ee94,BIHMH gen 36 focus / add_fix,24999794.4,205.60000000149012,3,C4;C5;C7,2199,234770.175293555,9943.175293554988,224827.0,6301170.602965724,6275000.269024983,0.0007722085929366301,26170.33316853215,343.89143223000013,2.2455011104206996e-06,76.1005675507176,76.1005697962187,0.0,234819.73415359,9992.73415359,9897.349178735773,0.0,1.0,True,0.0,1.0,True,True,True,0.0,0.4741376524162474,0.0,0,0
391,focus_6b4c33ee94,BIHMH gen 33 focus / crossover_fix,24999794.4,205.60000000149012,3,C4;C5;C7,2197,234770.175293555,9943.175293554988,224827.0,6301207.343703162,6275036.594721881,0.0007752604021161858,26170.748206020005,343.8914322300002,2.2543754495101202e-06,76.10177443594054,76.10177669031599,0.0,234819.73415359,9992.73415359,9897.349178735773,0.0,1.0,True,0.0,1.0,True,True,True,0.0,0.47413749752145723,0.0,0,0
392,focus_6b4c33ee94,BIHMH gen 38 focus / add_fix,24999794.4,205.60000000149012,3,C4;C5;C7,2199,234770.175293555,9943.175293554988,224827.0,6301231.164828911,6276482.619445367,7.448967698990565e-06,24748.54537609619,343.8914322299999,2.1660812107725267e-08,71.96615866702949,71.9661586886903,0.0,234819.73415359,9992.73415359,9897.349178735773,0.0,1.0,True,0.0,1.0,True,True,True,0.0,0.4641689059695859,0.0,0,0
393,focus_6b4c33ee94,BIHMH gen 38 focus / add_fix,24999574.16,425.839999999851,3,C4;C5;C7,2198,234770.175293555,9943.175293554988,224827.0,6301256.552903492,6275080.044441195,0.000767084160247495,26176.50769521254,343.89143223000013,2.2305998008535924e-06,76.11852242281299,76.11852465341279,0.0,234819.73415359,9992.73415359,9897.349178735773,0.0,1.0,True,0.0,1.0,True,True,True,0.0,0.474137641824521,0.0,0,0
394,focus_2096f79153,BIHMH gen 55 focus / crossover_fix,24999794.4,205.60000000149012,3,C4;C5;C7,2328,237417.84383618,10133.173836179983,227284.67,6301286.35322104,6277424.622920226,4.902016553482081e-05,23861.73025179381,326.48531742250003,1.5014508438486534e-07,73.08668714469228,73.08668729483736,0.0,237465.61268474002,10180.94268474,10083.761177952152,0.0,1.0,True,0.0,1.0,True,True,True,0.0,0.520128534784509,0.0,0,0
395,focus_6b4c33ee94,BIHMH gen 36 focus / crossover_fix,24999574.16,425.839999999851,3,C4;C5;C7,2203,234770.175293555,9943.175293554988,224827.0,6301376.216822189,6276625.538183141,7.376599109408048e-06,24750.678631671854,343.8914322299998,2.1450371885026977e-08,71.97236194915791,71.97236197060829,0.0,234819.73415359,9992.73415359,9897.349178735773,0.0,1.0,True,0.0,1.0,True,True,True,0.0,0.46416889755847185,0.0,0,0
396,focus_2096f79153,BIHMH gen 57 focus / add_fix,24999794.4,205.60000000149012,3,C4;C5;C7,2327,237417.84383618,10133.173836179983,227284.67,6301419.867453715,6277554.882142317,4.90243055216524e-05,23864.985262374288,326.4853174225,1.501577648535133e-07,73.09665699756707,73.09665714772483,0.0,237465.61268474002,10180.94268474,10083.761177952152,0.0,1.0,True,0.0,1.0,True,True,True,0.0,0.5201287350093238,0.0,0,0
397,focus_2096f79153,BIHMH gen 54 focus / crossover_fix,24999353.92,646.0799999982119,3,C4;C5;C7,2350,237417.84383618,10133.173836179983,227284.67,6301470.335025394,6277596.871033269,4.901779137511613e-05,23873.463943107643,326.4853174225,1.5013781251204907e-07,73.122626559691,73.12262670982881,0.0,237465.61268474002,10180.94268474,10083.761177952152,0.0,1.0,True,0.0,1.0,True,True,True,0.0,0.5201285389853814,0.0,0,0
398,focus_2096f79153,BIHMH gen 58 focus / add_fix,24999574.16,425.839999999851,3,C4;C5;C7,2329,237417.84383618,10133.173836179983,227284.67,6301489.599988099,6277630.747255492,4.9019666525245254e-05,23858.852683588004,326.4853174225,1.501435559560236e-07,73.0778733694557,73.07787351959925,0.0,237465.61268474002,10180.94268474,10083.761177952152,0.0,1.0,True,0.0,1.0,True,True,True,0.0,0.5201284469282197,0.0,0,0
399,focus_6b4c33ee94,BIHMH gen 34 focus / mip_intensify,24999794.4,205.60000000149012,3,C4;C5;C7,2206,234770.175293555,9943.175293554988,224827.0,6301494.111012313,6276743.464622568,7.49493274636026e-06,24750.646382249128,343.89143222999957,2.1794473615578595e-08,71.97226817123939,71.97226819303387,0.0,234819.73415359,9992.73415359,9897.349178735773,0.0,1.0,True,0.0,1.0,True,True,True,0.0,0.4641671413545062,0.0,0,0
400,focus_6b4c33ee94,BIHMH gen 34 focus / swap_fix,24999794.4,205.60000000149012,3,C4;C5;C7,2198,234770.175293555,9943.175293554988,224827.0,6301497.545585665,6275326.991290627,0.0007679072632954067,26170.553527130476,343.8914322300002,2.2329932976690673e-06,76.10120833027088,76.10121056326417,0.0,234819.73415359,9992.73415359,9897.349178735773,0.0,1.0,True,0.0,1.0,True,True,True,0.0,0.4741376456462005,0.0,0,0
401,focus_6b4c33ee94,BIHMH gen 32 focus / mip_intensify,24999574.16,425.839999999851,3,C4;C5;C7,2190,234770.175293555,9943.175293554988,224827.0,6301518.702642347,6275397.5329783,0.0007845686449817597,26121.16887947794,343.8914322300002,2.281442837625066e-06,75.95760298560644,75.95760526704927,0.0,234819.73415359,9992.73415359,9897.349178735773,0.0,1.0,True,0.0,1.0,True,True,True,0.0,0.474137686080065,0.0,0,0
402,focus_30ae01f335,BIHMH gen 11 focus / mip_intensify,24999574.16,425.839999999851,3,C4;C5;C7,2020,233421.02101293247,10027.801012932463,223393.22,6301535.967113634,6277337.255670039,3.795377182827859e-06,24198.71143979976,335.50214653999984,1.131252727283329e-08,72.12684535511518,72.1268453664277,0.0,233471.01193258,10077.79193258,9981.595044391,0.0,1.0,True,0.0,1.0,True,True,True,0.0,0.4724727328960434,0.0,0,0
403,focus_2096f79153,BIHMH gen 56 focus / crossover_fix,24999574.16,425.839999999851,3,C4;C5;C7,2329,237417.84383618,10133.173836179983,227284.67,6301575.797114731,6277716.468941861,4.901960370646363e-05,23859.32812385085,326.4853174224997,1.501433635468149e-07,73.07932960726333,73.0793297574067,0.0,237465.61268474002,10180.94268474,10083.761177952152,0.0,1.0,True,0.0,1.0,True,True,True,0.0,0.5201284283250344,0.0,0,0
404,focus_6b4c33ee94,BIHMH gen 32 focus / mip_intensify,24999574.16,425.839999999851,3,C4;C5;C7,2172,234770.175293555,9943.175293554988,224827.0,6301612.448232186,6276871.160345431,7.63231664026638e-06,24741.2878791225,343.8914322299997,2.2193971483307485e-08,71.94505463158838,71.94505465378235,0.0,234819.73415359,9992.73415359,9897.349178735773,0.0,1.0,True,0.0,1.0,True,True,True,0.0,0.4641681462076552,0.0,0,0
405,focus_2096f79153,BIHMH gen 58 focus / add_fix,24999794.4,205.60000000149012,3,C4;C5;C7,2326,237417.84383618,10133.173836179983,227284.67,6301621.53067178,6277761.594351891,4.901968117753651e-05,23859.93627086942,326.4853174224999,1.50143600834891e-07,73.08119231589401,73.08119246603762,0.0,237465.61268474002,10180.94268474,10083.761177952152,0.0,1.0,True,0.0,1.0,True,True,True,0.0,0.5201284529450535,0.0,0,0
406,focus_2096f79153,BIHMH gen 55 focus / add_fix,24999574.16,425.839999999851,3,C4;C5;C7,2325,237417.84383618,10133.173836179983,227284.67,6301622.645880452,6277762.709299858,4.901969089089363e-05,23859.93653157506,326.48531742249975,1.501436305861742e-07,73.08119311441584,73.08119326455947,0.0,237465.61268474002,10180.94268474,10083.761177952152,0.0,1.0,True,0.0,1.0,True,True,True,0.0,0.5201284556165712,0.0,0,0
407,focus_2096f79153,BIHMH gen 55 focus / crossover_fix,24999574.16,425.839999999851,3,C4;C5;C7,2328,237417.84383618,10133.173836179983,227284.67,6301626.873572352,6277767.565102707,4.90196702614832e-05,23859.308420626334,326.4853174225001,1.501435673998397e-07,73.07926925776677,73.07926940791033,0.0,237465.61268474002,10180.94268474,10083.761177952152,0.0,1.0,True,0.0,1.0,True,True,True,0.0,0.5201284360377141,0.0,0,0
408,focus_2096f79153,BIHMH gen 59 focus / mip_intensify,24999794.4,205.60000000149012,3,C4;C5;C7,2326,237417.84383618,10133.173836179983,227284.67,6301713.537724971,6277849.508868373,4.9024453649445656e-05,23864.028807572573,326.4853174224999,1.5015821855781594e-07,73.09372744836325,73.09372759852147,0.0,237465.61268474002,10180.94268474,10083.761177952152,0.0,1.0,True,0.0,1.0,True,True,True,0.0,0.5201287336984362,0.0,0,0
409,focus_6b4c33ee94,BIHMH gen 37 focus / mip_intensify,24999794.4,205.60000000149012,3,C4;C5;C7,2213,234770.175293555,9943.175293554988,224827.0,6301725.212336512,6275585.057734952,0.0007658535615571653,26140.153835706646,343.89143223,2.2270213497059455e-06,76.01280923516495,76.0128114621863,0.0,234819.73415359,9992.73415359,9897.349178735773,0.0,1.0,True,0.0,1.0,True,True,True,0.0,0.47413500448502693,0.0,0,0
410,focus_2096f79153,BIHMH gen 55 focus / add_fix,24999794.4,205.60000000149012,3,C4;C5;C7,2327,237417.84383618,10133.173836179983,227284.67,6301799.449196206,6277940.081340026,4.9019663989412436e-05,23859.36780716137,326.48531742250003,1.5014354818895817e-07,73.07945115426216,73.07945130440571,0.0,237465.61268474002,10180.94268474,10083.761177952152,0.0,1.0,True,0.0,1.0,True,True,True,0.0,0.5201284528757132,0.0,0,0
411,focus_6b4c33ee94,BIHMH gen 36 focus / add_fix,24999353.92,646.0799999982119,3,C4;C5;C7,2198,234770.175293555,9943.175293554988,224827.0,6301852.771352554,6275679.256885428,0.0007677993218335312,26173.51369932685,343.8914322300002,2.232679415287132e-06,76.10981619868208,76.1098184313615,0.0,234819.73415359,9992.73415359,9897.349178735773,0.0,1.0,True,0.0,1.0,True,True,True,0.0,0.4741376339717648,0.0,0,0
412,focus_6b4c33ee94,BIHMH gen 35 focus / swap_fix,24999353.92,646.0799999982119,3,C4;C5;C7,2162,234770.175293555,9943.175293554988,224827.0,6301885.354124462,6277134.278573255,7.578157378169101e-06,24751.07554362935,343.8914322299999,2.2036482063620335e-08,71.97351612725103,71.97351614928752,0.0,234819.73415359,9992.73415359,9897.349178735773,0.0,1.0,True,0.0,1.0,True,True,True,0.0,0.46416815075036544,0.0,0,0
413,focus_2096f79153,BIHMH gen 55 focus / crossover_fix,24999794.4,205.60000000149012,3,C4;C5;C7,2327,237417.84383618,10133.173836179983,227284.67,6301963.393521421,6278104.059089772,4.9019713041909506e-05,23859.334382628353,326.4853174225,1.5014369843307163e-07,73.07934877742858,73.07934892757228,0.0,237465.61268474002,10180.94268474,10083.761177952152,0.0,1.0,True,0.0,1.0,True,True,True,0.0,0.5201284525871583,0.0,0,0
414,focus_2096f79153,BIHMH gen 59 focus / crossover_fix,24999794.4,205.60000000149012,3,C4;C5;C7,2351,237417.84383618,10133.173836179983,227284.67,6301963.399128035,6278099.261396809,4.9020143665510764e-05,23864.13768220578,326.48531742250003,1.501450174008116e-07,73.09406092318552,73.09406107333054,0.0,237465.61268474002,10180.94268474,10083.761177952152,0.0,1.0,True,0.0,1.0,True,True,True,0.0,0.5201284708778197,0.0,0,0
415,focus_2096f79153,BIHMH gen 57 focus / add_fix,24999794.4,205.60000000149012,3,C4;C5;C7,2327,237417.84383618,10133.173836179983,227284.67,6302040.180759592,6278180.2152990345,4.902140540827139e-05,23859.96541153626,326.48531742249975,1.5014888202409888e-07,73.08128157156739,73.08128172171627,0.0,237465.61268474002,10180.94268474,10083.761177952152,0.0,1.0,True,0.0,1.0,True,True,True,0.0,0.5201284588594804,0.0,0,0
416,focus_2096f79153,BIHMH gen 55 focus / add_fix,24999574.16,425.839999999851,3,C4;C5;C7,2328,237417.84383618,10133.173836179983,227284.67,6302087.491402915,6278227.662256034,4.901968148568809e-05,23859.829097860962,326.4853174225001,1.5014360177873605e-07,73.08086405302046,73.08086420316407,0.0,237465.61268474002,10180.94268474,10083.761177952152,0.0,1.0,True,0.0,1.0,True,True,True,0.0,0.5201284529450523,0.0,0,0
417,focus_2096f79153,BIHMH gen 56 focus / mip_intensify,24999794.4,205.60000000149012,3,C4;C5;C7,2342,237417.84383618,10133.173836179983,227284.67,6302184.058359097,6277516.702886102,4.900197227720552e-05,24667.355423992973,326.48531742250003,1.5008935980356128e-07,75.55425652440994,75.5542566744993,0.0,237465.61268474002,10180.94268474,10083.761177952152,0.0,1.0,True,0.0,1.0,True,True,True,0.0,0.5201282731121487,0.0,0,0
418,focus_6b4c33ee94,BIHMH gen 33 focus / swap_fix,24999574.16,425.839999999851,3,C4;C5;C7,2203,234770.175293555,9943.175293554988,224827.0,6302199.650556852,6276031.34356316,0.0007383203958390499,26168.3062553718,343.89143223000025,2.146957808897225e-06,76.09467350111242,76.09467564807024,0.0,234819.73415359,9992.73415359,9897.349178735773,0.0,1.0,True,0.0,1.0,True,True,True,0.0,0.4741377672966577,0.0,0,0
419,focus_2096f79153,BIHMH gen 55 focus / crossover_fix,24999794.4,205.60000000149012,3,C4;C5;C7,2325,237417.84383618,10133.173836179983,227284.67,6302297.41023702,6277609.829395646,4.903702451330703e-05,24687.580792336936,326.48531742249975,1.5019672216943513e-07,75.61620530821332,75.61620545841005,0.0,237465.61268474002,10180.94268474,10083.761177952152,0.0,1.0,True,0.0,1.0,True,True,True,0.0,0.5201284310102209,0.0,0,0
420,focus_2096f79153,BIHMH gen 56 focus / crossover_fix,24999574.16,425.839999999851,3,C4;C5;C7,2316,237417.84383618,10133.173836179983,227284.67,6302332.7796296375,6278469.412739275,4.9019749608297065e-05,23863.36684134254,326.4853174225002,1.5014381043316958e-07,73.09169989553092,73.09170004567473,0.0,237465.61268474002,10180.94268474,10083.761177952152,0.0,1.0,True,0.0,1.0,True,True,True,0.0,0.5201284671809239,0.0,0,0
421,focus_30ae01f335,BIHMH gen 18 focus / swap_fix,24999574.16,425.839999999851,3,C4;C5;C7,2042,233421.02101293247,10027.801012932463,223393.22,6302385.926164672,6276838.479920434,0.0003144512862565107,25547.44592978758,335.50214654000007,9.372556614001288e-07,76.14689263021361,76.14689356746928,0.0,233471.01193258,10077.79193258,9981.595044391,0.0,1.0,True,0.0,1.0,True,True,True,0.0,0.48250534093495523,0.0,0,0
422,focus_2096f79153,BIHMH gen 54 focus / add_fix,24999574.16,425.839999999851,3,C4;C5;C7,2323,237417.84383618,10133.173836179983,227284.67,6302538.852986696,6277851.7158211805,4.903709717670194e-05,24687.137116479073,326.4853174225,1.5019694473195477e-07,75.61484636239186,75.6148465125888,0.0,237465.61268474002,10180.94268474,10083.761177952152,0.0,1.0,True,0.0,1.0,True,True,True,0.0,0.5201284476196685,0.0,0,0
423,focus_2096f79153,BIHMH gen 57 focus / mip_intensify,24999794.4,205.60000000149012,3,C4;C5;C7,2327,237417.84383618,10133.173836179983,227284.67,6302584.952238705,6277888.819416726,4.905452759770123e-05,24696.132772924666,326.48531742250015,1.5025033280201217e-07,75.64239938228444,75.64239953253477,0.0,237465.61268474002,10180.94268474,10083.761177952152,0.0,1.0,True,0.0,1.0,True,True,True,0.0,0.5201286191594985,0.0,0,0
424,focus_2096f79153,BIHMH gen 53 focus / mip_intensify,24999794.4,205.60000000149012,3,C4;C5;C7,2347,237417.84383618,10133.173836179983,227284.67,6302596.845635653,6277928.154660332,4.9007160572158394e-05,24668.69092631315,326.4853174224999,1.5010525116123044e-07,75.55834706768682,75.55834721779208,0.0,237465.61268474002,10180.94268474,10083.761177952152,0.0,1.0,True,0.0,1.0,True,True,True,0.0,0.5201285743475343,0.0,0,0
425,focus_2096f79153,BIHMH gen 53 focus / mip_intensify,24999794.4,205.60000000149012,3,C4;C5;C7,2323,237417.84383618,10133.173836179983,227284.67,6303010.960788045,6278323.826599616,4.903709560149575e-05,24687.13413939275,326.4853174224997,1.501969399072167e-07,75.61483724380017,75.6148373939971,0.0,237465.61268474002,10180.94268474,10083.761177952152,0.0,1.0,True,0.0,1.0,True,True,True,0.0,0.5201284476196687,0.0,0,0
426,focus_6b4c33ee94,BIHMH gen 37 focus / mip_intensify,24999574.16,425.839999999851,3,C4;C5;C7,2220,234770.175293555,9943.175293554988,224827.0,6303017.1623801915,6278266.040290128,7.495822394893849e-06,24751.122082566937,343.8914322300002,2.1797060619644986e-08,71.97365145757101,71.97365147936807,0.0,234819.73415359,9992.73415359,9897.349178735773,0.0,1.0,True,0.0,1.0,True,True,True,0.0,0.4641688720837303,0.0,0,0
427,focus_2096f79153,BIHMH gen 58 focus / add_fix,24999574.16,425.839999999851,3,C4;C5;C7,2322,237417.84383618,10133.173836179983,227284.67,6303181.914218795,6279316.895557044,4.902468268752836e-05,23865.01861272606,326.4853174224998,1.501589200842568e-07,73.09675914718913,73.09675929734806,0.0,237465.61268474002,10180.94268474,10083.761177952152,0.0,1.0,True,0.0,1.0,True,True,True,0.0,0.5201287336819392,0.0,0,0
428,focus_2096f79153,BIHMH gen 54 focus / mip_intensify,24999794.4,205.60000000149012,3,C4;C5;C7,2319,237417.84383618,10133.173836179983,227284.67,6303377.807632439,6278678.753571292,4.905852312192525e-05,24699.05401208808,326.48531742249986,1.5026257079254605e-07,75.65134691838345,75.65134706864602,0.0,237465.61268474002,10180.94268474,10083.761177952152,0.0,1.0,True,0.0,1.0,True,True,True,0.0,0.5201287296076756,0.0,0,0
429,focus_6b4c33ee94,BIHMH gen 31 focus / add_fix,24999794.4,205.60000000149012,3,C4;C5;C7,2157,234770.175293555,9943.175293554988,224827.0,6303429.464788631,6278675.761996918,7.569970595538868e-06,24753.702784142453,343.89143222999957,2.2012675763541448e-08,71.98115586545588,71.98115588746855,0.0,234819.73415359,9992.73415359,9897.349178735773,0.0,1.0,True,0.0,1.0,True,True,True,0.0,0.4641679549582185,0.0,0,0
430,focus_30ae01f335,BIHMH gen 10 focus / mip_intensify,24999353.92,646.0799999982119,3,C4;C5;C7,2048,233421.02101293247,10027.801012932463,223393.22,6303492.562385592,6279303.500523495,3.6850629214595884e-06,24189.061858412315,335.50214654,1.0983723828485965e-08,72.09808374662184,72.09808375760556,0.0,233471.01193258,10077.79193258,9981.595044391,0.0,1.0,True,0.0,1.0,True,True,True,0.0,0.47247254697886143,0.0,0,0
431,focus_6b4c33ee94,BIHMH gen 30 focus / add_fix,24999794.4,205.60000000149012,3,C4;C5;C7,2163,234770.175293555,9943.175293554988,224827.0,6303657.423588673,6278903.286971909,7.57067583386489e-06,24754.13660919307,343.8914322299996,2.2014726522181893e-08,71.98241738292899,71.98241740494372,0.0,234819.73415359,9992.73415359,9897.349178735773,0.0,1.0,True,0.0,1.0,True,True,True,0.0,0.4641679536037974,0.0,0,0
432,focus_6b4c33ee94,BIHMH gen 33 focus / station_capacity_fix,24999512.56,487.4400000013411,4,C2;C4;C5;C7,2216,234770.175293555,9943.175293554988,224827.0,6303696.9969147025,6273817.959181102,3629.5387766647796,26249.498956935236,343.8914322300002,10.554315799985632,76.33077331039507,86.8850891103807,0.0,234819.73415359,9992.73415359,9897.349178735773,0.0,1.0,True,0.0,1.0,True,True,True,0.0,0.9614735762175387,0.0,0,0
433,focus_30ae01f335,BIHMH gen 19 focus / swap_fix,24999794.4,205.60000000149012,3,C4;C5;C7,2015,233421.02101293247,10027.801012932463,223393.22,6303724.80272245,6279530.069606491,3.7082693708492964e-06,24194.733112250466,335.50214654,1.1052893130766245e-08,72.11498752472473,72.11498753577762,0.0,233471.01193258,10077.79193258,9981.595044391,0.0,1.0,True,0.0,1.0,True,True,True,0.0,0.47247289914103835,0.0,0,0
434,focus_2096f79153,BIHMH gen 59 focus / crossover_fix,24999794.4,205.60000000149012,3,C4;C5;C7,2338,237417.84383618,10133.173836179983,227284.67,6303754.671360525,6279076.935951019,4.9021665088534035e-05,24677.73536048489,326.4853174225,1.5014967740523475e-07,75.5860494900902,75.58604964023988,0.0,237465.61268474002,10180.94268474,10083.761177952152,0.0,1.0,True,0.0,1.0,True,True,True,0.0,0.5201294149275568,0.0,0,0
435,focus_6b4c33ee94,BIHMH gen 31 focus / add_fix,24999794.4,205.60000000149012,3,C4;C5;C7,2153,234770.175293555,9943.175293554988,224827.0,6303876.356090355,6279123.617111815,7.552524938241334e-06,24752.73897098785,343.8914322299997,2.196194563285919e-08,71.97835319849682,71.97835322045877,0.0,234819.73415359,9992.73415359,9897.349178735773,0.0,1.0,True,0.0,1.0,True,True,True,0.0,0.46416812235082083,0.0,0,0
436,focus_6b4c33ee94,BIHMH gen 33 focus / swap_fix,24999353.92,646.0799999982119,3,C4;C5;C7,2166,234770.175293555,9943.175293554988,224827.0,6304050.622738536,6279296.4857964795,7.57479611208925e-06,24754.13693448225,343.8914322299997,2.2026707856516515e-08,71.98241832883558,71.98241835086229,0.0,234819.73415359,9992.73415359,9897.349178735773,0.0,1.0,True,0.0,1.0,True,True,True,0.0,0.46416795715861786,0.0,0,0
437,focus_6b4c33ee94,BIHMH gen 33 focus / add_fix,24999574.16,425.839999999851,3,C4;C5;C7,2155,234770.175293555,9943.175293554988,224827.0,6304113.507268281,6279359.599329749,7.554218597142529e-06,24753.90793097759,343.89143222999974,2.1966870614241283e-08,71.98175241080682,71.98175243277369,0.0,234819.73415359,9992.73415359,9897.349178735773,0.0,1.0,True,0.0,1.0,True,True,True,0.0,0.46416812604945556,0.0,0,0
438,focus_30ae01f335,BIHMH gen 19 focus / swap_fix,24999794.4,205.60000000149012,3,C4;C5;C7,1986,233421.02101293247,10027.801012932463,223393.22,6304359.811086255,6280164.75364312,3.715095325527272e-06,24195.057439419958,335.5021465399996,1.107323861811521e-08,72.11595421651154,72.11595422758478,0.0,233471.01193258,10077.79193258,9981.595044391,0.0,1.0,True,0.0,1.0,True,True,True,0.0,0.4724731686842153,0.0,0,0
439,focus_6b4c33ee94,BIHMH gen 33 focus / add_fix,24999574.16,425.839999999851,3,C4;C5;C7,2159,234770.175293555,9943.175293554988,224827.0,6304388.786251671,6279636.121282247,7.5543315504288385e-06,24752.66496187015,343.8914322300001,2.196719907047984e-08,71.97813798779137,71.97813800975857,0.0,234819.73415359,9992.73415359,9897.349178735773,0.0,1.0,True,0.0,1.0,True,True,True,0.0,0.4641679960143617,0.0,0,0
440,focus_6b4c33ee94,BIHMH gen 31 focus / crossover_fix,24999353.92,646.0799999982119,3,C4;C5;C7,2151,234770.175293555,9943.175293554988,224827.0,6304468.005657009,6279729.887253909,7.694262424175893e-06,24738.118395405218,343.8914322300003,2.2374103286847352e-08,71.93583810735929,71.9358381297334,0.0,234819.73415359,9992.73415359,9897.349178735773,0.0,1.0,True,0.0,1.0,True,True,True,0.0,0.46416812764607923,0.0,0,0
441,focus_6b4c33ee94,BIHMH gen 32 focus / add_fix,24999574.16,425.839999999851,3,C4;C5;C7,2164,234770.175293555,9943.175293554988,224827.0,6304511.760544227,6279757.50138278,7.574968912621402e-06,24754.25915387154,343.8914322299996,2.202721034223136e-08,71.98277372992395,71.98277375195116,0.0,234819.73415359,9992.73415359,9897.349178735773,0.0,1.0,True,0.0,1.0,True,True,True,0.0,0.4641679578230031,0.0,0,0
442,focus_6b4c33ee94,BIHMH gen 31 focus / swap_fix,24999794.4,205.60000000149012,3,C4;C5;C7,2155,234770.175293555,9943.175293554988,224827.0,6304610.898867466,6279858.221221188,7.542262726127141e-06,24752.67763873578,343.8914322299995,2.1932104202825173e-08,71.97817485077917,71.97817487271128,0.0,234819.73415359,9992.73415359,9897.349178735773,0.0,1.0,True,0.0,1.0,True,True,True,0.0,0.46416812464984913,0.0,0,0
443,focus_2096f79153,BIHMH gen 58 focus / mip_intensify,24999794.4,205.60000000149012,3,C4;C5;C7,2426,237417.84383618,10133.173836179983,227284.67,6304986.713266567,6281117.15224339,4.90188367387417e-05,23869.560974158372,326.4853174224997,1.501410143823012e-07,73.11067205901065,73.11067220915167,0.0,237465.61268474002,10180.94268474,10083.761177952152,0.0,1.0,True,0.0,1.0,True,True,True,0.0,0.5201293501376487,0.0,0,0
444,focus_6b4c33ee94,BIHMH gen 32 focus / swap_fix,24999353.92,646.0799999982119,3,C4;C5;C7,2144,234770.175293555,9943.175293554988,224827.0,6304998.678876021,6280246.099383366,7.575112207453756e-06,24752.57948507933,343.8914322299999,2.2027627028484395e-08,71.9778894303026,71.97788945233022,0.0,234819.73415359,9992.73415359,9897.349178735773,0.0,1.0,True,0.0,1.0,True,True,True,0.0,0.4641680907898124,0.0,0,0
445,focus_30ae01f335,BIHMH gen 10 focus / add_fix,24999353.92,646.0799999982119,3,C4;C5;C7,1951,233421.02101293247,10027.801012932463,223393.22,6305076.297511934,6280886.812882281,3.6944764655745336e-06,24189.484625959052,335.50214654,1.10117819026653e-08,72.09934385047244,72.09934386148421,0.0,233471.01193258,10077.79193258,9981.595044391,0.0,1.0,True,0.0,1.0,True,True,True,0.0,0.47247342591902614,0.0,0,0
446,focus_2096f79153,BIHMH gen 56 focus / mip_intensify,24999794.4,205.60000000149012,3,C4;C5;C7,2348,237417.84383618,10133.173836179983,227284.67,6305166.286012495,6280465.353331652,4.907126228343441e-05,24700.932631772248,326.4853174224998,1.5030158988721694e-07,75.65710098934446,75.65710113964604,0.0,237465.61268474002,10180.94268474,10083.761177952152,0.0,1.0,True,0.0,1.0,True,True,True,0.0,0.520128143323891,0.0,0,0
447,focus_2096f79153,BIHMH gen 58 focus / mip_intensify,24999794.4,205.60000000149012,3,C4;C5;C7,2358,237417.84383618,10133.173836179983,227284.67,6305605.9582830295,6280925.453608786,4.902637609753871e-05,24680.50462521719,326.4853174224995,1.5016410687190092e-07,75.59453153992385,75.59453169008796,0.0,237465.61268474002,10180.94268474,10083.761177952152,0.0,1.0,True,0.0,1.0,True,True,True,0.0,0.5201294117725035,0.0,0,0
448,focus_30ae01f335,BIHMH gen 17 focus / add_fix,24999794.4,205.60000000149012,3,C4;C5;C7,2034,233421.02101293247,10027.801012932463,223393.22,6305688.015221452,6281496.074202997,3.7094253518679633e-06,24191.941014746317,335.50214654,1.1056338655722162e-08,72.10666537974609,72.10666539080243,0.0,233471.01193258,10077.79193258,9981.595044391,0.0,1.0,True,0.0,1.0,True,True,True,0.0,0.47247293771985066,0.0,0,0
449,focus_30ae01f335,BIHMH gen 15 focus / mip_intensify,24999794.4,205.60000000149012,3,C4;C5;C7,1997,233421.02101293247,10027.801012932463,223393.22,6305690.708955335,6280159.907899514,0.00031485841760458275,25530.800740962542,335.50214653999984,9.384691598896943e-07,76.09727986619204,76.0972808046612,0.0,233471.01193258,10077.79193258,9981.595044391,0.0,1.0,True,0.0,1.0,True,True,True,0.0,0.48250529382054896,0.0,0,0
450,focus_30ae01f335,BIHMH gen 12 focus / crossover_fix,24999794.4,205.60000000149012,3,C4;C5;C7,1950,233421.02101293247,10027.801012932463,223393.22,6305788.149119573,6280258.655065397,0.0003087338676430923,25529.49374544235,335.50214654,9.202142842513341e-07,76.09338422637667,76.09338514659096,0.0,233471.01193258,10077.79193258,9981.595044391,0.0,1.0,True,0.0,1.0,True,True,True,0.0,0.48250613518759244,0.0,0,0
451,focus_30ae01f335,BIHMH gen 16 focus / add_fix,24999794.4,205.60000000149012,3,C4;C5;C7,1996,233421.02101293247,10027.801012932463,223393.22,6305866.287858771,6281669.049015725,3.7177759239683274e-06,24197.238839328595,335.50214653999956,1.1081228428221348e-08,72.12245611204675,72.12245612312798,0.0,233471.01193258,10077.79193258,9981.595044391,0.0,1.0,True,0.0,1.0,True,True,True,0.0,0.4724731777780132,0.0,0,0
452,focus_6b4c33ee94,BIHMH gen 31 focus / mip_intensify,24999794.4,205.60000000149012,3,C4;C5;C7,2177,234770.175293555,9943.175293554988,224827.0,6306002.805462295,6281256.889023522,7.65855445007792e-06,24745.91643111496,343.89143222999996,2.2270268265816402e-08,71.95851397241123,71.9585139946815,0.0,234819.73415359,9992.73415359,9897.349178735773,0.0,1.0,True,0.0,1.0,True,True,True,0.0,0.4641671913600884,0.0,0,0
453,focus_2096f79153,BIHMH gen 57 focus / mip_intensify,24999794.4,205.60000000149012,3,C4;C5;C7,2341,237417.84383618,10133.173836179983,227284.67,6306125.419005624,6281436.119362348,4.9035072165160865e-05,24689.29959424088,326.4853174224998,1.5019074227373388e-07,75.62146986931981,75.62147001951055,0.0,237465.61268474002,10180.94268474,10083.761177952152,0.0,1.0,True,0.0,1.0,True,True,True,0.0,0.5201283398764799,0.0,0,0
454,focus_6b4c33ee94,BIHMH gen 31 focus / crossover_fix,24999794.4,205.60000000149012,3,C4;C5;C7,2137,234770.175293555,9943.175293554988,224827.0,6306180.086481738,6281426.278989127,7.604187635000921e-06,24753.807485007022,343.8914322299998,2.2112175303963738e-08,71.98146032452271,71.98146034663489,0.0,234819.73415359,9992.73415359,9897.349178735773,0.0,1.0,True,0.0,1.0,True,True,True,0.0,0.4641681153628307,0.0,0,0
455,focus_6b4c33ee94,BIHMH gen 30 focus / add_fix,24999574.16,425.839999999851,3,C4;C5;C7,2142,234770.175293555,9943.175293554988,224827.0,6306562.434633508,6281808.178453425,7.5723323070147256e-06,24754.2561725109,343.89143222999974,2.20195433713226e-08,71.98276506044176,71.98276508246131,0.0,234819.73415359,9992.73415359,9897.349178735773,0.0,1.0,True,0.0,1.0,True,True,True,0.0,0.4641679646806742,0.0,0,0
456,focus_30ae01f335,BIHMH gen 18 focus / add_fix,24999353.92,646.0799999982119,3,C4;C5;C7,1957,233421.02101293247,10027.801012932463,223393.22,6306758.711258007,6281229.032329357,0.0003093835058025527,25529.678619266895,335.5021465399999,9.221506002068657e-07,76.09393526256663,76.09393618471724,0.0,233471.01193258,10077.79193258,9981.595044391,0.0,1.0,True,0.0,1.0,True,True,True,0.0,0.4825060967157909,0.0,0,0
457,focus_30ae01f335,BIHMH gen 18 focus / add_fix,24999794.4,205.60000000149012,3,C4;C5;C7,2006,233421.02101293247,10027.801012932463,223393.22,6306828.107659626,6282633.234757459,3.7215873935914916e-06,24194.87289844554,335.5021465399997,1.1092588920732258e-08,72.11540417241696,72.11540418350955,0.0,233471.01193258,10077.79193258,9981.595044391,0.0,1.0,True,0.0,1.0,True,True,True,0.0,0.4724731652663665,0.0,0,0
458,focus_30ae01f335,BIHMH gen 13 focus / crossover_fix,24999794.4,205.60000000149012,3,C4;C5;C7,1954,233421.02101293247,10027.801012932463,223393.22,6306831.079714504,6281302.004193037,0.00030937564019918774,25529.075212091007,335.50214654,9.221271559355065e-07,76.09213674299792,76.09213766512508,0.0,233471.01193258,10077.79193258,9981.595044391,0.0,1.0,True,0.0,1.0,True,True,True,0.0,0.4825060967257681,0.0,0,0
459,focus_30ae01f335,BIHMH gen 12 focus / add_fix,24999574.16,425.839999999851,3,C4;C5;C7,1954,233421.02101293247,10027.801012932463,223393.22,6306836.728458316,6282647.308949678,3.709838281126301e-06,24189.419504928774,335.50214654000007,1.1057569435502844e-08,72.09914975028275,72.09914976134031,0.0,233471.01193258,10077.79193258,9981.595044391,0.0,1.0,True,0.0,1.0,True,True,True,0.0,0.47247334571096644,0.0,0,0
460,focus_2096f79153,BIHMH gen 54 focus / mip_intensify,24999794.4,205.60000000149012,3,C4;C5;C7,2324,237417.84383618,10133.173836179983,227284.67,6307022.444252126,6282337.987786246,4.902526834913241e-05,24684.456416854282,326.48531742250003,1.5016071392175196e-07,75.60663558082912,75.60663573098984,0.0,237465.61268474002,10180.94268474,10083.761177952152,0.0,1.0,True,0.0,1.0,True,True,True,0.0,0.5201286322869736,0.0,0,0
461,focus_6b4c33ee94,BIHMH gen 31 focus / swap_fix,24999794.4,205.60000000149012,3,C4;C5;C7,2140,234770.175293555,9943.175293554988,224827.0,6307186.654462943,6282432.167579732,7.5705475931696776e-06,24754.48687563979,343.8914322299996,2.201435361177124e-08,71.98343592079847,71.98343594281282,0.0,234819.73415359,9992.73415359,9897.349178735773,0.0,1.0,True,0.0,1.0,True,True,True,0.0,0.46416795908726416,0.0,0,0
462,focus_2096f79153,BIHMH gen 52 focus / add_fix,24999794.4,205.60000000149012,3,C4;C5;C7,2304,237417.84383618,10133.173836179983,227284.67,6307213.585300769,6283352.78007156,4.90222945088688e-05,23860.805180186304,326.4853174225001,1.5015160527243476e-07,73.08385371985463,73.08385387000624,0.0,237465.61268474002,10180.94268474,10083.761177952152,0.0,1.0,True,0.0,1.0,True,True,True,0.0,0.5201287967757511,0.0,0,0
463,focus_2096f79153,BIHMH gen 57 focus / mip_intensify,24999953.04,46.96000000089407,4,C2;C4;C5;C7,2323,237417.84383618,10133.173836179983,227284.67,6307333.7144282,6279108.325160289,1362.9939742878446,26862.395293623606,326.4853174225001,4.17474814808904,82.27749874234422,86.45224689043326,0.0,237465.61268474002,10180.94268474,10083.761177952152,0.0,1.0,True,0.0,1.0,True,True,True,0.0,0.9223607023117795,0.0,0,0
464,focus_2096f79153,BIHMH gen 58 focus / mip_intensify,24999574.16,425.839999999851,3,C4;C5;C7,2310,237417.84383618,10133.173836179983,227284.67,6307381.045907896,6282692.129250748,4.903964970733048e-05,24688.91660810789,326.4853174224998,1.5020476294151076e-07,75.62029681156635,75.62029696177112,0.0,237465.61268474002,10180.94268474,10083.761177952152,0.0,1.0,True,0.0,1.0,True,True,True,0.0,0.5201285127160784,0.0,0,0
465,focus_2096f79153,BIHMH gen 53 focus / add_fix,24999574.16,425.839999999851,3,C4;C5;C7,2308,237417.84383618,10133.173836179983,227284.67,6307447.738398046,6283585.57486293,4.902087801729041e-05,23862.16348609499,326.4853174225,1.501472666651444e-07,73.08801410881,73.08801425895727,0.0,237465.61268474002,10180.94268474,10083.761177952152,0.0,1.0,True,0.0,1.0,True,True,True,0.0,0.5201286699757798,0.0,0,0
466,focus_6b4c33ee94,BIHMH gen 33 focus / mip_intensify,24999922.240000002,77.75999999791384,4,C1;C4;C5;C7,2158,234770.175293555,9943.175293554988,224827.0,6307661.597862551,6281713.9744738415,6.41574059827488e-05,25947.62332455288,343.89143223000025,1.8656296717459153e-07,75.45295082315015,75.45295100971312,0.0,234819.73415359,9992.73415359,9897.349178735773,0.0,1.0,True,0.0,1.0,True,True,True,0.0,0.39951241464214016,0.0,0,0
467,focus_30ae01f335,BIHMH gen 16 focus / crossover_fix,24999794.4,205.60000000149012,3,C4;C5;C7,1976,233421.02101293247,10027.801012932463,223393.22,6307819.0194554785,6283623.839391988,3.7133384383363847e-06,24195.180059778035,335.50214653999984,1.1068002028099293e-08,72.11631969959213,72.11631971066012,0.0,233471.01193258,10077.79193258,9981.595044391,0.0,1.0,True,0.0,1.0,True,True,True,0.0,0.4724731651968135,0.0,0,0
468,focus_2096f79153,BIHMH gen 54 focus / add_fix,24999794.4,205.60000000149012,3,C4;C5;C7,2304,237417.84383618,10133.173836179983,227284.67,6308033.424053045,6284172.614696724,4.902070362701969e-05,23860.809307299995,326.4853174225002,1.5014673252084615e-07,73.0838663608938,73.08386651104053,0.0,237465.61268474002,10180.94268474,10083.761177952152,0.0,1.0,True,0.0,1.0,True,True,True,0.0,0.5201284945952712,0.0,0,0
469,focus_2096f79153,BIHMH gen 50 focus / crossover_fix,24999794.4,205.60000000149012,3,C4;C5;C7,2329,237417.84383618,10133.173836179983,227284.67,6308105.639944239,6283092.804537802,4.900879514908507e-05,25012.835357427663,326.4853174224999,1.5011025774755898e-07,76.61243560628154,76.61243575639179,0.0,237465.61268474002,10180.94268474,10083.761177952152,0.0,1.0,True,0.0,1.0,True,True,True,0.0,0.5201272200381977,0.0,0,0
470,focus_2096f79153,BIHMH gen 54 focus / mip_intensify,24999794.4,205.60000000149012,3,C4;C5;C7,2414,237417.84383618,10133.173836179983,227284.67,6308190.708101429,6284328.624711798,4.901874588500031e-05,23862.083340612862,326.4853174224997,1.5014073610411675e-07,73.08776862921925,73.08776877935999,0.0,237465.61268474002,10180.94268474,10083.761177952152,0.0,1.0,True,0.0,1.0,True,True,True,0.0,0.5201282611882729,0.0,0,0
471,focus_30ae01f335,BIHMH gen 13 focus / swap_fix,24999794.4,205.60000000149012,3,C4;C5;C7,1976,233421.02101293247,10027.801012932463,223393.22,6308230.428366368,6284038.063305758,3.6614361122840334e-06,24192.36505694853,335.5021465399999,1.0913301598943727e-08,72.10792928284356,72.10792929375685,0.0,233471.01193258,10077.79193258,9981.595044391,0.0,1.0,True,0.0,1.0,True,True,True,0.0,0.4724731716560175,0.0,0,0
472,focus_2096f79153,BIHMH gen 55 focus / swap_fix,24999794.4,205.60000000149012,3,C4;C5;C7,2309,237417.84383618,10133.173836179983,227284.67,6308310.986360395,6284450.033590483,4.902064227513485e-05,23860.952720891928,326.4853174225,1.5014654460463206e-07,73.08430562595197,73.08430577609852,0.0,237465.61268474002,10180.94268474,10083.761177952152,0.0,1.0,True,0.0,1.0,True,True,True,0.0,0.5201284777501582,0.0,0,0
473,focus_30ae01f335,BIHMH gen 15 focus / add_fix,24999794.4,205.60000000149012,3,C4;C5;C7,1981,233421.02101293247,10027.801012932463,223393.22,6308315.455866975,6284126.0281965025,3.6712336908045345e-06,24189.427666800868,335.50214653999967,1.0942504328707292e-08,72.0991740776148,72.0991740885573,0.0,233471.01193258,10077.79193258,9981.595044391,0.0,1.0,True,0.0,1.0,True,True,True,0.0,0.472473137779422,0.0,0,0
474,focus_2096f79153,BIHMH gen 55 focus / swap_fix,24999794.4,205.60000000149012,3,C4;C5;C7,2309,237417.84383618,10133.173836179983,227284.67,6308478.385765842,6284617.37659819,4.902066560932439e-05,23861.009118631773,326.4853174225001,1.501466160755016e-07,73.08447836799219,73.08447851813881,0.0,237465.61268474002,10180.94268474,10083.761177952152,0.0,1.0,True,0.0,1.0,True,True,True,0.0,0.5201284946620528,0.0,0,0
475,focus_30ae01f335,BIHMH gen 11 focus / add_fix,24999574.16,425.839999999851,3,C4;C5;C7,1981,233421.02101293247,10027.801012932463,223393.22,6308485.733761066,6284296.37266273,3.6687102209363995e-06,24189.361094667205,335.5021465399996,1.0934982857103731e-08,72.09897565225644,72.09897566319142,0.0,233471.01193258,10077.79193258,9981.595044391,0.0,1.0,True,0.0,1.0,True,True,True,0.0,0.4724731340662908,0.0,0,0
476,focus_6b4c33ee94,BIHMH gen 32 focus / add_fix,24999794.4,205.60000000149012,3,C4;C5;C7,2165,234770.175293555,9943.175293554988,224827.0,6308531.454060716,6283788.536166218,7.672268323806518e-06,24742.91788682522,343.89143222999996,2.231014676363087e-08,71.94979452200127,71.94979454431142,0.0,234819.73415359,9992.73415359,9897.349178735773,0.0,1.0,True,0.0,1.0,True,True,True,0.0,0.4641681825680761,0.0,0,0
477,focus_30ae01f335,BIHMH gen 13 focus / add_fix,24999353.92,646.0799999982119,3,C4;C5;C7,1976,233421.02101293247,10027.801012932463,223393.22,6308572.899097606,6284380.284539118,3.6531789946239557e-06,24192.614554833548,335.5021465399998,1.0888690377390508e-08,72.10867293795158,72.10867294884027,0.0,233471.01193258,10077.79193258,9981.595044391,0.0,1.0,True,0.0,1.0,True,True,True,0.0,0.47247346227223713,0.0,0,0
478,focus_30ae01f335,BIHMH gen 10 focus / swap_fix,24999794.4,205.60000000149012,3,C4;C5;C7,1982,233421.02101293247,10027.801012932463,223393.22,6308594.028279141,6283061.077232653,0.000310305432882013,25532.950736181356,335.50214653999984,9.248985023856389e-07,76.10368815669327,76.10368908159177,0.0,233471.01193258,10077.79193258,9981.595044391,0.0,1.0,True,0.0,1.0,True,True,True,0.0,0.48250576304814646,0.0,0,0
479,focus_2096f79153,BIHMH gen 56 focus / crossover_fix,24999574.16,425.839999999851,3,C4;C5;C7,2304,237417.84383618,10133.173836179983,227284.67,6308667.100064298,6284806.075668549,4.9021275370393524e-05,23861.024346728165,326.4853174224999,1.50148483727848e-07,73.08452501050746,73.08452516065594,0.0,237465.61268474002,10180.94268474,10083.761177952152,0.0,1.0,True,0.0,1.0,True,True,True,0.0,0.520128651766238,0.0,0,0
480,focus_2096f79153,BIHMH gen 50 focus / crossover_fix,24999574.16,425.839999999851,3,C4;C5;C7,2301,237417.84383618,10133.173836179983,227284.67,6308695.1894589765,6284010.760939828,4.902605278070221e-05,24684.428470122242,326.4853174225,1.5016311657671974e-07,75.60654998208841,75.60655013225153,0.0,237465.61268474002,10180.94268474,10083.761177952152,0.0,1.0,True,0.0,1.0,True,True,True,0.0,0.5201287740398388,0.0,0,0
481,focus_30ae01f335,BIHMH gen 10 focus / add_fix,24999794.4,205.60000000149012,3,C4;C5;C7,1971,233421.02101293247,10027.801012932463,223393.22,6308699.770788593,6284510.791191716,3.6695763054384707e-06,24188.979593208223,335.50214654000007,1.0937564314513164e-08,72.09783854639007,72.09783855732763,0.0,233471.01193258,10077.79193258,9981.595044391,0.0,1.0,True,0.0,1.0,True,True,True,0.0,0.4724731165093327,0.0,0,0
482,focus_6b4c33ee94,BIHMH gen 30 focus / add_fix,24999574.16,425.839999999851,3,C4;C5;C7,2137,234770.175293555,9943.175293554988,224827.0,6308701.697024064,6283947.010296851,7.5706248056286425e-06,24754.686719642086,343.89143223,2.2014578137454988e-08,71.98401704607099,71.98401706808556,0.0,234819.73415359,9992.73415359,9897.349178735773,0.0,1.0,True,0.0,1.0,True,True,True,0.0,0.46416794338427575,0.0,0,0
483,focus_30ae01f335,BIHMH gen 17 focus / swap_fix,24999794.4,205.60000000149012,3,C4;C5;C7,1984,233421.02101293247,10027.801012932463,223393.22,6308704.527605196,6284513.598287316,3.6688545401637675e-06,24190.9293142123,335.50214653999984,1.0935413015983051e-08,72.10364989819271,72.10364990912812,0.0,233471.01193258,10077.79193258,9981.595044391,0.0,1.0,True,0.0,1.0,True,True,True,0.0,0.472472914915145,0.0,0,0
484,focus_2096f79153,BIHMH gen 56 focus / mip_intensify,24999794.4,205.60000000149012,3,C4;C5;C7,2368,237417.84383618,10133.173836179983,227284.67,6308739.802500791,6284068.6849836465,4.9004419853551245e-05,24671.117468140073,326.4853174224998,1.5009685654603376e-07,75.56577938300835,75.5657795331052,0.0,237465.61268474002,10180.94268474,10083.761177952152,0.0,1.0,True,0.0,1.0,True,True,True,0.0,0.5201282633705614,0.0,0,0
485,focus_30ae01f335,BIHMH gen 17 focus / remove_fix,24999794.4,205.60000000149012,3,C4;C5;C7,1985,233421.02101293247,10027.801012932463,223393.22,6308743.6916322205,6283207.003713386,0.0003099390053779174,25536.687608896205,335.50214653999996,9.238063260527164e-07,76.1148263051474,76.11482722895373,0.0,233471.01193258,10077.79193258,9981.595044391,0.0,1.0,True,0.0,1.0,True,True,True,0.0,0.4825054506563074,0.0,0,0
486,focus_30ae01f335,BIHMH gen 15 focus / swap_fix,24999353.92,646.0799999982119,3,C4;C5;C7,1981,233421.02101293247,10027.801012932463,223393.22,6308814.9341178015,6284625.1188636245,3.7209974754370447e-06,24189.815250456664,335.5021465400002,1.109083060663342e-08,72.10032931211853,72.10032932320937,0.0,233471.01193258,10077.79193258,9981.595044391,0.0,1.0,True,0.0,1.0,True,True,True,0.0,0.47247306009134304,0.0,0,0
487,focus_2096f79153,BIHMH gen 57 focus / remove_fix,24999794.4,205.60000000149012,3,C4;C5;C7,2307,237417.84383618,10133.173836179983,227284.67,6308903.089834047,6285042.04913829,4.902050236725797e-05,23861.040646736863,326.48531742249986,1.5014611607731584e-07,73.08457493620958,73.0845750863557,0.0,237465.61268474002,10180.94268474,10083.761177952152,0.0,1.0,True,0.0,1.0,True,True,True,0.0,0.5201284778847143,0.0,0,0
488,focus_2096f79153,BIHMH gen 52 focus / crossover_fix,24999794.4,205.60000000149012,3,C4;C5;C7,2303,237417.84383618,10133.173836179983,227284.67,6308909.359959523,6285048.488961301,4.9021224967226024e-05,23860.870949201573,326.4853174225,1.501483293467325e-07,73.08405516540752,73.08405531555584,0.0,237465.61268474002,10180.94268474,10083.761177952152,0.0,1.0,True,0.0,1.0,True,True,True,0.0,0.5201286376246792,0.0,0,0
489,focus_30ae01f335,BIHMH gen 12 focus / add_fix,24999794.4,205.60000000149012,3,C4;C5;C7,1971,233421.02101293247,10027.801012932463,223393.22,6308939.1729186075,6284748.346781244,3.666421639412702e-06,24190.826133696857,335.50214653999996,1.0928161495311256e-08,72.1033423576404,72.10334236856856,0.0,233471.01193258,10077.79193258,9981.595044391,0.0,1.0,True,0.0,1.0,True,True,True,0.0,0.47247311467244446,0.0,0,0
490,focus_30ae01f335,BIHMH gen 13 focus / crossover_fix,24999794.4,205.60000000149012,3,C4;C5;C7,1976,233421.02101293247,10027.801012932463,223393.22,6308958.376597866,6284762.802129748,3.708989567802229e-06,24195.574464409267,335.5021465399999,1.1055039754745738e-08,72.11749526474215,72.11749527579718,0.0,233471.01193258,10077.79193258,9981.595044391,0.0,1.0,True,0.0,1.0,True,True,True,0.0,0.47247351101055834,0.0,0,0
491,focus_2096f79153,BIHMH gen 52 focus / swap_fix,24999794.4,205.60000000149012,3,C4;C5;C7,2307,237417.84383618,10133.173836179983,227284.67,6308989.281521445,6285127.746285502,4.902118176541757e-05,23861.535186921887,326.4853174224998,1.5014819702283882e-07,73.0860896756439,73.0860898257921,0.0,237465.61268474002,10180.94268474,10083.761177952152,0.0,1.0,True,0.0,1.0,True,True,True,0.0,0.5201286535814094,0.0,0,0
492,focus_30ae01f335,BIHMH gen 18 focus / crossover_fix,24999794.4,205.60000000149012,3,C4;C5;C7,1979,233421.02101293247,10027.801012932463,223393.22,6308990.763695426,6283455.306666719,0.0003106387996884627,25535.456718068806,335.50214653999967,9.258921377763148e-07,76.11115750350164,76.11115842939378,0.0,233471.01193258,10077.79193258,9981.595044391,0.0,1.0,True,0.0,1.0,True,True,True,0.0,0.4825058238815265,0.0,0,0
493,focus_2096f79153,BIHMH gen 52 focus / add_fix,24999794.4,205.60000000149012,3,C4;C5;C7,2306,237417.84383618,10133.173836179983,227284.67,6309012.176769876,6285152.355734067,4.90212058503438e-05,23859.820986787756,326.4853174224999,1.5014827079315842e-07,73.08083920941262,73.08083935956088,0.0,237465.61268474002,10180.94268474,10083.761177952152,0.0,1.0,True,0.0,1.0,True,True,True,0.0,0.5201286362975208,0.0,0,0
494,focus_2096f79153,BIHMH gen 59 focus / add_fix,24999353.92,646.0799999982119,3,C4;C5;C7,2301,237417.84383618,10133.173836179983,227284.67,6309049.569177039,6285188.5520365825,4.9021220671204546e-05,23861.01709143524,326.4853174225,1.5014831618834144e-07,73.08450278809028,73.08450293823859,0.0,237465.61268474002,10180.94268474,10083.761177952152,0.0,1.0,True,0.0,1.0,True,True,True,0.0,0.5201286368472423,0.0,0,0
495,focus_2096f79153,BIHMH gen 53 focus / add_fix,24999794.4,205.60000000149012,3,C4;C5;C7,2304,237417.84383618,10133.173836179983,227284.67,6309070.835754411,6285209.902213196,4.902106439823734e-05,23860.933492194017,326.48531742249986,1.50147837535983e-07,73.08424672989484,73.08424688004268,0.0,237465.61268474002,10180.94268474,10083.761177952152,0.0,1.0,True,0.0,1.0,True,True,True,0.0,0.5201286359009074,0.0,0,0
496,focus_30ae01f335,BIHMH gen 10 focus / add_fix,24999574.16,425.839999999851,3,C4;C5;C7,1971,233421.02101293247,10027.801012932463,223393.22,6309119.589123573,6284924.941727246,3.716239023557754e-06,24194.647392610786,335.50214654000007,1.1076647532312248e-08,72.11473202817852,72.11473203925517,0.0,233471.01193258,10077.79193258,9981.595044391,0.0,1.0,True,0.0,1.0,True,True,True,0.0,0.4724732842639804,0.0,0,0
497,focus_6b4c33ee94,BIHMH gen 31 focus / mip_intensify,24999353.92,646.0799999982119,3,C4;C5;C7,2162,234770.175293555,9943.175293554988,224827.0,6309194.900164815,6284454.437087504,7.738414004308645e-06,24740.46306957208,343.8914322299999,2.2502491423319538e-08,71.94265617244362,71.94265619494611,0.0,234819.73415359,9992.73415359,9897.349178735773,0.0,1.0,True,0.0,1.0,True,True,True,0.0,0.46416765229796203,0.0,0,0
498,focus_30ae01f335,BIHMH gen 12 focus / mip_intensify,24999353.92,646.0799999982119,3,C4;C5;C7,1983,233421.02101293247,10027.801012932463,223393.22,6309278.293115722,6285087.013247932,3.6678454918347736e-06,24191.279864121894,335.5021465399998,1.0932405439610144e-08,72.10469474965855,72.10469476059096,0.0,233471.01193258,10077.79193258,9981.595044391,0.0,1.0,True,0.0,1.0,True,True,True,0.0,0.47247318512799225,0.0,0,0
499,focus_30ae01f335,BIHMH gen 19 focus / add_fix,24999353.92,646.0799999982119,3,C4;C5;C7,1986,233421.02101293247,10027.801012932463,223393.22,6309288.032880923,6285094.30792601,3.7111736366509522e-06,24193.72495120093,335.50214654,1.1061549605342064e-08,72.11198259298305,72.1119826040446,0.0,233471.01193258,10077.79193258,9981.595044391,0.0,1.0,True,0.0,1.0,True,True,True,0.0,0.47247314799785406,0.0,0,0
500,focus_30ae01f335,BIHMH gen 14 focus / add_fix,24999353.92,646.0799999982119,3,C4;C5;C7,1977,233421.02101293247,10027.801012932463,223393.22,6309307.384796814,6285120.268138057,3.6542332800555528e-06,24187.116655102614,335.5021465399998,1.0891832787781827e-08,72.09228586029013,72.09228587118197,0.0,233471.01193258,10077.79193258,9981.595044391,0.0,1.0,True,0.0,1.0,True,True,True,0.0,0.4724729899688258,0.0,0,0
501,focus_30ae01f335,BIHMH gen 11 focus / swap_fix,24999794.4,205.60000000149012,3,C4;C5;C7,1979,233421.02101293247,10027.801012932463,223393.22,6309419.727987224,6285229.241891139,3.645609197834731e-06,24190.486092439765,335.5021465399999,1.0866127789140947e-08,72.10232882833637,72.1023288392025,0.0,233471.01193258,10077.79193258,9981.595044391,0.0,1.0,True,0.0,1.0,True,True,True,0.0,0.47247318657395565,0.0,0,0
502,focus_30ae01f335,BIHMH gen 16 focus / add_fix,24999574.16,425.839999999851,3,C4;C5;C7,1982,233421.02101293247,10027.801012932463,223393.22,6309423.117572374,6285229.621801961,3.711936294532942e-06,24193.495766700173,335.5021465399998,1.1063822788658049e-08,72.11129948408761,72.11129949515143,0.0,233471.01193258,10077.79193258,9981.595044391,0.0,1.0,True,0.0,1.0,True,True,True,0.0,0.47247314018234043,0.0,0,0
503,focus_2096f79153,BIHMH gen 57 focus / add_fix,24999353.92,646.0799999982119,3,C4;C5;C7,2302,237417.84383618,10133.173836179983,227284.67,6309469.959121292,6285608.92818971,4.902064194116258e-05,23861.030882561354,326.4853174225002,1.501465435817e-07,73.08454502927346,73.08454517942,0.0,237465.61268474002,10180.94268474,10083.761177952152,0.0,1.0,True,0.0,1.0,True,True,True,0.0,0.5201284777735004,0.0,0,0
504,focus_30ae01f335,BIHMH gen 12 focus / add_fix,24999794.4,205.60000000149012,3,C4;C5;C7,1974,233421.02101293247,10027.801012932463,223393.22,6309608.9442648,6285413.78744345,3.6957580805706544e-06,24195.156817654646,335.5021465399997,1.1015601893116452e-08,72.1162504239597,72.1162504349753,0.0,233471.01193258,10077.79193258,9981.595044391,0.0,1.0,True,0.0,1.0,True,True,True,0.0,0.472473481014719,0.0,0,0
505,focus_30ae01f335,BIHMH gen 16 focus / add_fix,24999794.4,205.60000000149012,3,C4;C5;C7,1981,233421.02101293247,10027.801012932463,223393.22,6309630.909390104,6285439.186220489,3.661583311593996e-06,24191.723165952517,335.5021465399998,1.0913740342217003e-08,72.10601605813657,72.10601606905031,0.0,233471.01193258,10077.79193258,9981.595044391,0.0,1.0,True,0.0,1.0,True,True,True,0.0,0.4724730883657013,0.0,0,0
506,focus_30ae01f335,BIHMH gen 17 focus / swap_fix,24999574.16,425.839999999851,3,C4;C5;C7,1989,233421.02101293247,10027.801012932463,223393.22,6309660.190513777,6284129.027865946,0.00030662812994833836,25531.16234120258,335.5021465399999,9.139379080299891e-07,76.09835765434858,76.09835856828649,0.0,233471.01193258,10077.79193258,9981.595044391,0.0,1.0,True,0.0,1.0,True,True,True,0.0,0.4825060894116576,0.0,0,0
507,focus_30ae01f335,BIHMH gen 10 focus / swap_fix,24999353.92,646.0799999982119,3,C4;C5;C7,1985,233421.02101293247,10027.801012932463,223393.22,6309676.554372324,6284142.107533032,0.0003109413055671494,25534.446528350345,335.5021465399997,9.267937888739496e-07,76.10814652509545,76.10814745188924,0.0,233471.01193258,10077.79193258,9981.595044391,0.0,1.0,True,0.0,1.0,True,True,True,0.0,0.48250586384967514,0.0,0,0
508,focus_30ae01f335,BIHMH gen 15 focus / swap_fix,24999574.16,425.839999999851,3,C4;C5;C7,1978,233421.02101293247,10027.801012932463,223393.22,6309727.603086301,6285532.617537401,3.690992553095388e-06,24194.98554520949,335.50214653999984,1.100139772922536e-08,72.11573992813447,72.11573993913588,0.0,233471.01193258,10077.79193258,9981.595044391,0.0,1.0,True,0.0,1.0,True,True,True,0.0,0.4724734475231441,0.0,0,0
509,focus_30ae01f335,BIHMH gen 13 focus / add_fix,24999574.16,425.839999999851,3,C4;C5;C7,1973,233421.02101293247,10027.801012932463,223393.22,6309760.285434519,6284238.520335588,0.00030608842585226224,25521.764792843096,335.5021465399997,9.123292622980858e-07,76.07034725722777,76.07034816955702,0.0,233471.01193258,10077.79193258,9981.595044391,0.0,1.0,True,0.0,1.0,True,True,True,0.0,0.48250595449246964,0.0,0,0
510,focus_2096f79153,BIHMH gen 52 focus / swap_fix,24999794.4,205.60000000149012,3,C4;C5;C7,2297,237417.84383618,10133.173836179983,227284.67,6309814.287945066,6285953.25997744,4.902020738543079e-05,23861.027918604814,326.4853174225001,1.5014521257013965e-07,73.08453595089726,73.08453610104247,0.0,237465.61268474002,10180.94268474,10083.761177952152,0.0,1.0,True,0.0,1.0,True,True,True,0.0,0.5201285999691937,0.0,0,0
511,focus_30ae01f335,BIHMH gen 12 focus / add_fix,24999574.16,425.839999999851,3,C4;C5;C7,1975,233421.02101293247,10027.801012932463,223393.22,6309935.075590278,6284402.359997257,0.00030648540433866076,25532.715286536404,335.50214654,9.135124990984827e-07,76.10298637386597,76.10298728737847,0.0,233471.01193258,10077.79193258,9981.595044391,0.0,1.0,True,0.0,1.0,True,True,True,0.0,0.4825070271711052,0.0,0,0
512,focus_30ae01f335,BIHMH gen 11 focus / swap_fix,24999794.4,205.60000000149012,3,C4;C5;C7,1970,233421.02101293247,10027.801012932463,223393.22,6310024.873619078,6285831.69984263,3.7112600766959315e-06,24193.17377273611,335.5021465400002,1.1061807249133225e-08,72.1103397466689,72.1103397577307,0.0,233471.01193258,10077.79193258,9981.595044391,0.0,1.0,True,0.0,1.0,True,True,True,0.0,0.4724733163062959,0.0,0,0
513,focus_30ae01f335,BIHMH gen 17 focus / add_fix,24999794.4,205.60000000149012,3,C4;C5;C7,1979,233421.02101293247,10027.801012932463,223393.22,6310041.494348475,6285850.831451522,3.6716275343813773e-06,24190.662893281686,335.50214653999967,1.0943678221574758e-08,72.10285580213895,72.10285581308263,0.0,233471.01193258,10077.79193258,9981.595044391,0.0,1.0,True,0.0,1.0,True,True,True,0.0,0.4724731206807057,0.0,0,0
514,focus_30ae01f335,BIHMH gen 14 focus / add_fix,24999574.16,425.839999999851,3,C4;C5;C7,1972,233421.02101293247,10027.801012932463,223393.22,6310048.231534123,6284517.655243956,0.00030554741239406256,25530.575984620195,335.5021465399999,9.107167138724521e-07,76.09660995589589,76.0966108666126,0.0,233471.01193258,10077.79193258,9981.595044391,0.0,1.0,True,0.0,1.0,True,True,True,0.0,0.48250609780718917,0.0,0,0
515,focus_30ae01f335,BIHMH gen 16 focus / mip_intensify,24999353.92,646.0799999982119,3,C4;C5;C7,1973,233421.02101293247,10027.801012932463,223393.22,6310053.070627755,6285857.05091404,3.7208445448070935e-06,24196.01970999388,335.5021465400001,1.1090374780548466e-08,72.11882236678662,72.118822377877,0.0,233471.01193258,10077.79193258,9981.595044391,0.0,1.0,True,0.0,1.0,True,True,True,0.0,0.4724731772387898,0.0,0,0
516,focus_2096f79153,BIHMH gen 51 focus / mip_intensify,24999794.4,205.60000000149012,3,C4;C5;C7,2299,237417.84383618,10133.173836179983,227284.67,6310054.433959877,6285365.747504637,4.90400319858496e-05,24688.686406200628,326.4853174225,1.5020593383189603e-07,75.61959172041833,75.61959187062426,0.0,237465.61268474002,10180.94268474,10083.761177952152,0.0,1.0,True,0.0,1.0,True,True,True,0.0,0.5201286315211148,0.0,0,0
517,focus_2096f79153,BIHMH gen 51 focus / add_fix,24999794.4,205.60000000149012,3,C4;C5;C7,2297,237417.84383618,10133.173836179983,227284.67,6310055.711980699,6286196.485289982,4.9021002717820927e-05,23859.226641696077,326.4853174224999,1.5014764861350122e-07,73.07901877504707,73.07901892519472,0.0,237465.61268474002,10180.94268474,10083.761177952152,0.0,1.0,True,0.0,1.0,True,True,True,0.0,0.5201285915652903,0.0,0,0
518,focus_30ae01f335,BIHMH gen 15 focus / swap_fix,24999574.16,425.839999999851,3,C4;C5;C7,1979,233421.02101293247,10027.801012932463,223393.22,6310085.782668081,6285891.979696982,3.7113998860815176e-06,24193.802967388176,335.50214653999996,1.1062223965947201e-08,72.11221512856608,72.1122151396283,0.0,233471.01193258,10077.79193258,9981.595044391,0.0,1.0,True,0.0,1.0,True,True,True,0.0,0.47247313996992224,0.0,0,0
519,focus_30ae01f335,BIHMH gen 15 focus / add_fix,24999794.4,205.60000000149012,3,C4;C5;C7,1972,233421.02101293247,10027.801012932463,223393.22,6310088.04672413,6284557.422482278,0.0003060224783644956,25530.623935830077,335.5021465399999,9.121326987635544e-07,76.09675287960107,76.09675379173378,0.0,233471.01193258,10077.79193258,9981.595044391,0.0,1.0,True,0.0,1.0,True,True,True,0.0,0.48250576065921863,0.0,0,0
520,focus_30ae01f335,BIHMH gen 13 focus / add_fix,24999794.4,205.60000000149012,3,C4;C5;C7,1981,233421.02101293247,10027.801012932463,223393.22,6310253.306839384,6286059.452377661,3.6594687835932973e-06,24193.854458063543,335.50214654,1.0907437765549437e-08,72.11236860202635,72.11236861293379,0.0,233471.01193258,10077.79193258,9981.595044391,0.0,1.0,True,0.0,1.0,True,True,True,0.0,0.47247261508167715,0.0,0,0
521,focus_30ae01f335,BIHMH gen 16 focus / add_fix,24999794.4,205.60000000149012,3,C4;C5;C7,1973,233421.02101293247,10027.801012932463,223393.22,6310255.410373194,6286060.489315825,3.7068328316653406e-06,24194.921053662554,335.50214653999984,1.1048611372217846e-08,72.11554770418718,72.11554771523579,0.0,233471.01193258,10077.79193258,9981.595044391,0.0,1.0,True,0.0,1.0,True,True,True,0.0,0.4724729207854889,0.0,0,0
522,focus_2096f79153,BIHMH gen 51 focus / remove_fix,24999353.92,646.0799999982119,3,C4;C5;C7,2295,237417.84383618,10133.173836179983,227284.67,6310302.089970126,6286439.660706532,4.902216544868362e-05,23862.42921457163,326.48531742250003,1.5015120997078327e-07,73.08882801517105,73.08882816532225,0.0,237465.61268474002,10180.94268474,10083.761177952152,0.0,1.0,True,0.0,1.0,True,True,True,0.0,0.5201287966039249,0.0,0,0
523,focus_30ae01f335,BIHMH gen 10 focus / swap_fix,24999574.16,425.839999999851,3,C4;C5;C7,1980,233421.02101293247,10027.801012932463,223393.22,6310373.34367402,6286178.550765717,3.7158139458039937e-06,24194.792904586746,335.50214654000024,1.1075380542642746e-08,72.11516574217245,72.11516575324784,0.0,233471.01193258,10077.79193258,9981.595044391,0.0,1.0,True,0.0,1.0,True,True,True,0.0,0.47247347263960465,0.0,0,0
524,focus_2096f79153,BIHMH gen 52 focus / crossover_fix,24999353.92,646.0799999982119,3,C4;C5;C7,2300,237417.84383618,10133.173836179983,227284.67,6310393.707827809,6286533.252399806,4.902182107361855e-05,23860.45537898111,326.4853174225001,1.5015015517583015e-07,73.082782305042,73.08278245519216,0.0,237465.61268474002,10180.94268474,10083.761177952152,0.0,1.0,True,0.0,1.0,True,True,True,0.0,0.5201286445349582,0.0,0,0
525,focus_30ae01f335,BIHMH gen 13 focus / add_fix,24999574.16,425.839999999851,3,C4;C5;C7,1973,233421.02101293247,10027.801012932463,223393.22,6310424.795250027,6286232.202653591,3.6714215339001455e-06,24192.59259276565,335.50214653999996,1.0943064215126931e-08,72.10860747766128,72.10860748860435,0.0,233471.01193258,10077.79193258,9981.595044391,0.0,1.0,True,0.0,1.0,True,True,True,0.0,0.47247321249121615,0.0,0,0
526,focus_2096f79153,BIHMH gen 59 focus / mip_intensify,24999353.92,646.0799999982119,3,C4;C5;C7,2311,237417.84383618,10133.173836179983,227284.67,6310602.018249516,6285912.87614193,4.904084324017051e-05,24689.14205854595,326.4853174225001,1.502084186429353e-07,75.62098734932106,75.62098749952948,0.0,237465.61268474002,10180.94268474,10083.761177952152,0.0,1.0,True,0.0,1.0,True,True,True,0.0,0.5201285835275782,0.0,0,0
527,focus_30ae01f335,BIHMH gen 16 focus / add_fix,24999574.16,425.839999999851,3,C4;C5;C7,1981,233421.02101293247,10027.801012932463,223393.22,6310602.300331645,6285646.4090005085,3.6540363578413694e-06,24955.891327482655,335.50214653999984,1.0891245840079063e-08,74.38370092367596,74.3837009345672,0.0,233471.01193258,10077.79193258,9981.595044391,0.0,1.0,True,0.0,1.0,True,True,True,0.0,0.47247314553011044,0.0,0,0
528,focus_2096f79153,BIHMH gen 58 focus / crossover_fix,24999794.4,205.60000000149012,3,C4;C5;C7,2299,237417.84383618,10133.173836179983,227284.67,6310635.916853257,6286776.482783804,4.902171190575234e-05,23859.434020432094,326.48531742250003,1.5014982080285723e-07,73.0796539605361,73.07965411068592,0.0,237465.61268474002,10180.94268474,10083.761177952152,0.0,1.0,True,0.0,1.0,True,True,True,0.0,0.5201287459525606,0.0,0,0
529,focus_30ae01f335,BIHMH gen 11 focus / crossover_fix,24999794.4,205.60000000149012,3,C4;C5;C7,1974,233421.02101293247,10027.801012932463,223393.22,6310656.297682242,6286460.616679272,3.711527254620994e-06,24195.6809992583,335.50214653999996,1.1062603601489895e-08,72.11781280324414,72.11781281430675,0.0,233471.01193258,10077.79193258,9981.595044391,0.0,1.0,True,0.0,1.0,True,True,True,0.0,0.4724735470429664,0.0,0,0
530,focus_2096f79153,BIHMH gen 50 focus / mip_intensify,24999574.16,425.839999999851,3,C4;C5;C7,2308,237417.84383618,10133.173836179983,227284.67,6310669.384320132,6285958.7454880215,4.908395310292927e-05,24710.63878302774,326.48531742250003,1.5034046091392963e-07,75.6868302014637,75.68683035180416,0.0,237465.61268474002,10180.94268474,10083.761177952152,0.0,1.0,True,0.0,1.0,True,True,True,0.0,0.5201271579244915,0.0,0,0
531,focus_30ae01f335,BIHMH gen 17 focus / swap_fix,24999794.4,205.60000000149012,3,C4;C5;C7,1986,233421.02101293247,10027.801012932463,223393.22,6310739.90746606,6286545.645970052,3.710175422334676e-06,24194.261492297355,335.5021465399997,1.1058574320901807e-08,72.11358181105655,72.11358182211512,0.0,233471.01193258,10077.79193258,9981.595044391,0.0,1.0,True,0.0,1.0,True,True,True,0.0,0.4724731296782231,0.0,0,0
532,focus_30ae01f335,BIHMH gen 14 focus / add_fix,24999794.4,205.60000000149012,3,C4;C5;C7,1972,233421.02101293247,10027.801012932463,223393.22,6310792.61386142,6286597.510859424,3.7096130063059953e-06,24195.102998286085,335.5021465399999,1.105689797982774e-08,72.11609000958046,72.11609002063736,0.0,233471.01193258,10077.79193258,9981.595044391,0.0,1.0,True,0.0,1.0,True,True,True,0.0,0.47247317886906,0.0,0,0
533,focus_30ae01f335,BIHMH gen 16 focus / crossover_fix,24999794.4,205.60000000149012,3,C4;C5;C7,1972,233421.02101293247,10027.801012932463,223393.22,6310812.476077706,6286619.193280131,3.7023784365434695e-06,24193.282793872637,335.50214653999967,1.1035334571554104e-08,72.11066469581658,72.11066470685192,0.0,233471.01193258,10077.79193258,9981.595044391,0.0,1.0,True,0.0,1.0,True,True,True,0.0,0.47247345463792456,0.0,0,0
534,focus_30ae01f335,BIHMH gen 12 focus / add_fix,24999353.92,646.0799999982119,3,C4;C5;C7,1972,233421.02101293247,10027.801012932463,223393.22,6310827.6856114175,6285293.59828929,0.00030729668586268737,25534.0870148303,335.5021465399999,9.159306103755442e-07,76.1070749566308,76.10707587256141,0.0,233471.01193258,10077.79193258,9981.595044391,0.0,1.0,True,0.0,1.0,True,True,True,0.0,0.48250568153529033,0.0,0,0
535,focus_2096f79153,BIHMH gen 52 focus / swap_fix,24999794.4,205.60000000149012,3,C4;C5;C7,2299,237417.84383618,10133.173836179983,227284.67,6310836.939418062,6286977.614756526,4.9021768148163055e-05,23859.324612512974,326.4853174225,1.5014999306913605e-07,73.07931885229915,73.07931900244914,0.0,237465.61268474002,10180.94268474,10083.761177952152,0.0,1.0,True,0.0,1.0,True,True,True,0.0,0.520128749274129,0.0,0,0
536,focus_30ae01f335,BIHMH gen 12 focus / add_fix,24999794.4,205.60000000149012,3,C4;C5;C7,1979,233421.02101293247,10027.801012932463,223393.22,6310852.06485679,6286660.360095726,3.6756344748337217e-06,24191.70475738784,335.50214653999984,1.0955621335780332e-08,72.10596118944238,72.105961200398,0.0,233471.01193258,10077.79193258,9981.595044391,0.0,1.0,True,0.0,1.0,True,True,True,0.0,0.47247317693488267,0.0,0,0
537,focus_30ae01f335,BIHMH gen 11 focus / swap_fix,24999794.4,205.60000000149012,3,C4;C5;C7,1970,233421.02101293247,10027.801012932463,223393.22,6310887.159276002,6286691.007651348,3.7097889596831074e-06,24196.151620944587,335.50214653999984,1.1057422427670852e-08,72.11921554147145,72.11921555252887,0.0,233471.01193258,10077.79193258,9981.595044391,0.0,1.0,True,0.0,1.0,True,True,True,0.0,0.4724731404968881,0.0,0,0
538,focus_30ae01f335,BIHMH gen 13 focus / add_fix,24999794.4,205.60000000149012,3,C4;C5;C7,1980,233421.02101293247,10027.801012932463,223393.22,6310918.676068245,6286726.550212164,3.6545711823558665e-06,24192.125852426056,335.50214653999996,1.0892839941696627e-08,72.10721630820258,72.10721631909541,0.0,233471.01193258,10077.79193258,9981.595044391,0.0,1.0,True,0.0,1.0,True,True,True,0.0,0.4724734144696188,0.0,0,0
539,focus_30ae01f335,BIHMH gen 15 focus / mip_intensify,24999574.16,425.839999999851,3,C4;C5;C7,1982,233421.02101293247,10027.801012932463,223393.22,6310942.172735239,6286755.813915265,3.669196002853778e-06,24186.35881630503,335.50214654000007,1.0936430782019811e-08,72.09002704077014,72.09002705170657,0.0,233471.01193258,10077.79193258,9981.595044391,0.0,1.0,True,0.0,1.0,True,True,True,0.0,0.47247297932452287,0.0,0,0
540,focus_30ae01f335,BIHMH gen 13 focus / add_fix,24999794.4,205.60000000149012,3,C4;C5;C7,1967,233421.02101293247,10027.801012932463,223393.22,6310947.578537659,6285419.158434713,0.0003057975772882277,25528.419797147497,335.50214653999967,9.11462357072489e-07,76.09018320872029,76.09018412018264,0.0,233471.01193258,10077.79193258,9981.595044391,0.0,1.0,True,0.0,1.0,True,True,True,0.0,0.48250583979856193,0.0,0,0
541,focus_2096f79153,BIHMH gen 54 focus / swap_fix,24999794.4,205.60000000149012,3,C4;C5;C7,2299,237417.84383618,10133.173836179983,227284.67,6310988.590165206,6287129.387998136,4.902117923224397e-05,23859.202118049503,326.4853174224997,1.5014818926391845e-07,73.07894366096002,73.07894381110822,0.0,237465.61268474002,10180.94268474,10083.761177952152,0.0,1.0,True,0.0,1.0,True,True,True,0.0,0.5201285887423857,0.0,0,0
542,focus_2096f79153,BIHMH gen 51 focus / add_fix,24999574.16,425.839999999851,3,C4;C5;C7,2294,237417.84383618,10133.173836179983,227284.67,6311020.137436079,6287160.785496222,4.902177060235588e-05,23859.35189083532,326.4853174224998,1.501500005861444e-07,73.07940240375125,73.07940255390125,0.0,237465.61268474002,10180.94268474,10083.761177952152,0.0,1.0,True,0.0,1.0,True,True,True,0.0,0.5201287517338931,0.0,0,0
543,focus_30ae01f335,BIHMH gen 10 focus / add_fix,24999794.4,205.60000000149012,3,C4;C5;C7,1960,233421.02101293247,10027.801012932463,223393.22,6311076.305504763,6286882.718801041,3.702155407690888e-06,24193.586700019467,335.5021465399998,1.10346698102258e-08,72.11157052056303,72.1115705315977,0.0,233471.01193258,10077.79193258,9981.595044391,0.0,1.0,True,0.0,1.0,True,True,True,0.0,0.4724721873115867,0.0,0,0
544,focus_2096f79153,BIHMH gen 50 focus / swap_fix,24999353.92,646.0799999982119,3,C4;C5;C7,2296,237417.84383618,10133.173836179983,227284.67,6311264.466943842,6287404.976887783,4.902174090589573e-05,23859.490007036966,326.4853174224998,1.5014990962811788e-07,73.07982544330088,73.07982559345079,0.0,237465.61268474002,10180.94268474,10083.761177952152,0.0,1.0,True,0.0,1.0,True,True,True,0.0,0.5201287475599626,0.0,0,0
545,focus_30ae01f335,BIHMH gen 18 focus / add_fix,24999353.92,646.0799999982119,3,C4;C5;C7,2004,233421.02101293247,10027.801012932463,223393.22,6311436.962552438,6287240.461648922,3.716956342361836e-06,24196.5008997986,335.50214653999984,1.1078785577661532e-08,72.12025660442026,72.12025661549904,0.0,233471.01193258,10077.79193258,9981.595044391,0.0,1.0,True,0.0,1.0,True,True,True,0.0,0.4724728998571244,0.0,0,0
546,focus_2096f79153,BIHMH gen 57 focus / add_fix,24999794.4,205.60000000149012,3,C4;C5;C7,2293,237417.84383618,10133.173836179983,227284.67,6311472.073225065,6287616.753879678,4.901799518549742e-05,23855.31929636837,326.48531742249986,1.5013843676793572e-07,73.0670508698483,73.06705101998674,0.0,237465.61268474002,10180.94268474,10083.761177952152,0.0,1.0,True,0.0,1.0,True,True,True,0.0,0.5201287712865089,0.0,0,0
547,focus_2096f79153,BIHMH gen 53 focus / crossover_fix,24999574.16,425.839999999851,3,C4;C5;C7,2294,237417.84383618,10133.173836179983,227284.67,6311504.052372331,6287644.750780015,4.902176477442077e-05,23859.301543293077,326.4853174225,1.501499827356169e-07,73.07924819301168,73.07924834316167,0.0,237465.61268474002,10180.94268474,10083.761177952152,0.0,1.0,True,0.0,1.0,True,True,True,0.0,0.5201287491575433,0.0,0,0
548,focus_30ae01f335,BIHMH gen 11 focus / swap_fix,24999794.4,205.60000000149012,3,C4;C5;C7,1981,233421.02101293247,10027.801012932463,223393.22,6311525.4551211465,6285996.378589988,0.0003058419991308543,25529.076225317545,335.50214653999984,9.115947611214184e-07,76.09213976302793,76.0921406746227,0.0,233471.01193258,10077.79193258,9981.595044391,0.0,1.0,True,0.0,1.0,True,True,True,0.0,0.4825057927729689,0.0,0,0
549,focus_2096f79153,BIHMH gen 53 focus / crossover_fix,24999574.16,425.839999999851,3,C4;C5;C7,2293,237417.84383618,10133.173836179983,227284.67,6311548.896957674,6287689.6338523775,4.902176224406301e-05,23859.26305627462,326.4853174224999,1.5014997498532118e-07,73.07913031016551,73.07913046031548,0.0,237465.61268474002,10180.94268474,10083.761177952152,0.0,1.0,True,0.0,1.0,True,True,True,0.0,0.5201287491222742,0.0,0,0
550,focus_30ae01f335,BIHMH gen 11 focus / swap_fix,24999574.16,425.839999999851,3,C4;C5;C7,1979,233421.02101293247,10027.801012932463,223393.22,6311678.815088003,6287485.278575103,3.702277867008945e-06,24193.53650919839,335.5021465399999,1.1035034813309442e-08,72.11142092145732,72.11142093249236,0.0,233471.01193258,10077.79193258,9981.595044391,0.0,1.0,True,0.0,1.0,True,True,True,0.0,0.4724731847505998,0.0,0,0
551,focus_2096f79153,BIHMH gen 50 focus / mip_intensify,24999574.16,425.839999999851,3,C4;C5;C7,2305,237417.84383618,10133.173836179983,227284.67,6311680.542422144,6286977.469529551,4.908025899638546e-05,24703.072843511698,326.48531742249986,1.503291461431064e-07,75.6636562971186,75.66365644744775,0.0,237465.61268474002,10180.94268474,10083.761177952152,0.0,1.0,True,0.0,1.0,True,True,True,0.0,0.5201287161386121,0.0,0,0
552,focus_30ae01f335,BIHMH gen 15 focus / swap_fix,24999353.92,646.0799999982119,3,C4;C5;C7,1976,233421.02101293247,10027.801012932463,223393.22,6311791.011534039,6287596.815875214,3.699165548120833e-06,24194.195655126507,335.50214654000007,1.1025758214276588e-08,72.11338557633331,72.11338558735908,0.0,233471.01193258,10077.79193258,9981.595044391,0.0,1.0,True,0.0,1.0,True,True,True,0.0,0.47247313818863407,0.0,0,0
553,focus_30ae01f335,BIHMH gen 15 focus / add_fix,24999574.16,425.839999999851,3,C4;C5;C7,1971,233421.02101293247,10027.801012932463,223393.22,6311878.601104725,6287686.855526713,3.6747869382931088e-06,24191.74557433775,335.5021465399999,1.095309516255207e-08,72.10608284872333,72.10608285967643,0.0,233471.01193258,10077.79193258,9981.595044391,0.0,1.0,True,0.0,1.0,True,True,True,0.0,0.472473458967528,0.0,0,0
554,focus_30ae01f335,BIHMH gen 13 focus / add_fix,24999794.4,205.60000000149012,3,C4;C5;C7,1977,233421.02101293247,10027.801012932463,223393.22,6312246.831839259,6286713.218773462,0.0003057782203406324,25533.612760018874,335.50214654000007,9.114046616216691e-07,76.10566138948575,76.1056623008904,0.0,233471.01193258,10077.79193258,9981.595044391,0.0,1.0,True,0.0,1.0,True,True,True,0.0,0.48250579242576813,0.0,0,0
555,focus_30ae01f335,BIHMH gen 14 focus / swap_fix,24999794.4,205.60000000149012,3,C4;C5;C7,1975,233421.02101293247,10027.801012932463,223393.22,6312260.168695408,6288067.977117013,3.6758991053149496e-06,24192.19157471895,335.5021465399999,1.095641009520842e-08,72.10741220051973,72.10741221147615,0.0,233471.01193258,10077.79193258,9981.595044391,0.0,1.0,True,0.0,1.0,True,True,True,0.0,0.47247342811292714,0.0,0,0
556,focus_2096f79153,BIHMH gen 51 focus / add_fix,24999794.4,205.60000000149012,3,C4;C5;C7,2286,237417.84383618,10133.173836179983,227284.67,6312516.446299949,6287621.672342846,4.9010937919716766e-05,24894.773908092167,326.4853174224999,1.5011682089302784e-07,76.25082225635342,76.25082240647023,0.0,237465.61268474002,10180.94268474,10083.761177952152,0.0,1.0,True,0.0,1.0,True,True,True,0.0,0.5201274888181663,0.0,0,0
557,focus_30ae01f335,BIHMH gen 14 focus / crossover_fix,24999794.4,205.60000000149012,3,C4;C5;C7,1978,233421.02101293247,10027.801012932463,223393.22,6312555.961360255,6287028.099938864,0.00030335595508874024,25527.86111803513,335.50214654000007,9.041848411916875e-07,76.08851800592454,76.08851891010939,0.0,233471.01193258,10077.79193258,9981.595044391,0.0,1.0,True,0.0,1.0,True,True,True,0.0,0.48250612943469073,0.0,0,0
558,focus_2096f79153,BIHMH gen 53 focus / mip_intensify,24999353.92,646.0799999982119,3,C4;C5;C7,2316,237417.84383618,10133.173836179983,227284.67,6312622.044873226,6287940.483822312,4.902154909678281e-05,24681.5610018927,326.4853174225,1.5014932213121462e-07,75.59776714232035,75.59776729246967,0.0,237465.61268474002,10180.94268474,10083.761177952152,0.0,1.0,True,0.0,1.0,True,True,True,0.0,0.5201287767458618,0.0,0,0
559,focus_2096f79153,BIHMH gen 53 focus / mip_intensify,24999794.4,205.60000000149012,3,C4;C5;C7,2280,237417.84383618,10133.173836179983,227284.67,6312674.654086981,6288013.357526666,4.898959838316641e-05,24661.296511325745,326.48531742249986,1.5005145949571046e-07,75.5356985300871,75.53569868013857,0.0,237465.61268474002,10180.94268474,10083.761177952152,0.0,1.0,True,0.0,1.0,True,True,True,0.0,0.5201276403690978,0.0,0,0
560,focus_2096f79153,BIHMH gen 51 focus / crossover_fix,24999794.4,205.60000000149012,3,C4;C5;C7,2294,237417.84383618,10133.173836179983,227284.67,6312912.316520195,6288238.980439825,4.901012345883512e-05,24673.33603136014,326.48531742249963,1.5011432626053403e-07,75.57257467548152,75.57257482559585,0.0,237465.61268474002,10180.94268474,10083.761177952152,0.0,1.0,True,0.0,1.0,True,True,True,0.0,0.520128782135366,0.0,0,0
561,focus_30ae01f335,BIHMH gen 14 focus / mip_intensify,24999574.16,425.839999999851,3,C4;C5;C7,1978,233421.02101293247,10027.801012932463,223393.22,6313159.816128785,6287629.955527084,0.0003049125733497354,25529.860296789077,335.50214653999956,9.088245082610307e-07,76.09447677183589,76.09447768066039,0.0,233471.01193258,10077.79193258,9981.595044391,0.0,1.0,True,0.0,1.0,True,True,True,0.0,0.48250585652650085,0.0,0,0
562,focus_2096f79153,BIHMH gen 50 focus / crossover_fix,24999794.4,205.60000000149012,3,C4;C5;C7,2290,237417.84383618,10133.173836179983,227284.67,6313318.285517548,6288627.864576226,4.904185909781378e-05,24690.42089228059,326.4853174224998,1.502115301385803e-07,75.62490432097772,75.62490447118925,0.0,237465.61268474002,10180.94268474,10083.761177952152,0.0,1.0,True,0.0,1.0,True,True,True,0.0,0.5201287425697968,0.0,0,0
563,focus_2096f79153,BIHMH gen 52 focus / add_fix,24999794.4,205.60000000149012,3,C4;C5;C7,2292,237417.84383618,10133.173836179983,227284.67,6313603.167932906,6289741.936467273,4.901993318728701e-05,23861.23141661332,326.4853174224999,1.501443727218245e-07,73.08515925000954,73.08515940015391,0.0,237465.61268474002,10180.94268474,10083.761177952152,0.0,1.0,True,0.0,1.0,True,True,True,0.0,0.5201281678692997,0.0,0,0
564,focus_2096f79153,BIHMH gen 53 focus / add_fix,24999574.16,425.839999999851,3,C4;C5;C7,2290,237417.84383618,10133.173836179983,227284.67,6313906.194809607,6290044.958304222,4.90199277376152e-05,23861.23645636555,326.4853174224997,1.5014435602988924e-07,73.08517468639205,73.08517483653641,0.0,237465.61268474002,10180.94268474,10083.761177952152,0.0,1.0,True,0.0,1.0,True,True,True,0.0,0.5201281678718306,0.0,0,0
565,focus_1392cdb628,BIHMH gen 7 focus / station_prune_fix,24999771.28,228.7199999988079,2,C4;C5,2168,235530.74102641494,9801.571026414964,225729.16999999998,6313951.72199542,6290441.912624663,1.0372680844249775e-05,23509.809360384264,329.53017194999967,3.1477180929652914e-08,71.34341969739711,71.3434197288743,0.0,235583.60739681,9854.437396809999,9760.372524388711,0.0,1.0,True,0.0,1.0,True,True,True,0.0,0.4954498301259177,0.0,0,0
566,focus_1392cdb628,BIHMH gen 9 focus / station_prune_fix,24999991.52,8.480000000447035,2,C4;C5,2184,235530.74102641494,9801.571026414964,225729.16999999998,6314014.943981835,6290504.635868772,1.0413476854734305e-05,23510.30810264978,329.53017195,3.1600981461310174e-08,71.34493319239073,71.3449332239917,0.0,235583.60739681,9854.437396809999,9760.372524388711,0.0,1.0,True,0.0,1.0,True,True,True,0.0,0.4954496838640211,0.0,0,0
567,focus_2096f79153,BIHMH gen 50 focus / mip_intensify,24999353.92,646.0799999982119,3,C4;C5;C7,2299,237417.84383618,10133.173836179983,227284.67,6314140.395670021,6289480.796372833,4.8989405037749374e-05,24659.59924819851,326.4853174224998,1.500508672932232e-07,75.53049994063558,75.53050009068644,0.0,237465.61268474002,10180.94268474,10083.761177952152,0.0,1.0,True,0.0,1.0,True,True,True,0.0,0.520128204586943,0.0,0,0
568,focus_2096f79153,BIHMH gen 52 focus / swap_fix,24999794.4,205.60000000149012,3,C4;C5;C7,2276,237417.84383618,10133.173836179983,227284.67,6314241.901204828,6289343.905385262,4.901106162195996e-05,24897.995770554953,326.4853174225,1.5011719978370556e-07,76.26069057903395,76.26069072915115,0.0,237465.61268474002,10180.94268474,10083.761177952152,0.0,1.0,True,0.0,1.0,True,True,True,0.0,0.5201275144767948,0.0,0,0
569,focus_ce8ddf31de,BIHMH gen 29 focus / mip_intensify,24999574.16,425.839999999851,3,C4;C5;C7,2229,234751.13536076748,10096.415360767478,224654.72,6314331.572903196,6290735.411275174,2.073774993461171e-06,23596.161625948458,326.86017194749974,6.344532529323458e-09,72.19038491400681,72.19038492035135,0.0,234799.10684649,10144.386846489999,10047.55428100877,0.0,1.0,True,0.0,1.0,True,True,True,0.0,0.4712441011572925,0.0,0,0
570,focus_30ae01f335,BIHMH gen 14 focus / mip_intensify,24999574.16,425.839999999851,3,C4;C5;C7,1982,233421.02101293247,10027.801012932463,223393.22,6314465.4589555105,6288927.150808383,0.00031113895622163825,25538.30783598847,335.50214654,9.273829077708835e-07,76.11965556513566,76.11965649251857,0.0,233471.01193258,10077.79193258,9981.595044391,0.0,1.0,True,0.0,1.0,True,True,True,0.0,0.4825061399198189,0.0,0,0
571,focus_2096f79153,BIHMH gen 51 focus / add_fix,24999574.16,425.839999999851,3,C4;C5;C7,2272,237417.84383618,10133.173836179983,227284.67,6314561.849439303,6289664.072223883,4.9010986422782e-05,24897.777166409185,326.48531742249986,1.501169694542729e-07,76.26002101095817,76.26002116107514,0.0,237465.61268474002,10180.94268474,10083.761177952152,0.0,1.0,True,0.0,1.0,True,True,True,0.0,0.52012749728324,0.0,0,0
572,focus_2096f79153,BIHMH gen 51 focus / add_fix,24999794.4,205.60000000149012,3,C4;C5;C7,2281,237417.84383618,10133.173836179983,227284.67,6314869.643229746,6289969.728975005,4.901319334967897e-05,24899.914205726844,326.48531742249986,1.5012372910556256e-07,76.26656660184271,76.26656675196644,0.0,237465.61268474002,10180.94268474,10083.761177952152,0.0,1.0,True,0.0,1.0,True,True,True,0.0,0.5201281992244936,0.0,0,0
573,focus_2096f79153,BIHMH gen 52 focus / add_fix,24999574.16,425.839999999851,3,C4;C5;C7,2271,237417.84383618,10133.173836179983,227284.67,6315135.130371211,6290237.307540098,4.901099181281897e-05,24897.82278210207,326.48531742249975,1.5011698596355127e-07,76.26016072839862,76.2601608785156,0.0,237465.61268474002,10180.94268474,10083.761177952152,0.0,1.0,True,0.0,1.0,True,True,True,0.0,0.5201274968221561,0.0,0,0
574,focus_2096f79153,BIHMH gen 50 focus / crossover_fix,24999794.4,205.60000000149012,3,C4;C5;C7,2298,237417.84383618,10133.173836179983,227284.67,6315284.368181032,6290594.604889538,4.902970006964389e-05,24689.763242464534,326.4853174224999,1.5017428794874492e-07,75.62288998899717,75.62289013917146,0.0,237465.61268474002,10180.94268474,10083.761177952152,0.0,1.0,True,0.0,1.0,True,True,True,0.0,0.5201255858847758,0.0,0,0
575,focus_30ae01f335,BIHMH gen 19 focus / add_fix,24999574.16,425.839999999851,3,C4;C5;C7,2001,233421.02101293247,10027.801012932463,223393.22,6316282.541580731,6290739.54085454,0.0002981257979935676,25543.000428065723,335.5021465400002,8.88595799067484e-07,76.13364233727894,76.13364322587474,0.0,233471.01193258,10077.79193258,9981.595044391,0.0,1.0,True,0.0,1.0,True,True,True,0.0,0.4825054623951046,0.0,0,0
576,focus_c9b11f0016,BIHMH gen 100 focus / remove_fix,24999794.4,205.60000000149012,3,C4;C5;C7,2362,235075.9323388825,10125.242338882488,224950.69,6316764.902051446,6291481.773964773,1.2032309093766311e-05,25283.128074640626,351.92219512250006,3.4190253585960963e-08,71.84294831373128,71.84294834792153,0.0,235132.9065114,10182.2165114,10085.022845385052,0.0,1.0,True,0.0,1.0,True,True,True,0.0,0.48795779463879646,0.0,0,0
577,focus_c9b11f0016,BIHMH gen 100 focus / swap_fix,24999794.4,205.60000000149012,3,C4;C5;C7,2362,235075.9323388825,10125.242338882488,224950.69,6316827.815419489,6291544.774612795,1.2031755544687558e-05,25283.040794662233,351.9221951225001,3.4188680655675724e-08,71.84270030442806,71.84270033861675,0.0,235132.9065114,10182.2165114,10085.022845385052,0.0,1.0,True,0.0,1.0,True,True,True,0.0,0.4879577946488372,0.0,0,0
578,focus_2096f79153,BIHMH gen 51 focus / mip_intensify,24999353.92,646.0799999982119,3,C4;C5;C7,2322,237417.84383618,10133.173836179983,227284.67,6316935.744432882,6292252.209031226,4.9028193642252256e-05,24683.535352628096,326.48531742249986,1.50169673874815e-07,75.60381443029947,75.60381458046913,0.0,237465.61268474002,10180.94268474,10083.761177952152,0.0,1.0,True,0.0,1.0,True,True,True,0.0,0.5201286482381338,0.0,0,0
579,focus_c9b11f0016,BIHMH gen 100 focus / add_fix,24999794.4,205.60000000149012,3,C4;C5;C7,2358,235075.9323388825,10125.242338882488,224950.69,6317182.27622733,6291897.405217899,1.1988563710796793e-05,25284.87099744181,351.92219512250006,3.4065949454036886e-08,71.84790089366327,71.84790092772921,0.0,235132.9065114,10182.2165114,10085.022845385052,0.0,1.0,True,0.0,1.0,True,True,True,0.0,0.4879577844005717,0.0,0,0
580,focus_c9b11f0016,BIHMH gen 100 focus / crossover_fix,24999794.4,205.60000000149012,3,C4;C5;C7,2355,235075.9323388825,10125.242338882488,224950.69,6317515.073463484,6292231.061592969,1.1926450141574733e-05,25284.011858587797,351.9221951224999,3.388945143804664e-08,71.8454596186715,71.84545965256095,0.0,235132.9065114,10182.2165114,10085.022845385052,0.0,1.0,True,0.0,1.0,True,True,True,0.0,0.48795778325329453,0.0,0,0
581,focus_c9b11f0016,BIHMH gen 100 focus / swap_fix,24999574.16,425.839999999851,3,C4;C5;C7,2362,235075.9323388825,10125.242338882488,224950.69,6317855.285605913,6292575.174900303,1.2033509523056822e-05,25280.110693576844,351.92219512250057,3.419366465041535e-08,71.83437431326857,71.83437434746223,0.0,235132.9065114,10182.2165114,10085.022845385052,0.0,1.0,True,0.0,1.0,True,True,True,0.0,0.4879577942361903,0.0,0,0
582,focus_c9b11f0016,BIHMH gen 100 focus / mip_intensify,24999794.4,205.60000000149012,3,C4;C5;C7,2367,235075.9323388825,10125.242338882488,224950.69,6318553.082320054,6293268.296727788,1.1975147852064349e-05,25284.785580291133,351.9221951225001,3.402782779271974e-08,71.84765817765425,71.84765821168209,0.0,235132.9065114,10182.2165114,10085.022845385052,0.0,1.0,True,0.0,1.0,True,True,True,0.0,0.487955997344225,0.0,0,0
583,focus_c9b11f0016,BIHMH gen 100 focus / remove_fix,24999794.4,205.60000000149012,3,C4;C5;C7,2363,235075.9323388825,10125.242338882488,224950.69,6319483.3414233755,6294203.12797145,1.2034015331409238e-05,25280.213439891886,351.9221951225003,3.4195101923651986e-08,71.83466627074237,71.83466630493747,0.0,235132.9065114,10182.2165114,10085.022845385052,0.0,1.0,True,0.0,1.0,True,True,True,0.0,0.48795779473144874,0.0,0,0
584,focus_c9b11f0016,BIHMH gen 100 focus / remove_fix,24999794.4,205.60000000149012,3,C4;C5;C7,2363,235075.9323388825,10125.242338882488,224950.69,6319602.1305137845,6294321.915940386,1.2034022349884014e-05,25280.21456136452,351.92219512250045,3.419512186690895e-08,71.83466945744851,71.83466949164364,0.0,235132.9065114,10182.2165114,10085.022845385052,0.0,1.0,True,0.0,1.0,True,True,True,0.0,0.48795779549715695,0.0,0,0
585,focus_c9b11f0016,BIHMH gen 100 focus / crossover_fix,24999794.4,205.60000000149012,3,C4;C5;C7,2402,235075.9323388825,10125.242338882488,224950.69,6322086.553324195,6296799.625225622,1.182837905052536e-05,25286.92808674399,351.92219512249994,3.3610778787078325e-08,71.85374618938685,71.85374622299763,0.0,235132.9065114,10182.2165114,10085.022845385052,0.0,1.0,True,0.0,1.0,True,True,True,0.0,0.48795793873133436,0.0,0,0
586,focus_ea7794b77f,BIHMH gen 77 focus / station_prune_fix,24999595.68,404.320000000298,2,C5;C7,2733,237608.67352823997,10368.37352823999,227240.3,6324527.981819004,6298897.6250436595,0.086984705247707,25630.269790639148,351.89381812500034,0.0002471902055886874,72.83523742248498,72.83548461269056,0.0,237659.06596764998,10418.76596765,10319.314334637293,0.0,1.0,True,0.0,1.0,True,True,True,0.0,0.6440963821263695,0.0,0,0
587,focus_ea7794b77f,BIHMH gen 75 focus / station_prune_fix,24999595.68,404.320000000298,2,C5;C7,2733,237608.67352823997,10368.37352823999,227240.3,6324654.745614663,6299027.995133512,0.08696065126813929,25626.663520500228,351.893818125,0.0002471218497997287,72.82498924546923,72.82523636731902,0.0,237659.06596764998,10418.76596765,10319.314334637293,0.0,1.0,True,0.0,1.0,True,True,True,0.0,0.6440961635886852,0.0,0,0
588,focus_1392cdb628,BIHMH gen 6 focus / station_prune_fix,24999551.04,448.96000000089407,2,C4;C5,2169,235530.74102641494,9801.571026414964,225729.16999999998,6325066.633086329,6301555.031817939,1.0377662415747094e-05,23511.6012580124,329.53017194999995,3.149229812352876e-08,71.34885743202855,71.34885746352084,0.0,235583.60739681,9854.437396809999,9760.372524388711,0.0,1.0,True,0.0,1.0,True,True,True,0.0,0.49544875078532813,0.0,0,0
589,focus_1392cdb628,BIHMH gen 6 focus / station_prune_fix,24999991.52,8.480000000447035,2,C4;C5,2141,235530.74102641494,9801.571026414964,225729.16999999998,6326451.594293184,6302941.3218663,1.0406895703055557e-05,23510.27241647704,329.5301719500001,3.1581010143843836e-08,71.34482489829269,71.3448249298737,0.0,235583.60739681,9854.437396809999,9760.372524388711,0.0,1.0,True,0.0,1.0,True,True,True,0.0,0.4954491191182435,0.0,0,0
590,focus_1d529f435e,BIHMH gen 88 focus / mip_intensify,24999595.68,404.320000000298,2,C5;C7,2738,237869.42733688498,9937.137336885,227932.28999999998,6336674.476475894,6313053.990676862,0.011513718093791179,23620.474285313678,327.62958604250014,3.514248585687136e-05,72.09505884566123,72.09509398814708,0.0,237918.34746300997,9986.05746301,9890.736220058701,0.0,1.0,True,0.0,1.0,True,True,True,0.0,0.5894541456747008,0.0,0,0
591,focus_1d529f435e,BIHMH gen 86 focus / mip_intensify,24999815.92,184.07999999821186,2,C5;C7,2737,237869.42733688498,9937.137336885,227932.28999999998,6337846.007399576,6314227.9337442815,0.011537297460726795,23618.062117996753,327.62958604250014,3.521445544673788e-05,72.08769636247996,72.08773157693541,0.0,237918.34746300997,9986.05746301,9890.736220058701,0.0,1.0,True,0.0,1.0,True,True,True,0.0,0.5894537421887102,0.0,0,0
592,focus_ea7794b77f,BIHMH gen 72 focus / mip_intensify,24999884.48,115.51999999955297,2,C4;C7,2513,237608.67352823997,10368.37352823999,227240.3,6342151.681143711,6313297.563233327,0.061751068379278226,28854.056159315358,334.83341012200003,0.0001844232579920223,86.17436398835494,86.17454841161293,0.0,237659.06596764998,10418.76596765,10319.314334637293,0.0,1.0,True,0.0,1.0,True,True,True,0.0,0.6374712318460165,0.0,0,0
593,focus_ea7794b77f,BIHMH gen 78 focus / mip_intensify,24999664.240000002,335.75999999791384,2,C4;C7,2522,237608.67352823997,10368.37352823999,227240.3,6342348.832908502,6313496.654142706,0.06180986877889857,28852.11695592746,334.83341012199986,0.00018459886890133674,86.16857244148638,86.16875704035527,0.0,237659.06596764998,10418.76596765,10319.314334637293,0.0,1.0,True,0.0,1.0,True,True,True,0.0,0.6374887327887842,0.0,0,0
594,focus_ea7794b77f,BIHMH gen 70 focus / station_prune_fix,24999991.52,8.480000000447035,2,C4;C5,2519,237605.77974630747,10365.47974630749,227240.3,6342726.759783889,6317906.3230215255,6.01273269812857e-05,24820.436702236337,349.00003619250015,1.7228458666440049e-07,71.1187224305787,71.11872260286329,0.0,237659.06596764998,10418.76596765,10319.314334637293,0.0,1.0,True,0.0,1.0,True,True,True,0.0,0.5003870535310195,0.0,0,0
595,focus_ea7794b77f,BIHMH gen 72 focus / station_prune_fix,24999551.04,448.96000000089407,2,C4;C5,2515,237605.77974630747,10365.47974630749,227240.3,6343173.890972024,6318272.229747064,7.201762299504959e-05,24901.6611529423,349.0000361925002,2.0635419921654784e-07,71.35145722221968,71.35145742857388,0.0,237659.06596764998,10418.76596765,10319.314334637293,0.0,1.0,True,0.0,1.0,True,True,True,0.0,0.5003872557221707,0.0,0,0
596,focus_ea7794b77f,BIHMH gen 72 focus / station_prune_fix,24999991.52,8.480000000447035,2,C4;C5,2514,237605.77974630747,10365.47974630749,227240.3,6343392.269050102,6318530.810307953,5.8227652177402466e-05,24861.458683921635,349.00003619250015,1.6684139294841067e-07,71.23626391318952,71.2362640800309,0.0,237659.06596764998,10418.76596765,10319.314334637293,0.0,1.0,True,0.0,1.0,True,True,True,0.0,0.5003867503682359,0.0,0,0
597,focus_ea7794b77f,BIHMH gen 79 focus / station_prune_fix,24999771.28,228.7199999988079,2,C4;C5,2512,237605.77974630747,10365.47974630749,227240.3,6343519.422464019,6318640.504126359,6.217303518020985e-05,24878.91827548646,349.0000361924999,1.7814621413367625e-07,71.28629139099532,71.28629156914153,0.0,237659.06596764998,10418.76596765,10319.314334637293,0.0,1.0,True,0.0,1.0,True,True,True,0.0,0.500387784262676,0.0,0,0
598,focus_ea7794b77f,BIHMH gen 77 focus / mip_intensify,24999991.52,8.480000000447035,2,C4;C5,2525,237605.77974630747,10365.47974630749,227240.3,6344537.1256815875,6319716.680893233,5.993479772369185e-05,24820.44472841968,349.00003619250003,1.7173292695773032e-07,71.11874542823634,71.11874559996926,0.0,237659.06596764998,10418.76596765,10319.314334637293,0.0,1.0,True,0.0,1.0,True,True,True,0.0,0.5003865760551032,0.0,0,0
599,focus_1392cdb628,BIHMH gen 3 focus / station_prune_fix,24999991.52,8.480000000447035,2,C4;C5,1984,235530.74102641494,9801.571026414964,225729.16999999998,6345348.170358463,6321833.603839398,1.046018239181392e-05,23514.566508604603,329.5301719500003,3.174271518117936e-08,71.35785585112514,71.35785588286785,0.0,235583.60739681,9854.437396809999,9760.372524388711,0.0,1.0,True,0.0,1.0,True,True,True,0.0,0.4954509723202969,0.0,0,0
600,focus_1392cdb628,BIHMH gen 4 focus / station_prune_fix,24999771.28,228.7199999988079,2,C4;C5,1985,235530.74102641494,9801.571026414964,225729.16999999998,6345435.919367191,6321916.378462892,1.04647661276265e-05,23519.540893834608,329.5301719500002,3.175662509354174e-08,71.37295123738546,71.37295126914209,0.0,235583.60739681,9854.437396809999,9760.372524388711,0.0,1.0,True,0.0,1.0,True,True,True,0.0,0.49545066692892803,0.0,0,0
601,focus_2096f79153,BIHMH gen 50 focus / mip_intensify,24999574.16,425.839999999851,3,C4;C5;C7,2337,237417.84383618,10133.173836179983,227284.67,6346014.279850948,6321378.767715905,4.896162275164877e-05,24635.512086081642,326.4853174225002,1.4996577223804585e-07,75.45672277262368,75.45672292258945,0.0,237465.61268474002,10180.94268474,10083.761177952152,0.0,1.0,True,0.0,1.0,True,True,True,0.0,0.5201280798925273,0.0,0,0
602,focus_1392cdb628,BIHMH gen 3 focus / station_prune_fix,24999551.04,448.96000000089407,2,C4;C5,1989,235530.74102641494,9801.571026414964,225729.16999999998,6346162.558908433,6322648.049864832,1.0445251147230432e-05,23514.50903315497,329.5301719499999,3.16974044756524e-08,71.35768143477576,71.35768146647317,0.0,235583.60739681,9854.437396809999,9760.372524388711,0.0,1.0,True,0.0,1.0,True,True,True,0.0,0.49545070821355863,0.0,0,0
603,focus_1392cdb628,BIHMH gen 7 focus / add_fix,24999353.92,646.0799999982119,3,C4;C5;C7,1953,235533.58653284246,9804.416532842466,225729.16999999998,6346285.440799717,6322299.28452396,2.368202384356633e-06,23986.156273388613,332.37567837750004,7.12507724968647e-09,72.16579862424838,72.16579863137346,0.0,235583.60739681,9854.437396809999,9760.372524388711,0.0,1.0,True,0.0,1.0,True,True,True,0.0,0.47850030181236736,0.0,0,0
604,focus_1392cdb628,BIHMH gen 6 focus / add_fix,24999794.4,205.60000000149012,3,C4;C5;C7,1941,235533.58653284246,9804.416532842466,225729.16999999998,6346901.955567235,6322917.460792211,2.3632764472791254e-06,23984.494772660615,332.37567837749964,7.1102568599950504e-09,72.16079976050456,72.16079976761482,0.0,235583.60739681,9854.437396809999,9760.372524388711,0.0,1.0,True,0.0,1.0,True,True,True,0.0,0.47850050489281115,0.0,0,0
605,focus_1392cdb628,BIHMH gen 4 focus / station_prune_fix,24999771.28,228.7199999988079,2,C4;C5,1982,235530.74102641494,9801.571026414964,225729.16999999998,6347126.086028392,6323612.651584659,1.0447815182526132e-05,23513.434433286016,329.5301719500003,3.1705185357386277e-08,71.3544204287725,71.35442046047768,0.0,235583.60739681,9854.437396809999,9760.372524388711,0.0,1.0,True,0.0,1.0,True,True,True,0.0,0.4954512183171096,0.0,0,0
606,focus_1392cdb628,BIHMH gen 9 focus / crossover_fix,24999353.92,646.0799999982119,3,C4;C5;C7,1949,235533.58653284246,9804.416532842466,225729.16999999998,6347230.354003678,6323246.044247387,2.3621383365706435e-06,23984.309753929447,332.37567837749975,7.106832690350513e-09,72.1602431050595,72.16024311216633,0.0,235583.60739681,9854.437396809999,9760.372524388711,0.0,1.0,True,0.0,1.0,True,True,True,0.0,0.4785005979535407,0.0,0,0
607,focus_ea7794b77f,BIHMH gen 77 focus / station_prune_fix,24999991.52,8.480000000447035,2,C4;C5,2519,237605.77974630747,10365.47974630749,227240.3,6348173.433121964,6323296.614447476,6.145899091097297e-05,24876.81861302944,349.00003619250003,1.7610024222769326e-07,71.28027516681398,71.28027534291422,0.0,237659.06596764998,10418.76596765,10319.314334637293,0.0,1.0,True,0.0,1.0,True,True,True,0.0,0.5003869504359241,0.0,0,0
608,focus_1392cdb628,BIHMH gen 9 focus / add_fix,24999353.92,646.0799999982119,3,C4;C5;C7,1947,235533.58653284246,9804.416532842466,225729.16999999998,6348239.7297215825,6323514.332075913,2.3085904304577993e-06,24725.397643359862,332.3756783774996,6.945726118491109e-09,74.38991253528997,74.38991254223569,0.0,235583.60739681,9854.437396809999,9760.372524388711,0.0,1.0,True,0.0,1.0,True,True,True,0.0,0.47850054010088305,0.0,0,0
609,focus_1392cdb628,BIHMH gen 9 focus / swap_fix,24999574.16,425.839999999851,3,C4;C5;C7,2011,235533.58653284246,9804.416532842466,225729.16999999998,6348301.356979522,6322979.036256993,8.215316594011371e-05,25322.32064037589,332.37567837749987,2.4716960741876913e-07,76.18584116619913,76.18584141336873,0.0,235583.60739681,9854.437396809999,9760.372524388711,0.0,1.0,True,0.0,1.0,True,True,True,0.0,0.48886135589421775,0.0,0,0
610,focus_1392cdb628,BIHMH gen 8 focus / crossover_fix,24999794.4,205.60000000149012,3,C4;C5;C7,1953,235533.58653284246,9804.416532842466,225729.16999999998,6348796.554248702,6324812.592289612,2.364571521125981e-06,23983.96195672544,332.3756783775002,7.114153275801326e-09,72.15919670718304,72.1591967142972,0.0,235583.60739681,9854.437396809999,9760.372524388711,0.0,1.0,True,0.0,1.0,True,True,True,0.0,0.4785005630279338,0.0,0,0
611,focus_1392cdb628,BIHMH gen 7 focus / add_fix,24999794.4,205.60000000149012,3,C4;C5;C7,1982,235533.58653284246,9804.416532842466,225729.16999999998,6349429.860143351,6324695.846877066,2.316713404757039e-06,24734.01326396753,332.37567837749975,6.970165254167014e-09,74.41583386819167,74.41583387516184,0.0,235583.60739681,9854.437396809999,9760.372524388711,0.0,1.0,True,0.0,1.0,True,True,True,0.0,0.4785002629689617,0.0,0,0
612,focus_1392cdb628,BIHMH gen 9 focus / add_fix,24999794.4,205.60000000149012,3,C4;C5;C7,1975,235533.58653284246,9804.416532842466,225729.16999999998,6350017.0768193845,6326025.361409029,2.36051727252317e-06,23991.715407994532,332.3756783774999,7.101955486171832e-09,72.1825240797121,72.18252408681406,0.0,235583.60739681,9854.437396809999,9760.372524388711,0.0,1.0,True,0.0,1.0,True,True,True,0.0,0.47850035633180554,0.0,0,0
613,focus_ea7794b77f,BIHMH gen 78 focus / station_prune_fix,24999991.52,8.480000000447035,2,C4;C5,2518,237605.77974630747,10365.47974630749,227240.3,6350467.080784272,6325569.488985829,7.150323333735761e-05,24897.59172694011,349.00003619250015,2.0488030350208366e-07,71.3397969770043,71.3397971818846,0.0,237659.06596764998,10418.76596765,10319.314334637293,0.0,1.0,True,0.0,1.0,True,True,True,0.0,0.5003868864971187,0.0,0,0
614,focus_1392cdb628,BIHMH gen 8 focus / add_fix,24999574.16,425.839999999851,3,C4;C5;C7,1974,235533.58653284246,9804.416532842466,225729.16999999998,6350683.493943127,6326699.214451317,2.3647218062768723e-06,23984.279489445307,332.37567837749964,7.1146054302779375e-09,72.16015205000913,72.16015205712374,0.0,235583.60739681,9854.437396809999,9760.372524388711,0.0,1.0,True,0.0,1.0,True,True,True,0.0,0.4785003599202172,0.0,0,0
615,focus_1392cdb628,BIHMH gen 8 focus / add_fix,24999353.92,646.0799999982119,3,C4;C5;C7,1980,235533.58653284246,9804.416532842466,225729.16999999998,6350855.401938823,6326129.032654836,2.3044485284087766e-06,24726.369281682975,332.3756783774999,6.9332646108704436e-09,74.39283584883634,74.3928358557696,0.0,235583.60739681,9854.437396809999,9760.372524388711,0.0,1.0,True,0.0,1.0,True,True,True,0.0,0.4785004674081983,0.0,0,0
616,focus_1392cdb628,BIHMH gen 9 focus / add_fix,24999574.16,425.839999999851,3,C4;C5;C7,1980,235533.58653284246,9804.416532842466,225729.16999999998,6351103.819803804,6327114.135628552,2.3579848238479433e-06,23989.684172893678,332.3756783774998,7.094336250349319e-09,72.17641281696639,72.17641282406073,0.0,235583.60739681,9854.437396809999,9760.372524388711,0.0,1.0,True,0.0,1.0,True,True,True,0.0,0.4784999724297563,0.0,0,0
617,focus_ea7794b77f,BIHMH gen 76 focus / mip_intensify,24999353.92,646.0799999982119,3,C4;C5;C7,2462,237608.67352823997,10368.37352823999,227240.3,6351245.374791949,6325921.85928862,1.1859505059093056e-05,25323.515491469545,351.8938181250003,3.3701942029798044e-08,71.96351338708112,71.96351342078306,0.0,237659.06596764998,10418.76596765,10319.314334637293,0.0,1.0,True,0.0,1.0,True,True,True,0.0,0.48254395386882903,0.0,0,0
618,focus_1392cdb628,BIHMH gen 7 focus / swap_fix,24999353.92,646.0799999982119,3,C4;C5;C7,1974,235533.58653284246,9804.416532842466,225729.16999999998,6351724.625398724,6327735.051240671,2.357277341114019e-06,23989.57415569614,332.37567837749975,7.092207686859422e-09,72.1760818144151,72.17608182150731,0.0,235583.60739681,9854.437396809999,9760.372524388711,0.0,1.0,True,0.0,1.0,True,True,True,0.0,0.4785005070080858,0.0,0,0
619,focus_1392cdb628,BIHMH gen 8 focus / add_fix,24999794.4,205.60000000149012,3,C4;C5;C7,1977,235533.58653284246,9804.416532842466,225729.16999999998,6352075.080134345,6327348.307444551,2.3030565956043337e-06,24726.77268749125,332.3756783774998,6.929076780968939e-09,74.39404955319117,74.39404956012024,0.0,235583.60739681,9854.437396809999,9760.372524388711,0.0,1.0,True,0.0,1.0,True,True,True,0.0,0.47850067606935004,0.0,0,0
620,focus_1392cdb628,BIHMH gen 9 focus / crossover_fix,24999574.16,425.839999999851,3,C4;C5;C7,1977,235533.58653284246,9804.416532842466,225729.16999999998,6352200.305350346,6328216.639120983,2.3567576449695013e-06,23983.666227005488,332.3756783775,7.09064410631389e-09,72.15830696181605,72.1583069689067,0.0,235583.60739681,9854.437396809999,9760.372524388711,0.0,1.0,True,0.0,1.0,True,True,True,0.0,0.47850029386785153,0.0,0,0
621,focus_1392cdb628,BIHMH gen 8 focus / swap_fix,24999574.16,425.839999999851,3,C4;C5;C7,1977,235533.58653284246,9804.416532842466,225729.16999999998,6352598.51008978,6328603.028846715,2.3630591271513618e-06,23995.48124070279,332.3756783775002,7.109603021155733e-09,72.19385412866941,72.19385413577902,0.0,235583.60739681,9854.437396809999,9760.372524388711,0.0,1.0,True,0.0,1.0,True,True,True,0.0,0.4785003148807524,0.0,0,0
622,focus_1392cdb628,BIHMH gen 7 focus / swap_fix,24999353.92,646.0799999982119,3,C4;C5;C7,1976,235533.58653284246,9804.416532842466,225729.16999999998,6352891.258504413,6328897.2779162405,2.3568075409414863e-06,23993.980585815774,332.3756783775001,7.090794225517039e-09,72.18933919275614,72.18933919984693,0.0,235583.60739681,9854.437396809999,9760.372524388711,0.0,1.0,True,0.0,1.0,True,True,True,0.0,0.4785002066479179,0.0,0,0
623,focus_1392cdb628,BIHMH gen 5 focus / add_fix,24999574.16,425.839999999851,3,C4;C5;C7,1905,235533.58653284246,9804.416532842466,225729.16999999998,6352945.571773276,6328933.298836997,2.3713980894645646e-06,24012.272933908032,332.37567837749975,7.134691987815126e-09,72.2443743511094,72.24437435824409,0.0,235583.60739681,9854.437396809999,9760.372524388711,0.0,1.0,True,0.0,1.0,True,True,True,0.0,0.47850041248419595,0.0,0,0
624,focus_1392cdb628,BIHMH gen 6 focus / add_fix,24999574.16,425.839999999851,3,C4;C5;C7,1909,235533.58653284246,9804.416532842466,225729.16999999998,6352954.182069272,6328210.7554953005,2.3189465366514566e-06,24743.426571652246,332.3756783775,6.976883952434338e-09,74.44415515731443,74.44415516429132,0.0,235583.60739681,9854.437396809999,9760.372524388711,0.0,1.0,True,0.0,1.0,True,True,True,0.0,0.47850041762157186,0.0,0,0
625,focus_1392cdb628,BIHMH gen 9 focus / add_fix,24999794.4,205.60000000149012,3,C4;C5;C7,1979,235533.58653284246,9804.416532842466,225729.16999999998,6353076.21083348,6328343.23935342,2.310991218656853e-06,24732.971477748706,332.3756783775001,6.952949234847786e-09,74.4126995046187,74.41269951157165,0.0,235583.60739681,9854.437396809999,9760.372524388711,0.0,1.0,True,0.0,1.0,True,True,True,0.0,0.4785002692401054,0.0,0,0
626,focus_1392cdb628,BIHMH gen 8 focus / crossover_fix,24999574.16,425.839999999851,3,C4;C5;C7,1954,235533.58653284246,9804.416532842466,225729.16999999998,6353089.55265312,6329103.167685329,2.3557314564963028e-06,23986.38496543567,332.37567837749987,7.0875566708005364e-09,72.16648667714138,72.16648668422893,0.0,235583.60739681,9854.437396809999,9760.372524388711,0.0,1.0,True,0.0,1.0,True,True,True,0.0,0.4785001661405559,0.0,0,0
627,focus_1392cdb628,BIHMH gen 6 focus / add_fix,24999353.92,646.0799999982119,3,C4;C5;C7,1912,235533.58653284246,9804.416532842466,225729.16999999998,6353240.29321104,6328497.037768218,2.3185141978071284e-06,24743.25544050455,332.3756783774999,6.975583198882099e-09,74.4436402846603,74.44364029163589,0.0,235583.60739681,9854.437396809999,9760.372524388711,0.0,1.0,True,0.0,1.0,True,True,True,0.0,0.478500419229216,0.0,0,0
628,focus_1392cdb628,BIHMH gen 7 focus / add_fix,24999574.16,425.839999999851,3,C4;C5;C7,1908,235533.58653284246,9804.416532842466,225729.16999999998,6353925.020004134,6329181.848204387,2.31816871378968e-06,24743.171797428422,332.3756783775001,6.974543760559968e-09,74.4433886324439,74.44338863941844,0.0,235583.60739681,9854.437396809999,9760.372524388711,0.0,1.0,True,0.0,1.0,True,True,True,0.0,0.4785004211013877,0.0,0,0
629,focus_1392cdb628,BIHMH gen 9 focus / add_fix,24999574.16,425.839999999851,3,C4;C5;C7,2006,235533.58653284246,9804.416532842466,225729.16999999998,6354140.340671661,6328827.194185132,8.123948934892752e-05,25313.14640528998,332.3756783774999,2.444206800735243e-07,76.15823916135118,76.15823940577185,0.0,235583.60739681,9854.437396809999,9760.372524388711,0.0,1.0,True,0.0,1.0,True,True,True,0.0,0.488860924282751,0.0,0,0
630,focus_1d529f435e,BIHMH gen 89 focus / station_prune_fix,24999991.52,8.480000000447035,2,C4;C5,2518,237866.81896716997,9934.528967170001,227932.28999999998,6354271.813221033,6331061.415697516,5.971137170066663e-06,23210.39751754595,325.02121632750016,1.8371530442031154e-08,71.41194590250541,71.41194592087695,0.0,237918.34746300997,9986.05746301,9890.736220058701,0.0,1.0,True,0.0,1.0,True,True,True,0.0,0.4879608049362391,0.0,0,0
631,focus_1392cdb628,BIHMH gen 4 focus / swap_fix,24999353.92,646.0799999982119,3,C4;C5;C7,1892,235533.58653284246,9804.416532842466,225729.16999999998,6354443.614826937,6330433.862566361,2.4780200961774927e-06,24009.752258097702,332.3756783774999,7.455479619549809e-09,72.23679053564298,72.23679054309846,0.0,235583.60739681,9854.437396809999,9760.372524388711,0.0,1.0,True,0.0,1.0,True,True,True,0.0,0.4785005035553918,0.0,0,0
632,focus_1392cdb628,BIHMH gen 5 focus / add_fix,24999353.92,646.0799999982119,3,C4;C5;C7,1895,235533.58653284246,9804.416532842466,225729.16999999998,6354597.123153841,6330583.656275802,2.369355384919032e-06,24013.46687566978,332.37567837749987,7.128546217596604e-09,72.24796649650213,72.24796650363068,0.0,235583.60739681,9854.437396809999,9760.372524388711,0.0,1.0,True,0.0,1.0,True,True,True,0.0,0.47850045144269887,0.0,0,0
633,focus_1392cdb628,BIHMH gen 1 focus / station_prune_fix,24999991.52,8.480000000447035,2,C4;C5,1824,235530.74102641494,9801.571026414964,225729.16999999998,6354636.890562953,6331104.186601423,1.0946119573170882e-05,23532.703950584713,329.5301719500004,3.321735156570651e-08,71.41289615858098,71.41289619179832,0.0,235583.60739681,9854.437396809999,9760.372524388711,0.0,1.0,True,0.0,1.0,True,True,True,0.0,0.4954519446272556,0.0,0,0
634,focus_1392cdb628,BIHMH gen 8 focus / add_fix,24999794.4,205.60000000149012,3,C4;C5;C7,1980,235533.58653284246,9804.416532842466,225729.16999999998,6354692.835729265,6330703.86709024,2.3572622415810405e-06,23988.96863666722,332.3756783775002,7.092162257744226e-09,72.17426002338662,72.17426003047879,0.0,235583.60739681,9854.437396809999,9760.372524388711,0.0,1.0,True,0.0,1.0,True,True,True,0.0,0.4785006546637073,0.0,0,0
635,focus_ea7794b77f,BIHMH gen 73 focus / swap_fix,24999794.4,205.60000000149012,3,C4;C5;C7,2359,237608.67352823997,10368.37352823999,227240.3,6354769.846219789,6329479.852401546,1.2777063194718514e-05,25289.99380546597,351.89381812500017,3.6309427834790295e-08,71.86825258886027,71.8682526251697,0.0,237659.06596764998,10418.76596765,10319.314334637293,0.0,1.0,True,0.0,1.0,True,True,True,0.0,0.4825453510884168,0.0,0,0
636,focus_1392cdb628,BIHMH gen 8 focus / add_fix,24999794.4,205.60000000149012,3,C4;C5;C7,1964,235533.58653284246,9804.416532842466,225729.16999999998,6354849.087227112,6330852.353719775,2.3585878906700336e-06,23996.733504977674,332.3756783775001,7.096150663560996e-09,72.19762174572553,72.19762175282168,0.0,235583.60739681,9854.437396809999,9760.372524388711,0.0,1.0,True,0.0,1.0,True,True,True,0.0,0.478500665973418,0.0,0,0
637,focus_ea7794b77f,BIHMH gen 78 focus / crossover_fix,24999794.4,205.60000000149012,3,C4;C5;C7,2360,237608.67352823997,10368.37352823999,227240.3,6355244.243991997,6329949.697329844,1.2708435854010819e-05,25294.546649443997,351.8938181250001,3.611440496944597e-08,71.88119070752997,71.88119074364437,0.0,237659.06596764998,10418.76596765,10319.314334637293,0.0,1.0,True,0.0,1.0,True,True,True,0.0,0.48254534745619077,0.0,0,0
638,focus_ea7794b77f,BIHMH gen 79 focus / crossover_fix,24999794.4,205.60000000149012,3,C4;C5;C7,2359,237608.67352823997,10368.37352823999,227240.3,6355291.0416908255,6329996.165905851,1.2705522186839233e-05,25294.875772269013,351.8938181249999,3.610612500821475e-08,71.88212599768876,71.88212603379489,0.0,237659.06596764998,10418.76596765,10319.314334637293,0.0,1.0,True,0.0,1.0,True,True,True,0.0,0.4825453465963731,0.0,0,0
639,focus_1392cdb628,BIHMH gen 6 focus / add_fix,24999574.16,425.839999999851,3,C4;C5;C7,1941,235533.58653284246,9804.416532842466,225729.16999999998,6355321.64689129,6331343.416269034,2.372189892878217e-06,23978.230619884464,332.3756783774999,7.137074242189202e-09,72.14195315654499,72.14195316368206,0.0,235583.60739681,9854.437396809999,9760.372524388711,0.0,1.0,True,0.0,1.0,True,True,True,0.0,0.47850031742880283,0.0,0,0
640,focus_1d529f435e,BIHMH gen 81 focus / station_prune_fix,24999771.28,228.7199999988079,2,C4;C5,2516,237866.81896716997,9934.528967170001,227932.28999999998,6355398.975159751,6332159.05416994,6.1175387428184935e-06,23239.92098369375,325.0212163275002,1.882196741474961e-08,71.50278140697306,71.50278142579502,0.0,237918.34746300997,9986.05746301,9890.736220058701,0.0,1.0,True,0.0,1.0,True,True,True,0.0,0.48796110662839726,0.0,0,0
641,focus_ea7794b77f,BIHMH gen 73 focus / crossover_fix,24999794.4,205.60000000149012,3,C4;C5;C7,2358,237608.67352823997,10368.37352823999,227240.3,6355419.005070018,6330124.017185671,1.2699597968555544e-05,25294.987871646717,351.8938181249999,3.6089289764233335e-08,71.88244455792463,71.88244459401392,0.0,237659.06596764998,10418.76596765,10319.314334637293,0.0,1.0,True,0.0,1.0,True,True,True,0.0,0.48254534754147815,0.0,0,0
642,focus_ea7794b77f,BIHMH gen 78 focus / crossover_fix,24999353.92,646.0799999982119,3,C4;C5;C7,2360,237608.67352823997,10368.37352823999,227240.3,6355479.567831993,6330189.334376596,1.2783382122404031e-05,25290.23344261358,351.893818125,3.63273847506554e-08,71.86893358163502,71.8689336179624,0.0,237659.06596764998,10418.76596765,10319.314334637293,0.0,1.0,True,0.0,1.0,True,True,True,0.0,0.4825453501412502,0.0,0,0
643,focus_ea7794b77f,BIHMH gen 72 focus / mip_intensify,24999574.16,425.839999999851,3,C4;C5;C7,2458,237608.67352823997,10368.37352823999,227240.3,6355487.976381502,6329552.5539088575,1.1101883192864076e-05,25935.422461542024,351.89381812500017,3.1548957728266914e-08,73.70241000462592,73.70241003617488,0.0,237659.06596764998,10418.76596765,10319.314334637293,0.0,1.0,True,0.0,1.0,True,True,True,0.0,0.48254495353078053,0.0,0,0
644,focus_ea7794b77f,BIHMH gen 77 focus / add_fix,24999353.92,646.0799999982119,3,C4;C5;C7,2355,237608.67352823997,10368.37352823999,227240.3,6355490.852180618,6330196.089831941,1.2704874335009008e-05,25294.76233597147,351.8938181250001,3.6104283964704284e-08,71.88180363823908,71.88180367434336,0.0,237659.06596764998,10418.76596765,10319.314334637293,0.0,1.0,True,0.0,1.0,True,True,True,0.0,0.48254534832886314,0.0,0,0
645,focus_ea7794b77f,BIHMH gen 74 focus / crossover_fix,24999574.16,425.839999999851,3,C4;C5;C7,2356,237608.67352823997,10368.37352823999,227240.3,6355498.43388633,6330203.405117143,1.2705559160204778e-05,25295.028756481566,351.8938181250001,3.610623007787962e-08,71.8825607430712,71.88256077917742,0.0,237659.06596764998,10418.76596765,10319.314334637293,0.0,1.0,True,0.0,1.0,True,True,True,0.0,0.4825453483462995,0.0,0,0
646,focus_ea7794b77f,BIHMH gen 78 focus / crossover_fix,24999353.92,646.0799999982119,3,C4;C5;C7,2360,237608.67352823997,10368.37352823999,227240.3,6355500.178447005,6330210.296772929,1.278269780745813e-05,25289.88166129371,351.893818125,3.632544008749097e-08,71.86793390132878,71.86793393765423,0.0,237659.06596764998,10418.76596765,10319.314334637293,0.0,1.0,True,0.0,1.0,True,True,True,0.0,0.48254535014081146,0.0,0,0
647,focus_ea7794b77f,BIHMH gen 74 focus / swap_fix,24999794.4,205.60000000149012,3,C4;C5;C7,2359,237608.67352823997,10368.37352823999,227240.3,6355506.376824649,6330216.5028457,1.277812659266982e-05,25289.87396617124,351.8938181250001,3.6312449763271377e-08,71.8679120335889,71.86791206990134,0.0,237659.06596764998,10418.76596765,10319.314334637293,0.0,1.0,True,0.0,1.0,True,True,True,0.0,0.48254535117073544,0.0,0,0
648,focus_ea7794b77f,BIHMH gen 73 focus / mip_intensify,24999794.4,205.60000000149012,3,C4;C5;C7,2360,237608.67352823997,10368.37352823999,227240.3,6355517.173619862,6330210.073687069,1.265371756376076e-05,25307.09992013903,351.89381812499994,3.595890837521305e-08,71.91686416937686,71.91686420533577,0.0,237659.06596764998,10418.76596765,10319.314334637293,0.0,1.0,True,0.0,1.0,True,True,True,0.0,0.48254540356896314,0.0,0,0
649,focus_ea7794b77f,BIHMH gen 76 focus / swap_fix,24999794.4,205.60000000149012,3,C4;C5;C7,2360,237608.67352823997,10368.37352823999,227240.3,6355523.3511234,6330236.466295381,1.2782510241954884e-05,25286.884815236466,351.8938181249998,3.632490707016137e-08,71.85941756514191,71.85941760146682,0.0,237659.06596764998,10418.76596765,10319.314334637293,0.0,1.0,True,0.0,1.0,True,True,True,0.0,0.4825453501894456,0.0,0,0
650,focus_ea7794b77f,BIHMH gen 71 focus / crossover_fix,24999794.4,205.60000000149012,3,C4;C5;C7,2357,237608.67352823997,10368.37352823999,227240.3,6355533.326695349,6330238.54869025,1.2706063363868433e-05,25294.77799239268,351.89381812500017,3.61076629068686e-08,71.88184813012951,71.88184816623718,0.0,237659.06596764998,10418.76596765,10319.314334637293,0.0,1.0,True,0.0,1.0,True,True,True,0.0,0.48254534800417054,0.0,0,0
651,focus_ea7794b77f,BIHMH gen 79 focus / crossover_fix,24999794.4,205.60000000149012,3,C4;C5;C7,2361,237608.67352823997,10368.37352823999,227240.3,6355580.655037844,6330293.643955215,1.2782533365475213e-05,25287.011069846136,351.89381812500034,3.632497278180255e-08,71.8597763512391,71.85977638756408,0.0,237659.06596764998,10418.76596765,10319.314334637293,0.0,1.0,True,0.0,1.0,True,True,True,0.0,0.48254535481394406,0.0,0,0
652,focus_ea7794b77f,BIHMH gen 77 focus / crossover_fix,24999353.92,646.0799999982119,3,C4;C5;C7,2355,237608.67352823997,10368.37352823999,227240.3,6355589.126272185,6330280.366111367,1.2607661920001906e-05,25308.760148210113,351.8938181249997,3.5828028998007045e-08,71.92158214959018,71.9215821854182,0.0,237659.06596764998,10418.76596765,10319.314334637293,0.0,1.0,True,0.0,1.0,True,True,True,0.0,0.48254533902984476,0.0,0,0
653,focus_ea7794b77f,BIHMH gen 79 focus / crossover_fix,24999353.92,646.0799999982119,3,C4;C5;C7,2354,237608.67352823997,10368.37352823999,227240.3,6355589.984221179,6330280.758092625,1.2602742355072952e-05,25309.226115950874,351.89381812499994,3.581404874409075e-08,71.92290632102129,71.92290635683534,0.0,237659.06596764998,10418.76596765,10319.314334637293,0.0,1.0,True,0.0,1.0,True,True,True,0.0,0.48254534500943724,0.0,0,0
654,focus_ea7794b77f,BIHMH gen 77 focus / add_fix,24999794.4,205.60000000149012,3,C4;C5;C7,2355,237608.67352823997,10368.37352823999,227240.3,6355605.003060075,6330310.225590618,1.2704881856032797e-05,25294.777456752472,351.8938181249999,3.610430533769639e-08,71.88184660796527,71.88184664406958,0.0,237659.06596764998,10418.76596765,10319.314334637293,0.0,1.0,True,0.0,1.0,True,True,True,0.0,0.48254534832886353,0.0,0,0
655,focus_ea7794b77f,BIHMH gen 73 focus / swap_fix,24999353.92,646.0799999982119,3,C4;C5;C7,2358,237608.67352823997,10368.37352823999,227240.3,6355609.26257014,6330319.265005524,1.2778169719129018e-05,25289.99755183759,351.89381812500005,3.631257231859056e-08,71.86826323517299,71.86826327148556,0.0,237659.06596764998,10418.76596765,10319.314334637293,0.0,1.0,True,0.0,1.0,True,True,True,0.0,0.48254535085183187,0.0,0,0
656,focus_ea7794b77f,BIHMH gen 79 focus / remove_fix,24999794.4,205.60000000149012,3,C4;C5;C7,2360,237608.67352823997,10368.37352823999,227240.3,6355621.101210789,6330330.870492807,1.2784469043043024e-05,25290.23070519813,351.89381812500017,3.6330473525118046e-08,71.86892580253996,71.86892583887044,0.0,237659.06596764998,10418.76596765,10319.314334637293,0.0,1.0,True,0.0,1.0,True,True,True,0.0,0.4825453548466396,0.0,0,0
657,focus_ea7794b77f,BIHMH gen 74 focus / crossover_fix,24999353.92,646.0799999982119,3,C4;C5;C7,2354,237608.67352823997,10368.37352823999,227240.3,6355624.471828446,6330315.619049776,1.2602047339158336e-05,25308.852766067957,351.89381812499994,3.581207367127384e-08,71.92184534789904,71.92184538371112,0.0,237659.06596764998,10418.76596765,10319.314334637293,0.0,1.0,True,0.0,1.0,True,True,True,0.0,0.48254534506790797,0.0,0,0
658,focus_ea7794b77f,BIHMH gen 71 focus / remove_fix,24999794.4,205.60000000149012,3,C4;C5;C7,2360,237608.67352823997,10368.37352823999,227240.3,6355626.603020728,6330339.59377238,1.2782544622454205e-05,25287.009235565154,351.89381812499994,3.632500477150633e-08,71.85977113864128,71.85977117496628,0.0,237659.06596764998,10418.76596765,10319.314334637293,0.0,1.0,True,0.0,1.0,True,True,True,0.0,0.4825453502587179,0.0,0,0
659,focus_ea7794b77f,BIHMH gen 79 focus / add_fix,24999794.4,205.60000000149012,3,C4;C5;C7,2362,237608.67352823997,10368.37352823999,227240.3,6355641.074660374,6330350.939054373,1.2783320881089248e-05,25290.13559321764,351.8938181250001,3.632721071714975e-08,71.86865551651735,71.86865555284456,0.0,237659.06596764998,10418.76596765,10319.314334637293,0.0,1.0,True,0.0,1.0,True,True,True,0.0,0.48254535015507277,0.0,0,0
660,focus_ea7794b77f,BIHMH gen 75 focus / remove_fix,24999794.4,205.60000000149012,3,C4;C5;C7,2360,237608.67352823997,10368.37352823999,227240.3,6355643.564086214,6330356.55218407,1.278253317736895e-05,25287.011889361114,351.8938181249998,3.632497224724856e-08,71.85977868010927,71.85977871643425,0.0,237659.06596764998,10418.76596765,10319.314334637293,0.0,1.0,True,0.0,1.0,True,True,True,0.0,0.48254535484567046,0.0,0,0
661,focus_ea7794b77f,BIHMH gen 77 focus / crossover_fix,24999794.4,205.60000000149012,3,C4;C5;C7,2355,237608.67352823997,10368.37352823999,227240.3,6355677.002372841,6330368.237307876,1.2608651865672103e-05,25308.765052356764,351.89381812500005,3.583084219226962e-08,71.92159608602888,71.92159612185972,0.0,237659.06596764998,10418.76596765,10319.314334637293,0.0,1.0,True,0.0,1.0,True,True,True,0.0,0.482545344123901,0.0,0,0
662,focus_ea7794b77f,BIHMH gen 77 focus / remove_fix,24999794.4,205.60000000149012,3,C4;C5;C7,2360,237608.67352823997,10368.37352823999,227240.3,6355681.945174794,6330392.062724491,1.278292283715689e-05,25289.882437520184,351.893818125,3.6326079569309544e-08,71.86793610718303,71.86793614350911,0.0,237659.06596764998,10418.76596765,10319.314334637293,0.0,1.0,True,0.0,1.0,True,True,True,0.0,0.4825453501358095,0.0,0,0
663,focus_ea7794b77f,BIHMH gen 71 focus / crossover_fix,24999353.92,646.0799999982119,3,C4;C5;C7,2356,237608.67352823997,10368.37352823999,227240.3,6355683.894036725,6330389.116074513,1.2705953413554085e-05,25294.777949506184,351.8938181249998,3.610735045376862e-08,71.88184800825618,71.88184804436354,0.0,237659.06596764998,10418.76596765,10319.314334637293,0.0,1.0,True,0.0,1.0,True,True,True,0.0,0.48254534833388935,0.0,0,0
664,focus_ea7794b77f,BIHMH gen 75 focus / mip_intensify,24999574.16,425.839999999851,3,C4;C5;C7,2392,237608.67352823997,10368.37352823999,227240.3,6355696.099791557,6330350.753283707,1.2352625169826824e-05,25345.346495495796,351.89381812500045,3.5103274151405804e-08,72.02555199901968,72.02555203412295,0.0,237659.06596764998,10418.76596765,10319.314334637293,0.0,1.0,True,0.0,1.0,True,True,True,0.0,0.48254491798335736,0.0,0,0
665,focus_ea7794b77f,BIHMH gen 76 focus / crossover_fix,24999794.4,205.60000000149012,3,C4;C5;C7,2354,237608.67352823997,10368.37352823999,227240.3,6355705.8739360375,6330396.994508618,1.2603057344195313e-05,25308.87941481772,351.89381812499994,3.5814943869569336e-08,71.92192107741853,71.92192111323348,0.0,237659.06596764998,10418.76596765,10319.314334637293,0.0,1.0,True,0.0,1.0,True,True,True,0.0,0.4825453450729348,0.0,0,0
666,focus_ea7794b77f,BIHMH gen 74 focus / swap_fix,24999574.16,425.839999999851,3,C4;C5;C7,2359,237608.67352823997,10368.37352823999,227240.3,6355722.878743576,6330435.5580773875,1.2778646244839369e-05,25287.320653409864,351.89381812500005,3.631392649330409e-08,71.8606561153833,71.86065615169723,0.0,237659.06596764998,10418.76596765,10319.314334637293,0.0,1.0,True,0.0,1.0,True,True,True,0.0,0.4825453558490242,0.0,0,0
667,focus_ea7794b77f,BIHMH gen 73 focus / crossover_fix,24999794.4,205.60000000149012,3,C4;C5;C7,2400,237608.67352823997,10368.37352823999,227240.3,6355724.232545344,6329783.0050444575,1.1959789198465124e-05,25941.22748892676,351.8938181250005,3.3986926119335065e-08,73.71890653592517,73.7189065699121,0.0,237659.06596764998,10418.76596765,10319.314334637293,0.0,1.0,True,0.0,1.0,True,True,True,0.0,0.48254536361052036,0.0,0,0
668,focus_ea7794b77f,BIHMH gen 77 focus / crossover_fix,24999353.92,646.0799999982119,3,C4;C5;C7,2355,237608.67352823997,10368.37352823999,227240.3,6355727.835121229,6330419.025138414,1.2609923088189356e-05,25308.809970204948,351.8938181249998,3.583445470960236e-08,71.92172373205699,71.92172376789145,0.0,237659.06596764998,10418.76596765,10319.314334637293,0.0,1.0,True,0.0,1.0,True,True,True,0.0,0.4825453439636432,0.0,0,0
669,focus_ea7794b77f,BIHMH gen 70 focus / swap_fix,24999574.16,425.839999999851,3,C4;C5;C7,2360,237608.67352823997,10368.37352823999,227240.3,6355734.960281769,6330444.739691862,1.2777737209746558e-05,25290.22057712873,351.89381812499994,3.6311343227995104e-08,71.86889702093352,71.86889705724487,0.0,237659.06596764998,10418.76596765,10319.314334637293,0.0,1.0,True,0.0,1.0,True,True,True,0.0,0.4825453558650823,0.0,0,0
670,focus_ea7794b77f,BIHMH gen 73 focus / crossover_fix,24999794.4,205.60000000149012,3,C4;C5;C7,2360,237608.67352823997,10368.37352823999,227240.3,6355752.130723817,6330462.131288852,1.2778163579422155e-05,25289.999422188062,351.893818125,3.6312554870978396e-08,71.86826855027198,71.86826858658453,0.0,237659.06596764998,10418.76596765,10319.314334637293,0.0,1.0,True,0.0,1.0,True,True,True,0.0,0.48254534615004036,0.0,0,0
671,focus_ea7794b77f,BIHMH gen 75 focus / crossover_fix,24999794.4,205.60000000149012,3,C4;C5;C7,2354,237608.67352823997,10368.37352823999,227240.3,6355802.106364054,6330493.227287699,1.2603081035776103e-05,25308.879063752596,351.8938181250001,3.5815011195505634e-08,71.92192007977346,71.92192011558846,0.0,237659.06596764998,10418.76596765,10319.314334637293,0.0,1.0,True,0.0,1.0,True,True,True,0.0,0.48254534474322086,0.0,0,0
672,focus_ea7794b77f,BIHMH gen 76 focus / crossover_fix,24999574.16,425.839999999851,3,C4;C5;C7,2360,237608.67352823997,10368.37352823999,227240.3,6355827.980942925,6330538.110952512,1.2776243213240017e-05,25289.869977637114,351.8938181249999,3.630709763904302e-08,71.86790069910701,71.86790073541411,0.0,237659.06596764998,10418.76596765,10319.314334637293,0.0,1.0,True,0.0,1.0,True,True,True,0.0,0.4825453508215721,0.0,0,0
673,focus_ea7794b77f,BIHMH gen 73 focus / crossover_fix,24999574.16,425.839999999851,3,C4;C5;C7,2398,237608.67352823997,10368.37352823999,227240.3,6355855.913869983,6330572.647321458,1.1962538189675949e-05,25283.266536561805,351.8938181249998,3.399473810996763e-08,71.84913526267368,71.84913529666842,0.0,237659.06596764998,10418.76596765,10319.314334637293,0.0,1.0,True,0.0,1.0,True,True,True,0.0,0.48254530180787547,0.0,0,0
674,focus_ea7794b77f,BIHMH gen 74 focus / swap_fix,24999574.16,425.839999999851,3,C4;C5;C7,2360,237608.67352823997,10368.37352823999,227240.3,6355862.659760694,6330572.311253587,1.2777739986483794e-05,25290.34849432955,351.8938181250001,3.6311351118833445e-08,71.86926053172633,71.86926056803767,0.0,237659.06596764998,10418.76596765,10319.314334637293,0.0,1.0,True,0.0,1.0,True,True,True,0.0,0.48254535064861503,0.0,0,0
675,focus_ea7794b77f,BIHMH gen 75 focus / swap_fix,24999794.4,205.60000000149012,3,C4;C5;C7,2359,237608.67352823997,10368.37352823999,227240.3,6355863.418197439,6330573.537247076,1.2782697829116146e-05,25289.88093758134,351.8938181249999,3.6325440149038e-08,71.86793184470736,71.8679318810328,0.0,237659.06596764998,10418.76596765,10319.314334637293,0.0,1.0,True,0.0,1.0,True,True,True,0.0,0.48254535014081085,0.0,0,0
676,focus_ea7794b77f,BIHMH gen 76 focus / mip_intensify,24999794.4,205.60000000149012,3,C4;C5;C7,2361,237608.67352823997,10368.37352823999,227240.3,6355879.993732729,6330589.498864169,1.278248469859345e-05,25290.494855777066,351.89381812500005,3.6324834481897163e-08,71.8696764567582,71.86967649308303,0.0,237659.06596764998,10418.76596765,10319.314334637293,0.0,1.0,True,0.0,1.0,True,True,True,0.0,0.48254535001197824,0.0,0,0
677,focus_ea7794b77f,BIHMH gen 70 focus / remove_fix,24999794.4,205.60000000149012,3,C4;C5;C7,2361,237608.67352823997,10368.37352823999,227240.3,6355890.2941703275,6330600.275165793,1.278306246415413e-05,25290.018991751138,351.893818125,3.632647635660744e-08,71.86832416239719,71.86832419872367,0.0,237659.06596764998,10418.76596765,10319.314334637293,0.0,1.0,True,0.0,1.0,True,True,True,0.0,0.482545351530439,0.0,0,0
678,focus_ea7794b77f,BIHMH gen 75 focus / add_fix,24999794.4,205.60000000149012,3,C4;C5;C7,2359,237608.67352823997,10368.37352823999,227240.3,6355907.0611498235,6330617.513047231,1.278805097000744e-05,25289.548089804524,351.8938181249997,3.6340652524520536e-08,71.8669859691061,71.86698600544675,0.0,237659.06596764998,10418.76596765,10319.314334637293,0.0,1.0,True,0.0,1.0,True,True,True,0.0,0.4825453510026731,0.0,0,0
679,focus_ea7794b77f,BIHMH gen 71 focus / crossover_fix,24999353.92,646.0799999982119,3,C4;C5;C7,2360,237608.67352823997,10368.37352823999,227240.3,6355934.090768029,6330643.973556243,1.2783003076217635e-05,25290.117199003136,351.8938181250001,3.6326307589969776e-08,71.86860324445811,71.86860328078443,0.0,237659.06596764998,10418.76596765,10319.314334637293,0.0,1.0,True,0.0,1.0,True,True,True,0.0,0.4825453467854716,0.0,0,0
680,focus_ea7794b77f,BIHMH gen 72 focus / add_fix,24999794.4,205.60000000149012,3,C4;C5;C7,2357,237608.67352823997,10368.37352823999,227240.3,6355976.653167975,6330686.659515638,1.2778169967829443e-05,25289.99363955944,351.8938181249999,3.631257302533907e-08,71.86825211739274,71.86825215370531,0.0,237659.06596764998,10418.76596765,10319.314334637293,0.0,1.0,True,0.0,1.0,True,True,True,0.0,0.48254535076376337,0.0,0,0
681,focus_ea7794b77f,BIHMH gen 75 focus / crossover_fix,24999794.4,205.60000000149012,3,C4;C5;C7,2397,237608.67352823997,10368.37352823999,227240.3,6355994.241062223,6330051.534773093,1.1644361798536816e-05,25942.706277486297,351.8938181250003,3.3090555158319056e-08,73.72310890744573,73.72310894053629,0.0,237659.06596764998,10418.76596765,10319.314334637293,0.0,1.0,True,0.0,1.0,True,True,True,0.0,0.4825453165719377,0.0,0,0
682,focus_ea7794b77f,BIHMH gen 79 focus / add_fix,24999794.4,205.60000000149012,3,C4;C5;C7,2360,237608.67352823997,10368.37352823999,227240.3,6355999.912738454,6330710.240620246,1.2787606184602856e-05,25289.672105419908,351.89381812500005,3.633938854833884e-08,71.86733839250478,71.86733842884416,0.0,237659.06596764998,10418.76596765,10319.314334637293,0.0,1.0,True,0.0,1.0,True,True,True,0.0,0.48254535088071976,0.0,0,0
683,focus_ea7794b77f,BIHMH gen 76 focus / mip_intensify,24999574.16,425.839999999851,3,C4;C5;C7,2360,237608.67352823997,10368.37352823999,227240.3,6356065.275501893,6330115.5103539545,1.2057136944320003e-05,25949.76513588161,351.89381812499994,3.426356566467746e-08,73.74316853347995,73.74316856774351,0.0,237659.06596764998,10418.76596765,10319.314334637293,0.0,1.0,True,0.0,1.0,True,True,True,0.0,0.48254532811219863,0.0,0,0
684,focus_ea7794b77f,BIHMH gen 78 focus / add_fix,24999353.92,646.0799999982119,3,C4;C5;C7,2358,237608.67352823997,10368.37352823999,227240.3,6356075.74338572,6330786.070814567,1.2789148017606212e-05,25289.6725583649,351.8938181249998,3.634377007743639e-08,71.86733967966863,71.8673397160124,0.0,237659.06596764998,10418.76596765,10319.314334637293,0.0,1.0,True,0.0,1.0,True,True,True,0.0,0.4825453509317958,0.0,0,0
685,focus_ea7794b77f,BIHMH gen 71 focus / swap_fix,24999794.4,205.60000000149012,3,C4;C5;C7,2361,237608.67352823997,10368.37352823999,227240.3,6356129.740577157,6330839.601070697,1.2784392251137089e-05,25290.13949367492,351.8938181250001,3.6330255300466244e-08,71.86866660070547,71.86866663703572,0.0,237659.06596764998,10418.76596765,10319.314334637293,0.0,1.0,True,0.0,1.0,True,True,True,0.0,0.4825453519267951,0.0,0,0
686,focus_ea7794b77f,BIHMH gen 70 focus / crossover_fix,24999353.92,646.0799999982119,3,C4;C5;C7,2356,237608.67352823997,10368.37352823999,227240.3,6356131.690754172,6330841.530817237,1.2783111996034867e-05,25290.159924152184,351.89381812499994,3.632661711463781e-08,71.86872465934766,71.86872469567427,0.0,237659.06596764998,10418.76596765,10319.314334637293,0.0,1.0,True,0.0,1.0,True,True,True,0.0,0.4825453467872344,0.0,0,0
687,focus_ea7794b77f,BIHMH gen 75 focus / add_fix,24999574.16,425.839999999851,3,C4;C5;C7,2359,237608.67352823997,10368.37352823999,227240.3,6356148.088903453,6330858.302372162,1.2783537274027713e-05,25289.786518507477,351.89381812500017,3.632782565531381e-08,71.86766352776338,71.8676635640912,0.0,237659.06596764998,10418.76596765,10319.314334637293,0.0,1.0,True,0.0,1.0,True,True,True,0.0,0.4825453515511492,0.0,0,0
688,focus_ea7794b77f,BIHMH gen 76 focus / swap_fix,24999794.4,205.60000000149012,3,C4;C5;C7,2360,237608.67352823997,10368.37352823999,227240.3,6356264.465079789,6330974.597195446,1.2778050356081203e-05,25289.867871565584,351.89381812499977,3.6312233116701644e-08,71.8678947141439,71.86789475045613,0.0,237659.06596764998,10418.76596765,10319.314334637293,0.0,1.0,True,0.0,1.0,True,True,True,0.0,0.4825453511693068,0.0,0,0
689,focus_ea7794b77f,BIHMH gen 72 focus / remove_fix,24999574.16,425.839999999851,3,C4;C5;C7,2360,237608.67352823997,10368.37352823999,227240.3,6356264.670302597,6330976.584600268,1.2775932769512744e-05,25288.08568955325,351.8938181249998,3.63062154305151e-08,71.86283016932798,71.8628302056342,0.0,237659.06596764998,10418.76596765,10319.314334637293,0.0,1.0,True,0.0,1.0,True,True,True,0.0,0.4825453457070509,0.0,0,0
690,focus_ea7794b77f,BIHMH gen 72 focus / add_fix,24999353.92,646.0799999982119,3,C4;C5;C7,2356,237608.67352823997,10368.37352823999,227240.3,6356274.55845912,6330984.775120275,1.2783537216617699e-05,25289.783326061017,351.89381812499994,3.632782549216799e-08,71.86765445557661,71.86765449190443,0.0,237659.06596764998,10418.76596765,10319.314334637293,0.0,1.0,True,0.0,1.0,True,True,True,0.0,0.4825453515511511,0.0,0,0
691,focus_ea7794b77f,BIHMH gen 79 focus / add_fix,24999353.92,646.0799999982119,3,C4;C5;C7,2395,237608.67352823997,10368.37352823999,227240.3,6356324.214789021,6331032.463040562,1.2075223787821247e-05,25291.751736383387,351.89381812500017,3.43149642473454e-08,71.87324821773146,71.87324825204642,0.0,237659.06596764998,10418.76596765,10319.314334637293,0.0,1.0,True,0.0,1.0,True,True,True,0.0,0.4825453068003427,0.0,0,0
692,focus_ea7794b77f,BIHMH gen 74 focus / swap_fix,24999574.16,425.839999999851,3,C4;C5;C7,2360,237608.67352823997,10368.37352823999,227240.3,6356480.265539003,6331190.3089699205,1.277727199486721e-05,25289.956556305166,351.893818125,3.631002119602015e-08,71.86814673544974,71.86814677175977,0.0,237659.06596764998,10418.76596765,10319.314334637293,0.0,1.0,True,0.0,1.0,True,True,True,0.0,0.48254535106436575,0.0,0,0
693,focus_ea7794b77f,BIHMH gen 78 focus / remove_fix,24999794.4,205.60000000149012,3,C4;C5;C7,2361,237608.67352823997,10368.37352823999,227240.3,6356517.586765757,6331227.801843362,1.278257439328201e-05,25289.78490961208,351.8938181249999,3.6325089373242065e-08,71.8676589556587,71.86765899198379,0.0,237659.06596764998,10418.76596765,10319.314334637293,0.0,1.0,True,0.0,1.0,True,True,True,0.0,0.48254534462347387,0.0,0,0
694,focus_1392cdb628,BIHMH gen 9 focus / add_fix,24999574.16,425.839999999851,3,C4;C5;C7,1959,235533.58653284246,9804.416532842466,225729.16999999998,6356541.304203055,6332551.727759787,2.361551944905495e-06,23989.576440906523,332.37567837750015,7.105068446745163e-09,72.17608868979889,72.17608869690396,0.0,235583.60739681,9854.437396809999,9760.372524388711,0.0,1.0,True,0.0,1.0,True,True,True,0.0,0.4785001001247644,0.0,0,0
695,focus_ea7794b77f,BIHMH gen 76 focus / mip_intensify,24999574.16,425.839999999851,3,C4;C5;C7,2361,237608.67352823997,10368.37352823999,227240.3,6356548.414443561,6331239.496262642,1.2614215144709487e-05,25308.918168305827,351.8938181249999,3.584665173125792e-08,71.92203120577578,71.92203124162243,0.0,237659.06596764998,10418.76596765,10319.314334637293,0.0,1.0,True,0.0,1.0,True,True,True,0.0,0.48254530941401286,0.0,0,0
696,focus_ea7794b77f,BIHMH gen 74 focus / add_fix,24999794.4,205.60000000149012,3,C4;C5;C7,2359,237608.67352823997,10368.37352823999,227240.3,6356567.671635201,6331258.867086429,1.2680589016208411e-05,25308.804536091262,351.89381812499977,3.603527076370523e-08,71.92170828957576,71.92170832561104,0.0,237659.06596764998,10418.76596765,10319.314334637293,0.0,1.0,True,0.0,1.0,True,True,True,0.0,0.48254589038779966,0.0,0,0
697,focus_1392cdb628,BIHMH gen 8 focus / swap_fix,24999794.4,205.60000000149012,3,C4;C5;C7,1940,235533.58653284246,9804.416532842466,225729.16999999998,6356576.59851071,6332586.618129122,2.3717539579973856e-06,23989.980379215867,332.3756783774996,7.135762669444297e-09,72.17730399625981,72.17730400339558,0.0,235583.60739681,9854.437396809999,9760.372524388711,0.0,1.0,True,0.0,1.0,True,True,True,0.0,0.4785006216780028,0.0,0,0
698,focus_ea7794b77f,BIHMH gen 70 focus / swap_fix,24999794.4,205.60000000149012,3,C4;C5;C7,2360,237608.67352823997,10368.37352823999,227240.3,6356666.479360413,6331376.470174173,1.2783024929191144e-05,25290.009173456296,351.8938181249999,3.632636969101387e-08,71.86829626109763,71.868296297424,0.0,237659.06596764998,10418.76596765,10319.314334637293,0.0,1.0,True,0.0,1.0,True,True,True,0.0,0.48254534642097885,0.0,0,0
699,focus_ea7794b77f,BIHMH gen 78 focus / mip_intensify,24999574.16,425.839999999851,3,C4;C5;C7,2369,237608.67352823997,10368.37352823999,227240.3,6356726.0248352885,6331416.828245938,1.2664182993769336e-05,25309.19657668629,351.89381812499977,3.5988648681718995e-08,71.92282237733416,71.9228224133228,0.0,237659.06596764998,10418.76596765,10319.314334637293,0.0,1.0,True,0.0,1.0,True,True,True,0.0,0.4825449298446082,0.0,0,0
700,focus_ea7794b77f,BIHMH gen 70 focus / add_fix,24999794.4,205.60000000149012,3,C4;C5;C7,2406,237608.67352823997,10368.37352823999,227240.3,6356779.052539627,6331487.971521327,1.2423468171832947e-05,25291.081005876185,351.8938181249998,3.530459340840105e-08,71.87134215836744,71.87134219367204,0.0,237659.06596764998,10418.76596765,10319.314334637293,0.0,1.0,True,0.0,1.0,True,True,True,0.0,0.48254467856308014,0.0,0,0
701,focus_ea7794b77f,BIHMH gen 73 focus / remove_fix,24999353.92,646.0799999982119,3,C4;C5;C7,2360,237608.67352823997,10368.37352823999,227240.3,6356821.481434149,6331531.481599051,1.2777237473280325e-05,25289.999822321715,351.8938181250001,3.630992309373727e-08,71.86826968735829,71.86826972366822,0.0,237659.06596764998,10418.76596765,10319.314334637293,0.0,1.0,True,0.0,1.0,True,True,True,0.0,0.48254534558399054,0.0,0,0
702,focus_1392cdb628,BIHMH gen 6 focus / add_fix,24999794.4,205.60000000149012,3,C4;C5;C7,1925,235533.58653284246,9804.416532842466,225729.16999999998,6356843.863106006,6332841.778639546,2.3573882168519077e-06,24002.08446410258,332.3756783775001,7.092541272452772e-09,72.213720875334,72.21372088242654,0.0,235583.60739681,9854.437396809999,9760.372524388711,0.0,1.0,True,0.0,1.0,True,True,True,0.0,0.47850052672825233,0.0,0,0
703,focus_1392cdb628,BIHMH gen 5 focus / add_fix,24999353.92,646.0799999982119,3,C4;C5;C7,1924,235533.58653284246,9804.416532842466,225729.16999999998,6356866.496967191,6332864.408020418,2.3574383753544075e-06,24002.08894441529,332.37567837750015,7.0926921815167085e-09,72.21373435499872,72.21373436209142,0.0,235583.60739681,9854.437396809999,9760.372524388711,0.0,1.0,True,0.0,1.0,True,True,True,0.0,0.478500527308657,0.0,0,0
704,focus_1d529f435e,BIHMH gen 81 focus / station_prune_fix,24999991.52,8.480000000447035,2,C4;C5,2517,237866.81896716997,9934.528967170001,227932.28999999998,6357019.923684943,6333782.038799046,6.115554734909991e-06,23237.88487978065,325.0212163275003,1.8815863173522154e-08,71.49651688081038,71.49651689962624,0.0,237918.34746300997,9986.05746301,9890.736220058701,0.0,1.0,True,0.0,1.0,True,True,True,0.0,0.4879610824263212,0.0,0,0
705,focus_ea7794b77f,BIHMH gen 70 focus / swap_fix,24999353.92,646.0799999982119,3,C4;C5;C7,2358,237608.67352823997,10368.37352823999,227240.3,6357034.671389968,6331745.009823486,1.2783499089828072e-05,25289.66155369875,351.8938181249999,3.6327717144741406e-08,71.86730840697902,71.86730844330674,0.0,237659.06596764998,10418.76596765,10319.314334637293,0.0,1.0,True,0.0,1.0,True,True,True,0.0,0.4825453514431142,0.0,0,0
706,focus_1d529f435e,BIHMH gen 85 focus / station_prune_fix,24999771.28,228.7199999988079,2,C4;C5,2514,237866.81896716997,9934.528967170001,227932.28999999998,6357038.5459974455,6333831.821723595,5.990278525085954e-06,23206.724267859798,325.02121632750044,1.8430423074443184e-08,71.40064433355654,71.40064435198697,0.0,237918.34746300997,9986.05746301,9890.736220058701,0.0,1.0,True,0.0,1.0,True,True,True,0.0,0.48796133810633885,0.0,0,0
707,focus_1392cdb628,BIHMH gen 7 focus / add_fix,24999794.4,205.60000000149012,3,C4;C5;C7,1935,235533.58653284246,9804.416532842466,225729.16999999998,6357083.588264578,6332340.434062747,2.303885270314821e-06,24743.154199527107,332.37567837749975,6.931569967938976e-09,74.44333568662857,74.44333569356014,0.0,235583.60739681,9854.437396809999,9760.372524388711,0.0,1.0,True,0.0,1.0,True,True,True,0.0,0.4785005303699442,0.0,0,0
708,focus_1392cdb628,BIHMH gen 7 focus / add_fix,24999794.4,205.60000000149012,3,C4;C5;C7,1933,235533.58653284246,9804.416532842466,225729.16999999998,6357084.486981473,6332361.244197087,2.301432328137512e-06,24723.24278208396,332.37567837749947,6.9241899388427396e-09,74.38342932542812,74.38342933235232,0.0,235583.60739681,9854.437396809999,9760.372524388711,0.0,1.0,True,0.0,1.0,True,True,True,0.0,0.47850053266981646,0.0,0,0
709,focus_ea7794b77f,BIHMH gen 71 focus / mip_intensify,24999794.4,205.60000000149012,3,C4;C5;C7,2364,237608.67352823997,10368.37352823999,227240.3,6357481.116200236,6332171.841731187,1.2795895737361214e-05,25309.274456253614,351.8938181249998,3.6362945520162144e-08,71.92304369286546,71.92304372922841,0.0,237659.06596764998,10418.76596765,10319.314334637293,0.0,1.0,True,0.0,1.0,True,True,True,0.0,0.4825454399962685,0.0,0,0
710,focus_ea7794b77f,BIHMH gen 78 focus / mip_intensify,24999794.4,205.60000000149012,3,C4;C5;C7,2366,237608.67352823997,10368.37352823999,227240.3,6357681.170132623,6332376.655270792,1.2658808719658842e-05,25304.51484917301,351.893818125,3.597337625056593e-08,71.90951800177496,71.90951803774833,0.0,237659.06596764998,10418.76596765,10319.314334637293,0.0,1.0,True,0.0,1.0,True,True,True,0.0,0.4825452419896367,0.0,0,0
711,focus_ea7794b77f,BIHMH gen 76 focus / mip_intensify,24999794.4,205.60000000149012,3,C4;C5;C7,2362,237608.67352823997,10368.37352823999,227240.3,6357702.235195648,6332391.344842104,1.2685769185123065e-05,25310.890340858103,351.8938181249999,3.6049991593250497e-08,71.9276356593089,71.9276356953589,0.0,237659.06596764998,10418.76596765,10319.314334637293,0.0,1.0,True,0.0,1.0,True,True,True,0.0,0.4825453432757577,0.0,0,0
712,focus_ea7794b77f,BIHMH gen 75 focus / mip_intensify,24999794.4,205.60000000149012,3,C4;C5;C7,2396,237608.67352823997,10368.37352823999,227240.3,6357715.986775422,6332417.403783335,1.2358647238893318e-05,25298.582979727074,351.8938181249998,3.512038746444609e-08,71.8926610149784,71.8926610500988,0.0,237659.06596764998,10418.76596765,10319.314334637293,0.0,1.0,True,0.0,1.0,True,True,True,0.0,0.4825450702885846,0.0,0,0
713,focus_ea7794b77f,BIHMH gen 71 focus / mip_intensify,24999794.4,205.60000000149012,3,C4;C5;C7,2363,237608.67352823997,10368.37352823999,227240.3,6357782.000836414,6332470.882644795,1.2672398887317184e-05,25311.118178947225,351.8938181249998,3.6011996331278805e-08,71.92828312191664,71.92828315792863,0.0,237659.06596764998,10418.76596765,10319.314334637293,0.0,1.0,True,0.0,1.0,True,True,True,0.0,0.48254536037037526,0.0,0,0
714,focus_ea7794b77f,BIHMH gen 71 focus / mip_intensify,24999794.4,205.60000000149012,3,C4;C5;C7,2388,237608.67352823997,10368.37352823999,227240.3,6358041.025114633,6332736.66684971,1.2242762588585607e-05,25304.358252679966,351.89381812500017,3.479107036838231e-08,71.9090729911354,71.90907302592647,0.0,237659.06596764998,10418.76596765,10319.314334637293,0.0,1.0,True,0.0,1.0,True,True,True,0.0,0.48254496687979653,0.0,0,0
715,focus_ea7794b77f,BIHMH gen 74 focus / swap_fix,24999574.16,425.839999999851,3,C4;C5;C7,2359,237608.67352823997,10368.37352823999,227240.3,6358077.977635469,6332790.973419644,1.2782523241273504e-05,25287.004203043067,351.89381812499994,3.632494401118717e-08,71.85975683738951,71.85975687371446,0.0,237659.06596764998,10418.76596765,10319.314334637293,0.0,1.0,True,0.0,1.0,True,True,True,0.0,0.4825453501135818,0.0,0,0
716,focus_ea7794b77f,BIHMH gen 78 focus / swap_fix,24999794.4,205.60000000149012,3,C4;C5;C7,2361,237608.67352823997,10368.37352823999,227240.3,6358198.511981553,6332902.904396911,1.2781589221367209e-05,25295.607571860324,351.89381812499994,3.6322289744876746e-08,71.88420560111915,71.88420563744144,0.0,237659.06596764998,10418.76596765,10319.314334637293,0.0,1.0,True,0.0,1.0,True,True,True,0.0,0.48254534523073395,0.0,0,0
717,focus_1392cdb628,BIHMH gen 5 focus / swap_fix,24999794.4,205.60000000149012,3,C4;C5;C7,1926,235533.58653284246,9804.416532842466,225729.16999999998,6358309.357249652,6334317.897205613,2.370050664710213e-06,23991.460041668783,332.3756783775,7.130638066779355e-09,72.18175577341785,72.18175578054849,0.0,235583.60739681,9854.437396809999,9760.372524388711,0.0,1.0,True,0.0,1.0,True,True,True,0.0,0.47850039213281537,0.0,0,0
718,focus_ea7794b77f,BIHMH gen 70 focus / swap_fix,24999794.4,205.60000000149012,3,C4;C5;C7,2359,237608.67352823997,10368.37352823999,227240.3,6358367.770777732,6332423.964301124,1.223452983866407e-05,25943.80646437319,351.89381812500005,3.476767481694751e-08,73.7262353814849,73.72623541625258,0.0,237659.06596764998,10418.76596765,10319.314334637293,0.0,1.0,True,0.0,1.0,True,True,True,0.0,0.48254529694927084,0.0,0,0
719,focus_ea7794b77f,BIHMH gen 74 focus / swap_fix,24999794.4,205.60000000149012,3,C4;C5;C7,2361,237608.67352823997,10368.37352823999,227240.3,6358535.511120499,6333245.388440755,1.2783383544268954e-05,25290.122666960146,351.89381812499977,3.6327388791263275e-08,71.86861878311424,71.86861881944164,0.0,237659.06596764998,10418.76596765,10319.314334637293,0.0,1.0,True,0.0,1.0,True,True,True,0.0,0.482545345126691,0.0,0,0
720,focus_ea7794b77f,BIHMH gen 70 focus / swap_fix,24999574.16,425.839999999851,3,C4;C5;C7,2359,237608.67352823997,10368.37352823999,227240.3,6358562.860444894,6333267.2423284035,1.2782656361700072e-05,25295.6181037086,351.89381812499994,3.6325322308331685e-08,71.88423553017084,71.88423556649616,0.0,237659.06596764998,10418.76596765,10319.314334637293,0.0,1.0,True,0.0,1.0,True,True,True,0.0,0.4825453516194818,0.0,0,0
721,focus_ea7794b77f,BIHMH gen 72 focus / swap_fix,24999794.4,205.60000000149012,3,C4;C5;C7,2360,237608.67352823997,10368.37352823999,227240.3,6358707.9211124405,6333417.935268052,1.2778383130359498e-05,25289.985831610233,351.89381812499994,3.6313178783437316e-08,71.86822992902566,71.86822996533884,0.0,237659.06596764998,10418.76596765,10319.314334637293,0.0,1.0,True,0.0,1.0,True,True,True,0.0,0.48254534605840044,0.0,0,0
722,focus_ea7794b77f,BIHMH gen 79 focus / remove_fix,24999574.16,425.839999999851,3,C4;C5;C7,2360,237608.67352823997,10368.37352823999,227240.3,6359007.867841552,6333717.984853711,1.2783783341010597e-05,25289.882975058033,351.89381812499994,3.632852492017786e-08,71.86793763473999,71.86793767106852,0.0,237659.06596764998,10418.76596765,10319.314334637293,0.0,1.0,True,0.0,1.0,True,True,True,0.0,0.4825453542844544,0.0,0,0
723,focus_ea7794b77f,BIHMH gen 72 focus / mip_intensify,24999794.4,205.60000000149012,3,C4;C5;C7,2362,237608.67352823997,10368.37352823999,227240.3,6359030.78556745,6333723.794438222,1.2618115525778065e-05,25306.991116609104,351.893818125,3.585773570280751e-08,71.9165549751702,71.91655501102794,0.0,237659.06596764998,10418.76596765,10319.314334637293,0.0,1.0,True,0.0,1.0,True,True,True,0.0,0.4825453103974523,0.0,0,0
724,focus_1d529f435e,BIHMH gen 85 focus / station_prune_fix,24999771.28,228.7199999988079,2,C4;C5,2517,237866.81896716997,9934.528967170001,227932.28999999998,6359111.915474489,6335872.210009315,6.1539141982682576e-06,23239.705459019635,325.0212163275003,1.893388458699079e-08,71.50211829741806,71.50211831635195,0.0,237918.34746300997,9986.05746301,9890.736220058701,0.0,1.0,True,0.0,1.0,True,True,True,0.0,0.48796061662598383,0.0,0,0
725,focus_ea7794b77f,BIHMH gen 73 focus / crossover_fix,24999794.4,205.60000000149012,3,C4;C5;C7,2360,237608.67352823997,10368.37352823999,227240.3,6359179.67952476,6333889.30615576,1.2719738492514629e-05,25290.373356280157,351.8938181249997,3.614652442685516e-08,71.86933118358024,71.86933121972677,0.0,237659.06596764998,10418.76596765,10319.314334637293,0.0,1.0,True,0.0,1.0,True,True,True,0.0,0.4825453090445409,0.0,0,0
726,focus_ea7794b77f,BIHMH gen 76 focus / mip_intensify,24999794.4,205.60000000149012,3,C4;C5;C7,2368,237608.67352823997,10368.37352823999,227240.3,6359266.386425146,6333956.71024719,1.266517530728169e-05,25309.676165290763,351.8938181249999,3.599146860483568e-08,71.92418525607701,71.92418529206847,0.0,237659.06596764998,10418.76596765,10319.314334637293,0.0,1.0,True,0.0,1.0,True,True,True,0.0,0.4825448585141692,0.0,0,0
727,focus_1392cdb628,BIHMH gen 7 focus / crossover_fix,24999574.16,425.839999999851,3,C4;C5;C7,1930,235533.58653284246,9804.416532842466,225729.16999999998,6359288.499473737,6335298.840640841,2.3710833456502952e-06,23989.658830524077,332.3756783774999,7.133745035812479e-09,72.17633657080502,72.17633657793877,0.0,235583.60739681,9854.437396809999,9760.372524388711,0.0,1.0,True,0.0,1.0,True,True,True,0.0,0.47850060837086766,0.0,0,0
728,focus_1392cdb628,BIHMH gen 5 focus / add_fix,24999794.4,205.60000000149012,3,C4;C5;C7,1926,235533.58653284246,9804.416532842466,225729.16999999998,6359345.075644813,6334609.7331150845,2.4231210256791917e-06,24735.342527304667,332.3756783774997,7.290307875436971e-09,74.41983314799347,74.41983315528378,0.0,235583.60739681,9854.437396809999,9760.372524388711,0.0,1.0,True,0.0,1.0,True,True,True,0.0,0.47850062762024054,0.0,0,0
729,focus_ea7794b77f,BIHMH gen 70 focus / swap_fix,24999353.92,646.0799999982119,3,C4;C5;C7,2360,237608.67352823997,10368.37352823999,227240.3,6359744.462496382,6334454.045372907,1.2783246544803764e-05,25290.417110691513,351.8938181250001,3.6326999470797424e-08,71.86945552339263,71.86945555971963,0.0,237659.06596764998,10418.76596765,10319.314334637293,0.0,1.0,True,0.0,1.0,True,True,True,0.0,0.48254534747307903,0.0,0,0
730,focus_ea7794b77f,BIHMH gen 75 focus / mip_intensify,24999794.4,205.60000000149012,3,C4;C5;C7,2362,237608.67352823997,10368.37352823999,227240.3,6359990.014754322,6334679.615878795,1.267469330164686e-05,25310.398862852384,351.89381812500005,3.6018516520641306e-08,71.92623899366598,71.9262390296845,0.0,237659.06596764998,10418.76596765,10319.314334637293,0.0,1.0,True,0.0,1.0,True,True,True,0.0,0.48254533923006643,0.0,0,0
731,focus_1392cdb628,BIHMH gen 1 focus / station_prune_fix,24999991.52,8.480000000447035,2,C4;C5,1818,235530.74102641494,9801.571026414964,225729.16999999998,6360223.061291987,6336690.930340497,1.094913878587524e-05,23532.130940540304,329.5301719500001,3.322651373949625e-08,71.41115728884108,71.4111573220676,0.0,235583.60739681,9854.437396809999,9760.372524388711,0.0,1.0,True,0.0,1.0,True,True,True,0.0,0.4954519389675681,0.0,0,0
732,focus_1d529f435e,BIHMH gen 80 focus / station_prune_fix,24999884.48,115.51999999955297,2,C4;C7,2515,237869.42733688498,9937.137336885,227932.28999999998,6360438.74974294,6333491.310102418,0.009017126428599344,26947.4306233954,311.3107337014998,2.8965035420993265e-05,86.5611998114846,86.56122877652003,0.0,237918.34746300997,9986.05746301,9890.736220058701,0.0,1.0,True,0.0,1.0,True,True,True,0.0,0.6008802040870265,0.0,0,0
733,focus_ea7794b77f,BIHMH gen 77 focus / mip_intensify,24999794.4,205.60000000149012,3,C4;C5;C7,2367,237608.67352823997,10368.37352823999,227240.3,6360514.266892307,6335208.288532481,1.26715183055044e-05,25305.978347155626,351.89381812499977,3.6009493923542644e-08,71.91367692104905,71.91367695705854,0.0,237659.06596764998,10418.76596765,10319.314334637293,0.0,1.0,True,0.0,1.0,True,True,True,0.0,0.48254531133778034,0.0,0,0
734,focus_ea7794b77f,BIHMH gen 72 focus / mip_intensify,24999702.0,298.0,4,C1;C4;C5;C7,2379,237608.67352823997,10368.37352823999,227240.3,6360523.309577934,6333907.361920307,0.00012243632644329743,26615.947535190357,351.893818125,3.479354286349114e-07,75.63630323774491,75.63630358568034,0.0,237659.06596764998,10418.76596765,10319.314334637293,0.0,1.0,True,0.0,1.0,True,True,True,0.0,0.41774143172061445,0.0,0,0
735,focus_1d529f435e,BIHMH gen 81 focus / station_prune_fix,24999991.52,8.480000000447035,2,C4;C5,2517,237866.81896716997,9934.528967170001,227932.28999999998,6361727.397727246,6338513.036890849,6.0038684988075994e-06,23214.360830393638,325.02121632750004,1.847223564863514e-08,71.42413991523011,71.42413993370235,0.0,237918.34746300997,9986.05746301,9890.736220058701,0.0,1.0,True,0.0,1.0,True,True,True,0.0,0.4879606685036995,0.0,0,0
736,focus_1392cdb628,BIHMH gen 8 focus / station_capacity_fix,24999732.8,267.19999999925494,4,C2;C4;C5;C7,1931,235533.58653284246,9804.416532842466,225729.16999999998,6362147.330341804,6333951.464424261,2285.114284891494,25910.751632651176,332.3756783775,6.875094760381793,77.95622038030925,84.83131514069105,0.0,235583.60739681,9854.437396809999,9760.372524388711,0.0,1.0,True,0.0,1.0,True,True,True,0.0,0.9453070465641475,0.0,0,0
737,focus_1392cdb628,BIHMH gen 2 focus / station_prune_fix,24999991.52,8.480000000447035,2,C4;C5,1685,235530.74102641494,9801.571026414964,225729.16999999998,6363061.02332585,6339528.2728448715,1.0974220706531408e-05,23532.75047000464,329.5301719500001,3.330262792505851e-08,71.41303732750544,71.41303736080806,0.0,235583.60739681,9854.437396809999,9760.372524388711,0.0,1.0,True,0.0,1.0,True,True,True,0.0,0.49545146601962914,0.0,0,0
738,focus_ea7794b77f,BIHMH gen 74 focus / crossover_fix,24999794.4,205.60000000149012,3,C4;C5;C7,2400,237608.67352823997,10368.37352823999,227240.3,6363607.92508754,6337673.267553516,1.1641639060877373e-05,25934.65752238305,351.8938181250003,3.308281777414462e-08,73.7002362262883,73.70023625937111,0.0,237659.06596764998,10418.76596765,10319.314334637293,0.0,1.0,True,0.0,1.0,True,True,True,0.0,0.4825452999023642,0.0,0,0
739,focus_1392cdb628,BIHMH gen 1 focus / station_prune_fix,24999771.28,228.7199999988079,2,C4;C5,1677,235530.74102641494,9801.571026414964,225729.16999999998,6363614.236543585,6340080.504837626,1.094099464023442e-05,23533.73169501742,329.5301719500002,3.320179932384007e-08,71.4160149759768,71.4160150091786,0.0,235583.60739681,9854.437396809999,9760.372524388711,0.0,1.0,True,0.0,1.0,True,True,True,0.0,0.4954517414730427,0.0,0,0
740,focus_ea7794b77f,BIHMH gen 71 focus / mip_intensify,24999794.4,205.60000000149012,3,C4;C5;C7,2363,237608.67352823997,10368.37352823999,227240.3,6364471.72927875,6339165.738025002,1.2557612772649808e-05,25305.99124118956,351.89381812499994,3.5685801016797304e-08,71.91371356288035,71.91371359856615,0.0,237659.06596764998,10418.76596765,10319.314334637293,0.0,1.0,True,0.0,1.0,True,True,True,0.0,0.48254537899972316,0.0,0,0
741,focus_1392cdb628,BIHMH gen 7 focus / crossover_fix,24999574.16,425.839999999851,3,C4;C5;C7,1835,235533.58653284246,9804.416532842466,225729.16999999998,6364559.281847537,6340558.695152211,2.4950194630670632e-06,24000.58669283081,332.37567837750015,7.506624658117467e-09,72.20921461519161,72.20921462269824,0.0,235583.60739681,9854.437396809999,9760.372524388711,0.0,1.0,True,0.0,1.0,True,True,True,0.0,0.478501803748942,0.0,0,0
742,focus_ea7794b77f,BIHMH gen 71 focus / mip_intensify,24999794.4,205.60000000149012,3,C4;C5;C7,2374,237608.67352823997,10368.37352823999,227240.3,6366190.670652487,6340881.408849302,1.2575180559392091e-05,25309.261790610457,351.8938181250001,3.57357245614503e-08,71.92300770006727,71.923007735803,0.0,237659.06596764998,10418.76596765,10319.314334637293,0.0,1.0,True,0.0,1.0,True,True,True,0.0,0.48254505195842645,0.0,0,0
743,focus_1392cdb628,BIHMH gen 5 focus / add_fix,24999574.16,425.839999999851,3,C4;C5;C7,1746,235533.58653284246,9804.416532842466,225729.16999999998,6366361.278729875,6341631.505476114,2.4247222543973625e-06,24729.77325133467,332.37567837750004,7.295125402176547e-09,74.40307718077827,74.4030771880734,0.0,235583.60739681,9854.437396809999,9760.372524388711,0.0,1.0,True,0.0,1.0,True,True,True,0.0,0.4785019409579645,0.0,0,0
744,focus_1d529f435e,BIHMH gen 80 focus / mip_intensify,24999444.0,556.0,2,C4;C7,2521,237869.42733688498,9937.137336885,227932.28999999998,6366376.709990528,6339428.1738037225,0.009020460278172368,26948.527166345975,311.31073370149994,2.897574449463612e-05,86.56472215373579,86.56475112948029,0.0,237918.34746300997,9986.05746301,9890.736220058701,0.0,1.0,True,0.0,1.0,True,True,True,0.0,0.6008870898331065,0.0,0,0
745,focus_1392cdb628,BIHMH gen 4 focus / add_fix,24999353.92,646.0799999982119,3,C4;C5;C7,1729,235533.58653284246,9804.416532842466,225729.16999999998,6368532.763069286,6344540.831085884,2.4819323913783495e-06,23991.931980920293,332.3756783774998,7.467250321966892e-09,72.1831756704868,72.18317567795405,0.0,235583.60739681,9854.437396809999,9760.372524388711,0.0,1.0,True,0.0,1.0,True,True,True,0.0,0.4785020213862747,0.0,0,0
746,focus_1d529f435e,BIHMH gen 83 focus / mip_intensify,24999574.16,425.839999999851,3,C4;C5;C7,2366,237869.42733688498,9937.137336885,227932.28999999998,6369148.706880823,6345501.19950604,1.3558340133436602e-06,23647.50737342747,327.62958604250025,4.1383137271607115e-09,72.17756997794426,72.17756998208257,0.0,237918.34746300997,9986.05746301,9890.736220058701,0.0,1.0,True,0.0,1.0,True,True,True,0.0,0.4713780102232824,0.0,0,0
747,focus_1d529f435e,BIHMH gen 83 focus / add_fix,24999794.4,205.60000000149012,3,C4;C5;C7,2404,237869.42733688498,9937.137336885,227932.28999999998,6369383.192934522,6345007.161264248,1.3089243042389547e-06,24376.03166896597,327.6295860425003,3.9951346276436716e-09,74.40119179530964,74.40119179930478,0.0,237918.34746300997,9986.05746301,9890.736220058701,0.0,1.0,True,0.0,1.0,True,True,True,0.0,0.4713779921836093,0.0,0,0
748,focus_ea7794b77f,BIHMH gen 73 focus / station_capacity_fix,24999953.04,46.96000000089407,4,C2;C4;C5;C7,2356,237608.67352823997,10368.37352823999,227240.3,6369652.3397272965,6335249.076276071,7159.519682277827,27243.74376894721,351.89381812500005,20.34568188900271,77.42035342965207,97.76603531865477,0.0,237659.06596764998,10418.76596765,10319.314334637293,0.0,1.0,True,0.0,1.0,True,True,True,0.0,0.9781571169952858,0.0,0,0
749,focus_1392cdb628,BIHMH gen 2 focus / remove_fix,24999794.4,205.60000000149012,3,C4;C5;C7,1725,235533.58653284246,9804.416532842466,225729.16999999998,6370238.989474998,6346250.131289617,2.48285692760989e-06,23988.858182897493,332.3756783775002,7.470031922100966e-09,72.17392770734511,72.17392771481515,0.0,235583.60739681,9854.437396809999,9760.372524388711,0.0,1.0,True,0.0,1.0,True,True,True,0.0,0.47850214897406074,0.0,0,0
750,focus_1392cdb628,BIHMH gen 5 focus / crossover_fix,24999794.4,205.60000000149012,3,C4;C5;C7,1729,235533.58653284246,9804.416532842466,225729.16999999998,6370390.283458437,6346398.965159923,2.4813879211263064e-06,23991.318296033096,332.3756783774999,7.465612204958145e-09,72.18132931130012,72.18132931876573,0.0,235583.60739681,9854.437396809999,9760.372524388711,0.0,1.0,True,0.0,1.0,True,True,True,0.0,0.4785018106081769,0.0,0,0
751,focus_1392cdb628,BIHMH gen 4 focus / add_fix,24999794.4,205.60000000149012,3,C4;C5;C7,1724,235533.58653284246,9804.416532842466,225729.16999999998,6370804.8279655725,6346814.22093926,2.485209329064984e-06,23990.607023828034,332.3756783775,7.477109459983938e-09,72.17918934664164,72.17918935411875,0.0,235583.60739681,9854.437396809999,9760.372524388711,0.0,1.0,True,0.0,1.0,True,True,True,0.0,0.47850211774596263,0.0,0,0
752,focus_1392cdb628,BIHMH gen 4 focus / add_fix,24999794.4,205.60000000149012,3,C4;C5;C7,1745,235533.58653284246,9804.416532842466,225729.16999999998,6370831.766751444,6346845.409333602,2.480039619883799e-06,23986.357415362145,332.3756783775,7.461555646881785e-09,72.16640378878544,72.166403796247,0.0,235583.60739681,9854.437396809999,9760.372524388711,0.0,1.0,True,0.0,1.0,True,True,True,0.0,0.47850234469851266,0.0,0,0
753,focus_1d529f435e,BIHMH gen 87 focus / crossover_fix,24999574.16,425.839999999851,3,C4;C5;C7,2355,237869.42733688498,9937.137336885,227932.28999999998,6371070.771082908,6347423.0685736295,1.352308805025331e-06,23647.70250792627,327.6295860425004,4.127553989736166e-09,72.1781655728084,72.17816557693595,0.0,237918.34746300997,9986.05746301,9890.736220058701,0.0,1.0,True,0.0,1.0,True,True,True,0.0,0.47137800727077467,0.0,0,0
754,focus_1392cdb628,BIHMH gen 4 focus / add_fix,24999794.4,205.60000000149012,3,C4;C5;C7,1717,235533.58653284246,9804.416532842466,225729.16999999998,6371312.850268267,6347322.708867303,2.4818769734405165e-06,23990.14139848205,332.3756783774999,7.467083589135825e-09,72.17778844586499,72.17778845333207,0.0,235583.60739681,9854.437396809999,9760.372524388711,0.0,1.0,True,0.0,1.0,True,True,True,0.0,0.47850191017886134,0.0,0,0
755,focus_1d529f435e,BIHMH gen 81 focus / mip_intensify,24999794.4,205.60000000149012,3,C4;C5;C7,2398,237869.42733688498,9937.137336885,227932.28999999998,6371427.416031422,6347055.132392017,1.303612324082184e-06,24372.283638100682,327.62958604250036,3.9789212562539405e-09,74.38975195280163,74.38975195678056,0.0,237918.34746300997,9986.05746301,9890.736220058701,0.0,1.0,True,0.0,1.0,True,True,True,0.0,0.47137763551706274,0.0,0,0
756,focus_1392cdb628,BIHMH gen 2 focus / crossover_fix,24999353.92,646.0799999982119,3,C4;C5;C7,1713,235533.58653284246,9804.416532842466,225729.16999999998,6371487.437183478,6347496.774407297,2.4820712857935575e-06,23990.662773698972,332.3756783774999,7.467668205778022e-09,72.17935707814117,72.17935708560883,0.0,235583.60739681,9854.437396809999,9760.372524388711,0.0,1.0,True,0.0,1.0,True,True,True,0.0,0.4785018934075486,0.0,0,0
757,focus_1392cdb628,BIHMH gen 6 focus / remove_fix,24999794.4,205.60000000149012,3,C4;C5;C7,1738,235533.58653284246,9804.416532842466,225729.16999999998,6371549.28298966,6347558.683942003,2.4838210217894887e-06,23990.599045173585,332.3756783775001,7.472932538007356e-09,72.17916534171295,72.17916534918588,0.0,235583.60739681,9854.437396809999,9760.372524388711,0.0,1.0,True,0.0,1.0,True,True,True,0.0,0.47850165386553584,0.0,0,0
758,focus_1392cdb628,BIHMH gen 2 focus / add_fix,24999794.4,205.60000000149012,3,C4;C5;C7,1713,235533.58653284246,9804.416532842466,225729.16999999998,6371560.594016176,6347570.449173258,2.4819357441338125e-06,23990.144840435976,332.37567837750004,7.467260409213581e-09,72.17779880147805,72.17779880894531,0.0,235583.60739681,9854.437396809999,9760.372524388711,0.0,1.0,True,0.0,1.0,True,True,True,0.0,0.47850189686450406,0.0,0,0
759,focus_1d529f435e,BIHMH gen 86 focus / crossover_fix,24999353.92,646.0799999982119,3,C4;C5;C7,2355,237869.42733688498,9937.137336885,227932.28999999998,6371698.266856445,6348050.632936074,1.352295114676158e-06,23647.63391901788,327.62958604250014,4.12751220367729e-09,72.17795622386285,72.17795622799036,0.0,237918.34746300997,9986.05746301,9890.736220058701,0.0,1.0,True,0.0,1.0,True,True,True,0.0,0.4713780085382299,0.0,0,0
760,focus_1392cdb628,BIHMH gen 3 focus / add_fix,24999794.4,205.60000000149012,3,C4;C5;C7,1717,235533.58653284246,9804.416532842466,225729.16999999998,6371722.592097097,6347731.293992285,2.482125717621982e-06,23991.29810233002,332.37567837750004,7.467831971757197e-09,72.18126855564199,72.18126856310982,0.0,235583.60739681,9854.437396809999,9760.372524388711,0.0,1.0,True,0.0,1.0,True,True,True,0.0,0.47850215363149773,0.0,0,0
761,focus_1392cdb628,BIHMH gen 5 focus / swap_fix,24999794.4,205.60000000149012,3,C4;C5;C7,1736,235533.58653284246,9804.416532842466,225729.16999999998,6371765.5541766,6347774.566824252,2.482519282309894e-06,23990.987349864892,332.37567837750004,7.46901606768694e-09,72.18033361218691,72.18033361965593,0.0,235583.60739681,9854.437396809999,9760.372524388711,0.0,1.0,True,0.0,1.0,True,True,True,0.0,0.4785018230656406,0.0,0,0
762,focus_1d529f435e,BIHMH gen 83 focus / crossover_fix,24999794.4,205.60000000149012,3,C4;C5;C7,2355,237869.42733688498,9937.137336885,227932.28999999998,6371777.82994528,6348130.203647181,1.3523389128667547e-06,23647.626296746414,327.62958604250025,4.127645885714756e-09,72.17793295895699,72.17793296308463,0.0,237918.34746300997,9986.05746301,9890.736220058701,0.0,1.0,True,0.0,1.0,True,True,True,0.0,0.47137801223784315,0.0,0,0
763,focus_1d529f435e,BIHMH gen 82 focus / crossover_fix,24999794.4,205.60000000149012,3,C4;C5;C7,2355,237869.42733688498,9937.137336885,227932.28999999998,6371781.606671774,6348133.95292354,1.3523386322499485e-06,23647.653746881228,327.6295860425003,4.12764502920845e-09,72.17801674301063,72.17801674713827,0.0,237918.34746300997,9986.05746301,9890.736220058701,0.0,1.0,True,0.0,1.0,True,True,True,0.0,0.47137800854302225,0.0,0,0
764,focus_1d529f435e,BIHMH gen 84 focus / crossover_fix,24999353.92,646.0799999982119,3,C4;C5;C7,2354,237869.42733688498,9937.137336885,227932.28999999998,6371795.808102817,6348148.066634156,1.35201402376062e-06,23647.74146730904,327.6295860425003,4.126654250282622e-09,72.17828448570404,72.17828448983069,0.0,237918.34746300997,9986.05746301,9890.736220058701,0.0,1.0,True,0.0,1.0,True,True,True,0.0,0.47137800856706874,0.0,0,0
765,focus_1d529f435e,BIHMH gen 82 focus / crossover_fix,24999794.4,205.60000000149012,3,C4;C5;C7,2355,237869.42733688498,9937.137336885,227932.28999999998,6371800.92943971,6348153.281176237,1.3523399813012678e-06,23647.648262121147,327.62958604250025,4.127649146819853e-09,72.17800000227562,72.17800000640327,0.0,237918.34746300997,9986.05746301,9890.736220058701,0.0,1.0,True,0.0,1.0,True,True,True,0.0,0.4713780112833341,0.0,0,0
766,focus_1392cdb628,BIHMH gen 3 focus / add_fix,24999574.16,425.839999999851,3,C4;C5;C7,1734,235533.58653284246,9804.416532842466,225729.16999999998,6371828.797095479,6347101.3888692595,2.4245563706372622e-06,24727.408223795257,332.37567837750004,7.294626317042189e-09,74.39596165550591,74.39596166280054,0.0,235583.60739681,9854.437396809999,9760.372524388711,0.0,1.0,True,0.0,1.0,True,True,True,0.0,0.47850203180117035,0.0,0,0
767,focus_1d529f435e,BIHMH gen 87 focus / crossover_fix,24999794.4,205.60000000149012,3,C4;C5;C7,2355,237869.42733688498,9937.137336885,227932.28999999998,6371864.132809437,6348216.388347305,1.352338912440282e-06,23647.744460778842,327.6295860425002,4.127645884413065e-09,72.17829362245463,72.17829362658227,0.0,237918.34746300997,9986.05746301,9890.736220058701,0.0,1.0,True,0.0,1.0,True,True,True,0.0,0.4713780121793887,0.0,0,0
768,focus_1d529f435e,BIHMH gen 88 focus / crossover_fix,24999794.4,205.60000000149012,3,C4;C5;C7,2354,237869.42733688498,9937.137336885,227932.28999999998,6371882.5601400295,6348234.79881544,1.3520575076322818e-06,23647.76132323684,327.6295860425001,4.126786972947226e-09,72.178345090511,72.17834509463779,0.0,237918.34746300997,9986.05746301,9890.736220058701,0.0,1.0,True,0.0,1.0,True,True,True,0.0,0.47137800857186096,0.0,0,0
769,focus_1d529f435e,BIHMH gen 80 focus / crossover_fix,24999794.4,205.60000000149012,3,C4;C5;C7,2354,237869.42733688498,9937.137336885,227932.28999999998,6371890.1413793,6348242.281578504,1.3520567030843163e-06,23647.85979944332,327.6295860425001,4.1267845172838805e-09,72.1786456622868,72.17864566641359,0.0,237918.34746300997,9986.05746301,9890.736220058701,0.0,1.0,True,0.0,1.0,True,True,True,0.0,0.4713780131042824,0.0,0,0
770,focus_1392cdb628,BIHMH gen 5 focus / crossover_fix,24999794.4,205.60000000149012,3,C4;C5;C7,1715,235533.58653284246,9804.416532842466,225729.16999999998,6371960.614636682,6347970.359944589,2.4815660992647385e-06,23990.254689610516,332.3756783775001,7.466148279496753e-09,72.17812929850801,72.17812930597415,0.0,235583.60739681,9854.437396809999,9760.372524388711,0.0,1.0,True,0.0,1.0,True,True,True,0.0,0.4785019142969508,0.0,0,0
771,focus_1392cdb628,BIHMH gen 6 focus / swap_fix,24999794.4,205.60000000149012,3,C4;C5;C7,1736,235533.58653284246,9804.416532842466,225729.16999999998,6372043.634109859,6348052.916094743,2.483041567906674e-06,23990.71801263369,332.3756783775002,7.470587438971771e-09,72.17952327241558,72.17952327988617,0.0,235583.60739681,9854.437396809999,9760.372524388711,0.0,1.0,True,0.0,1.0,True,True,True,0.0,0.4785018118481006,0.0,0,0
772,focus_1d529f435e,BIHMH gen 88 focus / add_fix,24999794.4,205.60000000149012,3,C4;C5;C7,2358,237869.42733688498,9937.137336885,227932.28999999998,6372052.01235302,6347660.458165911,1.3249936510025965e-06,24391.554185783843,327.62958604250025,4.044181928156872e-09,74.44857004647852,74.4485700505227,0.0,237918.34746300997,9986.05746301,9890.736220058701,0.0,1.0,True,0.0,1.0,True,True,True,0.0,0.47137801722836536,0.0,0,0
773,focus_1d529f435e,BIHMH gen 84 focus / crossover_fix,24999574.16,425.839999999851,3,C4;C5;C7,2355,237869.42733688498,9937.137336885,227932.28999999998,6372103.37447176,6347710.419556514,1.32471185542153e-06,24392.954913921443,327.62958604249997,4.043321823962776e-09,74.45284538728197,74.45284539132528,0.0,237918.34746300997,9986.05746301,9890.736220058701,0.0,1.0,True,0.0,1.0,True,True,True,0.0,0.4713780180948018,0.0,0,0
774,focus_1d529f435e,BIHMH gen 84 focus / swap_fix,24999794.4,205.60000000149012,3,C4;C5;C7,2361,237869.42733688498,9937.137336885,227932.28999999998,6372131.860154005,6347744.126785445,1.3285659737354599e-06,24387.73336723083,327.6295860425,4.055085469488457e-09,74.43690803939562,74.4369080434507,0.0,237918.34746300997,9986.05746301,9890.736220058701,0.0,1.0,True,0.0,1.0,True,True,True,0.0,0.4713780168678537,0.0,0,0
775,focus_1d529f435e,BIHMH gen 83 focus / add_fix,24999574.16,425.839999999851,3,C4;C5;C7,2357,237869.42733688498,9937.137336885,227932.28999999998,6372179.2126022475,6347787.661698924,1.324945753831126e-06,24391.550901998136,327.6295860425,4.0440357350976674e-09,74.44856002361786,74.4485600276619,0.0,237918.34746300997,9986.05746301,9890.736220058701,0.0,1.0,True,0.0,1.0,True,True,True,0.0,0.4713780172233191,0.0,0,0
776,focus_1392cdb628,BIHMH gen 3 focus / swap_fix,24999794.4,205.60000000149012,3,C4;C5;C7,1719,235533.58653284246,9804.416532842466,225729.16999999998,6372529.390173794,6348540.204062054,2.4793456147391872e-06,23989.186109261085,332.37567837749987,7.45946763265644e-09,72.17491432094218,72.17491432840164,0.0,235583.60739681,9854.437396809999,9760.372524388711,0.0,1.0,True,0.0,1.0,True,True,True,0.0,0.47850188820273665,0.0,0,0
777,focus_1392cdb628,BIHMH gen 2 focus / add_fix,24999794.4,205.60000000149012,3,C4;C5;C7,1712,235533.58653284246,9804.416532842466,225729.16999999998,6372563.74922429,6348572.993102041,2.4820747507756747e-06,23990.756119767277,332.3756783775001,7.46767863067473e-09,72.17963792320404,72.17963793067172,0.0,235583.60739681,9854.437396809999,9760.372524388711,0.0,1.0,True,0.0,1.0,True,True,True,0.0,0.4785018932953008,0.0,0,0
778,focus_1d529f435e,BIHMH gen 81 focus / swap_fix,24999794.4,205.60000000149012,3,C4;C5;C7,2360,237869.42733688498,9937.137336885,227932.28999999998,6372661.492369414,6348273.644078014,1.3280516932126712e-06,24387.8482900717,327.62958604249997,4.05351576838484e-09,74.43725881003958,74.4372588140931,0.0,237918.34746300997,9986.05746301,9890.736220058701,0.0,1.0,True,0.0,1.0,True,True,True,0.0,0.47137802027806525,0.0,0,0
779,focus_1d529f435e,BIHMH gen 84 focus / swap_fix,24999353.92,646.0799999982119,3,C4;C5;C7,2360,237869.42733688498,9937.137336885,227932.28999999998,6372662.517364754,6348273.258364215,1.3280521940266534e-06,24389.25899921175,327.6295860425,4.053517296982999e-09,74.44156461513211,74.44156461918563,0.0,237918.34746300997,9986.05746301,9890.736220058701,0.0,1.0,True,0.0,1.0,True,True,True,0.0,0.4713780202001569,0.0,0,0
780,focus_1d529f435e,BIHMH gen 82 focus / crossover_fix,24999353.92,646.0799999982119,3,C4;C5;C7,2360,237869.42733688498,9937.137336885,227932.28999999998,6372666.956701441,6348277.67420189,1.3280521888039256e-06,24389.282498223027,327.6295860425001,4.053517281042045e-09,74.44163633945821,74.44163634351173,0.0,237918.34746300997,9986.05746301,9890.736220058701,0.0,1.0,True,0.0,1.0,True,True,True,0.0,0.47137802014195385,0.0,0,0
781,focus_1d529f435e,BIHMH gen 83 focus / swap_fix,24999353.92,646.0799999982119,3,C4;C5;C7,2360,237869.42733688498,9937.137336885,227932.28999999998,6372671.086833897,6348281.7171088215,1.3281003641346728e-06,24389.369723747313,327.6295860425002,4.053664323106617e-09,74.44190257159352,74.44190257564718,0.0,237918.34746300997,9986.05746301,9890.736220058701,0.0,1.0,True,0.0,1.0,True,True,True,0.0,0.47137802005473894,0.0,0,0
782,focus_1d529f435e,BIHMH gen 80 focus / swap_fix,24999794.4,205.60000000149012,3,C4;C5;C7,2361,237869.42733688498,9937.137336885,227932.28999999998,6372675.111276484,6348285.503882703,1.3280375379255804e-06,24389.60739245303,327.62958604249985,4.053472563229709e-09,74.44262799052962,74.44262799458309,0.0,237918.34746300997,9986.05746301,9890.736220058701,0.0,1.0,True,0.0,1.0,True,True,True,0.0,0.4713780201643237,0.0,0,0
783,focus_1d529f435e,BIHMH gen 81 focus / swap_fix,24999574.16,425.839999999851,3,C4;C5;C7,2360,237869.42733688498,9937.137336885,227932.28999999998,6372675.775021118,6348287.798946949,1.3280518219366703e-06,24387.976072841495,327.62958604250025,4.053516161279753e-09,74.4376488321109,74.43764883616441,0.0,237918.34746300997,9986.05746301,9890.736220058701,0.0,1.0,True,0.0,1.0,True,True,True,0.0,0.4713780165637852,0.0,0,0
784,focus_1d529f435e,BIHMH gen 80 focus / swap_fix,24999794.4,205.60000000149012,3,C4;C5;C7,2361,237869.42733688498,9937.137336885,227932.28999999998,6372700.999534965,6348313.04222565,1.328051734480317e-06,24387.957307987075,327.62958604250014,4.053515894343077e-09,74.43759155750809,74.4375915615616,0.0,237918.34746300997,9986.05746301,9890.736220058701,0.0,1.0,True,0.0,1.0,True,True,True,0.0,0.47137801656378525,0.0,0,0
785,focus_1d529f435e,BIHMH gen 88 focus / swap_fix,24999574.16,425.839999999851,3,C4;C5;C7,2361,237869.42733688498,9937.137336885,227932.28999999998,6372701.360196727,6348313.40272232,1.3280517344908046e-06,24387.957473079452,327.6295860425002,4.0535158943750864e-09,74.43759206140754,74.43759206546106,0.0,237918.34746300997,9986.05746301,9890.736220058701,0.0,1.0,True,0.0,1.0,True,True,True,0.0,0.47137801656378564,0.0,0,0
786,focus_1d529f435e,BIHMH gen 81 focus / crossover_fix,24999353.92,646.0799999982119,3,C4;C5;C7,2360,237869.42733688498,9937.137336885,227932.28999999998,6372707.78947209,6348319.83495732,1.3280520332338738e-06,24387.954513441444,327.62958604249997,4.0535168062068714e-09,74.43758302791937,74.43758303197289,0.0,237918.34746300997,9986.05746301,9890.736220058701,0.0,1.0,True,0.0,1.0,True,True,True,0.0,0.4713780202001515,0.0,0,0
787,focus_1d529f435e,BIHMH gen 80 focus / remove_fix,24999794.4,205.60000000149012,3,C4;C5;C7,2361,237869.42733688498,9937.137336885,227932.28999999998,6372710.162961088,6348321.856594358,1.3280373826204073e-06,24388.306365402637,327.62958604250014,4.053472089203001e-09,74.43865696011649,74.43865696416997,0.0,237918.34746300997,9986.05746301,9890.736220058701,0.0,1.0,True,0.0,1.0,True,True,True,0.0,0.4713780202288051,0.0,0,0
788,focus_1392cdb628,BIHMH gen 4 focus / crossover_fix,24999794.4,205.60000000149012,3,C4;C5;C7,1707,235533.58653284246,9804.416532842466,225729.16999999998,6372736.480828561,6348746.154506421,2.4815120560656124e-06,23990.326319658114,332.37567837750004,7.465985682764677e-09,72.17834480780145,72.17834481526744,0.0,235583.60739681,9854.437396809999,9760.372524388711,0.0,1.0,True,0.0,1.0,True,True,True,0.0,0.4785015868581999,0.0,0,0
789,focus_1d529f435e,BIHMH gen 83 focus / add_fix,24999794.4,205.60000000149012,3,C4;C5;C7,2360,237869.42733688498,9937.137336885,227932.28999999998,6372746.01429493,6348356.413955104,1.3284050966662904e-06,24389.600338498367,327.62958604249985,4.054594436089697e-09,74.4426064602559,74.4426064643105,0.0,237918.34746300997,9986.05746301,9890.736220058701,0.0,1.0,True,0.0,1.0,True,True,True,0.0,0.47137802091168424,0.0,0,0
790,focus_1d529f435e,BIHMH gen 82 focus / remove_fix,24999794.4,205.60000000149012,3,C4;C5;C7,2360,237869.42733688498,9937.137336885,227932.28999999998,6372749.604246821,6348360.344792191,1.3281004154248298e-06,24389.259453302097,327.6295860425,4.053664479655842e-09,74.4415660011191,74.44156600517276,0.0,237918.34746300997,9986.05746301,9890.736220058701,0.0,1.0,True,0.0,1.0,True,True,True,0.0,0.47137802020520125,0.0,0,0
791,focus_1d529f435e,BIHMH gen 85 focus / remove_fix,24999794.4,205.60000000149012,3,C4;C5;C7,2360,237869.42733688498,9937.137336885,227932.28999999998,6372764.101221323,6348376.229784448,1.3280998526289166e-06,24387.87143554708,327.62958604250025,4.053662761874731e-09,74.43732945529368,74.43732945934734,0.0,237918.34746300997,9986.05746301,9890.736220058701,0.0,1.0,True,0.0,1.0,True,True,True,0.0,0.471378019313988,0.0,0,0
792,focus_1d529f435e,BIHMH gen 87 focus / swap_fix,24999574.16,425.839999999851,3,C4;C5;C7,2361,237869.42733688498,9937.137336885,227932.28999999998,6372764.585959974,6348376.613808002,1.3280088230132922e-06,24387.972150643305,327.6295860425,4.053384918787595e-09,74.43763686067015,74.43763686472354,0.0,237918.34746300997,9986.05746301,9890.736220058701,0.0,1.0,True,0.0,1.0,True,True,True,0.0,0.47137801923330575,0.0,0,0
793,focus_1d529f435e,BIHMH gen 85 focus / crossover_fix,24999794.4,205.60000000149012,3,C4;C5;C7,2359,237869.42733688498,9937.137336885,227932.28999999998,6372771.502728351,6348383.818767555,1.3283937005307562e-06,24387.68395946795,327.6295860425,4.054559652492548e-09,74.43675723566793,74.43675723972248,0.0,237918.34746300997,9986.05746301,9890.736220058701,0.0,1.0,True,0.0,1.0,True,True,True,0.0,0.47137802010822305,0.0,0,0
794,focus_1d529f435e,BIHMH gen 87 focus / remove_fix,24999574.16,425.839999999851,3,C4;C5;C7,2360,237869.42733688498,9937.137336885,227932.28999999998,6372777.202100145,6348389.337177182,1.3280997750288874e-06,24387.86492163465,327.6295860425,4.053662525021799e-09,74.43730957335173,74.43730957740539,0.0,237918.34746300997,9986.05746301,9890.736220058701,0.0,1.0,True,0.0,1.0,True,True,True,0.0,0.4713780193286004,0.0,0,0
795,focus_1d529f435e,BIHMH gen 88 focus / swap_fix,24999794.4,205.60000000149012,3,C4;C5;C7,2361,237869.42733688498,9937.137336885,227932.28999999998,6372778.8181471005,6348390.862615187,1.3280892205709276e-06,24387.95553058535,327.6295860424999,4.0536303104160095e-09,74.43758613247388,74.43758613652751,0.0,237918.34746300997,9986.05746301,9890.736220058701,0.0,1.0,True,0.0,1.0,True,True,True,0.0,0.4713780202052374,0.0,0,0
796,focus_1d529f435e,BIHMH gen 89 focus / swap_fix,24999794.4,205.60000000149012,3,C4;C5;C7,2361,237869.42733688498,9937.137336885,227932.28999999998,6372784.873306057,6348396.918626056,1.328100254586103e-06,24387.95467867306,327.6295860425001,4.053663988739473e-09,74.4375835322438,74.43758353629747,0.0,237918.34746300997,9986.05746301,9890.736220058701,0.0,1.0,True,0.0,1.0,True,True,True,0.0,0.4713780202051961,0.0,0,0
797,focus_1d529f435e,BIHMH gen 88 focus / add_fix,24999574.16,425.839999999851,3,C4;C5;C7,2359,237869.42733688498,9937.137336885,227932.28999999998,6372790.907446052,6348403.134258758,1.328356964305348e-06,24387.77318596602,327.6295860425001,4.054447525178735e-09,74.43702957523024,74.43702957928468,0.0,237918.34746300997,9986.05746301,9890.736220058701,0.0,1.0,True,0.0,1.0,True,True,True,0.0,0.4713780209797016,0.0,0,0
798,focus_1d529f435e,BIHMH gen 85 focus / swap_fix,24999574.16,425.839999999851,3,C4;C5;C7,2360,237869.42733688498,9937.137336885,227932.28999999998,6372799.681469813,6348411.374640921,1.3280855948707726e-06,24388.306827563705,327.62958604249997,4.053619243954647e-09,74.4386583707372,74.43865837479082,0.0,237918.34746300997,9986.05746301,9890.736220058701,0.0,1.0,True,0.0,1.0,True,True,True,0.0,0.4713780202338198,0.0,0,0
799,focus_1d529f435e,BIHMH gen 84 focus / mip_intensify,24999353.92,646.0799999982119,3,C4;C5;C7,2362,237869.42733688498,9937.137336885,227932.28999999998,6372803.61331893,6349156.718688149,1.3554292586238074e-06,23646.894629426468,327.6295860425001,4.137078323713968e-09,72.17569974391444,72.17569974805151,0.0,237918.34746300997,9986.05746301,9890.736220058701,0.0,1.0,True,0.0,1.0,True,True,True,0.0,0.47137804072066797,0.0,0,0
800,focus_1d529f435e,BIHMH gen 89 focus / swap_fix,24999794.4,205.60000000149012,3,C4;C5;C7,2362,237869.42733688498,9937.137336885,227932.28999999998,6372809.495734865,6348419.274439756,1.328086166565208e-06,24390.22129378117,327.6295860425002,4.053620988896065e-09,74.44450175698499,74.44450176103861,0.0,237918.34746300997,9986.05746301,9890.736220058701,0.0,1.0,True,0.0,1.0,True,True,True,0.0,0.4713780200764228,0.0,0,0
801,focus_1d529f435e,BIHMH gen 84 focus / remove_fix,24999353.92,646.0799999982119,3,C4;C5;C7,2360,237869.42733688498,9937.137336885,227932.28999999998,6372825.7798772715,6348437.825180758,1.32810025458766e-06,24387.95469518534,327.6295860425004,4.05366398874422e-09,74.43758358264297,74.43758358669663,0.0,237918.34746300997,9986.05746301,9890.736220058701,0.0,1.0,True,0.0,1.0,True,True,True,0.0,0.47137802020519665,0.0,0,0
802,focus_1d529f435e,BIHMH gen 85 focus / swap_fix,24999574.16,425.839999999851,3,C4;C5;C7,2360,237869.42733688498,9937.137336885,227932.28999999998,6372835.863903524,6348447.916908253,1.3280991372431874e-06,24387.946993942878,327.62958604250014,4.053660578354808e-09,74.43756007669977,74.43756008075343,0.0,237918.34746300997,9986.05746301,9890.736220058701,0.0,1.0,True,0.0,1.0,True,True,True,0.0,0.4713780190512894,0.0,0,0
803,focus_1d529f435e,BIHMH gen 89 focus / swap_fix,24999574.16,425.839999999851,3,C4;C5;C7,2363,237869.42733688498,9937.137336885,227932.28999999998,6372838.733502165,6348449.563894021,1.3280517223163239e-06,24389.169606816402,327.62958604250025,4.053515857215802e-09,74.4412917692135,74.44129177326703,0.0,237918.34746300997,9986.05746301,9890.736220058701,0.0,1.0,True,0.0,1.0,True,True,True,0.0,0.47137801940845797,0.0,0,0
804,focus_1d529f435e,BIHMH gen 87 focus / swap_fix,24999794.4,205.60000000149012,3,C4;C5;C7,2361,237869.42733688498,9937.137336885,227932.28999999998,6372840.251382185,6348451.954310821,1.3280854862209648e-06,24388.297070036,327.6295860425001,4.053618912330725e-09,74.43862858854374,74.43862859259735,0.0,237918.34746300997,9986.05746301,9890.736220058701,0.0,1.0,True,0.0,1.0,True,True,True,0.0,0.471378019273001,0.0,0,0
805,focus_1d529f435e,BIHMH gen 85 focus / add_fix,24999574.16,425.839999999851,3,C4;C5;C7,2359,237869.42733688498,9937.137336885,227932.28999999998,6372844.8468860295,6348457.081656013,1.3284050857631229e-06,24387.76522868834,327.62958604249985,4.05459440281075e-09,74.43700528780931,74.43700529186391,0.0,237918.34746300997,9986.05746301,9890.736220058701,0.0,1.0,True,0.0,1.0,True,True,True,0.0,0.47137802008869184,0.0,0,0
806,focus_1d529f435e,BIHMH gen 89 focus / crossover_fix,24999794.4,205.60000000149012,3,C4;C5;C7,2361,237869.42733688498,9937.137336885,227932.28999999998,6372851.090855881,6348463.144051683,1.3281001203463427e-06,24387.94680286955,327.6295860425,4.053663579009198e-09,74.43755949350053,74.43755949755419,0.0,237918.34746300997,9986.05746301,9890.736220058701,0.0,1.0,True,0.0,1.0,True,True,True,0.0,0.47137801930914225,0.0,0,0
807,focus_1d529f435e,BIHMH gen 81 focus / crossover_fix,24999794.4,205.60000000149012,3,C4;C5;C7,2360,237869.42733688498,9937.137336885,227932.28999999998,6372851.8875569785,6348463.940752178,1.32810012034639e-06,24387.94680347239,327.6295860425001,4.053663579009342e-09,74.43755949534054,74.4375594993942,0.0,237918.34746300997,9986.05746301,9890.736220058701,0.0,1.0,True,0.0,1.0,True,True,True,0.0,0.47137801930914197,0.0,0,0
808,focus_1392cdb628,BIHMH gen 4 focus / add_fix,24999794.4,205.60000000149012,3,C4;C5;C7,1787,235533.58653284246,9804.416532842466,225729.16999999998,6372853.072377578,6348872.844027244,2.478767948115742e-06,23980.228347855926,332.37567837749987,7.457729639593094e-09,72.14796360827606,72.14796361573379,0.0,235583.60739681,9854.437396809999,9760.372524388711,0.0,1.0,True,0.0,1.0,True,True,True,0.0,0.4785023993908596,0.0,0,0
809,focus_1d529f435e,BIHMH gen 84 focus / remove_fix,24999794.4,205.60000000149012,3,C4;C5;C7,2360,237869.42733688498,9937.137336885,227932.28999999998,6372856.602025224,6348468.63171526,1.328100115104164e-06,24387.97030863584,327.6295860424999,4.053663563008878e-09,74.43763123844452,74.43763124249818,0.0,237918.34746300997,9986.05746301,9890.736220058701,0.0,1.0,True,0.0,1.0,True,True,True,0.0,0.47137801925068706,0.0,0,0
810,focus_1d529f435e,BIHMH gen 87 focus / add_fix,24999574.16,425.839999999851,3,C4;C5;C7,2364,237869.42733688498,9937.137336885,227932.28999999998,6372857.582613658,6348468.4297233755,1.3280518546256345e-06,24389.152888954934,327.62958604249985,4.0535162610539106e-09,74.44124074249874,74.44124074655225,0.0,237918.34746300997,9986.05746301,9890.736220058701,0.0,1.0,True,0.0,1.0,True,True,True,0.0,0.4713780202766417,0.0,0,0
811,focus_1d529f435e,BIHMH gen 89 focus / crossover_fix,24999353.92,646.0799999982119,3,C4;C5;C7,2361,237869.42733688498,9937.137336885,227932.28999999998,6372865.874109848,6348476.167146906,1.328085987831781e-06,24389.70696161392,327.6295860425001,4.053620443361003e-09,74.44293189825076,74.44293190230438,0.0,237918.34746300997,9986.05746301,9890.736220058701,0.0,1.0,True,0.0,1.0,True,True,True,0.0,0.47137801919509226,0.0,0,0
812,focus_1d529f435e,BIHMH gen 82 focus / crossover_fix,24999353.92,646.0799999982119,3,C4;C5;C7,2400,237869.42733688498,9937.137336885,227932.28999999998,6372877.453914631,6348499.575745042,1.3133191659294327e-06,24377.878168275696,327.62958604250014,4.008548744920335e-09,74.40682773109934,74.4068277351079,0.0,237918.34746300997,9986.05746301,9890.736220058701,0.0,1.0,True,0.0,1.0,True,True,True,0.0,0.47137798397851405,0.0,0,0
813,focus_1d529f435e,BIHMH gen 81 focus / swap_fix,24999794.4,205.60000000149012,3,C4;C5;C7,2360,237869.42733688498,9937.137336885,227932.28999999998,6372884.319428641,6348496.364949677,1.3280442638618516e-06,24387.954477635765,327.62958604250025,4.053493092316691e-09,74.43758291863223,74.43758292268572,0.0,237918.34746300997,9986.05746301,9890.736220058701,0.0,1.0,True,0.0,1.0,True,True,True,0.0,0.47137802020019665,0.0,0,0
814,focus_1d529f435e,BIHMH gen 83 focus / swap_fix,24999794.4,205.60000000149012,3,C4;C5;C7,2360,237869.42733688498,9937.137336885,227932.28999999998,6372897.776761118,6348509.82156351,1.3280594273330152e-06,24387.95519627974,327.6295860425002,4.0535393746788755e-09,74.43758511209708,74.43758511615061,0.0,237918.34746300997,9986.05746301,9890.736220058701,0.0,1.0,True,0.0,1.0,True,True,True,0.0,0.47137802019753605,0.0,0,0
815,focus_1d529f435e,BIHMH gen 86 focus / remove_fix,24999794.4,205.60000000149012,3,C4;C5;C7,2362,237869.42733688498,9937.137336885,227932.28999999998,6372901.351201673,6348512.06802742,1.3281004133554677e-06,24389.283172925177,327.62958604250014,4.053664473339677e-09,74.4416383988026,74.44163840285626,0.0,237918.34746300997,9986.05746301,9890.736220058701,0.0,1.0,True,0.0,1.0,True,True,True,0.0,0.471378020177044,0.0,0,0
816,focus_1d529f435e,BIHMH gen 82 focus / crossover_fix,24999794.4,205.60000000149012,3,C4;C5;C7,2361,237869.42733688498,9937.137336885,227932.28999999998,6372901.755737884,6348513.349894987,1.3280858325569545e-06,24388.405841568554,327.6295860425003,4.05361996942692e-09,74.43896058399584,74.43896058804945,0.0,237918.34746300997,9986.05746301,9890.736220058701,0.0,1.0,True,0.0,1.0,True,True,True,0.0,0.471378019259852,0.0,0,0
817,focus_1d529f435e,BIHMH gen 86 focus / remove_fix,24999794.4,205.60000000149012,3,C4;C5;C7,2360,237869.42733688498,9937.137336885,227932.28999999998,6372922.831749054,6348534.861987943,1.3280441243760951e-06,24387.969759783224,327.62958604250036,4.053492666574441e-09,74.43762956322144,74.43762956727493,0.0,237918.34746300997,9986.05746301,9890.736220058701,0.0,1.0,True,0.0,1.0,True,True,True,0.0,0.4713780192459391,0.0,0,0
818,focus_1d529f435e,BIHMH gen 86 focus / swap_fix,24999794.4,205.60000000149012,3,C4;C5;C7,2360,237869.42733688498,9937.137336885,227932.28999999998,6372947.679000055,6348559.708246604,1.3280592878699982e-06,24387.970752124107,327.62958604250014,4.053538949006035e-09,74.43763259207151,74.43763259612504,0.0,237918.34746300997,9986.05746301,9890.736220058701,0.0,1.0,True,0.0,1.0,True,True,True,0.0,0.4713780192432787,0.0,0,0
819,focus_1d529f435e,BIHMH gen 87 focus / crossover_fix,24999794.4,205.60000000149012,3,C4;C5;C7,2363,237869.42733688498,9937.137336885,227932.28999999998,6372994.631829076,6348605.459682847,1.328099637674322e-06,24389.172144901382,327.6295860425003,4.053662105784427e-09,74.44129951602602,74.44129952007968,0.0,237918.34746300997,9986.05746301,9890.736220058701,0.0,1.0,True,0.0,1.0,True,True,True,0.0,0.4713780156908107,0.0,0,0
820,focus_1d529f435e,BIHMH gen 80 focus / add_fix,24999794.4,205.60000000149012,3,C4;C5;C7,2358,237869.42733688498,9937.137336885,227932.28999999998,6373083.995936401,6348696.034573873,1.3281002555109424e-06,24387.961361200123,327.62958604250014,4.053663991562292e-09,74.43760392883601,74.43760393288967,0.0,237918.34746300997,9986.05746301,9890.736220058701,0.0,1.0,True,0.0,1.0,True,True,True,0.0,0.47137802020327674,0.0,0,0
821,focus_1d529f435e,BIHMH gen 80 focus / mip_intensify,24999574.16,425.839999999851,3,C4;C5;C7,2364,237869.42733688498,9937.137336885,227932.28999999998,6373233.388413643,6349586.220252512,1.3547267996262308e-06,23647.168159776404,327.6295860425002,4.134934259113264e-09,72.17653462074358,72.17653462487851,0.0,237918.34746300997,9986.05746301,9890.736220058701,0.0,1.0,True,0.0,1.0,True,True,True,0.0,0.47137770083965114,0.0,0,0
822,focus_1392cdb628,BIHMH gen 1 focus / swap_fix,24999794.4,205.60000000149012,3,C4;C5;C7,1705,235533.58653284246,9804.416532842466,225729.16999999998,6373263.1252301065,6349272.783582974,2.48155872362096e-06,23990.341644650372,332.3756783774998,7.466126088812367e-09,72.17839091524334,72.17839092270947,0.0,235583.60739681,9854.437396809999,9760.372524388711,0.0,1.0,True,0.0,1.0,True,True,True,0.0,0.4785019007511876,0.0,0,0
823,focus_1d529f435e,BIHMH gen 85 focus / mip_intensify,24999574.16,425.839999999851,3,C4;C5;C7,2362,237869.42733688498,9937.137336885,227932.28999999998,6373272.709787819,6349625.845544936,1.3552805626201945e-06,23646.86424152716,327.62958604250014,4.136624469697274e-09,72.1756069931355,72.17560699727213,0.0,237918.34746300997,9986.05746301,9890.736220058701,0.0,1.0,True,0.0,1.0,True,True,True,0.0,0.47137801023691245,0.0,0,0
824,focus_1d529f435e,BIHMH gen 86 focus / swap_fix,24999794.4,205.60000000149012,3,C4;C5;C7,2362,237869.42733688498,9937.137336885,227932.28999999998,6373276.729643326,6348888.799243733,1.328069989148096e-06,24387.930398264667,327.6295860425003,4.053571611740271e-09,74.43750942291595,74.43750942696953,0.0,237918.34746300997,9986.05746301,9890.736220058701,0.0,1.0,True,0.0,1.0,True,True,True,0.0,0.4713780192443627,0.0,0,0
825,focus_1392cdb628,BIHMH gen 5 focus / add_fix,24999574.16,425.839999999851,3,C4;C5;C7,1730,235533.58653284246,9804.416532842466,225729.16999999998,6373346.127182217,6349355.075864971,2.481440456515439e-06,23991.051314765486,332.37567837750015,7.465770265227137e-09,72.18052605978386,72.18052606724963,0.0,235583.60739681,9854.437396809999,9760.372524388711,0.0,1.0,True,0.0,1.0,True,True,True,0.0,0.4785018277229968,0.0,0,0
826,focus_1d529f435e,BIHMH gen 83 focus / add_fix,24999794.4,205.60000000149012,3,C4;C5;C7,2401,237869.42733688498,9937.137336885,227932.28999999998,6373563.665875834,6349180.470257115,1.3104768811191291e-06,24383.195617409718,327.62958604250014,3.999873445339988e-09,74.42305779505129,74.42305779905116,0.0,237918.34746300997,9986.05746301,9890.736220058701,0.0,1.0,True,0.0,1.0,True,True,True,0.0,0.47137762744322026,0.0,0,0
827,focus_1d529f435e,BIHMH gen 85 focus / crossover_fix,24999353.92,646.0799999982119,3,C4;C5;C7,2361,237869.42733688498,9937.137336885,227932.28999999998,6373584.2480117865,6349195.1111990325,1.3280517847385503e-06,24389.136811425542,327.62958604249997,4.0535160477426355e-09,74.44119167022295,74.44119167427647,0.0,237918.34746300997,9986.05746301,9890.736220058701,0.0,1.0,True,0.0,1.0,True,True,True,0.0,0.47137801977553245,0.0,0,0
828,focus_1392cdb628,BIHMH gen 6 focus / add_fix,24999574.16,425.839999999851,3,C4;C5;C7,1779,235533.58653284246,9804.416532842466,225729.16999999998,6373659.421006012,6349677.376707143,2.4748231880169367e-06,23982.04429639413,332.3756783774998,7.44586126186443e-09,72.15342715045541,72.15342715790128,0.0,235583.60739681,9854.437396809999,9760.372524388711,0.0,1.0,True,0.0,1.0,True,True,True,0.0,0.4785025730021208,0.0,0,0
829,focus_1d529f435e,BIHMH gen 89 focus / crossover_fix,24999794.4,205.60000000149012,3,C4;C5;C7,2362,237869.42733688498,9937.137336885,227932.28999999998,6373747.245364516,6349359.393040089,1.3280886719656848e-06,24387.85232309943,327.62958604250014,4.053628635948052e-09,74.43727111975728,74.43727112381092,0.0,237918.34746300997,9986.05746301,9890.736220058701,0.0,1.0,True,0.0,1.0,True,True,True,0.0,0.47137801882610925,0.0,0,0
830,focus_1d529f435e,BIHMH gen 89 focus / mip_intensify,24999353.92,646.0799999982119,3,C4;C5;C7,2413,237869.42733688498,9937.137336885,227932.28999999998,6373882.643551392,6349498.66041227,1.3165199157821902e-06,24383.983137804917,327.6295860425001,4.018318161325673e-09,74.42546148638063,74.42546149039894,0.0,237918.34746300997,9986.05746301,9890.736220058701,0.0,1.0,True,0.0,1.0,True,True,True,0.0,0.4713778194356221,0.0,0,0
831,focus_1d529f435e,BIHMH gen 84 focus / add_fix,24999353.92,646.0799999982119,3,C4;C5;C7,2399,237869.42733688498,9937.137336885,227932.28999999998,6374172.043968466,6349783.415909009,1.3120883292228184e-06,24388.62805814443,327.62958604250053,4.004791951397859e-09,74.4396388395177,74.43963884352249,0.0,237918.34746300997,9986.05746301,9890.736220058701,0.0,1.0,True,0.0,1.0,True,True,True,0.0,0.4713773713872191,0.0,0,0
832,focus_1392cdb628,BIHMH gen 3 focus / add_fix,24999794.4,205.60000000149012,3,C4;C5;C7,1764,235533.58653284246,9804.416532842466,225729.16999999998,6374241.113622562,6350255.167983752,2.4793102560741858e-06,23985.945636330973,332.3756783775002,7.459361251030754e-09,72.16516489238604,72.16516489984541,0.0,235583.60739681,9854.437396809999,9760.372524388711,0.0,1.0,True,0.0,1.0,True,True,True,0.0,0.4785025740762223,0.0,0,0
833,focus_1d529f435e,BIHMH gen 84 focus / add_fix,24999794.4,205.60000000149012,3,C4;C5;C7,2354,237869.42733688498,9937.137336885,227932.28999999998,6374247.399797722,6350600.237941172,1.3521695551720834e-06,23647.16185519791,327.6295860425003,4.1271289675184554e-09,72.17651537773634,72.17651538186347,0.0,237918.34746300997,9986.05746301,9890.736220058701,0.0,1.0,True,0.0,1.0,True,True,True,0.0,0.4713781259685949,0.0,0,0
834,focus_1d529f435e,BIHMH gen 86 focus / mip_intensify,24999794.4,205.60000000149012,3,C4;C5;C7,2368,237869.42733688498,9937.137336885,227932.28999999998,6374665.63157338,6351016.782990885,1.3532721185347051e-06,23648.848581141672,327.62958604250025,4.130494241625535e-09,72.1816636488804,72.1816636530109,0.0,237918.34746300997,9986.05746301,9890.736220058701,0.0,1.0,True,0.0,1.0,True,True,True,0.0,0.47137800002421937,0.0,0,0
835,focus_1d529f435e,BIHMH gen 87 focus / crossover_fix,24999794.4,205.60000000149012,3,C4;C5;C7,2363,237869.42733688498,9937.137336885,227932.28999999998,6375178.9263632735,6350791.086385064,1.3280516365467432e-06,24387.839976881987,327.62958604249997,4.053515595427541e-09,74.43723343629414,74.43723344034765,0.0,237918.34746300997,9986.05746301,9890.736220058701,0.0,1.0,True,0.0,1.0,True,True,True,0.0,0.47137801936597634,0.0,0,0
836,focus_1d529f435e,BIHMH gen 82 focus / swap_fix,24999353.92,646.0799999982119,3,C4;C5;C7,2361,237869.42733688498,9937.137336885,227932.28999999998,6375180.687436311,6350792.84065166,1.3280986353448562e-06,24387.84678332272,327.6295860425,4.05365904644697e-09,74.43725421109903,74.43725421515269,0.0,237918.34746300997,9986.05746301,9890.736220058701,0.0,1.0,True,0.0,1.0,True,True,True,0.0,0.4713780164191876,0.0,0,0
837,focus_1d529f435e,BIHMH gen 89 focus / crossover_fix,24999794.4,205.60000000149012,3,C4;C5;C7,2363,237869.42733688498,9937.137336885,227932.28999999998,6375193.772887391,6350805.940950553,1.3280515588095385e-06,24387.831935509712,327.62958604249997,4.053515358155915e-09,74.43720889219733,74.43720889625085,0.0,237918.34746300997,9986.05746301,9890.736220058701,0.0,1.0,True,0.0,1.0,True,True,True,0.0,0.47137801938058244,0.0,0,0
838,focus_1d529f435e,BIHMH gen 83 focus / crossover_fix,24999794.4,205.60000000149012,3,C4;C5;C7,2362,237869.42733688498,9937.137336885,227932.28999999998,6375219.454781745,6350830.308108181,1.3281000753351542e-06,24389.1466722356,327.6295860425002,4.053663441624813e-09,74.44122176765757,74.44122177171123,0.0,237918.34746300997,9986.05746301,9890.736220058701,0.0,1.0,True,0.0,1.0,True,True,True,0.0,0.4713780202816867,0.0,0,0
839,focus_1d529f435e,BIHMH gen 82 focus / swap_fix,24999794.4,205.60000000149012,3,C4;C5;C7,2360,237869.42733688498,9937.137336885,227932.28999999998,6375248.344098438,6350860.397082919,1.328052033163163e-06,24387.94701418979,327.62958604249997,4.053516805991046e-09,74.43756013849799,74.4375601425515,0.0,237918.34746300997,9986.05746301,9890.736220058701,0.0,1.0,True,0.0,1.0,True,True,True,0.0,0.4713780201987233,0.0,0,0
840,focus_1d529f435e,BIHMH gen 80 focus / remove_fix,24999794.4,205.60000000149012,3,C4;C5;C7,2362,237869.42733688498,9937.137336885,227932.28999999998,6375366.927134536,6350977.75644893,1.3280592429559142e-06,24389.170684278124,327.6295860425002,4.053538811918036e-09,74.44129505787171,74.44129506192525,0.0,237918.34746300997,9986.05746301,9890.736220058701,0.0,1.0,True,0.0,1.0,True,True,True,0.0,0.47137802021582265,0.0,0,0
841,focus_1392cdb628,BIHMH gen 3 focus / add_fix,24999794.4,205.60000000149012,3,C4;C5;C7,1767,235533.58653284246,9804.416532842466,225729.16999999998,6375620.526426137,6351637.083542923,2.475633330682131e-06,23983.442880738174,332.37567837750004,7.448298692512627e-09,72.15763499246977,72.15763499991806,0.0,235583.60739681,9854.437396809999,9760.372524388711,0.0,1.0,True,0.0,1.0,True,True,True,0.0,0.4785025193370991,0.0,0,0
842,focus_1d529f435e,BIHMH gen 88 focus / mip_intensify,24999794.4,205.60000000149012,3,C4;C5;C7,2363,237869.42733688498,9937.137336885,227932.28999999998,6375704.788511947,6352057.214494109,1.3588473000778816e-06,23647.574016478884,327.6295860425,4.14751096349892e-09,72.17777338769194,72.17777339183945,0.0,237918.34746300997,9986.05746301,9890.736220058701,0.0,1.0,True,0.0,1.0,True,True,True,0.0,0.47138209071056214,0.0,0,0
843,focus_1d529f435e,BIHMH gen 82 focus / crossover_fix,24999794.4,205.60000000149012,3,C4;C5;C7,2400,237869.42733688498,9937.137336885,227932.28999999998,6375906.164841204,6351522.886859293,1.3056201143107982e-06,24383.27798060556,327.6295860425002,3.985049488605809e-09,74.42330918625449,74.42330919023954,0.0,237918.34746300997,9986.05746301,9890.736220058701,0.0,1.0,True,0.0,1.0,True,True,True,0.0,0.47137807689734634,0.0,0,0
844,focus_1d529f435e,BIHMH gen 83 focus / mip_intensify,24999922.240000002,77.75999999791384,4,C1;C4;C5;C7,2382,237869.42733688498,9937.137336885,227932.28999999998,6376216.288729797,6351231.368592234,0.0001045672989639406,24984.92003299565,327.62958604250025,3.1916317517910637e-07,76.25965754434215,76.25965786350532,0.0,237918.34746300997,9986.05746301,9890.736220058701,0.0,1.0,True,0.0,1.0,True,True,True,0.0,0.401663198584967,0.0,0,0
845,focus_1d529f435e,BIHMH gen 87 focus / mip_intensify,24999702.0,298.0,4,C1;C4;C5;C7,2379,237869.42733688498,9937.137336885,227932.28999999998,6376456.0146643175,6351457.069881434,9.818679737870126e-05,24998.944684697322,327.6295860425,2.996884334065132e-07,76.30246397055993,76.30246427024836,0.0,237918.34746300997,9986.05746301,9890.736220058701,0.0,1.0,True,0.0,1.0,True,True,True,0.0,0.4016604889606535,0.0,0,0
846,focus_1392cdb628,BIHMH gen 4 focus / add_fix,24999574.16,425.839999999851,3,C4;C5;C7,1768,235533.58653284246,9804.416532842466,225729.16999999998,6377617.833738378,6353634.340262035,2.475641546837052e-06,23983.49347386768,332.3756783775001,7.448323411995595e-09,72.1577872091715,72.15778721661982,0.0,235583.60739681,9854.437396809999,9760.372524388711,0.0,1.0,True,0.0,1.0,True,True,True,0.0,0.47850252307401053,0.0,0,0
847,focus_1d529f435e,BIHMH gen 81 focus / mip_intensify,24999574.16,425.839999999851,3,C4;C5;C7,2379,237869.42733688498,9937.137336885,227932.28999999998,6379104.067302803,6355455.890780285,1.3543053369830135e-06,23648.176521163197,327.62958604250014,4.133647859285007e-09,72.17961236899879,72.17961237313244,0.0,237918.34746300997,9986.05746301,9890.736220058701,0.0,1.0,True,0.0,1.0,True,True,True,0.0,0.4713780099942399,0.0,0,0
848,focus_1d529f435e,BIHMH gen 87 focus / station_capacity_fix,24999512.56,487.4400000013411,4,C2;C4;C5;C7,2359,237869.42733688498,9937.137336885,227932.28999999998,6379578.768232533,6351010.703209756,1995.8449383605107,26572.22008441705,327.6295860425,6.091772609637306,81.10445825539733,87.19623086503464,0.0,237918.34746300997,9986.05746301,9890.736220058701,0.0,1.0,True,0.0,1.0,True,True,True,0.0,0.9397897349208243,0.0,0,0
849,focus_1d529f435e,BIHMH gen 86 focus / station_capacity_fix,24999732.8,267.19999999925494,4,C2;C4;C5;C7,2358,237869.42733688498,9937.137336885,227932.28999999998,6379630.100887895,6351074.151376126,1986.6022057221228,26569.347306046882,327.6295860424999,6.063561687815404,81.09568988253803,87.15925157035343,0.0,237918.34746300997,9986.05746301,9890.736220058701,0.0,1.0,True,0.0,1.0,True,True,True,0.0,0.9395941989737098,0.0,0,0
850,focus_1d529f435e,BIHMH gen 80 focus / station_capacity_fix,24999953.04,46.96000000089407,4,C2;C4;C5;C7,2359,237869.42733688498,9937.137336885,227932.28999999998,6379707.957789209,6351139.889656836,1995.8457421989804,26572.222390174276,327.6295860424999,6.0917750631351115,81.10446529309274,87.19624035622786,0.0,237918.34746300997,9986.05746301,9890.736220058701,0.0,1.0,True,0.0,1.0,True,True,True,0.0,0.9397897518690191,0.0,0,0
851,focus_1d529f435e,BIHMH gen 82 focus / mip_intensify,24999922.240000002,77.75999999791384,4,C1;C4;C5;C7,2380,237869.42733688498,9937.137336885,227932.28999999998,6382038.034883804,6357032.141514316,9.883476292322673e-05,25005.89327065296,327.62958604250014,3.0166617159662095e-07,76.32367263501408,76.32367293668025,0.0,237918.34746300997,9986.05746301,9890.736220058701,0.0,1.0,True,0.0,1.0,True,True,True,0.0,0.40170019670416357,0.0,0,0
852,focus_1392cdb628,BIHMH gen 2 focus / swap_fix,24999353.92,646.0799999982119,3,C4;C5;C7,1524,235533.58653284246,9804.416532842466,225729.16999999998,6398908.135608858,6374908.285769753,2.4756633014754104e-06,23999.849836629845,332.37567837749975,7.448388863951848e-09,72.20699767740443,72.20699768485282,0.0,235583.60739681,9854.437396809999,9760.372524388711,0.0,1.0,True,0.0,1.0,True,True,True,0.0,0.4785023209788335,0.0,0,0
853,focus_1392cdb628,BIHMH gen 3 focus / add_fix,24999794.4,205.60000000149012,3,C4;C5;C7,1508,235533.58653284246,9804.416532842466,225729.16999999998,6400577.892631852,6376579.2739397,2.484547821467839e-06,23998.61868966733,332.3756783774997,7.47511921930095e-09,72.20329359481777,72.20329360229289,0.0,235583.60739681,9854.437396809999,9760.372524388711,0.0,1.0,True,0.0,1.0,True,True,True,0.0,0.4785023207579177,0.0,0,0
854,focus_1392cdb628,BIHMH gen 3 focus / add_fix,24999574.16,425.839999999851,3,C4;C5;C7,1505,235533.58653284246,9804.416532842466,225729.16999999998,6401015.243606509,6377017.879158394,2.475627762249934e-06,23997.36444563902,332.37567837749964,7.448281939084034e-09,72.19952002138895,72.19952002883723,0.0,235583.60739681,9854.437396809999,9760.372524388711,0.0,1.0,True,0.0,1.0,True,True,True,0.0,0.4785023126626946,0.0,0,0
855,focus_1392cdb628,BIHMH gen 1 focus / add_fix,24999574.16,425.839999999851,3,C4;C5;C7,1496,235533.58653284246,9804.416532842466,225729.16999999998,6402475.923959311,6378472.836284576,2.4852922473508356e-06,24003.087672249167,332.37567837749975,7.477358931564585e-09,72.21673917123191,72.21673917870926,0.0,235583.60739681,9854.437396809999,9760.372524388711,0.0,1.0,True,0.0,1.0,True,True,True,0.0,0.4785023301772274,0.0,0,0
856,focus_1392cdb628,BIHMH gen 3 focus / swap_fix,24999794.4,205.60000000149012,3,C4;C5;C7,1281,235533.58653284246,9804.416532842466,225729.16999999998,6414674.0329902,6390661.350670977,2.5065270116300387e-06,24012.68231671761,332.37567837749975,7.541246771923004e-09,72.24560603813168,72.24560604567293,0.0,235583.60739681,9854.437396809999,9760.372524388711,0.0,1.0,True,0.0,1.0,True,True,True,0.0,0.47850783108256245,0.0,0,0
857,focus_1392cdb628,BIHMH gen 2 focus / add_fix,24999794.4,205.60000000149012,3,C4;C5;C7,1262,235533.58653284246,9804.416532842466,225729.16999999998,6415923.814954749,6391897.430908803,2.507126034729072e-06,24026.384043439037,332.3756783775,7.543049019012671e-09,72.2868296522911,72.28682965983415,0.0,235583.60739681,9854.437396809999,9760.372524388711,0.0,1.0,True,0.0,1.0,True,True,True,0.0,0.4785079116283418,0.0,0,0
858,focus_1392cdb628,BIHMH gen 2 focus / swap_fix,24999794.4,205.60000000149012,3,C4;C5;C7,1288,235533.58653284246,9804.416532842466,225729.16999999998,6419385.814379688,6395365.385457318,2.5016665052135705e-06,24020.428919868722,332.3756783774999,7.526623239779509e-09,72.26891280711344,72.26891281464006,0.0,235583.60739681,9854.437396809999,9760.372524388711,0.0,1.0,True,0.0,1.0,True,True,True,0.0,0.47850783516291545,0.0,0,0
859,focus_1392cdb628,BIHMH gen 2 focus / add_fix,24999574.16,425.839999999851,3,C4;C5;C7,1277,235533.58653284246,9804.416532842466,225729.16999999998,6420253.869048927,6396225.357122429,2.5023446969568238e-06,24028.511923995742,332.3756783775,7.528663677114044e-09,72.2932316867814,72.29323169431007,0.0,235583.60739681,9854.437396809999,9760.372524388711,0.0,1.0,True,0.0,1.0,True,True,True,0.0,0.4785078385343198,0.0,0,0
860,focus_1392cdb628,BIHMH gen 1 focus / add_fix,24999574.16,425.839999999851,3,C4;C5;C7,1232,235533.58653284246,9804.416532842466,225729.16999999998,6421961.572681019,6397953.184565694,2.368869824257652e-06,24008.388112956032,332.37567837749975,7.1270853385583135e-09,72.23268630891883,72.23268631604591,0.0,235583.60739681,9854.437396809999,9760.372524388711,0.0,1.0,True,0.0,1.0,True,True,True,0.0,0.4785087388212057,0.0,0,0
861,focus_1392cdb628,BIHMH gen 1 focus / crossover_fix,24999794.4,205.60000000149012,3,C4;C5;C7,1257,235533.58653284246,9804.416532842466,225729.16999999998,6424343.642787003,6400315.853461672,2.5112046749321322e-06,24027.789322820212,332.3756783774998,7.555320194277273e-09,72.29105763728703,72.29105764484234,0.0,235583.60739681,9854.437396809999,9760.372524388711,0.0,1.0,True,0.0,1.0,True,True,True,0.0,0.47850794722866397,0.0,0,0
862,focus_1392cdb628,BIHMH gen 1 focus / add_fix,24999794.4,205.60000000149012,3,C4;C5;C7,1260,235533.58653284246,9804.416532842466,225729.16999999998,6424642.876889572,6400614.908007689,2.511095591158917e-06,24027.96887937211,332.3756783775001,7.554992000067187e-09,72.2915978589806,72.29159786653558,0.0,235583.60739681,9854.437396809999,9760.372524388711,0.0,1.0,True,0.0,1.0,True,True,True,0.0,0.4785079428968468,0.0,0,0
863,focus_1392cdb628,BIHMH gen 1 focus / crossover_fix,24999953.04,46.96000000089407,4,C2;C4;C5;C7,1292,235533.58653284246,9804.416532842466,225729.16999999998,6426353.911801187,6397112.785304148,3300.705989961899,25940.420507078376,332.3756783775002,9.930648373775043,78.04548345326336,87.9761318270384,0.0,235583.60739681,9854.437396809999,9760.372524388711,0.0,1.0,True,0.0,1.0,True,True,True,0.0,0.9584916506512116,0.0,0,0
864,focus_1392cdb628,BIHMH gen 2 focus / add_fix,24999922.24,77.76000000163913,4,C1;C4;C5;C7,1261,235533.58653284246,9804.416532842466,225729.16999999998,6427083.374710464,6401708.82070553,9.11112700408286e-05,25374.553913822645,332.3756783774999,2.741213511337247e-07,76.34299247673343,76.34299275085478,0.0,235583.60739681,9854.437396809999,9760.372524388711,0.0,1.0,True,0.0,1.0,True,True,True,0.0,0.4106043585756624,0.0,0,0
865,focus_1392cdb628,BIHMH gen 1 focus / add_fix,24999922.24,77.76000000163913,4,C1;C4;C5;C7,1249,235533.58653284246,9804.416532842466,225729.16999999998,6431886.918930386,6406506.0790570695,9.283738599848912e-05,25380.839780479702,332.3756783775,2.793146190830722e-07,76.36190441002451,76.36190468933913,0.0,235583.60739681,9854.437396809999,9760.372524388711,0.0,1.0,True,0.0,1.0,True,True,True,0.0,0.41060781632796317,0.0,0,0
866,focus_082eab5972,BIHMH gen 67 focus / mip_intensify,24999595.68,404.320000000298,2,C5;C7,2741,244432.22429239503,10202.074292394995,234230.15000000002,6486494.636410917,6462624.873657428,0.008358376452155186,23869.75439511293,331.8501061799999,2.5187204392881802e-05,71.92932577265972,71.92935095986411,0.0,244478.08015854002,10247.93015854,10150.109227305775,0.0,1.0,True,0.0,1.0,True,True,True,0.0,0.5885362657483917,0.0,0,0
867,focus_082eab5972,BIHMH gen 65 focus / station_prune_fix,24999551.04,448.96000000089407,2,C4;C5,2518,244429.51350402253,10199.363504022494,234230.15000000002,6502688.617348598,6479230.378755312,4.191531440840235e-06,23458.238589094,329.13931780750033,1.2734824477249735e-08,71.27145655328158,71.27145656601641,0.0,244478.08015854002,10247.93015854,10150.109227305775,0.0,1.0,True,0.0,1.0,True,True,True,0.0,0.48300232500141715,0.0,0,0
868,focus_082eab5972,BIHMH gen 66 focus / mip_intensify,24999771.28,228.7199999988079,2,C4;C5,2517,244429.51350402253,10199.363504022494,234230.15000000002,6503820.996911417,6480364.32714849,4.194249761857599e-06,23456.669758732623,329.13931780749994,1.2743083353872184e-08,71.26669009033878,71.26669010308187,0.0,244478.08015854002,10247.93015854,10150.109227305775,0.0,1.0,True,0.0,1.0,True,True,True,0.0,0.4830029805802951,0.0,0,0
869,focus_082eab5972,BIHMH gen 62 focus / station_prune_fix,24999991.52,8.480000000447035,2,C4;C5,2489,244429.51350402253,10199.363504022494,234230.15000000002,6503891.093761341,6480395.373965181,4.435913359275105e-06,23495.719791723506,329.1393178075004,1.3477312248272577e-08,71.38533295941616,71.38533297289348,0.0,244478.08015854002,10247.93015854,10150.109227305775,0.0,1.0,True,0.0,1.0,True,True,True,0.0,0.48300338198886406,0.0,0,0
870,focus_082eab5972,BIHMH gen 65 focus / mip_intensify,24999991.52,8.480000000447035,2,C4;C5,2520,244429.51350402253,10199.363504022494,234230.15000000002,6507989.842920025,6484500.270360489,4.371453453470349e-06,23489.572555163424,329.1393178075004,1.3281468414621392e-08,71.36665625861653,71.366656271898,0.0,244478.08015854002,10247.93015854,10150.109227305775,0.0,1.0,True,0.0,1.0,True,True,True,0.0,0.48300298368697575,0.0,0,0
871,focus_082eab5972,BIHMH gen 69 focus / mip_intensify,24999884.48,115.51999999955297,2,C4;C7,2520,244432.22429239503,10202.074292394995,234230.15000000002,6509566.786564112,6482293.529237004,0.005302425848788299,27273.252024682468,315.7545526060001,1.6792872200974054e-05,86.37484970395391,86.37486649682612,0.0,244478.08015854002,10247.93015854,10150.109227305775,0.0,1.0,True,0.0,1.0,True,True,True,0.0,0.5915168769728872,0.0,0,0
872,focus_082eab5972,BIHMH gen 69 focus / mip_intensify,24999771.28,228.7199999988079,2,C4;C5,2528,244429.51350402253,10199.363504022494,234230.15000000002,6510519.095297263,6487052.13942772,4.225099065028114e-06,23466.955865317876,329.1393178075002,1.2836810543245997e-08,71.29794161827459,71.2979416311114,0.0,244478.08015854002,10247.93015854,10150.109227305775,0.0,1.0,True,0.0,1.0,True,True,True,0.0,0.48300241045855213,0.0,0,0
873,focus_082eab5972,BIHMH gen 64 focus / station_prune_fix,24999991.52,8.480000000447035,2,C4;C5,2520,244429.51350402253,10199.363504022494,234230.15000000002,6511417.20822579,6487953.555952353,4.212044063049454e-06,23463.652269224647,329.13931780750005,1.2797146482247084e-08,71.28790454304692,71.28790455584407,0.0,244478.08015854002,10247.93015854,10150.109227305775,0.0,1.0,True,0.0,1.0,True,True,True,0.0,0.48300192108722995,0.0,0,0
874,focus_082eab5972,BIHMH gen 68 focus / station_prune_fix,24999991.52,8.480000000447035,2,C4;C5,2516,244429.51350402253,10199.363504022494,234230.15000000002,6512654.61736398,6489165.088210594,4.362295144267394e-06,23489.52914902354,329.13931780750005,1.3253643391272748e-08,71.36652438090545,71.36652439415909,0.0,244478.08015854002,10247.93015854,10150.109227305775,0.0,1.0,True,0.0,1.0,True,True,True,0.0,0.48300234788752117,0.0,0,0
875,focus_082eab5972,BIHMH gen 67 focus / station_prune_fix,24999991.52,8.480000000447035,2,C4;C5,2521,244429.51350402253,10199.363504022494,234230.15000000002,6513636.260911522,6490164.708603786,4.263970938095909e-06,23471.55230347223,329.13931780750005,1.295491212201433e-08,71.31190664130794,71.31190665426286,0.0,244478.08015854002,10247.93015854,10150.109227305775,0.0,1.0,True,0.0,1.0,True,True,True,0.0,0.48300292195328137,0.0,0,0
876,focus_082eab5972,BIHMH gen 63 focus / mip_intensify,24999794.4,205.60000000149012,3,C4;C5;C7,2405,244432.22429239503,10202.074292394995,234230.15000000002,6515236.057414974,6490619.539180159,7.32308784427971e-07,24616.518234083716,331.85010618000007,2.2067456685722937e-09,74.17963042847839,74.17963043068514,0.0,244478.08015854002,10247.93015854,10150.109227305775,0.0,1.0,True,0.0,1.0,True,True,True,0.0,0.4655099560708958,0.0,0,0
877,focus_082eab5972,BIHMH gen 64 focus / mip_intensify,24999794.4,205.60000000149012,3,C4;C5;C7,2401,244432.22429239503,10202.074292394995,234230.15000000002,6517293.009657801,6492666.39881409,7.482501632521804e-07,24626.610842964063,331.85010617999984,2.254783558352456e-09,74.21004358397363,74.21004358622841,0.0,244478.08015854002,10247.93015854,10150.109227305775,0.0,1.0,True,0.0,1.0,True,True,True,0.0,0.4655097033369635,0.0,0,0
878,focus_082eab5972,BIHMH gen 61 focus / station_prune_fix,24999884.48,115.51999999955297,2,C4;C7,2524,244432.22429239503,10202.074292394995,234230.15000000002,6518515.8928095875,6491239.306703415,0.005586655720289961,27276.58051951716,315.754552606,1.7693033003584323e-05,86.38539110330106,86.38540879633406,0.0,244478.08015854002,10247.93015854,10150.109227305775,0.0,1.0,True,0.0,1.0,True,True,True,0.0,0.5924246195829499,0.0,0,0
879,focus_082eab5972,BIHMH gen 61 focus / add_fix,24999794.4,205.60000000149012,3,C4;C5;C7,2407,244432.22429239503,10202.074292394995,234230.15000000002,6518969.977372117,6494325.420996166,7.454338113343941e-07,24644.556375206328,331.85010617999995,2.2462967389561745e-09,74.26412080711762,74.26412080936392,0.0,244478.08015854002,10247.93015854,10150.109227305775,0.0,1.0,True,0.0,1.0,True,True,True,0.0,0.46551090693436253,0.0,0,0
880,focus_082eab5972,BIHMH gen 63 focus / mip_intensify,24999794.4,205.60000000149012,3,C4;C5;C7,2388,244432.22429239503,10202.074292394995,234230.15000000002,6519347.502890845,6494683.828718196,7.406429973638239e-07,24663.67417190907,331.85010617999984,2.2318600584147154e-09,74.32173054219598,74.32173054442784,0.0,244478.08015854002,10247.93015854,10150.109227305775,0.0,1.0,True,0.0,1.0,True,True,True,0.0,0.46550969839124406,0.0,0,0
881,focus_082eab5972,BIHMH gen 61 focus / add_fix,24999794.4,205.60000000149012,3,C4;C5;C7,2340,244432.22429239503,10202.074292394995,234230.15000000002,6519762.145382417,6495124.91840785,7.516390316676945e-07,24637.22697381569,331.85010618,2.2649956039489567e-09,74.24203432513632,74.24203432740131,0.0,244478.08015854002,10247.93015854,10150.109227305775,0.0,1.0,True,0.0,1.0,True,True,True,0.0,0.4655101884630598,0.0,0,0
882,focus_082eab5972,BIHMH gen 65 focus / crossover_fix,24999794.4,205.60000000149012,3,C4;C5;C7,2350,244432.22429239503,10202.074292394995,234230.15000000002,6520463.972753023,6495823.536263225,7.517196378022575e-07,24640.436489046362,331.85010617999995,2.265238503176837e-09,74.25170590628366,74.2517059085489,0.0,244478.08015854002,10247.93015854,10150.109227305775,0.0,1.0,True,0.0,1.0,True,True,True,0.0,0.4655100265743143,0.0,0,0
883,focus_082eab5972,BIHMH gen 63 focus / crossover_fix,24999353.92,646.0799999982119,3,C4;C5;C7,2354,244432.22429239503,10202.074292394995,234230.15000000002,6520856.036598529,6496222.2540340945,7.512145267005607e-07,24633.782563682835,331.8501061799999,2.2637163969840406e-09,74.23165490964509,74.2316549119088,0.0,244478.08015854002,10247.93015854,10150.109227305775,0.0,1.0,True,0.0,1.0,True,True,True,0.0,0.46551002367470135,0.0,0,0
884,focus_082eab5972,BIHMH gen 68 focus / crossover_fix,24999794.4,205.60000000149012,3,C4;C5;C7,2355,244432.22429239503,10202.074292394995,234230.15000000002,6520878.880073371,6496245.144834127,7.51214431866846e-07,24633.735238492227,331.85010618000024,2.2637161112112968e-09,74.23151229950349,74.23151230176721,0.0,244478.08015854002,10247.93015854,10150.109227305775,0.0,1.0,True,0.0,1.0,True,True,True,0.0,0.46551002367470196,0.0,0,0
885,focus_082eab5972,BIHMH gen 62 focus / swap_fix,24999353.92,646.0799999982119,3,C4;C5;C7,2354,244432.22429239503,10202.074292394995,234230.15000000002,6520878.880115752,6496245.144876509,7.512144318668625e-07,24633.735238491932,331.85010618000024,2.263716111211346e-09,74.2315122995026,74.23151230176632,0.0,244478.08015854002,10247.93015854,10150.109227305775,0.0,1.0,True,0.0,1.0,True,True,True,0.0,0.46551002367470223,0.0,0,0
886,focus_082eab5972,BIHMH gen 62 focus / swap_fix,24999353.92,646.0799999982119,3,C4;C5;C7,2354,244432.22429239503,10202.074292394995,234230.15000000002,6520910.69054921,6496276.976068336,7.512144377656338e-07,24633.714480122755,331.85010618000024,2.263716128986755e-09,74.23144974605214,74.23144974831585,0.0,244478.08015854002,10247.93015854,10150.109227305775,0.0,1.0,True,0.0,1.0,True,True,True,0.0,0.46551002373291134,0.0,0,0
887,focus_082eab5972,BIHMH gen 69 focus / mip_intensify,24999794.4,205.60000000149012,3,C4;C5;C7,2372,244432.22429239503,10202.074292394995,234230.15000000002,6520933.305558895,6496298.130418776,7.49001822078483e-07,24635.17513937038,331.85010618000024,2.2570486136057274e-09,74.23585130934963,74.23585131160668,0.0,244478.08015854002,10247.93015854,10150.109227305775,0.0,1.0,True,0.0,1.0,True,True,True,0.0,0.4655099710458933,0.0,0,0
888,focus_082eab5972,BIHMH gen 60 focus / add_fix,24999574.16,425.839999999851,3,C4;C5;C7,2353,244432.22429239503,10202.074292394995,234230.15000000002,6520936.356851163,6495837.759448493,8.986498784514023e-07,25098.597401771287,331.8501061800001,2.707999369944339e-09,75.63233199074963,75.63233199345764,0.0,244478.08015854002,10247.93015854,10150.109227305775,0.0,1.0,True,0.0,1.0,True,True,True,0.0,0.465510156941865,0.0,0,0
889,focus_082eab5972,BIHMH gen 62 focus / crossover_fix,24999794.4,205.60000000149012,3,C4;C5;C7,2354,244432.22429239503,10202.074292394995,234230.15000000002,6520967.681754755,6496333.966425104,7.512409264704952e-07,24633.715328898907,331.85010618,2.2637959502806722e-09,74.23145230376164,74.23145230602543,0.0,244478.08015854002,10247.93015854,10150.109227305775,0.0,1.0,True,0.0,1.0,True,True,True,0.0,0.46551002373796835,0.0,0,0
890,focus_082eab5972,BIHMH gen 61 focus / swap_fix,24999794.4,205.60000000149012,3,C4;C5;C7,2354,244432.22429239503,10202.074292394995,234230.15000000002,6520970.4509338485,6496336.721607537,7.51240658500519e-07,24633.729325560045,331.85010617999995,2.2637951427776128e-09,74.23149448142222,74.231494483686,0.0,244478.08015854002,10247.93015854,10150.109227305775,0.0,1.0,True,0.0,1.0,True,True,True,0.0,0.4655100182354708,0.0,0,0
891,focus_082eab5972,BIHMH gen 60 focus / swap_fix,24999794.4,205.60000000149012,3,C4;C5;C7,2354,244432.22429239503,10202.074292394995,234230.15000000002,6521001.938285371,6496368.229768132,7.512406643823384e-07,24633.70851648744,331.8501061800001,2.2637951605019377e-09,74.23143177518158,74.23143177744537,0.0,244478.08015854002,10247.93015854,10150.109227305775,0.0,1.0,True,0.0,1.0,True,True,True,0.0,0.4655100182939328,0.0,0,0
892,focus_082eab5972,BIHMH gen 64 focus / mip_intensify,24999574.16,425.839999999851,3,C4;C5;C7,2389,244432.22429239503,10202.074292394995,234230.15000000002,6521033.775795792,6496369.027336957,7.471476012517196e-07,24664.748458088696,331.85010618000007,2.251461088418204e-09,74.32496780552542,74.32496780777687,0.0,244478.08015854002,10247.93015854,10150.109227305775,0.0,1.0,True,0.0,1.0,True,True,True,0.0,0.4655097000851976,0.0,0,0
893,focus_082eab5972,BIHMH gen 68 focus / crossover_fix,24999794.4,205.60000000149012,3,C4;C5;C7,2352,244432.22429239503,10202.074292394995,234230.15000000002,6521065.203309842,6496431.601346118,7.511477273681943e-07,24633.6019629721,331.8501061800001,2.2635151032941402e-09,74.23111068589049,74.231110688154,0.0,244478.08015854002,10247.93015854,10150.109227305775,0.0,1.0,True,0.0,1.0,True,True,True,0.0,0.4655100248413945,0.0,0,0
894,focus_082eab5972,BIHMH gen 61 focus / crossover_fix,24999794.4,205.60000000149012,3,C4;C5;C7,2389,244432.22429239503,10202.074292394995,234230.15000000002,6521116.601240239,6496477.596242314,7.449661093455584e-07,24639.00499717975,331.8501061799997,2.2448873617098658e-09,74.24739223622619,74.24739223847108,0.0,244478.08015854002,10247.93015854,10150.109227305775,0.0,1.0,True,0.0,1.0,True,True,True,0.0,0.4655109518841579,0.0,0,0
895,focus_082eab5972,BIHMH gen 68 focus / crossover_fix,24999574.16,425.839999999851,3,C4;C5;C7,2360,244432.22429239503,10202.074292394995,234230.15000000002,6521120.995031579,6496474.113252942,7.529196221341792e-07,24646.881777884206,331.8501061800001,2.268854546413148e-09,74.27112819579872,74.27112819806757,0.0,244478.08015854002,10247.93015854,10150.109227305775,0.0,1.0,True,0.0,1.0,True,True,True,0.0,0.46550997678104583,0.0,0,0
896,focus_082eab5972,BIHMH gen 65 focus / crossover_fix,24999794.4,205.60000000149012,3,C4;C5;C7,2359,244432.22429239503,10202.074292394995,234230.15000000002,6521132.44240868,6496485.634088432,7.529157991531985e-07,24646.808319494954,331.85010618000024,2.268843026208966e-09,74.27090683564879,74.27090683791764,0.0,244478.08015854002,10247.93015854,10150.109227305775,0.0,1.0,True,0.0,1.0,True,True,True,0.0,0.465509978521567,0.0,0,0
897,focus_082eab5972,BIHMH gen 68 focus / swap_fix,24999794.4,205.60000000149012,3,C4;C5;C7,2360,244432.22429239503,10202.074292394995,234230.15000000002,6521274.249196117,6496627.269436923,7.529226179810101e-07,24646.979758441124,331.8501061800002,2.268863574124078e-09,74.27142345126222,74.27142345353109,0.0,244478.08015854002,10247.93015854,10150.109227305775,0.0,1.0,True,0.0,1.0,True,True,True,0.0,0.46551002876035136,0.0,0,0
898,focus_082eab5972,BIHMH gen 67 focus / remove_fix,24999794.4,205.60000000149012,3,C4;C5;C7,2361,244432.22429239503,10202.074292394995,234230.15000000002,6521384.885092582,6496737.982301597,7.529203675495259e-07,24646.902790232383,331.85010618,2.2688567926542463e-09,74.27119151459173,74.2711915168606,0.0,244478.08015854002,10247.93015854,10150.109227305775,0.0,1.0,True,0.0,1.0,True,True,True,0.0,0.4655099838277151,0.0,0,0
899,focus_082eab5972,BIHMH gen 69 focus / remove_fix,24999353.92,646.0799999982119,3,C4;C5;C7,2362,244432.22429239503,10202.074292394995,234230.15000000002,6521464.566666889,6496817.613710281,7.529225862656084e-07,24646.9529558553,331.8501061800001,2.2688634785526107e-09,74.27134268411669,74.27134268638555,0.0,244478.08015854002,10247.93015854,10150.109227305775,0.0,1.0,True,0.0,1.0,True,True,True,0.0,0.465510027954428,0.0,0,0
900,focus_082eab5972,BIHMH gen 60 focus / add_fix,24999353.92,646.0799999982119,3,C4;C5;C7,2331,244432.22429239503,10202.074292394995,234230.15000000002,6521596.763100684,6496960.409767184,7.511402218086168e-07,24636.353332747603,331.8501061800002,2.263492485975544e-09,74.23940168753327,74.23940168979676,0.0,244478.08015854002,10247.93015854,10150.109227305775,0.0,1.0,True,0.0,1.0,True,True,True,0.0,0.4655101289871665,0.0,0,0
901,focus_082eab5972,BIHMH gen 69 focus / crossover_fix,24999794.4,205.60000000149012,3,C4;C5;C7,2358,244432.22429239503,10202.074292394995,234230.15000000002,6521606.418043478,6496959.58215739,7.52922773941761e-07,24646.835885335688,331.8501061800001,2.268864044097564e-09,74.27098990279335,74.27098990506221,0.0,244478.08015854002,10247.93015854,10150.109227305775,0.0,1.0,True,0.0,1.0,True,True,True,0.0,0.4655100334128909,0.0,0,0
902,focus_082eab5972,BIHMH gen 66 focus / add_fix,24999794.4,205.60000000149012,3,C4;C5;C7,2360,244432.22429239503,10202.074292394995,234230.15000000002,6521612.501712507,6496509.070511551,9.131909415083111e-07,25103.4312000425,331.85010618,2.7518175359961583e-09,75.64689820055703,75.64689820330885,0.0,244478.08015854002,10247.93015854,10150.109227305775,0.0,1.0,True,0.0,1.0,True,True,True,0.0,0.46551002274063646,0.0,0,0
903,focus_082eab5972,BIHMH gen 63 focus / swap_fix,24999574.16,425.839999999851,3,C4;C5;C7,2359,244432.22429239503,10202.074292394995,234230.15000000002,6521646.540814293,6496999.694320838,7.529224881290947e-07,24646.8464927021,331.8501061799999,2.2688631828271876e-09,74.27102186712372,74.27102186939258,0.0,244478.08015854002,10247.93015854,10150.109227305775,0.0,1.0,True,0.0,1.0,True,True,True,0.0,0.46551002791211016,0.0,0,0
904,focus_082eab5972,BIHMH gen 62 focus / add_fix,24999353.92,646.0799999982119,3,C4;C5;C7,2356,244432.22429239503,10202.074292394995,234230.15000000002,6521660.573198567,6496557.106572005,9.131536429966392e-07,25103.4666256498,331.85010618000007,2.7517051403362577e-09,75.64700495239056,75.64700495514226,0.0,244478.08015854002,10247.93015854,10150.109227305775,0.0,1.0,True,0.0,1.0,True,True,True,0.0,0.4655100293452063,0.0,0,0
905,focus_082eab5972,BIHMH gen 65 focus / remove_fix,24999794.4,205.60000000149012,3,C4;C5;C7,2360,244432.22429239503,10202.074292394995,234230.15000000002,6521685.651422873,6497037.89800255,7.522037345598775e-07,24647.753419570785,331.8501061800001,2.2666972845621806e-09,74.27375480844806,74.27375481071476,0.0,244478.08015854002,10247.93015854,10150.109227305775,0.0,1.0,True,0.0,1.0,True,True,True,0.0,0.4655100324778911,0.0,0,0
906,focus_082eab5972,BIHMH gen 65 focus / swap_fix,24999794.4,205.60000000149012,3,C4;C5;C7,2358,244432.22429239503,10202.074292394995,234230.15000000002,6521760.894421667,6497113.391559172,7.523437533126554e-07,24647.502861742316,331.85010618000035,2.267119218291204e-09,74.27299977530564,74.27299977757275,0.0,244478.08015854002,10247.93015854,10150.109227305775,0.0,1.0,True,0.0,1.0,True,True,True,0.0,0.4655100332663573,0.0,0,0
907,focus_082eab5972,BIHMH gen 62 focus / add_fix,24999794.4,205.60000000149012,3,C4;C5;C7,2403,244432.22429239503,10202.074292394995,234230.15000000002,6521801.224406816,6497157.254725418,7.452690513259415e-07,24643.96968065282,331.85010618000024,2.2458002497118292e-09,74.26235285664058,74.26235285888637,0.0,244478.08015854002,10247.93015854,10150.109227305775,0.0,1.0,True,0.0,1.0,True,True,True,0.0,0.4655099370027983,0.0,0,0
908,focus_082eab5972,BIHMH gen 66 focus / crossover_fix,24999794.4,205.60000000149012,3,C4;C5;C7,2356,244432.22429239503,10202.074292394995,234230.15000000002,6521816.23232365,6496712.461030025,9.132941454363561e-07,25103.77129271185,331.85010618,2.752128531611718e-09,75.64792303876865,75.64792304152078,0.0,244478.08015854002,10247.93015854,10150.109227305775,0.0,1.0,True,0.0,1.0,True,True,True,0.0,0.46551002633777666,0.0,0,0
909,focus_082eab5972,BIHMH gen 69 focus / crossover_fix,24999794.4,205.60000000149012,3,C4;C5;C7,2356,244432.22429239503,10202.074292394995,234230.15000000002,6521869.326745256,6496765.888231318,9.131913765810731e-07,25103.438513023808,331.85010618000007,2.751818847048208e-09,75.64692023755858,75.6469202403104,0.0,244478.08015854002,10247.93015854,10150.109227305775,0.0,1.0,True,0.0,1.0,True,True,True,0.0,0.4655100309025341,0.0,0,0
910,focus_082eab5972,BIHMH gen 69 focus / swap_fix,24999794.4,205.60000000149012,3,C4;C5;C7,2361,244432.22429239503,10202.074292394995,234230.15000000002,6521894.670723039,6497247.5667603165,7.527822795873254e-07,24647.103961969602,331.8501061799999,2.268440677186363e-09,74.27179772725667,74.2717977295251,0.0,244478.08015854002,10247.93015854,10150.109227305775,0.0,1.0,True,0.0,1.0,True,True,True,0.0,0.4655100280796747,0.0,0,0
911,focus_082eab5972,BIHMH gen 63 focus / add_fix,24999794.4,205.60000000149012,3,C4;C5;C7,2360,244432.22429239503,10202.074292394995,234230.15000000002,6521904.90686112,6497258.079820141,7.529222516411914e-07,24646.827040226653,331.8501061800002,2.2688624701924783e-09,74.27096324886473,74.2709632511336,0.0,244478.08015854002,10247.93015854,10150.109227305775,0.0,1.0,True,0.0,1.0,True,True,True,0.0,0.4655100308964819,0.0,0,0
912,focus_082eab5972,BIHMH gen 62 focus / add_fix,24999574.16,425.839999999851,3,C4;C5;C7,2328,244432.22429239503,10202.074292394995,234230.15000000002,6521945.369845159,6497308.462631507,7.502617259661123e-07,24636.907212902304,331.85010618000007,2.2608452189530415e-09,74.24107075481514,74.24107075707599,0.0,244478.08015854002,10247.93015854,10150.109227305775,0.0,1.0,True,0.0,1.0,True,True,True,0.0,0.4655101768153096,0.0,0,0
913,focus_082eab5972,BIHMH gen 65 focus / add_fix,24999353.92,646.0799999982119,3,C4;C5;C7,2358,244432.22429239503,10202.074292394995,234230.15000000002,6521947.057014868,6497300.226823751,7.529491900783925e-07,24646.83019036412,331.8501061800001,2.2689436467137435e-09,74.27097274151642,74.27097274378536,0.0,244478.08015854002,10247.93015854,10150.109227305775,0.0,1.0,True,0.0,1.0,True,True,True,0.0,0.4655100279739487,0.0,0,0
914,focus_082eab5972,BIHMH gen 63 focus / mip_intensify,24999574.16,425.839999999851,3,C4;C5;C7,2389,244432.22429239503,10202.074292394995,234230.15000000002,6522015.014788908,6497374.27137871,7.385419802054843e-07,24640.74340945943,331.85010618,2.2255288350123024e-09,74.2526307829293,74.25263078515484,0.0,244478.08015854002,10247.93015854,10150.109227305775,0.0,1.0,True,0.0,1.0,True,True,True,0.0,0.46551003612465797,0.0,0,0
915,focus_082eab5972,BIHMH gen 64 focus / crossover_fix,24999794.4,205.60000000149012,3,C4;C5;C7,2362,244432.22429239503,10202.074292394995,234230.15000000002,6522024.441290719,6497377.641343221,7.529227373126185e-07,24646.79994674614,331.85010617999995,2.2688639337189878e-09,74.27088160513466,74.27088160740352,0.0,244478.08015854002,10247.93015854,10150.109227305775,0.0,1.0,True,0.0,1.0,True,True,True,0.0,0.4655100325159234,0.0,0,0
916,focus_082eab5972,BIHMH gen 66 focus / swap_fix,24999353.92,646.0799999982119,3,C4;C5;C7,2358,244432.22429239503,10202.074292394995,234230.15000000002,6522064.48117818,6497416.991469715,7.523678852138795e-07,24647.48970771301,331.85010617999984,2.2671919375725176e-09,74.27296013683929,74.27296013910647,0.0,244478.08015854002,10247.93015854,10150.109227305775,0.0,1.0,True,0.0,1.0,True,True,True,0.0,0.465510025156594,0.0,0,0
917,focus_082eab5972,BIHMH gen 66 focus / add_fix,24999794.4,205.60000000149012,3,C4;C5;C7,2360,244432.22429239503,10202.074292394995,234230.15000000002,6522146.736957216,6497042.99218004,9.103666430421912e-07,25103.74477626615,331.8501061800003,2.743306770401921e-09,75.6478431338802,75.64784313662351,0.0,244478.08015854002,10247.93015854,10150.109227305775,0.0,1.0,True,0.0,1.0,True,True,True,0.0,0.46550998668471744,0.0,0,0
918,focus_082eab5972,BIHMH gen 68 focus / swap_fix,24999353.92,646.0799999982119,3,C4;C5;C7,2358,244432.22429239503,10202.074292394995,234230.15000000002,6522166.0293990085,6497519.204653624,7.529201959521487e-07,24646.82474463139,331.8501061799999,2.268856275561216e-09,74.27095633129804,74.2709563335669,0.0,244478.08015854002,10247.93015854,10150.109227305775,0.0,1.0,True,0.0,1.0,True,True,True,0.0,0.46551003221685305,0.0,0,0
919,focus_082eab5972,BIHMH gen 66 focus / remove_fix,24999574.16,425.839999999851,3,C4;C5;C7,2360,244432.22429239503,10202.074292394995,234230.15000000002,6522230.52939654,6497583.540581292,7.529220506475304e-07,24646.98881449596,331.8501061799999,2.2688618645164318e-09,74.27145074085679,74.27145074312565,0.0,244478.08015854002,10247.93015854,10150.109227305775,0.0,1.0,True,0.0,1.0,True,True,True,0.0,0.46551002568199235,0.0,0,0
920,focus_082eab5972,BIHMH gen 68 focus / swap_fix,24999794.4,205.60000000149012,3,C4;C5;C7,2358,244432.22429239503,10202.074292394995,234230.15000000002,6522350.898411764,6497703.905677281,7.516193441391988e-07,24646.992733730887,331.8501061800003,2.2649362773791297e-09,74.27146255111337,74.27146255337831,0.0,244478.08015854002,10247.93015854,10150.109227305775,0.0,1.0,True,0.0,1.0,True,True,True,0.0,0.46550998462518345,0.0,0,0
921,focus_082eab5972,BIHMH gen 64 focus / add_fix,24999574.16,425.839999999851,3,C4;C5;C7,2357,244432.22429239503,10202.074292394995,234230.15000000002,6522377.6962407455,6497730.728534734,7.514955540234043e-07,24646.96770525979,331.85010618000024,2.2645632471661236e-09,74.2713871301006,74.27138713236516,0.0,244478.08015854002,10247.93015854,10150.109227305775,0.0,1.0,True,0.0,1.0,True,True,True,0.0,0.46550998480662364,0.0,0,0
922,focus_082eab5972,BIHMH gen 62 focus / mip_intensify,24999574.16,425.839999999851,3,C4;C5;C7,2363,244432.22429239503,10202.074292394995,234230.15000000002,6522408.212688734,6497778.042843338,7.528875930938579e-07,24630.169844642955,331.8501061800001,2.2687580298241075e-09,74.22076831062759,74.22076831289635,0.0,244478.08015854002,10247.93015854,10150.109227305775,0.0,1.0,True,0.0,1.0,True,True,True,0.0,0.46551003532974433,0.0,0,0
923,focus_082eab5972,BIHMH gen 63 focus / swap_fix,24999574.16,425.839999999851,3,C4;C5;C7,2333,244432.22429239503,10202.074292394995,234230.15000000002,6522423.12921238,6497786.784668098,7.511631454461873e-07,24636.344543530366,331.85010617999995,2.263561564264639e-09,74.23937520202956,74.23937520429313,0.0,244478.08015854002,10247.93015854,10150.109227305775,0.0,1.0,True,0.0,1.0,True,True,True,0.0,0.46551013026346966,0.0,0,0
924,focus_082eab5972,BIHMH gen 66 focus / remove_fix,24999794.4,205.60000000149012,3,C4;C5;C7,2361,244432.22429239503,10202.074292394995,234230.15000000002,6522430.947220144,6497784.058657499,7.529234846059796e-07,24646.888561892094,331.85010618000007,2.2688661856193094e-09,74.27114863878718,74.27114864105604,0.0,244478.08015854002,10247.93015854,10150.109227305775,0.0,1.0,True,0.0,1.0,True,True,True,0.0,0.46551002771434097,0.0,0,0
925,focus_082eab5972,BIHMH gen 62 focus / swap_fix,24999794.4,205.60000000149012,3,C4;C5;C7,2367,244432.22429239503,10202.074292394995,234230.15000000002,6522448.882501003,6497812.859978219,7.489299969911615e-07,24636.022522036223,331.85010618000024,2.2568321752620783e-09,74.2384048196546,74.23840482191143,0.0,244478.08015854002,10247.93015854,10150.109227305775,0.0,1.0,True,0.0,1.0,True,True,True,0.0,0.46551006393206057,0.0,0,0
926,focus_082eab5972,BIHMH gen 69 focus / add_fix,24999353.92,646.0799999982119,3,C4;C5;C7,2358,244432.22429239503,10202.074292394995,234230.15000000002,6522474.392194487,6497370.873166674,9.131456032841731e-07,25103.519026900587,331.8501061800001,2.7516809133966955e-09,75.64716285877603,75.6471628615277,0.0,244478.08015854002,10247.93015854,10150.109227305775,0.0,1.0,True,0.0,1.0,True,True,True,0.0,0.46551002934989205,0.0,0,0
927,focus_082eab5972,BIHMH gen 60 focus / mip_intensify,24999794.4,205.60000000149012,3,C4;C5;C7,2367,244432.22429239503,10202.074292394995,234230.15000000002,6522477.882094106,6497841.860767838,7.489299961760145e-07,24636.021325519472,331.8501061800004,2.256832172805706e-09,74.23840121406057,74.2384012163174,0.0,244478.08015854002,10247.93015854,10150.109227305775,0.0,1.0,True,0.0,1.0,True,True,True,0.0,0.46551006393206007,0.0,0,0
928,focus_082eab5972,BIHMH gen 67 focus / swap_fix,24999794.4,205.60000000149012,3,C4;C5;C7,2360,244432.22429239503,10202.074292394995,234230.15000000002,6522482.955866534,6497836.131377917,7.529502316473547e-07,24646.824487865168,331.8501061800003,2.268946785386724e-09,74.27095555755638,74.27095555982532,0.0,244478.08015854002,10247.93015854,10150.109227305775,0.0,1.0,True,0.0,1.0,True,True,True,0.0,0.46551002773926303,0.0,0,0
929,focus_082eab5972,BIHMH gen 67 focus / swap_fix,24999353.92,646.0799999982119,3,C4;C5;C7,2359,244432.22429239503,10202.074292394995,234230.15000000002,6522523.426108729,6497876.607298204,7.529223311384059e-07,24646.818809772667,331.85010617999995,2.268862709750078e-09,74.27093844714307,74.27093844941193,0.0,244478.08015854002,10247.93015854,10150.109227305775,0.0,1.0,True,0.0,1.0,True,True,True,0.0,0.4655100284540169,0.0,0,0
930,focus_082eab5972,BIHMH gen 63 focus / mip_intensify,24999353.92,646.0799999982119,3,C4;C5;C7,2368,244432.22429239503,10202.074292394995,234230.15000000002,6522571.260062859,6497924.356514017,7.514667682974226e-07,24646.903548090497,331.85010618000007,2.2644765040087606e-09,74.27119379832796,74.27119380059243,0.0,244478.08015854002,10247.93015854,10150.109227305775,0.0,1.0,True,0.0,1.0,True,True,True,0.0,0.4655099333797667,0.0,0,0
931,focus_082eab5972,BIHMH gen 64 focus / crossover_fix,24999574.16,425.839999999851,3,C4;C5;C7,2359,244432.22429239503,10202.074292394995,234230.15000000002,6522684.35967371,6498036.627341723,7.529195062629694e-07,24647.732331233754,331.8501061799997,2.268854197245838e-09,74.2736912606697,74.27369126293854,0.0,244478.08015854002,10247.93015854,10150.109227305775,0.0,1.0,True,0.0,1.0,True,True,True,0.0,0.46551002598727054,0.0,0,0
932,focus_082eab5972,BIHMH gen 61 focus / add_fix,24999794.4,205.60000000149012,3,C4;C5;C7,2328,244432.22429239503,10202.074292394995,234230.15000000002,6522697.858359118,6498060.824817808,7.499692060071707e-07,24637.033540559834,331.8501061799999,2.2599637367612515e-09,74.24145143167856,74.24145143393852,0.0,244478.08015854002,10247.93015854,10150.109227305775,0.0,1.0,True,0.0,1.0,True,True,True,0.0,0.46551017628576635,0.0,0,0
933,focus_082eab5972,BIHMH gen 62 focus / mip_intensify,24999794.4,205.60000000149012,3,C4;C5;C7,2379,244432.22429239503,10202.074292394995,234230.15000000002,6522720.2043096265,6498088.045018849,7.41023164408843e-07,24632.159290036634,331.85010618,2.233005657098998e-09,74.22676332270274,74.22676332493575,0.0,244478.08015854002,10247.93015854,10150.109227305775,0.0,1.0,True,0.0,1.0,True,True,True,0.0,0.46551000392199265,0.0,0,0
934,focus_082eab5972,BIHMH gen 67 focus / swap_fix,24999794.4,205.60000000149012,3,C4;C5;C7,2359,244432.22429239503,10202.074292394995,234230.15000000002,6522876.420844562,6498229.403844167,7.514955537112071e-07,24647.01699964421,331.85010618,2.2645632462253475e-09,74.27153567422796,74.27153567649252,0.0,244478.08015854002,10247.93015854,10150.109227305775,0.0,1.0,True,0.0,1.0,True,True,True,0.0,0.46550998878038113,0.0,0,0
935,focus_082eab5972,BIHMH gen 66 focus / add_fix,24999794.4,205.60000000149012,3,C4;C5;C7,2398,244432.22429239503,10202.074292394995,234230.15000000002,6523128.250474331,6497966.384326998,9.030658061383465e-07,25161.866146429584,331.85010618000024,2.7213063648938858e-09,75.82298657690177,75.82298657962308,0.0,244478.08015854002,10247.93015854,10150.109227305775,0.0,1.0,True,0.0,1.0,True,True,True,0.0,0.4655099895054566,0.0,0,0
936,focus_082eab5972,BIHMH gen 67 focus / add_fix,24999794.4,205.60000000149012,3,C4;C5;C7,2400,244432.22429239503,10202.074292394995,234230.15000000002,6523341.542446902,6498699.62524797,7.469384191592732e-07,24641.917198185194,331.85010618000024,2.250830737279087e-09,74.25616788809785,74.25616789034868,0.0,244478.08015854002,10247.93015854,10150.109227305775,0.0,1.0,True,0.0,1.0,True,True,True,0.0,0.46551001630561906,0.0,0,0
937,focus_082eab5972,BIHMH gen 60 focus / mip_intensify,24999794.4,205.60000000149012,3,C4;C5;C7,2388,244432.22429239503,10202.074292394995,234230.15000000002,6523624.56606269,6498987.342746053,7.506168176903401e-07,24637.223315885876,331.85010617999995,2.2619152554472756e-09,74.24202330229876,74.24202330456068,0.0,244478.08015854002,10247.93015854,10150.109227305775,0.0,1.0,True,0.0,1.0,True,True,True,0.0,0.46551000372378554,0.0,0,0
938,focus_082eab5972,BIHMH gen 60 focus / mip_intensify,24999794.4,205.60000000149012,3,C4;C5;C7,2341,244432.22429239503,10202.074292394995,234230.15000000002,6523636.111316093,6498993.356085702,7.518391183077988e-07,24642.75522963979,331.85010617999995,2.2655985467727743e-09,74.2586932193815,74.25869322164709,0.0,244478.08015854002,10247.93015854,10150.109227305775,0.0,1.0,True,0.0,1.0,True,True,True,0.0,0.4655101603145044,0.0,0,0
939,focus_082eab5972,BIHMH gen 64 focus / crossover_fix,24999353.92,646.0799999982119,3,C4;C5;C7,2360,244432.22429239503,10202.074292394995,234230.15000000002,6523666.710926613,6499019.810237809,7.529225842663588e-07,24646.900688051537,331.85010618,2.2688634725280558e-09,74.27118517986166,74.27118518213052,0.0,244478.08015854002,10247.93015854,10150.109227305775,0.0,1.0,True,0.0,1.0,True,True,True,0.0,0.4655100279106807,0.0,0,0
940,focus_082eab5972,BIHMH gen 61 focus / mip_intensify,24999574.16,425.839999999851,3,C4;C5;C7,2439,244432.22429239503,10202.074292394995,234230.15000000002,6523729.009212012,6499091.37817084,7.388482058838641e-07,24637.63104043327,331.8501061799999,2.2264516181384107e-09,74.24325194300071,74.24325194522717,0.0,244478.08015854002,10247.93015854,10150.109227305775,0.0,1.0,True,0.0,1.0,True,True,True,0.0,0.46551021239354085,0.0,0,0
941,focus_082eab5972,BIHMH gen 69 focus / crossover_fix,24999353.92,646.0799999982119,3,C4;C5;C7,2359,244432.22429239503,10202.074292394995,234230.15000000002,6523737.066474787,6499090.240927208,7.529219677513197e-07,24646.825546826556,331.85010617999995,2.268861614716268e-09,74.27095874863993,74.27095875090879,0.0,244478.08015854002,10247.93015854,10150.109227305775,0.0,1.0,True,0.0,1.0,True,True,True,0.0,0.465510025452479,0.0,0,0
942,focus_082eab5972,BIHMH gen 63 focus / mip_intensify,24999353.92,646.0799999982119,3,C4;C5;C7,2388,244432.22429239503,10202.074292394995,234230.15000000002,6523748.136917205,6499117.459608924,7.408442445702609e-07,24630.677307540547,331.8501061800003,2.232466498499224e-09,74.22229750374258,74.22229750597505,0.0,244478.08015854002,10247.93015854,10150.109227305775,0.0,1.0,True,0.0,1.0,True,True,True,0.0,0.465509574762726,0.0,0,0
943,focus_082eab5972,BIHMH gen 66 focus / mip_intensify,24999574.16,425.839999999851,3,C4;C5;C7,2362,244432.22429239503,10202.074292394995,234230.15000000002,6523790.272070268,6498691.252540872,9.151226001258957e-07,25099.019528479846,331.85010618000007,2.757638412896938e-09,75.63360403104947,75.63360403380712,0.0,244478.08015854002,10247.93015854,10150.109227305775,0.0,1.0,True,0.0,1.0,True,True,True,0.0,0.46551002827239757,0.0,0,0
944,focus_082eab5972,BIHMH gen 67 focus / swap_fix,24999574.16,425.839999999851,3,C4;C5;C7,2359,244432.22429239503,10202.074292394995,234230.15000000002,6524099.062945095,6499000.62400475,9.161874976799914e-07,25098.438939429016,331.8501061800004,2.760847384460494e-09,75.63185447894735,75.63185448170819,0.0,244478.08015854002,10247.93015854,10150.109227305775,0.0,1.0,True,0.0,1.0,True,True,True,0.0,0.46551003254264506,0.0,0,0
945,focus_082eab5972,BIHMH gen 66 focus / remove_fix,24999794.4,205.60000000149012,3,C4;C5;C7,2360,244432.22429239503,10202.074292394995,234230.15000000002,6524123.777607702,6499476.949547855,7.529258094787814e-07,24646.82805909367,331.8501061800001,2.268873191411257e-09,74.2709663191275,74.27096632139637,0.0,244478.08015854002,10247.93015854,10150.109227305775,0.0,1.0,True,0.0,1.0,True,True,True,0.0,0.4655100309404412,0.0,0,0
946,focus_082eab5972,BIHMH gen 61 focus / add_fix,24999574.16,425.839999999851,3,C4;C5;C7,2357,244432.22429239503,10202.074292394995,234230.15000000002,6524351.802084671,6499248.342889842,9.131904046273619e-07,25103.45919391567,331.8501061800002,2.7518159181544287e-09,75.6469825575382,75.64698256029001,0.0,244478.08015854002,10247.93015854,10150.109227305775,0.0,1.0,True,0.0,1.0,True,True,True,0.0,0.4655100259365099,0.0,0,0
947,focus_082eab5972,BIHMH gen 69 focus / swap_fix,24999794.4,205.60000000149012,3,C4;C5;C7,2360,244432.22429239503,10202.074292394995,234230.15000000002,6524711.4365765,6500064.627747478,7.529224522387586e-07,24646.808828269015,331.85010618,2.2688630746749355e-09,74.27090836879302,74.27090837106188,0.0,244478.08015854002,10247.93015854,10150.109227305775,0.0,1.0,True,0.0,1.0,True,True,True,0.0,0.46551002749950865,0.0,0,0
948,focus_082eab5972,BIHMH gen 68 focus / swap_fix,24999794.4,205.60000000149012,3,C4;C5;C7,2360,244432.22429239503,10202.074292394995,234230.15000000002,6524756.743151805,6500109.931657886,7.52944908193978e-07,24646.811493167137,331.85010618,2.2689307436459594e-09,74.27091639922023,74.27091640148916,0.0,244478.08015854002,10247.93015854,10150.109227305775,0.0,1.0,True,0.0,1.0,True,True,True,0.0,0.46551002750460735,0.0,0,0
949,focus_082eab5972,BIHMH gen 68 focus / mip_intensify,24999794.4,205.60000000149012,3,C4;C5;C7,2376,244432.22429239503,10202.074292394995,234230.15000000002,6524884.081045817,6500246.65072681,7.55472568802233e-07,24637.430318251678,331.85010618000007,2.276547618135925e-09,74.2426470850306,74.24264708730715,0.0,244478.08015854002,10247.93015854,10150.109227305775,0.0,1.0,True,0.0,1.0,True,True,True,0.0,0.46551003255942164,0.0,0,0
950,focus_082eab5972,BIHMH gen 60 focus / mip_intensify,24999794.4,205.60000000149012,3,C4;C5;C7,2367,244432.22429239503,10202.074292394995,234230.15000000002,6525530.440581027,6500900.811703436,7.470397537621483e-07,24629.62887684438,331.85010618000024,2.2511360998538998e-09,74.21913815355212,74.21913815580326,0.0,244478.08015854002,10247.93015854,10150.109227305775,0.0,1.0,True,0.0,1.0,True,True,True,0.0,0.4655082965391611,0.0,0,0
951,focus_082eab5972,BIHMH gen 65 focus / mip_intensify,24999574.16,425.839999999851,3,C4;C5;C7,2362,244432.22429239503,10202.074292394995,234230.15000000002,6525738.208259338,6501102.323042597,7.525969101596287e-07,24635.885215988703,331.85010618,2.2678820833385837e-09,74.23799106041528,74.23799106268316,0.0,244478.08015854002,10247.93015854,10150.109227305775,0.0,1.0,True,0.0,1.0,True,True,True,0.0,0.4655100277169332,0.0,0,0
952,focus_082eab5972,BIHMH gen 67 focus / add_fix,24999353.92,646.0799999982119,3,C4;C5;C7,2404,244432.22429239503,10202.074292394995,234230.15000000002,6526262.5901286,6501632.5533714425,7.448803599710522e-07,24630.036756412217,331.8501061800001,2.2446289637979463e-09,74.22036726139405,74.22036726363868,0.0,244478.08015854002,10247.93015854,10150.109227305775,0.0,1.0,True,0.0,1.0,True,True,True,0.0,0.4655099514934974,0.0,0,0
953,focus_082eab5972,BIHMH gen 60 focus / mip_intensify,24999574.16,425.839999999851,3,C4;C5;C7,2373,244432.22429239503,10202.074292394995,234230.15000000002,6527345.349815642,6502691.184647356,7.434106119924691e-07,24654.1651675432,331.85010617999995,2.240200012439451e-09,74.29307602562722,74.29307602786741,0.0,244478.08015854002,10247.93015854,10150.109227305775,0.0,1.0,True,0.0,1.0,True,True,True,0.0,0.46551073028875445,0.0,0,0
954,focus_082eab5972,BIHMH gen 67 focus / mip_intensify,24999794.4,205.60000000149012,3,C4;C5;C7,2366,244432.22429239503,10202.074292394995,234230.15000000002,6528215.432066077,6503581.744680636,7.527478747215834e-07,24633.687384689198,331.85010618000024,2.268337001264306e-09,74.2313680964367,74.23136809870503,0.0,244478.08015854002,10247.93015854,10150.109227305775,0.0,1.0,True,0.0,1.0,True,True,True,0.0,0.4655099873861607,0.0,0,0
955,focus_082eab5972,BIHMH gen 65 focus / mip_intensify,24999794.4,205.60000000149012,3,C4;C5;C7,2408,244432.22429239503,10202.074292394995,234230.15000000002,6529892.685202268,6505237.986405464,7.477185480882037e-07,24654.698796056135,331.85010617999995,2.253181584587564e-09,74.2946840664354,74.29468406868858,0.0,244478.08015854002,10247.93015854,10150.109227305775,0.0,1.0,True,0.0,1.0,True,True,True,0.0,0.4655100460758225,0.0,0,0
956,focus_082eab5972,BIHMH gen 61 focus / mip_intensify,24999512.56,487.4400000013411,4,C2;C4;C5;C7,2327,244432.22429239503,10202.074292394995,234230.15000000002,6531664.492521702,6500349.698862147,4781.2744418832835,26533.51921767305,331.85010618000007,14.407934042636269,79.95633788732586,94.36427192996213,0.0,244478.08015854002,10247.93015854,10150.109227305775,0.0,1.0,True,0.0,1.0,True,True,True,0.0,0.969186446172932,0.0,0,0
957,focus_082eab5972,BIHMH gen 64 focus / mip_intensify,24999574.16,425.839999999851,3,C4;C5;C7,2366,244432.22429239503,10202.074292394995,234230.15000000002,6532149.360136905,6507514.418806433,7.451305812550661e-07,24634.941329726993,331.85010617999984,2.245382982794339e-09,74.2351467453341,74.23514674757949,0.0,244478.08015854002,10247.93015854,10150.109227305775,0.0,1.0,True,0.0,1.0,True,True,True,0.0,0.4655097935464863,0.0,0,0
958,focus_082eab5972,BIHMH gen 64 focus / mip_intensify,24999574.16,425.839999999851,3,C4;C5;C7,2372,244432.22429239503,10202.074292394995,234230.15000000002,6533161.247658714,6508531.387799924,7.387971104697644e-07,24629.85985805081,331.8501061800003,2.2262976467725767e-09,74.21983419433116,74.21983419655746,0.0,244478.08015854002,10247.93015854,10150.109227305775,0.0,1.0,True,0.0,1.0,True,True,True,0.0,0.4655100876980544,0.0,0,0
959,focus_082eab5972,BIHMH gen 61 focus / mip_intensify,24999794.4,205.60000000149012,3,C4;C5;C7,2393,244432.22429239503,10202.074292394995,234230.15000000002,6569889.335556513,6545402.436225701,7.087181953768046e-07,24486.89933010262,331.8501061800002,2.135657582078295e-09,73.78903569438842,73.78903569652408,0.0,244478.08015854002,10247.93015854,10150.109227305775,0.0,1.0,True,0.0,1.0,True,True,True,0.0,0.4655107582732258,0.0,0,0
960,focus_082eab5972,BIHMH gen 60 focus / mip_intensify,24999574.16,425.839999999851,3,C4;C5;C7,2410,244432.22429239503,10202.074292394995,234230.15000000002,6571685.076096068,6547055.492114212,7.259688046051297e-07,24629.583981129756,331.85010618000024,2.1876407181601257e-09,74.21900286441469,74.21900286660234,0.0,244478.08015854002,10247.93015854,10150.109227305775,0.0,1.0,True,0.0,1.0,True,True,True,0.0,0.46550977853792647,0.0,0,0
961,screen,BIHMH gen 58 screen / mip_intensify,24999794.4,205.60000000149012,3,C4;C5;C7,2338,1078515.3612064177,19712.551206417524,1058802.81,32261734.220963072,32194289.94462217,3461.4506609205932,63982.825679979345,872.4184888299977,3.967649362363643,73.33960306800334,77.30725243036699,0.0,1078704.78295037,19901.97295037,19712.0,0.0,1.0,True,0.0,1.0,True,True,True,0.0,0.9495534496636918,0.0,0,0
962,screen,BIHMH gen 68 screen / crossover_fix,24999794.4,205.60000000149012,3,C4;C5;C7,2352,1078515.3612064177,19712.551206417524,1058802.81,32264491.140464194,32197077.254654214,3431.774204457547,63982.11160552059,872.4184888299984,3.9336330538568753,73.33878456808851,77.2724176219454,0.0,1078704.78295037,19901.97295037,19712.0,0.0,1.0,True,0.0,1.0,True,True,True,0.0,0.9494073621381002,0.0,0,0
963,screen,BIHMH gen 61 screen / swap_fix,24999794.4,205.60000000149012,3,C4;C5;C7,2354,1078515.3612064177,19712.551206417524,1058802.81,32264521.297887865,32197107.502748176,3431.851419458549,63981.94372022763,872.4184888299988,3.9337215606938916,73.33859213143668,77.27231369213058,0.0,1078704.78295037,19901.97295037,19712.0,0.0,1.0,True,0.0,1.0,True,True,True,0.0,0.9494073444300138,0.0,0,0
964,screen,BIHMH gen 80 screen / crossover_fix,24999794.4,205.60000000149012,3,C4;C5;C7,2354,1078515.3612064177,19712.551206417524,1058802.81,32264641.322508566,32197200.28377381,3456.4249531792634,63984.61378157813,872.4184888299984,3.961888700702205,73.34165265959457,77.30354136029678,0.0,1078704.78295037,19901.97295037,19712.0,0.0,1.0,True,0.0,1.0,True,True,True,0.0,0.9493890707880032,0.0,0,0
965,screen,BIHMH gen 62 screen / swap_fix,24999353.92,646.0799999982119,3,C4;C5;C7,2354,1078515.3612064177,19712.551206417524,1058802.81,32264748.94018653,32197337.630954627,3429.4761890281593,63981.8330428753,872.4184888299983,3.9309989792025553,73.33846526875128,77.26946424795383,0.0,1078704.78295037,19901.97295037,19712.0,0.0,1.0,True,0.0,1.0,True,True,True,0.0,0.9493839318601212,0.0,0,0
966,screen,BIHMH gen 90 screen / crossover_fix,24999794.4,205.60000000149012,3,C4;C5;C7,2360,1078515.3612064177,19712.551206417524,1058802.81,32264847.13343796,32197141.1935099,2228.5761060196905,65477.36382204446,872.4184888299983,2.554480601400868,75.05270080859502,77.60718140999589,0.0,1078704.78295037,19901.97295037,19712.0,0.0,1.0,True,0.0,1.0,True,True,True,0.0,0.9359405624743055,0.0,0,0
967,screen,BIHMH gen 99 screen / crossover_fix,24999794.4,205.60000000149012,3,C4;C5;C7,2354,1078515.3612064177,19712.551206417524,1058802.81,32265123.255636286,32197682.531904884,3456.1511167837975,63984.57261461615,872.4184888299988,3.961574818776302,73.34160547242175,77.30318029119805,0.0,1078704.78295037,19901.97295037,19712.0,0.0,1.0,True,0.0,1.0,True,True,True,0.0,0.9493983056593731,0.0,0,0
968,screen,BIHMH gen 63 screen / crossover_fix,24999353.92,646.0799999982119,3,C4;C5;C7,2354,1078515.3612064177,19712.551206417524,1058802.81,32265154.495711666,32197713.030753195,3456.7551300127957,63984.70982845794,872.4184888299989,3.962267162229279,73.3417627522634,77.30402991449269,0.0,1078704.78295037,19901.97295037,19712.0,0.0,1.0,True,0.0,1.0,True,True,True,0.0,0.9493904174826732,0.0,0,0
969,screen,BIHMH gen 82 screen / crossover_fix,24999794.4,205.60000000149012,3,C4;C5;C7,2355,1078515.3612064177,19712.551206417524,1058802.81,32265529.2311973,32198115.277511336,3431.7200091002705,63982.23367686642,872.4184888299985,3.933570933030723,73.3389244910124,77.27249542404313,0.0,1078704.78295037,19901.97295037,19712.0,0.0,1.0,True,0.0,1.0,True,True,True,0.0,0.9493786298740801,0.0,0,0
970,screen,BIHMH gen 98 screen / crossover_fix,24999574.16,425.839999999851,3,C4;C5;C7,2362,1078515.3612064177,19712.551206417524,1058802.81,32265529.42288615,32197819.864243545,2231.973449714451,65477.58519289358,872.4184888299983,2.5583747688655176,75.05295455247133,77.61132932133685,0.0,1078704.78295037,19901.97295037,19712.0,0.0,1.0,True,0.0,1.0,True,True,True,0.0,0.9360290044116116,0.0,0,0
971,screen,BIHMH gen 77 screen / crossover_fix,24999353.92,646.0799999982119,3,C4;C5;C7,2355,1078515.3612064177,19712.551206417524,1058802.81,32265758.44112218,32198345.130995534,3431.198744952197,63982.11138169348,872.4184888299994,3.932973439792385,73.3387843115291,77.27175775132149,0.0,1078704.78295037,19901.97295037,19712.0,0.0,1.0,True,0.0,1.0,True,True,True,0.0,0.9493852687476666,0.0,0,0
972,screen,BIHMH gen 62 screen / crossover_fix,24999794.4,205.60000000149012,3,C4;C5;C7,2354,1078515.3612064177,19712.551206417524,1058802.81,32265856.335502476,32198444.514192328,3429.878386432459,63981.94292371398,872.4184888299984,3.9314599935087045,73.33859121844179,77.2700512119505,0.0,1078704.78295037,19901.97295037,19712.0,0.0,1.0,True,0.0,1.0,True,True,True,0.0,0.949383152054437,0.0,0,0
973,screen,BIHMH gen 87 screen / crossover_fix,24999794.4,205.60000000149012,3,C4;C5;C7,2355,1078515.3612064177,19712.551206417524,1058802.81,32266002.313175596,32198560.5808328,3457.075130207016,63984.657212587685,872.4184888299989,3.96263395889661,73.3417024419067,77.30433640080331,0.0,1078704.78295037,19901.97295037,19712.0,0.0,1.0,True,0.0,1.0,True,True,True,0.0,0.9493926903896328,0.0,0,0
974,screen,BIHMH gen 60 screen / swap_fix,24999794.4,205.60000000149012,3,C4;C5;C7,2354,1078515.3612064177,19712.551206417524,1058802.81,32266083.58035714,32198669.739747196,3431.8871571704176,63981.9534527728,872.4184888299981,3.9337625246490675,73.33860328725852,77.27236581190759,0.0,1078704.78295037,19901.97295037,19712.0,0.0,1.0,True,0.0,1.0,True,True,True,0.0,0.9494060425804212,0.0,0,0
975,screen,BIHMH gen 62 screen / swap_fix,24999353.92,646.0799999982119,3,C4;C5;C7,2354,1078515.3612064177,19712.551206417524,1058802.81,32266182.054531064,32198770.07399276,3429.9881449048376,63981.992393401066,872.4184888299993,3.9315858029382156,73.33864792252092,77.27023372545914,0.0,1078704.78295037,19901.97295037,19712.0,0.0,1.0,True,0.0,1.0,True,True,True,0.0,0.9493832684111568,0.0,0,0
976,screen,BIHMH gen 98 screen / crossover_fix,24999353.92,646.0799999982119,3,C4;C5;C7,2355,1078515.3612064177,19712.551206417524,1058802.81,32266208.305513494,32198794.132090304,3431.965864374529,63982.20755881265,872.4184888299985,3.933852741907318,73.33889455348347,77.27274729539079,0.0,1078704.78295037,19901.97295037,19712.0,0.0,1.0,True,0.0,1.0,True,True,True,0.0,0.9493960334961815,0.0,0,0
977,screen,BIHMH gen 77 screen / crossover_fix,24999794.4,205.60000000149012,3,C4;C5;C7,2355,1078515.3612064177,19712.551206417524,1058802.81,32266328.969821334,32198915.29842897,3431.464337707053,63982.207054656115,872.4184888299985,3.9332778725368303,73.33889397559963,77.27217184813647,0.0,1078704.78295037,19901.97295037,19712.0,0.0,1.0,True,0.0,1.0,True,True,True,0.0,0.9493806742766748,0.0,0,0
978,screen,BIHMH gen 59 screen / mip_intensify,24999574.16,425.839999999851,3,C4;C5;C7,2354,1078515.3612064177,19712.551206417524,1058802.81,32266411.93113466,32198989.96755725,3438.7309787842855,63983.23259862512,872.4184888299994,3.9416071791371228,73.34006949397994,77.28167667311706,0.0,1078704.78295037,19901.97295037,19712.0,0.0,1.0,True,0.0,1.0,True,True,True,0.0,0.9494059256901877,0.0,0,0
979,screen,BIHMH gen 84 screen / crossover_fix,24999353.92,646.0799999982119,3,C4;C5;C7,2354,1078515.3612064177,19712.551206417524,1058802.81,32266530.173973218,32199115.928134754,3432.0990383816584,63982.146800083414,872.4184888299985,3.9340053911333888,73.33882490946512,77.2728303005985,0.0,1078704.78295037,19901.97295037,19712.0,0.0,1.0,True,0.0,1.0,True,True,True,0.0,0.9493957182426689,0.0,0,0
980,screen,BIHMH gen 73 screen / swap_fix,24999353.92,646.0799999982119,3,C4;C5;C7,2358,1078515.3612064177,19712.551206417524,1058802.81,32266590.66777297,32198885.45284172,2227.7753391674314,65477.43959208319,872.4184888299981,2.553562731293218,75.0527876591601,77.60635039045331,0.0,1078704.78295037,19901.97295037,19712.0,0.0,1.0,True,0.0,1.0,True,True,True,0.0,0.935908508709051,0.0,0,0
981,screen,BIHMH gen 81 screen / swap_fix,24999574.16,425.839999999851,3,C4;C5;C7,2360,1078515.3612064177,19712.551206417524,1058802.81,32266664.51214215,32198957.16433347,2229.7414759610524,65477.60633271789,872.4184888299983,2.5558163937485574,75.05297878376008,77.60879517750864,0.0,1078704.78295037,19901.97295037,19712.0,0.0,1.0,True,0.0,1.0,True,True,True,0.0,0.9359608845870813,0.0,0,0
982,screen,BIHMH gen 98 screen / crossover_fix,24999794.4,205.60000000149012,3,C4;C5;C7,2356,1078515.3612064177,19712.551206417524,1058802.81,32266704.9307095,32199292.139834713,3430.683833925946,63982.107040858034,872.4184888299986,3.9323832287493583,73.33877933589476,77.27116256464411,0.0,1078704.78295037,19901.97295037,19712.0,0.0,1.0,True,0.0,1.0,True,True,True,0.0,0.9493829204920798,0.0,0,0
983,screen,BIHMH gen 74 screen / swap_fix,24999794.4,205.60000000149012,3,C4;C5;C7,2359,1078515.3612064177,19712.551206417524,1058802.81,32266726.87283184,32199015.821114395,2233.097442294577,65477.95427514841,872.4184888299974,2.559663132872607,75.0533776089054,77.613040741778,0.0,1078704.78295037,19901.97295037,19712.0,0.0,1.0,True,0.0,1.0,True,True,True,0.0,0.9360543090775042,0.0,0,0
984,screen,BIHMH gen 68 screen / crossover_fix,24999794.4,205.60000000149012,3,C4;C5;C7,2355,1078515.3612064177,19712.551206417524,1058802.81,32266749.70295185,32199337.806408595,3429.9019239871404,63981.99461926704,872.4184888299976,3.9314869731692523,73.3386504738952,77.27013744706446,0.0,1078704.78295037,19901.97295037,19712.0,0.0,1.0,True,0.0,1.0,True,True,True,0.0,0.9493821718630383,0.0,0,0
985,screen,BIHMH gen 85 screen / swap_fix,24999794.4,205.60000000149012,3,C4;C5;C7,2361,1078515.3612064177,19712.551206417524,1058802.81,32266917.07049573,32199236.459570568,2206.036501728463,65474.57442343176,872.4184888299983,2.5286448304035622,75.04950349142624,77.5781483218298,0.0,1078704.78295037,19901.97295037,19712.0,0.0,1.0,True,0.0,1.0,True,True,True,0.0,0.9354176259282098,0.0,0,0
986,screen,BIHMH gen 78 screen / crossover_fix,24999353.92,646.0799999982119,3,C4;C5;C7,2360,1078515.3612064177,19712.551206417524,1058802.81,32266964.115161065,32199254.425321013,2231.9781011132623,65477.71173894136,872.418488829999,2.5583801004797246,75.05309960447258,77.6114797049523,0.0,1078704.78295037,19901.97295037,19712.0,0.0,1.0,True,0.0,1.0,True,True,True,0.0,0.936018859812361,0.0,0,0
987,screen,BIHMH gen 87 screen / remove_fix,24999574.16,425.839999999851,3,C4;C5;C7,2360,1078515.3612064177,19712.551206417524,1058802.81,32267165.02702379,32199455.951289415,2231.1027711727106,65477.972963197935,872.4184888299989,2.557376763260536,75.05339902987441,77.61077579313495,0.0,1078704.78295037,19901.97295037,19712.0,0.0,1.0,True,0.0,1.0,True,True,True,0.0,0.936002763104714,0.0,0,0
988,screen,BIHMH gen 80 screen / swap_fix,24999794.4,205.60000000149012,3,C4;C5;C7,2361,1078515.3612064177,19712.551206417524,1058802.81,32267193.351648577,32199484.46205065,2231.2714499005847,65477.61814802528,872.4184888299986,2.5575701093782928,75.05299232692487,77.61056243630316,0.0,1078704.78295037,19901.97295037,19712.0,0.0,1.0,True,0.0,1.0,True,True,True,0.0,0.9360008766964185,0.0,0,0
989,screen,BIHMH gen 81 screen / swap_fix,24999794.4,205.60000000149012,3,C4;C5;C7,2360,1078515.3612064177,19712.551206417524,1058802.81,32267294.56516056,32199585.299151827,2231.4637896871823,65477.80221904736,872.4184888299978,2.5577905767217324,75.05320331628891,77.61099389301064,0.0,1078704.78295037,19901.97295037,19712.0,0.0,1.0,True,0.0,1.0,True,True,True,0.0,0.9360141824325154,0.0,0,0
990,screen,BIHMH gen 92 screen / swap_fix,24999794.4,205.60000000149012,3,C4;C5;C7,2361,1078515.3612064177,19712.551206417524,1058802.81,32267321.026361912,32199634.248916708,2211.758533879738,65475.018911326035,872.4184888299978,2.5352036461835326,75.0500129807367,77.58521662692023,0.0,1078704.78295037,19901.97295037,19712.0,0.0,1.0,True,0.0,1.0,True,True,True,0.0,0.9355672230238649,0.0,0,0
991,screen,BIHMH gen 96 screen / swap_fix,24999574.16,425.839999999851,3,C4;C5;C7,2361,1078515.3612064177,19712.551206417524,1058802.81,32267422.007485922,32199719.915990308,2225.100395802065,65476.99109981387,872.4184888299988,2.550496607180058,75.05227357987923,77.60277018705929,0.0,1078704.78295037,19901.97295037,19712.0,0.0,1.0,True,0.0,1.0,True,True,True,0.0,0.9358428352261915,0.0,0,0
992,screen,BIHMH gen 89 screen / crossover_fix,24999794.4,205.60000000149012,3,C4;C5;C7,2361,1078515.3612064177,19712.551206417524,1058802.81,32267473.825977,32199763.54736069,2232.3595748370194,65477.91904147714,872.4184888299995,2.5588173604972964,75.05333722270097,77.61215458319828,0.0,1078704.78295037,19901.97295037,19712.0,0.0,1.0,True,0.0,1.0,True,True,True,0.0,0.9360275256328262,0.0,0,0
993,screen,BIHMH gen 81 screen / crossover_fix,24999794.4,205.60000000149012,3,C4;C5;C7,2360,1078515.3612064177,19712.551206417524,1058802.81,32267524.549223173,32199814.40674992,2232.2655530762254,65477.876920179384,872.4184888299986,2.558709589098598,75.05328894163148,77.61199853073008,0.0,1078704.78295037,19901.97295037,19712.0,0.0,1.0,True,0.0,1.0,True,True,True,0.0,0.9360253244946232,0.0,0,0
994,screen,BIHMH gen 94 screen / swap_fix,24999794.4,205.60000000149012,3,C4;C5;C7,2361,1078515.3612064177,19712.551206417524,1058802.81,32267590.121372864,32199903.463383973,2211.624415905298,65475.03357298533,872.4184888299984,2.5350499149454184,75.05002978650073,77.58507970144615,0.0,1078704.78295037,19901.97295037,19712.0,0.0,1.0,True,0.0,1.0,True,True,True,0.0,0.9355635777495143,0.0,0,0
995,screen,BIHMH gen 82 screen / crossover_fix,24999794.4,205.60000000149012,3,C4;C5;C7,2355,1078515.3612064177,19712.551206417524,1058802.81,32267616.000361692,32200202.613952518,3431.3663193735856,63982.02008979983,872.4184888299991,3.933165520111103,73.33867966921031,77.27184518932141,0.0,1078704.78295037,19901.97295037,19712.0,0.0,1.0,True,0.0,1.0,True,True,True,0.0,0.9493964020001342,0.0,0,0
996,screen,BIHMH gen 85 screen / remove_fix,24999794.4,205.60000000149012,3,C4;C5;C7,2360,1078515.3612064177,19712.551206417524,1058802.81,32267796.189462163,32200086.93177384,2231.313745730428,65477.94394259284,872.4184888299982,2.557618590503333,75.05336576532831,77.61098435583165,0.0,1078704.78295037,19901.97295037,19712.0,0.0,1.0,True,0.0,1.0,True,True,True,0.0,0.9359261562763092,0.0,0,0
997,screen,BIHMH gen 88 screen / swap_fix,24999574.16,425.839999999851,3,C4;C5;C7,2361,1078515.3612064177,19712.551206417524,1058802.81,32267881.032621592,32200178.614453036,2225.192897043024,65477.22527151302,872.4184888299986,2.550602635699792,75.05254199658766,77.60314463228745,0.0,1078704.78295037,19901.97295037,19712.0,0.0,1.0,True,0.0,1.0,True,True,True,0.0,0.9358478514715831,0.0,0,0
998,screen,BIHMH gen 87 screen / crossover_fix,24999574.16,425.839999999851,3,C4;C5;C7,2355,1078515.3612064177,19712.551206417524,1058802.81,32267946.291005544,32200528.34632514,3435.9948904684215,63981.949789933926,872.4184888299992,3.938470968303796,73.33859908877005,77.27707005707384,0.0,1078704.78295037,19901.97295037,19712.0,0.0,1.0,True,0.0,1.0,True,True,True,0.0,0.9493957806343651,0.0,0,0
999,screen,BIHMH gen 72 screen / remove_fix,24999574.16,425.839999999851,3,C4;C5;C7,2360,1078515.3612064177,19712.551206417524,1058802.81,32268009.233804554,32200326.441477057,2207.485516215462,65475.30681127871,872.418488829998,2.5303057471603165,75.0503429828588,77.5806487300191,0.0,1078704.78295037,19901.97295037,19712.0,0.0,1.0,True,0.0,1.0,True,True,True,0.0,0.9353597706053197,0.0,0,0
1000,screen,BIHMH gen 76 screen / swap_fix,24999794.4,205.60000000149012,3,C4;C5;C7,2360,1078515.3612064177,19712.551206417524,1058802.81,32268014.473504804,32200334.48926162,2205.4507419899314,65474.53350119393,872.4184888299982,2.5279734098112305,75.04945658476579,77.57742999457702,0.0,1078704.78295037,19901.97295037,19712.0,0.0,1.0,True,0.0,1.0,True,True,True,0.0,0.9354022413014331,0.0,0,0
1001,screen,BIHMH gen 89 screen / swap_fix,24999794.4,205.60000000149012,3,C4;C5;C7,2361,1078515.3612064177,19712.551206417524,1058802.81,32268313.86939713,32200601.919183556,2234.109201950562,65477.84101162577,872.4184888299983,2.560822851137335,75.05324778185089,77.61407063298822,0.0,1078704.78295037,19901.97295037,19712.0,0.0,1.0,True,0.0,1.0,True,True,True,0.0,0.936073799867017,0.0,0,0
1002,screen,BIHMH gen 95 screen / swap_fix,24999794.4,205.60000000149012,3,C4;C5;C7,2361,1078515.3612064177,19712.551206417524,1058802.81,32268332.47947888,32200646.639744192,2211.0097773459934,65474.8299573421,872.4184888299981,2.5343453923256285,75.04979639433193,77.58414178665757,0.0,1078704.78295037,19901.97295037,19712.0,0.0,1.0,True,0.0,1.0,True,True,True,0.0,0.9355485037505572,0.0,0,0
1003,screen,BIHMH gen 87 screen / swap_fix,24999794.4,205.60000000149012,3,C4;C5;C7,2361,1078515.3612064177,19712.551206417524,1058802.81,32268470.53614283,32200785.461968876,2210.1206992178186,65474.95347473364,872.4184888299983,2.5333262963991223,75.04993797476965,77.58326427116877,0.0,1078704.78295037,19901.97295037,19712.0,0.0,1.0,True,0.0,1.0,True,True,True,0.0,0.9355282051669378,0.0,0,0
1004,screen,BIHMH gen 96 screen / remove_fix,24999353.92,646.0799999982119,3,C4;C5;C7,2361,1078515.3612064177,19712.551206417524,1058802.81,32268538.42135135,32200827.834561154,2232.770616326913,65477.81617387115,872.4184888299983,2.559288512238301,75.05321931185061,77.61250782408891,0.0,1078704.78295037,19901.97295037,19712.0,0.0,1.0,True,0.0,1.0,True,True,True,0.0,0.9360381401244006,0.0,0,0
1005,screen,BIHMH gen 93 screen / swap_fix,24999794.4,205.60000000149012,3,C4;C5;C7,2361,1078515.3612064177,19712.551206417524,1058802.81,32268544.437219787,32200858.920712285,2210.5714422610527,65474.94506524031,872.4184888299992,2.533842955604541,75.04992833548127,77.58377129108581,0.0,1078704.78295037,19901.97295037,19712.0,0.0,1.0,True,0.0,1.0,True,True,True,0.0,0.9355360983567134,0.0,0,0
1006,screen,BIHMH gen 90 screen / swap_fix,24999574.16,425.839999999851,3,C4;C5;C7,2361,1078515.3612064177,19712.551206417524,1058802.81,32268545.86679909,32200860.35587042,2210.575881709126,65474.93504696158,872.4184888299994,2.5338480442725713,75.04991685214057,77.58376489641314,0.0,1078704.78295037,19901.97295037,19712.0,0.0,1.0,True,0.0,1.0,True,True,True,0.0,0.9355362922650581,0.0,0,0
1007,screen,BIHMH gen 71 screen / remove_fix,24999794.4,205.60000000149012,3,C4;C5;C7,2360,1078515.3612064177,19712.551206417524,1058802.81,32268571.069254614,32200889.365098935,2207.247822915808,65474.45633276574,872.4184888299989,2.5300332938564263,75.04936813131228,77.5794014251687,0.0,1078704.78295037,19901.97295037,19712.0,0.0,1.0,True,0.0,1.0,True,True,True,0.0,0.9354411046425775,0.0,0,0
1008,screen,BIHMH gen 90 screen / swap_fix,24999353.92,646.0799999982119,3,C4;C5;C7,2361,1078515.3612064177,19712.551206417524,1058802.81,32268647.685107637,32200940.607056223,2229.400517981564,65477.67753343242,872.4184888299983,2.5554255744527103,75.05306039678804,77.60848597124075,0.0,1078704.78295037,19901.97295037,19712.0,0.0,1.0,True,0.0,1.0,True,True,True,0.0,0.9359506304226922,0.0,0,0
1009,screen,BIHMH gen 72 screen / add_fix,24999794.4,205.60000000149012,3,C4;C5;C7,2357,1078515.3612064177,19712.551206417524,1058802.81,32268650.995607957,32200944.070209906,2229.1651024256225,65477.76029562608,872.418488829999,2.5551557319872455,75.05315526203296,77.6083109940202,0.0,1078704.78295037,19901.97295037,19712.0,0.0,1.0,True,0.0,1.0,True,True,True,0.0,0.9359430813885723,0.0,0,0
1010,screen,BIHMH gen 92 screen / swap_fix,24999574.16,425.839999999851,3,C4;C5;C7,2361,1078515.3612064177,19712.551206417524,1058802.81,32268679.530178193,32200972.530719224,2229.3271730665037,65477.67228590143,872.4184888299985,2.5553415036587053,75.05305438186393,77.60839588552264,0.0,1078704.78295037,19901.97295037,19712.0,0.0,1.0,True,0.0,1.0,True,True,True,0.0,0.9359487386428601,0.0,0,0
1011,screen,BIHMH gen 76 screen / crossover_fix,24999574.16,425.839999999851,3,C4;C5;C7,2360,1078515.3612064177,19712.551206417524,1058802.81,32269133.31950063,32201420.29388572,2234.8109914091006,65478.214623500724,872.418488829999,2.5616272695071,75.05367603031155,77.61530329981865,0.0,1078704.78295037,19901.97295037,19712.0,0.0,1.0,True,0.0,1.0,True,True,True,0.0,0.9360976277317963,0.0,0,0
1012,screen,BIHMH gen 100 screen / swap_fix,24999794.4,205.60000000149012,3,C4;C5;C7,2362,1078515.3612064177,19712.551206417524,1058802.81,32269137.852581,32201453.948612988,2209.3605337501895,65474.54343426076,872.418488829998,2.5324549651775112,75.04946797043331,77.58192293561082,0.0,1078704.78295037,19901.97295037,19712.0,0.0,1.0,True,0.0,1.0,True,True,True,0.0,0.9355009987053866,0.0,0,0
1013,screen,BIHMH gen 79 screen / crossover_fix,24999794.4,205.60000000149012,3,C4;C5;C7,2361,1078515.3612064177,19712.551206417524,1058802.81,32269151.000002608,32201464.85266436,2211.373829120005,65474.77350912891,872.4184888299989,2.5347626826268668,75.04973169119465,77.58449437382151,0.0,1078704.78295037,19901.97295037,19712.0,0.0,1.0,True,0.0,1.0,True,True,True,0.0,0.935548972931692,0.0,0,0
1014,screen,BIHMH gen 75 screen / swap_fix,24999794.4,205.60000000149012,3,C4;C5;C7,2359,1078515.3612064177,19712.551206417524,1058802.81,32269173.92195012,32201465.343188684,2230.9735376060735,65477.60522383043,872.418488829999,2.5572286307206,75.05297751271009,77.61020614343069,0.0,1078704.78295037,19901.97295037,19712.0,0.0,1.0,True,0.0,1.0,True,True,True,0.0,0.9359931790439943,0.0,0,0
1015,screen,BIHMH gen 85 screen / swap_fix,24999574.16,425.839999999851,3,C4;C5;C7,2360,1078515.3612064177,19712.551206417524,1058802.81,32269414.637953974,32201729.325070217,2210.587933498804,65474.72495025924,872.4184888299978,2.533861858502595,75.04967603112988,77.58353788963247,0.0,1078704.78295037,19901.97295037,19712.0,0.0,1.0,True,0.0,1.0,True,True,True,0.0,0.9355380271229171,0.0,0,0
1016,screen,BIHMH gen 87 screen / swap_fix,24999574.16,425.839999999851,3,C4;C5;C7,2361,1078515.3612064177,19712.551206417524,1058802.81,32269444.523022566,32201739.363388848,2227.637399660125,65477.522234058764,872.4184888299988,2.5534046196655136,75.05288238660637,77.60628700627188,0.0,1078704.78295037,19901.97295037,19712.0,0.0,1.0,True,0.0,1.0,True,True,True,0.0,0.9359054219718013,0.0,0,0
1017,screen,BIHMH gen 73 screen / mip_intensify,24999794.4,205.60000000149012,3,C4;C5;C7,2360,1078515.3612064177,19712.551206417524,1058802.81,32269650.952899355,32202281.71677328,3404.8813273199653,63964.354798756,872.4184888299977,3.902807392225558,73.31843102561791,77.22123841784347,0.0,1078704.78295037,19901.97295037,19712.0,0.0,1.0,True,0.0,1.0,True,True,True,0.0,0.9501657075640676,0.0,0,0
1018,screen,BIHMH gen 73 screen / swap_fix,24999794.4,205.60000000149012,3,C4;C5;C7,2359,1078515.3612064177,19712.551206417524,1058802.81,32269691.991054703,32201983.99591694,2230.45166371535,65477.5434740472,872.4184888299985,2.5566304385715295,75.05290673270716,77.60953717127869,0.0,1078704.78295037,19901.97295037,19712.0,0.0,1.0,True,0.0,1.0,True,True,True,0.0,0.9359784270970577,0.0,0,0
1019,screen,BIHMH gen 98 screen / crossover_fix,24999794.4,205.60000000149012,3,C4;C5;C7,2363,1078515.3612064177,19712.551206417524,1058802.81,32269777.630822238,32202082.193264436,2220.315313299358,65475.12224450295,872.4184888299976,2.5450117595249817,75.0501314252427,77.59514318476768,0.0,1078704.78295037,19901.97295037,19712.0,0.0,1.0,True,0.0,1.0,True,True,True,0.0,0.9357957960723485,0.0,0,0
1020,screen,BIHMH gen 85 screen / swap_fix,24999574.16,425.839999999851,3,C4;C5;C7,2360,1078515.3612064177,19712.551206417524,1058802.81,32269928.40058219,32202215.05086904,2235.2637141900564,65478.08599896158,872.4184888299988,2.56214619796489,75.05352859586263,77.61567479382752,0.0,1078704.78295037,19901.97295037,19712.0,0.0,1.0,True,0.0,1.0,True,True,True,0.0,0.9361023431799677,0.0,0,0
1021,screen,BIHMH gen 64 screen / add_fix,24999574.16,425.839999999851,3,C4;C5;C7,2357,1078515.3612064177,19712.551206417524,1058802.81,32270423.04857484,32202738.349795237,2208.885325716076,65475.81345388623,872.4184888299989,2.5319102632481045,75.05092371631864,77.58283397956674,0.0,1078704.78295037,19901.97295037,19712.0,0.0,1.0,True,0.0,1.0,True,True,True,0.0,0.935303903378003,0.0,0,0
1022,screen,BIHMH gen 67 screen / swap_fix,24999794.4,205.60000000149012,3,C4;C5;C7,2359,1078515.3612064177,19712.551206417524,1058802.81,32270430.817644607,32202742.80172739,2212.219072718498,65475.79684449904,872.4184888299994,2.535731533710737,75.05090467799306,77.58663621170379,0.0,1078704.78295037,19901.97295037,19712.0,0.0,1.0,True,0.0,1.0,True,True,True,0.0,0.9353943503006208,0.0,0,0
1023,screen,BIHMH gen 54 screen / add_fix,24999574.16,425.839999999851,3,C4;C5;C7,2323,1078515.3612064177,19712.551206417524,1058802.81,32270720.180351097,32204628.419677082,2640.725548324713,63451.03512569146,872.4184888299981,3.0269023205436585,72.73004405349748,75.75694637404114,0.0,1078704.78295037,19901.97295037,19712.0,0.0,1.0,True,0.0,1.0,True,True,True,0.0,0.9503229345330669,0.0,0,0
1024,screen,BIHMH gen 75 screen / remove_fix,24999794.4,205.60000000149012,3,C4;C5;C7,2360,1078515.3612064177,19712.551206417524,1058802.81,32271280.854626477,32203597.74437032,2208.4802861511685,65474.62997000694,872.418488829998,2.5314459911469385,75.04956716107094,77.58101315221788,0.0,1078704.78295037,19901.97295037,19712.0,0.0,1.0,True,0.0,1.0,True,True,True,0.0,0.9354727494246765,0.0,0,0
1025,screen,BIHMH gen 83 screen / mip_intensify,24999574.16,425.839999999851,3,C4;C5;C7,2366,1078515.3612064177,19712.551206417524,1058802.81,32271360.701696746,32204550.277984403,3345.9306795061498,63464.493032836894,872.4184888299995,3.8352358671276874,72.74547003004157,76.58070589716927,0.0,1078704.78295037,19901.97295037,19712.0,0.0,1.0,True,0.0,1.0,True,True,True,0.0,0.9588853388933531,0.0,0,0
1026,screen,BIHMH gen 64 screen / crossover_fix,24999794.4,205.60000000149012,3,C4;C5;C7,2362,1078515.3612064177,19712.551206417524,1058802.81,32271720.181893587,32204053.599357802,2191.795469660609,65474.787066124845,872.4184888299977,2.5123212056177655,75.04974723075071,77.56206843636848,0.0,1078704.78295037,19901.97295037,19712.0,0.0,1.0,True,0.0,1.0,True,True,True,0.0,0.9350319342736464,0.0,0,0
1027,screen,BIHMH gen 67 screen / swap_fix,24999794.4,205.60000000149012,3,C4;C5;C7,2360,1078515.3612064177,19712.551206417524,1058802.81,32272007.409380116,32204297.87319701,2230.971990251293,65478.56419285462,872.4184888299981,2.557226857082377,75.05407672029972,77.6113035773821,0.0,1078704.78295037,19901.97295037,19712.0,0.0,1.0,True,0.0,1.0,True,True,True,0.0,0.9359865975986935,0.0,0,0
1028,polish,BIHMH gen 82 full / crossover_fix / polished hard-feasibility check,24999794.4,205.60000000149012,3,C4;C5;C7,2355,1078515.3612064177,19712.551206417607,1058802.81,32272475.63519321,32204877.8378414,1158.3499736106107,66439.44737820057,900.2723488114497,1.286666168454333,73.79927581460734,75.08594198306167,0.0,1078704.78295037,19901.97295037,19712.0,0.0,1.0,True,0.0,1.0,True,True,True,0.0,0.8679640865342795,0.0,0,0
1029,screen,BIHMH gen 69 screen / mip_intensify,24999794.4,205.60000000149012,3,C4;C5;C7,2372,1078515.3612064177,19712.551206417524,1058802.81,32272533.362312607,32205003.507632006,3468.9762668099374,64060.87841379219,872.418488829999,3.976275504502643,73.4290701469478,77.40534565145043,0.0,1078704.78295037,19901.97295037,19712.0,0.0,1.0,True,0.0,1.0,True,True,True,0.0,0.9492593003424994,0.0,0,0
1030,screen,BIHMH gen 53 screen / mip_intensify,24999794.4,205.60000000149012,3,C4;C5;C7,2323,1078515.3612064177,19712.551206417524,1058802.81,32274476.28627321,32208384.283503406,2641.128376372575,63450.87439343517,872.4184888299967,3.027364057717989,72.7298598159346,75.75722387365259,0.0,1078704.78295037,19901.97295037,19712.0,0.0,1.0,True,0.0,1.0,True,True,True,0.0,0.9503291089064767,0.0,0,0
1031,screen,BIHMH gen 60 screen / mip_intensify,24999794.4,205.60000000149012,3,C4;C5;C7,2367,1078515.3612064177,19712.551206417524,1058802.81,32280925.09514983,32213439.57724775,3430.8040812058307,64054.71382087344,872.4184888299983,3.9325210608579457,73.42200405080514,77.3545251116631,0.0,1078704.78295037,19901.97295037,19712.0,0.0,1.0,True,0.0,1.0,True,True,True,0.0,0.9491836723602503,0.0,0,0
1032,final,BIHMH gen 82 full / crossover_fix,24999794.4,205.60000000149012,3,C4;C5;C7,2355,1078515.3612064177,19712.551206417575,1058802.81,32281318.784533318,32213962.376270194,1086.3292060046347,66270.07905711899,896.9276750534328,1.2111670051210301,73.88564418326267,75.0968111883837,0.0,1078704.78295037,19901.97295037,19712.0,0.0,1.0,True,0.0,1.0,True,True,True,0.0,0.8664944240371555,0.0,0,0
1033,final,BIHMH gen 84 full / crossover_fix,24999353.92,646.0799999982119,3,C4;C5;C7,2354,1078515.3612064177,19712.551206417575,1058802.81,32281362.717940707,32214060.68861709,1085.8002546071853,66216.22906901018,896.7723351407494,1.2107869657205335,73.8383940653315,75.04918103105203,0.0,1078704.78295037,19901.97295037,19712.0,0.0,1.0,True,0.0,1.0,True,True,True,0.0,0.8649037007855543,0.0,0,0
1034,final,BIHMH gen 99 full / crossover_fix,24999794.4,205.60000000149012,3,C4;C5;C7,2354,1078515.3612064177,19712.551206417575,1058802.81,32281663.19944917,32214354.89688566,1100.13943294598,66208.16313056694,897.2498615389983,1.22612382581924,73.79010682376044,75.01623064957968,0.0,1078704.78295037,19901.97295037,19712.0,0.0,1.0,True,0.0,1.0,True,True,True,0.0,0.867119926887967,0.0,0,0
1035,final,BIHMH gen 62 full / swap_fix,24999353.92,646.0799999982119,3,C4;C5;C7,2354,1078515.3612064177,19712.551206417575,1058802.81,32281699.83448389,32214328.59823867,1093.134126684803,66278.10211853527,897.2498615389986,1.2183162946493142,73.86805499735875,75.08637129200807,0.0,1078704.78295037,19901.97295037,19712.0,0.0,1.0,True,0.0,1.0,True,True,True,0.0,0.8663665184400016,0.0,0,0
1036,final,BIHMH gen 80 full / crossover_fix,24999794.4,205.60000000149012,3,C4;C5;C7,2354,1078515.3612064177,19712.551206417575,1058802.81,32281703.821324877,32214440.838413388,1010.7770077613886,66252.20590372666,897.0251432339402,1.126810118295405,73.85769106189744,74.98450118019285,0.0,1078704.78295037,19901.97295037,19712.0,0.0,1.0,True,0.0,1.0,True,True,True,0.0,0.8631144086765694,0.0,0,0
1037,final,BIHMH gen 62 full / crossover_fix,24999794.4,205.60000000149012,3,C4;C5;C7,2354,1078515.3612064177,19712.551206417575,1058802.81,32281811.334416714,32214515.031319074,1132.5745699177535,66163.72852771948,897.1630385574994,1.2623954858180066,73.7477199619153,75.0101154477333,0.0,1078704.78295037,19901.97295037,19712.0,0.0,1.0,True,0.0,1.0,True,True,True,0.0,0.8723086269182303,0.0,0,0
1038,final,BIHMH gen 60 full / swap_fix,24999794.4,205.60000000149012,3,C4;C5;C7,2354,1078515.3612064177,19712.551206417575,1058802.81,32281897.735299286,32214508.07619909,1084.8160828637212,66304.84301733386,897.07217729779,1.209285172717611,73.91249522090959,75.1217803936272,0.0,1078704.78295037,19901.97295037,19712.0,0.0,1.0,True,0.0,1.0,True,True,True,0.0,0.8675920699052743,0.0,0,0
1039,final,BIHMH gen 63 full / crossover_fix,24999353.92,646.0799999982119,3,C4;C5;C7,2354,1078515.3612064177,19712.551206417575,1058802.81,32281921.88474375,32214545.659297414,1158.3341053811805,66217.89134095769,897.2498615389986,1.2909827630336546,73.80094907719254,75.0919318402262,0.0,1078704.78295037,19901.97295037,19712.0,0.0,1.0,True,0.0,1.0,True,True,True,0.0,0.871748767581437,0.0,0,0
1040,final,BIHMH gen 61 full / swap_fix,24999794.4,205.60000000149012,3,C4;C5;C7,2354,1078515.3612064177,19712.551206417575,1058802.81,32282164.889544986,32214758.480120752,1137.790756993042,66268.618667243,897.0721772977889,1.2683380287418555,73.87211457929845,75.1404526080403,0.0,1078704.78295037,19901.97295037,19712.0,0.0,1.0,True,0.0,1.0,True,True,True,0.0,0.8686447488678766,0.0,0,0
1041,final,BIHMH gen 82 full / crossover_fix,24999794.4,205.60000000149012,3,C4;C5;C7,2355,1078515.3612064177,19712.551206417575,1058802.81,32282201.509987246,32214894.906734854,1124.9645782012333,66181.6386741939,897.0251432339398,1.254105959778931,73.77902299995402,75.03312895973295,0.0,1078704.78295037,19901.97295037,19712.0,0.0,1.0,True,0.0,1.0,True,True,True,0.0,0.8728390231666137,0.0,0,0
1042,final,BIHMH gen 77 full / crossover_fix,24999794.4,205.60000000149012,3,C4;C5;C7,2355,1078515.3612064177,19712.551206417575,1058802.81,32282358.739074714,32215010.05029314,1091.1333278501752,66257.55545372561,897.2069378178082,1.2161445502238712,73.84868825789245,75.06483280811632,0.0,1078704.78295037,19901.97295037,19712.0,0.0,1.0,True,0.0,1.0,True,True,True,0.0,0.8676584504370797,0.0,0,0
1043,final,BIHMH gen 98 full / crossover_fix,24999353.92,646.0799999982119,3,C4;C5;C7,2355,1078515.3612064177,19712.551206417575,1058802.81,32282495.166120447,32215105.253787823,1085.0236246890126,66304.88870793612,897.0721772977896,1.2095165273739519,73.91254615393754,75.12206268131149,0.0,1078704.78295037,19901.97295037,19712.0,0.0,1.0,True,0.0,1.0,True,True,True,0.0,0.8676195121031188,0.0,0,0
1044,final,BIHMH gen 87 full / crossover_fix,24999794.4,205.60000000149012,3,C4;C5;C7,2355,1078515.3612064177,19712.551206417575,1058802.81,32282558.981766846,32215027.98044911,1198.2486272313186,66332.75269050666,897.1630385574981,1.3355974061948876,73.93611845307365,75.27171585926854,0.0,1078704.78295037,19901.97295037,19712.0,0.0,1.0,True,0.0,1.0,True,True,True,0.0,0.870538076063769,0.0,0,0
1045,final,BIHMH gen 77 full / crossover_fix,24999353.92,646.0799999982119,3,C4;C5;C7,2355,1078515.3612064177,19712.551206417575,1058802.81,32282605.645164654,32215234.700293526,1092.9489814599988,66277.99588966739,897.2498615389993,1.218109947195008,73.86793660350607,75.08604655070107,0.0,1078704.78295037,19901.97295037,19712.0,0.0,1.0,True,0.0,1.0,True,True,True,0.0,0.8663656117157115,0.0,0,0
1046,final,BIHMH gen 73 full / mip_intensify,24999794.4,205.60000000149012,3,C4;C5;C7,2360,1078515.3612064177,19712.551206417575,1058802.81,32282920.676867485,32215488.44502803,1113.6251731869393,66318.60666626872,898.284448582975,1.23972442687131,73.82806946161091,75.06779388848221,0.0,1078704.78295037,19901.97295037,19712.0,0.0,1.0,True,0.0,1.0,True,True,True,0.0,0.8672238846558464,0.0,0,0
1047,final,BIHMH gen 90 full / crossover_fix,24999794.4,205.60000000149012,3,C4;C5;C7,2360,1078515.3612064177,19712.551206417575,1058802.81,32282984.42105134,32215741.27051112,1114.4540531978232,66128.69648702131,897.2069378178079,1.2421371327203565,73.70506591027922,74.94720304299958,0.0,1078704.78295037,19901.97295037,19712.0,0.0,1.0,True,0.0,1.0,True,True,True,0.0,0.8769187051952476,0.0,0,0
1048,final,BIHMH gen 59 full / mip_intensify,24999574.16,425.839999999851,3,C4;C5;C7,2354,1078515.3612064177,19712.551206417575,1058802.81,32283020.074597742,32215701.349616483,1131.4000120685432,66187.32496919167,897.1630385574988,1.2610862947359731,73.77402113623717,75.03510743097314,0.0,1078704.78295037,19901.97295037,19712.0,0.0,1.0,True,0.0,1.0,True,True,True,0.0,0.8673017479517475,0.0,0,0
1049,final,BIHMH gen 95 full / swap_fix,24999794.4,205.60000000149012,3,C4;C5;C7,2361,1078515.3612064177,19712.551206417575,1058802.81,32283382.41511245,32216067.137287967,1090.1430824521742,66225.13474203215,896.9276750534326,1.215419161179558,73.83553499794388,75.05095415912344,0.0,1078704.78295037,19901.97295037,19712.0,0.0,1.0,True,0.0,1.0,True,True,True,0.0,0.8663950547992322,0.0,0,0
1050,final,BIHMH gen 58 full / mip_intensify,24999794.4,205.60000000149012,3,C4;C5;C7,2338,1078515.3612064177,19712.551206417575,1058802.81,32283459.02714262,32216104.975362547,1053.0070769314025,66301.04470314569,896.9007505008021,1.1740508371115035,73.92238736128294,75.09643819839445,0.0,1078704.78295037,19901.97295037,19712.0,0.0,1.0,True,0.0,1.0,True,True,True,0.0,0.869696044930163,0.0,0,0
1051,screen,BIHMH gen 60 screen / mip_intensify,24999794.4,205.60000000149012,3,C4;C5;C7,2388,1078515.3612064177,19712.551206417524,1058802.81,32283573.797281288,32215463.605033927,3763.7902503596215,64346.40199699925,880.5033603820821,4.274589308468258,73.07911007753228,77.35369938600053,0.0,1078704.78295037,19901.97295037,19712.0,0.0,1.0,True,0.0,1.0,True,True,True,0.0,0.9600389723771917,0.0,0,0
1052,final,BIHMH gen 68 full / crossover_fix,24999794.4,205.60000000149012,3,C4;C5;C7,2352,1078515.3612064177,19712.551206417575,1058802.81,32283671.090845954,32216373.899392776,1083.9573251020222,66213.23412807548,897.0251432339398,1.2083912399536068,73.81424548409495,75.02263672404857,0.0,1078704.78295037,19901.97295037,19712.0,0.0,1.0,True,0.0,1.0,True,True,True,0.0,0.8660770105925238,0.0,0,0
1053,final,BIHMH gen 94 full / swap_fix,24999794.4,205.60000000149012,3,C4;C5;C7,2361,1078515.3612064177,19712.551206417575,1058802.81,32283901.14785109,32216585.54998164,1090.31390176856,66225.28396768615,896.9276750534324,1.215609610555954,73.8357013721769,75.05131098273286,0.0,1078704.78295037,19901.97295037,19712.0,0.0,1.0,True,0.0,1.0,True,True,True,0.0,0.866391302308182,0.0,0,0
1054,final,BIHMH gen 73 full / swap_fix,24999353.92,646.0799999982119,3,C4;C5;C7,2358,1078515.3612064177,19712.551206417575,1058802.81,32284014.708363537,32216659.521013,1082.7125776932103,66272.47477284305,897.3329096082595,1.2065896236502462,73.85494732582028,75.06153694947052,0.0,1078704.78295037,19901.97295037,19712.0,0.0,1.0,True,0.0,1.0,True,True,True,0.0,0.8653982978913802,0.0,0,0
1055,final,BIHMH gen 85 full / remove_fix,24999794.4,205.60000000149012,3,C4;C5;C7,2360,1078515.3612064177,19712.551206417575,1058802.81,32284230.02867517,32216941.907516066,1070.931598458718,66217.18956064357,897.118130118792,1.1937464671647096,73.81100363212525,75.00475009928996,0.0,1078704.78295037,19901.97295037,19712.0,0.0,1.0,True,0.0,1.0,True,True,True,0.0,0.8676496924441421,0.0,0,0
1056,final,BIHMH gen 74 full / swap_fix,24999794.4,205.60000000149012,3,C4;C5;C7,2359,1078515.3612064177,19712.551206417575,1058802.81,32284478.701433927,32217042.87035041,1191.2685389486674,66244.56254457057,897.1181301187926,1.3278836966441918,73.84151576091628,75.16939945756047,0.0,1078704.78295037,19901.97295037,19712.0,0.0,1.0,True,0.0,1.0,True,True,True,0.0,0.8750300706367294,0.0,0,0
1057,final,BIHMH gen 87 full / remove_fix,24999574.16,425.839999999851,3,C4;C5;C7,2360,1078515.3612064177,19712.551206417575,1058802.81,32284497.74471102,32217229.157685846,1076.6471051446715,66191.93992002786,897.0721772977896,1.200178906883287,73.7866379040033,74.98681681088658,0.0,1078704.78295037,19901.97295037,19712.0,0.0,1.0,True,0.0,1.0,True,True,True,0.0,0.8732749321854342,0.0,0,0
1058,final,BIHMH gen 98 full / crossover_fix,24999574.16,425.839999999851,3,C4;C5;C7,2362,1078515.3612064177,19712.551206417575,1058802.81,32284544.3339211,32217159.7998603,1137.77503740401,66246.7590233985,896.9769893114276,1.2684551008130467,73.85558360226544,75.12403870307848,0.0,1078704.78295037,19901.97295037,19712.0,0.0,1.0,True,0.0,1.0,True,True,True,0.0,0.8671714247953545,0.0,0,0
1059,final,BIHMH gen 85 full / swap_fix,24999794.4,205.60000000149012,3,C4;C5;C7,2361,1078515.3612064177,19712.551206417575,1058802.81,32284684.818648256,32217250.583469268,1117.306307434342,66316.92887155293,897.1181301187918,1.2454394465156935,73.9221810875359,75.1676205340516,0.0,1078704.78295037,19901.97295037,19712.0,0.0,1.0,True,0.0,1.0,True,True,True,0.0,0.8701308810992885,0.0,0,0
1060,final,BIHMH gen 89 full / crossover_fix,24999794.4,205.60000000149012,3,C4;C5;C7,2361,1078515.3612064177,19712.551206417575,1058802.81,32284819.068817195,32217369.274303388,1118.816768696104,66330.97774511234,897.1630385574988,1.2470607020269031,73.93414005525955,75.18120075728645,0.0,1078704.78295037,19901.97295037,19712.0,0.0,1.0,True,0.0,1.0,True,True,True,0.0,0.8673163348921796,0.0,0,0
1061,final,BIHMH gen 78 full / crossover_fix,24999353.92,646.0799999982119,3,C4;C5;C7,2360,1078515.3612064177,19712.551206417575,1058802.81,32284896.732691087,32217460.292013418,1191.520934546426,66244.91974311967,897.1181301187921,1.3281650370711495,73.84191392313946,75.1700789602106,0.0,1078704.78295037,19901.97295037,19712.0,0.0,1.0,True,0.0,1.0,True,True,True,0.0,0.8750268359299733,0.0,0,0
1062,final,BIHMH gen 96 full / swap_fix,24999574.16,425.839999999851,3,C4;C5;C7,2361,1078515.3612064177,19712.551206417575,1058802.81,32284939.997635413,32217664.263941485,1103.652885642744,66172.08080828672,897.0251432339396,1.230347771149283,73.76836792971518,74.99871570086447,0.0,1078704.78295037,19901.97295037,19712.0,0.0,1.0,True,0.0,1.0,True,True,True,0.0,0.8719087262348421,0.0,0,0
1063,final,BIHMH gen 76 full / swap_fix,24999794.4,205.60000000149012,3,C4;C5;C7,2360,1078515.3612064177,19712.551206417575,1058802.81,32284995.76067498,32217722.89422685,1101.2981236925316,66171.56832443982,897.0251432339397,1.2277226920553759,73.76779661479634,74.99551930685172,0.0,1078704.78295037,19901.97295037,19712.0,0.0,1.0,True,0.0,1.0,True,True,True,0.0,0.8718784388386149,0.0,0,0
1064,final,BIHMH gen 71 full / remove_fix,24999794.4,205.60000000149012,3,C4;C5;C7,2360,1078515.3612064177,19712.551206417575,1058802.81,32285054.95668238,32217727.025294434,1154.2254818887654,66173.70590605571,897.1630385574989,1.2865281250825755,73.7588409933304,75.04536911841296,0.0,1078704.78295037,19901.97295037,19712.0,0.0,1.0,True,0.0,1.0,True,True,True,0.0,0.8713232927983059,0.0,0,0
1065,final,BIHMH gen 80 full / swap_fix,24999794.4,205.60000000149012,3,C4;C5;C7,2361,1078515.3612064177,19712.551206417575,1058802.81,32285079.648006245,32217643.037769414,1191.688341142153,66244.92189569009,897.1181301187916,1.3283516419229606,73.84191632256757,75.17026796449053,0.0,1078704.78295037,19901.97295037,19712.0,0.0,1.0,True,0.0,1.0,True,True,True,0.0,0.875031199352944,0.0,0,0
1066,final,BIHMH gen 81 full / swap_fix,24999574.16,425.839999999851,3,C4;C5;C7,2360,1078515.3612064177,19712.551206417575,1058802.81,32285481.699472517,32218044.971780572,1191.7193911423383,66245.0083008033,897.1181301187924,1.3283862527497199,73.84201263665403,75.17039888940376,0.0,1078704.78295037,19901.97295037,19712.0,0.0,1.0,True,0.0,1.0,True,True,True,0.0,0.8750264379758107,0.0,0,0
1067,final,BIHMH gen 72 full / add_fix,24999794.4,205.60000000149012,3,C4;C5;C7,2357,1078515.3612064177,19712.551206417575,1058802.81,32285674.288389396,32218319.862909287,1082.306536647534,66272.11894346047,897.3329096082599,1.206137125985969,73.85455078471631,75.06068791070228,0.0,1078704.78295037,19901.97295037,19712.0,0.0,1.0,True,0.0,1.0,True,True,True,0.0,0.8653728656191386,0.0,0,0
1068,final,BIHMH gen 83 full / mip_intensify,24999574.16,425.839999999851,3,C4;C5;C7,2366,1078515.3612064177,19712.55120641757,1058802.81,32286046.137656417,32218575.37745241,1082.9899327065295,66387.77027130275,898.1081432575305,1.2058569347544426,73.91957279276802,75.12542972752246,0.0,1078704.78295037,19901.97295037,19712.0,0.0,1.0,True,0.0,1.0,True,True,True,0.0,0.8682476883975435,0.0,0,0
1069,final,BIHMH gen 75 full / swap_fix,24999794.4,205.60000000149012,3,C4;C5;C7,2359,1078515.3612064177,19712.551206417575,1058802.81,32286060.52410206,32218717.040439826,1160.6212080664106,66182.86245416544,897.2918418817022,1.2934712586180244,73.7584578005011,75.05192905911913,0.0,1078704.78295037,19901.97295037,19712.0,0.0,1.0,True,0.0,1.0,True,True,True,0.0,0.874736832019244,0.0,0,0
1070,final,BIHMH gen 64 full / add_fix,24999574.16,425.839999999851,3,C4;C5;C7,2357,1078515.3612064177,19712.551206417575,1058802.81,32286447.045402303,32219106.53106749,1191.804797042595,66148.70953777006,897.072177297789,1.3285495049379594,73.73844737558008,75.06699688051803,0.0,1078704.78295037,19901.97295037,19712.0,0.0,1.0,True,0.0,1.0,True,True,True,0.0,0.8804952276798097,0.0,0,0
1071,final,BIHMH gen 72 full / remove_fix,24999574.16,425.839999999851,3,C4;C5;C7,2360,1078515.3612064177,19712.551206417575,1058802.81,32286641.36990138,32219192.619501065,1237.6236183492942,66211.12678196804,897.0251432339396,1.3796978018781445,73.81189622318146,75.1915940250596,0.0,1078704.78295037,19901.97295037,19712.0,0.0,1.0,True,0.0,1.0,True,True,True,0.0,0.880722422085636,0.0,0,0
1072,final,BIHMH gen 67 full / swap_fix,24999794.4,205.60000000149012,3,C4;C5;C7,2360,1078515.3612064177,19712.551206417575,1058802.81,32286738.01441958,32219459.18674391,1064.4715292230069,66214.35614644636,897.1181301187927,1.1865455545771368,73.80784528084224,74.99439083541938,0.0,1078704.78295037,19901.97295037,19712.0,0.0,1.0,True,0.0,1.0,True,True,True,0.0,0.8676375207816661,0.0,0,0
1073,final,BIHMH gen 67 full / swap_fix,24999794.4,205.60000000149012,3,C4;C5;C7,2359,1078515.3612064177,19712.551206417575,1058802.81,32287179.453674503,32219695.666106537,1213.1404469624308,66270.64712100473,897.163038557499,1.3521961949223578,73.86689405702424,75.2190902519466,0.0,1078704.78295037,19901.97295037,19712.0,0.0,1.0,True,0.0,1.0,True,True,True,0.0,0.8695387315181087,0.0,0,0
1074,final,BIHMH gen 54 full / add_fix,24999574.16,425.839999999851,3,C4;C5;C7,2323,1078515.3612064177,19712.551206417575,1058802.81,32289438.145822793,32222166.14340903,1086.6153052497493,66185.38710851483,897.0902651473565,1.2112664103776238,73.77784564147866,74.98911205185628,0.0,1078704.78295037,19901.97295037,19712.0,0.0,1.0,True,0.0,1.0,True,True,True,0.0,0.8665147803501351,0.0,0,0
1075,screen,BIHMH gen 61 screen / add_fix,24999794.4,205.60000000149012,3,C4;C5;C7,2407,1078515.3612064177,19712.551206417524,1058802.81,32290253.907426555,32223607.827531293,920.9796757770553,65725.1002194861,880.5033603820824,1.0459695183643691,74.64491696086839,75.69088647923276,0.0,1078704.78295037,19901.97295037,19712.0,0.0,1.0,True,0.0,1.0,True,True,True,0.0,0.8804483532205801,0.0,0,0
1076,screen,BIHMH gen 63 screen / mip_intensify,24999794.4,205.60000000149012,3,C4;C5;C7,2388,1078515.3612064177,19712.551206417524,1058802.81,32290292.624229353,32222237.421894487,3743.3619457837076,64311.84038908231,880.5033603820816,4.251388596812771,73.03985797530076,77.29124657211354,0.0,1078704.78295037,19901.97295037,19712.0,0.0,1.0,True,0.0,1.0,True,True,True,0.0,0.9599454344464365,0.0,0,0
1077,final,BIHMH gen 53 full / mip_intensify,24999794.4,205.60000000149012,3,C4;C5;C7,2323,1078515.3612064177,19712.551206417575,1058802.81,32290602.3908876,32223253.766137905,1140.072965568073,66208.55178412251,897.0721772977895,1.2708820922328279,73.80515577192415,75.07603786415697,0.0,1078704.78295037,19901.97295037,19712.0,0.0,1.0,True,0.0,1.0,True,True,True,0.0,0.8685422979223318,0.0,0,0
1078,screen,BIHMH gen 54 screen / mip_intensify,24999794.4,205.60000000149012,3,C4;C5;C7,2319,1078515.3612064177,19712.551206417524,1058802.81,32292657.202107925,32224825.00489479,3494.792463180034,64337.404749955575,880.5033603820825,3.9690847535931217,73.06889177803617,77.0379765316293,0.0,1078704.78295037,19901.97295037,19712.0,0.0,1.0,True,0.0,1.0,True,True,True,0.0,0.9574007920802572,0.0,0,0
1079,final,BIHMH gen 69 full / mip_intensify,24999794.4,205.60000000149012,3,C4;C5;C7,2372,1078515.3612064177,19712.551206417575,1058802.81,32295120.886885017,32227662.90441208,1192.5533902578345,66265.42908268142,898.5266767692381,1.327232035609455,73.74898352595032,75.07621556155978,0.0,1078704.78295037,19901.97295037,19712.0,0.0,1.0,True,0.0,1.0,True,True,True,0.0,0.872078428836141,0.0,0,0
1080,screen,BIHMH gen 54 screen / crossover_fix,24999353.92,646.0799999982119,3,C4;C5;C7,2350,1078515.3612064177,19712.551206417524,1058802.81,32296842.081101645,32230219.87332399,903.8772488016259,65718.33052885694,880.5033603820814,1.0265460524868433,74.63722852839476,75.66377458088161,0.0,1078704.78295037,19901.97295037,19712.0,0.0,1.0,True,0.0,1.0,True,True,True,0.0,0.8808219256393623,0.0,0,0
1081,final,BIHMH gen 60 full / mip_intensify,24999794.4,205.60000000149012,3,C4;C5;C7,2367,1078515.3612064177,19712.55120641757,1058802.81,32297218.610682394,32229766.797285914,1137.258296206747,66314.5551002742,898.4110678621578,1.265855171300311,73.8131546598987,75.07900983119902,0.0,1078704.78295037,19901.97295037,19712.0,0.0,1.0,True,0.0,1.0,True,True,True,0.0,0.8674415403178478,0.0,0,0
1082,screen,BIHMH gen 57 screen / mip_intensify,24999794.4,205.60000000149012,3,C4;C5;C7,2327,1078515.3612064177,19712.551206417524,1058802.81,32297501.513935525,32229558.174299154,3618.8887635906754,64324.4508727785,880.5033603820821,4.110022660243238,73.05417987827532,77.16420253851855,0.0,1078704.78295037,19901.97295037,19712.0,0.0,1.0,True,0.0,1.0,True,True,True,0.0,0.9585936612290562,0.0,0,0
1083,screen,BIHMH gen 51 screen / mip_intensify,24999794.4,205.60000000149012,3,C4;C5;C7,2299,1078515.3612064177,19712.551206417524,1058802.81,32298702.979678374,32231293.403730474,3440.437824964233,63969.13812293659,872.418488829999,3.943563632607336,73.3239138578157,77.26747749042303,0.0,1078704.78295037,19901.97295037,19712.0,0.0,1.0,True,0.0,1.0,True,True,True,0.0,0.9500925361106395,0.0,0,0
1084,final,BIHMH gen 54 full / mip_intensify,24999794.4,205.60000000149012,3,C4;C5;C7,2319,1078515.3612064177,19712.55120641757,1058802.81,32301823.5585265,32234442.22691701,1103.4697264301287,66277.861883061,897.0902651473563,1.2300542869550284,73.88092866237288,75.1109829493279,0.0,1078704.78295037,19901.97295037,19712.0,0.0,1.0,True,0.0,1.0,True,True,True,0.0,0.8663668268582695,0.0,0,0
1085,screen,BIHMH gen 75 screen / mip_intensify,24999574.16,425.839999999851,3,C4;C5;C7,2392,1078515.3612064177,19712.551206417524,1058802.81,32302617.184998233,32234698.651350178,3825.6435989138267,64092.89004914264,872.4184888299975,4.385101471249659,73.46576312830986,77.85086459955951,0.0,1078704.78295037,19901.97295037,19712.0,0.0,1.0,True,0.0,1.0,True,True,True,0.0,0.9493856893535784,0.0,0,0
1086,screen,BIHMH gen 63 screen / mip_intensify,24999794.4,205.60000000149012,3,C4;C5;C7,2405,1078515.3612064177,19712.551206417524,1058802.81,32303554.13608301,32234213.36145665,5029.6920313718665,64311.08259498625,881.5707037308315,5.70537565516421,72.95056689477086,78.65594254993506,0.0,1078704.78295037,19901.97295037,19712.0,0.0,1.0,True,0.0,1.0,True,True,True,0.0,0.9687968860516412,0.0,0,0
1087,screen,BIHMH gen 64 screen / mip_intensify,24999794.4,205.60000000149012,3,C4;C5;C7,2401,1078515.3612064177,19712.551206417524,1058802.81,32304355.05916061,32236963.423006322,3299.6796939949045,64091.95646029347,880.5033603820812,3.747492448595606,72.79013271736036,76.53762516595597,0.0,1078704.78295037,19901.97295037,19712.0,0.0,1.0,True,0.0,1.0,True,True,True,0.0,0.9593619193431578,0.0,0,0
1088,screen,BIHMH gen 64 screen / mip_intensify,24999574.16,425.839999999851,3,C4;C5;C7,2389,1078515.3612064177,19712.551206417524,1058802.81,32305704.695768353,32238161.95670581,3472.213947602587,64070.5251149423,872.4184888299989,3.979986660139649,73.44012757096348,77.42011423110313,0.0,1078704.78295037,19901.97295037,19712.0,0.0,1.0,True,0.0,1.0,True,True,True,0.0,0.9484703334846878,0.0,0,0
1089,screen,BIHMH gen 54 screen / mip_intensify,24999794.4,205.60000000149012,3,C4;C5;C7,2324,1078515.3612064177,19712.551206417524,1058802.81,32306252.793747794,32238784.01178655,3411.04117692165,64057.74078432211,872.418488829998,3.9098680513937794,73.42547367402777,77.33534172542156,0.0,1078704.78295037,19901.97295037,19712.0,0.0,1.0,True,0.0,1.0,True,True,True,0.0,0.9491098116931913,0.0,0,0
1090,screen,BIHMH gen 46 screen / mip_intensify,24999794.4,205.60000000149012,3,C4;C5;C7,2290,1078515.3612064177,19712.551206417524,1058802.81,32306335.7524703,32238850.778381478,3430.5801735299965,64054.39391529129,872.4184888299981,3.9322644091722005,73.42163736258587,77.35390177175807,0.0,1078704.78295037,19901.97295037,19712.0,0.0,1.0,True,0.0,1.0,True,True,True,0.0,0.9494036221068968,0.0,0,0
1091,final,BIHMH gen 57 full / mip_intensify,24999794.4,205.60000000149012,3,C4;C5;C7,2327,1078515.3612064177,19712.55120641757,1058802.81,32306626.424808696,32239211.772077523,1089.8190072313319,66324.83372394112,898.1927476317312,1.2133464783643182,73.84253980987945,75.05588628824377,0.0,1078704.78295037,19901.97295037,19712.0,0.0,1.0,True,0.0,1.0,True,True,True,0.0,0.8655526099046585,0.0,0,0
1092,screen,BIHMH gen 81 screen / mip_intensify,24999794.4,205.60000000149012,3,C4;C5;C7,2398,1078515.3612064177,19712.551206417524,1058802.81,32307025.253063,32239229.22537246,3720.375117491063,64075.65257304849,872.4184888299981,4.2644386439820465,73.44600486285023,77.71044350683228,0.0,1078704.78295037,19901.97295037,19712.0,0.0,1.0,True,0.0,1.0,True,True,True,0.0,0.9503606133424343,0.0,0,0
1093,screen,BIHMH gen 47 screen / crossover_fix,24999794.4,205.60000000149012,3,C4;C5;C7,2291,1078515.3612064177,19712.551206417524,1058802.81,32307518.720845982,32240017.676281195,3445.686273544031,64055.35829124374,872.4184888299976,3.9495796084801555,73.42274276780691,77.37232237628706,0.0,1078704.78295037,19901.97295037,19712.0,0.0,1.0,True,0.0,1.0,True,True,True,0.0,0.9494597680973441,0.0,0,0
1094,screen,BIHMH gen 50 screen / crossover_fix,24999574.16,425.839999999851,3,C4;C5;C7,2301,1078515.3612064177,19712.551206417524,1058802.81,32308415.647859756,32240942.969253816,3415.428019340245,64057.25058660019,872.4184888299976,3.9148964207770094,73.42491179033529,77.3398082111123,0.0,1078704.78295037,19901.97295037,19712.0,0.0,1.0,True,0.0,1.0,True,True,True,0.0,0.9490893340442945,0.0,0,0
1095,screen,BIHMH gen 53 screen / mip_intensify,24999794.4,205.60000000149012,3,C4;C5;C7,2347,1078515.3612064177,19712.551206417524,1058802.81,32309102.670972455,32242998.980536297,2653.836376308617,63449.85405984863,872.4184888299973,3.041930461455126,72.72869026989719,75.77062073135231,0.0,1078704.78295037,19901.97295037,19712.0,0.0,1.0,True,0.0,1.0,True,True,True,0.0,0.9505636853016916,0.0,0,0
1096,screen,BIHMH gen 60 screen / add_fix,24999574.16,425.839999999851,3,C4;C5;C7,2353,1078515.3612064177,19712.551206417524,1058802.81,32311789.936775442,32245188.4728569,891.2060886655747,65710.25782987585,880.5033603820827,1.0121552384295815,74.62806025108382,75.64021548951341,0.0,1078704.78295037,19901.97295037,19712.0,0.0,1.0,True,0.0,1.0,True,True,True,0.0,0.8798892544690617,0.0,0,0
1097,final,BIHMH gen 51 full / mip_intensify,24999794.4,205.60000000149012,3,C4;C5;C7,2299,1078515.3612064177,19712.55120641757,1058802.81,32313142.50669977,32245734.876200564,1221.5946951876954,66186.03580401788,896.9007505008021,1.3620176976165914,73.79415812403057,75.15617582164717,0.0,1078704.78295037,19901.97295037,19712.0,0.0,1.0,True,0.0,1.0,True,True,True,0.0,0.8823527760559722,0.0,0,0
1098,final,BIHMH gen 61 full / add_fix,24999794.4,205.60000000149012,3,C4;C5;C7,2407,1078515.3612064177,19712.55120641757,1058802.81,32314394.68584371,32247034.162446618,1115.9606277371563,66244.56276935275,897.2498615389991,1.2437568124257112,73.8306748308965,75.07443164332221,0.0,1078704.78295037,19901.97295037,19712.0,0.0,1.0,True,0.0,1.0,True,True,True,0.0,0.8687588961657103,0.0,0,0
1099,screen,BIHMH gen 43 screen / mip_intensify,24999794.4,205.60000000149012,3,C4;C5;C7,2267,1078515.3612064177,19712.551206417524,1058802.81,32315258.853318702,32248390.502947614,3407.2552649370864,63461.095106151944,872.4184888299978,3.90552849184405,72.74157519433105,76.6471036861751,0.0,1078704.78295037,19901.97295037,19712.0,0.0,1.0,True,0.0,1.0,True,True,True,0.0,0.9594187774852345,0.0,0,0
1100,screen,BIHMH gen 51 screen / add_fix,24999794.4,205.60000000149012,3,C4;C5;C7,2286,1078515.3612064177,19712.551206417524,1058802.81,32316434.011349548,32248946.622320525,2029.3957189719017,65457.993310050246,872.4184888299984,2.3261722956989677,75.03049757443362,77.35666987013259,0.0,1078704.78295037,19901.97295037,19712.0,0.0,1.0,True,0.0,1.0,True,True,True,0.0,0.929940682402353,0.0,0,0
1101,screen,BIHMH gen 45 screen / mip_intensify,24999353.92,646.0799999982119,3,C4;C5;C7,2280,1078515.3612064177,19712.551206417524,1058802.81,32316856.642419882,32249991.501875065,3410.8574434669567,63454.2831013495,872.4184888299977,3.9096574489626703,72.73376700950959,76.64342445847227,0.0,1078704.78295037,19901.97295037,19712.0,0.0,1.0,True,0.0,1.0,True,True,True,0.0,0.9594815019134442,0.0,0,0
1102,screen,BIHMH gen 44 screen / mip_intensify,24999794.4,205.60000000149012,3,C4;C5;C7,2274,1078515.3612064177,19712.551206417524,1058802.81,32318913.47483807,32252044.294154007,3408.331104986191,63460.84957907863,872.4184888299988,3.906761661547438,72.74129376165106,76.6480554231985,0.0,1078704.78295037,19901.97295037,19712.0,0.0,1.0,True,0.0,1.0,True,True,True,0.0,0.9594178044633175,0.0,0,0
1103,screen,BIHMH gen 44 screen / mip_intensify,24999574.16,425.839999999851,3,C4;C5;C7,2275,1078515.3612064177,19712.551206417524,1058802.81,32321228.444732416,32253751.692612395,3420.173367520442,64056.578752503236,872.4184888299986,3.9203357234063665,73.42414170796584,77.34447743137221,0.0,1078704.78295037,19901.97295037,19712.0,0.0,1.0,True,0.0,1.0,True,True,True,0.0,0.9491198856407524,0.0,0,0
1104,screen,BIHMH gen 45 screen / mip_intensify,24999794.4,205.60000000149012,3,C4;C5;C7,2288,1078515.3612064177,19712.551206417524,1058802.81,32321498.710002948,32252322.44530499,4868.832083150406,64307.43261480601,881.5707037308314,5.522905947923831,72.94642658002948,78.46933252795331,0.0,1078704.78295037,19901.97295037,19712.0,0.0,1.0,True,0.0,1.0,True,True,True,0.0,0.9678052275010629,0.0,0,0
1105,screen,BIHMH gen 43 screen / mip_intensify,24999794.4,205.60000000149012,3,C4;C5;C7,2263,1078515.3612064177,19712.551206417524,1058802.81,32322738.27613034,32256824.009140864,2432.084458457153,63482.182531022096,872.4184888299974,2.7877497893457384,72.76574642080111,75.55349621014685,0.0,1078704.78295037,19901.97295037,19712.0,0.0,1.0,True,0.0,1.0,True,True,True,0.0,0.9471047382677726,0.0,0,0
1106,final,BIHMH gen 47 full / crossover_fix,24999794.4,205.60000000149012,3,C4;C5;C7,2291,1078515.3612064177,19712.55120641757,1058802.81,32323598.05970701,32256308.58021528,1101.616141561902,66187.86335016681,897.3042332966926,1.227695246142513,73.76301247013271,74.99070771627522,0.0,1078704.78295037,19901.97295037,19712.0,0.0,1.0,True,0.0,1.0,True,True,True,0.0,0.8712308340663619,0.0,0,0
1107,final,BIHMH gen 46 full / mip_intensify,24999794.4,205.60000000149012,3,C4;C5;C7,2290,1078515.3612064177,19712.55120641757,1058802.81,32324035.483751386,32256766.189241596,1150.6032794017424,66118.69123039156,897.1787053157485,1.2824683338831642,73.69623335756958,74.97870169145274,0.0,1078704.78295037,19901.97295037,19712.0,0.0,1.0,True,0.0,1.0,True,True,True,0.0,0.8783108466179196,0.0,0,0
1108,screen,BIHMH gen 39 screen / mip_intensify,24999574.16,425.839999999851,3,C4;C5;C7,2244,1078515.3612064177,19712.551206417524,1058802.81,32325880.25574301,32258434.172023997,1985.6681825109185,65460.41553650313,872.4184888299982,2.276050092856126,75.03327402459364,77.30932411744976,0.0,1078704.78295037,19901.97295037,19712.0,0.0,1.0,True,0.0,1.0,True,True,True,0.0,0.9280389553151253,0.0,0,0
1109,screen,BIHMH gen 41 screen / mip_intensify,24999794.4,205.60000000149012,3,C4;C5;C7,2254,1078515.3612064177,19712.551206417524,1058802.81,32326237.318244636,32260160.61304625,2626.9020332916125,63449.80316509127,872.418488829997,3.011057270020215,72.72863193234703,75.73968920236725,0.0,1078704.78295037,19901.97295037,19712.0,0.0,1.0,True,0.0,1.0,True,True,True,0.0,0.949987569975157,0.0,0,0
1110,final,BIHMH gen 50 full / crossover_fix,24999574.16,425.839999999851,3,C4;C5;C7,2301,1078515.3612064177,19712.55120641757,1058802.81,32327267.954609428,32259909.54070323,1141.4087017360239,66217.00520446093,897.2214675949715,1.2721593753163345,73.80229697574843,75.07445635106477,0.0,1078704.78295037,19901.97295037,19712.0,0.0,1.0,True,0.0,1.0,True,True,True,0.0,0.8670393055618142,0.0,0,0
1111,screen,BIHMH gen 49 screen / crossover_fix,24999794.4,205.60000000149012,3,C4;C5;C7,2329,1078515.3612064177,19712.551206417524,1058802.81,32327640.54967811,32260073.802287813,2106.0322556678316,65460.715134626334,872.4184888299978,2.414016074432622,75.03361743561376,77.44763351004639,0.0,1078704.78295037,19901.97295037,19712.0,0.0,1.0,True,0.0,1.0,True,True,True,0.0,0.9326136039349301,0.0,0,0
1112,screen,BIHMH gen 42 screen / crossover_fix,24999353.92,646.0799999982119,3,C4;C5;C7,2257,1078515.3612064177,19712.551206417524,1058802.81,32327850.896146737,32260970.500651978,3417.862854850464,63462.53263991004,872.4184888299983,3.917687323928869,72.7432229514298,76.66091027535867,0.0,1078704.78295037,19901.97295037,19712.0,0.0,1.0,True,0.0,1.0,True,True,True,0.0,0.9594579508998252,0.0,0,0
1113,final,BIHMH gen 53 full / mip_intensify,24999794.4,205.60000000149012,3,C4;C5;C7,2347,1078515.3612064177,19712.551206417575,1058802.81,32329140.25404203,32261680.337782044,1121.849757382051,66338.06650260535,898.4409443212905,1.2486627690699583,73.83686921428,75.08553198334995,0.0,1078704.78295037,19901.97295037,19712.0,0.0,1.0,True,0.0,1.0,True,True,True,0.0,0.8665558641321744,0.0,0,0
1114,screen,BIHMH gen 42 screen / add_fix,24999794.4,205.60000000149012,3,C4;C5;C7,2299,1078515.3612064177,19712.551206417524,1058802.81,32333750.593262125,32267175.910600275,883.4309116710367,65691.25175018043,880.5033603820809,1.0033248610064196,74.60647478014702,75.60979964115344,0.0,1078704.78295037,19901.97295037,19712.0,0.0,1.0,True,0.0,1.0,True,True,True,0.0,0.8811631853841496,0.0,0,0
1115,screen,BIHMH gen 37 screen / mip_intensify,24999574.16,425.839999999851,3,C4;C5;C7,2242,1078515.3612064177,19712.551206417524,1058802.81,32333916.214652788,32266418.748004682,3456.1570756113524,64041.30957249541,872.4184888299978,3.961581649016187,73.40663958002695,77.36822122904313,0.0,1078704.78295037,19901.97295037,19712.0,0.0,1.0,True,0.0,1.0,True,True,True,0.0,0.949970412720139,0.0,0,0
1116,screen,BIHMH gen 39 screen / add_fix,24999794.4,205.60000000149012,3,C4;C5;C7,2237,1078515.3612064177,19712.551206417524,1058802.81,32335267.532597806,32269189.953283384,2625.0794703040347,63452.4998441175,872.4184888299984,3.0089681774449004,72.73172297071986,75.74069114816476,0.0,1078704.78295037,19901.97295037,19712.0,0.0,1.0,True,0.0,1.0,True,True,True,0.0,0.9499918610017601,0.0,0,0
1117,screen,BIHMH gen 49 screen / crossover_fix,24999353.92,646.0799999982119,3,C4;C5;C7,2326,1078515.3612064177,19712.551206417524,1058802.81,32336810.005381666,32269291.59904291,2058.1130624549924,65460.29327629738,872.4184888299988,2.359089231608479,75.03313388519109,77.39222311679957,0.0,1078704.78295037,19901.97295037,19712.0,0.0,1.0,True,0.0,1.0,True,True,True,0.0,0.9313032972224174,0.0,0,0
1118,screen,BIHMH gen 55 screen / mip_intensify,24999794.4,205.60000000149012,3,C4;C5;C7,2407,1078515.3612064177,19712.551206417524,1058802.81,32337653.33105669,32270161.770885568,3406.4225454597804,64085.13762566425,880.5033603820815,3.8687218002003005,72.7823884713574,76.6511102715577,0.0,1078704.78295037,19901.97295037,19712.0,0.0,1.0,True,0.0,1.0,True,True,True,0.0,0.9605202327079965,0.0,0,0
1119,final,BIHMH gen 43 full / mip_intensify,24999794.4,205.60000000149012,3,C4;C5;C7,2267,1078515.3612064177,19712.551206417575,1058802.81,32337929.39019712,32270382.81469421,1181.3637450612757,66365.2117578502,898.3172206317042,1.315085270468856,73.87725653436947,75.19234180483832,0.0,1078704.78295037,19901.97295037,19712.0,0.0,1.0,True,0.0,1.0,True,True,True,0.0,0.8685436093081069,0.0,0,0
1120,screen,BIHMH gen 50 screen / mip_intensify,24999574.16,425.839999999851,3,C4;C5;C7,2308,1078515.3612064177,19712.551206417524,1058802.81,32339033.52353404,32270243.516203348,2878.0494717003207,65911.95785899406,880.5033603820831,3.268641099167899,74.8571337994581,78.12577489862599,0.0,1078704.78295037,19901.97295037,19712.0,0.0,1.0,True,0.0,1.0,True,True,True,0.0,0.9516598142790403,0.0,0,0
1121,screen,BIHMH gen 44 screen / mip_intensify,24999794.4,205.60000000149012,3,C4;C5;C7,2312,1078515.3612064177,19712.551206417524,1058802.81,32339033.881804064,32271477.76534091,3463.297571704692,64092.81889145057,880.5033603820817,3.933315564181202,72.7911121925059,76.7244277566871,0.0,1078704.78295037,19901.97295037,19712.0,0.0,1.0,True,0.0,1.0,True,True,True,0.0,0.9608799255049512,0.0,0,0
1122,final,BIHMH gen 44 full / mip_intensify,24999794.4,205.60000000149012,3,C4;C5;C7,2274,1078515.3612064177,19712.55120641757,1058802.81,32339825.287550237,32272310.453510612,1114.0625667432278,66400.7714728814,898.4987273631313,1.2399155756321685,73.90190931906052,75.14182489469269,0.0,1078704.78295037,19901.97295037,19712.0,0.0,1.0,True,0.0,1.0,True,True,True,0.0,0.8663174104867205,0.0,0,0
1123,screen,BIHMH gen 38 screen / crossover_fix,24999574.16,425.839999999851,3,C4;C5;C7,2235,1078515.3612064177,19712.551206417524,1058802.81,32340570.49843101,32273717.41864131,3396.8298833987574,63456.24990629744,872.4184888299981,3.893578514084739,72.73602143782936,76.6295999519141,0.0,1078704.78295037,19901.97295037,19712.0,0.0,1.0,True,0.0,1.0,True,True,True,0.0,0.9593108671892114,0.0,0,0
1124,screen,BIHMH gen 41 screen / swap_fix,24999794.4,205.60000000149012,3,C4;C5;C7,2297,1078515.3612064177,19712.551206417524,1058802.81,32340890.079875544,32273387.228646692,2282.5501418606796,65220.301086992615,872.4184888299977,2.6163477403164763,74.75804550458312,77.3743932448996,0.0,1078704.78295037,19901.97295037,19712.0,0.0,1.0,True,0.0,1.0,True,True,True,0.0,0.9261948377533126,0.0,0,0
1125,final,BIHMH gen 45 full / mip_intensify,24999794.4,205.60000000149012,3,C4;C5;C7,2288,1078515.3612064177,19712.55120641757,1058802.81,32341249.11636143,32273736.88109741,1183.009754988068,66329.2255090311,898.2082097723502,1.3170774238279344,73.84615814838985,75.16323557221779,0.0,1078704.78295037,19901.97295037,19712.0,0.0,1.0,True,0.0,1.0,True,True,True,0.0,0.8693855052345371,0.0,0,0
1126,screen,BIHMH gen 39 screen / swap_fix,24999794.4,205.60000000149012,3,C4;C5;C7,2200,1078515.3612064177,19712.551206417524,1058802.81,32341944.435850557,32275112.40690706,3367.2661169804505,63464.762826516475,872.4184888299974,3.8596913752897413,72.7457792780495,76.60547065333924,0.0,1078704.78295037,19901.97295037,19712.0,0.0,1.0,True,0.0,1.0,True,True,True,0.0,0.958994053611061,0.0,0,0
1127,screen,BIHMH gen 37 screen / mip_intensify,24999794.4,205.60000000149012,3,C4;C5;C7,2199,1078515.3612064177,19712.551206417524,1058802.81,32342555.075768635,32275722.820071623,3367.4786194219855,63464.77707758847,872.4184888299968,3.85993495385239,72.74579561318248,76.60573056703487,0.0,1078704.78295037,19901.97295037,19712.0,0.0,1.0,True,0.0,1.0,True,True,True,0.0,0.9589961029887009,0.0,0,0
1128,final,BIHMH gen 51 full / add_fix,24999794.4,205.60000000149012,3,C4;C5;C7,2286,1078515.3612064177,19712.551206417575,1058802.81,32343009.25883686,32275370.24644528,1228.606567854839,66410.4058237258,898.606994536262,1.3672345923468776,73.90372679883019,75.27096139117707,0.0,1078704.78295037,19901.97295037,19712.0,0.0,1.0,True,0.0,1.0,True,True,True,0.0,0.8744988411640809,0.0,0,0
1129,final,BIHMH gen 45 full / mip_intensify,24999353.92,646.0799999982119,3,C4;C5;C7,2280,1078515.3612064177,19712.551206417575,1058802.81,32344332.11614105,32276785.021774173,1151.3450370485339,66395.74932983209,898.5266767692378,1.2813698989865667,73.89402123102911,75.17539113001568,0.0,1078704.78295037,19901.97295037,19712.0,0.0,1.0,True,0.0,1.0,True,True,True,0.0,0.8704175100063631,0.0,0,0
1130,screen,BIHMH gen 35 screen / crossover_fix,24999794.4,205.60000000149012,3,C4;C5;C7,2194,1078515.3612064177,19712.551206417524,1058802.81,32345252.723067526,32277898.531355236,3380.0208832660105,63974.17082902426,872.4184888299982,3.8743113844354236,73.32968254125393,77.20399392568936,0.0,1078704.78295037,19901.97295037,19712.0,0.0,1.0,True,0.0,1.0,True,True,True,0.0,0.9493819278264585,0.0,0,0
1131,screen,BIHMH gen 32 screen / mip_intensify,24999574.16,425.839999999851,3,C4;C5;C7,2190,1078515.3612064177,19712.551206417524,1058802.81,32346390.163312998,32280362.39478226,2560.2712054877306,63467.49732524804,872.4184888299977,2.9346824239377547,72.74891366683946,75.68359609077721,0.0,1078704.78295037,19901.97295037,19712.0,0.0,1.0,True,0.0,1.0,True,True,True,0.0,0.949085267139701,0.0,0,0
1132,screen,BIHMH gen 36 screen / mip_intensify,24999353.92,646.0799999982119,3,C4;C5;C7,2214,1078515.3612064177,19712.551206417524,1058802.81,32346907.003494624,32279496.20665335,3351.154163005774,64059.64267826742,872.4184888299989,3.841223227054724,73.42765369883192,77.26887692588664,0.0,1078704.78295037,19901.97295037,19712.0,0.0,1.0,True,0.0,1.0,True,True,True,0.0,0.9484049009019936,0.0,0,0
1133,screen,BIHMH gen 35 screen / mip_intensify,24999353.92,646.0799999982119,3,C4;C5;C7,2192,1078515.3612064177,19712.551206417524,1058802.81,32346917.403330702,32280914.85136239,2537.8357114218975,63464.71625689208,872.4184888299972,2.9089659881296144,72.74572589813495,75.65469188626456,0.0,1078704.78295037,19901.97295037,19712.0,0.0,1.0,True,0.0,1.0,True,True,True,0.0,0.9486325627572961,0.0,0,0
1134,final,BIHMH gen 42 full / crossover_fix,24999353.92,646.0799999982119,3,C4;C5;C7,2257,1078515.3612064177,19712.551206417575,1058802.81,32347346.48840139,32279882.249948014,1131.1488595945966,66333.08959378216,898.4987273631309,1.258932066508581,73.8265815784216,75.08551364493017,0.0,1078704.78295037,19901.97295037,19712.0,0.0,1.0,True,0.0,1.0,True,True,True,0.0,0.8701076790566389,0.0,0,0
1135,final,BIHMH gen 43 full / mip_intensify,24999794.4,205.60000000149012,3,C4;C5;C7,2263,1078515.3612064177,19712.551206417575,1058802.81,32347724.39626345,32280294.78739398,1108.9136469360114,66320.69522253549,898.4110678621585,1.2343054160883846,73.81998908400686,75.05429450009525,0.0,1078704.78295037,19901.97295037,19712.0,0.0,1.0,True,0.0,1.0,True,True,True,0.0,0.8659121873987434,0.0,0,0
1136,final,BIHMH gen 41 full / mip_intensify,24999794.4,205.60000000149012,3,C4;C5;C7,2254,1078515.3612064177,19712.551206417575,1058802.81,32347825.24107166,32280371.159275435,1150.6298907747653,66303.45190545068,898.380504587873,1.2807823465655126,73.803306691152,75.08408903771752,0.0,1078704.78295037,19901.97295037,19712.0,0.0,1.0,True,0.0,1.0,True,True,True,0.0,0.8711289275627916,0.0,0,0
1137,screen,BIHMH gen 41 screen / swap_fix,24999574.16,425.839999999851,3,C4;C5;C7,2301,1078515.3612064177,19712.551206417524,1058802.81,32348293.43106474,32283505.08951968,1051.6363726964416,63736.70517236182,872.4184888299978,1.2054265082194593,73.05749017061667,74.26291667883613,0.0,1078704.78295037,19901.97295037,19712.0,0.0,1.0,True,0.0,1.0,True,True,True,0.0,0.8968048093756547,0.0,0,0
1138,final,BIHMH gen 44 full / mip_intensify,24999574.16,425.839999999851,3,C4;C5;C7,2275,1078515.3612064177,19712.551206417575,1058802.81,32348887.44516425,32281627.555349294,1149.0884142901423,66110.80140066473,897.0721772977898,1.2809319510404276,73.6961897534347,74.97712170447512,0.0,1078704.78295037,19901.97295037,19712.0,0.0,1.0,True,0.0,1.0,True,True,True,0.0,0.8724535218254558,0.0,0,0
1139,final,BIHMH gen 39 full / mip_intensify,24999574.16,425.839999999851,3,C4;C5;C7,2244,1078515.3612064177,19712.551206417575,1058802.81,32348906.643809516,32281495.634424537,1105.6785217235863,66305.33086325739,898.4110678621579,1.230704475129228,73.80288738098064,75.03359185610987,0.0,1078704.78295037,19901.97295037,19712.0,0.0,1.0,True,0.0,1.0,True,True,True,0.0,0.8700040688431734,0.0,0,0
1140,screen,BIHMH gen 32 screen / mip_intensify,24999574.16,425.839999999851,3,C4;C5;C7,2195,1078515.3612064177,19712.551206417524,1058802.81,32350228.564308338,32284187.998580694,2572.066226482499,63468.499501160455,872.4184888299989,2.948202335706914,72.7500623998445,75.6982647355514,0.0,1078704.78295037,19901.97295037,19712.0,0.0,1.0,True,0.0,1.0,True,True,True,0.0,0.9491356118605816,0.0,0,0
1141,final,BIHMH gen 49 full / crossover_fix,24999794.4,205.60000000149012,3,C4;C5;C7,2329,1078515.3612064177,19712.551206417575,1058802.81,32350378.369320765,32282888.37027824,1145.4855667029078,66344.51347582367,898.3689885899149,1.2750724716142177,73.8499595583307,75.12503202994492,0.0,1078704.78295037,19901.97295037,19712.0,0.0,1.0,True,0.0,1.0,True,True,True,0.0,0.8730766025716991,0.0,0,0
1142,final,BIHMH gen 37 full / mip_intensify,24999574.16,425.839999999851,3,C4;C5;C7,2242,1078515.3612064177,19712.55120641757,1058802.81,32353061.850649238,32285672.557120413,1125.2998702192706,66263.99365860625,898.5266767692384,1.2523833730406566,73.747385995112,74.99976936815266,0.0,1078704.78295037,19901.97295037,19712.0,0.0,1.0,True,0.0,1.0,True,True,True,0.0,0.8719906556123168,0.0,0,0
1143,screen,BIHMH gen 36 screen / mip_intensify,24999574.16,425.839999999851,3,C4;C5;C7,2230,1078515.3612064177,19712.551206417524,1058802.81,32353669.465687603,32286196.574022967,3413.9796315684785,64058.91203306693,872.4184888299984,3.913236222385625,73.42681620488858,77.3400524272742,0.0,1078704.78295037,19901.97295037,19712.0,0.0,1.0,True,0.0,1.0,True,True,True,0.0,0.9490960783538461,0.0,0,0
1144,screen,BIHMH gen 41 screen / mip_intensify,24999794.4,205.60000000149012,3,C4;C5;C7,2256,1078515.3612064177,19712.551206417524,1058802.81,32353802.155867204,32258821.84135204,29929.40800749607,65050.906507668726,872.952160504373,34.285278577240135,74.51829487435339,108.80357345159352,0.0,1078704.78295037,19901.97295037,19712.0,0.0,1.0,True,0.0,1.0,True,True,True,0.0,0.9939675848893471,0.0,0,0
1145,screen,BIHMH gen 31 screen / mip_intensify,24999574.16,425.839999999851,3,C4;C5;C7,2180,1078515.3612064177,19712.551206417524,1058802.81,32354199.93748698,32288191.4145658,2542.468661007718,63466.05426017092,872.4184888299975,2.9142764551189515,72.74725956952769,75.66153602464664,0.0,1078704.78295037,19901.97295037,19712.0,0.0,1.0,True,0.0,1.0,True,True,True,0.0,0.9487192126835935,0.0,0,0
1146,final,BIHMH gen 50 full / mip_intensify,24999574.16,425.839999999851,3,C4;C5;C7,2308,1078515.3612064177,19712.55120641757,1058802.81,32355270.66682641,32287828.68991138,1154.6038915293639,66287.37302350017,897.206937817808,1.2868869408629386,73.88192202874033,75.16880896960328,0.0,1078704.78295037,19901.97295037,19712.0,0.0,1.0,True,0.0,1.0,True,True,True,0.0,0.8692122813486769,0.0,0,0
1147,screen,BIHMH gen 34 screen / add_fix,24999794.4,205.60000000149012,3,C4;C5;C7,2194,1078515.3612064177,19712.551206417524,1058802.81,32355396.47724138,32287963.375520784,3381.877702865042,64051.22401772778,872.418488829998,3.8764397432710127,73.41800390272218,77.29444364599318,0.0,1078704.78295037,19901.97295037,19712.0,0.0,1.0,True,0.0,1.0,True,True,True,0.0,0.9488920629445865,0.0,0,0
1148,screen,BIHMH gen 33 screen / mip_intensify,24999794.4,205.60000000149012,3,C4;C5;C7,2194,1078515.3612064177,19712.551206417524,1058802.81,32355413.993671384,32287980.889507815,3381.8799868473857,64051.22417671983,872.4184888299976,3.8764423612603998,73.41800408496508,77.29444644622548,0.0,1078704.78295037,19901.97295037,19712.0,0.0,1.0,True,0.0,1.0,True,True,True,0.0,0.9488920177913345,0.0,0,0
1149,final,BIHMH gen 55 full / mip_intensify,24999794.4,205.60000000149012,3,C4;C5;C7,2407,1078515.3612064177,19712.551206417575,1058802.81,32355554.068767298,32288225.778797433,1095.5446990277117,66232.74527083866,897.0445202326708,1.2212824161096876,73.83440150067418,75.05568391678386,0.0,1078704.78295037,19901.97295037,19712.0,0.0,1.0,True,0.0,1.0,True,True,True,0.0,0.8656015414525815,0.0,0,0
1150,screen,BIHMH gen 59 screen / mip_intensify,24999922.240000002,77.75999999791384,4,C1;C4;C5;C7,2367,1078515.3612064177,19712.551206417524,1058802.81,32355555.69666143,32284382.58190351,2533.494273604068,68639.62048431675,897.2758634522888,2.8235399800640937,76.49778989955696,79.32132987962106,0.0,1078704.78295037,19901.97295037,19712.0,0.0,1.0,True,0.0,1.0,True,True,True,0.0,0.9433277522464443,0.0,0,0
1151,final,BIHMH gen 42 full / add_fix,24999794.4,205.60000000149012,3,C4;C5;C7,2299,1078515.3612064177,19712.551206417575,1058802.81,32356256.451338835,32288962.411679834,1000.6816277329996,66293.35803127073,896.8253936294432,1.1158042968467377,73.92002780271665,75.03583209956338,0.0,1078704.78295037,19901.97295037,19712.0,0.0,1.0,True,0.0,1.0,True,True,True,0.0,0.864526698822026,0.0,0,0
1152,final,BIHMH gen 39 full / add_fix,24999794.4,205.60000000149012,3,C4;C5;C7,2237,1078515.3612064177,19712.55120641757,1058802.81,32356390.204197787,32289033.24766938,1041.2465400678136,66315.70998833659,898.6326516007282,1.158700986674642,73.79623906410352,74.95494005077816,0.0,1078704.78295037,19901.97295037,19712.0,0.0,1.0,True,0.0,1.0,True,True,True,0.0,0.8691776393409045,0.0,0,0
1153,final,BIHMH gen 38 full / crossover_fix,24999574.16,425.839999999851,3,C4;C5;C7,2235,1078515.3612064177,19712.55120641757,1058802.81,32358279.571120325,32290761.7861014,1207.0163104670946,66310.768708457,898.5266767692383,1.3433282969483646,73.79944349219038,75.14277178913875,0.0,1078704.78295037,19901.97295037,19712.0,0.0,1.0,True,0.0,1.0,True,True,True,0.0,0.8785107364419084,0.0,0,0
1154,final,BIHMH gen 49 full / crossover_fix,24999353.92,646.0799999982119,3,C4;C5;C7,2326,1078515.3612064177,19712.551206417575,1058802.81,32359592.32141223,32292075.383601725,1119.793640464499,66397.14417004056,898.554025112849,1.2462173772176521,73.8933245129048,75.13954189012244,0.0,1078704.78295037,19901.97295037,19712.0,0.0,1.0,True,0.0,1.0,True,True,True,0.0,0.8679323991737754,0.0,0,0
1155,final,BIHMH gen 37 full / mip_intensify,24999794.4,205.60000000149012,3,C4;C5;C7,2199,1078515.3612064177,19712.55120641757,1058802.81,32360933.409840066,32293483.709544834,1161.5795666118179,66288.12072862088,897.4886247381244,1.2942554753278928,73.85956646298766,75.15382193831555,0.0,1078704.78295037,19901.97295037,19712.0,0.0,1.0,True,0.0,1.0,True,True,True,0.0,0.8694178009499918,0.0,0,0
1156,screen,BIHMH gen 34 screen / mip_intensify,24999794.4,205.60000000149012,3,C4;C5;C7,2214,1078515.3612064177,19712.551206417524,1058802.81,32362614.24366577,32296581.20567013,2565.204792167963,63467.833203471026,872.4184888299973,2.9403374928563997,72.74929866352088,75.68963615637728,0.0,1078704.78295037,19901.97295037,19712.0,0.0,1.0,True,0.0,1.0,True,True,True,0.0,0.9491357879364821,0.0,0,0
1157,final,BIHMH gen 32 full / mip_intensify,24999574.16,425.839999999851,3,C4;C5;C7,2190,1078515.3612064177,19712.55120641757,1058802.81,32362624.085703466,32295214.016250014,1111.322226665404,66298.7472267862,897.4963679614019,1.2382470462690474,73.87076939083221,75.10901643710126,0.0,1078704.78295037,19901.97295037,19712.0,0.0,1.0,True,0.0,1.0,True,True,True,0.0,0.866505493365737,0.0,0,0
1158,screen,BIHMH gen 34 screen / crossover_fix,24999794.4,205.60000000149012,3,C4;C5;C7,2179,1078515.3612064177,19712.551206417524,1058802.81,32362890.86582948,32296903.58386209,2525.400914682202,63461.88105270791,872.4184888299988,2.894712740520916,72.74247607683866,75.63718881735957,0.0,1078704.78295037,19901.97295037,19712.0,0.0,1.0,True,0.0,1.0,True,True,True,0.0,0.9485508265249172,0.0,0,0
1159,screen,BIHMH gen 32 screen / crossover_fix,24999574.16,425.839999999851,3,C4;C5;C7,2173,1078515.3612064177,19712.551206417524,1058802.81,32363064.920645148,32297064.142645698,2531.703305032788,63469.074694418414,872.4184888299977,2.901936785438902,72.75072170872596,75.65265849416487,0.0,1078704.78295037,19901.97295037,19712.0,0.0,1.0,True,0.0,1.0,True,True,True,0.0,0.9485733046058437,0.0,0,0
1160,final,BIHMH gen 32 full / mip_intensify,24999574.16,425.839999999851,3,C4;C5;C7,2195,1078515.3612064177,19712.55120641757,1058802.81,32363733.265814196,32296446.986496523,1147.3675023400115,66138.91181533354,897.2918418817025,1.2787004726732807,73.70947636906432,74.9881768417376,0.0,1078704.78295037,19901.97295037,19712.0,0.0,1.0,True,0.0,1.0,True,True,True,0.0,0.8710259682353971,0.0,0,0
1161,final,BIHMH gen 35 full / mip_intensify,24999353.92,646.0799999982119,3,C4;C5;C7,2192,1078515.3612064177,19712.55120641757,1058802.81,32364162.620018367,32296830.450923935,1158.815194255673,66173.3539001766,897.5255468823187,1.2911222396743811,73.72865778588594,75.01978002556032,0.0,1078704.78295037,19901.97295037,19712.0,0.0,1.0,True,0.0,1.0,True,True,True,0.0,0.8715301191125195,0.0,0,0
1162,final,BIHMH gen 36 full / mip_intensify,24999353.92,646.0799999982119,3,C4;C5;C7,2214,1078515.3612064177,19712.55120641757,1058802.81,32364503.035746932,32297144.928045113,1094.2930040669357,66263.81469775422,897.2633002594285,1.2195896162815747,73.85102531062527,75.07061492690686,0.0,1078704.78295037,19901.97295037,19712.0,0.0,1.0,True,0.0,1.0,True,True,True,0.0,0.8641289785637138,0.0,0,0
1163,final,BIHMH gen 35 full / crossover_fix,24999794.4,205.60000000149012,3,C4;C5;C7,2194,1078515.3612064177,19712.55120641757,1058802.81,32364597.195077825,32297310.726867452,1188.881280846717,66097.5869295259,897.4219157788274,1.3247740666272303,73.65274434173266,74.97751840835988,0.0,1078704.78295037,19901.97295037,19712.0,0.0,1.0,True,0.0,1.0,True,True,True,0.0,0.8768012473071531,0.0,0,0
1164,final,BIHMH gen 41 full / swap_fix,24999794.4,205.60000000149012,3,C4;C5;C7,2297,1078515.3612064177,19712.551206417575,1058802.81,32366570.2033022,32299153.98458803,1130.6852132337226,66285.53350093728,898.5807915768074,1.2583011164189521,73.76691569894462,75.02521681536356,0.0,1078704.78295037,19901.97295037,19712.0,0.0,1.0,True,0.0,1.0,True,True,True,0.0,0.8700452537868363,0.0,0,0
1165,screen,BIHMH gen 28 screen / mip_intensify,24999574.16,425.839999999851,3,C4;C5;C7,2154,1078515.3612064177,19712.551206417524,1058802.81,32366711.428290028,32300012.2798296,3225.1426464505153,63474.00581398005,872.4184888299989,3.696783926227603,72.75637394973724,76.45315787596485,0.0,1078704.78295037,19901.97295037,19712.0,0.0,1.0,True,0.0,1.0,True,True,True,0.0,0.957548543525643,0.0,0,0
1166,screen,BIHMH gen 29 screen / mip_intensify,24999794.4,205.60000000149012,3,C4;C5;C7,2164,1078515.3612064177,19712.551206417524,1058802.81,32367134.70841681,32300452.405814968,3212.2705325320085,63470.03206930632,872.4184888299973,3.6820294086614247,72.75181908905455,76.43384849771597,0.0,1078704.78295037,19901.97295037,19712.0,0.0,1.0,True,0.0,1.0,True,True,True,0.0,0.9574734521399121,0.0,0,0
1167,screen,BIHMH gen 27 screen / mip_intensify,24999794.4,205.60000000149012,3,C4;C5;C7,2149,1078515.3612064177,19712.551206417524,1058802.81,32367293.55832734,32300592.358207025,3222.0383947350447,63479.161725580256,872.4184888299976,3.6932257121878833,72.7622838561254,76.45550956831329,0.0,1078704.78295037,19901.97295037,19712.0,0.0,1.0,True,0.0,1.0,True,True,True,0.0,0.9575394713845399,0.0,0,0
1168,screen,BIHMH gen 31 screen / crossover_fix,24999353.92,646.0799999982119,3,C4;C5;C7,2151,1078515.3612064177,19712.551206417524,1058802.81,32368100.141085558,32301392.10153808,3233.451339784565,63474.588207693065,872.4184888299975,3.70630767364978,72.75704151206033,76.4633491857101,0.0,1078704.78295037,19901.97295037,19712.0,0.0,1.0,True,0.0,1.0,True,True,True,0.0,0.9576958718657924,0.0,0,0
1169,final,BIHMH gen 36 full / mip_intensify,24999574.16,425.839999999851,3,C4;C5;C7,2230,1078515.3612064177,19712.55120641757,1058802.81,32368222.281305235,32300814.238711275,1129.0692226434744,66278.973371317,898.4409443212909,1.2566983169900021,73.77109624204195,75.02779455903195,0.0,1078704.78295037,19901.97295037,19712.0,0.0,1.0,True,0.0,1.0,True,True,True,0.0,0.8725513209794522,0.0,0,0
1170,screen,BIHMH gen 28 screen / add_fix,24999794.4,205.60000000149012,3,C4;C5;C7,2149,1078515.3612064177,19712.551206417524,1058802.81,32368505.05556671,32301797.074684016,3233.4869818369334,63474.49390085631,872.4184888299976,3.706348527956314,72.75693341389646,76.46328194185277,0.0,1078704.78295037,19901.97295037,19712.0,0.0,1.0,True,0.0,1.0,True,True,True,0.0,0.9576965152149203,0.0,0,0
1171,screen,BIHMH gen 30 screen / crossover_fix,24999794.4,205.60000000149012,3,C4;C5;C7,2159,1078515.3612064177,19712.551206417524,1058802.81,32369804.168515664,32303069.72221316,3257.652231352599,63476.794071149474,872.4184888299977,3.7340476767307433,72.75956995853943,76.49361763527017,0.0,1078704.78295037,19901.97295037,19712.0,0.0,1.0,True,0.0,1.0,True,True,True,0.0,0.9579141979567185,0.0,0,0
1172,screen,BIHMH gen 30 screen / mip_intensify,24999353.92,646.0799999982119,3,C4;C5;C7,2166,1078515.3612064177,19712.551206417524,1058802.81,32370019.482678603,32303290.557209622,3257.0196762620385,63471.905792722304,872.4184888299972,3.7333226174860608,72.75396682370253,76.4872894411886,0.0,1078704.78295037,19901.97295037,19712.0,0.0,1.0,True,0.0,1.0,True,True,True,0.0,0.957873697928932,0.0,0,0
1173,final,BIHMH gen 31 full / mip_intensify,24999574.16,425.839999999851,3,C4;C5;C7,2180,1078515.3612064177,19712.55120641757,1058802.81,32370969.77135342,32303614.625897024,1088.7989750787294,66266.34648131471,897.5255468823184,1.213111959721733,73.83226774045622,75.04537970017795,0.0,1078704.78295037,19901.97295037,19712.0,0.0,1.0,True,0.0,1.0,True,True,True,0.0,0.866397249435184,0.0,0,0
1174,screen,BIHMH gen 24 screen / mip_intensify,24999574.16,425.839999999851,3,C4;C5;C7,2129,1078515.3612064177,19712.551206417524,1058802.81,32371060.50733541,32304342.489693176,3237.3806657246837,63480.636976510934,872.4184888299983,3.710811619852692,72.76397484611417,76.47478646596686,0.0,1078704.78295037,19901.97295037,19712.0,0.0,1.0,True,0.0,1.0,True,True,True,0.0,0.9576115387425588,0.0,0,0
1175,screen,BIHMH gen 26 screen / add_fix,24999353.92,646.0799999982119,3,C4;C5;C7,2138,1078515.3612064177,19712.551206417524,1058802.81,32371284.790146623,32304572.955807287,3235.12629542884,63476.70804390743,872.4184888299981,3.7082275729477874,72.759471350769,76.4676989237168,0.0,1078704.78295037,19901.97295037,19712.0,0.0,1.0,True,0.0,1.0,True,True,True,0.0,0.9576480555727939,0.0,0,0
1176,final,BIHMH gen 59 full / mip_intensify,24999922.240000002,77.75999999791384,4,C1;C4;C5;C7,2367,1078515.3612064177,19712.55120641757,1058802.81,32371769.109709688,32303287.511559013,646.3162056970407,67835.28194498064,900.5406481753193,0.7176979817697405,75.32728487318022,76.04498285494996,0.0,1078704.78295037,19901.97295037,19712.0,0.0,1.0,True,0.0,1.0,True,True,True,0.0,0.8382467219773324,0.0,0,0
1177,screen,BIHMH gen 28 screen / mip_intensify,24999794.4,205.60000000149012,3,C4;C5;C7,2161,1078515.3612064177,19712.551206417524,1058802.81,32372237.39001966,32305537.340176392,3223.8328979691887,63476.216945298715,872.4184888299983,3.6952826415825686,72.75890843444499,76.45419107602756,0.0,1078704.78295037,19901.97295037,19712.0,0.0,1.0,True,0.0,1.0,True,True,True,0.0,0.9575585229415802,0.0,0,0
1178,screen,BIHMH gen 26 screen / mip_intensify,24999794.4,205.60000000149012,3,C4;C5;C7,2140,1078515.3612064177,19712.551206417524,1058802.81,32372498.800340414,32305779.80382888,3232.174469018229,63486.822042516964,872.4184888299985,3.7048440747202664,72.7710644093057,76.47590848402596,0.0,1078704.78295037,19901.97295037,19712.0,0.0,1.0,True,0.0,1.0,True,True,True,0.0,0.9575581254722736,0.0,0,0
1179,screen,BIHMH gen 30 screen / crossover_fix,24999574.16,425.839999999851,3,C4;C5;C7,2162,1078515.3612064177,19712.551206417524,1058802.81,32372899.984898373,32306193.939208977,3231.3392207047045,63474.70646869066,872.418488829999,3.703886680620737,72.75717706741479,76.46106374803553,0.0,1078704.78295037,19901.97295037,19712.0,0.0,1.0,True,0.0,1.0,True,True,True,0.0,0.9576175388458708,0.0,0,0
1180,screen,BIHMH gen 25 screen / add_fix,24999353.92,646.0799999982119,3,C4;C5;C7,2135,1078515.3612064177,19712.551206417524,1058802.81,32373168.202344675,32306452.671587147,3238.3176324608608,63477.213125068134,872.4184888299984,3.7118856075640636,72.76005029443783,76.47193590200189,0.0,1078704.78295037,19901.97295037,19712.0,0.0,1.0,True,0.0,1.0,True,True,True,0.0,0.9576806876817252,0.0,0,0
1181,screen,BIHMH gen 28 screen / mip_intensify,24999794.4,205.60000000149012,3,C4;C5;C7,2155,1078515.3612064177,19712.551206417524,1058802.81,32373723.48453589,32307739.104025602,2515.8405282048743,63468.53998208529,872.4184888299983,2.883754253739936,72.75010880065489,75.63386305439482,0.0,1078704.78295037,19901.97295037,19712.0,0.0,1.0,True,0.0,1.0,True,True,True,0.0,0.9482473499540474,0.0,0,0
1182,final,BIHMH gen 34 full / add_fix,24999794.4,205.60000000149012,3,C4;C5;C7,2194,1078515.3612064177,19712.55120641757,1058802.81,32376885.080598835,32309414.234414693,1088.7228265604945,66382.12335758346,898.6577796535562,1.211498805452072,73.86807843935274,75.07957724480481,0.0,1078704.78295037,19901.97295037,19712.0,0.0,1.0,True,0.0,1.0,True,True,True,0.0,0.8677505534086507,0.0,0,0
1183,final,BIHMH gen 33 full / mip_intensify,24999794.4,205.60000000149012,3,C4;C5;C7,2194,1078515.3612064177,19712.55120641757,1058802.81,32376902.854723204,32309432.266478106,1088.573237593727,66382.01500750151,898.6577796535564,1.211332347240554,73.8679578705618,75.07929021780235,0.0,1078704.78295037,19901.97295037,19712.0,0.0,1.0,True,0.0,1.0,True,True,True,0.0,0.8677493953903911,0.0,0,0
1184,screen,BIHMH gen 23 screen / mip_intensify,24999353.92,646.0799999982119,3,C4;C5;C7,2119,1078515.3612064177,19712.551206417524,1058802.81,32377418.626790952,32310648.52728284,3302.7248881193623,63467.37461999124,872.418488829998,3.7857117087794103,72.74877301730211,76.53448472608153,0.0,1078704.78295037,19901.97295037,19712.0,0.0,1.0,True,0.0,1.0,True,True,True,0.0,0.9583644203298919,0.0,0,0
1185,screen,BIHMH gen 31 screen / mip_intensify,24999574.16,425.839999999851,3,C4;C5;C7,2212,1078515.3612064177,19712.551206417524,1058802.81,32381503.563581467,32313926.78322372,3530.144274296307,64046.63608345111,872.418488829999,4.046388653489664,73.41274503403073,77.45913368752039,0.0,1078704.78295037,19901.97295037,19712.0,0.0,1.0,True,0.0,1.0,True,True,True,0.0,0.9502029762932435,0.0,0,0
1186,screen,BIHMH gen 26 screen / mip_intensify,24999794.4,205.60000000149012,3,C4;C5;C7,2155,1078515.3612064177,19712.551206417524,1058802.81,32381692.780884445,32315300.14296248,2642.295835566604,63750.34208639805,872.4184888299977,3.0287022448483327,73.07312133182066,76.10182357666899,0.0,1078704.78295037,19901.97295037,19712.0,0.0,1.0,True,0.0,1.0,True,True,True,0.0,0.9449499363017057,0.0,0,0
1187,screen,BIHMH gen 22 screen / mip_intensify,24999574.16,425.839999999851,3,C4;C5;C7,2094,1078515.3612064177,19712.551206417524,1058802.81,32383098.57234039,32315631.909547724,3405.681553815723,64060.981238851855,872.4184888299985,3.9037246429555688,73.42918800903006,77.33291265198562,0.0,1078704.78295037,19901.97295037,19712.0,0.0,1.0,True,0.0,1.0,True,True,True,0.0,0.9485547486487188,0.0,0,0
1188,final,BIHMH gen 28 full / mip_intensify,24999574.16,425.839999999851,3,C4;C5;C7,2154,1078515.3612064177,19712.55120641757,1058802.81,32383627.848791193,32316208.75867092,1146.5870521060842,66272.50306816728,898.580791576808,1.2759977320392981,73.75241457351196,75.02841230555126,0.0,1078704.78295037,19901.97295037,19712.0,0.0,1.0,True,0.0,1.0,True,True,True,0.0,0.8718984120506458,0.0,0,0
1189,final,BIHMH gen 34 full / mip_intensify,24999794.4,205.60000000149012,3,C4;C5;C7,2214,1078515.3612064177,19712.55120641757,1058802.81,32384069.339268588,32316654.95348817,1080.9330920794928,66333.45268833607,897.6025176078457,1.2042447195449406,73.90069812317142,75.10494284271637,0.0,1078704.78295037,19901.97295037,19712.0,0.0,1.0,True,0.0,1.0,True,True,True,0.0,0.8703387610170462,0.0,0,0
1190,final,BIHMH gen 27 full / mip_intensify,24999794.4,205.60000000149012,3,C4;C5;C7,2149,1078515.3612064177,19712.55120641757,1058802.81,32386416.916256715,32318997.184043787,1124.4499970322527,66295.28221589485,898.6069945362625,1.2513256672484943,73.7756133871486,75.02693905439709,0.0,1078704.78295037,19901.97295037,19712.0,0.0,1.0,True,0.0,1.0,True,True,True,0.0,0.8720359143572531,0.0,0,0
1191,final,BIHMH gen 31 full / crossover_fix,24999353.92,646.0799999982119,3,C4;C5;C7,2151,1078515.3612064177,19712.55120641757,1058802.81,32387279.74386059,32319875.87744864,1187.8355767527753,66216.03083519544,898.6326516007287,1.3218255252987874,73.6853159266417,75.0071414519405,0.0,1078704.78295037,19901.97295037,19712.0,0.0,1.0,True,0.0,1.0,True,True,True,0.0,0.8779951032121167,0.0,0,0
1192,final,BIHMH gen 28 full / add_fix,24999794.4,205.60000000149012,3,C4;C5;C7,2149,1078515.3612064177,19712.55120641757,1058802.81,32387757.897745293,32320217.08518811,1140.5215347046221,66400.29102247808,898.6069945362631,1.2692106133596277,73.89247070878271,75.16168132214234,0.0,1078704.78295037,19901.97295037,19712.0,0.0,1.0,True,0.0,1.0,True,True,True,0.0,0.8679161031603545,0.0,0,0
1193,final,BIHMH gen 25 full / add_fix,24999353.92,646.0799999982119,3,C4;C5;C7,2135,1078515.3612064177,19712.55120641757,1058802.81,32388777.58060405,32321472.6931248,1081.7528559836533,66223.13462326743,897.4595256442519,1.2053500186619606,73.789550092221,74.99490011088297,0.0,1078704.78295037,19901.97295037,19712.0,0.0,1.0,True,0.0,1.0,True,True,True,0.0,0.8694791762314255,0.0,0,0
1194,final,BIHMH gen 29 full / mip_intensify,24999794.4,205.60000000149012,3,C4;C5;C7,2164,1078515.3612064177,19712.55120641757,1058802.81,32389193.002801657,32321649.887593374,1196.0862217962936,66347.02898648649,898.6326516007283,1.3310068576583693,73.8310909004953,75.16209775815366,0.0,1078704.78295037,19901.97295037,19712.0,0.0,1.0,True,0.0,1.0,True,True,True,0.0,0.8698673336646214,0.0,0,0
1195,final,BIHMH gen 26 full / add_fix,24999353.92,646.0799999982119,3,C4;C5;C7,2138,1078515.3612064177,19712.55120641757,1058802.81,32389226.562924724,32321784.819284983,1141.642217405638,66300.10142233514,897.4509252856305,1.2720943120564379,73.8760187931545,75.14811310521094,0.0,1078704.78295037,19901.97295037,19712.0,0.0,1.0,True,0.0,1.0,True,True,True,0.0,0.8711826225000413,0.0,0,0
1196,screen,BIHMH gen 18 screen / add_fix,24999794.4,205.60000000149012,3,C4;C5;C7,2073,1078515.3612064177,19712.551206417524,1058802.81,32389281.765485473,32322527.343569938,3289.2669796942623,63465.15493583907,872.4184888299976,3.77028573076839,72.74622872900405,76.51651445977244,0.0,1078704.78295037,19901.97295037,19712.0,0.0,1.0,True,0.0,1.0,True,True,True,0.0,0.9582538903166231,0.0,0,0
1197,screen,BIHMH gen 21 screen / crossover_fix,24999574.16,425.839999999851,3,C4;C5;C7,2077,1078515.3612064177,19712.551206417524,1058802.81,32390808.384076938,32324849.27204483,2489.8237300131073,63469.288302092966,872.4184888299976,2.8539327878667673,72.75096655414968,75.60489934201645,0.0,1078704.78295037,19901.97295037,19712.0,0.0,1.0,True,0.0,1.0,True,True,True,0.0,0.9479999520787776,0.0,0,0
1198,final,BIHMH gen 24 full / mip_intensify,24999574.16,425.839999999851,3,C4;C5;C7,2129,1078515.3612064177,19712.55120641757,1058802.81,32391527.805436224,32324162.890403107,1139.534199321978,66225.38083379297,897.4963679614024,1.2696811262984238,73.78902377534864,75.05870490164706,0.0,1078704.78295037,19901.97295037,19712.0,0.0,1.0,True,0.0,1.0,True,True,True,0.0,0.8682434894885186,0.0,0,0
1199,screen,BIHMH gen 20 screen / swap_fix,24999794.4,205.60000000149012,3,C4;C5;C7,2076,1078515.3612064177,19712.551206417524,1058802.81,32391817.870699886,32325853.476891067,2494.763344585655,63469.63046423444,872.4184888299984,2.859594766190003,72.75135875370276,75.61095351989276,0.0,1078704.78295037,19901.97295037,19712.0,0.0,1.0,True,0.0,1.0,True,True,True,0.0,0.9480872433153329,0.0,0,0
1200,screen,BIHMH gen 21 screen / crossover_fix,24999574.16,425.839999999851,3,C4;C5;C7,2079,1078515.3612064177,19712.551206417524,1058802.81,32391868.688011568,32325123.2745899,3285.530006407277,63459.88341526083,872.4184888299976,3.7660022666570363,72.74018630710935,76.5061885737664,0.0,1078704.78295037,19901.97295037,19712.0,0.0,1.0,True,0.0,1.0,True,True,True,0.0,0.9582659491139096,0.0,0,0
1201,final,BIHMH gen 26 full / mip_intensify,24999794.4,205.60000000149012,3,C4;C5;C7,2140,1078515.3612064177,19712.55120641757,1058802.81,32392082.565529905,32324657.266926266,1105.5154789269077,66319.78312471145,897.5255468823186,1.2317370605962932,73.89180548128414,75.12354254188043,0.0,1078704.78295037,19901.97295037,19712.0,0.0,1.0,True,0.0,1.0,True,True,True,0.0,0.8690869091096558,0.0,0,0
1202,final,BIHMH gen 30 full / mip_intensify,24999353.92,646.0799999982119,3,C4;C5;C7,2166,1078515.3612064177,19712.55120641757,1058802.81,32392221.917889297,32324817.683811937,1102.745501160193,66301.48857620073,898.5540251128492,1.2272445176812818,73.78686948497497,75.01411400265626,0.0,1078704.78295037,19901.97295037,19712.0,0.0,1.0,True,0.0,1.0,True,True,True,0.0,0.8670722779472688,0.0,0,0
1203,screen,BIHMH gen 17 screen / mip_intensify,24999794.4,205.60000000149012,3,C4;C5;C7,2044,1078515.3612064177,19712.551206417524,1058802.81,32392282.53900083,32324942.09697637,3259.35434290696,64081.08768155367,880.5033603820816,3.7016943825093533,72.77778889310157,76.47948327561093,0.0,1078704.78295037,19901.97295037,19712.0,0.0,1.0,True,0.0,1.0,True,True,True,0.0,0.9587822671771634,0.0,0,0
1204,screen,BIHMH gen 43 screen / mip_intensify,24999702.0,298.0,4,C1;C4;C5;C7,2303,1078515.3612064177,19712.551206417524,1058802.81,32392394.27841833,32321155.718713403,2582.5416380177226,68656.01806690863,897.8095351266658,2.876491657724898,76.47058243508454,79.34707409280944,0.0,1078704.78295037,19901.97295037,19712.0,0.0,1.0,True,0.0,1.0,True,True,True,0.0,0.9445766789375356,0.0,0,0
1205,screen,BIHMH gen 32 screen / mip_intensify,24999794.4,205.60000000149012,3,C4;C5;C7,2207,1078515.3612064177,19712.551206417524,1058802.81,32392428.094963867,32325701.19511793,3266.2325671507865,63460.66727878513,872.4184888299976,3.7438827913094075,72.74108480196513,76.48496759327453,0.0,1078704.78295037,19901.97295037,19712.0,0.0,1.0,True,0.0,1.0,True,True,True,0.0,0.9580352474319807,0.0,0,0
1206,screen,BIHMH gen 33 screen / mip_intensify,24999794.4,205.60000000149012,3,C4;C5;C7,2257,1078515.3612064177,19712.551206417524,1058802.81,32393057.734926723,32323715.43444948,5356.529506913534,63985.77097032977,881.5707037308314,6.076120139025212,72.58155324302435,78.65767338204955,0.0,1078704.78295037,19901.97295037,19712.0,0.0,1.0,True,0.0,1.0,True,True,True,0.0,0.9717618805840443,0.0,0,0
1207,screen,BIHMH gen 12 screen / crossover_fix,24999794.4,205.60000000149012,3,C4;C5;C7,1950,1078515.3612064177,19712.551206417524,1058802.81,32393230.997789044,32326494.464545958,3261.009562263164,63475.523680823186,872.4184888299976,3.737895979986063,72.75811378774235,76.49600976772841,0.0,1078704.78295037,19901.97295037,19712.0,0.0,1.0,True,0.0,1.0,True,True,True,0.0,0.9578757609286637,0.0,0,0
1208,screen,BIHMH gen 20 screen / add_fix,24999574.16,425.839999999851,3,C4;C5;C7,2072,1078515.3612064177,19712.551206417524,1058802.81,32393320.927264057,32326567.896457203,3288.1795482309,63464.85125862319,872.4184888299976,3.7690392745351886,72.74588064236929,76.51491991690447,0.0,1078704.78295037,19901.97295037,19712.0,0.0,1.0,True,0.0,1.0,True,True,True,0.0,0.9582470506835548,0.0,0,0
1209,screen,BIHMH gen 16 screen / crossover_fix,24999794.4,205.60000000149012,3,C4;C5;C7,1976,1078515.3612064177,19712.551206417524,1058802.81,32393405.690979064,32326017.974208705,3313.5477700746474,64074.16900028383,872.4184888299986,3.798117316975308,73.44430433405161,77.24242165102692,0.0,1078704.78295037,19901.97295037,19712.0,0.0,1.0,True,0.0,1.0,True,True,True,0.0,0.9473458501132751,0.0,0,0
1210,final,BIHMH gen 30 full / crossover_fix,24999794.4,205.60000000149012,3,C4;C5;C7,2159,1078515.3612064177,19712.55120641757,1058802.81,32394086.851034064,32326692.266225543,1104.156934934764,66290.4278735839,897.5971534649998,1.2301252635131252,73.85320643863737,75.0833317021505,0.0,1078704.78295037,19901.97295037,19712.0,0.0,1.0,True,0.0,1.0,True,True,True,0.0,0.8653444708152359,0.0,0,0
1211,screen,BIHMH gen 17 screen / add_fix,24999794.4,205.60000000149012,3,C4;C5;C7,1957,1078515.3612064177,19712.551206417524,1058802.81,32394560.500146125,32327822.64511103,3262.8462795051328,63475.00875558584,872.4184888299984,3.7400012967182072,72.75752356040994,76.49752485712814,0.0,1078704.78295037,19901.97295037,19712.0,0.0,1.0,True,0.0,1.0,True,True,True,0.0,0.9578909944256773,0.0,0,0
1212,screen,BIHMH gen 18 screen / add_fix,24999794.4,205.60000000149012,3,C4;C5;C7,2067,1078515.3612064177,19712.551206417524,1058802.81,32395476.941758256,32328197.678802673,3191.6501530571545,64087.61280252872,880.503360382081,3.6248017857333177,72.78519956439334,76.41000135012665,0.0,1078704.78295037,19901.97295037,19712.0,0.0,1.0,True,0.0,1.0,True,True,True,0.0,0.95814251404544,0.0,0,0
1213,screen,BIHMH gen 16 screen / mip_intensify,24999574.16,425.839999999851,3,C4;C5;C7,2015,1078515.3612064177,19712.551206417524,1058802.81,32395878.30869211,32328589.561965413,3196.476585208619,64092.27014148483,880.5033603820816,3.6302832323337806,72.79048896948323,76.42077220181702,0.0,1078704.78295037,19901.97295037,19712.0,0.0,1.0,True,0.0,1.0,True,True,True,0.0,0.9581334413435186,0.0,0,0
1214,screen,BIHMH gen 18 screen / add_fix,24999574.16,425.839999999851,3,C4;C5;C7,2041,1078515.3612064177,19712.551206417524,1058802.81,32395973.029274233,32328644.47003859,3248.5266472212634,64080.03258842178,880.503360382081,3.6893972168506144,72.77659060905256,76.46598782590317,0.0,1078704.78295037,19901.97295037,19712.0,0.0,1.0,True,0.0,1.0,True,True,True,0.0,0.9586830276829902,0.0,0,0
1215,screen,BIHMH gen 13 screen / crossover_fix,24999794.4,205.60000000149012,3,C4;C5;C7,1954,1078515.3612064177,19712.551206417524,1058802.81,32396277.375375737,32329530.72046182,3266.2411299753285,63480.413783942764,872.4184888299977,3.7438926063519027,72.7637190141127,76.5076116204646,0.0,1078704.78295037,19901.97295037,19712.0,0.0,1.0,True,0.0,1.0,True,True,True,0.0,0.9579164960675829,0.0,0,0
1216,screen,BIHMH gen 10 screen / add_fix,24999353.92,646.0799999982119,3,C4;C5;C7,1951,1078515.3612064177,19712.551206417524,1058802.81,32396932.80668519,32330190.711631916,3266.703708695765,63475.39134457691,872.4184888299982,3.7444228320708177,72.75796209879029,76.5023849308611,0.0,1078704.78295037,19901.97295037,19712.0,0.0,1.0,True,0.0,1.0,True,True,True,0.0,0.9579445379792436,0.0,0,0
1217,screen,BIHMH gen 12 screen / add_fix,24999574.16,425.839999999851,3,C4;C5;C7,1954,1078515.3612064177,19712.551206417524,1058802.81,32398972.210115094,32332226.239338093,3265.5006763737524,63480.47010062485,872.4184888299982,3.7430438696377477,72.7637835664838,76.50682743612154,0.0,1078704.78295037,19901.97295037,19712.0,0.0,1.0,True,0.0,1.0,True,True,True,0.0,0.9578823419488414,0.0,0,0
1218,screen,BIHMH gen 6 screen / add_fix,24999794.4,205.60000000149012,3,C4;C5;C7,1941,1078515.3612064177,19712.551206417524,1058802.81,32399177.5451425,32332438.429435305,3263.152098120811,63475.96360907624,872.4184888299985,3.7403518379086944,72.7586180506146,76.49896988852329,0.0,1078704.78295037,19901.97295037,19712.0,0.0,1.0,True,0.0,1.0,True,True,True,0.0,0.9578665541389224,0.0,0,0
1219,screen,BIHMH gen 14 screen / add_fix,24999353.92,646.0799999982119,3,C4;C5;C7,1977,1078515.3612064177,19712.551206417524,1058802.81,32399986.172252223,32333258.54287943,3261.8311250716974,63465.79824772202,872.4184888299992,3.7388376872275373,72.74696611810236,76.48580380532991,0.0,1078704.78295037,19901.97295037,19712.0,0.0,1.0,True,0.0,1.0,True,True,True,0.0,0.9580040433846466,0.0,0,0
1220,screen,BIHMH gen 16 screen / add_fix,24999574.16,425.839999999851,3,C4;C5;C7,1982,1078515.3612064177,19712.551206417524,1058802.81,32400185.526844863,32332829.884488244,3279.5733814268133,64076.068975192014,872.4184888299978,3.759174551453002,73.44648215918092,77.20565671063392,0.0,1078704.78295037,19901.97295037,19712.0,0.0,1.0,True,0.0,1.0,True,True,True,0.0,0.9469689637496469,0.0,0,0
1221,final,BIHMH gen 23 full / mip_intensify,24999353.92,646.0799999982119,3,C4;C5;C7,2119,1078515.3612064177,19712.55120641757,1058802.81,32400209.55375828,32332785.91460499,1194.0453061255548,66229.59384716238,897.1349820864314,1.330953903222691,73.82344370646972,75.15439760969241,0.0,1078704.78295037,19901.97295037,19712.0,0.0,1.0,True,0.0,1.0,True,True,True,0.0,0.8791219261925164,0.0,0,0
1222,screen,BIHMH gen 19 screen / station_capacity_fix,24999953.04,46.96000000089407,4,C2;C4;C5;C7,2084,1078515.3612064177,19712.551206417524,1058802.81,32400302.878415465,32328808.640944295,5187.124107922427,66307.11336324603,890.2583352489562,5.826538098597948,74.48075545926069,80.30729355785864,0.0,1078704.78295037,19901.97295037,19712.0,0.0,1.0,True,0.0,1.0,True,True,True,0.0,0.9532244950445673,0.0,0,0
1223,screen,BIHMH gen 9 screen / crossover_fix,24999353.92,646.0799999982119,3,C4;C5;C7,1949,1078515.3612064177,19712.551206417524,1058802.81,32400378.947695702,32333641.48225324,3262.989804224608,63474.47563824145,872.4184888299984,3.7401658103333046,72.75691248057701,76.49707829091032,0.0,1078704.78295037,19901.97295037,19712.0,0.0,1.0,True,0.0,1.0,True,True,True,0.0,0.9579139681320477,0.0,0,0
1224,screen,BIHMH gen 18 screen / crossover_fix,24999353.92,646.0799999982119,3,C4;C5;C7,2013,1078515.3612064177,19712.551206417524,1058802.81,32400494.269519664,32333149.641317084,3288.5113319163675,64056.116870665166,880.5033603820806,3.734808383342648,72.74942919339799,76.48423757674064,0.0,1078704.78295037,19901.97295037,19712.0,0.0,1.0,True,0.0,1.0,True,True,True,0.0,0.9591439776863332,0.0,0,0
1225,screen,BIHMH gen 15 screen / swap_fix,24999574.16,425.839999999851,3,C4;C5;C7,1978,1078515.3612064177,19712.551206417524,1058802.81,32400637.533967797,32334107.869133443,2797.937993628226,63731.72684072611,872.4184888299983,3.207105339297136,73.0517838132899,76.25888915258703,0.0,1078704.78295037,19901.97295037,19712.0,0.0,1.0,True,0.0,1.0,True,True,True,0.0,0.9474205700796997,0.0,0,0
1226,screen,BIHMH gen 17 screen / add_fix,24999794.4,205.60000000149012,3,C4;C5;C7,2041,1078515.3612064177,19712.551206417524,1058802.81,32401190.93651959,32333846.02728772,3253.579195481005,64091.33003638831,880.5033603820809,3.6951354666825624,72.78942127895668,76.48455674563924,0.0,1078704.78295037,19901.97295037,19712.0,0.0,1.0,True,0.0,1.0,True,True,True,0.0,0.9586960411126797,0.0,0,0
1227,screen,BIHMH gen 15 screen / swap_fix,24999574.16,425.839999999851,3,C4;C5;C7,1979,1078515.3612064177,19712.551206417524,1058802.81,32401256.93115077,32333896.470110945,3283.794915036992,64076.666124792704,872.4184888299981,3.7640134374512106,73.44716663527619,77.2111800727274,0.0,1078704.78295037,19901.97295037,19712.0,0.0,1.0,True,0.0,1.0,True,True,True,0.0,0.9469749824617346,0.0,0,0
1228,screen,BIHMH gen 8 screen / crossover_fix,24999794.4,205.60000000149012,3,C4;C5;C7,1953,1078515.3612064177,19712.551206417524,1058802.81,32401584.953649875,32334841.94008845,3263.1946887060435,63479.81887271765,872.4184888299984,3.7404006568938244,72.76303710373048,76.50343776062431,0.0,1078704.78295037,19901.97295037,19712.0,0.0,1.0,True,0.0,1.0,True,True,True,0.0,0.9578591051921369,0.0,0,0
1229,screen,BIHMH gen 16 screen / add_fix,24999794.4,205.60000000149012,3,C4;C5;C7,1996,1078515.3612064177,19712.551206417524,1058802.81,32401756.41780535,32334433.1591094,3231.2966276702377,64091.96206828243,880.503360382081,3.669828842297735,72.79013908643199,76.45996792872972,0.0,1078704.78295037,19901.97295037,19712.0,0.0,1.0,True,0.0,1.0,True,True,True,0.0,0.9584733750537129,0.0,0,0
1230,screen,BIHMH gen 13 screen / crossover_fix,24999794.4,205.60000000149012,3,C4;C5;C7,1976,1078515.3612064177,19712.551206417524,1058802.81,32401806.825630743,32335808.707559496,2521.6293385212084,63476.48873272585,872.4184888299981,2.8903896132496802,72.75921996776373,75.64960958101341,0.0,1078704.78295037,19901.97295037,19712.0,0.0,1.0,True,0.0,1.0,True,True,True,0.0,0.9483445487463772,0.0,0,0
1231,screen,BIHMH gen 19 screen / add_fix,24999574.16,425.839999999851,3,C4;C5;C7,2047,1078515.3612064177,19712.551206417524,1058802.81,32401906.6746204,32334456.045149736,3375.1684200548575,64075.46105061141,872.4184888299983,3.868749302391907,73.44578533238459,77.31453463477649,0.0,1078704.78295037,19901.97295037,19712.0,0.0,1.0,True,0.0,1.0,True,True,True,0.0,0.9469026730567064,0.0,0,0
1232,screen,BIHMH gen 9 screen / add_fix,24999794.4,205.60000000149012,3,C4;C5;C7,1975,1078515.3612064177,19712.551206417524,1058802.81,32402113.406826995,32336150.692151245,2486.638865577571,63476.07581017079,872.4184888299982,2.8502821723922955,72.75874665987267,75.60902883226497,0.0,1078704.78295037,19901.97295037,19712.0,0.0,1.0,True,0.0,1.0,True,True,True,0.0,0.9477926748500455,0.0,0,0
1233,screen,BIHMH gen 18 screen / add_fix,24999794.4,205.60000000149012,3,C4;C5;C7,2036,1078515.3612064177,19712.551206417524,1058802.81,32402778.69136692,32335398.00259543,3288.721575973782,64091.96719551472,880.5033603820807,3.735047160463638,72.79014490950155,76.52519206996519,0.0,1078704.78295037,19901.97295037,19712.0,0.0,1.0,True,0.0,1.0,True,True,True,0.0,0.9590819041756352,0.0,0,0
1234,screen,BIHMH gen 13 screen / add_fix,24999353.92,646.0799999982119,3,C4;C5;C7,1976,1078515.3612064177,19712.551206417524,1058802.81,32402822.22148871,32336068.505299833,3269.8354701975363,63483.88071868204,872.4184888299978,3.74801257889745,72.76769294953893,76.51570552843637,0.0,1078704.78295037,19901.97295037,19712.0,0.0,1.0,True,0.0,1.0,True,True,True,0.0,0.9579238405670626,0.0,0,0
1235,screen,BIHMH gen 9 screen / add_fix,24999574.16,425.839999999851,3,C4;C5;C7,1980,1078515.3612064177,19712.551206417524,1058802.81,32403045.313775256,32336336.350175366,3214.1798855799925,63494.78371430938,872.4184888299977,3.6842179833792104,72.78019038714135,76.46440837052056,0.0,1078704.78295037,19901.97295037,19712.0,0.0,1.0,True,0.0,1.0,True,True,True,0.0,0.9573965991382298,0.0,0,0
1236,screen,BIHMH gen 11 screen / add_fix,24999574.16,425.839999999851,3,C4;C5;C7,1981,1078515.3612064177,19712.551206417524,1058802.81,32403775.308305632,32337020.082828794,3287.190069324974,63468.035407512834,872.4184888299978,3.767905095332667,72.74953043765721,76.51743553298988,0.0,1078704.78295037,19901.97295037,19712.0,0.0,1.0,True,0.0,1.0,True,True,True,0.0,0.9582270984000485,0.0,0,0
1237,screen,BIHMH gen 10 screen / add_fix,24999794.4,205.60000000149012,3,C4;C5;C7,1971,1078515.3612064177,19712.551206417524,1058802.81,32404420.874106858,32338567.034958724,2360.1847157447714,63493.65443239146,872.4184888299989,2.7053355080885746,72.77889596028947,75.48423146837806,0.0,1078704.78295037,19901.97295037,19712.0,0.0,1.0,True,0.0,1.0,True,True,True,0.0,0.9456382168371694,0.0,0,0
1238,screen,BIHMH gen 13 screen / swap_fix,24999794.4,205.60000000149012,3,C4;C5;C7,1976,1078515.3612064177,19712.551206417524,1058802.81,32405799.58486445,32339050.692091398,3265.143704750134,63483.74906830195,872.4184888299989,3.74263469488023,72.76754204675333,76.51017674163356,0.0,1078704.78295037,19901.97295037,19712.0,0.0,1.0,True,0.0,1.0,True,True,True,0.0,0.9579226741962706,0.0,0,0
1239,screen,BIHMH gen 17 screen / add_fix,24999794.4,205.60000000149012,3,C4;C5;C7,2034,1078515.3612064177,19712.551206417524,1058802.81,32405953.15147466,32338707.90764854,3251.689968357605,63993.553857758794,872.418488829999,3.72721349901519,73.35190012258978,77.07911362160498,0.0,1078704.78295037,19901.97295037,19712.0,0.0,1.0,True,0.0,1.0,True,True,True,0.0,0.947127709285857,0.0,0,0
1240,screen,BIHMH gen 7 screen / swap_fix,24999353.92,646.0799999982119,3,C4;C5;C7,1974,1078515.3612064177,19712.551206417524,1058802.81,32406374.395970196,32339691.862929057,3186.9618855691233,63495.571155572245,872.418488829999,3.6530196532665875,72.7810929829401,76.43411263620668,0.0,1078704.78295037,19901.97295037,19712.0,0.0,1.0,True,0.0,1.0,True,True,True,0.0,0.957103337940834,0.0,0,0
1241,screen,BIHMH gen 15 screen / add_fix,24999794.4,205.60000000149012,3,C4;C5;C7,1981,1078515.3612064177,19712.551206417524,1058802.81,32407567.67431368,32340797.00584139,3298.4608094071828,63472.20766288264,872.4184888299982,3.7808240559307196,72.75431283901986,76.53513689495058,0.0,1078704.78295037,19901.97295037,19712.0,0.0,1.0,True,0.0,1.0,True,True,True,0.0,0.9582928568542477,0.0,0,0
1242,screen,BIHMH gen 12 screen / add_fix,24999794.4,205.60000000149012,3,C4;C5;C7,1974,1078515.3612064177,19712.551206417524,1058802.81,32407585.74570244,32341582.610406574,2529.692913646794,63473.442382221336,872.4184888299988,2.8996323966487316,72.7557281223437,75.65536051899242,0.0,1078704.78295037,19901.97295037,19712.0,0.0,1.0,True,0.0,1.0,True,True,True,0.0,0.9486150700581054,0.0,0,0
1243,screen,BIHMH gen 7 screen / add_fix,24999353.92,646.0799999982119,3,C4;C5;C7,1953,1078515.3612064177,19712.551206417524,1058802.81,32408359.778500088,32341623.773720734,3253.3618988169314,63482.642880535364,872.4184888299975,3.7291299307285692,72.76627409131606,76.49540402204464,0.0,1078704.78295037,19901.97295037,19712.0,0.0,1.0,True,0.0,1.0,True,True,True,0.0,0.9577005400021706,0.0,0,0
1244,screen,BIHMH gen 7 screen / swap_fix,24999353.92,646.0799999982119,3,C4;C5;C7,1976,1078515.3612064177,19712.551206417524,1058802.81,32411177.29418286,32345155.135779396,2556.7842269250195,63465.374176540165,872.4184888299972,2.930685513501588,72.74648003122189,75.67716554472348,0.0,1078704.78295037,19901.97295037,19712.0,0.0,1.0,True,0.0,1.0,True,True,True,0.0,0.9488218799250234,0.0,0,0
1245,screen,BIHMH gen 12 screen / mip_intensify,24999353.92,646.0799999982119,3,C4;C5;C7,1983,1078515.3612064177,19712.551206417524,1058802.81,32411243.06578597,32343853.43567263,3305.685668209868,64083.94444513127,880.503360382082,3.7543135176399693,72.78103335951262,76.53534687715259,0.0,1078704.78295037,19901.97295037,19712.0,0.0,1.0,True,0.0,1.0,True,True,True,0.0,0.9592188676709945,0.0,0,0
1246,screen,BIHMH gen 11 screen / swap_fix,24999794.4,205.60000000149012,3,C4;C5;C7,1970,1078515.3612064177,19712.551206417524,1058802.81,32411330.38566083,32344613.751664232,3224.4360024401326,63492.197994156944,872.4184888299981,3.6959739433817242,72.77722653414469,76.47320047752642,0.0,1078704.78295037,19901.97295037,19712.0,0.0,1.0,True,0.0,1.0,True,True,True,0.0,0.9575353156669025,0.0,0,0
1247,screen,BIHMH gen 14 screen / add_fix,24999574.16,425.839999999851,3,C4;C5;C7,1972,1078515.3612064177,19712.551206417524,1058802.81,32411462.040837713,32344090.94971633,3292.877204185094,64078.213917198496,880.5033603820816,3.73976676563301,72.77452511866927,76.51429188430228,0.0,1078704.78295037,19901.97295037,19712.0,0.0,1.0,True,0.0,1.0,True,True,True,0.0,0.9591110657905391,0.0,0,0
1248,final,BIHMH gen 22 full / mip_intensify,24999574.16,425.839999999851,3,C4;C5;C7,2094,1078515.3612064177,19712.551206417582,1058802.81,32411547.31897982,32344259.860805854,1102.4754854324012,66184.98268853039,897.0445202326714,1.2290086618515277,73.78115711733419,75.01016577918571,0.0,1078704.78295037,19901.97295037,19712.0,0.0,1.0,True,0.0,1.0,True,True,True,0.0,0.8713838829088931,0.0,0,0
1249,final,BIHMH gen 33 full / mip_intensify,24999794.4,205.60000000149012,3,C4;C5;C7,2257,1078515.3612064177,19712.55120641757,1058802.81,32413062.973189384,32345589.777077984,1136.7403526557991,66336.45575874372,898.6326516007279,1.2649666697854032,73.8193249940107,75.08429166379611,0.0,1078704.78295037,19901.97295037,19712.0,0.0,1.0,True,0.0,1.0,True,True,True,0.0,0.8681706013551416,0.0,0,0
1250,screen,BIHMH gen 11 screen / crossover_fix,24999794.4,205.60000000149012,3,C4;C5;C7,1974,1078515.3612064177,19712.551206417524,1058802.81,32413307.61038318,32346008.954483397,3209.90020107321,64088.7556987066,880.5033603820815,3.645528620901936,72.7864975675916,76.43202618849354,0.0,1078704.78295037,19901.97295037,19712.0,0.0,1.0,True,0.0,1.0,True,True,True,0.0,0.9582882724134976,0.0,0,0
1251,screen,BIHMH gen 15 screen / swap_fix,24999353.92,646.0799999982119,3,C4;C5;C7,1981,1078515.3612064177,19712.551206417524,1058802.81,32413597.4172918,32346281.73606125,3239.509847144038,64076.17138340593,880.5033603820816,3.679156710700456,72.77220538443034,76.45136209513079,0.0,1078704.78295037,19901.97295037,19712.0,0.0,1.0,True,0.0,1.0,True,True,True,0.0,0.9586355809866304,0.0,0,0
1252,screen,BIHMH gen 8 screen / swap_fix,24999574.16,425.839999999851,3,C4;C5;C7,1977,1078515.3612064177,19712.551206417524,1058802.81,32413631.87771188,32347644.953464683,2511.162331610757,63475.761915586336,872.4184888299985,2.8783919228700436,72.75838686169267,75.63677878456271,0.0,1078704.78295037,19901.97295037,19712.0,0.0,1.0,True,0.0,1.0,True,True,True,0.0,0.9482017410009768,0.0,0,0
1253,final,BIHMH gen 20 full / swap_fix,24999794.4,205.60000000149012,3,C4;C5;C7,2076,1078515.3612064177,19712.551206417582,1058802.81,32413672.726193864,32346292.769173756,1110.0427364583002,66269.91428364659,897.33290960826,1.2370467243231955,73.85209388183189,75.08914060615508,0.0,1078704.78295037,19901.97295037,19712.0,0.0,1.0,True,0.0,1.0,True,True,True,0.0,0.8699253488383674,0.0,0,0
1254,screen,BIHMH gen 13 screen / add_fix,24999574.16,425.839999999851,3,C4;C5;C7,1973,1078515.3612064177,19712.551206417524,1058802.81,32413726.888547283,32347876.879726514,2359.857118957327,63490.15170181042,872.4184888299976,2.7049600039106654,72.77488099427742,75.4798409981881,0.0,1078704.78295037,19901.97295037,19712.0,0.0,1.0,True,0.0,1.0,True,True,True,0.0,0.9457880504290155,0.0,0,0
1255,screen,BIHMH gen 10 screen / swap_fix,24999794.4,205.60000000149012,3,C4;C5;C7,1982,1078515.3612064177,19712.551206417524,1058802.81,32413852.566089828,32347882.276072294,2493.8953714758677,63476.39464605873,872.418488829999,2.8585998616563395,72.7591121219668,75.61771198362314,0.0,1078704.78295037,19901.97295037,19712.0,0.0,1.0,True,0.0,1.0,True,True,True,0.0,0.948049872992341,0.0,0,0
1256,final,BIHMH gen 20 full / add_fix,24999574.16,425.839999999851,3,C4;C5;C7,2072,1078515.3612064177,19712.551206417582,1058802.81,32414476.835941505,32347143.6857753,1129.997117618418,66203.15304858451,897.4963679614021,1.2590548084168012,73.76425734062876,75.02331214904557,0.0,1078704.78295037,19901.97295037,19712.0,0.0,1.0,True,0.0,1.0,True,True,True,0.0,0.8676208029290382,0.0,0,0
1257,screen,BIHMH gen 15 screen / mip_intensify,24999794.4,205.60000000149012,3,C4;C5;C7,1997,1078515.3612064177,19712.551206417524,1058802.81,32414680.554068625,32347311.492942385,3292.8276363650875,64076.233489873346,872.4184888299991,3.7743670939173932,73.44667073230649,77.22103782622388,0.0,1078704.78295037,19901.97295037,19712.0,0.0,1.0,True,0.0,1.0,True,True,True,0.0,0.9468340803918464,0.0,0,0
1258,screen,BIHMH gen 8 screen / add_fix,24999574.16,425.839999999851,3,C4;C5;C7,1974,1078515.3612064177,19712.551206417524,1058802.81,32414791.46665467,32348929.868754905,2366.9993325868395,63494.5985671777,872.4184888299978,2.713146686931437,72.77997816429868,75.49312485123012,0.0,1078704.78295037,19901.97295037,19712.0,0.0,1.0,True,0.0,1.0,True,True,True,0.0,0.9456520854842307,0.0,0,0
1259,screen,BIHMH gen 9 screen / swap_fix,24999574.16,425.839999999851,3,C4;C5;C7,2011,1078515.3612064177,19712.551206417524,1058802.81,32415416.526177283,32348066.374289714,3282.493427966055,64067.6584596045,880.5033603820804,3.727973765530741,72.76253713762473,76.49051090315547,0.0,1078704.78295037,19901.97295037,19712.0,0.0,1.0,True,0.0,1.0,True,True,True,0.0,0.9590574209586337,0.0,0,0
1260,final,BIHMH gen 18 full / add_fix,24999794.4,205.60000000149012,3,C4;C5;C7,2073,1078515.3612064177,19712.551206417582,1058802.81,32416398.345835745,32349059.543933257,1050.7035784275822,66288.09832406224,897.4886247381239,1.170715204032992,73.85954149937476,75.03025670340774,0.0,1078704.78295037,19901.97295037,19712.0,0.0,1.0,True,0.0,1.0,True,True,True,0.0,0.8641262188704774,0.0,0,0
1261,screen,BIHMH gen 11 screen / swap_fix,24999794.4,205.60000000149012,3,C4;C5;C7,1979,1078515.3612064177,19712.551206417524,1058802.81,32416485.319564525,32350498.382099062,2525.797978975026,63461.1394864896,872.4184888299983,2.8951678710550683,72.74162606479996,75.63679393585502,0.0,1078704.78295037,19901.97295037,19712.0,0.0,1.0,True,0.0,1.0,True,True,True,0.0,0.948455082539565,0.0,0,0
1262,screen,BIHMH gen 12 screen / add_fix,24999794.4,205.60000000149012,3,C4;C5;C7,1971,1078515.3612064177,19712.551206417524,1058802.81,32416523.660636477,32349754.212122995,3289.317463635842,63480.131049847165,872.4184888299988,3.77034359742553,72.76339493329678,76.5337385307223,0.0,1078704.78295037,19901.97295037,19712.0,0.0,1.0,True,0.0,1.0,True,True,True,0.0,0.9581822335820964,0.0,0,0
1263,final,BIHMH gen 17 full / mip_intensify,24999794.4,205.60000000149012,3,C4;C5;C7,2044,1078515.3612064177,19712.551206417582,1058802.81,32416580.288395256,32349114.4677357,1125.5961029052175,66340.22455664944,897.3835141267622,1.2543088714979653,73.92627958092662,75.18058845242459,0.0,1078704.78295037,19901.97295037,19712.0,0.0,1.0,True,0.0,1.0,True,True,True,0.0,0.8648417532169284,0.0,0,0
1264,screen,BIHMH gen 5 screen / add_fix,24999574.16,425.839999999851,3,C4;C5;C7,1905,1078515.3612064177,19712.551206417524,1058802.81,32416582.628388517,32348509.964079503,3703.9465334151046,64368.71777559934,880.5033603820821,4.206623960876003,73.10445441987574,77.31107838075174,0.0,1078704.78295037,19901.97295037,19712.0,0.0,1.0,True,0.0,1.0,True,True,True,0.0,0.9589822127991078,0.0,0,0
1265,screen,BIHMH gen 11 screen / mip_intensify,24999574.16,425.839999999851,3,C4;C5;C7,2020,1078515.3612064177,19712.551206417524,1058802.81,32416831.27289473,32349524.534640715,3208.241306663812,64098.49694735193,880.5033603820821,3.643644591284286,72.79756084012818,76.44120543141247,0.0,1078704.78295037,19901.97295037,19712.0,0.0,1.0,True,0.0,1.0,True,True,True,0.0,0.9582308550467428,0.0,0,0
1266,screen,BIHMH gen 19 screen / mip_intensify,24999794.4,205.60000000149012,3,C4;C5;C7,2152,1078515.3612064177,19712.551206417524,1058802.81,32416914.78171616,32349303.707483314,3564.9550981377047,64046.11913471058,872.4184888299972,4.086290173559568,73.41215248728051,77.49844266084007,0.0,1078704.78295037,19901.97295037,19712.0,0.0,1.0,True,0.0,1.0,True,True,True,0.0,0.9504069472193615,0.0,0,0
1267,final,BIHMH gen 21 full / crossover_fix,24999574.16,425.839999999851,3,C4;C5;C7,2079,1078515.3612064177,19712.55120641758,1058802.81,32416964.70226231,32349547.43991042,1086.9270069388426,66330.33534495322,897.6659241434149,1.2108368800743188,73.89200543425774,75.10284231433207,0.0,1078704.78295037,19901.97295037,19712.0,0.0,1.0,True,0.0,1.0,True,True,True,0.0,0.864686089872305,0.0,0,0
1268,final,BIHMH gen 21 full / crossover_fix,24999574.16,425.839999999851,3,C4;C5;C7,2077,1078515.3612064177,19712.55120641758,1058802.81,32417517.38418013,32350130.155041177,1120.4079504456736,66266.82118850699,897.4886247381243,1.2483812268624512,73.83583408407299,75.08421531093543,0.0,1078704.78295037,19901.97295037,19712.0,0.0,1.0,True,0.0,1.0,True,True,True,0.0,0.8676106318616729,0.0,0,0
1269,final,BIHMH gen 16 full / mip_intensify,24999574.16,425.839999999851,3,C4;C5;C7,2015,1078515.3612064177,19712.551206417582,1058802.81,32420929.583385512,32353647.653541543,1147.987993433983,66133.94185053596,897.3442954182703,1.279317202210421,73.69962921501562,74.97894641722604,0.0,1078704.78295037,19901.97295037,19712.0,0.0,1.0,True,0.0,1.0,True,True,True,0.0,0.8720907630403925,0.0,0,0
1270,final,BIHMH gen 19 full / add_fix,24999574.16,425.839999999851,3,C4;C5;C7,2047,1078515.3612064177,19712.551206417582,1058802.81,32421360.618786763,32354052.96322655,1152.6065637948304,66155.04899641791,897.2498615389993,1.2845993219969218,73.73091023156704,75.01550955356396,0.0,1078704.78295037,19901.97295037,19712.0,0.0,1.0,True,0.0,1.0,True,True,True,0.0,0.871415306229544,0.0,0,0
1271,final,BIHMH gen 18 full / add_fix,24999794.4,205.60000000149012,3,C4;C5;C7,2067,1078515.3612064177,19712.55120641758,1058802.81,32422380.916975178,32355046.630651206,1142.5958322013862,66191.6904917681,897.3835141267624,1.273252532740406,73.76076053300217,75.03401306574257,0.0,1078704.78295037,19901.97295037,19712.0,0.0,1.0,True,0.0,1.0,True,True,True,0.0,0.8691966350796657,0.0,0,0
1272,screen,BIHMH gen 6 screen / add_fix,24999794.4,205.60000000149012,3,C4;C5;C7,1925,1078515.3612064177,19712.551206417524,1058802.81,32423088.269709636,32355581.701408595,3431.2541727232638,64075.314128315775,872.4184888299986,3.933036973259155,73.44561692433552,77.37865389759467,0.0,1078704.78295037,19901.97295037,19712.0,0.0,1.0,True,0.0,1.0,True,True,True,0.0,0.9483378794130872,0.0,0,0
1273,screen,BIHMH gen 4 screen / swap_fix,24999353.92,646.0799999982119,3,C4;C5;C7,1892,1078515.3612064177,19712.551206417524,1058802.81,32425670.047618218,32358350.05154217,3208.866107959718,64111.12996808781,880.5033603820807,3.644354186867931,72.81190833873454,76.45626252560247,0.0,1078704.78295037,19901.97295037,19712.0,0.0,1.0,True,0.0,1.0,True,True,True,0.0,0.9581027972225815,0.0,0,0
1274,screen,BIHMH gen 38 screen / mip_intensify,24999922.240000002,77.75999999791384,4,C1;C4;C5;C7,2258,1078515.3612064177,19712.551206417524,1058802.81,32425738.187065534,32356108.85949248,872.0004712498177,68757.32710180311,897.8095351266663,0.9712532972004942,76.58342266559083,77.55467596279132,0.0,1078704.78295037,19901.97295037,19712.0,0.0,1.0,True,0.0,1.0,True,True,True,0.0,0.8654652377321839,0.0,0,0
1275,screen,BIHMH gen 5 screen / add_fix,24999353.92,646.0799999982119,3,C4;C5;C7,1924,1078515.3612064177,19712.551206417524,1058802.81,32425968.33152776,32358468.365375873,3425.530481800366,64074.435670086335,872.4184888299984,3.926476256130644,73.44461000134997,77.37108625748061,0.0,1078704.78295037,19901.97295037,19712.0,0.0,1.0,True,0.0,1.0,True,True,True,0.0,0.9483557945529087,0.0,0,0
1276,final,BIHMH gen 16 full / crossover_fix,24999794.4,205.60000000149012,3,C4;C5;C7,1976,1078515.3612064177,19712.551206417553,1058802.81,32426352.51829193,32358990.000634998,1106.6792640262117,66255.83839290641,897.7956059941416,1.232662820621371,73.79835449243528,75.03101731305665,0.0,1078704.78295037,19901.97295037,19712.0,0.0,1.0,True,0.0,1.0,True,True,True,0.0,0.86965242521578,0.0,0,0
1277,screen,BIHMH gen 6 screen / add_fix,24999574.16,425.839999999851,3,C4;C5;C7,1941,1078515.3612064177,19712.551206417524,1058802.81,32427001.291969325,32361149.454545293,2360.991101342893,63490.84632269047,872.4184888299972,2.70625981862125,72.77567719574378,75.48193701436503,0.0,1078704.78295037,19901.97295037,19712.0,0.0,1.0,True,0.0,1.0,True,True,True,0.0,0.9454908212974837,0.0,0,0
1278,screen,BIHMH gen 5 screen / swap_fix,24999794.4,205.60000000149012,3,C4;C5;C7,1926,1078515.3612064177,19712.551206417524,1058802.81,32430211.68349366,32363394.711040564,3345.1688045401975,63471.803648554815,872.4184888299988,3.8343625764126186,72.75384974208525,76.58821231849787,0.0,1078704.78295037,19901.97295037,19712.0,0.0,1.0,True,0.0,1.0,True,True,True,0.0,0.9587850270971642,0.0,0,0
1279,final,BIHMH gen 17 full / add_fix,24999794.4,205.60000000149012,3,C4;C5;C7,1957,1078515.3612064177,19712.551206417553,1058802.81,32430259.877614975,32362719.738379434,1105.931509393308,66434.20772614867,898.5917584154888,1.230738540651015,73.9314678818042,75.16220642245521,0.0,1078704.78295037,19901.97295037,19712.0,0.0,1.0,True,0.0,1.0,True,True,True,0.0,0.8698055977685644,0.0,0,0
1280,final,BIHMH gen 15 full / swap_fix,24999574.16,425.839999999851,3,C4;C5;C7,1979,1078515.3612064177,19712.551206417553,1058802.81,32430570.688647844,32363270.98314072,1102.1870230120894,66197.51848411204,897.5255468823182,1.2280285801787947,73.75558134702513,74.98360992720393,0.0,1078704.78295037,19901.97295037,19712.0,0.0,1.0,True,0.0,1.0,True,True,True,0.0,0.8702994784161272,0.0,0,0
1281,final,BIHMH gen 13 full / crossover_fix,24999794.4,205.60000000149012,3,C4;C5;C7,1954,1078515.3612064177,19712.551206417553,1058802.81,32430782.024400998,32363224.825861268,1122.4095048235806,66434.78903490576,898.8201455333642,1.248758731545272,73.91332889571922,75.16208762726448,0.0,1078704.78295037,19901.97295037,19712.0,0.0,1.0,True,0.0,1.0,True,True,True,0.0,0.8686457556740558,0.0,0,0
1282,final,BIHMH gen 10 full / add_fix,24999353.92,646.0799999982119,3,C4;C5;C7,1951,1078515.3612064177,19712.551206417553,1058802.81,32431029.263644848,32363517.59865894,1158.6640688447576,66353.0009170621,898.7585680324759,1.289182779510248,73.8273917792175,75.11657455872775,0.0,1078704.78295037,19901.97295037,19712.0,0.0,1.0,True,0.0,1.0,True,True,True,0.0,0.8685687667164695,0.0,0,0
1283,final,BIHMH gen 12 full / crossover_fix,24999794.4,205.60000000149012,3,C4;C5;C7,1950,1078515.3612064177,19712.551206417553,1058802.81,32431406.47878858,32363852.78132347,1175.1179279063554,66378.57953720438,898.6418253712361,1.3076599538652731,73.86544634708368,75.17310630094894,0.0,1078704.78295037,19901.97295037,19712.0,0.0,1.0,True,0.0,1.0,True,True,True,0.0,0.8709805674839961,0.0,0,0
1284,final,BIHMH gen 9 full / crossover_fix,24999353.92,646.0799999982119,3,C4;C5;C7,1949,1078515.3612064177,19712.551206417553,1058802.81,32432533.01372702,32365114.570578888,1138.1867697755047,66280.25637835459,898.6899094772516,1.2664955484340124,73.75208698727727,75.01858253571127,0.0,1078704.78295037,19901.97295037,19712.0,0.0,1.0,True,0.0,1.0,True,True,True,0.0,0.8704549536262671,0.0,0,0
1285,final,BIHMH gen 14 full / add_fix,24999353.92,646.0799999982119,3,C4;C5;C7,1977,1078515.3612064177,19712.551206417553,1058802.81,32433822.399808753,32366383.170072265,1145.5724806016137,66293.65725588714,897.5678420566737,1.2763074019860892,73.85921615014954,75.13552355213562,0.0,1078704.78295037,19901.97295037,19712.0,0.0,1.0,True,0.0,1.0,True,True,True,0.0,0.8683411569324174,0.0,0,0
1286,screen,BIHMH gen 5 screen / add_fix,24999353.92,646.0799999982119,3,C4;C5;C7,1895,1078515.3612064177,19712.551206417524,1058802.81,32434975.423415024,32367494.159716647,3384.226515405747,64097.03718297141,880.503360382081,3.843513457957972,72.79590296527373,76.6394164232317,0.0,1078704.78295037,19901.97295037,19712.0,0.0,1.0,True,0.0,1.0,True,True,True,0.0,0.959899428275809,0.0,0,0
1287,final,BIHMH gen 8 full / crossover_fix,24999794.4,205.60000000149012,3,C4;C5;C7,1953,1078515.3612064177,19712.551206417553,1058802.81,32435482.28905183,32368016.052407548,1124.1039850592667,66342.13265922248,898.7760293139207,1.2507053463779512,73.81386518492782,75.06457053130578,0.0,1078704.78295037,19901.97295037,19712.0,0.0,1.0,True,0.0,1.0,True,True,True,0.0,0.8684552262778495,0.0,0,0
1288,final,BIHMH gen 12 full / add_fix,24999574.16,425.839999999851,3,C4;C5;C7,1954,1078515.3612064177,19712.551206417553,1058802.81,32435497.34600777,32367957.324530628,1233.6189117491076,66306.40256539382,898.7760293139208,1.3725543088758037,73.77411101629924,75.14666532517505,0.0,1078704.78295037,19901.97295037,19712.0,0.0,1.0,True,0.0,1.0,True,True,True,0.0,0.8810887081594936,0.0,0,0
1289,final,BIHMH gen 13 full / crossover_fix,24999794.4,205.60000000149012,3,C4;C5;C7,1976,1078515.3612064177,19712.551206417553,1058802.81,32436701.048412666,32369257.329199374,1215.2119501484199,66228.50726314404,897.5971534649988,1.3538500489415894,73.7842215825683,75.1380716315099,0.0,1078704.78295037,19901.97295037,19712.0,0.0,1.0,True,0.0,1.0,True,True,True,0.0,0.8805320460605552,0.0,0,0
1290,final,BIHMH gen 15 full / swap_fix,24999574.16,425.839999999851,3,C4;C5;C7,1978,1078515.3612064177,19712.551206417553,1058802.81,32436944.17585912,32369395.681054734,1164.833126701421,66383.66167768613,898.8233765752559,1.2959533063545026,73.85618065545275,75.15213396180725,0.0,1078704.78295037,19901.97295037,19712.0,0.0,1.0,True,0.0,1.0,True,True,True,0.0,0.8695476832493961,0.0,0,0
1291,final,BIHMH gen 6 full / add_fix,24999794.4,205.60000000149012,3,C4;C5;C7,1941,1078515.3612064177,19712.551206417553,1058802.81,32437092.529941875,32369521.79887777,1163.9164377122104,66406.8146263939,898.7585680324751,1.2950268059866266,73.88726738012517,75.18229418611179,0.0,1078704.78295037,19901.97295037,19712.0,0.0,1.0,True,0.0,1.0,True,True,True,0.0,0.8694283884801021,0.0,0,0
1292,final,BIHMH gen 11 full / add_fix,24999574.16,425.839999999851,3,C4;C5;C7,1981,1078515.3612064177,19712.551206417553,1058802.81,32439036.482380755,32371555.777983777,1114.0700587850515,66366.63433819362,897.5324659893171,1.241258785616243,73.9434358678492,75.18469465346544,0.0,1078704.78295037,19901.97295037,19712.0,0.0,1.0,True,0.0,1.0,True,True,True,0.0,0.868268463967745,0.0,0,0
1293,screen,BIHMH gen 10 screen / mip_intensify,24999353.92,646.0799999982119,3,C4;C5;C7,2048,1078515.3612064177,19712.551206417524,1058802.81,32439067.841009904,32371774.87905601,3193.1489999465225,64099.81295394432,880.5033603820807,3.62650404714061,72.79905544724917,76.42555949438979,0.0,1078704.78295037,19901.97295037,19712.0,0.0,1.0,True,0.0,1.0,True,True,True,0.0,0.9581576499103209,0.0,0,0
1294,screen,BIHMH gen 1 screen / swap_fix,24999794.4,205.60000000149012,3,C4;C5;C7,1705,1078515.3612064177,19712.551206417524,1058802.81,32440712.060809094,32373330.604371984,3263.8710923103213,64117.5853447984,880.503360382081,3.7068241180749317,72.81923980048815,76.52606391856308,0.0,1078704.78295037,19901.97295037,19712.0,0.0,1.0,True,0.0,1.0,True,True,True,0.0,0.9585225085797016,0.0,0,0
1295,final,BIHMH gen 10 full / add_fix,24999794.4,205.60000000149012,3,C4;C5;C7,1971,1078515.3612064177,19712.551206417553,1058802.81,32440928.254478205,32373447.641914766,1136.32094551415,66344.29161792691,898.7065128469187,1.2643960283702822,73.82197710770087,75.08637313607116,0.0,1078704.78295037,19901.97295037,19712.0,0.0,1.0,True,0.0,1.0,True,True,True,0.0,0.8691011675761245,0.0,0,0
1296,final,BIHMH gen 19 full / mip_intensify,24999794.4,205.60000000149012,3,C4;C5;C7,2152,1078515.3612064177,19712.551206417582,1058802.81,32443153.989045817,32375741.350578904,1104.1700020100452,66308.46846490334,897.2214675949715,1.230654907277024,73.90423753752253,75.13489244479956,0.0,1078704.78295037,19901.97295037,19712.0,0.0,1.0,True,0.0,1.0,True,True,True,0.0,0.8695911120018747,0.0,0,0
1297,final,BIHMH gen 14 full / add_fix,24999574.16,425.839999999851,3,C4;C5;C7,1972,1078515.3612064177,19712.551206417553,1058802.81,32443253.53542518,32375883.028369196,1124.4802776242495,66246.026778358,896.7257386722741,1.2539846121615705,73.87546037927312,75.1294449914347,0.0,1078704.78295037,19901.97295037,19712.0,0.0,1.0,True,0.0,1.0,True,True,True,0.0,0.868490680106268,0.0,0,0
1298,final,BIHMH gen 7 full / swap_fix,24999353.92,646.0799999982119,3,C4;C5;C7,1974,1078515.3612064177,19712.551206417553,1058802.81,32444143.557353336,32376721.243929096,1124.348226077244,66297.96519816387,898.7983015800477,1.2509460955819447,73.76289550349058,75.01384159907252,0.0,1078704.78295037,19901.97295037,19712.0,0.0,1.0,True,0.0,1.0,True,True,True,0.0,0.87327717270768,0.0,0,0
1299,final,BIHMH gen 9 full / add_fix,24999794.4,205.60000000149012,3,C4;C5;C7,1975,1078515.3612064177,19712.551206417553,1058802.81,32444648.410457905,32377248.621018045,1136.012684334412,66263.77675552719,897.665924143415,1.2655183334695876,73.81785915373635,75.08337748720594,0.0,1078704.78295037,19901.97295037,19712.0,0.0,1.0,True,0.0,1.0,True,True,True,0.0,0.8679522511496216,0.0,0,0
1300,screen,BIHMH gen 4 screen / add_fix,24999353.92,646.0799999982119,3,C4;C5;C7,1729,1078515.3612064177,19712.551206417524,1058802.81,32445071.10653138,32377739.72092982,3216.207228702988,64115.17837286081,880.5033603820801,3.6526916005265067,72.81650616874315,76.46919776926966,0.0,1078704.78295037,19901.97295037,19712.0,0.0,1.0,True,0.0,1.0,True,True,True,0.0,0.9580894757246974,0.0,0,0
1301,final,BIHMH gen 7 full / add_fix,24999353.92,646.0799999982119,3,C4;C5;C7,1953,1078515.3612064177,19712.551206417553,1058802.81,32445614.442910638,32378247.88457939,1099.8232717848389,66266.73505946092,897.5617155133664,1.2253455698651181,73.82972548195109,75.0550710518162,0.0,1078704.78295037,19901.97295037,19712.0,0.0,1.0,True,0.0,1.0,True,True,True,0.0,0.8657445653052662,0.0,0,0
1302,final,BIHMH gen 38 full / mip_intensify,24999922.240000002,77.75999999791384,4,C1;C4;C5;C7,2258,1078515.3612064177,19712.55120641757,1058802.81,32446356.81530039,32377761.586658757,662.1070517215638,67933.12158991015,900.5804973349727,0.7352002998964475,75.43259241227193,76.16779271216838,0.0,1078704.78295037,19901.97295037,19712.0,0.0,1.0,True,0.0,1.0,True,True,True,0.0,0.8365340770295984,0.0,0,0
1303,final,BIHMH gen 8 full / swap_fix,24999574.16,425.839999999851,3,C4;C5;C7,1977,1078515.3612064177,19712.551206417553,1058802.81,32447735.395587824,32380365.80119903,1100.6184823095882,66268.9759064855,897.6318826575987,1.2261356838741195,73.82645067183267,75.0525863557068,0.0,1078704.78295037,19901.97295037,19712.0,0.0,1.0,True,0.0,1.0,True,True,True,0.0,0.868265718631139,0.0,0,0
1304,screen,BIHMH gen 3 screen / add_fix,24999794.4,205.60000000149012,3,C4;C5;C7,1767,1078515.3612064177,19712.551206417524,1058802.81,32449581.36461565,32383598.401536442,2530.5158812962122,63452.44719791126,872.4184888299965,2.9005757141734767,72.73166262559103,75.6322383397645,0.0,1078704.78295037,19901.97295037,19712.0,0.0,1.0,True,0.0,1.0,True,True,True,0.0,0.9488209086536156,0.0,0,0
1305,final,BIHMH gen 5 full / add_fix,24999574.16,425.839999999851,3,C4;C5;C7,1905,1078515.3612064177,19712.551206417553,1058802.81,32449970.34501188,32382525.29748816,1087.89951687448,66357.14800684576,897.6659241434147,1.2119202563165057,73.92187474440021,75.13379500071672,0.0,1078704.78295037,19901.97295037,19712.0,0.0,1.0,True,0.0,1.0,True,True,True,0.0,0.8631261400577014,0.0,0,0
1306,screen,BIHMH gen 4 screen / add_fix,24999794.4,205.60000000149012,3,C4;C5;C7,1724,1078515.3612064177,19712.551206417524,1058802.81,32451113.203977212,32383589.71297259,3388.8580911698764,64134.632913453956,880.5033603820809,3.848773603429899,72.83860096300339,76.68737456643329,0.0,1078704.78295037,19901.97295037,19712.0,0.0,1.0,True,0.0,1.0,True,True,True,0.0,0.9597081077424608,0.0,0,0
1307,screen,BIHMH gen 3 screen / add_fix,24999794.4,205.60000000149012,3,C4;C5;C7,1717,1078515.3612064177,19712.551206417524,1058802.81,32451691.280921325,32384314.859493293,3259.8018653497747,64116.61956268104,880.503360382081,3.702202640016312,72.81814294820931,76.52034558822562,0.0,1078704.78295037,19901.97295037,19712.0,0.0,1.0,True,0.0,1.0,True,True,True,0.0,0.9585367671535453,0.0,0,0
1308,screen,BIHMH gen 4 screen / add_fix,24999794.4,205.60000000149012,3,C4;C5;C7,1745,1078515.3612064177,19712.551206417524,1058802.81,32451969.46361757,32384509.386962663,3359.7000460022823,64100.376608905324,880.5033603820802,3.8156584031029643,72.7996955980838,76.61535400118676,0.0,1078704.78295037,19901.97295037,19712.0,0.0,1.0,True,0.0,1.0,True,True,True,0.0,0.9595959833007952,0.0,0,0
1309,screen,BIHMH gen 3 screen / add_fix,24999794.4,205.60000000149012,3,C4;C5;C7,1764,1078515.3612064177,19712.551206417524,1058802.81,32452769.364184808,32385465.8498252,3198.9596347942297,64104.554724814145,880.5033603820818,3.633103266529371,72.8044407428461,76.43754400937547,0.0,1078704.78295037,19901.97295037,19712.0,0.0,1.0,True,0.0,1.0,True,True,True,0.0,0.9579535333597531,0.0,0,0
1310,screen,BIHMH gen 2 screen / add_fix,24999794.4,205.60000000149012,3,C4;C5;C7,1713,1078515.3612064177,19712.551206417524,1058802.81,32452992.337351993,32385615.930542465,3259.71578028647,64116.691029240035,880.5033603820817,3.7021048720040812,72.81822411378137,76.52032898578545,0.0,1078704.78295037,19901.97295037,19712.0,0.0,1.0,True,0.0,1.0,True,True,True,0.0,0.9585080669277274,0.0,0,0
1311,final,BIHMH gen 11 full / swap_fix,24999794.4,205.60000000149012,3,C4;C5;C7,1970,1078515.3612064177,19712.551206417553,1058802.81,32454667.498932876,32387231.88468291,1130.8724266401646,66304.74182332816,898.7301484456991,1.2583003124975187,73.77602936543111,75.03432967792864,0.0,1078704.78295037,19901.97295037,19712.0,0.0,1.0,True,0.0,1.0,True,True,True,0.0,0.871596001807808,0.0,0,0
1312,screen,BIHMH gen 2 screen / remove_fix,24999794.4,205.60000000149012,3,C4;C5;C7,1725,1078515.3612064177,19712.551206417524,1058802.81,32455870.65171456,32388549.72992242,3212.0878418485627,64108.833950289394,880.5033603820804,3.6480131551737958,72.80930071915954,76.45731387433334,0.0,1078704.78295037,19901.97295037,19712.0,0.0,1.0,True,0.0,1.0,True,True,True,0.0,0.958073655426671,0.0,0,0
1313,screen,BIHMH gen 4 screen / add_fix,24999794.4,205.60000000149012,3,C4;C5;C7,1717,1078515.3612064177,19712.551206417524,1058802.81,32455946.276719812,32388568.415113375,3261.079008415479,64116.782598022255,880.5033603820809,3.703653109285561,72.81832810973005,76.5219812190156,0.0,1078704.78295037,19901.97295037,19712.0,0.0,1.0,True,0.0,1.0,True,True,True,0.0,0.9585222399195409,0.0,0,0
1314,screen,BIHMH gen 2 screen / crossover_fix,24999353.92,646.0799999982119,3,C4;C5;C7,1713,1078515.3612064177,19712.551206417524,1058802.81,32458846.196609613,32391493.65162137,3239.706468129536,64112.83852010826,880.5033603820816,3.6793800159078467,72.81384876519657,76.49322878110442,0.0,1078704.78295037,19901.97295037,19712.0,0.0,1.0,True,0.0,1.0,True,True,True,0.0,0.9583237987528516,0.0,0,0
1315,final,BIHMH gen 6 full / add_fix,24999794.4,205.60000000149012,3,C4;C5;C7,1925,1078515.3612064177,19712.55120641756,1058802.81,32459388.82208726,32391918.540568277,1147.0788649843598,66323.20265400066,897.6698487751685,1.2778404739220095,73.88373659257442,75.16157706649643,0.0,1078704.78295037,19901.97295037,19712.0,0.0,1.0,True,0.0,1.0,True,True,True,0.0,0.8704072839707342,0.0,0,0
1316,final,BIHMH gen 5 full / add_fix,24999353.92,646.0799999982119,3,C4;C5;C7,1924,1078515.3612064177,19712.55120641756,1058802.81,32459695.443538915,32392371.268364668,1099.2332186795095,66224.94195556517,897.5617155133667,1.2246881742842557,73.78316255132088,75.00785072560514,0.0,1078704.78295037,19901.97295037,19712.0,0.0,1.0,True,0.0,1.0,True,True,True,0.0,0.8703983979799556,0.0,0,0
1317,screen,BIHMH gen 3 screen / swap_fix,24999794.4,205.60000000149012,3,C4;C5;C7,1719,1078515.3612064177,19712.551206417524,1058802.81,32459871.53332887,32392495.36880782,3265.8413321339654,64110.32318891655,880.5033603820809,3.709061747040697,72.8109920683288,76.5200538153695,0.0,1078704.78295037,19901.97295037,19712.0,0.0,1.0,True,0.0,1.0,True,True,True,0.0,0.9585767718963618,0.0,0,0
1318,screen,BIHMH gen 2 screen / add_fix,24999794.4,205.60000000149012,3,C4;C5;C7,1712,1078515.3612064177,19712.551206417524,1058802.81,32460187.771756414,32392807.599966902,3263.716108550765,64116.45568096403,880.5033603820818,3.706648100848272,72.81795682544767,76.52460492629594,0.0,1078704.78295037,19901.97295037,19712.0,0.0,1.0,True,0.0,1.0,True,True,True,0.0,0.9585500692514638,0.0,0,0
1319,final,BIHMH gen 4 full / swap_fix,24999353.92,646.0799999982119,3,C4;C5;C7,1892,1078515.3612064177,19712.55120641756,1058802.81,32461770.628786996,32394405.329479843,1103.3243753954962,66261.97493175624,897.3293998602647,1.2295645005806226,73.84353498511783,75.07309948569845,0.0,1078704.78295037,19901.97295037,19712.0,0.0,1.0,True,0.0,1.0,True,True,True,0.0,0.8674701588844087,0.0,0,0
1320,screen,user-specified station warm start rank 4: repairs=C1+C4+C5+C7; oracle_EV=19712.551206; oracle_max_u=0.999999 / initial roads=corridor_ratio / initial BIHMH population / initial least-used-station prune screen,24999353.92,646.0799999982119,3,C4;C5;C7,1492,1078515.3612064177,19712.551206417524,1058802.81,32476472.533080768,32408506.01122676,3869.988185219343,64096.53366879078,872.4184888299982,4.435930960621192,73.46993958684982,77.90587054747101,0.0,1078704.78295037,19901.97295037,19712.0,0.0,1.0,True,0.0,1.0,True,True,True,0.0,0.9475976516973698,0.0,0,0
1321,screen,BIHMH gen 2 screen / swap_fix,24999353.92,646.0799999982119,3,C4;C5;C7,1524,1078515.3612064177,19712.551206417524,1058802.81,32479134.986588266,32411086.328796256,3990.382633890726,64058.275158118755,872.4184888299983,4.573931759793667,73.4260861940551,78.00001795384877,0.0,1078704.78295037,19901.97295037,19712.0,0.0,1.0,True,0.0,1.0,True,True,True,0.0,0.9510107149177057,0.0,0,0
1322,final,BIHMH gen 1 full / swap_fix,24999794.4,205.60000000149012,3,C4;C5;C7,1705,1078515.3612064177,19712.55120641756,1058802.81,32479657.55572771,32412309.50613857,1060.6537330674241,66287.3958560715,897.3042332966924,1.1820447220789168,73.87393639338116,75.05598111546007,0.0,1078704.78295037,19901.97295037,19712.0,0.0,1.0,True,0.0,1.0,True,True,True,0.0,0.8629793899309769,0.0,0,0
1323,final,BIHMH gen 3 full / add_fix,24999794.4,205.60000000149012,3,C4;C5;C7,1767,1078515.3612064177,19712.551206417553,1058802.81,32480209.529941656,32412834.516776897,1096.5274726718526,66278.48569208702,898.5807915768079,1.2202881287365297,73.75907243218847,74.979360560925,0.0,1078704.78295037,19901.97295037,19712.0,0.0,1.0,True,0.0,1.0,True,True,True,0.0,0.8727928432010867,0.0,0,0
1324,final,BIHMH gen 4 full / add_fix,24999353.92,646.0799999982119,3,C4;C5;C7,1729,1078515.3612064177,19712.551206417553,1058802.81,32482020.386977166,32414713.276921988,1096.3032346489322,66210.80682052905,897.2633002594289,1.2218300183813984,73.79194802839399,75.01377804677539,0.0,1078704.78295037,19901.97295037,19712.0,0.0,1.0,True,0.0,1.0,True,True,True,0.0,0.8659516048147733,0.0,0,0
1325,screen,BIHMH gen 1 screen / add_fix,24999574.16,425.839999999851,3,C4;C5;C7,1496,1078515.3612064177,19712.551206417524,1058802.81,32483780.640358485,32415814.867203254,3869.5282794700283,64096.244875764234,872.418488829998,4.435403798765727,73.46960856105173,77.90501235981746,0.0,1078704.78295037,19901.97295037,19712.0,0.0,1.0,True,0.0,1.0,True,True,True,0.0,0.9476051537552731,0.0,0,0
1326,final,BIHMH gen 2 full / remove_fix,24999794.4,205.60000000149012,3,C4;C5;C7,1725,1078515.3612064177,19712.551206417553,1058802.81,32483861.37662569,32416567.499346912,1076.9855630067652,66216.89171577164,897.3329096082593,1.2002073605847525,73.79300481097852,74.99321217156327,0.0,1078704.78295037,19901.97295037,19712.0,0.0,1.0,True,0.0,1.0,True,True,True,0.0,0.8695363698780645,0.0,0,0
1327,final,BIHMH gen 3 full / add_fix,24999794.4,205.60000000149012,3,C4;C5;C7,1717,1078515.3612064177,19712.55120641756,1058802.81,32485526.06008407,32418181.16233342,1087.6606802629617,66257.23707038381,897.3442954182702,1.2120884768716127,73.83702934167535,75.04911781854696,0.0,1078704.78295037,19901.97295037,19712.0,0.0,1.0,True,0.0,1.0,True,True,True,0.0,0.8653742316598227,0.0,0,0
1328,final,BIHMH gen 2 full / add_fix,24999794.4,205.60000000149012,3,C4;C5;C7,1713,1078515.3612064177,19712.55120641756,1058802.81,32492450.794087764,32425098.40436388,1117.073646720743,66235.31607716222,897.5324659893167,1.244605280645123,73.79712554927302,75.04173082991814,0.0,1078704.78295037,19901.97295037,19712.0,0.0,1.0,True,0.0,1.0,True,True,True,0.0,0.8696214962136057,0.0,0,0
1329,final,user-specified station warm start rank 4: repairs=C1+C4+C5+C7; oracle_EV=19712.551206; oracle_max_u=0.999999 / initial roads=corridor_ratio / initial BIHMH population / initial least-used-station prune,24999353.92,646.0799999982119,3,C4;C5;C7,1492,1078515.3612064177,19712.55120641756,1058802.81,32502773.94796657,32435425.01085331,1124.728683056734,66224.20843019972,897.1787053157489,1.2536283756990223,73.81384337125243,75.06747174695145,0.0,1078704.78295037,19901.97295037,19712.0,0.0,1.0,True,0.0,1.0,True,True,True,0.0,0.8659283033414924,0.0,0,0
1330,final,BIHMH gen 1 full / add_fix,24999574.16,425.839999999851,3,C4;C5;C7,1496,1078515.3612064177,19712.55120641756,1058802.81,32517711.268657822,32450259.459045853,1246.251708650582,66205.557903321,897.0902651473568,1.3892155082586608,73.80033032957505,75.1895458378337,0.0,1078704.78295037,19901.97295037,19712.0,0.0,1.0,True,0.0,1.0,True,True,True,0.0,0.8832226967140746,0.0,0,0
1331,screen,BIHMH gen 1 screen / crossover_fix,24999794.4,205.60000000149012,3,C4;C5;C7,1257,1078515.3612064177,19712.551206417524,1058802.81,32525757.54177537,32459994.57092683,867.154351798436,64895.81649673967,872.9521605043738,0.993358388960756,74.34063335068008,75.33399173964084,0.0,1078704.78295037,19901.97295037,19712.0,0.0,1.0,True,0.0,1.0,True,True,True,0.0,0.9041395658806237,0.0,0,0
1332,screen,BIHMH gen 1 screen / add_fix,24999574.16,425.839999999851,3,C4;C5;C7,1232,1078515.3612064177,19712.551206417524,1058802.81,32529199.57111918,32463369.032117743,885.4925105551832,64945.046490885776,872.9521605043732,1.0143654493547098,74.39702818693056,75.41139363628527,0.0,1078704.78295037,19901.97295037,19712.0,0.0,1.0,True,0.0,1.0,True,True,True,0.0,0.9045698621219229,0.0,0,0
1333,screen,user-specified station warm start rank 1: repairs=C4+C5+C7; oracle_EV=19712.551206; oracle_max_u=0.999999 / initial roads=corridor_ratio,24999794.4,205.60000000149012,3,C4;C5;C7,1228,1078515.3612064177,19712.551206417524,1058802.81,32534072.170815535,32467929.688521564,791.9692283931336,65350.51306557472,880.5033603820815,0.8994505461619933,74.21949308315737,75.11894362931936,0.0,1078704.78295037,19901.97295037,19712.0,0.0,1.0,True,0.0,1.0,True,True,True,0.0,0.8865435586504558,0.0,0,0
1334,screen,BIHMH gen 1 screen / add_fix,24999794.4,205.60000000149012,3,C4;C5;C7,1260,1078515.3612064177,19712.551206417524,1058802.81,32535516.33746735,32469753.540200453,866.9555807166764,64895.84168618271,872.9521605043731,0.9931306891041636,74.34066220614802,75.33379289525219,0.0,1078704.78295037,19901.97295037,19712.0,0.0,1.0,True,0.0,1.0,True,True,True,0.0,0.9040917291410435,0.0,0,0
1335,screen,user-specified station warm start rank 1: repairs=C4+C5+C7; oracle_EV=19712.551206; oracle_max_u=0.999999 / randomized corridor fill 2,24999794.4,205.60000000149012,3,C4;C5;C7,1237,1078515.3612064177,19712.551206417524,1058802.81,32538078.545339342,32471883.272878014,806.4568494950217,65388.81561183181,880.5033603820805,0.9159043403821566,74.26299382146296,75.17889816184511,0.0,1078704.78295037,19901.97295037,19712.0,0.0,1.0,True,0.0,1.0,True,True,True,0.0,0.8865911620992959,0.0,0,0
1336,final,user-specified station warm start rank 1: repairs=C4+C5+C7; oracle_EV=19712.551206; oracle_max_u=0.999999 / initial roads=corridor_ratio / initial BIHMH population,24999794.4,205.60000000149012,3,C4;C5;C7,1228,1078515.3612064177,19712.55120641756,1058802.81,32559852.566713106,32492483.38368825,1110.5351366312746,66258.64788822409,896.997711482761,1.238057937511937,73.86713147650822,75.10518941402016,0.0,1078704.78295037,19901.97295037,19712.0,0.0,1.0,True,0.0,1.0,True,True,True,0.0,0.8657978623640799,0.0,0,0
1337,screen,user-specified station warm start rank 3: repairs=C2+C4+C5+C7; oracle_EV=19712.551206; oracle_max_u=0.999999 / initial roads=corridor_ratio,24999732.8,267.19999999925494,4,C2;C4;C5;C7,1229,1078515.3612064177,19712.551206417524,1058802.81,32565416.32119844,32496376.270374797,1816.8441911642599,67223.2066324786,889.6079817035402,2.0422975383889024,75.56497695057841,77.60727448896732,0.0,1078704.78295037,19901.97295037,19712.0,0.0,1.0,True,0.0,1.0,True,True,True,0.0,0.9111749595928111,0.0,0,0
1338,screen,user-specified station warm start rank 4: repairs=C1+C4+C5+C7; oracle_EV=19712.551206; oracle_max_u=0.999999 / initial roads=corridor_ratio,24999922.24,77.76000000163913,4,C1;C4;C5;C7,1246,1078515.3612064177,19712.551206417524,1058802.81,32566705.219775107,32493412.768787768,3957.976314078509,69334.47467325933,897.8095351266643,4.408481041048547,77.22626232018969,81.63474336123824,0.0,1078704.78295037,19901.97295037,19712.0,0.0,1.0,True,0.0,1.0,True,True,True,0.0,0.9500738312745268,0.0,0,0
1339,final,user-specified station warm start rank 1: repairs=C4+C5+C7; oracle_EV=19712.551206; oracle_max_u=0.999999 / randomized corridor fill 2 / initial BIHMH population,24999794.4,205.60000000149012,3,C4;C5;C7,1237,1078515.3612064177,19712.55120641756,1058802.81,32572391.106054574,32505221.80907799,1020.9269484536156,66148.37002812963,896.7463311591654,1.1384790915552787,73.76486273729601,74.9033418288513,0.0,1078704.78295037,19901.97295037,19712.0,0.0,1.0,True,0.0,1.0,True,True,True,0.0,0.8708483746815638,0.0,0,0
1340,screen,user-specified station warm start rank 4: repairs=C1+C4+C5+C7; oracle_EV=19712.551206; oracle_max_u=0.999999 / randomized corridor fill 1,24999922.24,77.76000000163913,4,C1;C4;C5;C7,1239,1078515.3612064177,19712.551206417524,1058802.81,32575925.54482865,32504474.42891255,2909.0162631680273,68542.09965293205,896.7421917779149,3.243982818964392,76.4345653426186,79.678548161583,0.0,1078704.78295037,19901.97295037,19712.0,0.0,1.0,True,0.0,1.0,True,True,True,0.0,0.9505014157869949,0.0,0,0
1341,final,user-specified station warm start rank 3: repairs=C2+C4+C5+C7; oracle_EV=19712.551206; oracle_max_u=0.999999 / initial roads=corridor_ratio / initial BIHMH population,24999732.8,267.19999999925494,4,C2;C4;C5;C7,1229,1078515.3612064177,19712.55120641756,1058802.81,32589041.43721975,32520340.846943866,1060.0848260803969,67640.50544980068,899.3316706530785,1.178747352809873,75.21196868412447,76.39071603693435,0.0,1078704.78295037,19901.97295037,19712.0,0.0,1.0,True,0.0,1.0,True,True,True,0.0,0.847528625347655,0.0,0,0
1342,final,user-specified station warm start rank 4: repairs=C1+C4+C5+C7; oracle_EV=19712.551206; oracle_max_u=0.999999 / initial roads=corridor_ratio / initial BIHMH population,24999922.24,77.76000000163913,4,C1;C4;C5;C7,1246,1078515.3612064177,19712.55120641756,1058802.81,32592723.5283415,32524076.90169721,692.8613618182783,67953.76528246983,900.5467335149706,0.7693785741845237,75.45834408530467,76.2277226594892,0.0,1078704.78295037,19901.97295037,19712.0,0.0,1.0,True,0.0,1.0,True,True,True,0.0,0.8324905742643881,0.0,0,0
1343,final,user-specified station warm start rank 4: repairs=C1+C4+C5+C7; oracle_EV=19712.551206; oracle_max_u=0.999999 / randomized corridor fill 1 / initial BIHMH population,24999922.24,77.76000000163913,4,C1;C4;C5;C7,1239,1078515.3612064177,19712.55120641756,1058802.81,32603660.28364257,32535024.480069987,703.5648230542312,67932.23874952985,900.5406481753191,0.7812693679955462,75.4349499794091,76.21621934740465,0.0,1078704.78295037,19901.97295037,19712.0,0.0,1.0,True,0.0,1.0,True,True,True,0.0,0.8379367249910614,0.0,0,0
1344,screen,user-specified station warm start rank 1: repairs=C4+C5+C7; oracle_EV=19712.551206; oracle_max_u=0.999999 / initial roads=boundary_first,24999794.4,205.60000000149012,3,C4;C5;C7,1037,1078515.3612064177,19712.551206417524,1058802.81,32965195.432226297,32899757.116235238,1286.7110377580732,64151.60495329842,872.4184888299976,1.474878231298931,73.53306443485887,75.0079426661578,0.0,1078704.78295037,19901.97295037,19712.0,0.0,1.0,True,0.0,1.0,True,True,True,0.0,0.8966306143308165,0.0,0,0
1345,screen,user-specified station warm start rank 3: repairs=C2+C4+C5+C7; oracle_EV=19712.551206; oracle_max_u=0.999999 / initial roads=boundary_first,24999953.04,46.96000000089407,4,C2;C4;C5;C7,1024,1078515.3612064177,19712.551206417524,1058802.81,32988438.08209695,32919072.13685452,2706.802986708117,66659.14225572304,889.7246635745828,3.042292854772834,74.92109074273765,77.96338359751049,0.0,1078704.78295037,19901.97295037,19712.0,0.0,1.0,True,0.0,1.0,True,True,True,0.0,0.9181606519833998,0.0,0,0
1346,screen,user-specified station warm start rank 2: repairs=C5+C6+C7; oracle_EV=19712.551206; oracle_max_u=0.999999 / randomized corridor fill 1,24999631.28,368.7199999988079,3,C5;C6;C7,1116,1078515.3612064177,19712.551206417524,1058802.81,33092813.972553965,33011862.18086183,21.928749558318763,80929.8629425762,874.3593436597904,0.025079790954748635,92.55904169083333,92.58412148178807,0.0,1078704.78295037,19901.97295037,19712.0,0.0,1.0,True,0.0,1.0,True,True,True,0.0,0.7879415769303781,0.0,0,0
1347,final,user-specified station warm start rank 2: repairs=C5+C6+C7; oracle_EV=19712.551206; oracle_max_u=0.999999 / randomized corridor fill 1 / initial BIHMH population,24999631.28,368.7199999988079,3,C5;C6;C7,1116,1078515.3612064177,19712.551206417585,1058802.81,33109842.376066726,33024833.16912205,7.8831401967679975,85001.32380447988,897.2542542871116,0.008785848781548913,94.73493538575119,94.74372123453273,0.0,1078704.78295037,19901.97295037,19712.0,0.0,1.0,True,0.0,1.0,True,True,True,0.0,0.7564502107835684,0.0,0,0
1348,screen,user-specified station warm start rank 2: repairs=C5+C6+C7; oracle_EV=19712.551206; oracle_max_u=0.999999 / initial roads=corridor_ratio,24999631.28,368.7199999988079,3,C5;C6;C7,1114,1078515.3612064177,19712.551206417524,1058802.81,33132367.822405834,33051417.477346525,21.87486927844316,80928.47019003032,874.3593436597904,0.02501816837329365,92.55744880736272,92.58246697573601,0.0,1078704.78295037,19901.97295037,19712.0,0.0,1.0,True,0.0,1.0,True,True,True,0.0,0.7879396925095145,0.0,0,0
1349,screen,user-specified station warm start rank 5: repairs=C2+C5+C6+C7; oracle_EV=19712.551206; oracle_max_u=0.999999 / randomized corridor fill 1 / initial BIHMH population / initial least-used-station prune screen,24999851.52,148.48000000044703,3,C5;C6;C7,1300,1078515.3612064177,19712.551206417524,1058802.81,33216196.57184015,33135559.043159563,22.802114002110155,80614.72656658229,874.3593436597899,0.026078653093209666,92.19862194089984,92.22470059399305,0.0,1078704.78295037,19901.97295037,19712.0,0.0,1.0,True,0.0,1.0,True,True,True,0.0,0.7879351747185868,0.0,0,0
1350,screen,user-specified station warm start rank 6: repairs=C1+C5+C6+C7; oracle_EV=19712.551206; oracle_max_u=0.999999 / initial roads=corridor_ratio / initial BIHMH population / initial least-used-station prune screen,24999631.28,368.7199999988079,3,C5;C6;C7,1368,1078515.3612064177,19712.551206417524,1058802.81,33216755.41024787,33135926.65038988,22.097392837238996,80806.66246515111,874.3593436597902,0.02527266735064137,92.41813797851135,92.44341064586199,0.0,1078704.78295037,19901.97295037,19712.0,0.0,1.0,True,0.0,1.0,True,True,True,0.0,0.7879315215700362,0.0,0,0
1351,final,user-specified station warm start rank 5: repairs=C2+C5+C6+C7; oracle_EV=19712.551206; oracle_max_u=0.999999 / randomized corridor fill 1 / initial BIHMH population / initial least-used-station prune,24999851.52,148.48000000044703,3,C5;C6;C7,1300,1078515.3612064177,19712.55120641757,1058802.81,33241499.507135946,33156473.798224103,7.778005800635397,85017.93090604311,897.6601924188013,0.008664755178323187,94.71059497130757,94.7192597264859,0.0,1078704.78295037,19901.97295037,19712.0,0.0,1.0,True,0.0,1.0,True,True,True,0.0,0.7558910778681885,0.0,0,0
1352,final,user-specified station warm start rank 6: repairs=C1+C5+C6+C7; oracle_EV=19712.551206; oracle_max_u=0.999999 / initial roads=corridor_ratio / initial BIHMH population / initial least-used-station prune,24999631.28,368.7199999988079,3,C5;C6;C7,1368,1078515.3612064177,19712.551206417585,1058802.81,33244956.61456332,33159973.496177502,7.8460038045427405,84975.27238201488,897.6235270391651,0.008740862475411035,94.66693978299351,94.67568064546892,0.0,1078704.78295037,19901.97295037,19712.0,0.0,1.0,True,0.0,1.0,True,True,True,0.0,0.7559411655450734,0.0,0,0
1353,screen,user-specified station warm start rank 2: repairs=C5+C6+C7; oracle_EV=19712.551206; oracle_max_u=0.999999 / randomized corridor fill 2,24999631.28,368.7199999988079,3,C5;C6;C7,1117,1078515.3612064177,19712.551206417524,1058802.81,33291971.030273188,33211367.393920403,23.028980190932625,80580.60737259142,874.3593436597895,0.026338118712771634,92.15960000530981,92.18593812402258,0.0,1078704.78295037,19901.97295037,19712.0,0.0,1.0,True,0.0,1.0,True,True,True,0.0,0.7879398461565474,0.0,0,0
1354,screen,user-specified station warm start rank 5: repairs=C2+C5+C6+C7; oracle_EV=19712.551206; oracle_max_u=0.999999 / randomized corridor fill 1,24999569.68,430.320000000298,4,C2;C5;C6;C7,1109,1078515.3612064177,19712.551206417524,1058802.81,33318306.462279484,33238346.28257426,26.76654609180187,79933.41315913347,872.530475694582,0.030676918270956935,91.61102721999721,91.64170413826817,0.0,1078704.78295037,19901.97295037,19712.0,0.0,1.0,True,0.0,1.0,True,True,True,0.0,0.7577532275957092,0.0,0,0
1355,screen,user-specified station warm start rank 7: repairs=C1+C4+C6+C7; oracle_EV=19712.551206; oracle_max_u=0.999999 / initial roads=corridor_ratio / initial BIHMH population / initial least-used-station prune screen,24999479.6,520.3999999985099,3,C4;C6;C7,1344,1078515.3612064177,19712.551206417524,1058802.81,33321330.532968935,33234316.193004128,2923.4474129751848,84090.89255183305,844.1810919535408,3.4630572051903714,99.61238572311089,103.07544292830126,0.0,1078704.78295037,19901.97295037,19712.0,0.0,1.0,True,0.0,1.0,True,True,True,0.0,0.9615741512837804,0.0,0,0
1356,final,user-specified station warm start rank 5: repairs=C2+C5+C6+C7; oracle_EV=19712.551206; oracle_max_u=0.999999 / randomized corridor fill 1 / initial BIHMH population,24999569.68,430.320000000298,4,C2;C5;C6;C7,1109,1078515.3612064177,19712.55120641757,1058802.81,33339910.9592638,33255092.85139703,12.240609780855246,84805.8672569916,896.234123019641,0.013657826081887526,94.62468017983853,94.63833800592042,0.0,1078704.78295037,19901.97295037,19712.0,0.0,1.0,True,0.0,1.0,True,True,True,0.0,0.7569858307918501,0.0,0,0
1357,screen,user-specified station warm start rank 6: repairs=C1+C5+C6+C7; oracle_EV=19712.551206; oracle_max_u=0.999999 / initial roads=corridor_ratio,24999979.36,20.640000000596046,4,C1;C5;C6;C7,1110,1078515.3612064177,19712.551206417524,1058802.81,33340267.951324698,33259506.988157343,48.20021251818051,80712.76295483319,889.8413454456228,0.05416719819199047,90.70466703748535,90.75883423567734,0.0,1078704.78295037,19901.97295037,19712.0,0.0,1.0,True,0.0,1.0,True,True,True,0.0,0.7517989405761948,0.0,0,0
1358,final,user-specified station warm start rank 6: repairs=C1+C5+C6+C7; oracle_EV=19712.551206; oracle_max_u=0.999999 / initial roads=corridor_ratio / initial BIHMH population,24999979.36,20.640000000596046,4,C1;C5;C6;C7,1110,1078515.3612064177,19712.551206417575,1058802.81,33360526.50147927,33276633.645231906,5.957757781846224,83886.8984895832,899.5358467745095,0.006623146596335344,93.25575939011075,93.2623825367071,0.0,1078704.78295037,19901.97295037,19712.0,0.0,1.0,True,0.0,1.0,True,True,True,0.0,0.6297346021737285,0.0,0,0
1359,final,user-specified station warm start rank 7: repairs=C1+C4+C6+C7; oracle_EV=19712.551206; oracle_max_u=0.999999 / initial roads=corridor_ratio / initial BIHMH population / initial least-used-station prune,24999479.6,520.3999999985099,3,C4;C6;C7,1344,1078515.3612064177,19712.55120641756,1058802.81,33365003.361816607,33247558.21601727,31597.70306843232,85847.44273090859,858.7068372397995,36.796845789651556,99.97293489225488,136.76978068190644,0.0,1078704.78295037,19901.97295037,19712.0,0.0,1.0,True,0.0,1.0,True,True,True,0.0,0.9946454896785507,0.0,0,0
1360,screen,user-specified station warm start rank 8: repairs=C4+C5+C6+C7; oracle_EV=19712.551206; oracle_max_u=0.999999 / randomized corridor fill 2,24999830.0,170.0,4,C4;C5;C6;C7,1067,1078515.3612064177,19712.551206417524,1058802.81,33456263.126757756,33379286.709132124,4.06299852965735,76972.35462710253,881.6954204120821,0.004608165626808414,87.30039063957892,87.30499880520573,0.0,1078704.78295037,19901.97295037,19712.0,0.0,1.0,True,0.0,1.0,True,True,True,0.0,0.735329931182908,0.0,0,0
1361,final,user-specified station warm start rank 7: repairs=C1+C4+C6+C7; oracle_EV=19712.551206; oracle_max_u=0.999999 / initial roads=corridor_ratio / initial BIHMH population,24999827.68,172.32000000029802,4,C1;C4;C6;C7,1086,1078515.3612064177,19712.551206417575,1058802.81,33457998.89427597,33365196.88800257,3868.477992752245,88933.52828065101,898.3770734965672,4.30607381563709,98.99354169236915,103.29961550800624,0.0,1078704.78295037,19901.97295037,19712.0,0.0,1.0,True,0.0,1.0,True,True,True,0.0,0.9544373934452184,0.0,0,0
1362,final,user-specified station warm start rank 8: repairs=C4+C5+C6+C7; oracle_EV=19712.551206; oracle_max_u=0.999999 / randomized corridor fill 2 / initial BIHMH population,24999830.0,170.0,4,C4;C5;C6;C7,1067,1078515.3612064177,19712.55120641758,1058802.81,33479198.077664487,33399114.22484841,6.2213122473217,80077.63150383295,898.6482411858843,0.006922967143530891,89.10898373112042,89.11590669826394,0.0,1078704.78295037,19901.97295037,19712.0,0.0,1.0,True,0.0,1.0,True,True,True,0.0,0.7492177280829214,0.0,0,0
1363,screen,user-specified station warm start rank 2: repairs=C5+C6+C7; oracle_EV=19712.551206; oracle_max_u=0.999999 / initial roads=corridor_impact,24999851.52,148.48000000044703,3,C5;C6;C7,491,1078515.3612064177,19712.551206417524,1058802.81,33482599.49268123,33402211.712932788,22.374124968010584,80365.40562347858,874.3593436597891,0.025589164375323808,91.91347494165802,91.93906410603334,0.0,1078704.78295037,19901.97295037,19712.0,0.0,1.0,True,0.0,1.0,True,True,True,0.0,0.7879720395224825,0.0,0,0
1364,screen,user-specified station warm start rank 2: repairs=C5+C6+C7; oracle_EV=19712.551206; oracle_max_u=0.999999 / initial roads=boundary_first,24999851.52,148.48000000044703,3,C5;C6;C7,662,1078515.3612064177,19712.551206417524,1058802.81,33785995.25855783,33705068.77044888,21.962256471143508,80904.52585247761,874.3593436597888,0.02511811262771725,92.530063799441,92.55518191206872,0.0,1078704.78295037,19901.97295037,19712.0,0.0,1.0,True,0.0,1.0,True,True,True,0.0,0.7879531361813313,0.0,0,0
1365,screen,BIHMH gen 99 screen / crossover_fix,24999794.4,205.60000000149012,3,C4;C5;C7,2363,1078508.9571463251,19706.14714632503,1058802.81,32270684.08130744,32195144.084272183,10356.86685940292,65183.130175856175,871.8848171556235,11.878709957572656,74.7611713075875,86.63988126516016,0.0,1078704.78295037,19901.97295037,19712.0,5.852853674969083,0.9997030816926253,False,5.852853674969083,0.9997030816926253,False,True,False,0.0002969183073746491,0.9847036225694008,0.0,0,0
1366,screen,BIHMH gen 84 screen / crossover_fix,24999574.16,425.839999999851,3,C4;C5;C7,2355,1078508.9571463251,19706.14714632503,1058802.81,32270722.288889244,32195278.386897862,10259.859207012008,65184.04278437016,871.8848171556231,11.767447953140262,74.76221801524436,86.52966596838462,0.0,1078704.78295037,19901.97295037,19712.0,5.852853674969083,0.9997030816926253,False,5.852853674969083,0.9997030816926253,False,True,False,0.0002969183073746491,0.9845751446107998,0.0,0,0
1367,screen,BIHMH gen 66 screen / add_fix,24999794.4,205.60000000149012,3,C4;C5;C7,2360,1078508.9571463251,19706.14714632503,1058802.81,32271115.610775754,32196380.60366432,9556.466664885735,65178.54044654859,871.8848171556235,10.960698565737259,74.7559071612034,85.71660572694066,0.0,1078704.78295037,19901.97295037,19712.0,5.852853674969083,0.9997030816926253,False,5.852853674969083,0.9997030816926253,False,True,False,0.0002969183073746491,0.9835752520925994,0.0,0,0
1368,screen,BIHMH gen 73 screen / crossover_fix,24999794.4,205.60000000149012,3,C4;C5;C7,2358,1078508.9571463251,19706.14714632503,1058802.81,32272030.768665247,32195601.23890767,11250.813106237207,65178.716651337876,871.8848171556233,12.904013104553284,74.7561092576109,87.66012236216419,0.0,1078704.78295037,19901.97295037,19712.0,5.852853674969083,0.9997030816926253,False,5.852853674969083,0.9997030816926253,False,True,False,0.0002969183073746491,0.9857947017853951,0.0,0,0
1369,screen,BIHMH gen 79 screen / crossover_fix,24999794.4,205.60000000149012,3,C4;C5;C7,2359,1078508.9571463251,19706.14714632503,1058802.81,32272180.075836636,32195688.733109556,11312.2532613971,65179.08946568169,871.8848171556243,12.974481306259465,74.75653685347723,87.73101815973669,0.0,1078704.78295037,19901.97295037,19712.0,5.852853674969083,0.9997030816926253,False,5.852853674969083,0.9997030816926253,False,True,False,0.0002969183073746491,0.9858637417610261,0.0,0,0
1370,screen,BIHMH gen 74 screen / crossover_fix,24999574.16,425.839999999851,3,C4;C5;C7,2356,1078508.9571463251,19706.14714632503,1058802.81,32272949.335960038,32197473.72322489,10291.345027352656,65184.267707795174,871.8848171556234,11.803560315371044,74.76247598902778,86.56603630439882,0.0,1078704.78295037,19901.97295037,19712.0,5.852853674969083,0.9997030816926253,False,5.852853674969083,0.9997030816926253,False,True,False,0.0002969183073746491,0.9846171817786815,0.0,0,0
1371,screen,BIHMH gen 61 screen / add_fix,24999794.4,205.60000000149012,3,C4;C5;C7,2340,1078508.9571463251,19706.14714632503,1058802.81,32273146.529765062,32196187.177752733,11764.618512232151,65194.73350009557,871.8848171556231,13.493317329016271,74.77447962998413,88.2677969590004,0.0,1078704.78295037,19901.97295037,19712.0,5.852853674969083,0.9997030816926253,False,5.852853674969083,0.9997030816926253,False,True,False,0.0002969183073746491,0.9863540861533427,0.0,0,0
1372,screen,BIHMH gen 78 screen / crossover_fix,24999794.4,205.60000000149012,3,C4;C5;C7,2360,1078508.9571463251,19706.14714632503,1058802.81,32273253.340261173,32196905.248990126,11167.937628499536,65180.15364254591,871.8848171556238,12.80895986345196,74.7577574010121,87.56671726446406,0.0,1078704.78295037,19901.97295037,19712.0,5.852853674969083,0.9997030816926253,False,5.852853674969083,0.9997030816926253,False,True,False,0.0002969183073746491,0.9857003772861829,0.0,0,0
1373,screen,BIHMH gen 62 screen / add_fix,24999353.92,646.0799999982119,3,C4;C5;C7,2356,1078508.9571463251,19706.14714632503,1058802.81,32273263.615627147,32197176.470502786,10908.19511821332,65178.95000614587,871.8848171556236,12.511050661255299,74.75637690168885,87.26742756294415,0.0,1078704.78295037,19901.97295037,19712.0,5.852853674969083,0.9997030816926253,False,5.852853674969083,0.9997030816926253,False,True,False,0.0002969183073746491,0.9853964074965548,0.0,0,0
1374,screen,BIHMH gen 83 screen / add_fix,24999574.16,425.839999999851,3,C4;C5;C7,2357,1078508.9571463251,19706.14714632503,1058802.81,32273332.928553835,32197115.56723978,11037.67016908115,65179.691144971504,871.8848171556226,12.65955083962775,74.75722694381727,87.41677778344503,0.0,1078704.78295037,19901.97295037,19712.0,5.852853674969083,0.9997030816926253,False,5.852853674969083,0.9997030816926253,False,True,False,0.0002969183073746491,0.9855494988337691,0.0,0,0
1375,screen,BIHMH gen 100 screen / add_fix,24999794.4,205.60000000149012,3,C4;C5;C7,2358,1078508.9571463251,19706.14714632503,1058802.81,32273381.032316383,32197609.447635453,10593.548982918664,65178.03569801238,871.8848171556235,12.150170268451655,74.75532824466961,86.90549851312127,0.0,1078704.78295037,19901.97295037,19712.0,5.852853674969083,0.9997030816926253,False,5.852853674969083,0.9997030816926253,False,True,False,0.0002969183073746491,0.9850097324503583,0.0,0,0
1376,screen,BIHMH gen 96 screen / add_fix,24999794.4,205.60000000149012,3,C4;C5;C7,2359,1078508.9571463251,19706.14714632503,1058802.81,32273609.70189391,32198430.40387497,9998.131440311685,65181.166578627606,871.8848171556234,11.467261779977882,74.7589191784187,86.22618095839658,0.0,1078704.78295037,19901.97295037,19712.0,5.852853674969083,0.9997030816926253,False,5.852853674969083,0.9997030816926253,False,True,False,0.0002969183073746491,0.9842194615030485,0.0,0,0
1377,screen,BIHMH gen 65 screen / remove_fix,24999794.4,205.60000000149012,3,C4;C5;C7,2360,1078508.9571463251,19706.14714632503,1058802.81,32273772.681326695,32196950.089178607,11647.345231874146,65175.24691621037,871.884817155624,13.358811855299454,74.7521296779012,88.11094153320064,0.0,1078704.78295037,19901.97295037,19712.0,5.852853674969083,0.9997030816926253,False,5.852853674969083,0.9997030816926253,False,True,False,0.0002969183073746491,0.986230560639822,0.0,0,0
1378,screen,BIHMH gen 69 screen / crossover_fix,24999794.4,205.60000000149012,3,C4;C5;C7,2356,1078508.9571463251,19706.14714632503,1058802.81,32273907.539365377,32197698.06567262,11029.994384865493,65179.47930788955,871.8848171556235,12.650747171913121,74.75698397929048,87.4077311512036,0.0,1078704.78295037,19901.97295037,19712.0,5.852853674969083,0.9997030816926253,False,5.852853674969083,0.9997030816926253,False,True,False,0.0002969183073746491,0.9855405485660034,0.0,0,0
1379,screen,BIHMH gen 77 screen / add_fix,24999794.4,205.60000000149012,3,C4;C5;C7,2355,1078508.9571463251,19706.14714632503,1058802.81,32274189.798370976,32197970.748593513,11039.534337023657,65179.51544043905,871.8848171556233,12.66168892932242,74.75702542117455,87.41871435049697,0.0,1078704.78295037,19901.97295037,19712.0,5.852853674969083,0.9997030816926253,False,5.852853674969083,0.9997030816926253,False,True,False,0.0002969183073746491,0.9855517116221121,0.0,0,0
1380,screen,BIHMH gen 70 screen / swap_fix,24999794.4,205.60000000149012,3,C4;C5;C7,2360,1078508.9571463251,19706.14714632503,1058802.81,32274316.28447795,32198650.400751486,10486.657009284607,65179.226717176876,871.8848171556231,12.027571535762664,74.75669427277458,86.78426580853724,0.0,1078704.78295037,19901.97295037,19712.0,5.852853674969083,0.9997030816926253,False,5.852853674969083,0.9997030816926253,False,True,False,0.0002969183073746491,0.9848748700929193,0.0,0,0
1381,screen,BIHMH gen 78 screen / crossover_fix,24999353.92,646.0799999982119,3,C4;C5;C7,2360,1078508.9571463251,19706.14714632503,1058802.81,32274423.401463486,32198394.184157956,10850.238243790262,65178.979061742575,871.8848171556234,12.444577575266566,74.75641022672922,87.20098780199578,0.0,1078704.78295037,19901.97295037,19712.0,5.852853674969083,0.9997030816926253,False,5.852853674969083,0.9997030816926253,False,True,False,0.0002969183073746491,0.985327038439274,0.0,0,0
1382,screen,BIHMH gen 83 screen / swap_fix,24999353.92,646.0799999982119,3,C4;C5;C7,2360,1078508.9571463251,19706.14714632503,1058802.81,32274444.087736968,32198471.280986436,10793.94802461716,65178.85872591842,871.8848171556238,12.380016043667998,74.75627220869998,87.13628825236798,0.0,1078704.78295037,19901.97295037,19712.0,5.852853674969083,0.9997030816926253,False,5.852853674969083,0.9997030816926253,False,True,False,0.0002969183073746491,0.985258798818686,0.0,0,0
1383,screen,BIHMH gen 88 screen / add_fix,24999794.4,205.60000000149012,3,C4;C5;C7,2358,1078508.9571463251,19706.14714632503,1058802.81,32274523.378136717,32198312.67195945,11031.03652925266,65179.66964801399,871.8848171556231,12.6519424495079,74.75720228808623,87.40914473759413,0.0,1078704.78295037,19901.97295037,19712.0,5.852853674969083,0.9997030816926253,False,5.852853674969083,0.9997030816926253,False,True,False,0.0002969183073746491,0.9855417138283347,0.0,0,0
1384,screen,BIHMH gen 99 screen / crossover_fix,24999353.92,646.0799999982119,3,C4;C5;C7,2358,1078508.9571463251,19706.14714632503,1058802.81,32274559.74282565,32198133.150958233,11242.8016849876,65183.790182429366,871.884817155623,12.894824481134266,74.76192829585045,87.65675277698472,0.0,1078704.78295037,19901.97295037,19712.0,5.852853674969083,0.9997030816926253,False,5.852853674969083,0.9997030816926253,False,True,False,0.0002969183073746491,0.9857849797230231,0.0,0,0
1385,screen,BIHMH gen 65 screen / crossover_fix,24999794.4,205.60000000149012,3,C4;C5;C7,2350,1078508.9571463251,19706.14714632503,1058802.81,32274706.43687202,32197370.48621339,12142.018023811082,65193.932634819845,871.8848171556231,13.926172110006876,74.77356108517182,88.6997331951787,0.0,1078704.78295037,19901.97295037,19712.0,5.852853674969083,0.9997030816926253,False,5.852853674969083,0.9997030816926253,False,True,False,0.0002969183073746491,0.9867359571142049,0.0,0,0
1386,screen,BIHMH gen 80 screen / swap_fix,24999794.4,205.60000000149012,3,C4;C5;C7,2361,1078508.9571463251,19706.14714632503,1058802.81,32274869.969462823,32198806.27163577,10885.584193887671,65178.113633164976,871.8848171556233,12.485117276614643,74.75541763165178,87.24053490826643,0.0,1078704.78295037,19901.97295037,19712.0,5.852853674969083,0.9997030816926253,False,5.852853674969083,0.9997030816926253,False,True,False,0.0002969183073746491,0.9853704071306317,0.0,0,0
1387,screen,BIHMH gen 86 screen / remove_fix,24999794.4,205.60000000149012,3,C4;C5;C7,2362,1078508.9571463251,19706.14714632503,1058802.81,32274956.18908051,32198944.18214398,10833.056957262872,65178.949979266356,871.8848171556233,12.424871662066426,74.75637687085968,87.1812485329261,0.0,1078704.78295037,19901.97295037,19712.0,5.852853674969083,0.9997030816926253,False,5.852853674969083,0.9997030816926253,False,True,False,0.0002969183073746491,0.9853062672885899,0.0,0,0
1388,screen,BIHMH gen 76 screen / mip_intensify,24999794.4,205.60000000149012,3,C4;C5;C7,2361,1078508.9571463251,19706.14714632503,1058802.81,32275009.873395007,32198408.58149716,11421.09416852344,65180.19772932295,871.8848171556231,13.09931534968441,74.75780796592184,87.85712331560626,0.0,1078704.78295037,19901.97295037,19712.0,5.852853674969083,0.9997030816926253,False,5.852853674969083,0.9997030816926253,False,True,False,0.0002969183073746491,0.9859846984747637,0.0,0,0
1389,screen,BIHMH gen 71 screen / crossover_fix,24999794.4,205.60000000149012,3,C4;C5;C7,2357,1078508.9571463251,19706.14714632503,1058802.81,32275134.162677113,32198879.60347986,11074.95184055794,65179.60735669693,871.8848171556235,12.702310698204487,74.75713084365243,87.45944154185692,0.0,1078704.78295037,19901.97295037,19712.0,5.852853674969083,0.9997030816926253,False,5.852853674969083,0.9997030816926253,False,True,False,0.0002969183073746491,0.9855929798984658,0.0,0,0
1390,screen,BIHMH gen 66 screen / add_fix,24999794.4,205.60000000149012,3,C4;C5;C7,2360,1078508.9571463251,19706.14714632503,1058802.81,32275191.791554417,32198922.320597123,11089.848260519902,65179.62269677567,871.8848171556239,12.719396005424947,74.75714843780985,87.47654444323479,0.0,1078704.78295037,19901.97295037,19712.0,5.852853674969083,0.9997030816926253,False,5.852853674969083,0.9997030816926253,False,True,False,0.0002969183073746491,0.9856102843171985,0.0,0,0
1391,screen,BIHMH gen 82 screen / crossover_fix,24999353.92,646.0799999982119,3,C4;C5;C7,2360,1078508.9571463251,19706.14714632503,1058802.81,32275292.284901842,32199267.008746903,10846.267462037777,65179.00869290288,871.884817155623,12.440023324895018,74.75644421190678,87.1964675368018,0.0,1078704.78295037,19901.97295037,19712.0,5.852853674969083,0.9997030816926253,False,5.852853674969083,0.9997030816926253,False,True,False,0.0002969183073746491,0.9853222276922148,0.0,0,0
1392,screen,BIHMH gen 96 screen / add_fix,24999794.4,205.60000000149012,3,C4;C5;C7,2359,1078508.9571463251,19706.14714632503,1058802.81,32275595.272838026,32199366.748331387,11048.788244542844,65179.73626209711,871.8848171556231,12.672302610553134,74.75727869047542,87.42958130102855,0.0,1078704.78295037,19901.97295037,19712.0,5.852853674969083,0.9997030816926253,False,5.852853674969083,0.9997030816926253,False,True,False,0.0002969183073746491,0.985562477425707,0.0,0,0
1393,screen,BIHMH gen 68 screen / swap_fix,24999794.4,205.60000000149012,3,C4;C5;C7,2360,1078508.9571463251,19706.14714632503,1058802.81,32275722.12260535,32199923.94507266,10618.682345187159,65179.495187506676,871.8848171556238,12.178996739304175,74.75700219226631,86.93599893157048,0.0,1078704.78295037,19901.97295037,19712.0,5.852853674969083,0.9997030816926253,False,5.852853674969083,0.9997030816926253,False,True,False,0.0002969183073746491,0.9850421519327254,0.0,0,0
1394,screen,BIHMH gen 65 screen / swap_fix,24999794.4,205.60000000149012,3,C4;C5;C7,2358,1078508.9571463251,19706.14714632503,1058802.81,32275828.67274073,32199214.73349086,11437.827608587448,65176.111641284115,871.8848171556236,13.118507609642085,74.75312146610159,87.87162907574367,0.0,1078704.78295037,19901.97295037,19712.0,5.852853674969083,0.9997030816926253,False,5.852853674969083,0.9997030816926253,False,True,False,0.0002969183073746491,0.986004414031691,0.0,0,0
1395,screen,BIHMH gen 94 screen / swap_fix,24999794.4,205.60000000149012,3,C4;C5;C7,2363,1078508.9571463251,19706.14714632503,1058802.81,32275932.54442069,32199066.041419,11690.53839741489,65175.96460427528,871.8848171556235,13.40835184577854,74.75295282340255,88.16130466918109,0.0,1078704.78295037,19901.97295037,19712.0,5.852853674969083,0.9997030816926253,False,5.852853674969083,0.9997030816926253,False,True,False,0.0002969183073746491,0.9862768574480352,0.0,0,0
1396,screen,BIHMH gen 71 screen / crossover_fix,24999353.92,646.0799999982119,3,C4;C5;C7,2356,1078508.9571463251,19706.14714632503,1058802.81,32276021.686942548,32199809.384157274,11032.814249452009,65179.488535821736,871.8848171556224,12.653981388785631,74.75699456317965,87.41097595196527,0.0,1078704.78295037,19901.97295037,19712.0,5.852853674969083,0.9997030816926253,False,5.852853674969083,0.9997030816926253,False,True,False,0.0002969183073746491,0.9855438489991005,0.0,0,0
1397,screen,BIHMH gen 66 screen / swap_fix,24999353.92,646.0799999982119,3,C4;C5;C7,2358,1078508.9571463251,19706.14714632503,1058802.81,32276052.85346387,32199484.29345008,11392.627657059978,65175.9323567302,871.8848171556239,13.06666595505871,74.75291583738733,87.81958179244604,0.0,1078704.78295037,19901.97295037,19712.0,5.852853674969083,0.9997030816926253,False,5.852853674969083,0.9997030816926253,False,True,False,0.0002969183073746491,0.9859547133770732,0.0,0,0
1398,screen,BIHMH gen 77 screen / add_fix,24999353.92,646.0799999982119,3,C4;C5;C7,2355,1078508.9571463251,19706.14714632503,1058802.81,32276089.846823692,32199866.605486248,11043.854904350908,65179.38643309633,871.8848171556232,12.66664436293273,74.7568774574296,87.42352182036232,0.0,1078704.78295037,19901.97295037,19712.0,5.852853674969083,0.9997030816926253,False,5.852853674969083,0.9997030816926253,False,True,False,0.0002969183073746491,0.9855568093483875,0.0,0,0
1399,screen,BIHMH gen 66 screen / crossover_fix,24999794.4,205.60000000149012,3,C4;C5;C7,2356,1078508.9571463251,19706.14714632503,1058802.81,32276224.506369147,32199898.142765403,11146.5407840347,65179.82281970885,871.8848171556235,12.78441895616258,74.75737796690505,87.54179692306764,0.0,1078704.78295037,19901.97295037,19712.0,5.852853674969083,0.9997030816926253,False,5.852853674969083,0.9997030816926253,False,True,False,0.0002969183073746491,0.9856755817419331,0.0,0,0
1400,screen,BIHMH gen 82 screen / remove_fix,24999794.4,205.60000000149012,3,C4;C5;C7,2360,1078508.9571463251,19706.14714632503,1058802.81,32276266.026195325,32200242.845728632,10844.223274235754,65178.95719245773,871.8848171556234,12.437678763134327,74.75638514396093,87.19406390709526,0.0,1078704.78295037,19901.97295037,19712.0,5.852853674969083,0.9997030816926253,False,5.852853674969083,0.9997030816926253,False,True,False,0.0002969183073746491,0.9853197788658964,0.0,0,0
1401,screen,BIHMH gen 89 screen / swap_fix,24999574.16,425.839999999851,3,C4;C5;C7,2363,1078508.9571463251,19706.14714632503,1058802.81,32276389.03608465,32200220.89473407,10988.630232310308,65179.51111826589,871.8848171556233,12.603304950485152,74.75702046389914,87.36032541438429,0.0,1078704.78295037,19901.97295037,19712.0,5.852853674969083,0.9997030816926253,False,5.852853674969083,0.9997030816926253,False,True,False,0.0002969183073746491,0.9854921818856746,0.0,0,0
1402,screen,BIHMH gen 97 screen / swap_fix,24999794.4,205.60000000149012,3,C4;C5;C7,2362,1078508.9571463251,19706.14714632503,1058802.81,32276550.15070426,32200619.909820817,10752.64088745926,65177.599995986995,871.8848171556235,12.332639215507765,74.75482852037483,87.0874677358826,0.0,1078704.78295037,19901.97295037,19712.0,5.852853674969083,0.9997030816926253,False,5.852853674969083,0.9997030816926253,False,True,False,0.0002969183073746491,0.9852091062256376,0.0,0,0
1403,screen,BIHMH gen 89 screen / swap_fix,24999794.4,205.60000000149012,3,C4;C5;C7,2362,1078508.9571463251,19706.14714632503,1058802.81,32276625.74944595,32200730.71311907,10716.770014604681,65178.26631227069,871.8848171556235,12.291497458995016,74.75559274550018,87.04709020449519,0.0,1078704.78295037,19901.97295037,19712.0,5.852853674969083,0.9997030816926253,False,5.852853674969083,0.9997030816926253,False,True,False,0.0002969183073746491,0.9851644876928003,0.0,0,0
1404,screen,BIHMH gen 97 screen / crossover_fix,24999353.92,646.0799999982119,3,C4;C5;C7,2359,1078508.9571463251,19706.14714632503,1058802.81,32276644.414394394,32200371.297938876,11093.317828223087,65179.7986272943,871.8848171556235,12.72337539310887,74.75735021964525,87.48072561275411,0.0,1078704.78295037,19901.97295037,19712.0,5.852853674969083,0.9997030816926253,False,5.852853674969083,0.9997030816926253,False,True,False,0.0002969183073746491,0.985614280664276,0.0,0,0
1405,screen,BIHMH gen 58 screen / add_fix,24999574.16,425.839999999851,3,C4;C5;C7,2328,1078508.9571463251,19706.14714632503,1058802.81,32276658.799614243,32200818.00263447,10651.677040996094,65189.11993877704,871.8848171556232,12.216839691904935,74.768041209211,86.98488090111594,0.0,1078704.78295037,19901.97295037,19712.0,5.852853674969083,0.9997030816926253,False,5.852853674969083,0.9997030816926253,False,True,False,0.0002969183073746491,0.985090538709582,0.0,0,0
1406,screen,BIHMH gen 84 screen / swap_fix,24999794.4,205.60000000149012,3,C4;C5;C7,2361,1078508.9571463251,19706.14714632503,1058802.81,32276753.748996876,32198086.184243254,13488.318147896554,65179.24660572507,871.8848171556236,15.470298234920417,74.75671708375576,90.22701531867618,0.0,1078704.78295037,19901.97295037,19712.0,5.852853674969083,0.9997030816926253,False,5.852853674969083,0.9997030816926253,False,True,False,0.0002969183073746491,0.9879446799116278,0.0,0,0
1407,screen,BIHMH gen 100 screen / remove_fix,24999794.4,205.60000000149012,3,C4;C5;C7,2362,1078508.9571463251,19706.14714632503,1058802.81,32276915.572318923,32201032.731006496,10704.606887996511,65178.23442443269,871.8848171556239,12.277547076594903,74.75555617204759,87.03310324864249,0.0,1078704.78295037,19901.97295037,19712.0,5.852853674969083,0.9997030816926253,False,5.852853674969083,0.9997030816926253,False,True,False,0.0002969183073746491,0.9851494291720214,0.0,0,0
1408,screen,BIHMH gen 79 screen / remove_fix,24999794.4,205.60000000149012,3,C4;C5;C7,2360,1078508.9571463251,19706.14714632503,1058802.81,32276953.56365304,32200874.695085756,10899.809818013851,65179.05874927017,871.884817155623,12.501433220930078,74.75650162358124,87.25793484451133,0.0,1078704.78295037,19901.97295037,19712.0,5.852853674969083,0.9997030816926253,False,5.852853674969083,0.9997030816926253,False,True,False,0.0002969183073746491,0.9853865987139198,0.0,0,0
1409,screen,BIHMH gen 66 screen / remove_fix,24999574.16,425.839999999851,3,C4;C5;C7,2360,1078508.9571463251,19706.14714632503,1058802.81,32277135.8689347,32201578.919840552,10378.11831290495,65178.830781240424,871.8848171556236,11.903084110079815,74.7562401578173,86.65932426789712,0.0,1078704.78295037,19901.97295037,19712.0,5.852853674969083,0.9997030816926253,False,5.852853674969083,0.9997030816926253,False,True,False,0.0002969183073746491,0.9847342367224923,0.0,0,0
1410,screen,BIHMH gen 92 screen / swap_fix,24999794.4,205.60000000149012,3,C4;C5;C7,2361,1078508.9571463251,19706.14714632503,1058802.81,32277310.368573904,32200787.59067187,11344.384161157011,65178.39374087622,871.8848171556231,13.011333536195925,74.75573889852758,87.7670724347235,0.0,1078704.78295037,19901.97295037,19712.0,5.852853674969083,0.9997030816926253,False,5.852853674969083,0.9997030816926253,False,True,False,0.0002969183073746491,0.9859005457735472,0.0,0,0
1411,screen,BIHMH gen 70 screen / swap_fix,24999574.16,425.839999999851,3,C4;C5;C7,2360,1078508.9571463251,19706.14714632503,1058802.81,32277364.815393787,32201198.25608442,10987.27585246445,65179.28345690129,871.8848171556228,12.60175155740019,74.75675934986195,87.35851090726214,0.0,1078704.78295037,19901.97295037,19712.0,5.852853674969083,0.9997030816926253,False,5.852853674969083,0.9997030816926253,False,True,False,0.0002969183073746491,0.9854906394432231,0.0,0,0
1412,screen,BIHMH gen 95 screen / crossover_fix,24999794.4,205.60000000149012,3,C4;C5;C7,2362,1078508.9571463251,19706.14714632503,1058802.81,32277655.121960144,32200811.81550263,11669.943934213961,65173.36252330277,871.8848171556238,13.38473122204969,74.74996839137515,88.13469961342484,0.0,1078704.78295037,19901.97295037,19712.0,5.852853674969083,0.9997030816926253,False,5.852853674969083,0.9997030816926253,False,True,False,0.0002969183073746491,0.986255636058653,0.0,0,0
1413,screen,BIHMH gen 68 screen / crossover_fix,24999574.16,425.839999999851,3,C4;C5;C7,2360,1078508.9571463251,19706.14714632503,1058802.81,32277712.03187956,32201850.369451713,10681.223130347104,65180.43929750179,871.8848171556228,12.250727298122696,74.75808503024744,87.00881232837014,0.0,1078704.78295037,19901.97295037,19712.0,5.852853674969083,0.9997030816926253,False,5.852853674969083,0.9997030816926253,False,True,False,0.0002969183073746491,0.9851201969031499,0.0,0,0
1414,screen,BIHMH gen 67 screen / remove_fix,24999794.4,205.60000000149012,3,C4;C5;C7,2361,1078508.9571463251,19706.14714632503,1058802.81,32277738.689454872,32201903.215542115,10655.069698943802,65180.404213813614,871.8848171556233,12.220730868676167,74.75804479134486,86.97877566002103,0.0,1078704.78295037,19901.97295037,19712.0,5.852853674969083,0.9997030816926253,False,5.852853674969083,0.9997030816926253,False,True,False,0.0002969183073746491,0.9850876742282434,0.0,0,0
1415,screen,BIHMH gen 99 screen / swap_fix,24999794.4,205.60000000149012,3,C4;C5;C7,2363,1078508.9571463251,19706.14714632503,1058802.81,32277867.39317506,32201130.535066612,11562.249446910773,65174.60866154133,871.8848171556236,13.261212053939248,74.75139763777793,88.01260969171717,0.0,1078704.78295037,19901.97295037,19712.0,5.852853674969083,0.9997030816926253,False,5.852853674969083,0.9997030816926253,False,True,False,0.0002969183073746491,0.9861407827287103,0.0,0,0
1416,screen,BIHMH gen 74 screen / swap_fix,24999574.16,425.839999999851,3,C4;C5;C7,2360,1078508.9571463251,19706.14714632503,1058802.81,32277892.42533312,32201842.47007399,10871.186628648413,65178.76863048211,871.8848171556228,12.468604126074618,74.75616887459613,87.22477300067075,0.0,1078704.78295037,19901.97295037,19712.0,5.852853674969083,0.9997030816926253,False,5.852853674969083,0.9997030816926253,False,True,False,0.0002969183073746491,0.9853521915187781,0.0,0,0
1417,screen,BIHMH gen 70 screen / remove_fix,24999794.4,205.60000000149012,3,C4;C5;C7,2361,1078508.9571463251,19706.14714632503,1058802.81,32278030.82267997,32202108.44615182,10742.40521721974,65179.97131093392,871.8848171556235,12.320899510860869,74.7575482775036,87.07844778836447,0.0,1078704.78295037,19901.97295037,19712.0,5.852853674969083,0.9997030816926253,False,5.852853674969083,0.9997030816926253,False,True,False,0.0002969183073746491,0.9851956245141611,0.0,0,0
1418,screen,BIHMH gen 94 screen / swap_fix,24999794.4,205.60000000149012,3,C4;C5;C7,2361,1078508.9571463251,19706.14714632503,1058802.81,32278281.376518197,32202310.867790792,10792.812326484885,65177.696400922585,871.8848171556234,12.378713465494913,74.75493909109896,87.13365255659387,0.0,1078704.78295037,19901.97295037,19712.0,5.852853674969083,0.9997030816926253,False,5.852853674969083,0.9997030816926253,False,True,False,0.0002969183073746491,0.9852581902398824,0.0,0,0
1419,screen,BIHMH gen 71 screen / swap_fix,24999794.4,205.60000000149012,3,C4;C5;C7,2361,1078508.9571463251,19706.14714632503,1058802.81,32278327.670697708,32202003.005277738,11144.568721055772,65180.096698914786,871.8848171556239,12.782157117281884,74.75769209005587,87.53984920733775,0.0,1078704.78295037,19901.97295037,19712.0,5.852853674969083,0.9997030816926253,False,5.852853674969083,0.9997030816926253,False,True,False,0.0002969183073746491,0.9856737429256224,0.0,0,0
1420,screen,BIHMH gen 67 screen / swap_fix,24999353.92,646.0799999982119,3,C4;C5;C7,2359,1078508.9571463251,19706.14714632503,1058802.81,32278685.144841827,32202243.035724282,11267.605154345245,65174.50396319865,871.8848171556236,12.92327258444974,74.75127755500941,87.67455013945914,0.0,1078704.78295037,19901.97295037,19712.0,5.852853674969083,0.9997030816926253,False,5.852853674969083,0.9997030816926253,False,True,False,0.0002969183073746491,0.9858158199118924,0.0,0,0
1421,screen,BIHMH gen 95 screen / mip_intensify,24999794.4,205.60000000149012,3,C4;C5;C7,2360,1078508.9571463251,19706.14714632503,1058802.81,32278802.51898712,32201593.50510048,12033.622756847968,65175.39112979274,871.8848171556241,13.801849189329406,74.7522950822981,88.55414427162751,0.0,1078704.78295037,19901.97295037,19712.0,5.852853674969083,0.9997030816926253,False,5.852853674969083,0.9997030816926253,False,True,False,0.0002969183073746491,0.9866291073182258,0.0,0,0
1422,screen,BIHMH gen 55 screen / crossover_fix,24999794.4,205.60000000149012,3,C4;C5;C7,2328,1078508.9571463251,19706.14714632503,1058802.81,32278837.076608997,32202864.101266935,10777.200728679236,65195.77461338228,871.8848171556233,12.360807891847491,74.77567372496802,87.1364816168155,0.0,1078704.78295037,19901.97295037,19712.0,5.852853674969083,0.9997030816926253,False,5.852853674969083,0.9997030816926253,False,True,False,0.0002969183073746491,0.985240667040675,0.0,0,0
1423,screen,BIHMH gen 57 screen / swap_fix,24999794.4,205.60000000149012,3,C4;C5;C7,2329,1078508.9571463251,19706.14714632503,1058802.81,32278853.434120316,32202528.515084233,11135.197053352982,65189.721982729665,871.8848171556244,12.7714083721284,74.76873171779734,87.54014008992574,0.0,1078704.78295037,19901.97295037,19712.0,5.852853674969083,0.9997030816926253,False,5.852853674969083,0.9997030816926253,False,True,False,0.0002969183073746491,0.9856696397186906,0.0,0,0
1424,screen,BIHMH gen 70 screen / crossover_fix,24999353.92,646.0799999982119,3,C4;C5;C7,2356,1078508.9571463251,19706.14714632503,1058802.81,32278874.85200428,32203051.500829414,10643.739496810382,65179.61167805398,871.8848171556242,12.20773580108181,74.75713579999176,86.96487160107357,0.0,1078704.78295037,19901.97295037,19712.0,5.852853674969083,0.9997030816926253,False,5.852853674969083,0.9997030816926253,False,True,False,0.0002969183073746491,0.98507348534718,0.0,0,0
1425,screen,BIHMH gen 63 screen / swap_fix,24999574.16,425.839999999851,3,C4;C5;C7,2359,1078508.9571463251,19706.14714632503,1058802.81,32278893.03526508,32202130.222333286,11587.441185527154,65175.37174626885,871.8848171556239,13.290105478988856,74.75227285054973,88.0423783295386,0.0,1078704.78295037,19901.97295037,19712.0,5.852853674969083,0.9997030816926253,False,5.852853674969083,0.9997030816926253,False,True,False,0.0002969183073746491,0.9861672598477452,0.0,0,0
1426,screen,BIHMH gen 74 screen / swap_fix,24999574.16,425.839999999851,3,C4;C5;C7,2359,1078508.9571463251,19706.14714632503,1058802.81,32278907.64766011,32202787.606631625,10942.000245928879,65178.040782556745,871.8848171556231,12.549823131024699,74.75533407633945,87.30515720736415,0.0,1078704.78295037,19901.97295037,19712.0,5.852853674969083,0.9997030816926253,False,5.852853674969083,0.9997030816926253,False,True,False,0.0002969183073746491,0.9854377826428472,0.0,0,0
1427,screen,BIHMH gen 71 screen / crossover_fix,24999353.92,646.0799999982119,3,C4;C5;C7,2360,1078508.9571463251,19706.14714632503,1058802.81,32278920.3797605,32203081.852996647,10658.960331848377,65179.56643200346,871.884817155624,12.225193193088765,74.7570839054644,86.98227709855317,0.0,1078704.78295037,19901.97295037,19712.0,5.852853674969083,0.9997030816926253,False,5.852853674969083,0.9997030816926253,False,True,False,0.0002969183073746491,0.9850924770827862,0.0,0,0
1428,screen,BIHMH gen 69 screen / crossover_fix,24999794.4,205.60000000149012,3,C4;C5;C7,2358,1078508.9571463251,19706.14714632503,1058802.81,32279063.099521164,32202371.79083675,11516.102399698202,65175.20628471166,871.8848171556238,13.208284136966087,74.75208307599014,87.96036721295623,0.0,1078704.78295037,19901.97295037,19712.0,5.852853674969083,0.9997030816926253,False,5.852853674969083,0.9997030816926253,False,True,False,0.0002969183073746491,0.9860904153822763,0.0,0,0
1429,screen,BIHMH gen 85 screen / crossover_fix,24999794.4,205.60000000149012,3,C4;C5;C7,2359,1078508.9571463251,19706.14714632503,1058802.81,32279555.84808115,32202711.823581107,11668.133556195586,65175.890943848055,871.8848171556228,13.382654826197001,74.75286833927606,88.13552316547306,0.0,1078704.78295037,19901.97295037,19712.0,5.852853674969083,0.9997030816926253,False,5.852853674969083,0.9997030816926253,False,True,False,0.0002969183073746491,0.9862532063718151,0.0,0,0
1430,screen,BIHMH gen 72 screen / add_fix,24999353.92,646.0799999982119,3,C4;C5;C7,2356,1078508.9571463251,19706.14714632503,1058802.81,32279680.896249138,32202930.939268842,11574.669776576102,65175.28720371772,871.8848171556233,13.275457432939943,74.7521758852747,88.02763331821464,0.0,1078704.78295037,19901.97295037,19712.0,5.852853674969083,0.9997030816926253,False,5.852853674969083,0.9997030816926253,False,True,False,0.0002969183073746491,0.9861535866978949,0.0,0,0
1431,screen,BIHMH gen 97 screen / swap_fix,24999794.4,205.60000000149012,3,C4;C5;C7,2362,1078508.9571463251,19706.14714632503,1058802.81,32279703.72440101,32202847.329546694,11683.036639025404,65173.35821529253,871.8848171556228,13.399747775330393,74.74996345034384,88.14971122567424,0.0,1078704.78295037,19901.97295037,19712.0,5.852853674969083,0.9997030816926253,False,5.852853674969083,0.9997030816926253,False,True,False,0.0002969183073746491,0.9862694692916916,0.0,0,0
1432,screen,BIHMH gen 78 screen / add_fix,24999353.92,646.0799999982119,3,C4;C5;C7,2358,1078508.9571463251,19706.14714632503,1058802.81,32279797.948611915,32203102.12675283,11520.442259774623,65175.37959930863,871.884817155623,13.213261698211607,74.7522818575191,87.9655435557307,0.0,1078704.78295037,19901.97295037,19712.0,5.852853674969083,0.9997030816926253,False,5.852853674969083,0.9997030816926253,False,True,False,0.0002969183073746491,0.9860950876057708,0.0,0,0
1433,screen,BIHMH gen 65 screen / crossover_fix,24999794.4,205.60000000149012,3,C4;C5;C7,2359,1078508.9571463251,19706.14714632503,1058802.81,32280032.86332147,32203243.446840674,11613.284018958422,65176.13246183553,871.8848171556232,13.319745671044942,74.75314534603508,88.07289101708002,0.0,1078704.78295037,19901.97295037,19712.0,5.852853674969083,0.9997030816926253,False,5.852853674969083,0.9997030816926253,False,True,False,0.0002969183073746491,0.9861949515240336,0.0,0,0
1434,screen,BIHMH gen 69 screen / remove_fix,24999353.92,646.0799999982119,3,C4;C5;C7,2362,1078508.9571463251,19706.14714632503,1058802.81,32280345.71411831,32204119.936863594,11050.187653020062,65175.58960169521,871.8848171556233,12.673907648798645,74.75252271775938,87.42643036655802,0.0,1078704.78295037,19901.97295037,19712.0,5.852853674969083,0.9997030816926253,False,5.852853674969083,0.9997030816926253,False,True,False,0.0002969183073746491,0.9855658840929711,0.0,0,0
1435,screen,BIHMH gen 56 screen / add_fix,24999794.4,205.60000000149012,3,C4;C5;C7,2330,1078508.9571463251,19706.14714632503,1058802.81,32280488.4947192,32204615.645463698,10686.225846619067,65186.623408884014,871.8848171556239,12.25646511597835,74.76517783799046,87.02164295396881,0.0,1078704.78295037,19901.97295037,19712.0,5.852853674969083,0.9997030816926253,False,5.852853674969083,0.9997030816926253,False,True,False,0.0002969183073746491,0.9851305094435103,0.0,0,0
1436,screen,BIHMH gen 58 screen / add_fix,24999794.4,205.60000000149012,3,C4;C5;C7,2326,1078508.9571463251,19706.14714632503,1058802.81,32280504.479047135,32204797.14647397,10520.437653787525,65186.89491937692,871.8848171556224,12.066315924744147,74.76548924436855,86.8318051691127,0.0,1078704.78295037,19901.97295037,19712.0,5.852853674969083,0.9997030816926253,False,5.852853674969083,0.9997030816926253,False,True,False,0.0002969183073746491,0.9849259234264814,0.0,0,0
1437,screen,BIHMH gen 55 screen / add_fix,24999574.16,425.839999999851,3,C4;C5;C7,2325,1078508.9571463251,19706.14714632503,1058802.81,32280529.493645247,32204821.735886488,10520.863296206662,65186.89446255204,871.8848171556232,12.066804111269192,74.76548872041752,86.83229283168671,0.0,1078704.78295037,19901.97295037,19712.0,5.852853674969083,0.9997030816926253,False,5.852853674969083,0.9997030816926253,False,True,False,0.0002969183073746491,0.9849264656883621,0.0,0,0
1438,screen,BIHMH gen 55 screen / add_fix,24999794.4,205.60000000149012,3,C4;C5;C7,2327,1078508.9571463251,19706.14714632503,1058802.81,32282109.198845513,32205975.76490759,10945.058706104133,65188.37523181764,871.8848171556234,12.553331002838808,74.76718707464556,87.32051807748437,0.0,1078704.78295037,19901.97295037,19712.0,5.852853674969083,0.9997030816926253,False,5.852853674969083,0.9997030816926253,False,True,False,0.0002969183073746491,0.9854474975411981,0.0,0,0
1439,screen,BIHMH gen 55 screen / crossover_fix,24999574.16,425.839999999851,3,C4;C5;C7,2328,1078508.9571463251,19706.14714632503,1058802.81,32282641.741547532,32206467.591304302,10985.572148902027,65188.578094329496,871.8848171556233,12.599797510800334,74.76741974587446,87.36721725667479,0.0,1078704.78295037,19901.97295037,19712.0,5.852853674969083,0.9997030816926253,False,5.852853674969083,0.9997030816926253,False,True,False,0.0002969183073746491,0.9854952441844512,0.0,0,0
1440,screen,BIHMH gen 57 screen / add_fix,24999794.4,205.60000000149012,3,C4;C5;C7,2327,1078508.9571463251,19706.14714632503,1058802.81,32282691.24442843,32206680.268052436,10823.375153110299,65187.60122288222,871.8848171556231,12.413767208861065,74.76629933245742,87.18006654131848,0.0,1078704.78295037,19901.97295037,19712.0,5.852853674969083,0.9997030816926253,False,5.852853674969083,0.9997030816926253,False,True,False,0.0002969183073746491,0.9852988152343789,0.0,0,0
1441,screen,BIHMH gen 58 screen / add_fix,24999574.16,425.839999999851,3,C4;C5;C7,2329,1078508.9571463251,19706.14714632503,1058802.81,32283230.069805685,32207295.322011635,10744.002356458088,65190.74543759218,871.8848171556239,12.32273133452257,74.76990555961957,87.09263689414215,0.0,1078704.78295037,19901.97295037,19712.0,5.852853674969083,0.9997030816926253,False,5.852853674969083,0.9997030816926253,False,True,False,0.0002969183073746491,0.985205556566664,0.0,0,0
1442,screen,BIHMH gen 56 screen / swap_fix,24999794.4,205.60000000149012,3,C4;C5;C7,2328,1078508.9571463251,19706.14714632503,1058802.81,32283285.951478973,32204343.68022938,13741.655424243509,65200.61582534929,871.8848171556235,15.760861014959902,74.7812263069969,90.5420873219568,0.0,1078704.78295037,19901.97295037,19712.0,5.852853674969083,0.9997030816926253,False,5.852853674969083,0.9997030816926253,False,True,False,0.0002969183073746491,0.9881447438659136,0.0,0,0
1443,screen,BIHMH gen 60 screen / add_fix,24999353.92,646.0799999982119,3,C4;C5;C7,2331,1078508.9571463251,19706.14714632503,1058802.81,32283405.727764376,32205187.442452017,13022.775457976522,65195.50985438133,871.8848171556238,14.93634847371367,74.7753700621495,89.71171853586317,0.0,1078704.78295037,19901.97295037,19712.0,5.852853674969083,0.9997030816926253,False,5.852853674969083,0.9997030816926253,False,True,False,0.0002969183073746491,0.9875518232464785,0.0,0,0
1444,screen,BIHMH gen 56 screen / crossover_fix,24999574.16,425.839999999851,3,C4;C5;C7,2329,1078508.9571463251,19706.14714632503,1058802.81,32283482.847737454,32207513.098127622,10777.35646859586,65192.393141237975,871.8848171556228,12.360986516263889,74.77179537764766,87.13278189391156,0.0,1078704.78295037,19901.97295037,19712.0,5.852853674969083,0.9997030816926253,False,5.852853674969083,0.9997030816926253,False,True,False,0.0002969183073746491,0.9852454009323776,0.0,0,0
1445,screen,BIHMH gen 56 screen / swap_fix,24999353.92,646.0799999982119,3,C4;C5;C7,2329,1078508.9571463251,19706.14714632503,1058802.81,32284947.653191466,32205517.69664989,14231.154611796737,65198.80192977755,871.8848171556239,16.3222874533169,74.77914587671978,91.10143333003668,0.0,1078704.78295037,19901.97295037,19712.0,5.852853674969083,0.9997030816926253,False,5.852853674969083,0.9997030816926253,False,True,False,0.0002969183073746491,0.9885177422626938,0.0,0,0
1446,screen,BIHMH gen 56 screen / crossover_fix,24999794.4,205.60000000149012,3,C4;C5;C7,2324,1078508.9571463251,19706.14714632503,1058802.81,32288652.834087137,32215539.63840282,7909.683283200268,65203.51240111709,871.8848171556235,9.071936025912539,74.78454850702929,83.85648453294182,0.0,1078704.78295037,19901.97295037,19712.0,5.852853674969083,0.9997030816926253,False,5.852853674969083,0.9997030816926253,False,True,False,0.0002969183073746491,0.9806175180832282,0.0,0,0
1447,screen,BIHMH gen 59 screen / add_fix,24999574.16,425.839999999851,3,C4;C5;C7,2327,1078508.9571463251,19706.14714632503,1058802.81,32291165.717522398,32219902.915376738,6044.837969017281,65217.96417664301,871.8848171556232,6.933069426231715,74.80112383354214,81.73419325977385,0.0,1078704.78295037,19901.97295037,19712.0,5.852853674969083,0.9997030816926253,False,5.852853674969083,0.9997030816926253,False,True,False,0.0002969183073746491,0.9755436171627853,0.0,0,0
1448,screen,BIHMH gen 59 screen / remove_fix,24999794.4,205.60000000149012,3,C4;C5;C7,2336,1078508.9571463251,19706.14714632503,1058802.81,32293037.588475265,32219614.7364875,8208.040405648359,65214.81158211634,871.8848171556242,9.414133890329337,74.79750799522873,84.21164188555807,0.0,1078704.78295037,19901.97295037,19712.0,5.852853674969083,0.9997030816926253,False,5.852853674969083,0.9997030816926253,False,True,False,0.0002969183073746491,0.9811806774979895,0.0,0,0
1449,screen,BIHMH gen 57 screen / add_fix,24999794.4,205.60000000149012,3,C4;C5;C7,2327,1078508.9571463251,19706.14714632503,1058802.81,32297888.382613227,32226178.2648402,6489.077470795281,65221.040302230154,871.8848171556231,7.442585698377912,74.80465196653243,82.24723766491034,0.0,1078704.78295037,19901.97295037,19712.0,5.852853674969083,0.9997030816926253,False,5.852853674969083,0.9997030816926253,False,True,False,0.0002969183073746491,0.9769702559931801,0.0,0,0
1450,screen,BIHMH gen 53 screen / add_fix,24999794.4,205.60000000149012,3,C4;C5;C7,2304,1078508.9571463251,19706.14714632503,1058802.81,32299046.07919268,32223684.6350716,10170.264374733946,65191.179746345435,871.8848171556234,11.664688012245369,74.77040368591418,86.43509169815954,0.0,1078704.78295037,19901.97295037,19712.0,5.852853674969083,0.9997030816926253,False,5.852853674969083,0.9997030816926253,False,True,False,0.0002969183073746491,0.9844611058497821,0.0,0,0
1451,screen,BIHMH gen 52 screen / swap_fix,24999794.4,205.60000000149012,3,C4;C5;C7,2307,1078508.9571463251,19706.14714632503,1058802.81,32301683.55753787,32226693.70933694,9798.078996318642,65191.76920460786,871.8848171556232,11.237813531703898,74.77107975946294,86.00889329116683,0.0,1078704.78295037,19901.97295037,19712.0,5.852853674969083,0.9997030816926253,False,5.852853674969083,0.9997030816926253,False,True,False,0.0002969183073746491,0.9839398807899715,0.0,0,0
1452,screen,BIHMH gen 54 screen / crossover_fix,24999574.16,425.839999999851,3,C4;C5;C7,2355,1078508.9571463251,19706.14714632503,1058802.81,32303992.128230274,32231071.33995202,7690.694045620712,65230.09423263168,871.8848171556228,8.820768402310645,74.81503628590971,83.63580468822036,0.0,1078704.78295037,19901.97295037,19712.0,5.852853674969083,0.9997030816926253,False,5.852853674969083,0.9997030816926253,False,True,False,0.0002969183073746491,0.9800971744851922,0.0,0,0
1453,screen,BIHMH gen 51 screen / add_fix,24999574.16,425.839999999851,3,C4;C5;C7,2294,1078508.9571463251,19706.14714632503,1058802.81,32305663.730405737,32231175.002712708,9300.632041199908,65188.095651825985,871.8848171556228,10.667271476915554,74.7668664130328,85.43413788994836,0.0,1078704.78295037,19901.97295037,19712.0,5.852853674969083,0.9997030816926253,False,5.852853674969083,0.9997030816926253,False,True,False,0.0002969183073746491,0.9831819766167529,0.0,0,0
1454,screen,BIHMH gen 52 screen / add_fix,24999794.4,205.60000000149012,3,C4;C5;C7,2306,1078508.9571463251,19706.14714632503,1058802.81,32305726.952500317,32230493.889972072,10042.755731627829,65190.30679661865,871.8848171556236,11.518443186556015,74.76940246452618,86.2878456510822,0.0,1078704.78295037,19901.97295037,19712.0,5.852853674969083,0.9997030816926253,False,5.852853674969083,0.9997030816926253,False,True,False,0.0002969183073746491,0.9842880841480726,0.0,0,0
1455,screen,BIHMH gen 52 screen / crossover_fix,24999794.4,205.60000000149012,3,C4;C5;C7,2303,1078508.9571463251,19706.14714632503,1058802.81,32306973.817242038,32231658.77791787,10124.88480575299,65190.15451841377,871.8848171556233,11.612640347131762,74.7692278104872,86.38186815761895,0.0,1078704.78295037,19901.97295037,19712.0,5.852853674969083,0.9997030816926253,False,5.852853674969083,0.9997030816926253,False,True,False,0.0002969183073746491,0.9843996590297405,0.0,0,0
1456,screen,BIHMH gen 83 screen / add_fix,24999794.4,205.60000000149012,3,C4;C5;C7,2404,1078508.9571463251,19706.14714632503,1058802.81,32308474.007802736,32233657.759298652,9599.550903103356,65216.697600979474,871.8848171556238,11.010113623058906,74.79967114662907,85.80978476968798,0.0,1078704.78295037,19901.97295037,19712.0,5.852853674969083,0.9997030816926253,False,5.852853674969083,0.9997030816926253,False,True,False,0.0002969183073746491,0.9836205641512754,0.0,0,0
1457,screen,BIHMH gen 62 screen / add_fix,24999794.4,205.60000000149012,3,C4;C5;C7,2403,1078508.9571463251,19706.14714632503,1058802.81,32308605.19405748,32233561.403223827,9831.044278824256,65212.74655482821,871.8848171556231,11.275622748996108,74.79513953181772,86.07076228081384,0.0,1078704.78295037,19901.97295037,19712.0,5.852853674969083,0.9997030816926253,False,5.852853674969083,0.9997030816926253,False,True,False,0.0002969183073746491,0.9839640756622408,0.0,0,0
1458,screen,BIHMH gen 53 screen / crossover_fix,24999574.16,425.839999999851,3,C4;C5;C7,2294,1078508.9571463251,19706.14714632503,1058802.81,32308851.25013133,32234583.292368583,9079.460358954197,65188.49740379227,871.8848171556231,10.41360071915738,74.76732719863013,85.1809279177875,0.0,1078704.78295037,19901.97295037,19712.0,5.852853674969083,0.9997030816926253,False,5.852853674969083,0.9997030816926253,False,True,False,0.0002969183073746491,0.9828230572066575,0.0,0,0
1459,screen,BIHMH gen 51 screen / add_fix,24999794.4,205.60000000149012,3,C4;C5;C7,2297,1078508.9571463251,19706.14714632503,1058802.81,32309190.49209374,32234878.986715335,9121.203302738255,65190.30207566379,871.884817155624,10.461477391583248,74.76939704987188,85.23087444145513,0.0,1078704.78295037,19901.97295037,19712.0,5.852853674969083,0.9997030816926253,False,5.852853674969083,0.9997030816926253,False,True,False,0.0002969183073746491,0.9828906251621881,0.0,0,0
1460,screen,BIHMH gen 49 screen / add_fix,24999794.4,205.60000000149012,3,C4;C5;C7,2297,1078508.9571463251,19706.14714632503,1058802.81,32310241.618217126,32236117.5531796,8935.712649342442,65188.352388185674,871.8848171556231,10.248730650561958,74.76716087435913,85.01589152492109,0.0,1078704.78295037,19901.97295037,19712.0,5.852853674969083,0.9997030816926253,False,5.852853674969083,0.9997030816926253,False,True,False,0.0002969183073746491,0.9825845357830967,0.0,0,0
1461,screen,BIHMH gen 50 screen / swap_fix,24999353.92,646.0799999982119,3,C4;C5;C7,2296,1078508.9571463251,19706.14714632503,1058802.81,32310489.449385192,32236377.08392487,8922.137498498681,65190.227961823,871.8848171556234,10.233160760392233,74.76931204570701,85.00247280609925,0.0,1078704.78295037,19901.97295037,19712.0,5.852853674969083,0.9997030816926253,False,5.852853674969083,0.9997030816926253,False,True,False,0.0002969183073746491,0.9825560646301056,0.0,0,0
1462,screen,BIHMH gen 49 screen / swap_fix,24999353.92,646.0799999982119,3,C4;C5;C7,2296,1078508.9571463251,19706.14714632503,1058802.81,32311080.585002188,32238192.688990258,7694.338130026921,65193.557881904664,871.8848171556233,8.824947950267557,74.77313126587939,83.59807921614694,0.0,1078704.78295037,19901.97295037,19712.0,5.852853674969083,0.9997030816926253,False,5.852853674969083,0.9997030816926253,False,True,False,0.0002969183073746491,0.9801636984591994,0.0,0,0
1463,screen,BIHMH gen 47 screen / swap_fix,24999794.4,205.60000000149012,3,C4;C5;C7,2296,1078508.9571463251,19706.14714632503,1058802.81,32311322.71384232,32237826.47227341,8315.49781585524,65180.743753055176,871.8848171556234,9.537381145118623,74.75843422264917,84.2958153677678,0.0,1078704.78295037,19901.97295037,19712.0,5.852853674969083,0.9997030816926253,False,5.852853674969083,0.9997030816926253,False,True,False,0.0002969183073746491,0.9814517118623329,0.0,0,0
1464,screen,BIHMH gen 48 screen / swap_fix,24999574.16,425.839999999851,3,C4;C5;C7,2296,1078508.9571463251,19706.14714632503,1058802.81,32312049.256409436,32237302.652210526,9555.74857983568,65190.85561907108,871.8848171556228,10.95987496491761,74.77003193121914,85.72990689613675,0.0,1078704.78295037,19901.97295037,19712.0,5.852853674969083,0.9997030816926253,False,5.852853674969083,0.9997030816926253,False,True,False,0.0002969183073746491,0.9835769873105112,0.0,0,0
1465,screen,BIHMH gen 52 screen / swap_fix,24999794.4,205.60000000149012,3,C4;C5;C7,2297,1078508.9571463251,19706.14714632503,1058802.81,32312055.397410594,32236843.66399789,10020.576332540377,65191.157080164354,871.8848171556242,11.493004735683781,74.77037768915326,86.26338242483705,0.0,1078704.78295037,19901.97295037,19712.0,5.852853674969083,0.9997030816926253,False,5.852853674969083,0.9997030816926253,False,True,False,0.0002969183073746491,0.9842563557598512,0.0,0,0
1466,screen,BIHMH gen 47 screen / crossover_fix,24999794.4,205.60000000149012,3,C4;C5;C7,2297,1078508.9571463251,19706.14714632503,1058802.81,32312760.665919986,32236624.051771026,10923.681704245402,65212.93244471245,871.8848171556238,12.528812853837804,74.79535273645271,87.32416559029052,0.0,1078704.78295037,19901.97295037,19712.0,5.852853674969083,0.9997030816926253,False,5.852853674969083,0.9997030816926253,False,True,False,0.0002969183073746491,0.9853992988220983,0.0,0,0
1467,screen,BIHMH gen 48 screen / add_fix,24999794.4,205.60000000149012,3,C4;C5;C7,2297,1078508.9571463251,19706.14714632503,1058802.81,32312769.71036827,32238936.38802293,8646.986723150667,65186.3356221872,871.8848171556235,9.917579195105146,74.76484776377524,84.68242695888038,0.0,1078704.78295037,19901.97295037,19712.0,5.852853674969083,0.9997030816926253,False,5.852853674969083,0.9997030816926253,False,True,False,0.0002969183073746491,0.9820711965952926,0.0,0,0
1468,screen,BIHMH gen 53 screen / add_fix,24999574.16,425.839999999851,3,C4;C5;C7,2308,1078508.9571463251,19706.14714632503,1058802.81,32312790.47157413,32238646.938399564,8944.633694230319,65198.8994803351,871.884817155623,10.258962558162988,74.7792577614042,85.03822031956719,0.0,1078704.78295037,19901.97295037,19712.0,5.852853674969083,0.9997030816926253,False,5.852853674969083,0.9997030816926253,False,True,False,0.0002969183073746491,0.9825886123789002,0.0,0,0
1469,screen,BIHMH gen 48 screen / add_fix,24999353.92,646.0799999982119,3,C4;C5;C7,2295,1078508.9571463251,19706.14714632503,1058802.81,32312980.7820987,32238680.005876154,9111.344064742238,65189.432157803756,871.8848171556233,10.450169432318429,74.7683993058547,85.21856873817313,0.0,1078704.78295037,19901.97295037,19712.0,5.852853674969083,0.9997030816926253,False,5.852853674969083,0.9997030816926253,False,True,False,0.0002969183073746491,0.9828749188477146,0.0,0,0
1470,screen,BIHMH gen 46 screen / swap_fix,24999794.4,205.60000000149012,3,C4;C5;C7,2294,1078508.9571463251,19706.14714632503,1058802.81,32313494.215440884,32242180.033413216,6136.893201603968,65177.28882606264,871.8848171556232,7.038651299863834,74.75447162698913,81.79312292685296,0.0,1078704.78295037,19901.97295037,19712.0,5.852853674969083,0.9997030816926253,False,5.852853674969083,0.9997030816926253,False,True,False,0.0002969183073746491,0.9759612728290833,0.0,0,0
1471,screen,BIHMH gen 70 screen / add_fix,24999794.4,205.60000000149012,3,C4;C5;C7,2406,1078508.9571463251,19706.14714632503,1058802.81,32313501.64948384,32239759.06143943,8524.910319325623,65217.677725089714,871.8848171556232,9.777564824602294,74.80079529065704,84.57836011525933,0.0,1078704.78295037,19901.97295037,19712.0,5.852853674969083,0.9997030816926253,False,5.852853674969083,0.9997030816926253,False,True,False,0.0002969183073746491,0.9818129697207632,0.0,0,0
1472,screen,BIHMH gen 47 screen / add_fix,24999574.16,425.839999999851,3,C4;C5;C7,2294,1078508.9571463251,19706.14714632503,1058802.81,32313884.832833998,32240879.835244488,7813.297926895826,65191.69966261384,871.8848171556241,8.961387758058892,74.77099999893412,83.732387756993,0.0,1078704.78295037,19901.97295037,19712.0,5.852853674969083,0.9997030816926253,False,5.852853674969083,0.9997030816926253,False,True,False,0.0002969183073746491,0.9804257388293548,0.0,0,0
1473,screen,BIHMH gen 98 screen / crossover_fix,24999794.4,205.60000000149012,3,C4;C5;C7,2403,1078508.9571463251,19706.14714632503,1058802.81,32313920.26051708,32240248.398884732,8443.591000189414,65228.270632159445,871.8848171556241,9.684296404810894,74.81294472468919,84.49724112950008,0.0,1078704.78295037,19901.97295037,19712.0,5.852853674969083,0.9997030816926253,False,5.852853674969083,0.9997030816926253,False,True,False,0.0002969183073746491,0.9816611070222288,0.0,0,0
1474,screen,BIHMH gen 46 screen / add_fix,24999353.92,646.0799999982119,3,C4;C5;C7,2272,1078508.9571463251,19706.14714632503,1058802.81,32314612.50179557,32239791.978314288,9651.394618442071,65169.12886284418,871.8848171556238,11.069575279367873,74.74511263477142,85.81468791413928,0.0,1078704.78295037,19901.97295037,19712.0,5.852853674969083,0.9997030816926253,False,5.852853674969083,0.9997030816926253,False,True,False,0.0002969183073746491,0.9837289836100251,0.0,0,0
1475,screen,BIHMH gen 48 screen / swap_fix,24999794.4,205.60000000149012,3,C4;C5;C7,2297,1078508.9571463251,19706.14714632503,1058802.81,32314761.051394906,32240279.29655813,9291.572052642945,65190.18278413264,871.8848171556231,10.656880209194524,74.76926022958467,85.4261404387792,0.0,1078704.78295037,19901.97295037,19712.0,5.852853674969083,0.9997030816926253,False,5.852853674969083,0.9997030816926253,False,True,False,0.0002969183073746491,0.9831664646649902,0.0,0,0
1476,screen,BIHMH gen 51 screen / remove_fix,24999353.92,646.0799999982119,3,C4;C5;C7,2295,1078508.9571463251,19706.14714632503,1058802.81,32315526.679838136,32240717.437599953,9613.467526594413,65195.77471158513,871.884817155624,11.026075162034266,74.77567383760078,85.80174899963504,0.0,1078704.78295037,19901.97295037,19712.0,5.852853674969083,0.9997030816926253,False,5.852853674969083,0.9997030816926253,False,True,False,0.0002969183073746491,0.9836600273284345,0.0,0,0
1477,screen,BIHMH gen 94 screen / add_fix,24999574.16,425.839999999851,3,C4;C5;C7,2403,1078508.9571463251,19706.14714632503,1058802.81,32315823.737387028,32240452.015409295,10154.838999464559,65216.88297826945,871.8848171556225,11.646996024765073,74.7998837633491,86.44687978811417,0.0,1078704.78295037,19901.97295037,19712.0,5.852853674969083,0.9997030816926253,False,5.852853674969083,0.9997030816926253,False,True,False,0.0002969183073746491,0.9844176075722164,0.0,0,0
1478,screen,BIHMH gen 45 screen / add_fix,24999794.4,205.60000000149012,3,C4;C5;C7,2274,1078508.9571463251,19706.14714632503,1058802.81,32316345.92389049,32242588.572904598,8594.323872152974,65163.02711373858,871.8848171556226,9.857178038941553,74.73811429165836,84.59529233059992,0.0,1078704.78295037,19901.97295037,19712.0,5.852853674969083,0.9997030816926253,False,5.852853674969083,0.9997030816926253,False,True,False,0.0002969183073746491,0.9819891632638345,0.0,0,0
1479,screen,BIHMH gen 46 screen / swap_fix,24999574.16,425.839999999851,3,C4;C5;C7,2286,1078508.9571463251,19706.14714632503,1058802.81,32317456.63533837,32244444.441975564,7845.7167363967355,65166.47662641088,871.8848171556235,8.998570203334952,74.74207067741524,83.74064088075019,0.0,1078704.78295037,19901.97295037,19712.0,5.852853674969083,0.9997030816926253,False,5.852853674969083,0.9997030816926253,False,True,False,0.0002969183073746491,0.9805073534371667,0.0,0,0
1480,screen,BIHMH gen 48 screen / add_fix,24999353.92,646.0799999982119,3,C4;C5;C7,2293,1078508.9571463251,19706.14714632503,1058802.81,32317618.29464944,32243129.315218545,9300.897653784503,65188.08177711068,871.8848171556232,10.667576118743654,74.76685049956,85.43442661830365,0.0,1078704.78295037,19901.97295037,19712.0,5.852853674969083,0.9997030816926253,False,5.852853674969083,0.9997030816926253,False,True,False,0.0002969183073746491,0.9831823784979257,0.0,0,0
1481,screen,BIHMH gen 52 screen / add_fix,24999794.4,205.60000000149012,3,C4;C5;C7,2304,1078508.9571463251,19706.14714632503,1058802.81,32317694.530024465,32243914.043070134,8584.416441973346,65196.07051235938,871.8848171556235,9.845814806109997,74.77601310348598,84.62182790959598,0.0,1078704.78295037,19901.97295037,19712.0,5.852853674969083,0.9997030816926253,False,5.852853674969083,0.9997030816926253,False,True,False,0.0002969183073746491,0.9819447263081873,0.0,0,0
1482,screen,BIHMH gen 73 screen / crossover_fix,24999794.4,205.60000000149012,3,C4;C5;C7,2400,1078508.9571463251,19706.14714632503,1058802.81,32317707.686344255,32242185.872206826,10302.680491935875,65219.133645493646,871.8848171556226,11.816561418682154,74.80246514471956,86.61902656340172,0.0,1078704.78295037,19901.97295037,19712.0,5.852853674969083,0.9997030816926253,False,5.852853674969083,0.9997030816926253,False,True,False,0.0002969183073746491,0.9846231882071295,0.0,0,0
1483,screen,BIHMH gen 82 screen / crossover_fix,24999353.92,646.0799999982119,3,C4;C5;C7,2400,1078508.9571463251,19706.14714632503,1058802.81,32321037.171135027,32243968.776268013,11860.574434684007,65207.82043233022,871.8848171556242,13.603373061796296,74.78948956246266,88.39286262425895,0.0,1078704.78295037,19901.97295037,19712.0,5.852853674969083,0.9997030816926253,False,5.852853674969083,0.9997030816926253,False,True,False,0.0002969183073746491,0.98645198906741,0.0,0,0
1484,screen,BIHMH gen 61 screen / crossover_fix,24999794.4,205.60000000149012,3,C4;C5;C7,2389,1078508.9571463251,19706.14714632503,1058802.81,32322003.041876048,32246036.645852756,10750.884113757822,65215.51190953327,871.8848171556238,12.33062430061663,74.79831122909998,87.12893552971661,0.0,1078704.78295037,19901.97295037,19712.0,5.852853674969083,0.9997030816926253,False,5.852853674969083,0.9997030816926253,False,True,False,0.0002969183073746491,0.9851898799210482,0.0,0,0
1485,screen,BIHMH gen 45 screen / swap_fix,24999794.4,205.60000000149012,3,C4;C5;C7,2280,1078508.9571463251,19706.14714632503,1058802.81,32322740.9811598,32249532.490979057,8026.977193034292,65181.51298770765,871.8848171556236,9.206465160410689,74.7593164890189,83.96578164942959,0.0,1078704.78295037,19901.97295037,19712.0,5.852853674969083,0.9997030816926253,False,5.852853674969083,0.9997030816926253,False,True,False,0.0002969183073746491,0.9808845434080256,0.0,0,0
1486,screen,BIHMH gen 46 screen / add_fix,24999574.16,425.839999999851,3,C4;C5;C7,2270,1078508.9571463251,19706.14714632503,1058802.81,32324355.600490775,32249344.77515351,9841.290172065195,65169.53516519883,871.8848171556232,11.287374178817267,74.74557863939347,86.03295281821073,0.0,1078704.78295037,19901.97295037,19712.0,5.852853674969083,0.9997030816926253,False,5.852853674969083,0.9997030816926253,False,True,False,0.0002969183073746491,0.9840065725389124,0.0,0,0
1487,screen,BIHMH gen 49 screen / add_fix,24999353.92,646.0799999982119,3,C4;C5;C7,2325,1078508.9571463251,19706.14714632503,1058802.81,32327845.968925,32256019.92139171,6661.259471389631,65164.78806189754,871.8848171556236,7.640068206624885,74.74013399440376,82.38020220102865,0.0,1078704.78295037,19901.97295037,19712.0,5.852853674969083,0.9997030816926253,False,5.852853674969083,0.9997030816926253,False,True,False,0.0002969183073746491,0.9775750844400696,0.0,0,0
1488,screen,BIHMH gen 39 screen / add_fix,24999574.16,425.839999999851,3,C4;C5;C7,2246,1078508.9571463251,19706.14714632503,1058802.81,32332931.74679698,32260149.07202093,7539.50266859364,65243.17210745962,872.4184888299978,8.642071167823234,74.78426115768978,83.42633232551302,0.0,1078704.78295037,19901.97295037,19712.0,5.852853674969083,0.9997030816926253,False,5.852853674969083,0.9997030816926253,False,True,False,0.0002969183073746491,0.9798084673571622,0.0,0,0
1489,screen,BIHMH gen 39 screen / crossover_fix,24999353.92,646.0799999982119,3,C4;C5;C7,2241,1078508.9571463251,19706.14714632503,1058802.81,32334562.339126218,32260639.431716632,8756.635647447443,65166.27176213877,871.8848171556232,10.043339986140012,74.7418357102865,84.7851756964265,0.0,1078704.78295037,19901.97295037,19712.0,5.852853674969083,0.9997030816926253,False,5.852853674969083,0.9997030816926253,False,True,False,0.0002969183073746491,0.9822818911281541,0.0,0,0
1490,screen,BIHMH gen 38 screen / add_fix,24999353.92,646.0799999982119,3,C4;C5;C7,2244,1078508.9571463251,19706.14714632503,1058802.81,32337739.537921388,32264976.610709514,7520.18441874567,65242.74279312656,872.418488829999,8.619927838566323,74.78376906090521,83.40369689947154,0.0,1078704.78295037,19901.97295037,19712.0,5.852853674969083,0.9997030816926253,False,5.852853674969083,0.9997030816926253,False,True,False,0.0002969183073746491,0.9797635326762815,0.0,0,0
1491,screen,BIHMH gen 38 screen / add_fix,24999794.4,205.60000000149012,3,C4;C5;C7,2246,1078508.9571463251,19706.14714632503,1058802.81,32339984.284820314,32267285.380482603,7458.060915658534,65240.84342205258,872.418488829999,8.548719463362755,74.78159192791423,83.330311391277,0.0,1078704.78295037,19901.97295037,19712.0,5.852853674969083,0.9997030816926253,False,5.852853674969083,0.9997030816926253,False,True,False,0.0002969183073746491,0.9796193157537517,0.0,0,0
1492,screen,BIHMH gen 91 screen / mip_intensify,24999794.4,205.60000000149012,3,C4;C5;C7,2459,1078508.9571463251,19706.14714632503,1058802.81,32342104.544348054,32269195.248589583,7700.507242606849,65208.788515864486,871.8848171556231,8.832023555277006,74.79059989666656,83.62262345194357,0.0,1078704.78295037,19901.97295037,19712.0,5.852853674969083,0.9997030816926253,False,5.852853674969083,0.9997030816926253,False,True,False,0.0002969183073746491,0.980143339875985,0.0,0,0
1493,screen,BIHMH gen 38 screen / crossover_fix,24999794.4,205.60000000149012,3,C4;C5;C7,2227,1078508.9571463251,19706.14714632503,1058802.81,32346483.569421723,32273042.013330225,8240.325088168442,65201.23100332832,871.8848171556235,9.451162499940194,74.78193187953002,84.23309437947022,0.0,1078704.78295037,19901.97295037,19712.0,5.852853674969083,0.9997030816926253,False,5.852853674969083,0.9997030816926253,False,True,False,0.0002969183073746491,0.981320175392878,0.0,0,0
1494,screen,BIHMH gen 72 screen / mip_intensify,24999574.16,425.839999999851,3,C4;C5;C7,2458,1078508.9571463251,19706.14714632503,1058802.81,32347714.12867458,32274389.044807732,8106.249214764872,65218.83465208405,871.8848171556227,9.297385451911119,74.80212221707164,84.09950766898277,0.0,1078704.78295037,19901.97295037,19712.0,5.852853674969083,0.9997030816926253,False,5.852853674969083,0.9997030816926253,False,True,False,0.0002969183073746491,0.9810137235790614,0.0,0,0
1495,screen,BIHMH gen 76 screen / mip_intensify,24999353.92,646.0799999982119,3,C4;C5;C7,2462,1078508.9571463251,19706.14714632503,1058802.81,32347867.422489394,32275460.383415803,7196.705685526806,65210.33338806505,871.8848171556232,8.25419315019711,74.7923717731463,83.04656492334341,0.0,1078704.78295037,19901.97295037,19712.0,5.852853674969083,0.9997030816926253,False,5.852853674969083,0.9997030816926253,False,True,False,0.0002969183073746491,0.9789529868487681,0.0,0,0
1496,screen,BIHMH gen 50 screen / crossover_fix,24999794.4,205.60000000149012,3,C4;C5;C7,2329,1078508.9571463251,19706.14714632503,1058802.81,32348763.30370065,32273794.870914906,9776.70267866575,65191.73010707488,871.8848171556232,11.21329616744628,74.77103491691928,85.98433108436555,0.0,1078704.78295037,19901.97295037,19712.0,5.852853674969083,0.9997030816926253,False,5.852853674969083,0.9997030816926253,False,True,False,0.0002969183073746491,0.9839132297400317,0.0,0,0
1497,screen,BIHMH gen 40 screen / swap_fix,24999794.4,205.60000000149012,3,C4;C5;C7,2300,1078508.9571463251,19706.14714632503,1058802.81,32349697.480889603,32277472.955595233,7055.679698164136,65168.845596204985,871.8848171556227,8.092444735053538,74.74478774479336,82.83723247984689,0.0,1078704.78295037,19901.97295037,19712.0,5.852853674969083,0.9997030816926253,False,5.852853674969083,0.9997030816926253,False,True,False,0.0002969183073746491,0.978642534884123,0.0,0,0
1498,screen,BIHMH gen 36 screen / remove_fix,24999574.16,425.839999999851,3,C4;C5;C7,2200,1078508.9571463251,19706.14714632503,1058802.81,32350222.746732354,32277189.09878312,7834.774496509729,65198.87345272251,871.884817155623,8.986020105349876,74.77922790928145,83.76524801463133,0.0,1078704.78295037,19901.97295037,19712.0,5.852853674969083,0.9997030816926253,False,5.852853674969083,0.9997030816926253,False,True,False,0.0002969183073746491,0.9804920392040386,0.0,0,0
1499,screen,BIHMH gen 37 screen / swap_fix,24999794.4,205.60000000149012,3,C4;C5;C7,2202,1078508.9571463251,19706.14714632503,1058802.81,32351869.38754314,32272953.74556135,13717.84758787891,65197.79439391363,871.8848171556235,15.733554843437995,74.77799029304167,90.51154513647967,0.0,1078704.78295037,19901.97295037,19712.0,5.852853674969083,0.9997030816926253,False,5.852853674969083,0.9997030816926253,False,True,False,0.0002969183073746491,0.9881321250830724,0.0,0,0
1500,screen,BIHMH gen 37 screen / crossover_fix,24999794.4,205.60000000149012,3,C4;C5;C7,2198,1078508.9571463251,19706.14714632503,1058802.81,32352481.778875887,32280192.92533898,7089.446043030933,65199.40749387753,871.8848171556226,8.131172723203344,74.77984042270586,82.91101314590921,0.0,1078704.78295037,19901.97295037,19712.0,5.852853674969083,0.9997030816926253,False,5.852853674969083,0.9997030816926253,False,True,False,0.0002969183073746491,0.9787452378127446,0.0,0,0
1501,screen,BIHMH gen 36 screen / add_fix,24999794.4,205.60000000149012,3,C4;C5;C7,2187,1078508.9571463251,19706.14714632503,1058802.81,32352764.25638188,32279425.338218708,8126.167955539437,65212.75020763196,871.8848171556233,9.320231062228707,74.79514372136623,84.11537478359494,0.0,1078704.78295037,19901.97295037,19712.0,5.852853674969083,0.9997030816926253,False,5.852853674969083,0.9997030816926253,False,True,False,0.0002969183073746491,0.9810973212835835,0.0,0,0
1502,screen,BIHMH gen 44 screen / mip_intensify,24999794.4,205.60000000149012,3,C4;C5;C7,2354,1078508.9571463251,19706.14714632503,1058802.81,32352882.8357782,32279948.801015012,7726.981865731671,65207.052897457965,871.8848171556234,8.862388372514205,74.78860924563973,83.65099761815394,0.0,1078704.78295037,19901.97295037,19712.0,5.852853674969083,0.9997030816926253,False,5.852853674969083,0.9997030816926253,False,True,False,0.0002969183073746491,0.9801941826879241,0.0,0,0
1503,screen,BIHMH gen 35 screen / swap_fix,24999574.16,425.839999999851,3,C4;C5;C7,2200,1078508.9571463251,19706.14714632503,1058802.81,32353367.925099336,32280295.19986114,7899.537443633223,65173.187794564146,871.8848171556233,9.060299351701211,74.74976798790996,83.81006733961118,0.0,1078704.78295037,19901.97295037,19712.0,5.852853674969083,0.9997030816926253,False,5.852853674969083,0.9997030816926253,False,True,False,0.0002969183073746491,0.9806434933945994,0.0,0,0
1504,screen,BIHMH gen 42 screen / remove_fix,24999794.4,205.60000000149012,3,C4;C5;C7,2304,1078508.9571463251,19706.14714632503,1058802.81,32353977.28364348,32281312.464863464,7465.185171328934,65199.633608688775,871.8848171556234,8.562123143379004,74.78009976293835,83.34222290631735,0.0,1078704.78295037,19901.97295037,19712.0,5.852853674969083,0.9997030816926253,False,5.852853674969083,0.9997030816926253,False,True,False,0.0002969183073746491,0.9795930109585906,0.0,0,0
1505,screen,BIHMH gen 43 screen / mip_intensify,24999794.4,205.60000000149012,3,C4;C5;C7,2354,1078508.9571463251,19706.14714632503,1058802.81,32354557.63062336,32281745.77608771,7614.181231639074,65197.67330400952,871.8848171556231,8.733012757899667,74.77785141012768,83.51086416802735,0.0,1078704.78295037,19901.97295037,19712.0,5.852853674969083,0.9997030816926253,False,5.852853674969083,0.9997030816926253,False,True,False,0.0002969183073746491,0.9799457860275661,0.0,0,0
1506,screen,BIHMH gen 40 screen / mip_intensify,24999574.16,425.839999999851,3,C4;C5;C7,2300,1078508.9571463251,19706.14714632503,1058802.81,32355005.177578736,32282672.227700863,7172.527113533734,65160.42276433872,871.8848171556227,8.226461766971576,74.7351272578798,82.96158902485138,0.0,1078704.78295037,19901.97295037,19712.0,5.852853674969083,0.9997030816926253,False,5.852853674969083,0.9997030816926253,False,True,False,0.0002969183073746491,0.9789429197634989,0.0,0,0
1507,screen,BIHMH gen 33 screen / swap_fix,24999574.16,425.839999999851,3,C4;C5;C7,2203,1078508.9571463251,19706.14714632503,1058802.81,32355940.64984309,32276976.7126241,13770.252029448879,65193.685189541495,871.8848171556236,15.793659619365767,74.7732772801628,90.56693689952857,0.0,1078704.78295037,19901.97295037,19712.0,5.852853674969083,0.9997030816926253,False,5.852853674969083,0.9997030816926253,False,True,False,0.0002969183073746491,0.9881750950820168,0.0,0,0
1508,screen,BIHMH gen 33 screen / crossover_fix,24999794.4,205.60000000149012,3,C4;C5;C7,2197,1078508.9571463251,19706.14714632503,1058802.81,32356302.411983576,32277886.340181172,13207.732069971202,65208.33973243204,871.8848171556236,15.148482701028318,74.7900851687763,89.93856786980461,0.0,1078704.78295037,19901.97295037,19712.0,5.852853674969083,0.9997030816926253,False,5.852853674969083,0.9997030816926253,False,True,False,0.0002969183073746491,0.9877124765492935,0.0,0,0
1509,screen,BIHMH gen 40 screen / swap_fix,24999574.16,425.839999999851,3,C4;C5;C7,2303,1078508.9571463251,19706.14714632503,1058802.81,32357150.039444033,32285130.040614113,6833.4252009564825,65186.5736289615,871.8848171556232,7.8375320529716035,74.76512074338177,82.60265279635337,0.0,1078704.78295037,19901.97295037,19712.0,5.852853674969083,0.9997030816926253,False,5.852853674969083,0.9997030816926253,False,True,False,0.0002969183073746491,0.9780591791566101,0.0,0,0
1510,screen,BIHMH gen 36 screen / add_fix,24999574.16,425.839999999851,3,C4;C5;C7,2183,1078508.9571463251,19706.14714632503,1058802.81,32357464.227292698,32284286.444680657,7962.617250211675,65215.16536182897,871.8848171556232,9.132648136009946,74.79791375950602,83.93056189551596,0.0,1078704.78295037,19901.97295037,19712.0,5.852853674969083,0.9997030816926253,False,5.852853674969083,0.9997030816926253,False,True,False,0.0002969183073746491,0.9807537901761374,0.0,0,0
1511,screen,BIHMH gen 35 screen / crossover_fix,24999794.4,205.60000000149012,3,C4;C5;C7,2194,1078508.9571463251,19706.14714632503,1058802.81,32357955.31412728,32279248.198048845,13519.597325212506,65187.518753224744,871.8848171556234,15.506173589899069,74.76620474466797,90.27237833456704,0.0,1078704.78295037,19901.97295037,19712.0,5.852853674969083,0.9997030816926253,False,5.852853674969083,0.9997030816926253,False,True,False,0.0002969183073746491,0.9879776896163897,0.0,0,0
1512,screen,BIHMH gen 35 screen / swap_fix,24999794.4,205.60000000149012,3,C4;C5;C7,2204,1078508.9571463251,19706.14714632503,1058802.81,32358688.69700372,32284745.449121434,8765.112527355572,65178.13535492766,871.8848171556238,10.053062462941222,74.7554425452209,84.80850500816213,0.0,1078704.78295037,19901.97295037,19712.0,5.852853674969083,0.9997030816926253,False,5.852853674969083,0.9997030816926253,False,True,False,0.0002969183073746491,0.9822993309177234,0.0,0,0
1513,screen,BIHMH gen 41 screen / mip_intensify,24999794.4,205.60000000149012,3,C4;C5;C7,2308,1078508.9571463251,19706.14714632503,1058802.81,32359175.891485643,32286115.91427886,7853.447037211986,65206.530169567326,871.8848171556233,9.007436398345057,74.78800970785636,83.79544610620141,0.0,1078704.78295037,19901.97295037,19712.0,5.852853674969083,0.9997030816926253,False,5.852853674969083,0.9997030816926253,False,True,False,0.0002969183073746491,0.9804883068021069,0.0,0,0
1514,screen,BIHMH gen 34 screen / add_fix,24999794.4,205.60000000149012,3,C4;C5;C7,2185,1078508.9571463251,19706.14714632503,1058802.81,32359581.532254618,32285567.133907195,8799.808503627266,65214.58984379584,871.8848171556228,10.092856682990716,74.79725367457073,84.89011035756144,0.0,1078704.78295037,19901.97295037,19712.0,5.852853674969083,0.9997030816926253,False,5.852853674969083,0.9997030816926253,False,True,False,0.0002969183073746491,0.9823593826437692,0.0,0,0
1515,screen,BIHMH gen 34 screen / add_fix,24999794.4,205.60000000149012,3,C4;C5;C7,2186,1078508.9571463251,19706.14714632503,1058802.81,32361308.868233267,32287929.181164876,8163.485249029546,65216.20181935992,871.8848171556234,9.363031777134891,74.7991025146151,84.16213429175,0.0,1078704.78295037,19901.97295037,19712.0,5.852853674969083,0.9997030816926253,False,5.852853674969083,0.9997030816926253,False,True,False,0.0002969183073746491,0.9811586538597638,0.0,0,0
1516,screen,BIHMH gen 30 screen / swap_fix,24999574.16,425.839999999851,3,C4;C5;C7,2160,1078508.9571463251,19706.14714632503,1058802.81,32362530.082707245,32289394.502278544,7946.283151407551,65189.29727729346,871.8848171556232,9.11391389671282,74.76824460593605,83.88215850264886,0.0,1078704.78295037,19901.97295037,19712.0,5.852853674969083,0.9997030816926253,False,5.852853674969083,0.9997030816926253,False,True,False,0.0002969183073746491,0.9807458146304984,0.0,0,0
1517,screen,BIHMH gen 33 screen / swap_fix,24999353.92,646.0799999982119,3,C4;C5;C7,2188,1078508.9571463251,19706.14714632503,1058802.81,32363993.092037704,32290159.7734091,8616.169924163403,65217.148704441555,871.8848171556235,9.882234160553681,74.80018853545523,84.68242269600891,0.0,1078704.78295037,19901.97295037,19712.0,5.852853674969083,0.9997030816926253,False,5.852853674969083,0.9997030816926253,False,True,False,0.0002969183073746491,0.9820233836863186,0.0,0,0
1518,screen,BIHMH gen 30 screen / add_fix,24999794.4,205.60000000149012,3,C4;C5;C7,2168,1078508.9571463251,19706.14714632503,1058802.81,32365090.380439527,32290913.927314624,8976.360434120574,65200.09269078128,871.8848171556238,10.295351240780205,74.78062630277876,85.07597754355896,0.0,1078704.78295037,19901.97295037,19712.0,5.852853674969083,0.9997030816926253,False,5.852853674969083,0.9997030816926253,False,True,False,0.0002969183073746491,0.982680926364816,0.0,0,0
1519,screen,BIHMH gen 25 screen / add_fix,24999353.92,646.0799999982119,3,C4;C5;C7,2133,1078508.9571463251,19706.14714632503,1058802.81,32368883.735933788,32295178.607088033,8487.014302348965,65218.11454340567,871.884817155624,9.734100348296472,74.8012962952706,84.53539664356708,0.0,1078704.78295037,19901.97295037,19712.0,5.852853674969083,0.9997030816926253,False,5.852853674969083,0.9997030816926253,False,True,False,0.0002969183073746491,0.9818029890347755,0.0,0,0
1520,screen,BIHMH gen 27 screen / add_fix,24999794.4,205.60000000149012,3,C4;C5;C7,2142,1078508.9571463251,19706.14714632503,1058802.81,32369141.34704779,32295832.802604333,8111.6172814386,65196.927162022184,871.8848171556238,9.303542304935846,74.77699562967055,84.0805379346064,0.0,1078704.78295037,19901.97295037,19712.0,5.852853674969083,0.9997030816926253,False,5.852853674969083,0.9997030816926253,False,True,False,0.0002969183073746491,0.9810856794891076,0.0,0,0
1521,screen,BIHMH gen 29 screen / crossover_fix,24999794.4,205.60000000149012,3,C4;C5;C7,2154,1078508.9571463251,19706.14714632503,1058802.81,32369669.95307648,32296534.107032232,7920.249097445449,65215.596946806836,871.8848171556228,9.084054386087288,74.79840876179232,83.8824631478796,0.0,1078704.78295037,19901.97295037,19712.0,5.852853674969083,0.9997030816926253,False,5.852853674969083,0.9997030816926253,False,True,False,0.0002969183073746491,0.9806850460030179,0.0,0,0
1522,screen,BIHMH gen 27 screen / add_fix,24999794.4,205.60000000149012,3,C4;C5;C7,2142,1078508.9571463251,19706.14714632503,1058802.81,32372684.012092076,32298283.685206845,9177.733301425482,65222.59358380521,871.8848171556235,10.526313936015404,74.80643348806424,85.33274742407964,0.0,1078704.78295037,19901.97295037,19712.0,5.852853674969083,0.9997030816926253,False,5.852853674969083,0.9997030816926253,False,True,False,0.0002969183073746491,0.9830089677841725,0.0,0,0
1523,screen,BIHMH gen 31 screen / add_fix,24999794.4,205.60000000149012,3,C4;C5;C7,2153,1078508.9571463251,19706.14714632503,1058802.81,32373627.07159658,32300412.3921004,7998.791048380083,65215.888447800215,871.8848171556235,9.174137329830772,74.79874309608464,83.9728804259154,0.0,1078704.78295037,19901.97295037,19712.0,5.852853674969083,0.9997030816926253,False,5.852853674969083,0.9997030816926253,False,True,False,0.0002969183073746491,0.980850448232362,0.0,0,0
1524,screen,BIHMH gen 28 screen / add_fix,24999353.92,646.0799999982119,3,C4;C5;C7,2154,1078508.9571463251,19706.14714632503,1058802.81,32374411.511961825,32301098.818731986,8096.589417775937,65216.10381206323,871.8848171556233,9.28630623961281,74.79899010607815,84.08529634569096,0.0,1078704.78295037,19901.97295037,19712.0,5.852853674969083,0.9997030816926253,False,5.852853674969083,0.9997030816926253,False,True,False,0.0002969183073746491,0.9810509526829001,0.0,0,0
1525,screen,BIHMH gen 29 screen / add_fix,24999794.4,205.60000000149012,3,C4;C5;C7,2156,1078508.9571463251,19706.14714632503,1058802.81,32374849.36154957,32301454.666734666,8177.956348771819,65216.73846613282,871.8848171556233,9.379629267373891,74.79971801652813,84.17934728390202,0.0,1078704.78295037,19901.97295037,19712.0,5.852853674969083,0.9997030816926253,False,5.852853674969083,0.9997030816926253,False,True,False,0.0002969183073746491,0.9812135296693064,0.0,0,0
1526,screen,BIHMH gen 29 screen / swap_fix,24999794.4,205.60000000149012,3,C4;C5;C7,2158,1078508.9571463251,19706.14714632503,1058802.81,32375038.45819167,32302140.68694893,7688.783949220394,65208.98729352245,871.884817155624,8.818577635408017,74.79082788281104,83.60940551821906,0.0,1078704.78295037,19901.97295037,19712.0,5.852853674969083,0.9997030816926253,False,5.852853674969083,0.9997030816926253,False,True,False,0.0002969183073746491,0.980186417147797,0.0,0,0
1527,screen,BIHMH gen 27 screen / add_fix,24999353.92,646.0799999982119,3,C4;C5;C7,2139,1078508.9571463251,19706.14714632503,1058802.81,32375044.410822093,32300519.13604272,9302.565761778105,65222.70901759179,871.8848171556234,10.66948933934433,74.80656588374808,85.4760552230924,0.0,1078704.78295037,19901.97295037,19712.0,5.852853674969083,0.9997030816926253,False,5.852853674969083,0.9997030816926253,False,True,False,0.0002969183073746491,0.9832076184326588,0.0,0,0
1528,screen,BIHMH gen 29 screen / add_fix,24999574.16,425.839999999851,3,C4;C5;C7,2157,1078508.9571463251,19706.14714632503,1058802.81,32375702.633321937,32302356.171271566,8129.971200499316,65216.49084987138,871.8848171556235,9.324593157869144,74.79943401541172,84.12402717328087,0.0,1078704.78295037,19901.97295037,19712.0,5.852853674969083,0.9997030816926253,False,5.852853674969083,0.9997030816926253,False,True,False,0.0002969183073746491,0.9811177284047063,0.0,0,0
1529,screen,BIHMH gen 25 screen / swap_fix,24999353.92,646.0799999982119,3,C4;C5;C7,2135,1078508.9571463251,19706.14714632503,1058802.81,32376645.420490813,32302870.880002014,8549.993452851617,65224.54703594738,871.884817155624,9.806333686076238,74.80867398142266,84.6150076674989,0.0,1078704.78295037,19901.97295037,19712.0,5.852853674969083,0.9997030816926253,False,5.852853674969083,0.9997030816926253,False,True,False,0.0002969183073746491,0.9819184907836508,0.0,0,0
1530,screen,BIHMH gen 26 screen / add_fix,24999794.4,205.60000000149012,3,C4;C5;C7,2132,1078508.9571463251,19706.14714632503,1058802.81,32377059.813270867,32303057.91926774,8776.52933771214,65225.36466541599,871.8848171556242,10.066156865013514,74.80961175376656,84.87576861878007,0.0,1078704.78295037,19901.97295037,19712.0,5.852853674969083,0.9997030816926253,False,5.852853674969083,0.9997030816926253,False,True,False,0.0002969183073746491,0.9823290827865044,0.0,0,0
1531,screen,BIHMH gen 27 screen / add_fix,24999794.4,205.60000000149012,3,C4;C5;C7,2142,1078508.9571463251,19706.14714632503,1058802.81,32378114.38577832,32303898.837072056,8993.330113267702,65222.21859299527,871.8848171556241,10.314814452907797,74.80600339592064,85.12081784882844,0.0,1078704.78295037,19901.97295037,19712.0,5.852853674969083,0.9997030816926253,False,5.852853674969083,0.9997030816926253,False,True,False,0.0002969183073746491,0.9827026757063831,0.0,0,0
1532,screen,BIHMH gen 37 screen / crossover_fix,24999794.4,205.60000000149012,3,C4;C5;C7,2253,1078508.9571463251,19706.14714632503,1058802.81,32379073.4849701,32306391.008835837,7446.171124136594,65236.30501012417,872.4184888299981,8.535090921929758,74.77638982366443,83.3114807455942,0.0,1078704.78295037,19901.97295037,19712.0,5.852853674969083,0.9997030816926253,False,5.852853674969083,0.9997030816926253,False,True,False,0.0002969183073746491,0.9796239972454596,0.0,0,0
1533,screen,BIHMH gen 24 screen / add_fix,24999794.4,205.60000000149012,3,C4;C5;C7,2127,1078508.9571463251,19706.14714632503,1058802.81,32383467.121685576,32310821.91033482,7418.64058644225,65226.57076431158,871.8848171556224,8.508739274350846,74.81099507742583,83.31973435177667,0.0,1078704.78295037,19901.97295037,19712.0,5.852853674969083,0.9997030816926253,False,5.852853674969083,0.9997030816926253,False,True,False,0.0002969183073746491,0.9795566613654093,0.0,0,0
1534,screen,BIHMH gen 23 screen / add_fix,24999353.92,646.0799999982119,3,C4;C5;C7,2102,1078508.9571463251,19706.14714632503,1058802.81,32384795.476698995,32312356.13625688,7213.24200960385,65226.09843251096,871.8848171556232,8.273159329847987,74.81045334095859,83.08361267080657,0.0,1078704.78295037,19901.97295037,19712.0,5.852853674969083,0.9997030816926253,False,5.852853674969083,0.9997030816926253,False,True,False,0.0002969183073746491,0.9790312483999917,0.0,0,0
1535,screen,BIHMH gen 23 screen / add_fix,24999794.4,205.60000000149012,3,C4;C5;C7,2101,1078508.9571463251,19706.14714632503,1058802.81,32385683.588577047,32311350.008188955,9112.153046560868,65221.427341532595,871.8848171556226,10.451097286322446,74.80509587757993,85.25619316390238,0.0,1078704.78295037,19901.97295037,19712.0,5.852853674969083,0.9997030816926253,False,5.852853674969083,0.9997030816926253,False,True,False,0.0002969183073746491,0.9828828975379519,0.0,0,0
1536,screen,BIHMH gen 23 screen / add_fix,24999353.92,646.0799999982119,3,C4;C5;C7,2101,1078508.9571463251,19706.14714632503,1058802.81,32386300.51368868,32313830.777750075,7243.613113741587,65226.12282486374,871.8848171556239,8.307993178930039,74.8104813175356,83.11847449646564,0.0,1078704.78295037,19901.97295037,19712.0,5.852853674969083,0.9997030816926253,False,5.852853674969083,0.9997030816926253,False,True,False,0.0002969183073746491,0.9791068716566235,0.0,0,0
1537,screen,BIHMH gen 23 screen / swap_fix,24999794.4,205.60000000149012,3,C4;C5;C7,2101,1078508.9571463251,19706.14714632503,1058802.81,32387336.579478133,32313596.428328183,8515.408060330139,65224.7430896207,871.8848171556232,9.766666299007497,74.808898843319,84.5755651423265,0.0,1078704.78295037,19901.97295037,19712.0,5.852853674969083,0.9997030816926253,False,5.852853674969083,0.9997030816926253,False,True,False,0.0002969183073746491,0.9818373691568869,0.0,0,0
1538,screen,BIHMH gen 22 screen / swap_fix,24999794.4,205.60000000149012,3,C4;C5;C7,2084,1078508.9571463251,19706.14714632503,1058802.81,32391960.10670295,32318229.693524413,8511.681366864095,65218.731811670754,871.8848171556231,9.762392003374961,74.80200426523753,84.56439626861248,0.0,1078704.78295037,19901.97295037,19712.0,5.852853674969083,0.9997030816926253,False,5.852853674969083,0.9997030816926253,False,True,False,0.0002969183073746491,0.9818519170074539,0.0,0,0
1539,screen,BIHMH gen 22 screen / crossover_fix,24999353.92,646.0799999982119,3,C4;C5;C7,2081,1078508.9571463251,19706.14714632503,1058802.81,32392548.468271464,32318576.062260076,8749.888360008717,65222.5176513787,871.8848171556232,10.035601248974318,74.80634639808976,84.84194764706407,0.0,1078704.78295037,19901.97295037,19712.0,5.852853674969083,0.9997030816926253,False,5.852853674969083,0.9997030816926253,False,True,False,0.0002969183073746491,0.9822748895140968,0.0,0,0
1540,screen,BIHMH gen 19 screen / swap_fix,24999794.4,205.60000000149012,3,C4;C5;C7,2079,1078508.9571463251,19706.14714632503,1058802.81,32392751.584703267,32319537.820660047,7992.02382196461,65221.74022125428,871.8848171556227,9.166375723845313,74.80545473200144,83.97183045584674,0.0,1078704.78295037,19901.97295037,19712.0,5.852853674969083,0.9997030816926253,False,5.852853674969083,0.9997030816926253,False,True,False,0.0002969183073746491,0.9808258485418032,0.0,0,0
1541,screen,BIHMH gen 24 screen / add_fix,24999574.16,425.839999999851,3,C4;C5;C7,2102,1078508.9571463251,19706.14714632503,1058802.81,32393626.493731707,32316075.292997304,12317.630949516984,65233.56978488706,871.8848171556231,14.127589685184764,74.81902253751885,88.9466122227036,0.0,1078704.78295037,19901.97295037,19712.0,5.852853674969083,0.9997030816926253,False,5.852853674969083,0.9997030816926253,False,True,False,0.0002969183073746491,0.9869125645822433,0.0,0,0
1542,screen,BIHMH gen 20 screen / swap_fix,24999353.92,646.0799999982119,3,C4;C5;C7,2079,1078508.9571463251,19706.14714632503,1058802.81,32394371.008513346,32321583.788127568,7564.874161731293,65222.34622404629,871.8848171556227,8.676460482945924,74.80614978114104,83.48261026408697,0.0,1078704.78295037,19901.97295037,19712.0,5.852853674969083,0.9997030816926253,False,5.852853674969083,0.9997030816926253,False,True,False,0.0002969183073746491,0.9798938109622569,0.0,0,0
1543,screen,BIHMH gen 21 screen / add_fix,24999574.16,425.839999999851,3,C4;C5;C7,2085,1078508.9571463251,19706.14714632503,1058802.81,32397279.526445605,32323456.065639555,8606.963508849742,65216.497297202965,871.884817155623,9.871674950056486,74.79944141011742,84.67111636017391,0.0,1078704.78295037,19901.97295037,19712.0,5.852853674969083,0.9997030816926253,False,5.852853674969083,0.9997030816926253,False,True,False,0.0002969183073746491,0.9820279022577114,0.0,0,0
1544,screen,BIHMH gen 21 screen / add_fix,24999574.16,425.839999999851,3,C4;C5;C7,2074,1078508.9571463251,19706.14714632503,1058802.81,32397323.436982818,32323735.12196925,8370.236130608493,65218.07888295966,871.8848171556232,9.600162734700408,74.80125539486123,84.40141812956163,0.0,1078704.78295037,19901.97295037,19712.0,5.852853674969083,0.9997030816926253,False,5.852853674969083,0.9997030816926253,False,True,False,0.0002969183073746491,0.9815843702967372,0.0,0,0
1545,screen,BIHMH gen 22 screen / add_fix,24999794.4,205.60000000149012,3,C4;C5;C7,2086,1078508.9571463251,19706.14714632503,1058802.81,32398350.327156205,32324765.288746048,8365.75532102353,65219.28308913473,871.8848171556219,9.595023512756425,74.80263654768265,84.39766006043908,0.0,1078704.78295037,19901.97295037,19712.0,5.852853674969083,0.9997030816926253,False,5.852853674969083,0.9997030816926253,False,True,False,0.0002969183073746491,0.9815696903150154,0.0,0,0
1546,screen,BIHMH gen 6 screen / add_fix,24999574.16,425.839999999851,3,C4;C5;C7,1909,1078508.9571463251,19706.14714632503,1058802.81,32416119.71653975,32342562.13071752,8318.447286794997,65239.13853543513,871.8848171556236,9.540764012765495,74.82540956300484,84.36617357577033,0.0,1078704.78295037,19901.97295037,19712.0,5.852853674969083,0.9997030816926253,False,5.852853674969083,0.9997030816926253,False,True,False,0.0002969183073746491,0.9814436557664221,0.0,0,0
1547,screen,BIHMH gen 7 screen / add_fix,24999574.16,425.839999999851,3,C4;C5;C7,1908,1078508.9571463251,19706.14714632503,1058802.81,32418773.993311,32345195.13413401,8341.37793667532,65237.48124031268,871.884817155623,9.567064103590722,74.82350874412397,84.3905728477147,0.0,1078704.78295037,19901.97295037,19712.0,5.852853674969083,0.9997030816926253,False,5.852853674969083,0.9997030816926253,False,True,False,0.0002969183073746491,0.9814899609796223,0.0,0,0
1548,screen,BIHMH gen 8 screen / add_fix,24999794.4,205.60000000149012,3,C4;C5;C7,1977,1078508.9571463251,19706.14714632503,1058802.81,32419967.19428516,32346287.077387735,8460.663014612626,65219.45388281506,871.8848171556242,9.70387698941025,74.80283243786998,84.50670942728023,0.0,1078704.78295037,19901.97295037,19712.0,5.852853674969083,0.9997030816926253,False,5.852853674969083,0.9997030816926253,False,True,False,0.0002969183073746491,0.9817539733525587,0.0,0,0
1549,screen,BIHMH gen 8 screen / add_fix,24999353.92,646.0799999982119,3,C4;C5;C7,1980,1078508.9571463251,19706.14714632503,1058802.81,32420694.899068136,32347010.88967117,8465.225753007318,65218.783643961964,871.8848171556233,9.709110178823488,74.80206371379101,84.51117389261451,0.0,1078704.78295037,19901.97295037,19712.0,5.852853674969083,0.9997030816926253,False,5.852853674969083,0.9997030816926253,False,True,False,0.0002969183073746491,0.9817621444338,0.0,0,0
1550,screen,BIHMH gen 6 screen / add_fix,24999353.92,646.0799999982119,3,C4;C5;C7,1912,1078508.9571463251,19706.14714632503,1058802.81,32421700.72455931,32348233.846978866,8230.482106986236,65236.39547345805,871.8848171556228,9.439873186273383,74.82226343415496,84.26213662042835,0.0,1078704.78295037,19901.97295037,19712.0,5.852853674969083,0.9997030816926253,False,5.852853674969083,0.9997030816926253,False,True,False,0.0002969183073746491,0.9812728784375366,0.0,0,0
1551,screen,BIHMH gen 7 screen / add_fix,24999794.4,205.60000000149012,3,C4;C5;C7,1982,1078508.9571463251,19706.14714632503,1058802.81,32425542.223818287,32341455.507220864,18855.500060073326,65231.216537349675,871.884817155623,21.626136490811035,74.81632350263365,96.44245999344469,0.0,1078704.78295037,19901.97295037,19712.0,5.852853674969083,0.9997030816926253,False,5.852853674969083,0.9997030816926253,False,True,False,0.0002969183073746491,0.991147070648006,0.0,0,0
1552,screen,user-specified station warm start rank 8: repairs=C4+C5+C6+C7; oracle_EV=19712.551206; oracle_max_u=0.999999 / randomized corridor fill 2 / initial BIHMH population / initial least-used-station prune screen,24999806.880000003,193.1199999973178,3,C4;C5;C6,1516,1078508.9571463251,19706.14714632503,1058802.81,33263473.208702337,33184244.446147915,6.71748849281874,79222.0450659266,873.2398873983323,0.007692603819131921,90.72197251771794,90.72966512153708,0.0,1078704.78295037,19901.97295037,19712.0,5.852853674969083,0.9997030816926253,False,5.852853674969083,0.9997030816926253,False,True,False,0.0002969183073746491,0.7517714920160949,0.0,0,0
1553,screen,user-specified station warm start rank 7: repairs=C1+C4+C6+C7; oracle_EV=19712.551206; oracle_max_u=0.999999 / initial roads=corridor_ratio,24999827.68,172.32000000029802,4,C1;C4;C6;C7,1086,1078515.3612064177,19712.551206417524,1058802.81,82738417.26133892,33346310.73848434,49305448.433632106,86658.08922246365,879.9749121022892,56030.51604714475,98.47790889337357,56128.993956038124,49.304189086400385,1078704.78295037,19901.97295037,19712.0,0.0,1.0,True,0.0,1.0,True,False,False,2.0031707821750544,1.0006924303462006,0.0006934303462006186,1,1
1554,screen,user-specified station warm start rank 4: repairs=C1+C4+C5+C7; oracle_EV=19712.551206; oracle_max_u=0.999999 / initial roads=corridor_impact,24999922.24,77.76000000163913,4,C1;C4;C5;C7,712,1078515.3612064177,19712.551206417524,1058802.81,82443470.08518392,32676680.314469744,49697548.29288043,69241.47783374149,898.3432068010403,55321.338121820016,77.07686473225225,55398.41498655227,49.696231429671016,1078704.78295037,19901.97295037,19712.0,0.0,1.0,True,0.0,1.0,True,False,False,2.0111474884020444,1.0086494379059154,0.008650437905915465,1,1
1555,screen,BIHMH gen 5 screen / add_fix,24999794.4,205.60000000149012,3,C4;C5;C7,1926,1078515.3612064177,19712.551206417524,1058802.81,157070153.32077533,32364606.12418823,124640816.32905312,64730.867533967794,872.4184888299992,142868.1509217084,74.19703773217643,142942.34795944058,124.63995787117025,1078704.78295037,19901.97295037,19712.0,0.0,1.0,True,0.0,1.0,True,False,False,2.014500331940635,1.0082366383784442,0.008237638378444267,1,1
1556,screen,user-specified station warm start rank 3: repairs=C2+C4+C5+C7; oracle_EV=19712.551206; oracle_max_u=0.999999 / initial roads=corridor_impact,24999732.8,267.19999999925494,4,C2;C4;C5;C7,699,1078515.3612064177,19712.551206417524,1058802.81,63136804.90253478,32659993.175005995,30409155.61675011,67656.11077867947,890.2583352489562,34157.6758259122,75.99604305840033,34233.6718689706,30.407015971102336,1078704.78295037,19901.97295037,19712.0,0.0,1.0,True,0.0,1.0,True,False,False,2.015096038314133,1.0135671990367445,0.013568199036744555,1,1
1557,screen,user-specified station warm start rank 1: repairs=C4+C5+C7; oracle_EV=19712.551206; oracle_max_u=0.999999 / initial roads=corridor_impact,24999794.4,205.60000000149012,3,C4;C5;C7,717,1078508.9571463251,19706.14714632503,1058802.81,158902183.0861659,32649632.063339412,126186989.97933634,65561.04349015205,880.6200422531231,143293.34324083608,74.44872969551079,143367.7919705316,126.18370892718552,1078704.78295037,19901.97295037,19712.0,5.852853674969083,0.9997030816926253,False,5.852853674969083,0.9997030816926253,False,False,False,2.027362517773444,1.020724338164245,0.020725338164245044,1,1
1558,screen,BIHMH gen 40 screen / swap_fix,24999794.4,205.60000000149012,3,C4;C5;C7,2300,1078515.3612064177,19712.551206417524,1058802.81,113395020.41353796,32271051.049428537,81057909.31778233,66060.04632709619,880.5033603820818,92058.60302748693,75.02531994702483,92133.62834743396,81.0567577910503,1078704.78295037,19901.97295037,19712.0,0.0,1.0,True,0.0,1.0,True,False,False,2.028631218597396,1.0245574184788757,0.024558418478875743,1,1
1559,screen,BIHMH gen 3 screen / add_fix,24999574.16,425.839999999851,3,C4;C5;C7,1734,1078515.3612064177,19712.551206417524,1058802.81,113883865.88899572,32381497.0587433,81436977.03918883,65391.79106358739,872.4184888299973,93346.23014283452,74.95461398495176,93421.18475681948,81.43569732244072,1078704.78295037,19901.97295037,19712.0,0.0,1.0,True,0.0,1.0,True,False,False,2.033440054573961,1.0293472141556508,0.02934821415565081,1,1
1560,screen,BIHMH gen 24 screen / remove_fix,24999794.4,205.60000000149012,3,C4;C5;C7,2126,1078515.3612064177,19712.551206417524,1058802.81,161651259.73606426,32307069.21693086,129279075.55986707,65114.959266342696,872.4184888299983,148184.70403262938,74.63729861304115,148259.3413312424,129.27835467947864,1078704.78295037,19901.97295037,19712.0,0.0,1.0,True,0.0,1.0,True,False,False,2.052254279740972,1.045757524018569,0.04575852401856906,1,1
1561,screen,BIHMH gen 21 screen / swap_fix,24999353.92,646.0799999982119,3,C4;C5;C7,2082,1078515.3612064177,19712.551206417524,1058802.81,161735863.01563445,32318437.44530969,129352300.87484044,65124.69548431824,872.4184888299986,148268.63773636313,74.6484586447234,148343.28619500785,129.35157443294293,1078704.78295037,19901.97295037,19712.0,0.0,1.0,True,0.0,1.0,True,False,False,2.052850247456648,1.0463498127143984,0.04635081271439845,1,1
1562,screen,BIHMH gen 26 screen / swap_fix,24999574.16,425.839999999851,3,C4;C5;C7,2137,1078515.3612064177,19712.551206417524,1058802.81,161786320.09504876,32304103.62393994,129417093.86885822,65122.60225061081,872.4184888299978,148342.90598588728,74.64605929884276,148417.5520451861,129.41637082843633,1078704.78295037,19901.97295037,19712.0,0.0,1.0,True,0.0,1.0,True,False,False,2.053377653764087,1.04687396324435,0.04687496324435003,1,1
1563,screen,BIHMH gen 25 screen / swap_fix,24999574.16,425.839999999851,3,C4;C5;C7,2135,1078515.3612064177,19712.551206417524,1058802.81,161865776.53416547,32296221.950979915,129504435.41192053,65119.17126502337,872.4184888299986,148443.02025923255,74.64212656973233,148517.66238580228,129.5037129863211,1078704.78295037,19901.97295037,19712.0,0.0,1.0,True,0.0,1.0,True,False,False,2.0540885699288367,1.0475804907910413,0.04758149079104135,1,1
1564,screen,BIHMH gen 31 screen / add_fix,24999794.4,205.60000000149012,3,C4;C5;C7,2157,1078515.3612064177,19712.551206417524,1058802.81,161896780.0566723,32297643.396339167,129534021.85157679,65114.80875635617,872.41848883,148476.93338697442,74.63712609264117,148551.57051306707,129.53330297953556,1078704.78295037,19901.97295037,19712.0,0.0,1.0,True,0.0,1.0,True,False,False,2.0543294158731147,1.0478198499483915,0.04782084994839153,1,1
1565,screen,BIHMH gen 20 screen / add_fix,24999794.4,205.60000000149012,3,C4;C5;C7,2081,1078515.3612064177,19712.551206417524,1058802.81,161974294.1472635,32319000.470949143,129590176.74254096,65116.9337733997,872.4184888299985,148541.30030684528,74.63956186981788,148615.9398687151,129.5894573603635,1078704.78295037,19901.97295037,19712.0,0.0,1.0,True,0.0,1.0,True,False,False,2.0547864810294936,1.048274093556326,0.048275093556325976,1,1
1566,screen,BIHMH gen 24 screen / add_fix,24999794.4,205.60000000149012,3,C4;C5;C7,2126,1078515.3612064177,19712.551206417524,1058802.81,162023679.4743544,32301684.500569984,129656873.50387703,65121.46990737176,872.4184888299978,148617.7507285066,74.64476136298566,148692.39548986958,129.65615290614915,1078704.78295037,19901.97295037,19712.0,0.0,1.0,True,0.0,1.0,True,False,False,2.0553293453548562,1.0488136066789735,0.04881460667897353,1,1
1567,screen,BIHMH gen 22 screen / add_fix,24999794.4,205.60000000149012,3,C4;C5;C7,2083,1078515.3612064177,19712.551206417524,1058802.81,162055141.61069652,32321359.228866696,129668670.77252732,65111.60930251558,872.4184888299975,148631.273216626,74.63345875422345,148705.90667538022,129.667955925857,1078704.78295037,19901.97295037,19712.0,0.0,1.0,True,0.0,1.0,True,False,False,2.055425415313584,1.0489090835799304,0.04891008357993043,1,1
1568,screen,BIHMH gen 42 screen / add_fix,24999794.4,205.60000000149012,3,C4;C5;C7,2301,1078515.3612064177,19712.551206417524,1058802.81,163792192.01588476,32279541.234458342,131446942.87823217,65707.90319425432,880.5033603820821,149286.1342643742,74.62538605842606,149360.75965043265,131.44631110178065,1078704.78295037,19901.97295037,19712.0,0.0,1.0,True,0.0,1.0,True,False,False,2.069900228758182,1.063294541301839,0.06329554130183912,1,1
1569,screen,BIHMH gen 42 screen / add_fix,24999353.92,646.0799999982119,3,C4;C5;C7,2301,1078515.3612064177,19712.551206417524,1058802.81,164034596.18354788,32276014.97108544,131692904.16481845,65677.04764399823,880.5033603820827,149565.47594284258,74.59034297779232,149640.06628582036,131.6922857494597,1078704.78295037,19901.97295037,19712.0,0.0,1.0,True,0.0,1.0,True,False,False,2.0719023243943395,1.0652842776282794,0.0652852776282794,1,1
1570,screen,BIHMH gen 25 screen / mip_intensify,24999353.92,646.0799999982119,3,C4;C5;C7,2189,1078515.3612064177,19712.551206417524,1058802.81,164815036.62013575,32343188.36771496,132405422.21305725,66426.03936354537,881.5707037308331,150192.62964696265,75.34964476749104,150267.97929173015,132.40372867842592,1078704.78295037,19901.97295037,19712.0,0.0,1.0,True,0.0,1.0,True,False,False,2.077693070704573,1.071039276581668,0.07104027658166812,1,1
1571,screen,user-specified station warm start rank 3: repairs=C2+C4+C5+C7; oracle_EV=19712.551206; oracle_max_u=0.999999 / initial roads=corridor_ratio / initial BIHMH population / initial least-used-station prune screen,24999353.92,646.0799999982119,3,C4;C5;C7,1419,1078515.3612064177,19712.551206417524,1058802.81,164949471.02271685,32397851.033795897,132485925.36817294,65694.62074802213,880.5033603820816,150466.12123170387,74.61030099818689,150540.73153270205,132.48529884764258,1078704.78295037,19901.97295037,19712.0,0.0,1.0,True,0.0,1.0,True,False,False,2.0783570061197474,1.071699113399713,0.07170011339971294,1,1
1572,screen,BIHMH gen 9 screen / add_fix,24999353.92,646.0799999982119,3,C4;C5;C7,1947,1078515.3612064177,19712.551206417524,1058802.81,164909292.48512602,32338837.159337156,132504049.96658087,66405.35920798485,881.5707037308335,150304.50695085461,75.3261864612281,150379.83313731584,132.50245584991427,1078704.78295037,19901.97295037,19712.0,0.0,1.0,True,0.0,1.0,True,False,False,2.07849665449287,1.071837899697386,0.0718388996973861,1,1
1573,screen,user-specified station warm start rank 4: repairs=C1+C4+C5+C7; oracle_EV=19712.551206; oracle_max_u=0.999999 / initial roads=boundary_first,24999922.24,77.76000000163913,4,C1;C4;C5;C7,1017,1078515.3612064177,19712.551206417524,1058802.81,97395838.10472359,32929500.30775486,64397802.510410465,68535.28655825923,896.7421917779146,71813.06188207,76.42696773570853,71889.48884980571,64.39663258964036,1078704.78295037,19901.97295037,19712.0,0.0,1.0,True,0.0,1.0,True,False,False,2.3102498264141316,1.307013135523071,0.307014135523071,1,1
1574,screen,BIHMH gen 32 screen / mip_intensify,24999444.0,556.0,2,C4;C7,2352,1078194.6824484377,19391.87244843751,1058802.81,275800498.049577,32191738.3842954,243543904.39151907,64855.27376249916,777.9076501174986,313075.60011105833,83.37143072536068,313158.9715417837,243.27511368883847,1078704.78295037,19901.97295037,19712.0,320.12755156249113,0.9837597630092081,False,320.12755156249113,0.9837597630092081,False,False,False,4.1690867228470765,1.1025845220531862,0.1406228176654225,2,2
1575,screen,BIHMH gen 58 screen / mip_intensify,24999664.240000002,335.75999999791384,2,C4;C7,2504,1078194.6824484377,19391.87244843751,1058802.81,275829866.52513325,32162770.776447207,243602237.93472436,64857.813961675136,777.9076501174981,313150.5878595355,83.37469615047335,313233.96255568595,243.34297759421668,1078704.78295037,19901.97295037,19712.0,320.12755156249113,0.9837597630092081,False,320.12755156249113,0.9837597630092081,False,False,False,4.1695667482338195,1.1021226769974357,0.1410994331437332,2,2
1576,screen,BIHMH gen 45 screen / station_prune_fix,24999884.48,115.51999999955297,2,C4;C7,2445,1078194.6824484377,19391.87244843751,1058802.81,275897021.2617317,32145647.99941695,243686516.4028622,64856.85945255567,777.9076501174986,313258.9277995334,83.37346912934896,313342.30126866273,243.4351126397748,1078704.78295037,19901.97295037,19712.0,320.12755156249113,0.9837597630092081,False,320.12755156249113,0.9837597630092081,False,False,False,4.170343494472652,1.1022938764675838,0.14187154993975715,2,2
1577,screen,BIHMH gen 72 screen / mip_intensify,24999884.48,115.51999999955297,2,C4;C7,2513,1078194.6824484377,19391.87244843751,1058802.81,275961871.93838346,32134349.04505138,243762663.94117785,64858.952154232094,777.9076501174982,313356.81543221616,83.37615929658945,313440.19159151276,243.51022947764687,1078704.78295037,19901.97295037,19712.0,320.12755156249113,0.9837597630092081,False,320.12755156249113,0.9837597630092081,False,False,False,4.1709539512133444,1.1022877981495243,0.14247823233917867,2,2
1578,screen,BIHMH gen 50 screen / station_prune_fix,24999664.240000002,335.75999999791384,2,C4;C7,2475,1078194.6824484377,19391.87244843751,1058802.81,276738937.8361633,32135089.51733277,244538987.6296891,64860.68914141493,777.9076501174991,314354.7792501497,83.37839219297824,314438.1576423427,243.51213614791953,1078704.78295037,19901.97295037,19712.0,320.12755156249113,0.9837597630092081,False,320.12755156249113,0.9837597630092081,False,False,False,4.1709872461871385,1.1024012713375835,0.14251143150989432,2,2
1579,screen,BIHMH gen 61 screen / station_prune_fix,24999884.48,115.51999999955297,2,C4;C7,2524,1078194.6824484377,19391.87244843751,1058802.81,275990840.34997374,32143678.02623611,243782303.69156015,64858.632177487845,777.9076501174976,313382.062324157,83.37574796660168,313465.43807212356,243.53662934663132,1078704.78295037,19901.97295037,19712.0,320.12755156249113,0.9837597630092081,False,320.12755156249113,0.9837597630092081,False,False,False,4.171178393944675,1.1023488419781404,0.14270134857544026,2,2
1580,screen,BIHMH gen 40 screen / station_prune_fix,24999444.0,556.0,2,C4;C7,2439,1078194.6824484377,19391.87244843751,1058802.81,276310943.21999145,32151676.64891585,244094404.82869262,64861.74238295335,777.9076501174984,313783.2682219073,83.37974613459112,313866.6479680419,243.55640912725437,1078704.78295037,19901.97295037,19712.0,320.12755156249113,0.9837597630092081,False,320.12755156249113,0.9837597630092081,False,False,False,4.171300671205836,1.1021016751700186,0.1428226319763113,2,2
1581,screen,BIHMH gen 97 screen / mip_intensify,24999884.48,115.51999999955297,2,C4;C7,2523,1078194.6824484377,19391.87244843751,1058802.81,276051507.1572364,32139895.75633664,243846749.00680518,64862.39409459561,777.9076501174991,313464.9067533573,83.38058390966906,313548.287337267,243.61232481008625,1078704.78295037,19901.97295037,19712.0,320.12755156249113,0.9837597630092081,False,320.12755156249113,0.9837597630092081,False,False,False,4.171782125092451,1.1022697654504054,0.1433012763081658,2,2
1582,screen,BIHMH gen 80 screen / station_prune_fix,24999884.48,115.51999999955297,2,C4;C7,2515,1078194.6824484377,19391.87244843751,1058802.81,276048032.07978094,32130072.98658092,243853098.2254254,64860.867774651095,777.9076501174982,313473.0686715742,83.37862182593815,313556.4472934001,243.62798875584332,1078704.78295037,19901.97295037,19712.0,320.12755156249113,0.9837597630092081,False,320.12755156249113,0.9837597630092081,False,False,False,4.171934990667181,1.1024317162819113,0.1434533548279744,2,2
1583,screen,BIHMH gen 69 screen / mip_intensify,24999884.48,115.51999999955297,2,C4;C7,2520,1078194.6824484377,19391.87244843751,1058802.81,276120435.3604326,32158859.523776617,243896710.2368995,64865.59975651514,777.9076501174981,313529.13189638953,83.38470478689547,313612.5166011764,243.66702753054045,1078704.78295037,19901.97295037,19712.0,320.12755156249113,0.9837597630092081,False,320.12755156249113,0.9837597630092081,False,False,False,4.172279932513954,1.102605274266282,0.14379633512174883,2,2
1584,screen,BIHMH gen 14 screen / station_prune_fix,24999884.48,115.51999999955297,2,C4;C7,2189,1078194.6824484377,19391.87244843751,1058802.81,276338869.86773276,32212961.056466497,244061049.4757967,64859.33546954761,777.9076501174989,313740.38992794655,83.37665204828741,313823.7665799948,243.72063625776644,1078704.78295037,19901.97295037,19712.0,320.12755156249113,0.9837597630092081,False,320.12755156249113,0.9837597630092081,False,False,False,4.1727128949058905,1.1025836812918524,0.1442266038748512,2,2
1585,screen,BIHMH gen 14 screen / mip_intensify,24999884.48,115.51999999955297,2,C4;C7,2184,1078194.6824484377,19391.87244843751,1058802.81,276337485.98961526,32211491.389428344,244061134.98098582,64859.61920109152,777.9076501174989,313740.4998448359,83.37701678508344,313823.876861621,243.72537701353082,1078704.78295037,19901.97295037,19712.0,320.12755156249113,0.9837597630092081,False,320.12755156249113,0.9837597630092081,False,False,False,4.172742600691487,1.1025269866191776,0.14425607145513175,2,2
1586,screen,BIHMH gen 80 screen / mip_intensify,24999444.0,556.0,2,C4;C7,2521,1078194.6824484377,19391.87244843751,1058802.81,276450238.21572936,32150402.659225818,244234971.8086617,64863.74784184419,777.9076501174984,313963.96702329826,83.38232415126255,314047.34934744955,243.81240677748718,1078704.78295037,19901.97295037,19712.0,320.12755156249113,0.9837597630092081,False,320.12755156249113,0.9837597630092081,False,False,False,4.173435696524745,1.102429460466086,0.14494479436696195,2,2
1587,screen,BIHMH gen 78 screen / mip_intensify,24999664.240000002,335.75999999791384,2,C4;C7,2522,1078194.6824484377,19391.87244843751,1058802.81,276530361.77484065,32132685.73915106,244332810.18141645,64865.85427312664,777.9076501174986,314089.7382157269,83.3850319679065,314173.1232476948,243.9086146045663,1078704.78295037,19901.97295037,19712.0,320.12755156249113,0.9837597630092081,False,320.12755156249113,0.9837597630092081,False,False,False,4.174212426949238,1.1023889417804997,0.1457166907065479,2,2
1588,screen,BIHMH gen 10 screen / station_prune_fix,24999444.0,556.0,2,C4;C7,2172,1078194.6824484377,19391.87244843751,1058802.81,276821148.86873704,32235302.26931097,244520981.49917507,64865.10025100382,777.9076501174976,314331.6323759534,83.38406267274321,314415.01643862616,244.1667681039553,1078704.78295037,19901.97295037,19712.0,320.12755156249113,0.9837597630092081,False,320.12755156249113,0.9837597630092081,False,False,False,4.176341906258621,1.1025693080658192,0.14783319876428402,2,2
1589,screen,BIHMH gen 17 screen / station_prune_fix,24999884.48,115.51999999955297,2,C4;C7,2207,1078194.6824484377,19391.87244843751,1058802.81,277432875.97271967,32215920.711979344,245152080.2506213,64875.01011904957,777.9076501174982,315142.9095903512,83.39680180449517,315226.3063921557,244.774878722334,1078704.78295037,19901.97295037,19712.0,320.12755156249113,0.9837597630092081,False,320.12755156249113,0.9837597630092081,False,False,False,4.1812499535393925,1.1023035462505728,0.1527106907518756,2,2
1590,screen,flood baseline C3-C8-C9,0.0,25000000.0,0,,0,1078449.17339605,19646.363396050034,1058802.81,332851785.59291285,36442724.22395359,296375625.92800146,33435.44095781888,373.6006527045821,793295.2573355248,89.49513528890257,793384.7524708137,296.36964884119277,1078704.78295037,19901.97295037,19712.0,65.63660394996623,0.996670220984681,False,65.63660394996623,0.996670220984681,False,False,False,4.519113365887412,1.4314809323910958,0.5008921160827271,2,2
1591,screen,BIHMH gen 57 screen / station_prune_fix,24999815.92,184.07999999821186,2,C5;C7,2731,1078418.3427477926,19615.532747792542,1058802.81,509515735.60830384,32048765.98733695,477412306.7799518,54662.84101510873,736.2406623872897,648445.9921459967,74.245886987364,648520.238032984,477.4039790910724,1078704.78295037,19901.97295037,19712.0,96.46725220745793,0.9951061661826573,False,96.46725220745793,0.9951061661826573,False,False,False,8.430977784286608,1.1861237200442063,0.40209617899145234,4,4
1592,screen,BIHMH gen 47 screen / mip_intensify,24999815.92,184.07999999821186,2,C5;C7,2719,1078418.3427477926,19615.532747792542,1058802.81,509598884.5538441,32056057.895887908,477488162.16247016,54664.49548601438,736.2406623872898,648549.0228347286,74.24813417498915,648623.2709689036,477.47999466599254,1078704.78295037,19901.97295037,19712.0,96.46725220745793,0.9951061661826573,False,96.46725220745793,0.9951061661826573,False,False,False,8.432274544302377,1.1875790060253633,0.403389119507763,4,4
1593,screen,BIHMH gen 67 screen / mip_intensify,24999595.68,404.320000000298,2,C5;C7,2741,1078418.3427477926,19615.532747792542,1058802.81,509481486.3973396,32044923.920474365,477381896.40131944,54666.075545774824,736.2406623872902,648404.6872029443,74.25028029356305,648478.9374832378,477.3735029981565,1078704.78295037,19901.97295037,19712.0,96.46725220745793,0.9951061661826573,False,96.46725220745793,0.9951061661826573,False,False,False,8.432664305673288,1.1911609679640331,0.4037842316882705,4,4
1594,screen,BIHMH gen 86 screen / mip_intensify,24999815.92,184.07999999821186,2,C5;C7,2737,1078418.3427477926,19615.532747792542,1058802.81,509507781.2579935,32059230.21430447,477393884.78433144,54666.25935760226,736.2406623872898,648420.970442413,74.25052995625741,648495.2209723693,477.38551739119026,1078704.78295037,19901.97295037,19712.0,96.46725220745793,0.9951061661826573,False,96.46725220745793,0.9951061661826573,False,False,False,8.432694529320187,1.1909651817113696,0.4038138516566765,4,4
1595,screen,BIHMH gen 59 screen / mip_intensify,24999595.68,404.320000000298,2,C5;C7,2726,1078418.3427477926,19615.532747792542,1058802.81,509565655.86209834,32063916.85047823,477447072.95296097,54666.05865915268,736.2406623872902,648493.2133533884,74.25025735728283,648567.4636107456,477.4388193346393,1078704.78295037,19901.97295037,19712.0,96.46725220745793,0.9951061661826573,False,96.46725220745793,0.9951061661826573,False,False,False,8.432990495361816,1.1904000581693226,0.4041071394742122,4,4
1596,screen,BIHMH gen 77 screen / station_prune_fix,24999595.68,404.320000000298,2,C5;C7,2733,1078418.3427477926,19615.532747792542,1058802.81,509505392.1881646,32061331.757987663,477389393.07351214,54667.356664788356,736.2406623872919,648414.869569356,74.25202037541246,648489.1215897314,477.3810159511007,1078704.78295037,19901.97295037,19712.0,96.46725220745793,0.9951061661826573,False,96.46725220745793,0.9951061661826573,False,False,False,8.433452413256951,1.1929819331501568,0.40457196177403487,4,4
1597,screen,BIHMH gen 43 screen / mip_intensify,24999375.44,624.5599999986589,2,C5;C7,2684,1078418.3427477926,19615.532747792542,1058802.81,509558202.4727599,32046073.850687258,477457461.0758275,54667.54624513918,736.2406623872904,648507.323037079,74.25227787321259,648581.5753149522,477.4492293746413,1078704.78295037,19901.97295037,19712.0,96.46725220745793,0.9951061661826573,False,96.46725220745793,0.9951061661826573,False,False,False,8.433556498366649,1.1916368877737182,0.40467261941331634,4,4
1598,screen,BIHMH gen 75 screen / station_prune_fix,24999595.68,404.320000000298,2,C5;C7,2733,1078418.3427477926,19615.532747792542,1058802.81,509511928.4085979,32049721.263886344,477407538.7552017,54668.38950985182,736.2406623872894,648439.5159691247,74.2534232387918,648513.7693923635,477.39920082049645,1078704.78295037,19901.97295037,19712.0,96.46725220745793,0.9951061661826573,False,96.46725220745793,0.9951061661826573,False,False,False,8.434078997202235,1.194142541544383,0.40519763199737535,4,4
1599,screen,BIHMH gen 19 screen / station_prune_fix,24999815.92,184.07999999821186,2,C5;C7,2445,1078418.3427477926,19615.532747792542,1058802.81,509646993.9383392,32072486.07621216,477519840.54203093,54667.32009608925,736.2406623872907,648592.0500419701,74.25197070592137,648666.302012676,477.5117384159902,1078704.78295037,19901.97295037,19712.0,96.46725220745793,0.9951061661826573,False,96.46725220745793,0.9951061661826573,False,False,False,8.434194914982832,1.1916740666646382,0.40530789518303645,4,4
1600,screen,BIHMH gen 44 screen / station_prune_fix,24999815.92,184.07999999821186,2,C5;C7,2686,1078418.3427477926,19615.532747792542,1058802.81,509605987.53319097,32057146.91549687,477494172.25616515,54668.36152893913,736.2406623872906,648557.1860536345,74.25338523367444,648631.4394388682,477.48601722993135,1078704.78295037,19901.97295037,19712.0,96.46725220745793,0.9951061661826573,False,96.46725220745793,0.9951061661826573,False,False,False,8.434489923672245,1.193076376170903,0.40560419626623,4,4
1601,screen,BIHMH gen 16 screen / station_prune_fix,24999375.44,624.5599999986589,2,C5;C7,2446,1078418.3427477926,19615.532747792542,1058802.81,509634129.38032115,32064493.431337215,477514967.6381458,54668.310838124984,736.2406623872893,648585.4314128546,74.25331638279913,648659.6847292373,477.5068555138829,1078704.78295037,19901.97295037,19712.0,96.46725220745793,0.9951061661826573,False,96.46725220745793,0.9951061661826573,False,False,False,8.434742998218931,1.193187453523268,0.4058562237667762,4,4
1602,screen,BIHMH gen 88 screen / mip_intensify,24999595.68,404.320000000298,2,C5;C7,2738,1078418.3427477926,19615.532747792542,1058802.81,509518715.8299432,32059333.023294736,477404713.07524246,54669.731406013016,736.2406623872912,648435.6779850187,74.25524587129448,648509.93323089,477.3963690585042,1078704.78295037,19901.97295037,19712.0,96.46725220745793,0.9951061661826573,False,96.46725220745793,0.9951061661826573,False,False,False,8.43500207444688,1.1965367411760073,0.4061208515275123,4,4
1603,screen,BIHMH gen 93 screen / mip_intensify,24999815.92,184.07999999821186,2,C5;C7,2738,1078418.3427477926,19615.532747792542,1058802.81,509567866.48240155,32071698.147050716,477441498.40272325,54669.93262759371,736.2406623872911,648485.6417120446,74.25551918081267,648559.8972312254,477.4332329825128,1078704.78295037,19901.97295037,19712.0,96.46725220745793,0.9951061661826573,False,96.46725220745793,0.9951061661826573,False,False,False,8.435100463565345,1.1959192330214785,0.40621738837112353,4,4
1604,screen,BIHMH gen 14 screen / mip_intensify,24999375.44,624.5599999986589,2,C5;C7,2455,1078418.3427477926,19615.532747792542,1058802.81,509678336.4228271,32076827.69678763,477546838.33195543,54670.39408408519,736.2406623872894,648628.7198312179,74.25614595479456,648702.9759771727,477.5387912268993,1078704.78295037,19901.97295037,19712.0,96.46725220745793,0.9951061661826573,False,96.46725220745793,0.9951061661826573,False,False,False,8.436110350951662,1.1958888437696786,0.40722197184889763,4,4
1605,screen,BIHMH gen 20 screen / mip_intensify,24999815.92,184.07999999821186,2,C5;C7,2514,1078418.3427477926,19615.532747792542,1058802.81,509582628.39889896,32068544.94804887,477459411.5954999,54671.85535020916,736.24066238729,648509.9723333924,74.25813072173095,648584.2304641141,477.4511839986446,1078704.78295037,19901.97295037,19712.0,96.46725220745793,0.9951061661826573,False,96.46725220745793,0.9951061661826573,False,False,False,8.436382190827864,1.198731956566439,0.40749821366195604,4,4
