soc_fraction,origin,destination,demand,retained_paths,distinct_charging_stations,refinement_round,selection_reason
0.1,1004,1002,0.975112655,5,0,0,path_count_below_K
0.1,1004,902,1.376936185,5,0,0,path_count_below_K;high_demand
0.1,1004,987,0.844016565,5,0,0,path_count_below_K
0.1,1022,1013,1.3955909475,5,0,0,path_count_below_K;high_demand
0.1,1022,1029,1.2879702975,5,0,0,path_count_below_K;high_demand
0.1,1022,1059,1.9356608425,5,0,0,path_count_below_K;high_demand
0.1,1022,1071,2.1502898725,5,0,40,path_count_below_K;high_demand;dynamic_enrichment
0.1,1022,1564,1.7624994775,5,0,0,path_count_below_K;high_demand
0.1,1022,1569,1.62402705,5,0,0,path_count_below_K;high_demand
0.1,1022,926,0.9764340675,5,0,0,path_count_below_K
0.1,1031,428,0.0143088275,5,1,140,path_count_below_K;low_station_diversity;dynamic_enrichment
0.1,1031,439,0.0066184125,5,1,340,path_count_below_K;low_station_diversity;dynamic_enrichment
0.1,1031,450,0.0112567,5,1,340,path_count_below_K;low_station_diversity;dynamic_enrichment
0.1,1031,461,0.0036796825,5,1,340,path_count_below_K;low_station_diversity;dynamic_enrichment
0.1,1031,484,0.007085135,5,1,100,path_count_below_K;low_station_diversity;dynamic_enrichment
0.1,1031,550,0.0268345925,5,1,420,path_count_below_K;low_station_diversity;dynamic_enrichment
0.1,1031,643,0.0179785,5,1,40,path_count_below_K;low_station_diversity;dynamic_enrichment
0.1,1031,656,0.03035864,5,1,40,path_count_below_K;low_station_diversity;dynamic_enrichment
0.1,1031,667,0.0377318375,5,1,40,path_count_below_K;low_station_diversity;dynamic_enrichment
0.1,1031,681,0.00853367,5,1,60,path_count_below_K;low_station_diversity;dynamic_enrichment
0.1,1031,844,0.8207927575,5,0,0,path_count_below_K
0.1,1031,971,0.8790513675,5,0,0,path_count_below_K
0.1,1059,1022,1.0781158625,5,0,0,path_count_below_K
0.1,1059,1071,2.256484925,5,0,0,path_count_below_K;high_demand
0.1,1059,1074,1.94509911,5,0,340,path_count_below_K;high_demand;dynamic_enrichment
0.1,1071,1013,1.161896295,5,0,0,path_count_below_K
0.1,1071,1029,1.6470875575,5,0,0,path_count_below_K;high_demand
0.1,1071,1059,2.785935815,5,0,0,path_count_below_K;high_demand
0.1,1071,1073,3.342972075,5,0,360,path_count_below_K;high_demand;dynamic_enrichment
0.1,1071,1328,2.012463055,5,0,0,path_count_below_K;high_demand
0.1,1071,1338,3.0454614775,5,0,0,path_count_below_K;high_demand
0.1,1071,1564,3.647193135,5,0,0,path_count_below_K;high_demand
0.1,1071,1569,2.4775589775,5,0,0,path_count_below_K;high_demand
0.1,1071,1571,1.7225693125,5,0,0,path_count_below_K;high_demand
0.1,1071,1577,1.78807081,5,0,0,path_count_below_K;high_demand
0.1,1071,1582,0.747173815,5,0,300,path_count_below_K;dynamic_enrichment
0.1,1071,1585,1.773357335,5,0,0,path_count_below_K;high_demand
0.1,1071,1632,1.327636265,5,0,0,path_count_below_K;high_overlap;high_demand
0.1,1071,1633,2.4016242875,5,0,0,path_count_below_K;high_demand
0.1,1071,944,0.9229242375,5,0,0,path_count_below_K
0.1,1134,1142,1.4706574025,5,0,0,path_count_below_K;high_demand
0.1,1134,1151,1.75542839,5,0,0,path_count_below_K;high_demand
0.1,1134,528,1.4152926625,5,0,0,path_count_below_K;high_demand
0.1,1142,1134,0.8285993225,5,0,0,path_count_below_K
0.1,1142,528,1.3549478225,5,0,0,path_count_below_K;high_demand
0.1,1151,1142,1.6314446575,5,0,0,path_count_below_K;high_demand
0.1,1151,528,2.018167845,5,0,0,path_count_below_K;high_demand
0.1,1151,550,0.85094428,5,0,180,path_count_below_K;dynamic_enrichment
0.1,1151,560,0.911038665,5,0,0,path_count_below_K
0.1,1189,1134,0.961057935,3,0,0,path_count_below_K
0.1,1189,1142,0.7345950625,5,0,380,path_count_below_K;dynamic_enrichment
0.1,1189,450,0.014024615,5,1,340,path_count_below_K;low_station_diversity;dynamic_enrichment
0.1,1189,461,0.0027288575,5,1,340,path_count_below_K;low_station_diversity;dynamic_enrichment
0.1,1189,484,0.039538965,5,1,100,path_count_below_K;low_station_diversity;dynamic_enrichment
0.1,1189,623,0.0092770925,5,1,120,path_count_below_K;low_station_diversity;dynamic_enrichment
0.1,1189,681,0.0104008875,5,1,60,path_count_below_K;low_station_diversity;dynamic_enrichment
0.1,1189,912,0.017655925,5,1,120,path_count_below_K;low_station_diversity;dynamic_enrichment
0.1,1190,1224,1.8969102925,5,0,0,path_count_below_K;high_demand
0.1,1190,1252,1.31721389,5,0,0,path_count_below_K;high_demand
0.1,1190,1521,0.0743502075,5,1,0,path_count_below_K;high_overlap;low_station_diversity
0.1,1190,1528,0.0229695425,5,1,0,path_count_below_K;low_station_diversity
0.1,1190,419,0.069153145,5,1,0,path_count_below_K;low_station_diversity
0.1,1190,439,0.044603985,5,1,0,path_count_below_K;low_station_diversity
0.1,1190,447,0.0353147525,5,1,0,path_count_below_K;low_station_diversity
0.1,1190,450,0.03700513,5,1,0,path_count_below_K;low_station_diversity
0.1,1190,460,0.03748063,5,1,0,path_count_below_K;high_overlap;low_station_diversity
0.1,1190,461,0.00549416,5,1,0,path_count_below_K;high_overlap;low_station_diversity
0.1,1190,474,0.01085182,5,1,400,path_count_below_K;low_station_diversity;dynamic_enrichment
0.1,1190,484,0.01714168,5,1,0,path_count_below_K;low_station_diversity
0.1,1190,560,1.1012835775,5,0,0,path_count_below_K
0.1,1190,670,0.021885745,5,1,400,path_count_below_K;low_station_diversity;dynamic_enrichment
0.1,1190,681,0.02499093,5,1,0,path_count_below_K;low_station_diversity
0.1,1190,693,0.043071435,5,1,0,path_count_below_K;low_station_diversity
0.1,1190,707,0.060555015,5,1,0,path_count_below_K;high_overlap;low_station_diversity
0.1,1190,717,1.956157955,5,0,0,path_count_below_K;high_demand
0.1,1190,726,2.3707883625,5,0,0,path_count_below_K;high_demand
0.1,1190,754,1.338421255,5,0,0,path_count_below_K;high_demand
0.1,1190,777,1.4287498325,5,0,0,path_count_below_K;high_demand
0.1,1190,912,0.04111396,5,1,120,path_count_below_K;high_overlap;low_station_diversity;dynamic_enrichment
0.1,1224,1190,1.34746937,5,0,0,path_count_below_K;high_demand
0.1,1224,1225,1.999273995,5,0,0,path_count_below_K;high_demand
0.1,1224,1252,2.7619070375,5,0,0,path_count_below_K;high_demand
0.1,1224,1431,1.369259715,5,0,0,path_count_below_K;high_demand
0.1,1224,1528,0.0152263075,5,1,0,path_count_below_K;low_station_diversity
0.1,1224,239,0.001279835,5,1,40,path_count_below_K;low_station_diversity;dynamic_enrichment
0.1,1224,250,0.0046090225,5,1,360,path_count_below_K;low_station_diversity;dynamic_enrichment
0.1,1224,258,0.024671925,5,1,200,path_count_below_K;low_station_diversity;dynamic_enrichment
0.1,1224,419,0.07023078,5,1,140,path_count_below_K;low_station_diversity;dynamic_enrichment
0.1,1224,447,0.03965902,5,1,200,path_count_below_K;high_overlap;low_station_diversity;dynamic_enrichment
0.1,1224,450,0.0270189625,5,1,0,path_count_below_K;high_overlap;low_station_diversity
0.1,1224,460,0.016245185,5,1,0,path_count_below_K;high_overlap;low_station_diversity
0.1,1224,461,0.00971208,5,1,0,path_count_below_K;high_overlap;low_station_diversity
0.1,1224,468,0.003679725,5,1,40,path_count_below_K;high_overlap;low_station_diversity;dynamic_enrichment
0.1,1224,474,0.00697559,5,1,400,path_count_below_K;low_station_diversity;dynamic_enrichment
0.1,1224,484,0.0121206075,5,1,0,path_count_below_K;high_overlap;low_station_diversity
0.1,1224,613,0.0148836025,5,1,0,path_count_below_K;high_overlap;low_station_diversity
0.1,1224,623,0.0192836775,5,1,0,path_count_below_K;high_overlap;low_station_diversity
0.1,1224,630,0.02000831,5,1,0,path_count_below_K;high_overlap;low_station_diversity
0.1,1224,642,0.04432782,5,1,0,path_count_below_K;high_overlap;low_station_diversity
0.1,1224,643,0.0268207425,5,1,0,path_count_below_K;high_overlap;low_station_diversity
0.1,1224,654,0.02887838,5,1,0,path_count_below_K;high_overlap;low_station_diversity
0.1,1224,656,0.05198862,5,1,0,path_count_below_K;high_overlap;low_station_diversity
0.1,1224,667,0.040854285,5,1,0,path_count_below_K;high_overlap;low_station_diversity
0.1,1224,670,0.011543895,5,1,320,path_count_below_K;high_overlap;low_station_diversity;dynamic_enrichment
0.1,1224,681,0.0186608525,5,1,0,path_count_below_K;high_overlap;low_station_diversity
0.1,1224,693,0.040720465,5,1,0,path_count_below_K;high_overlap;low_station_diversity
0.1,1224,726,1.288000025,5,0,0,path_count_below_K;high_demand
0.1,1224,777,1.32162115,5,0,0,path_count_below_K;high_demand
0.1,1224,912,0.0274361175,5,1,120,path_count_below_K;high_overlap;low_station_diversity;dynamic_enrichment
0.1,1225,1142,0.736808815,5,0,380,path_count_below_K;dynamic_enrichment
0.1,1225,1190,1.9680844175,5,0,0,path_count_below_K;high_demand
0.1,1225,1224,3.6015237475,5,0,0,path_count_below_K;high_demand
0.1,1225,1252,1.6731321575,5,0,0,path_count_below_K;high_overlap;high_demand
0.1,1225,1431,4.3154959175,5,0,0,path_count_below_K;high_demand
0.1,1225,450,0.1336495825,5,1,0,path_count_below_K;low_station_diversity
0.1,1225,681,0.0102263325,5,1,0,path_count_below_K;low_station_diversity
0.1,1225,707,0.009212785,5,1,0,path_count_below_K;low_station_diversity
0.1,1225,777,1.0935994925,5,0,0,path_count_below_K
0.1,1225,912,0.0239796275,5,1,120,path_count_below_K;low_station_diversity;dynamic_enrichment
0.1,1250,1252,0.86650236,5,0,0,path_count_below_K
0.1,1252,1190,0.78313673,5,0,240,path_count_below_K;dynamic_enrichment
0.1,1252,1224,2.0885145125,5,0,0,path_count_below_K;high_demand
0.1,1252,1225,0.8906958275,5,0,200,path_count_below_K;dynamic_enrichment
0.1,1252,1250,1.22284817,5,0,0,path_count_below_K
0.1,1252,1255,1.59516226,5,0,0,path_count_below_K;high_demand
0.1,1252,1301,0.2514191525,5,1,80,path_count_below_K;low_station_diversity;dynamic_enrichment
0.1,1252,1305,0.1930102625,5,1,80,path_count_below_K;low_station_diversity;dynamic_enrichment
0.1,1252,1361,0.24870377,5,1,80,path_count_below_K;low_station_diversity;dynamic_enrichment
0.1,1252,1431,2.07326633,5,0,0,path_count_below_K;high_demand
0.1,1252,1432,1.9483329525,5,0,0,path_count_below_K;high_demand
0.1,1252,1435,1.657617995,5,0,0,path_count_below_K;high_demand
0.1,1252,1521,0.0718549925,5,1,80,path_count_below_K;high_overlap;low_station_diversity;dynamic_enrichment
0.1,1252,1528,0.0264870575,5,1,80,path_count_below_K;low_station_diversity;dynamic_enrichment
0.1,1252,1629,0.23949575,5,1,80,path_count_below_K;low_station_diversity;dynamic_enrichment
0.1,1252,1662,0.0074063375,5,1,80,path_count_below_K;low_station_diversity;dynamic_enrichment
0.1,1252,1672,0.0036675425,5,1,80,path_count_below_K;low_station_diversity;dynamic_enrichment
0.1,1252,1684,0.012505135,5,1,80,path_count_below_K;low_station_diversity;dynamic_enrichment
0.1,1252,1686,0.0161717625,5,1,80,path_count_below_K;low_station_diversity;dynamic_enrichment
0.1,1252,172,0.049764415,5,1,80,path_count_below_K;low_station_diversity;dynamic_enrichment
0.1,1252,222,0.0062187925,5,1,80,path_count_below_K;high_overlap;low_station_diversity;dynamic_enrichment
0.1,1252,233,0.00935367,5,1,80,path_count_below_K;high_overlap;low_station_diversity;dynamic_enrichment
0.1,1252,239,0.000667905,5,1,20,path_count_below_K;low_station_diversity;dynamic_enrichment
0.1,1252,250,0.003006625,5,1,80,path_count_below_K;high_overlap;low_station_diversity;dynamic_enrichment
0.1,1252,321,0.1609564225,5,1,80,path_count_below_K;low_station_diversity;dynamic_enrichment
0.1,1252,331,0.2711481975,5,1,80,path_count_below_K;low_station_diversity;dynamic_enrichment
0.1,1252,334,0.159393855,5,1,80,path_count_below_K;low_station_diversity;dynamic_enrichment
0.1,1252,336,0.226193005,5,1,80,path_count_below_K;low_station_diversity;dynamic_enrichment
0.1,1252,342,0.1676238675,5,1,80,path_count_below_K;low_station_diversity;dynamic_enrichment
0.1,1252,345,0.1771405075,5,1,80,path_count_below_K;low_station_diversity;dynamic_enrichment
0.1,1252,439,0.0079040675,5,1,80,path_count_below_K;low_station_diversity;dynamic_enrichment
0.1,1252,447,0.02184658,5,1,80,path_count_below_K;low_station_diversity;dynamic_enrichment
0.1,1252,450,0.04898007,5,1,80,path_count_below_K;low_station_diversity;dynamic_enrichment
0.1,1252,451,0.00972586,5,1,80,path_count_below_K;low_station_diversity;dynamic_enrichment
0.1,1252,46,0.0801472325,5,1,80,path_count_below_K;low_station_diversity;dynamic_enrichment
0.1,1252,460,0.0226075675,5,1,80,path_count_below_K;high_overlap;low_station_diversity;dynamic_enrichment
0.1,1252,461,0.0084473675,5,1,80,path_count_below_K;high_overlap;low_station_diversity;dynamic_enrichment
0.1,1252,468,0.002304395,5,1,80,path_count_below_K;high_overlap;low_station_diversity;dynamic_enrichment
0.1,1252,474,0.003640335,5,1,80,path_count_below_K;high_overlap;low_station_diversity;dynamic_enrichment
0.1,1252,484,0.0069578875,5,1,20,path_count_below_K;low_station_diversity;dynamic_enrichment
0.1,1252,487,0.0507319975,5,1,80,path_count_below_K;low_station_diversity;dynamic_enrichment
0.1,1252,49,0.13556475,5,1,80,path_count_below_K;low_station_diversity;dynamic_enrichment
0.1,1252,504,0.0089282675,5,1,120,path_count_below_K;low_station_diversity;dynamic_enrichment
0.1,1252,592,0.1465182275,5,1,80,path_count_below_K;low_station_diversity;dynamic_enrichment
0.1,1252,598,0.0942099275,5,1,80,path_count_below_K;low_station_diversity;dynamic_enrichment
0.1,1252,601,0.0584786425,5,1,80,path_count_below_K;low_station_diversity;dynamic_enrichment
0.1,1252,613,0.01577822,5,1,80,path_count_below_K;low_station_diversity;dynamic_enrichment
0.1,1252,623,0.02468545,5,1,80,path_count_below_K;low_station_diversity;dynamic_enrichment
0.1,1252,630,0.0183305725,5,1,80,path_count_below_K;low_station_diversity;dynamic_enrichment
0.1,1252,642,0.03343807,5,1,80,path_count_below_K;low_station_diversity;dynamic_enrichment
0.1,1252,643,0.0189017675,5,1,80,path_count_below_K;low_station_diversity;dynamic_enrichment
0.1,1252,654,0.020480685,5,1,120,path_count_below_K;low_station_diversity;dynamic_enrichment
0.1,1252,656,0.024940465,5,1,100,path_count_below_K;low_station_diversity;dynamic_enrichment
0.1,1252,667,0.0476939025,5,1,80,path_count_below_K;low_station_diversity;dynamic_enrichment
0.1,1252,670,0.02279497,5,1,120,path_count_below_K;low_station_diversity;dynamic_enrichment
0.1,1252,681,0.026631805,5,1,80,path_count_below_K;low_station_diversity;dynamic_enrichment
0.1,1252,707,0.014323755,5,1,80,path_count_below_K;high_overlap;low_station_diversity;dynamic_enrichment
0.1,1252,784,1.0711584,5,0,0,path_count_below_K
0.1,1252,797,0.9696535025,5,0,0,path_count_below_K
0.1,1252,889,0.1814127975,5,1,80,path_count_below_K;low_station_diversity;dynamic_enrichment
0.1,1252,912,0.026872285,5,1,80,path_count_below_K;low_station_diversity;dynamic_enrichment
0.1,1255,1431,0.7584337325,5,0,260,path_count_below_K;dynamic_enrichment
0.1,1260,1271,1.4792234625,5,0,0,path_count_below_K;high_demand
0.1,1260,1431,1.1756512575,5,0,0,path_count_below_K
0.1,1260,1457,0.8423659575,5,0,220,path_count_below_K;dynamic_enrichment
0.1,128,134,1.5315004675,5,0,0,path_count_below_K;high_demand
0.1,1289,1271,0.8871793025,5,0,200,path_count_below_K;dynamic_enrichment
0.1,130,134,0.8217352575,5,0,0,path_count_below_K
0.1,130,342,1.197940565,5,0,0,path_count_below_K
0.1,1305,1361,1.1312723025,5,0,220,path_count_below_K;dynamic_enrichment
0.1,131,134,0.747782345,5,0,300,path_count_below_K;dynamic_enrichment
0.1,1311,1328,1.30219404,5,0,0,path_count_below_K;high_demand
0.1,1311,1782,0.87622543,5,0,260,path_count_below_K;dynamic_enrichment
0.1,1321,1338,1.7043178675,5,0,0,path_count_below_K;high_demand
0.1,1328,1338,1.04625546,5,0,0,path_count_below_K
0.1,1328,1347,0.7493842825,5,0,300,path_count_below_K;dynamic_enrichment
0.1,1338,1328,0.7253535125,5,0,420,path_count_below_K;dynamic_enrichment
0.1,134,128,1.0250699775,5,0,200,path_count_below_K;dynamic_enrichment
0.1,134,377,1.4161046025,5,0,0,path_count_below_K;high_demand
0.1,1347,1328,0.7752045475,5,0,240,path_count_below_K;dynamic_enrichment
0.1,1361,1782,1.84185458,5,0,360,path_count_below_K;high_demand;dynamic_enrichment
0.1,1364,1782,0.7447859375,5,0,300,path_count_below_K;dynamic_enrichment
0.1,1430,1431,0.77210701,5,0,260,path_count_below_K;dynamic_enrichment
0.1,1431,1255,1.3049047,5,0,0,path_count_below_K;high_demand
0.1,1431,1271,1.1593266875,5,0,120,path_count_below_K;dynamic_enrichment
0.1,1431,1430,3.4879156175,5,0,0,path_count_below_K;high_demand
0.1,1431,1432,0.7994097175,5,0,200,path_count_below_K;dynamic_enrichment
0.1,1431,1435,1.800386345,2,0,0,path_count_below_K;high_demand
0.1,1431,1457,2.3758414125,5,0,0,path_count_below_K;high_demand
0.1,1432,1252,0.941923695,5,0,0,path_count_below_K
0.1,1432,1431,1.2287675975,5,0,0,path_count_below_K
0.1,1432,1435,1.0606275425,3,0,0,path_count_below_K
0.1,1433,1431,0.9643555725,4,0,0,path_count_below_K
0.1,1433,1432,0.7465882975,5,0,300,path_count_below_K;dynamic_enrichment
0.1,1433,1435,0.8266255525,5,0,0,path_count_below_K
0.1,1435,1431,1.2816758175,2,0,0,path_count_below_K
0.1,144,389,0.8935146,5,0,260,path_count_below_K;dynamic_enrichment
0.1,1500,128,0.0033792775,5,1,400,path_count_below_K;low_station_diversity;dynamic_enrichment
0.1,1500,145,0.003288255,5,1,320,path_count_below_K;high_overlap;low_station_diversity;dynamic_enrichment
0.1,1500,160,0.0040919775,5,1,100,path_count_below_K;low_station_diversity;dynamic_enrichment
0.1,1500,168,0.017033105,5,1,100,path_count_below_K;high_overlap;low_station_diversity;dynamic_enrichment
0.1,1500,39,0.0005239525,5,1,0,path_count_below_K;low_station_diversity
0.1,1500,46,0.0007933525,5,1,0,path_count_below_K;low_station_diversity
0.1,1500,52,0.0019030825,5,1,0,path_count_below_K;low_station_diversity
0.1,1500,71,0.000271015,5,1,400,path_count_below_K;low_station_diversity;dynamic_enrichment
0.1,1500,77,3.0175e-05,5,1,400,path_count_below_K;low_station_diversity;dynamic_enrichment
0.1,1500,82,4.9175e-05,5,1,400,path_count_below_K;low_station_diversity;dynamic_enrichment
0.1,1500,83,9.95e-06,5,1,400,path_count_below_K;low_station_diversity;dynamic_enrichment
0.1,1500,85,0.0006903225,5,1,0,path_count_below_K;low_station_diversity
0.1,1500,94,0.0007274,5,1,400,path_count_below_K;low_station_diversity;dynamic_enrichment
0.1,1513,104,0.0002525675,5,1,160,path_count_below_K;low_station_diversity;dynamic_enrichment
0.1,1513,128,0.0014566,5,1,40,path_count_below_K;low_station_diversity;dynamic_enrichment
0.1,1513,145,0.00186207,5,1,40,path_count_below_K;low_station_diversity;dynamic_enrichment
0.1,1513,156,0.0034172375,5,1,140,path_count_below_K;low_station_diversity;dynamic_enrichment
0.1,1513,160,0.0024048275,5,1,40,path_count_below_K;low_station_diversity;dynamic_enrichment
0.1,1513,163,0.004058245,5,1,60,path_count_below_K;low_station_diversity;dynamic_enrichment
0.1,1513,1657,0.00198795,5,1,40,path_count_below_K;low_station_diversity;dynamic_enrichment
0.1,1513,1659,0.002471835,5,1,20,path_count_below_K;low_station_diversity;dynamic_enrichment
0.1,1513,1661,0.00607945,5,1,40,path_count_below_K;low_station_diversity;dynamic_enrichment
0.1,1513,1665,0.0036524025,5,1,60,path_count_below_K;low_station_diversity;dynamic_enrichment
0.1,1513,1672,0.0045815075,5,1,60,path_count_below_K;low_station_diversity;dynamic_enrichment
0.1,1513,1679,0.0060118725,5,1,160,path_count_below_K;low_station_diversity;dynamic_enrichment
0.1,1513,168,0.00728125,5,1,40,path_count_below_K;low_station_diversity;dynamic_enrichment
0.1,1513,324,0.0002783475,5,1,160,path_count_below_K;low_station_diversity;dynamic_enrichment
0.1,1513,331,0.0002522275,5,1,160,path_count_below_K;low_station_diversity;dynamic_enrichment
0.1,1513,334,0.0002937625,5,1,160,path_count_below_K;low_station_diversity;dynamic_enrichment
0.1,1513,336,0.0004341525,5,1,160,path_count_below_K;low_station_diversity;dynamic_enrichment
0.1,1513,342,0.0005557375,5,1,40,path_count_below_K;low_station_diversity;dynamic_enrichment
0.1,1513,345,0.00075556,5,1,40,path_count_below_K;low_station_diversity;dynamic_enrichment
0.1,1513,363,0.0003287525,5,1,160,path_count_below_K;low_station_diversity;dynamic_enrichment
0.1,1513,365,0.000422195,5,1,160,path_count_below_K;low_station_diversity;dynamic_enrichment
0.1,1513,39,0.000320305,5,1,320,path_count_below_K;low_station_diversity;dynamic_enrichment
0.1,1513,4,0.01085671,5,1,40,path_count_below_K;low_station_diversity;dynamic_enrichment
0.1,1513,46,0.000337215,5,1,320,path_count_below_K;low_station_diversity;dynamic_enrichment
0.1,1513,49,0.0007397325,5,1,140,path_count_below_K;low_station_diversity;dynamic_enrichment
0.1,1513,52,0.00081992,5,1,40,path_count_below_K;low_station_diversity;dynamic_enrichment
0.1,1513,85,0.0003886125,5,1,160,path_count_below_K;low_station_diversity;dynamic_enrichment
0.1,1513,94,0.0004224425,5,1,160,path_count_below_K;low_station_diversity;dynamic_enrichment
0.1,1528,1551,0.7746788625,5,0,260,path_count_below_K;dynamic_enrichment
0.1,1564,1074,0.8046521325,5,0,180,path_count_below_K;dynamic_enrichment
0.1,1569,1577,0.94937994,5,0,0,path_count_below_K
0.1,160,168,0.70719234,5,0,420,path_count_below_K;dynamic_enrichment
0.1,160,407,0.9785561925,5,0,0,path_count_below_K
0.1,1632,1585,0.90843398,5,0,0,path_count_below_K
0.1,168,4,0.724272905,5,0,420,path_count_below_K;dynamic_enrichment
0.1,1720,1723,0.75034837,5,0,420,path_count_below_K;dynamic_enrichment
0.1,1721,1723,1.4158934375,5,0,0,path_count_below_K;high_demand
0.1,189,191,0.75683127,5,0,260,path_count_below_K;dynamic_enrichment
0.1,252,258,0.8833910775,5,0,240,path_count_below_K;dynamic_enrichment
0.1,271,288,1.0000250825,5,0,280,path_count_below_K;dynamic_enrichment
0.1,278,279,0.848790915,5,0,0,path_count_below_K
0.1,278,550,1.046657255,5,0,0,path_count_below_K
0.1,288,312,0.8001263775,5,0,420,path_count_below_K;dynamic_enrichment
0.1,288,33,0.7508743325,5,0,380,path_count_below_K;dynamic_enrichment
0.1,288,34,0.8919518725,5,0,360,path_count_below_K;dynamic_enrichment
0.1,297,299,0.944278265,5,0,0,path_count_below_K
0.1,297,324,1.1750189525,5,0,220,path_count_below_K;dynamic_enrichment
0.1,297,33,0.773445845,5,0,260,path_count_below_K;dynamic_enrichment
0.1,297,41,0.8430854425,5,0,220,path_count_below_K;dynamic_enrichment
0.1,310,299,1.1973269875,5,0,280,path_count_below_K;dynamic_enrichment
0.1,310,312,1.84389456,5,0,360,path_count_below_K;high_demand;dynamic_enrichment
0.1,310,317,1.492142015,5,0,0,path_count_below_K;high_demand
0.1,310,324,2.1022286975,5,0,0,path_count_below_K;high_demand
0.1,310,336,1.70655425,5,0,0,path_count_below_K;high_demand
0.1,310,39,1.0308809125,5,0,120,path_count_below_K;dynamic_enrichment
0.1,310,41,1.495792905,5,0,0,path_count_below_K;high_overlap;high_demand
0.1,310,46,0.837833515,5,0,240,path_count_below_K;dynamic_enrichment
0.1,315,321,0.77099782,5,0,260,path_count_below_K;dynamic_enrichment
0.1,317,324,0.9459193925,5,0,180,path_count_below_K;dynamic_enrichment
0.1,321,324,1.05802233,5,0,0,path_count_below_K
0.1,324,312,0.751595225,5,0,280,path_count_below_K;dynamic_enrichment
0.1,324,317,0.918930535,5,0,0,path_count_below_K
0.1,324,321,0.7873530375,5,0,220,path_count_below_K;dynamic_enrichment
0.1,324,336,1.7027427725,5,0,180,path_count_below_K;dynamic_enrichment
0.1,324,342,1.0978911375,5,0,120,path_count_below_K;dynamic_enrichment
0.1,324,41,1.3502323075,5,0,0,path_count_below_K;high_demand
0.1,331,334,0.8435580275,5,0,0,path_count_below_K
0.1,331,336,0.7173927725,5,0,420,path_count_below_K;dynamic_enrichment
0.1,334,336,1.0910599025,5,0,120,path_count_below_K;dynamic_enrichment
0.1,334,342,0.8886604575,5,0,0,path_count_below_K
0.1,336,324,1.32326125,5,0,0,path_count_below_K;high_demand
0.1,336,334,1.3584444025,5,0,0,path_count_below_K;high_demand
0.1,336,342,1.806687015,5,0,0,path_count_below_K;high_demand
0.1,336,52,0.9929360975,5,0,360,path_count_below_K;dynamic_enrichment
0.1,342,334,0.8611075325,5,0,0,path_count_below_K
0.1,342,336,1.4448193625,5,0,0,path_count_below_K;high_demand
0.1,342,49,1.0625097625,5,0,120,path_count_below_K;dynamic_enrichment
0.1,361,363,1.1441375075,5,0,0,path_count_below_K
0.1,361,375,2.0338693275,5,0,0,path_count_below_K;high_demand
0.1,361,377,1.5348940025,5,0,0,path_count_below_K;high_demand
0.1,361,379,1.688774495,5,0,0,path_count_below_K;high_demand
0.1,41,317,0.815243805,5,0,0,path_count_below_K
0.1,41,324,1.56475915,5,0,0,path_count_below_K;high_demand
0.1,41,39,1.436061015,5,0,0,path_count_below_K;high_demand
0.1,46,39,0.8941573275,5,0,280,path_count_below_K;dynamic_enrichment
0.1,46,41,1.6430196275,5,0,0,path_count_below_K;high_demand
0.1,46,49,1.7456947475,5,0,0,path_count_below_K;high_demand
0.1,46,52,1.6169454825,5,0,0,path_count_below_K;high_demand
0.1,49,46,0.88758397,5,0,180,path_count_below_K;dynamic_enrichment
0.1,49,52,1.122389345,5,0,240,path_count_below_K;dynamic_enrichment
0.1,503,1709,1.4642952125,5,0,0,path_count_below_K;high_demand
0.1,503,258,1.75191284,5,0,0,path_count_below_K;high_demand
0.1,503,519,0.77559637,5,0,220,path_count_below_K;dynamic_enrichment
0.1,516,160,0.004946505,5,1,420,path_count_below_K;low_station_diversity;dynamic_enrichment
0.1,516,4,0.022520765,5,1,180,path_count_below_K;low_station_diversity;dynamic_enrichment
0.1,52,104,1.89268139,5,0,0,path_count_below_K;high_overlap;high_demand
0.1,52,130,1.6837725325,5,0,0,path_count_below_K;high_demand
0.1,52,134,1.6785846225,5,0,0,path_count_below_K;high_demand
0.1,52,336,2.066009665,5,0,200,path_count_below_K;high_demand;dynamic_enrichment
0.1,52,342,2.520712795,5,0,0,path_count_below_K;high_demand
0.1,52,345,1.3343297775,5,0,0,path_count_below_K;high_demand
0.1,52,46,2.237328765,5,0,0,path_count_below_K;high_demand
0.1,52,49,3.0649544525,5,0,0,path_count_below_K;high_demand
0.1,528,1134,1.7251425575,5,0,0,path_count_below_K;high_demand
0.1,528,1142,3.2939786475,5,0,0,path_count_below_K;high_overlap;high_demand
0.1,528,1151,2.8084736475,5,0,0,path_count_below_K;high_demand
0.1,528,1190,2.3298701075,5,0,200,path_count_below_K;high_demand;dynamic_enrichment
0.1,528,321,1.43674781,5,0,0,path_count_below_K;high_overlap;high_demand
0.1,528,352,0.88381111,5,0,380,path_count_below_K;dynamic_enrichment
0.1,528,375,0.7531680975,5,0,280,path_count_below_K;dynamic_enrichment
0.1,528,377,0.7205025125,5,0,420,path_count_below_K;dynamic_enrichment
0.1,528,52,0.9811273475,5,0,0,path_count_below_K
0.1,528,539,1.3323985675,5,0,0,path_count_below_K;high_demand
0.1,528,550,2.9422736475,5,0,0,path_count_below_K;high_demand
0.1,528,560,2.6226961625,5,0,260,path_count_below_K;high_demand;dynamic_enrichment
0.1,528,570,1.4570721725,5,0,0,path_count_below_K;high_demand
0.1,528,717,2.7414577475,5,0,0,path_count_below_K;high_demand
0.1,528,726,2.01963872,5,0,0,path_count_below_K;high_demand
0.1,531,1142,0.7739189875,5,0,280,path_count_below_K;dynamic_enrichment
0.1,539,528,1.4863749925,5,0,300,path_count_below_K;dynamic_enrichment
0.1,539,550,1.481537005,5,0,0,path_count_below_K;high_demand
0.1,539,560,1.39404085,5,0,0,path_count_below_K;high_demand
0.1,539,726,0.758720035,5,0,260,path_count_below_K;dynamic_enrichment
0.1,560,578,0.9934054025,5,0,0,path_count_below_K
0.1,560,584,1.85489091,5,0,300,path_count_below_K;high_demand;dynamic_enrichment
0.1,560,726,0.760578605,5,0,300,path_count_below_K;dynamic_enrichment
0.1,560,754,1.6901995625,5,0,0,path_count_below_K;high_demand
0.1,578,560,1.91124302,5,0,0,path_count_below_K;high_demand
0.1,578,584,2.869912425,5,0,0,path_count_below_K;high_demand
0.1,578,770,0.95736071,5,0,0,path_count_below_K
0.1,580,584,1.20079606,5,0,120,path_count_below_K;dynamic_enrichment
0.1,59,104,1.73957909,5,0,0,path_count_below_K;high_demand
0.1,622,610,0.8689351975,5,0,0,path_count_below_K
0.1,667,398,0.750708045,5,0,300,path_count_below_K;dynamic_enrichment
0.1,707,1521,0.864799735,5,0,0,path_count_below_K
0.1,707,1542,0.743282595,5,0,380,path_count_below_K;dynamic_enrichment
0.1,707,706,2.1533770225,5,0,0,path_count_below_K;high_demand
0.1,717,1190,0.805793165,5,0,180,path_count_below_K;dynamic_enrichment
0.1,726,1190,1.8089429425,5,0,0,path_count_below_K;high_demand
0.1,726,1224,1.21329518,5,0,0,path_count_below_K
0.1,726,560,1.286077355,5,0,0,path_count_below_K
0.1,726,751,0.977928685,5,0,0,path_count_below_K
0.1,726,754,1.7046849875,5,0,0,path_count_below_K;high_demand
0.1,726,777,1.6116245725,5,0,0,path_count_below_K;high_demand
0.1,726,784,1.4902747425,5,0,0,path_count_below_K;high_demand
0.1,751,726,1.14609824,5,0,0,path_count_below_K
0.1,751,754,1.591986945,5,0,0,path_count_below_K;high_demand
0.1,751,770,0.8311939025,5,0,180,path_count_below_K;dynamic_enrichment
0.1,754,726,0.7547872425,5,0,280,path_count_below_K;dynamic_enrichment
0.1,770,578,0.8990299025,5,0,0,path_count_below_K
0.1,770,584,1.605665385,5,0,0,path_count_below_K;high_demand
0.1,777,1190,0.8609202,5,0,0,path_count_below_K
0.1,777,1224,1.0793611225,5,0,0,path_count_below_K
0.1,777,726,1.36146414,5,0,0,path_count_below_K;high_demand
0.1,784,1252,1.4140075975,5,0,0,path_count_below_K;high_demand
0.1,784,1255,0.72880236,5,0,420,path_count_below_K;dynamic_enrichment
0.1,784,726,1.359982825,5,0,0,path_count_below_K;high_demand
0.1,784,777,1.333082345,5,0,0,path_count_below_K;high_demand
0.1,793,797,0.7309676,5,0,400,path_count_below_K;dynamic_enrichment
0.1,797,1521,0.0047111525,5,1,0,path_count_below_K;high_overlap;low_station_diversity
0.1,797,1528,0.013644845,5,1,0,path_count_below_K;low_station_diversity
0.1,797,1551,0.00745388,5,1,360,path_count_below_K;low_station_diversity;dynamic_enrichment
0.1,797,1559,0.0023708225,5,1,160,path_count_below_K;low_station_diversity;dynamic_enrichment
0.1,797,1698,0.00716757,5,1,360,path_count_below_K;low_station_diversity;dynamic_enrichment
0.1,797,172,0.0367002575,5,1,100,path_count_below_K;low_station_diversity;dynamic_enrichment
0.1,797,239,0.0004817,5,1,140,path_count_below_K;high_overlap;low_station_diversity;dynamic_enrichment
0.1,797,250,0.00198255,5,1,140,path_count_below_K;low_station_diversity;dynamic_enrichment
0.1,797,258,0.04032756,5,1,200,path_count_below_K;low_station_diversity;dynamic_enrichment
0.1,797,398,0.0169202375,5,1,0,path_count_below_K;low_station_diversity
0.1,797,409,0.011883965,5,1,0,path_count_below_K;low_station_diversity
0.1,797,410,0.00974746,5,1,0,path_count_below_K;low_station_diversity
0.1,797,419,0.0142831275,5,1,0,path_count_below_K;low_station_diversity
0.1,797,424,0.00140748,5,1,0,path_count_below_K;low_station_diversity
0.1,797,428,0.004690855,5,1,0,path_count_below_K;high_overlap;low_station_diversity
0.1,797,429,0.0308243325,5,1,0,path_count_below_K;high_overlap;low_station_diversity
0.1,797,432,0.0070850775,5,1,140,path_count_below_K;low_station_diversity;dynamic_enrichment
0.1,797,437,0.0075247825,5,1,140,path_count_below_K;low_station_diversity;dynamic_enrichment
0.1,797,439,0.00670648,5,1,0,path_count_below_K;low_station_diversity
0.1,797,447,0.0069500225,5,1,0,path_count_below_K;low_station_diversity
0.1,797,450,0.0084107175,5,1,0,path_count_below_K;low_station_diversity
0.1,797,451,0.004858465,5,1,0,path_count_below_K;high_overlap;low_station_diversity
0.1,797,460,0.0045215125,5,1,0,path_count_below_K;low_station_diversity
0.1,797,461,0.0045644225,5,1,0,path_count_below_K;low_station_diversity
0.1,797,468,0.0015828175,5,1,0,path_count_below_K;high_overlap;low_station_diversity
0.1,797,470,0.007420535,5,1,360,path_count_below_K;low_station_diversity;dynamic_enrichment
0.1,797,474,0.0030005175,5,1,0,path_count_below_K;low_station_diversity
0.1,797,484,0.0039102175,5,1,0,path_count_below_K;low_station_diversity
0.1,797,487,0.018136825,5,1,360,path_count_below_K;high_overlap;low_station_diversity;dynamic_enrichment
0.1,797,492,0.0045462025,5,1,160,path_count_below_K;low_station_diversity;dynamic_enrichment
0.1,797,642,0.013607195,5,1,0,path_count_below_K;high_overlap;low_station_diversity
0.1,797,643,0.01508661,5,1,0,path_count_below_K;low_station_diversity
0.1,797,654,0.0071664825,5,1,0,path_count_below_K;low_station_diversity
0.1,797,656,0.0190291,5,1,0,path_count_below_K;low_station_diversity
0.1,797,658,0.0042595975,5,1,0,path_count_below_K;low_station_diversity
0.1,797,667,0.02143331,5,1,0,path_count_below_K;low_station_diversity
0.1,797,670,0.0041603275,5,1,0,path_count_below_K;low_station_diversity
0.1,797,681,0.0068801825,5,1,0,path_count_below_K;low_station_diversity
0.1,797,684,0.00215395,5,1,0,path_count_below_K;low_station_diversity
0.1,797,692,0.0052208875,5,1,0,path_count_below_K;high_overlap;low_station_diversity
0.1,797,693,0.0080653775,5,1,0,path_count_below_K;high_overlap;low_station_diversity
0.1,797,699,0.00325721,5,1,0,path_count_below_K;low_station_diversity
0.1,797,706,0.02069805,5,1,0,path_count_below_K;low_station_diversity
0.1,797,707,0.00678859,5,1,0,path_count_below_K;high_overlap;low_station_diversity
0.1,797,711,0.005621955,5,1,0,path_count_below_K;low_station_diversity
0.1,807,1521,0.0533092225,5,1,0,path_count_below_K;high_overlap;low_station_diversity
0.1,807,1528,0.020516715,5,1,260,path_count_below_K;low_station_diversity;dynamic_enrichment
0.1,807,250,0.0083175475,5,1,360,path_count_below_K;low_station_diversity;dynamic_enrichment
0.1,807,409,0.0277304,5,1,400,path_count_below_K;low_station_diversity;dynamic_enrichment
0.1,807,410,0.02978826,5,1,400,path_count_below_K;low_station_diversity;dynamic_enrichment
0.1,807,419,0.0358053975,5,1,140,path_count_below_K;low_station_diversity;dynamic_enrichment
0.1,807,424,0.0047589175,5,1,140,path_count_below_K;low_station_diversity;dynamic_enrichment
0.1,807,428,0.0214320575,5,1,140,path_count_below_K;low_station_diversity;dynamic_enrichment
0.1,807,429,0.06041819,5,1,280,path_count_below_K;low_station_diversity;dynamic_enrichment
0.1,807,432,0.015609215,5,1,140,path_count_below_K;low_station_diversity;dynamic_enrichment
0.1,807,439,0.0142771275,5,1,0,path_count_below_K;high_overlap;low_station_diversity
0.1,807,447,0.0339292825,5,1,100,path_count_below_K;low_station_diversity;dynamic_enrichment
0.1,807,450,0.02997398,5,1,0,path_count_below_K;high_overlap;low_station_diversity
0.1,807,451,0.0322868275,5,1,100,path_count_below_K;low_station_diversity;dynamic_enrichment
0.1,807,460,0.02023409,5,1,0,path_count_below_K;high_overlap;low_station_diversity
0.1,807,461,0.008828235,5,1,0,path_count_below_K;high_overlap;low_station_diversity
0.1,807,474,0.0100706475,5,1,160,path_count_below_K;low_station_diversity;dynamic_enrichment
0.1,807,484,0.01469874,5,1,0,path_count_below_K;high_overlap;low_station_diversity
0.1,807,487,0.0456545125,5,1,400,path_count_below_K;low_station_diversity;dynamic_enrichment
0.1,807,654,0.0248011975,5,1,60,path_count_below_K;low_station_diversity;dynamic_enrichment
0.1,807,656,0.041024335,5,1,0,path_count_below_K;low_station_diversity
0.1,807,667,0.0627315175,5,1,0,path_count_below_K;high_overlap;low_station_diversity
0.1,807,670,0.0172965025,5,1,40,path_count_below_K;low_station_diversity;dynamic_enrichment
0.1,807,681,0.0195732025,5,1,0,path_count_below_K;high_overlap;low_station_diversity
0.1,807,684,0.0079947675,5,1,0,path_count_below_K;high_overlap;low_station_diversity
0.1,807,692,0.0200756025,5,1,400,path_count_below_K;high_overlap;low_station_diversity;dynamic_enrichment
0.1,807,693,0.029968245,5,1,0,path_count_below_K;high_overlap;low_station_diversity
0.1,807,699,0.01020337,5,1,400,path_count_below_K;low_station_diversity;dynamic_enrichment
0.1,807,706,0.0420044725,5,1,400,path_count_below_K;low_station_diversity;dynamic_enrichment
0.1,807,707,0.0299171275,5,1,20,path_count_below_K;low_station_diversity;dynamic_enrichment
0.1,807,711,0.0194080975,5,1,400,path_count_below_K;low_station_diversity;dynamic_enrichment
0.1,807,820,1.55008668,5,0,0,path_count_below_K;high_demand
0.1,807,971,1.02005716,5,0,220,path_count_below_K;dynamic_enrichment
0.1,811,560,1.42103316,5,0,0,path_count_below_K;high_demand
0.1,811,578,0.7156556175,5,0,420,path_count_below_K;dynamic_enrichment
0.1,811,584,1.5746374725,5,0,0,path_count_below_K;high_demand
0.1,811,751,1.4404120525,5,0,0,path_count_below_K;high_demand
0.1,811,754,1.8427704475,5,0,0,path_count_below_K;high_demand
0.1,811,770,1.4048035225,5,0,0,path_count_below_K;high_overlap;high_demand
0.1,811,784,2.1287450375,5,0,0,path_count_below_K;high_demand
0.1,811,797,1.8384260925,5,0,0,path_count_below_K;high_demand
0.1,811,820,2.4495230925,5,0,0,path_count_below_K;high_demand
0.1,811,844,1.78751074,5,0,420,path_count_below_K;high_demand;dynamic_enrichment
0.1,811,889,0.81475653,5,0,180,path_count_below_K;dynamic_enrichment
0.1,811,982,0.7524674025,5,0,400,path_count_below_K;dynamic_enrichment
0.1,82,128,0.7457367075,5,0,380,path_count_below_K;dynamic_enrichment
0.1,820,807,0.73092444,5,0,400,path_count_below_K;dynamic_enrichment
0.1,820,844,1.23193769,5,0,180,path_count_below_K;dynamic_enrichment
0.1,834,1521,0.0014524275,5,1,0,path_count_below_K;high_overlap;low_station_diversity
0.1,834,1528,0.00117786,5,1,0,path_count_below_K;low_station_diversity
0.1,834,1551,0.0016085975,5,1,360,path_count_below_K;low_station_diversity;dynamic_enrichment
0.1,834,172,0.0099002075,5,1,100,path_count_below_K;low_station_diversity;dynamic_enrichment
0.1,834,250,0.00053481,5,1,360,path_count_below_K;low_station_diversity;dynamic_enrichment
0.1,834,258,0.00305367,5,1,200,path_count_below_K;low_station_diversity;dynamic_enrichment
0.1,834,398,0.0093125575,5,1,0,path_count_below_K;low_station_diversity
0.1,834,409,0.00870146,5,1,0,path_count_below_K;low_station_diversity
0.1,834,410,0.00415178,5,1,0,path_count_below_K;low_station_diversity
0.1,834,419,0.004364455,5,1,0,path_count_below_K;low_station_diversity
0.1,834,424,0.000674985,5,1,0,path_count_below_K;low_station_diversity
0.1,834,428,0.0089802425,5,1,0,path_count_below_K;high_overlap;low_station_diversity
0.1,834,429,0.0179606725,5,1,0,path_count_below_K;high_overlap;low_station_diversity
0.1,834,432,0.00235232,5,1,140,path_count_below_K;low_station_diversity;dynamic_enrichment
0.1,834,437,0.0038460775,5,1,140,path_count_below_K;low_station_diversity;dynamic_enrichment
0.1,834,439,0.0084770675,5,1,0,path_count_below_K;low_station_diversity
0.1,834,447,0.0177256425,5,1,0,path_count_below_K;low_station_diversity
0.1,834,450,0.0029701475,5,1,0,path_count_below_K;low_station_diversity
0.1,834,451,0.006028815,5,1,0,path_count_below_K;high_overlap;low_station_diversity
0.1,834,460,0.0017741325,5,1,0,path_count_below_K;low_station_diversity
0.1,834,461,0.00033391,5,1,0,path_count_below_K;low_station_diversity
0.1,834,468,0.000683165,5,1,0,path_count_below_K;high_overlap;low_station_diversity
0.1,834,470,0.00296556,5,1,360,path_count_below_K;low_station_diversity;dynamic_enrichment
0.1,834,484,0.0005625675,5,1,0,path_count_below_K;low_station_diversity
0.1,834,487,0.0038053275,5,1,360,path_count_below_K;high_overlap;low_station_diversity;dynamic_enrichment
0.1,834,492,0.0009811025,5,1,160,path_count_below_K;low_station_diversity;dynamic_enrichment
0.1,834,598,0.0237251825,5,1,140,path_count_below_K;high_overlap;low_station_diversity;dynamic_enrichment
0.1,834,614,0.0150783925,5,1,60,path_count_below_K;low_station_diversity;dynamic_enrichment
0.1,834,630,0.003910185,5,1,0,path_count_below_K;high_overlap;low_station_diversity
0.1,834,64,0.0049389175,5,1,60,path_count_below_K;low_station_diversity;dynamic_enrichment
0.1,834,642,0.006546395,5,1,0,path_count_below_K;high_overlap;low_station_diversity
0.1,834,643,0.0042559375,5,1,0,path_count_below_K;low_station_diversity
0.1,834,654,0.00309315,5,1,0,path_count_below_K;low_station_diversity
0.1,834,656,0.0182849025,5,1,0,path_count_below_K;low_station_diversity
0.1,834,658,0.005867555,5,1,0,path_count_below_K;low_station_diversity
0.1,834,667,0.0085494175,5,1,0,path_count_below_K;low_station_diversity
0.1,834,670,0.00173773,5,1,0,path_count_below_K;low_station_diversity
0.1,834,681,0.00212113,5,1,0,path_count_below_K;low_station_diversity
0.1,834,684,0.0008203,5,1,0,path_count_below_K;low_station_diversity
0.1,834,692,0.0022255875,5,1,0,path_count_below_K;high_overlap;low_station_diversity
0.1,834,693,0.00316466,5,1,0,path_count_below_K;high_overlap;low_station_diversity
0.1,834,699,0.00175732,5,1,0,path_count_below_K;low_station_diversity
0.1,834,706,0.0036357525,5,1,0,path_count_below_K;low_station_diversity
0.1,834,707,0.003184835,5,1,0,path_count_below_K;high_overlap;low_station_diversity
0.1,834,912,0.00669552,5,1,80,path_count_below_K;low_station_diversity;dynamic_enrichment
0.1,834,937,0.00609787,5,1,160,path_count_below_K;high_overlap;low_station_diversity;dynamic_enrichment
0.1,839,1271,1.000477635,5,0,280,path_count_below_K;dynamic_enrichment
0.1,844,1031,1.1529262725,5,0,0,path_count_below_K
0.1,844,1271,1.0293720075,5,0,120,path_count_below_K;dynamic_enrichment
0.1,844,439,0.0104739575,5,1,340,path_count_below_K;low_station_diversity;dynamic_enrichment
0.1,844,447,0.0186068475,5,1,360,path_count_below_K;low_station_diversity;dynamic_enrichment
0.1,844,450,0.009590175,5,1,340,path_count_below_K;low_station_diversity;dynamic_enrichment
0.1,844,451,0.0072054575,5,1,360,path_count_below_K;low_station_diversity;dynamic_enrichment
0.1,844,460,0.007315345,5,1,340,path_count_below_K;low_station_diversity;dynamic_enrichment
0.1,844,461,0.00222914,5,1,340,path_count_below_K;low_station_diversity;dynamic_enrichment
0.1,844,484,0.007069425,5,1,100,path_count_below_K;low_station_diversity;dynamic_enrichment
0.1,844,487,0.031381275,5,1,360,path_count_below_K;low_station_diversity;dynamic_enrichment
0.1,844,654,0.0112020125,5,1,340,path_count_below_K;low_station_diversity;dynamic_enrichment
0.1,844,656,0.0289572475,5,1,20,path_count_below_K;low_station_diversity;dynamic_enrichment
0.1,844,667,0.0327986725,5,1,20,path_count_below_K;low_station_diversity;dynamic_enrichment
0.1,844,670,0.0083025825,5,1,340,path_count_below_K;low_station_diversity;dynamic_enrichment
0.1,844,681,0.0073578525,5,1,60,path_count_below_K;low_station_diversity;dynamic_enrichment
0.1,844,693,0.01083961,5,1,20,path_count_below_K;low_station_diversity;dynamic_enrichment
0.1,844,839,1.1903732275,5,0,0,path_count_below_K
0.1,85,134,1.523858855,5,0,0,path_count_below_K;high_demand
0.1,85,342,0.742230405,5,0,400,path_count_below_K;dynamic_enrichment
0.1,85,52,0.8591489175,5,0,0,path_count_below_K
0.1,889,879,0.7219578425,5,0,420,path_count_below_K;dynamic_enrichment
0.1,899,902,1.224609815,5,0,0,path_count_below_K
0.1,902,1004,0.80202695,5,0,200,path_count_below_K;dynamic_enrichment
0.1,912,1002,0.831936185,5,0,240,path_count_below_K;dynamic_enrichment
0.1,912,1004,1.5744847475,5,0,100,path_count_below_K;dynamic_enrichment
0.1,912,1013,1.35165807,5,0,0,path_count_below_K;high_demand
0.1,912,1022,1.2357057375,5,0,0,path_count_below_K
0.1,912,1542,0.9674758125,5,0,0,path_count_below_K
0.1,912,1569,1.9400369925,5,0,240,path_count_below_K;high_demand;dynamic_enrichment
0.1,912,1581,1.14016831,1,0,0,path_count_below_K
0.1,912,172,0.9933024975,5,0,0,path_count_below_K
0.1,912,375,3.1686005425,5,0,0,path_count_below_K;high_demand
0.1,912,377,2.200444435,5,0,0,path_count_below_K;high_demand
0.1,912,379,2.9653621525,5,0,0,path_count_below_K;high_demand
0.1,912,389,2.5463718825,5,0,0,path_count_below_K;high_demand
0.1,912,398,2.1904020925,5,0,360,path_count_below_K;high_demand;dynamic_enrichment
0.1,912,429,1.933870275,5,0,180,path_count_below_K;dynamic_enrichment
0.1,912,625,1.07701149,5,0,260,path_count_below_K;dynamic_enrichment
0.1,912,642,1.43342865,5,0,0,path_count_below_K;high_demand
0.1,912,643,1.2280546175,5,0,200,path_count_below_K;dynamic_enrichment
0.1,912,646,1.04208466,5,0,0,path_count_below_K
0.1,912,667,2.0381572725,5,0,0,path_count_below_K;high_demand
0.1,912,879,1.48661857,5,0,100,path_count_below_K;dynamic_enrichment
0.1,912,889,2.997040075,5,0,200,path_count_below_K;high_demand;dynamic_enrichment
0.1,912,899,2.4558376425,5,0,40,path_count_below_K;high_overlap;high_demand;dynamic_enrichment
0.1,912,902,3.4738673725,5,0,40,path_count_below_K;high_demand;dynamic_enrichment
0.1,912,926,2.3996794075,5,0,280,path_count_below_K;high_demand;dynamic_enrichment
0.1,912,934,2.33047824,5,0,0,path_count_below_K;high_demand
0.1,912,936,0.8089487975,5,0,200,path_count_below_K;dynamic_enrichment
0.1,912,937,1.708432605,5,0,0,path_count_below_K;high_demand
0.1,912,955,2.0355428575,5,0,0,path_count_below_K;high_demand
0.1,926,1013,1.13328766,5,0,120,path_count_below_K;dynamic_enrichment
0.1,926,1022,1.30617676,5,0,0,path_count_below_K;high_demand
0.1,926,1029,1.45582907,5,0,0,path_count_below_K;high_demand
0.1,926,1059,1.167520015,5,0,120,path_count_below_K;dynamic_enrichment
0.1,926,379,1.004475845,5,0,0,path_count_below_K
0.1,926,902,2.2083254925,5,0,0,path_count_below_K;high_demand
0.1,926,934,1.30934894,5,0,0,path_count_below_K;high_demand
0.1,937,955,1.035844095,5,0,0,path_count_below_K
0.1,955,1029,0.7441389875,5,0,300,path_count_below_K;dynamic_enrichment
0.1,955,1569,1.2430367975,5,0,220,path_count_below_K;dynamic_enrichment
0.1,955,1577,1.00299022,5,0,220,path_count_below_K;dynamic_enrichment
0.1,970,969,0.81793101,5,0,0,path_count_below_K
0.1,970,971,0.71249198,5,0,420,path_count_below_K;dynamic_enrichment
0.1,971,1031,0.7810415225,5,0,220,path_count_below_K;dynamic_enrichment
0.1,974,982,1.0766875,5,0,0,path_count_below_K
0.1,974,987,0.9467323175,5,0,0,path_count_below_K
0.2,1004,1002,0.975112655,5,0,0,path_count_below_K
0.2,1004,902,1.376936185,5,0,0,path_count_below_K;high_demand
0.2,1004,987,0.844016565,5,0,0,path_count_below_K
0.2,1022,1013,1.3955909475,5,0,0,path_count_below_K;high_demand
0.2,1022,1059,1.9356608425,5,0,0,path_count_below_K;high_demand
0.2,1022,1071,2.1502898725,5,0,40,path_count_below_K;high_demand;dynamic_enrichment
0.2,1022,1564,1.7624994775,5,0,0,path_count_below_K;high_demand
0.2,1022,1569,1.62402705,5,0,0,path_count_below_K;high_demand
0.2,1022,926,0.9764340675,5,0,0,path_count_below_K
0.2,1031,844,0.8207927575,5,0,0,path_count_below_K
0.2,1031,971,0.8790513675,5,0,0,path_count_below_K
0.2,1059,1022,1.0781158625,5,0,0,path_count_below_K
0.2,1059,1071,2.256484925,5,0,0,path_count_below_K;high_demand
0.2,1059,1074,1.94509911,5,0,340,path_count_below_K;high_demand;dynamic_enrichment
0.2,1071,1013,1.161896295,5,0,0,path_count_below_K
0.2,1071,1029,1.6470875575,5,0,0,path_count_below_K;high_demand
0.2,1071,1059,2.785935815,5,0,0,path_count_below_K;high_demand
0.2,1071,1073,3.342972075,5,0,360,path_count_below_K;high_demand;dynamic_enrichment
0.2,1071,1328,2.012463055,5,0,0,path_count_below_K;high_demand
0.2,1071,1338,3.0454614775,5,0,0,path_count_below_K;high_demand
0.2,1071,1564,3.647193135,5,0,0,path_count_below_K;high_demand
0.2,1071,1569,2.4775589775,5,0,0,path_count_below_K;high_demand
0.2,1071,1571,1.7225693125,5,0,0,path_count_below_K;high_demand
0.2,1071,1577,1.78807081,5,0,0,path_count_below_K;high_demand
0.2,1071,1582,0.747173815,5,0,300,path_count_below_K;dynamic_enrichment
0.2,1071,1585,1.773357335,5,0,0,path_count_below_K;high_demand
0.2,1071,1632,1.327636265,5,0,0,path_count_below_K;high_overlap;high_demand
0.2,1071,1633,2.4016242875,5,0,0,path_count_below_K;high_demand
0.2,1071,944,0.9229242375,5,0,0,path_count_below_K
0.2,1134,1142,1.4706574025,5,0,0,path_count_below_K;high_demand
0.2,1134,1151,1.75542839,5,0,0,path_count_below_K;high_demand
0.2,1134,528,1.4152926625,5,0,0,path_count_below_K;high_demand
0.2,1142,1134,0.8285993225,5,0,0,path_count_below_K
0.2,1142,528,1.3549478225,5,0,0,path_count_below_K;high_demand
0.2,1151,1142,1.6314446575,5,0,0,path_count_below_K;high_demand
0.2,1151,528,2.018167845,5,0,0,path_count_below_K;high_demand
0.2,1151,550,0.85094428,5,0,180,path_count_below_K;dynamic_enrichment
0.2,1151,560,0.911038665,5,0,0,path_count_below_K
0.2,1189,1134,0.961057935,3,0,0,path_count_below_K
0.2,1189,1142,0.7345950625,5,0,380,path_count_below_K;dynamic_enrichment
0.2,1190,1224,1.8969102925,5,0,0,path_count_below_K;high_demand
0.2,1190,1252,1.31721389,5,0,0,path_count_below_K;high_demand
0.2,1190,560,1.1012835775,5,0,0,path_count_below_K
0.2,1190,717,1.956157955,5,0,0,path_count_below_K;high_demand
0.2,1190,726,2.3707883625,5,0,0,path_count_below_K;high_demand
0.2,1190,754,1.338421255,5,0,0,path_count_below_K;high_demand
0.2,1190,777,1.4287498325,5,0,0,path_count_below_K;high_demand
0.2,1224,1190,1.34746937,5,0,0,path_count_below_K;high_demand
0.2,1224,1225,1.999273995,5,0,0,path_count_below_K;high_demand
0.2,1224,1252,2.7619070375,5,0,0,path_count_below_K;high_demand
0.2,1224,1431,1.369259715,5,0,0,path_count_below_K;high_demand
0.2,1224,726,1.288000025,5,0,0,path_count_below_K;high_demand
0.2,1224,777,1.32162115,5,0,0,path_count_below_K;high_demand
0.2,1225,1142,0.736808815,5,0,380,path_count_below_K;dynamic_enrichment
0.2,1225,1190,1.9680844175,5,0,0,path_count_below_K;high_demand
0.2,1225,1224,3.6015237475,5,0,0,path_count_below_K;high_demand
0.2,1225,1252,1.6731321575,5,0,0,path_count_below_K;high_overlap;high_demand
0.2,1225,1431,4.3154959175,5,0,0,path_count_below_K;high_demand
0.2,1225,777,1.0935994925,5,0,0,path_count_below_K
0.2,1250,1252,0.86650236,5,0,0,path_count_below_K
0.2,1252,1190,0.78313673,5,0,240,path_count_below_K;dynamic_enrichment
0.2,1252,1224,2.0885145125,5,0,0,path_count_below_K;high_demand
0.2,1252,1225,0.8906958275,5,0,200,path_count_below_K;dynamic_enrichment
0.2,1252,1250,1.22284817,5,0,0,path_count_below_K
0.2,1252,1255,1.59516226,5,0,0,path_count_below_K;high_demand
0.2,1252,1431,2.07326633,5,0,0,path_count_below_K;high_demand
0.2,1252,1432,1.9483329525,5,0,0,path_count_below_K;high_demand
0.2,1252,1435,1.657617995,5,0,0,path_count_below_K;high_demand
0.2,1252,784,1.0711584,5,0,0,path_count_below_K
0.2,1252,797,0.9696535025,5,0,0,path_count_below_K
0.2,1255,1431,0.7584337325,5,0,260,path_count_below_K;dynamic_enrichment
0.2,1260,1271,1.4792234625,5,0,0,path_count_below_K;high_demand
0.2,1260,1431,1.1756512575,5,0,0,path_count_below_K
0.2,1260,1457,0.8423659575,5,0,220,path_count_below_K;dynamic_enrichment
0.2,1289,1271,0.8871793025,5,0,200,path_count_below_K;dynamic_enrichment
0.2,130,134,0.8217352575,5,0,0,path_count_below_K
0.2,130,342,1.197940565,5,0,0,path_count_below_K
0.2,1305,1361,1.1312723025,5,0,220,path_count_below_K;dynamic_enrichment
0.2,131,134,0.747782345,5,0,300,path_count_below_K;dynamic_enrichment
0.2,1311,1328,1.30219404,5,0,0,path_count_below_K;high_demand
0.2,1311,1782,0.87622543,5,0,260,path_count_below_K;dynamic_enrichment
0.2,1321,1338,1.7043178675,5,0,0,path_count_below_K;high_demand
0.2,1328,1338,1.04625546,5,0,0,path_count_below_K
0.2,1328,1347,0.7493842825,5,0,300,path_count_below_K;dynamic_enrichment
0.2,1338,1328,0.7253535125,5,0,420,path_count_below_K;dynamic_enrichment
0.2,134,128,1.0250699775,5,0,200,path_count_below_K;dynamic_enrichment
0.2,134,377,1.4161046025,5,0,0,path_count_below_K;high_demand
0.2,1347,1328,0.7752045475,5,0,240,path_count_below_K;dynamic_enrichment
0.2,1364,1782,0.7447859375,5,0,300,path_count_below_K;dynamic_enrichment
0.2,1430,1431,0.77210701,5,0,260,path_count_below_K;dynamic_enrichment
0.2,1431,1255,1.3049047,5,0,0,path_count_below_K;high_demand
0.2,1431,1271,1.1593266875,5,0,120,path_count_below_K;dynamic_enrichment
0.2,1431,1430,3.4879156175,5,0,0,path_count_below_K;high_demand
0.2,1431,1432,0.7994097175,5,0,200,path_count_below_K;dynamic_enrichment
0.2,1431,1435,1.800386345,2,0,0,path_count_below_K;high_demand
0.2,1431,1457,2.3758414125,5,0,0,path_count_below_K;high_demand
0.2,1432,1252,0.941923695,5,0,0,path_count_below_K
0.2,1432,1431,1.2287675975,5,0,0,path_count_below_K
0.2,1432,1435,1.0606275425,3,0,0,path_count_below_K
0.2,1433,1431,0.9643555725,4,0,0,path_count_below_K
0.2,1433,1432,0.7465882975,5,0,300,path_count_below_K;dynamic_enrichment
0.2,1433,1435,0.8266255525,5,0,0,path_count_below_K
0.2,1435,1431,1.2816758175,2,0,0,path_count_below_K
0.2,144,389,0.8935146,5,0,260,path_count_below_K;dynamic_enrichment
0.2,1528,1551,0.7746788625,5,0,260,path_count_below_K;dynamic_enrichment
0.2,1564,1074,0.8046521325,5,0,180,path_count_below_K;dynamic_enrichment
0.2,1569,1577,0.94937994,5,0,0,path_count_below_K
0.2,160,407,0.9785561925,5,0,0,path_count_below_K
0.2,1632,1585,0.90843398,5,0,0,path_count_below_K
0.2,168,4,0.724272905,5,0,420,path_count_below_K;dynamic_enrichment
0.2,1720,1723,0.75034837,5,0,420,path_count_below_K;dynamic_enrichment
0.2,1721,1723,1.4158934375,5,0,0,path_count_below_K;high_demand
0.2,189,191,0.75683127,5,0,260,path_count_below_K;dynamic_enrichment
0.2,252,258,0.8833910775,5,0,240,path_count_below_K;dynamic_enrichment
0.2,271,288,1.0000250825,5,0,280,path_count_below_K;dynamic_enrichment
0.2,278,279,0.848790915,5,0,0,path_count_below_K
0.2,278,550,1.046657255,5,0,0,path_count_below_K
0.2,288,312,0.8001263775,5,0,420,path_count_below_K;dynamic_enrichment
0.2,288,33,0.7508743325,5,0,380,path_count_below_K;dynamic_enrichment
0.2,297,299,0.944278265,5,0,0,path_count_below_K
0.2,297,324,1.1750189525,5,0,220,path_count_below_K;dynamic_enrichment
0.2,297,33,0.773445845,5,0,260,path_count_below_K;dynamic_enrichment
0.2,297,41,0.8430854425,5,0,220,path_count_below_K;dynamic_enrichment
0.2,310,299,1.1973269875,5,0,280,path_count_below_K;dynamic_enrichment
0.2,310,312,1.84389456,5,0,360,path_count_below_K;high_demand;dynamic_enrichment
0.2,310,317,1.492142015,5,0,0,path_count_below_K;high_demand
0.2,310,324,2.1022286975,5,0,0,path_count_below_K;high_demand
0.2,310,336,1.70655425,5,0,0,path_count_below_K;high_demand
0.2,310,39,1.0308809125,5,0,120,path_count_below_K;dynamic_enrichment
0.2,310,41,1.495792905,5,0,0,path_count_below_K;high_overlap;high_demand
0.2,310,46,0.837833515,5,0,240,path_count_below_K;dynamic_enrichment
0.2,315,321,0.77099782,5,0,260,path_count_below_K;dynamic_enrichment
0.2,317,324,0.9459193925,5,0,180,path_count_below_K;dynamic_enrichment
0.2,321,324,1.05802233,5,0,0,path_count_below_K
0.2,324,312,0.751595225,5,0,280,path_count_below_K;dynamic_enrichment
0.2,324,317,0.918930535,5,0,0,path_count_below_K
0.2,324,321,0.7873530375,5,0,220,path_count_below_K;dynamic_enrichment
0.2,324,336,1.7027427725,5,0,180,path_count_below_K;dynamic_enrichment
0.2,324,342,1.0978911375,5,0,120,path_count_below_K;dynamic_enrichment
0.2,324,41,1.3502323075,5,0,0,path_count_below_K;high_demand
0.2,331,334,0.8435580275,5,0,0,path_count_below_K
0.2,331,336,0.7173927725,5,0,420,path_count_below_K;dynamic_enrichment
0.2,334,336,1.0910599025,5,0,120,path_count_below_K;dynamic_enrichment
0.2,334,342,0.8886604575,5,0,0,path_count_below_K
0.2,336,324,1.32326125,5,0,0,path_count_below_K;high_demand
0.2,336,334,1.3584444025,5,0,0,path_count_below_K;high_demand
0.2,336,342,1.806687015,5,0,0,path_count_below_K;high_demand
0.2,336,52,0.9929360975,5,0,360,path_count_below_K;dynamic_enrichment
0.2,342,334,0.8611075325,5,0,0,path_count_below_K
0.2,342,336,1.4448193625,5,0,0,path_count_below_K;high_demand
0.2,342,49,1.0625097625,5,0,120,path_count_below_K;dynamic_enrichment
0.2,361,363,1.1441375075,5,0,0,path_count_below_K
0.2,361,375,2.0338693275,5,0,0,path_count_below_K;high_demand
0.2,361,377,1.5348940025,5,0,0,path_count_below_K;high_demand
0.2,361,379,1.688774495,5,0,0,path_count_below_K;high_demand
0.2,41,317,0.815243805,5,0,0,path_count_below_K
0.2,41,324,1.56475915,5,0,0,path_count_below_K;high_demand
0.2,41,39,1.436061015,5,0,0,path_count_below_K;high_demand
0.2,46,39,0.8941573275,5,0,280,path_count_below_K;dynamic_enrichment
0.2,46,41,1.6430196275,5,0,0,path_count_below_K;high_demand
0.2,46,49,1.7456947475,5,0,0,path_count_below_K;high_demand
0.2,46,52,1.6169454825,5,0,0,path_count_below_K;high_demand
0.2,49,46,0.88758397,5,0,180,path_count_below_K;dynamic_enrichment
0.2,49,52,1.122389345,5,0,240,path_count_below_K;dynamic_enrichment
0.2,503,258,1.75191284,5,0,0,path_count_below_K;high_demand
0.2,503,519,0.77559637,5,0,220,path_count_below_K;dynamic_enrichment
0.2,52,104,1.89268139,5,0,0,path_count_below_K;high_overlap;high_demand
0.2,52,130,1.6837725325,5,0,0,path_count_below_K;high_demand
0.2,52,134,1.6785846225,5,0,0,path_count_below_K;high_demand
0.2,52,336,2.066009665,5,0,200,path_count_below_K;high_demand;dynamic_enrichment
0.2,52,342,2.520712795,5,0,0,path_count_below_K;high_demand
0.2,52,345,1.3343297775,5,0,0,path_count_below_K;high_demand
0.2,52,46,2.237328765,5,0,0,path_count_below_K;high_demand
0.2,52,49,3.0649544525,5,0,0,path_count_below_K;high_demand
0.2,528,1134,1.7251425575,5,0,0,path_count_below_K;high_demand
0.2,528,1142,3.2939786475,5,0,0,path_count_below_K;high_overlap;high_demand
0.2,528,1151,2.8084736475,5,0,0,path_count_below_K;high_demand
0.2,528,1190,2.3298701075,5,0,200,path_count_below_K;high_demand;dynamic_enrichment
0.2,528,321,1.43674781,5,0,0,path_count_below_K;high_overlap;high_demand
0.2,528,352,0.88381111,5,0,380,path_count_below_K;dynamic_enrichment
0.2,528,539,1.3323985675,5,0,0,path_count_below_K;high_demand
0.2,528,550,2.9422736475,5,0,0,path_count_below_K;high_demand
0.2,528,560,2.6226961625,5,0,260,path_count_below_K;high_demand;dynamic_enrichment
0.2,528,570,1.4570721725,5,0,0,path_count_below_K;high_demand
0.2,528,717,2.7414577475,5,0,0,path_count_below_K;high_demand
0.2,528,726,2.01963872,5,0,0,path_count_below_K;high_demand
0.2,531,1142,0.7739189875,5,0,280,path_count_below_K;dynamic_enrichment
0.2,539,528,1.4863749925,5,0,300,path_count_below_K;dynamic_enrichment
0.2,539,550,1.481537005,5,0,0,path_count_below_K;high_demand
0.2,539,560,1.39404085,5,0,0,path_count_below_K;high_demand
0.2,539,726,0.758720035,5,0,260,path_count_below_K;dynamic_enrichment
0.2,560,578,0.9934054025,5,0,0,path_count_below_K
0.2,560,584,1.85489091,5,0,300,path_count_below_K;high_demand;dynamic_enrichment
0.2,560,726,0.760578605,5,0,300,path_count_below_K;dynamic_enrichment
0.2,560,754,1.6901995625,5,0,0,path_count_below_K;high_demand
0.2,578,560,1.91124302,5,0,0,path_count_below_K;high_demand
0.2,578,584,2.869912425,5,0,0,path_count_below_K;high_demand
0.2,578,770,0.95736071,5,0,0,path_count_below_K
0.2,580,584,1.20079606,5,0,120,path_count_below_K;dynamic_enrichment
0.2,59,104,1.73957909,5,0,0,path_count_below_K;high_demand
0.2,622,610,0.8689351975,5,0,0,path_count_below_K
0.2,667,398,0.750708045,5,0,300,path_count_below_K;dynamic_enrichment
0.2,707,1521,0.864799735,5,0,0,path_count_below_K
0.2,707,1542,0.743282595,5,0,380,path_count_below_K;dynamic_enrichment
0.2,707,706,2.1533770225,5,0,0,path_count_below_K;high_demand
0.2,717,1190,0.805793165,5,0,180,path_count_below_K;dynamic_enrichment
0.2,726,1190,1.8089429425,5,0,0,path_count_below_K;high_demand
0.2,726,1224,1.21329518,5,0,0,path_count_below_K
0.2,726,560,1.286077355,5,0,0,path_count_below_K
0.2,726,751,0.977928685,5,0,0,path_count_below_K
0.2,726,754,1.7046849875,5,0,0,path_count_below_K;high_demand
0.2,726,777,1.6116245725,5,0,0,path_count_below_K;high_demand
0.2,726,784,1.4902747425,5,0,0,path_count_below_K;high_demand
0.2,751,726,1.14609824,5,0,0,path_count_below_K
0.2,751,754,1.591986945,5,0,0,path_count_below_K;high_demand
0.2,751,770,0.8311939025,5,0,180,path_count_below_K;dynamic_enrichment
0.2,754,726,0.7547872425,5,0,280,path_count_below_K;dynamic_enrichment
0.2,770,578,0.8990299025,5,0,0,path_count_below_K
0.2,770,584,1.605665385,5,0,0,path_count_below_K;high_demand
0.2,777,1190,0.8609202,5,0,0,path_count_below_K
0.2,777,1224,1.0793611225,5,0,0,path_count_below_K
0.2,777,726,1.36146414,5,0,0,path_count_below_K;high_demand
0.2,784,1252,1.4140075975,5,0,0,path_count_below_K;high_demand
0.2,784,1255,0.72880236,5,0,420,path_count_below_K;dynamic_enrichment
0.2,784,726,1.359982825,5,0,0,path_count_below_K;high_demand
0.2,784,777,1.333082345,5,0,0,path_count_below_K;high_demand
0.2,793,797,0.7309676,5,0,400,path_count_below_K;dynamic_enrichment
0.2,807,820,1.55008668,5,0,0,path_count_below_K;high_demand
0.2,807,971,1.02005716,5,0,220,path_count_below_K;dynamic_enrichment
0.2,811,560,1.42103316,5,0,0,path_count_below_K;high_demand
0.2,811,578,0.7156556175,5,0,420,path_count_below_K;dynamic_enrichment
0.2,811,584,1.5746374725,5,0,0,path_count_below_K;high_demand
0.2,811,751,1.4404120525,5,0,0,path_count_below_K;high_demand
0.2,811,754,1.8427704475,5,0,0,path_count_below_K;high_demand
0.2,811,770,1.4048035225,5,0,0,path_count_below_K;high_overlap;high_demand
0.2,811,784,2.1287450375,5,0,0,path_count_below_K;high_demand
0.2,811,797,1.8384260925,5,0,0,path_count_below_K;high_demand
0.2,811,820,2.4495230925,5,0,0,path_count_below_K;high_demand
0.2,811,844,1.78751074,5,0,420,path_count_below_K;high_demand;dynamic_enrichment
0.2,811,889,0.81475653,5,0,180,path_count_below_K;dynamic_enrichment
0.2,811,982,0.7524674025,5,0,400,path_count_below_K;dynamic_enrichment
0.2,82,128,0.7457367075,5,0,380,path_count_below_K;dynamic_enrichment
0.2,820,807,0.73092444,5,0,400,path_count_below_K;dynamic_enrichment
0.2,820,844,1.23193769,5,0,180,path_count_below_K;dynamic_enrichment
0.2,839,1271,1.000477635,5,0,280,path_count_below_K;dynamic_enrichment
0.2,844,1031,1.1529262725,5,0,0,path_count_below_K
0.2,844,1271,1.0293720075,5,0,120,path_count_below_K;dynamic_enrichment
0.2,844,839,1.1903732275,5,0,0,path_count_below_K
0.2,85,134,1.523858855,5,0,0,path_count_below_K;high_demand
0.2,85,342,0.742230405,5,0,400,path_count_below_K;dynamic_enrichment
0.2,85,52,0.8591489175,5,0,0,path_count_below_K
0.2,889,879,0.7219578425,5,0,420,path_count_below_K;dynamic_enrichment
0.2,899,902,1.224609815,5,0,0,path_count_below_K
0.2,902,1004,0.80202695,5,0,200,path_count_below_K;dynamic_enrichment
0.2,912,1002,0.831936185,5,0,240,path_count_below_K;dynamic_enrichment
0.2,912,1004,1.5744847475,5,0,100,path_count_below_K;dynamic_enrichment
0.2,912,1013,1.35165807,5,0,0,path_count_below_K;high_demand
0.2,912,1022,1.2357057375,5,0,0,path_count_below_K
0.2,912,1569,1.9400369925,5,0,240,path_count_below_K;high_demand;dynamic_enrichment
0.2,912,375,3.1686005425,5,0,0,path_count_below_K;high_demand
0.2,912,377,2.200444435,5,0,0,path_count_below_K;high_demand
0.2,912,379,2.9653621525,5,0,0,path_count_below_K;high_demand
0.2,912,389,2.5463718825,5,0,0,path_count_below_K;high_demand
0.2,912,398,2.1904020925,5,0,360,path_count_below_K;high_demand;dynamic_enrichment
0.2,912,429,1.933870275,5,0,180,path_count_below_K;dynamic_enrichment
0.2,912,625,1.07701149,5,0,260,path_count_below_K;dynamic_enrichment
0.2,912,642,1.43342865,5,0,0,path_count_below_K;high_demand
0.2,912,643,1.2280546175,5,0,200,path_count_below_K;dynamic_enrichment
0.2,912,646,1.04208466,5,0,0,path_count_below_K
0.2,912,667,2.0381572725,5,0,0,path_count_below_K;high_demand
0.2,912,879,1.48661857,5,0,100,path_count_below_K;dynamic_enrichment
0.2,912,889,2.997040075,5,0,200,path_count_below_K;high_demand;dynamic_enrichment
0.2,912,899,2.4558376425,5,0,40,path_count_below_K;high_overlap;high_demand;dynamic_enrichment
0.2,912,902,3.4738673725,5,0,40,path_count_below_K;high_demand;dynamic_enrichment
0.2,912,926,2.3996794075,5,0,280,path_count_below_K;high_demand;dynamic_enrichment
0.2,912,934,2.33047824,5,0,0,path_count_below_K;high_demand
0.2,912,936,0.8089487975,5,0,200,path_count_below_K;dynamic_enrichment
0.2,912,937,1.708432605,5,0,0,path_count_below_K;high_demand
0.2,912,955,2.0355428575,5,0,0,path_count_below_K;high_demand
0.2,926,1013,1.13328766,5,0,120,path_count_below_K;dynamic_enrichment
0.2,926,1022,1.30617676,5,0,0,path_count_below_K;high_demand
0.2,926,1029,1.45582907,5,0,0,path_count_below_K;high_demand
0.2,926,1059,1.167520015,5,0,120,path_count_below_K;dynamic_enrichment
0.2,926,379,1.004475845,5,0,0,path_count_below_K
0.2,926,902,2.2083254925,5,0,0,path_count_below_K;high_demand
0.2,926,934,1.30934894,5,0,0,path_count_below_K;high_demand
0.2,937,955,1.035844095,5,0,0,path_count_below_K
0.2,955,1029,0.7441389875,5,0,300,path_count_below_K;dynamic_enrichment
0.2,955,1569,1.2430367975,5,0,220,path_count_below_K;dynamic_enrichment
0.2,955,1577,1.00299022,5,0,220,path_count_below_K;dynamic_enrichment
0.2,970,969,0.81793101,5,0,0,path_count_below_K
0.2,970,971,0.71249198,5,0,420,path_count_below_K;dynamic_enrichment
0.2,971,1031,0.7810415225,5,0,220,path_count_below_K;dynamic_enrichment
0.2,974,982,1.0766875,5,0,0,path_count_below_K
0.2,974,987,0.9467323175,5,0,0,path_count_below_K
0.3,1004,1002,0.975112655,5,0,0,path_count_below_K
0.3,1004,902,1.376936185,5,0,0,path_count_below_K;high_demand
0.3,1004,987,0.844016565,5,0,0,path_count_below_K
0.3,1022,1013,1.3955909475,5,0,0,path_count_below_K;high_demand
0.3,1022,1059,1.9356608425,5,0,0,path_count_below_K;high_demand
0.3,1022,1071,2.1502898725,5,0,60,path_count_below_K;high_demand;dynamic_enrichment
0.3,1022,1564,1.7624994775,5,0,0,path_count_below_K;high_demand
0.3,1022,1569,1.62402705,5,0,0,path_count_below_K;high_demand
0.3,1022,926,0.9764340675,5,0,0,path_count_below_K
0.3,1031,844,0.8207927575,5,0,0,path_count_below_K
0.3,1031,971,0.8790513675,5,0,0,path_count_below_K
0.3,1059,1022,1.0781158625,5,0,0,path_count_below_K
0.3,1059,1071,2.256484925,5,0,0,path_count_below_K;high_demand
0.3,1059,1074,1.94509911,5,0,340,path_count_below_K;high_demand;dynamic_enrichment
0.3,1071,1013,1.161896295,5,0,0,path_count_below_K
0.3,1071,1029,1.6470875575,5,0,0,path_count_below_K;high_demand
0.3,1071,1059,2.785935815,5,0,0,path_count_below_K;high_demand
0.3,1071,1073,3.342972075,5,0,360,path_count_below_K;high_demand;dynamic_enrichment
0.3,1071,1328,2.012463055,5,0,0,path_count_below_K;high_demand
0.3,1071,1338,3.0454614775,5,0,0,path_count_below_K;high_demand
0.3,1071,1564,3.647193135,5,0,0,path_count_below_K;high_demand
0.3,1071,1569,2.4775589775,5,0,0,path_count_below_K;high_demand
0.3,1071,1571,1.7225693125,5,0,0,path_count_below_K;high_demand
0.3,1071,1577,1.78807081,5,0,0,path_count_below_K;high_demand
0.3,1071,1582,0.747173815,5,0,300,path_count_below_K;dynamic_enrichment
0.3,1071,1585,1.773357335,5,0,0,path_count_below_K;high_demand
0.3,1071,1632,1.327636265,5,0,0,path_count_below_K;high_overlap;high_demand
0.3,1071,1633,2.4016242875,5,0,0,path_count_below_K;high_demand
0.3,1071,944,0.9229242375,5,0,0,path_count_below_K
0.3,1134,1142,1.4706574025,5,0,0,path_count_below_K;high_demand
0.3,1134,1151,1.75542839,5,0,0,path_count_below_K;high_demand
0.3,1134,528,1.4152926625,5,0,0,path_count_below_K;high_demand
0.3,1142,1134,0.8285993225,5,0,0,path_count_below_K
0.3,1142,528,1.3549478225,5,0,0,path_count_below_K;high_demand
0.3,1151,1142,1.6314446575,5,0,0,path_count_below_K;high_demand
0.3,1151,528,2.018167845,5,0,0,path_count_below_K;high_demand
0.3,1151,550,0.85094428,5,0,180,path_count_below_K;dynamic_enrichment
0.3,1151,560,0.911038665,5,0,0,path_count_below_K
0.3,1189,1134,0.961057935,3,0,0,path_count_below_K
0.3,1189,1142,0.7345950625,5,0,380,path_count_below_K;dynamic_enrichment
0.3,1190,1224,1.8969102925,5,0,0,path_count_below_K;high_demand
0.3,1190,1252,1.31721389,5,0,0,path_count_below_K;high_demand
0.3,1190,560,1.1012835775,5,0,0,path_count_below_K
0.3,1190,717,1.956157955,5,0,0,path_count_below_K;high_demand
0.3,1190,726,2.3707883625,5,0,0,path_count_below_K;high_demand
0.3,1190,754,1.338421255,5,0,0,path_count_below_K;high_demand
0.3,1190,777,1.4287498325,5,0,0,path_count_below_K;high_demand
0.3,1224,1190,1.34746937,5,0,0,path_count_below_K;high_demand
0.3,1224,1225,1.999273995,5,0,0,path_count_below_K;high_demand
0.3,1224,1252,2.7619070375,5,0,0,path_count_below_K;high_demand
0.3,1224,1431,1.369259715,5,0,0,path_count_below_K;high_demand
0.3,1224,726,1.288000025,5,0,0,path_count_below_K;high_demand
0.3,1224,777,1.32162115,5,0,0,path_count_below_K;high_demand
0.3,1225,1142,0.736808815,5,0,380,path_count_below_K;dynamic_enrichment
0.3,1225,1190,1.9680844175,5,0,0,path_count_below_K;high_demand
0.3,1225,1224,3.6015237475,5,0,0,path_count_below_K;high_demand
0.3,1225,1252,1.6731321575,5,0,0,path_count_below_K;high_overlap;high_demand
0.3,1225,1431,4.3154959175,5,0,0,path_count_below_K;high_demand
0.3,1225,777,1.0935994925,5,0,0,path_count_below_K
0.3,1250,1252,0.86650236,5,0,0,path_count_below_K
0.3,1252,1190,0.78313673,5,0,240,path_count_below_K;dynamic_enrichment
0.3,1252,1224,2.0885145125,5,0,0,path_count_below_K;high_demand
0.3,1252,1225,0.8906958275,5,0,200,path_count_below_K;dynamic_enrichment
0.3,1252,1250,1.22284817,5,0,0,path_count_below_K
0.3,1252,1255,1.59516226,5,0,0,path_count_below_K;high_demand
0.3,1252,1431,2.07326633,5,0,0,path_count_below_K;high_demand
0.3,1252,1432,1.9483329525,5,0,0,path_count_below_K;high_demand
0.3,1252,1435,1.657617995,5,0,0,path_count_below_K;high_demand
0.3,1252,784,1.0711584,5,0,0,path_count_below_K
0.3,1252,797,0.9696535025,5,0,0,path_count_below_K
0.3,1255,1431,0.7584337325,5,0,260,path_count_below_K;dynamic_enrichment
0.3,1260,1271,1.4792234625,5,0,0,path_count_below_K;high_demand
0.3,1260,1431,1.1756512575,5,0,0,path_count_below_K
0.3,1260,1457,0.8423659575,5,0,220,path_count_below_K;dynamic_enrichment
0.3,1289,1271,0.8871793025,5,0,200,path_count_below_K;dynamic_enrichment
0.3,130,134,0.8217352575,5,0,0,path_count_below_K
0.3,130,342,1.197940565,5,0,0,path_count_below_K
0.3,1305,1361,1.1312723025,5,0,220,path_count_below_K;dynamic_enrichment
0.3,131,134,0.747782345,5,0,300,path_count_below_K;dynamic_enrichment
0.3,1311,1328,1.30219404,5,0,0,path_count_below_K;high_demand
0.3,1311,1782,0.87622543,5,0,260,path_count_below_K;dynamic_enrichment
0.3,1321,1338,1.7043178675,5,0,0,path_count_below_K;high_demand
0.3,1328,1338,1.04625546,5,0,0,path_count_below_K
0.3,1328,1347,0.7493842825,5,0,300,path_count_below_K;dynamic_enrichment
0.3,1338,1328,0.7253535125,5,0,420,path_count_below_K;dynamic_enrichment
0.3,134,128,1.0250699775,5,0,200,path_count_below_K;dynamic_enrichment
0.3,134,377,1.4161046025,5,0,0,path_count_below_K;high_demand
0.3,1347,1328,0.7752045475,5,0,240,path_count_below_K;dynamic_enrichment
0.3,1364,1782,0.7447859375,5,0,300,path_count_below_K;dynamic_enrichment
0.3,1430,1431,0.77210701,5,0,260,path_count_below_K;dynamic_enrichment
0.3,1431,1255,1.3049047,5,0,0,path_count_below_K;high_demand
0.3,1431,1271,1.1593266875,5,0,120,path_count_below_K;dynamic_enrichment
0.3,1431,1430,3.4879156175,5,0,0,path_count_below_K;high_demand
0.3,1431,1432,0.7994097175,5,0,200,path_count_below_K;dynamic_enrichment
0.3,1431,1435,1.800386345,2,0,0,path_count_below_K;high_demand
0.3,1431,1457,2.3758414125,5,0,0,path_count_below_K;high_demand
0.3,1432,1252,0.941923695,5,0,0,path_count_below_K
0.3,1432,1431,1.2287675975,5,0,0,path_count_below_K
0.3,1432,1435,1.0606275425,3,0,0,path_count_below_K
0.3,1433,1431,0.9643555725,4,0,0,path_count_below_K
0.3,1433,1432,0.7465882975,5,0,300,path_count_below_K;dynamic_enrichment
0.3,1433,1435,0.8266255525,5,0,0,path_count_below_K
0.3,1435,1431,1.2816758175,2,0,0,path_count_below_K
0.3,144,389,0.8935146,5,0,260,path_count_below_K;dynamic_enrichment
0.3,1528,1551,0.7746788625,5,0,260,path_count_below_K;dynamic_enrichment
0.3,1564,1074,0.8046521325,5,0,180,path_count_below_K;dynamic_enrichment
0.3,1569,1577,0.94937994,5,0,0,path_count_below_K
0.3,160,407,0.9785561925,5,0,0,path_count_below_K
0.3,1632,1585,0.90843398,5,0,0,path_count_below_K
0.3,168,4,0.724272905,5,0,420,path_count_below_K;dynamic_enrichment
0.3,1720,1723,0.75034837,5,0,420,path_count_below_K;dynamic_enrichment
0.3,1721,1723,1.4158934375,5,0,0,path_count_below_K;high_demand
0.3,189,191,0.75683127,5,0,260,path_count_below_K;dynamic_enrichment
0.3,252,258,0.8833910775,5,0,240,path_count_below_K;dynamic_enrichment
0.3,271,288,1.0000250825,5,0,280,path_count_below_K;dynamic_enrichment
0.3,278,279,0.848790915,5,0,0,path_count_below_K
0.3,278,550,1.046657255,5,0,0,path_count_below_K
0.3,288,312,0.8001263775,5,0,420,path_count_below_K;dynamic_enrichment
0.3,288,33,0.7508743325,5,0,380,path_count_below_K;dynamic_enrichment
0.3,297,299,0.944278265,5,0,0,path_count_below_K
0.3,297,324,1.1750189525,5,0,220,path_count_below_K;dynamic_enrichment
0.3,297,33,0.773445845,5,0,260,path_count_below_K;dynamic_enrichment
0.3,297,41,0.8430854425,5,0,220,path_count_below_K;dynamic_enrichment
0.3,310,299,1.1973269875,5,0,280,path_count_below_K;dynamic_enrichment
0.3,310,312,1.84389456,5,0,360,path_count_below_K;high_demand;dynamic_enrichment
0.3,310,317,1.492142015,5,0,0,path_count_below_K;high_demand
0.3,310,324,2.1022286975,5,0,0,path_count_below_K;high_demand
0.3,310,336,1.70655425,5,0,0,path_count_below_K;high_demand
0.3,310,39,1.0308809125,5,0,120,path_count_below_K;dynamic_enrichment
0.3,310,41,1.495792905,5,0,0,path_count_below_K;high_overlap;high_demand
0.3,310,46,0.837833515,5,0,240,path_count_below_K;dynamic_enrichment
0.3,315,321,0.77099782,5,0,260,path_count_below_K;dynamic_enrichment
0.3,317,324,0.9459193925,5,0,180,path_count_below_K;dynamic_enrichment
0.3,321,324,1.05802233,5,0,0,path_count_below_K
0.3,324,312,0.751595225,5,0,280,path_count_below_K;dynamic_enrichment
0.3,324,317,0.918930535,5,0,0,path_count_below_K
0.3,324,321,0.7873530375,5,0,220,path_count_below_K;dynamic_enrichment
0.3,324,336,1.7027427725,5,0,180,path_count_below_K;dynamic_enrichment
0.3,324,342,1.0978911375,5,0,120,path_count_below_K;dynamic_enrichment
0.3,324,41,1.3502323075,5,0,0,path_count_below_K;high_demand
0.3,331,334,0.8435580275,5,0,0,path_count_below_K
0.3,331,336,0.7173927725,5,0,420,path_count_below_K;dynamic_enrichment
0.3,334,336,1.0910599025,5,0,120,path_count_below_K;dynamic_enrichment
0.3,334,342,0.8886604575,5,0,0,path_count_below_K
0.3,336,324,1.32326125,5,0,0,path_count_below_K;high_demand
0.3,336,334,1.3584444025,5,0,0,path_count_below_K;high_demand
0.3,336,342,1.806687015,5,0,0,path_count_below_K;high_demand
0.3,336,52,0.9929360975,5,0,360,path_count_below_K;dynamic_enrichment
0.3,342,334,0.8611075325,5,0,0,path_count_below_K
0.3,342,336,1.4448193625,5,0,0,path_count_below_K;high_demand
0.3,342,49,1.0625097625,5,0,120,path_count_below_K;dynamic_enrichment
0.3,361,363,1.1441375075,5,0,0,path_count_below_K
0.3,361,375,2.0338693275,5,0,0,path_count_below_K;high_demand
0.3,361,377,1.5348940025,5,0,0,path_count_below_K;high_demand
0.3,361,379,1.688774495,5,0,0,path_count_below_K;high_demand
0.3,41,317,0.815243805,5,0,0,path_count_below_K
0.3,41,324,1.56475915,5,0,0,path_count_below_K;high_demand
0.3,41,39,1.436061015,5,0,0,path_count_below_K;high_demand
0.3,46,39,0.8941573275,5,0,280,path_count_below_K;dynamic_enrichment
0.3,46,41,1.6430196275,5,0,0,path_count_below_K;high_demand
0.3,46,49,1.7456947475,5,0,0,path_count_below_K;high_demand
0.3,46,52,1.6169454825,5,0,0,path_count_below_K;high_demand
0.3,49,46,0.88758397,5,0,180,path_count_below_K;dynamic_enrichment
0.3,49,52,1.122389345,5,0,240,path_count_below_K;dynamic_enrichment
0.3,503,258,1.75191284,5,0,0,path_count_below_K;high_demand
0.3,503,519,0.77559637,5,0,220,path_count_below_K;dynamic_enrichment
0.3,52,104,1.89268139,5,0,0,path_count_below_K;high_overlap;high_demand
0.3,52,130,1.6837725325,5,0,0,path_count_below_K;high_demand
0.3,52,134,1.6785846225,5,0,0,path_count_below_K;high_demand
0.3,52,336,2.066009665,5,0,200,path_count_below_K;high_demand;dynamic_enrichment
0.3,52,342,2.520712795,5,0,0,path_count_below_K;high_demand
0.3,52,345,1.3343297775,5,0,0,path_count_below_K;high_demand
0.3,52,46,2.237328765,5,0,0,path_count_below_K;high_demand
0.3,52,49,3.0649544525,5,0,0,path_count_below_K;high_demand
0.3,528,1134,1.7251425575,5,0,0,path_count_below_K;high_demand
0.3,528,1142,3.2939786475,5,0,0,path_count_below_K;high_overlap;high_demand
0.3,528,1151,2.8084736475,5,0,0,path_count_below_K;high_demand
0.3,528,1190,2.3298701075,5,0,200,path_count_below_K;high_demand;dynamic_enrichment
0.3,528,321,1.43674781,5,0,0,path_count_below_K;high_overlap;high_demand
0.3,528,352,0.88381111,5,0,380,path_count_below_K;dynamic_enrichment
0.3,528,539,1.3323985675,5,0,0,path_count_below_K;high_demand
0.3,528,550,2.9422736475,5,0,0,path_count_below_K;high_demand
0.3,528,560,2.6226961625,5,0,260,path_count_below_K;high_demand;dynamic_enrichment
0.3,528,570,1.4570721725,5,0,0,path_count_below_K;high_demand
0.3,528,717,2.7414577475,5,0,0,path_count_below_K;high_demand
0.3,528,726,2.01963872,5,0,0,path_count_below_K;high_demand
0.3,531,1142,0.7739189875,5,0,280,path_count_below_K;dynamic_enrichment
0.3,539,528,1.4863749925,5,0,300,path_count_below_K;dynamic_enrichment
0.3,539,550,1.481537005,5,0,0,path_count_below_K;high_demand
0.3,539,560,1.39404085,5,0,0,path_count_below_K;high_demand
0.3,539,726,0.758720035,5,0,260,path_count_below_K;dynamic_enrichment
0.3,560,578,0.9934054025,5,0,0,path_count_below_K
0.3,560,584,1.85489091,5,0,320,path_count_below_K;high_demand;dynamic_enrichment
0.3,560,726,0.760578605,5,0,300,path_count_below_K;dynamic_enrichment
0.3,560,754,1.6901995625,5,0,0,path_count_below_K;high_demand
0.3,578,560,1.91124302,5,0,0,path_count_below_K;high_demand
0.3,578,584,2.869912425,5,0,0,path_count_below_K;high_demand
0.3,578,770,0.95736071,5,0,0,path_count_below_K
0.3,580,584,1.20079606,5,0,120,path_count_below_K;dynamic_enrichment
0.3,59,104,1.73957909,5,0,0,path_count_below_K;high_demand
0.3,622,610,0.8689351975,5,0,0,path_count_below_K
0.3,667,398,0.750708045,5,0,300,path_count_below_K;dynamic_enrichment
0.3,707,1521,0.864799735,5,0,0,path_count_below_K
0.3,707,1542,0.743282595,5,0,380,path_count_below_K;dynamic_enrichment
0.3,707,706,2.1533770225,5,0,0,path_count_below_K;high_demand
0.3,717,1190,0.805793165,5,0,180,path_count_below_K;dynamic_enrichment
0.3,726,1190,1.8089429425,5,0,0,path_count_below_K;high_demand
0.3,726,1224,1.21329518,5,0,0,path_count_below_K
0.3,726,560,1.286077355,5,0,0,path_count_below_K
0.3,726,751,0.977928685,5,0,0,path_count_below_K
0.3,726,754,1.7046849875,5,0,0,path_count_below_K;high_demand
0.3,726,777,1.6116245725,5,0,0,path_count_below_K;high_demand
0.3,726,784,1.4902747425,5,0,0,path_count_below_K;high_demand
0.3,751,726,1.14609824,5,0,0,path_count_below_K
0.3,751,754,1.591986945,5,0,0,path_count_below_K;high_demand
0.3,751,770,0.8311939025,5,0,180,path_count_below_K;dynamic_enrichment
0.3,754,726,0.7547872425,5,0,280,path_count_below_K;dynamic_enrichment
0.3,770,578,0.8990299025,5,0,0,path_count_below_K
0.3,770,584,1.605665385,5,0,0,path_count_below_K;high_demand
0.3,777,1190,0.8609202,5,0,0,path_count_below_K
0.3,777,1224,1.0793611225,5,0,0,path_count_below_K
0.3,777,726,1.36146414,5,0,0,path_count_below_K;high_demand
0.3,784,1252,1.4140075975,5,0,0,path_count_below_K;high_demand
0.3,784,1255,0.72880236,5,0,420,path_count_below_K;dynamic_enrichment
0.3,784,726,1.359982825,5,0,0,path_count_below_K;high_demand
0.3,784,777,1.333082345,5,0,0,path_count_below_K;high_demand
0.3,793,797,0.7309676,5,0,400,path_count_below_K;dynamic_enrichment
0.3,807,820,1.55008668,5,0,0,path_count_below_K;high_demand
0.3,807,971,1.02005716,5,0,220,path_count_below_K;dynamic_enrichment
0.3,811,560,1.42103316,5,0,0,path_count_below_K;high_demand
0.3,811,578,0.7156556175,5,0,420,path_count_below_K;dynamic_enrichment
0.3,811,584,1.5746374725,5,0,0,path_count_below_K;high_demand
0.3,811,751,1.4404120525,5,0,0,path_count_below_K;high_demand
0.3,811,754,1.8427704475,5,0,0,path_count_below_K;high_demand
0.3,811,770,1.4048035225,5,0,0,path_count_below_K;high_overlap;high_demand
0.3,811,784,2.1287450375,5,0,0,path_count_below_K;high_demand
0.3,811,797,1.8384260925,5,0,0,path_count_below_K;high_demand
0.3,811,820,2.4495230925,5,0,0,path_count_below_K;high_demand
0.3,811,889,0.81475653,5,0,180,path_count_below_K;dynamic_enrichment
0.3,811,982,0.7524674025,5,0,400,path_count_below_K;dynamic_enrichment
0.3,82,128,0.7457367075,5,0,380,path_count_below_K;dynamic_enrichment
0.3,820,807,0.73092444,5,0,420,path_count_below_K;dynamic_enrichment
0.3,820,844,1.23193769,5,0,180,path_count_below_K;dynamic_enrichment
0.3,839,1271,1.000477635,5,0,280,path_count_below_K;dynamic_enrichment
0.3,844,1031,1.1529262725,5,0,0,path_count_below_K
0.3,844,1271,1.0293720075,5,0,120,path_count_below_K;dynamic_enrichment
0.3,844,839,1.1903732275,5,0,0,path_count_below_K
0.3,85,134,1.523858855,5,0,0,path_count_below_K;high_demand
0.3,85,342,0.742230405,5,0,400,path_count_below_K;dynamic_enrichment
0.3,85,52,0.8591489175,5,0,0,path_count_below_K
0.3,889,879,0.7219578425,5,0,420,path_count_below_K;dynamic_enrichment
0.3,899,902,1.224609815,5,0,0,path_count_below_K
0.3,902,1004,0.80202695,5,0,200,path_count_below_K;dynamic_enrichment
0.3,912,1002,0.831936185,5,0,240,path_count_below_K;dynamic_enrichment
0.3,912,1004,1.5744847475,5,0,100,path_count_below_K;dynamic_enrichment
0.3,912,1013,1.35165807,5,0,0,path_count_below_K;high_demand
0.3,912,1022,1.2357057375,5,0,0,path_count_below_K
0.3,912,1569,1.9400369925,5,0,280,path_count_below_K;high_demand;dynamic_enrichment
0.3,912,375,3.1686005425,5,0,0,path_count_below_K;high_demand
0.3,912,377,2.200444435,5,0,0,path_count_below_K;high_demand
0.3,912,379,2.9653621525,5,0,0,path_count_below_K;high_demand
0.3,912,389,2.5463718825,5,0,0,path_count_below_K;high_demand
0.3,912,398,2.1904020925,5,0,360,path_count_below_K;high_demand;dynamic_enrichment
0.3,912,429,1.933870275,5,0,180,path_count_below_K;dynamic_enrichment
0.3,912,625,1.07701149,5,0,260,path_count_below_K;dynamic_enrichment
0.3,912,642,1.43342865,5,0,0,path_count_below_K;high_demand
0.3,912,643,1.2280546175,5,0,200,path_count_below_K;dynamic_enrichment
0.3,912,646,1.04208466,5,0,0,path_count_below_K
0.3,912,667,2.0381572725,5,0,0,path_count_below_K;high_demand
0.3,912,879,1.48661857,5,0,100,path_count_below_K;dynamic_enrichment
0.3,912,889,2.997040075,5,0,200,path_count_below_K;high_demand;dynamic_enrichment
0.3,912,899,2.4558376425,5,0,40,path_count_below_K;high_overlap;high_demand;dynamic_enrichment
0.3,912,902,3.4738673725,5,0,40,path_count_below_K;high_demand;dynamic_enrichment
0.3,912,926,2.3996794075,5,0,280,path_count_below_K;high_demand;dynamic_enrichment
0.3,912,934,2.33047824,5,0,0,path_count_below_K;high_demand
0.3,912,936,0.8089487975,5,0,200,path_count_below_K;dynamic_enrichment
0.3,912,937,1.708432605,5,0,0,path_count_below_K;high_demand
0.3,912,955,2.0355428575,5,0,0,path_count_below_K;high_demand
0.3,926,1013,1.13328766,5,0,120,path_count_below_K;dynamic_enrichment
0.3,926,1022,1.30617676,5,0,0,path_count_below_K;high_demand
0.3,926,1029,1.45582907,5,0,0,path_count_below_K;high_demand
0.3,926,1059,1.167520015,5,0,120,path_count_below_K;dynamic_enrichment
0.3,926,379,1.004475845,5,0,0,path_count_below_K
0.3,926,902,2.2083254925,5,0,0,path_count_below_K;high_demand
0.3,926,934,1.30934894,5,0,0,path_count_below_K;high_demand
0.3,937,955,1.035844095,5,0,0,path_count_below_K
0.3,955,1029,0.7441389875,5,0,300,path_count_below_K;dynamic_enrichment
0.3,955,1569,1.2430367975,5,0,220,path_count_below_K;dynamic_enrichment
0.3,955,1577,1.00299022,5,0,220,path_count_below_K;dynamic_enrichment
0.3,970,969,0.81793101,5,0,0,path_count_below_K
0.3,970,971,0.71249198,5,0,420,path_count_below_K;dynamic_enrichment
0.3,971,1031,0.7810415225,5,0,220,path_count_below_K;dynamic_enrichment
0.3,974,982,1.0766875,5,0,0,path_count_below_K
0.3,974,987,0.9467323175,5,0,0,path_count_below_K
0.4,1004,1002,0.975112655,5,0,0,path_count_below_K
0.4,1004,902,1.376936185,5,0,0,path_count_below_K;high_demand
0.4,1004,987,0.844016565,5,0,0,path_count_below_K
0.4,1022,1013,1.3955909475,5,0,0,path_count_below_K;high_demand
0.4,1022,1059,1.9356608425,5,0,0,path_count_below_K;high_demand
0.4,1022,1071,2.1502898725,5,0,60,path_count_below_K;high_demand;dynamic_enrichment
0.4,1022,1564,1.7624994775,5,0,0,path_count_below_K;high_demand
0.4,1022,1569,1.62402705,5,0,0,path_count_below_K;high_demand
0.4,1022,926,0.9764340675,5,0,0,path_count_below_K
0.4,1031,844,0.8207927575,5,0,0,path_count_below_K
0.4,1031,971,0.8790513675,5,0,0,path_count_below_K
0.4,1059,1022,1.0781158625,5,0,0,path_count_below_K
0.4,1059,1071,2.256484925,5,0,0,path_count_below_K;high_demand
0.4,1071,1013,1.161896295,5,0,0,path_count_below_K
0.4,1071,1029,1.6470875575,5,0,0,path_count_below_K;high_demand
0.4,1071,1059,2.785935815,5,0,0,path_count_below_K;high_demand
0.4,1071,1073,3.342972075,5,0,360,path_count_below_K;high_demand;dynamic_enrichment
0.4,1071,1328,2.012463055,5,0,0,path_count_below_K;high_demand
0.4,1071,1338,3.0454614775,5,0,0,path_count_below_K;high_demand
0.4,1071,1564,3.647193135,5,0,0,path_count_below_K;high_demand
0.4,1071,1569,2.4775589775,5,0,0,path_count_below_K;high_demand
0.4,1071,1571,1.7225693125,5,0,0,path_count_below_K;high_demand
0.4,1071,1577,1.78807081,5,0,0,path_count_below_K;high_demand
0.4,1071,1582,0.747173815,5,0,300,path_count_below_K;dynamic_enrichment
0.4,1071,1585,1.773357335,5,0,0,path_count_below_K;high_demand
0.4,1071,1632,1.327636265,5,0,0,path_count_below_K;high_overlap;high_demand
0.4,1071,1633,2.4016242875,5,0,0,path_count_below_K;high_demand
0.4,1071,944,0.9229242375,5,0,0,path_count_below_K
0.4,1134,1142,1.4706574025,5,0,0,path_count_below_K;high_demand
0.4,1134,1151,1.75542839,5,0,0,path_count_below_K;high_demand
0.4,1134,528,1.4152926625,5,0,0,path_count_below_K;high_demand
0.4,1142,1134,0.8285993225,5,0,0,path_count_below_K
0.4,1142,528,1.3549478225,5,0,0,path_count_below_K;high_demand
0.4,1151,1142,1.6314446575,5,0,0,path_count_below_K;high_demand
0.4,1151,528,2.018167845,5,0,0,path_count_below_K;high_demand
0.4,1151,550,0.85094428,5,0,180,path_count_below_K;dynamic_enrichment
0.4,1151,560,0.911038665,5,0,0,path_count_below_K
0.4,1189,1134,0.961057935,3,0,0,path_count_below_K
0.4,1189,1142,0.7345950625,5,0,400,path_count_below_K;dynamic_enrichment
0.4,1190,1224,1.8969102925,5,0,0,path_count_below_K;high_demand
0.4,1190,1252,1.31721389,5,0,0,path_count_below_K;high_demand
0.4,1190,560,1.1012835775,5,0,0,path_count_below_K
0.4,1190,717,1.956157955,5,0,0,path_count_below_K;high_demand
0.4,1190,726,2.3707883625,5,0,0,path_count_below_K;high_demand
0.4,1190,754,1.338421255,5,0,0,path_count_below_K;high_demand
0.4,1190,777,1.4287498325,5,0,0,path_count_below_K;high_demand
0.4,1224,1190,1.34746937,5,0,0,path_count_below_K;high_demand
0.4,1224,1225,1.999273995,5,0,0,path_count_below_K;high_demand
0.4,1224,1252,2.7619070375,5,0,0,path_count_below_K;high_demand
0.4,1224,1431,1.369259715,5,0,0,path_count_below_K;high_demand
0.4,1224,726,1.288000025,5,0,0,path_count_below_K;high_demand
0.4,1224,777,1.32162115,5,0,0,path_count_below_K;high_demand
0.4,1225,1142,0.736808815,5,0,380,path_count_below_K;dynamic_enrichment
0.4,1225,1190,1.9680844175,5,0,0,path_count_below_K;high_demand
0.4,1225,1224,3.6015237475,5,0,0,path_count_below_K;high_demand
0.4,1225,1252,1.6731321575,5,0,0,path_count_below_K;high_overlap;high_demand
0.4,1225,1431,4.3154959175,5,0,0,path_count_below_K;high_demand
0.4,1225,777,1.0935994925,5,0,0,path_count_below_K
0.4,1250,1252,0.86650236,5,0,0,path_count_below_K
0.4,1252,1190,0.78313673,5,0,240,path_count_below_K;dynamic_enrichment
0.4,1252,1224,2.0885145125,5,0,0,path_count_below_K;high_demand
0.4,1252,1225,0.8906958275,5,0,200,path_count_below_K;dynamic_enrichment
0.4,1252,1250,1.22284817,5,0,0,path_count_below_K
0.4,1252,1255,1.59516226,5,0,0,path_count_below_K;high_demand
0.4,1252,1431,2.07326633,5,0,0,path_count_below_K;high_demand
0.4,1252,1432,1.9483329525,5,0,0,path_count_below_K;high_demand
0.4,1252,1435,1.657617995,5,0,0,path_count_below_K;high_demand
0.4,1252,784,1.0711584,5,0,0,path_count_below_K
0.4,1252,797,0.9696535025,5,0,0,path_count_below_K
0.4,1255,1431,0.7584337325,5,0,260,path_count_below_K;dynamic_enrichment
0.4,1260,1271,1.4792234625,5,0,0,path_count_below_K;high_demand
0.4,1260,1431,1.1756512575,5,0,0,path_count_below_K
0.4,1260,1457,0.8423659575,5,0,220,path_count_below_K;dynamic_enrichment
0.4,1289,1271,0.8871793025,5,0,200,path_count_below_K;dynamic_enrichment
0.4,130,134,0.8217352575,5,0,0,path_count_below_K
0.4,130,342,1.197940565,5,0,0,path_count_below_K
0.4,1305,1361,1.1312723025,5,0,220,path_count_below_K;dynamic_enrichment
0.4,131,134,0.747782345,5,0,300,path_count_below_K;dynamic_enrichment
0.4,1311,1328,1.30219404,5,0,0,path_count_below_K;high_demand
0.4,1311,1782,0.87622543,5,0,260,path_count_below_K;dynamic_enrichment
0.4,1321,1338,1.7043178675,5,0,0,path_count_below_K;high_demand
0.4,1328,1338,1.04625546,5,0,0,path_count_below_K
0.4,1328,1347,0.7493842825,5,0,300,path_count_below_K;dynamic_enrichment
0.4,1338,1328,0.7253535125,5,0,420,path_count_below_K;dynamic_enrichment
0.4,134,128,1.0250699775,5,0,200,path_count_below_K;dynamic_enrichment
0.4,134,377,1.4161046025,5,0,0,path_count_below_K;high_demand
0.4,1347,1328,0.7752045475,5,0,240,path_count_below_K;dynamic_enrichment
0.4,1364,1782,0.7447859375,5,0,300,path_count_below_K;dynamic_enrichment
0.4,1430,1431,0.77210701,5,0,260,path_count_below_K;dynamic_enrichment
0.4,1431,1255,1.3049047,5,0,0,path_count_below_K;high_demand
0.4,1431,1271,1.1593266875,5,0,120,path_count_below_K;dynamic_enrichment
0.4,1431,1430,3.4879156175,5,0,0,path_count_below_K;high_demand
0.4,1431,1432,0.7994097175,5,0,200,path_count_below_K;dynamic_enrichment
0.4,1431,1435,1.800386345,2,0,0,path_count_below_K;high_demand
0.4,1431,1457,2.3758414125,5,0,0,path_count_below_K;high_demand
0.4,1432,1252,0.941923695,5,0,0,path_count_below_K
0.4,1432,1431,1.2287675975,5,0,0,path_count_below_K
0.4,1432,1435,1.0606275425,3,0,0,path_count_below_K
0.4,1433,1431,0.9643555725,4,0,0,path_count_below_K
0.4,1433,1432,0.7465882975,5,0,300,path_count_below_K;dynamic_enrichment
0.4,1433,1435,0.8266255525,5,0,0,path_count_below_K
0.4,1435,1431,1.2816758175,2,0,0,path_count_below_K
0.4,144,389,0.8935146,5,0,260,path_count_below_K;dynamic_enrichment
0.4,1528,1551,0.7746788625,5,0,260,path_count_below_K;dynamic_enrichment
0.4,1564,1074,0.8046521325,5,0,200,path_count_below_K;dynamic_enrichment
0.4,1569,1577,0.94937994,5,0,0,path_count_below_K
0.4,160,407,0.9785561925,5,0,0,path_count_below_K
0.4,1632,1585,0.90843398,5,0,0,path_count_below_K
0.4,168,4,0.724272905,5,0,420,path_count_below_K;dynamic_enrichment
0.4,1720,1723,0.75034837,5,0,420,path_count_below_K;dynamic_enrichment
0.4,1721,1723,1.4158934375,5,0,0,path_count_below_K;high_demand
0.4,189,191,0.75683127,5,0,260,path_count_below_K;dynamic_enrichment
0.4,252,258,0.8833910775,5,0,240,path_count_below_K;dynamic_enrichment
0.4,271,288,1.0000250825,5,0,280,path_count_below_K;dynamic_enrichment
0.4,278,279,0.848790915,5,0,0,path_count_below_K
0.4,278,550,1.046657255,5,0,0,path_count_below_K
0.4,288,312,0.8001263775,5,0,420,path_count_below_K;dynamic_enrichment
0.4,288,33,0.7508743325,5,0,380,path_count_below_K;dynamic_enrichment
0.4,297,299,0.944278265,5,0,0,path_count_below_K
0.4,297,324,1.1750189525,5,0,220,path_count_below_K;dynamic_enrichment
0.4,297,33,0.773445845,5,0,260,path_count_below_K;dynamic_enrichment
0.4,297,41,0.8430854425,5,0,220,path_count_below_K;dynamic_enrichment
0.4,310,299,1.1973269875,5,0,280,path_count_below_K;dynamic_enrichment
0.4,310,312,1.84389456,5,0,360,path_count_below_K;high_demand;dynamic_enrichment
0.4,310,317,1.492142015,5,0,0,path_count_below_K;high_demand
0.4,310,324,2.1022286975,5,0,0,path_count_below_K;high_demand
0.4,310,336,1.70655425,5,0,0,path_count_below_K;high_demand
0.4,310,39,1.0308809125,5,0,120,path_count_below_K;dynamic_enrichment
0.4,310,41,1.495792905,5,0,0,path_count_below_K;high_overlap;high_demand
0.4,310,46,0.837833515,5,0,240,path_count_below_K;dynamic_enrichment
0.4,315,321,0.77099782,5,0,260,path_count_below_K;dynamic_enrichment
0.4,317,324,0.9459193925,5,0,180,path_count_below_K;dynamic_enrichment
0.4,321,324,1.05802233,5,0,0,path_count_below_K
0.4,324,312,0.751595225,5,0,300,path_count_below_K;dynamic_enrichment
0.4,324,317,0.918930535,5,0,0,path_count_below_K
0.4,324,321,0.7873530375,5,0,220,path_count_below_K;dynamic_enrichment
0.4,324,336,1.7027427725,5,0,180,path_count_below_K;dynamic_enrichment
0.4,324,342,1.0978911375,5,0,120,path_count_below_K;dynamic_enrichment
0.4,324,41,1.3502323075,5,0,0,path_count_below_K;high_demand
0.4,331,334,0.8435580275,5,0,0,path_count_below_K
0.4,331,336,0.7173927725,5,0,420,path_count_below_K;dynamic_enrichment
0.4,334,336,1.0910599025,5,0,120,path_count_below_K;dynamic_enrichment
0.4,334,342,0.8886604575,5,0,0,path_count_below_K
0.4,336,324,1.32326125,5,0,0,path_count_below_K;high_demand
0.4,336,334,1.3584444025,5,0,0,path_count_below_K;high_demand
0.4,336,342,1.806687015,5,0,0,path_count_below_K;high_demand
0.4,336,52,0.9929360975,5,0,360,path_count_below_K;dynamic_enrichment
0.4,342,334,0.8611075325,5,0,0,path_count_below_K
0.4,342,336,1.4448193625,5,0,0,path_count_below_K;high_demand
0.4,342,49,1.0625097625,5,0,120,path_count_below_K;dynamic_enrichment
0.4,361,363,1.1441375075,5,0,0,path_count_below_K
0.4,361,375,2.0338693275,5,0,0,path_count_below_K;high_demand
0.4,361,377,1.5348940025,5,0,0,path_count_below_K;high_demand
0.4,361,379,1.688774495,5,0,0,path_count_below_K;high_demand
0.4,41,317,0.815243805,5,0,0,path_count_below_K
0.4,41,324,1.56475915,5,0,0,path_count_below_K;high_demand
0.4,41,39,1.436061015,5,0,0,path_count_below_K;high_demand
0.4,46,39,0.8941573275,5,0,280,path_count_below_K;dynamic_enrichment
0.4,46,41,1.6430196275,5,0,0,path_count_below_K;high_demand
0.4,46,49,1.7456947475,5,0,0,path_count_below_K;high_demand
0.4,46,52,1.6169454825,5,0,0,path_count_below_K;high_demand
0.4,49,46,0.88758397,5,0,180,path_count_below_K;dynamic_enrichment
0.4,49,52,1.122389345,5,0,240,path_count_below_K;dynamic_enrichment
0.4,503,258,1.75191284,5,0,0,path_count_below_K;high_demand
0.4,503,519,0.77559637,5,0,220,path_count_below_K;dynamic_enrichment
0.4,52,104,1.89268139,5,0,0,path_count_below_K;high_overlap;high_demand
0.4,52,130,1.6837725325,5,0,0,path_count_below_K;high_demand
0.4,52,134,1.6785846225,5,0,0,path_count_below_K;high_demand
0.4,52,336,2.066009665,5,0,200,path_count_below_K;high_demand;dynamic_enrichment
0.4,52,342,2.520712795,5,0,0,path_count_below_K;high_demand
0.4,52,345,1.3343297775,5,0,0,path_count_below_K;high_demand
0.4,52,46,2.237328765,5,0,0,path_count_below_K;high_demand
0.4,52,49,3.0649544525,5,0,0,path_count_below_K;high_demand
0.4,528,1134,1.7251425575,5,0,0,path_count_below_K;high_demand
0.4,528,1142,3.2939786475,5,0,0,path_count_below_K;high_overlap;high_demand
0.4,528,1151,2.8084736475,5,0,0,path_count_below_K;high_demand
0.4,528,1190,2.3298701075,5,0,200,path_count_below_K;high_demand;dynamic_enrichment
0.4,528,321,1.43674781,5,0,0,path_count_below_K;high_overlap;high_demand
0.4,528,352,0.88381111,5,0,380,path_count_below_K;dynamic_enrichment
0.4,528,539,1.3323985675,5,0,0,path_count_below_K;high_demand
0.4,528,550,2.9422736475,5,0,0,path_count_below_K;high_demand
0.4,528,560,2.6226961625,5,0,260,path_count_below_K;high_demand;dynamic_enrichment
0.4,528,570,1.4570721725,5,0,0,path_count_below_K;high_demand
0.4,528,717,2.7414577475,5,0,0,path_count_below_K;high_demand
0.4,528,726,2.01963872,5,0,0,path_count_below_K;high_demand
0.4,531,1142,0.7739189875,5,0,280,path_count_below_K;dynamic_enrichment
0.4,539,528,1.4863749925,5,0,300,path_count_below_K;dynamic_enrichment
0.4,539,550,1.481537005,5,0,0,path_count_below_K;high_demand
0.4,539,560,1.39404085,5,0,0,path_count_below_K;high_demand
0.4,539,726,0.758720035,5,0,260,path_count_below_K;dynamic_enrichment
0.4,560,578,0.9934054025,5,0,0,path_count_below_K
0.4,560,584,1.85489091,5,0,320,path_count_below_K;high_demand;dynamic_enrichment
0.4,560,726,0.760578605,5,0,300,path_count_below_K;dynamic_enrichment
0.4,560,754,1.6901995625,5,0,0,path_count_below_K;high_demand
0.4,578,560,1.91124302,5,0,0,path_count_below_K;high_demand
0.4,578,584,2.869912425,5,0,0,path_count_below_K;high_demand
0.4,578,770,0.95736071,5,0,0,path_count_below_K
0.4,580,584,1.20079606,5,0,120,path_count_below_K;dynamic_enrichment
0.4,59,104,1.73957909,5,0,0,path_count_below_K;high_demand
0.4,622,610,0.8689351975,5,0,0,path_count_below_K
0.4,667,398,0.750708045,5,0,300,path_count_below_K;dynamic_enrichment
0.4,707,1521,0.864799735,5,0,0,path_count_below_K
0.4,707,1542,0.743282595,5,0,380,path_count_below_K;dynamic_enrichment
0.4,707,706,2.1533770225,5,0,0,path_count_below_K;high_demand
0.4,717,1190,0.805793165,5,0,180,path_count_below_K;dynamic_enrichment
0.4,726,1190,1.8089429425,5,0,0,path_count_below_K;high_demand
0.4,726,1224,1.21329518,5,0,0,path_count_below_K
0.4,726,560,1.286077355,5,0,0,path_count_below_K
0.4,726,751,0.977928685,5,0,0,path_count_below_K
0.4,726,754,1.7046849875,5,0,0,path_count_below_K;high_demand
0.4,726,777,1.6116245725,5,0,0,path_count_below_K;high_demand
0.4,726,784,1.4902747425,5,0,0,path_count_below_K;high_demand
0.4,751,726,1.14609824,5,0,0,path_count_below_K
0.4,751,754,1.591986945,5,0,0,path_count_below_K;high_demand
0.4,751,770,0.8311939025,5,0,180,path_count_below_K;dynamic_enrichment
0.4,754,726,0.7547872425,5,0,280,path_count_below_K;dynamic_enrichment
0.4,770,578,0.8990299025,5,0,0,path_count_below_K
0.4,770,584,1.605665385,5,0,0,path_count_below_K;high_demand
0.4,777,1190,0.8609202,5,0,0,path_count_below_K
0.4,777,1224,1.0793611225,5,0,0,path_count_below_K
0.4,777,726,1.36146414,5,0,0,path_count_below_K;high_demand
0.4,784,1252,1.4140075975,5,0,0,path_count_below_K;high_demand
0.4,784,1255,0.72880236,5,0,420,path_count_below_K;dynamic_enrichment
0.4,784,726,1.359982825,5,0,0,path_count_below_K;high_demand
0.4,784,777,1.333082345,5,0,0,path_count_below_K;high_demand
0.4,793,797,0.7309676,5,0,400,path_count_below_K;dynamic_enrichment
0.4,807,820,1.55008668,5,0,0,path_count_below_K;high_demand
0.4,807,971,1.02005716,5,0,220,path_count_below_K;dynamic_enrichment
0.4,811,560,1.42103316,5,0,0,path_count_below_K;high_demand
0.4,811,578,0.7156556175,5,0,420,path_count_below_K;dynamic_enrichment
0.4,811,584,1.5746374725,5,0,0,path_count_below_K;high_demand
0.4,811,751,1.4404120525,5,0,0,path_count_below_K;high_demand
0.4,811,754,1.8427704475,5,0,0,path_count_below_K;high_demand
0.4,811,770,1.4048035225,5,0,0,path_count_below_K;high_overlap;high_demand
0.4,811,784,2.1287450375,5,0,0,path_count_below_K;high_demand
0.4,811,797,1.8384260925,5,0,0,path_count_below_K;high_demand
0.4,811,820,2.4495230925,5,0,0,path_count_below_K;high_demand
0.4,811,889,0.81475653,5,0,180,path_count_below_K;dynamic_enrichment
0.4,811,982,0.7524674025,5,0,400,path_count_below_K;dynamic_enrichment
0.4,82,128,0.7457367075,5,0,380,path_count_below_K;dynamic_enrichment
0.4,820,807,0.73092444,5,0,420,path_count_below_K;dynamic_enrichment
0.4,820,844,1.23193769,5,0,180,path_count_below_K;dynamic_enrichment
0.4,839,1271,1.000477635,5,0,280,path_count_below_K;dynamic_enrichment
0.4,844,1031,1.1529262725,5,0,0,path_count_below_K
0.4,844,1271,1.0293720075,5,0,280,path_count_below_K;dynamic_enrichment
0.4,844,839,1.1903732275,5,0,0,path_count_below_K
0.4,85,134,1.523858855,5,0,0,path_count_below_K;high_demand
0.4,85,342,0.742230405,5,0,400,path_count_below_K;dynamic_enrichment
0.4,85,52,0.8591489175,5,0,0,path_count_below_K
0.4,889,879,0.7219578425,5,0,420,path_count_below_K;dynamic_enrichment
0.4,899,902,1.224609815,5,0,0,path_count_below_K
0.4,902,1004,0.80202695,5,0,200,path_count_below_K;dynamic_enrichment
0.4,912,1002,0.831936185,5,0,240,path_count_below_K;dynamic_enrichment
0.4,912,1004,1.5744847475,5,0,100,path_count_below_K;dynamic_enrichment
0.4,912,1013,1.35165807,5,0,0,path_count_below_K;high_demand
0.4,912,1022,1.2357057375,5,0,0,path_count_below_K
0.4,912,1569,1.9400369925,5,0,280,path_count_below_K;high_demand;dynamic_enrichment
0.4,912,375,3.1686005425,5,0,0,path_count_below_K;high_demand
0.4,912,377,2.200444435,5,0,0,path_count_below_K;high_demand
0.4,912,379,2.9653621525,5,0,0,path_count_below_K;high_demand
0.4,912,389,2.5463718825,5,0,0,path_count_below_K;high_demand
0.4,912,398,2.1904020925,5,0,360,path_count_below_K;high_demand;dynamic_enrichment
0.4,912,429,1.933870275,5,0,180,path_count_below_K;dynamic_enrichment
0.4,912,625,1.07701149,5,0,260,path_count_below_K;dynamic_enrichment
0.4,912,642,1.43342865,5,0,0,path_count_below_K;high_demand
0.4,912,643,1.2280546175,5,0,200,path_count_below_K;dynamic_enrichment
0.4,912,646,1.04208466,5,0,0,path_count_below_K
0.4,912,667,2.0381572725,5,0,0,path_count_below_K;high_demand
0.4,912,879,1.48661857,5,0,100,path_count_below_K;dynamic_enrichment
0.4,912,889,2.997040075,5,0,200,path_count_below_K;high_demand;dynamic_enrichment
0.4,912,899,2.4558376425,5,0,40,path_count_below_K;high_overlap;high_demand;dynamic_enrichment
0.4,912,902,3.4738673725,5,0,40,path_count_below_K;high_demand;dynamic_enrichment
0.4,912,926,2.3996794075,5,0,280,path_count_below_K;high_demand;dynamic_enrichment
0.4,912,934,2.33047824,5,0,0,path_count_below_K;high_demand
0.4,912,936,0.8089487975,5,0,200,path_count_below_K;dynamic_enrichment
0.4,912,937,1.708432605,5,0,0,path_count_below_K;high_demand
0.4,912,955,2.0355428575,5,0,0,path_count_below_K;high_demand
0.4,926,1013,1.13328766,5,0,120,path_count_below_K;dynamic_enrichment
0.4,926,1022,1.30617676,5,0,0,path_count_below_K;high_demand
0.4,926,1029,1.45582907,5,0,0,path_count_below_K;high_demand
0.4,926,1059,1.167520015,5,0,120,path_count_below_K;dynamic_enrichment
0.4,926,379,1.004475845,5,0,0,path_count_below_K
0.4,926,902,2.2083254925,5,0,0,path_count_below_K;high_demand
0.4,926,934,1.30934894,5,0,0,path_count_below_K;high_demand
0.4,937,955,1.035844095,5,0,0,path_count_below_K
0.4,955,1029,0.7441389875,5,0,300,path_count_below_K;dynamic_enrichment
0.4,955,1569,1.2430367975,5,0,220,path_count_below_K;dynamic_enrichment
0.4,955,1577,1.00299022,5,0,220,path_count_below_K;dynamic_enrichment
0.4,970,969,0.81793101,5,0,0,path_count_below_K
0.4,970,971,0.71249198,5,0,420,path_count_below_K;dynamic_enrichment
0.4,971,1031,0.7810415225,5,0,220,path_count_below_K;dynamic_enrichment
0.4,974,982,1.0766875,5,0,0,path_count_below_K
0.4,974,987,0.9467323175,5,0,0,path_count_below_K
