rank_within_available_evaluations,mode,source,repair_cost_usd,budget_remaining_usd,repaired_station_count,repaired_stations,repaired_road_component_count,served_total,served_ev,served_non_ev,finite_system_time_min,physical_in_vehicle_time_min,physical_wait_vehicle_min,physical_service_vehicle_min,unstable_station_entries,potential_total,potential_ev,ev_completion_target,ev_target_shortfall,ev_target_rate,ev_target_feasible,completion_shortfall,completion_rate,completion_feasible,queue_feasible,hard_feasible,feasibility_violation,max_station_utilization,station_utilization_violation,unstable_station_count,nonfinite_wait_station_count
1,focus_4252f98217,BIHMH gen 72 focus / swap_fix,4999381.04,618.9599999999627,2,C5;C7,962,231741.67305118247,10017.323051182451,221724.35,6961349.867834137,6940298.165267346,200.57108694264053,20851.131479848642,0.0,231793.45337764,10069.10337764,9972.989425470487,0.0,1.0,True,0.0,1.0,True,True,True,0.0,0.8551004578094787,0.0,0,0
2,focus_4252f98217,BIHMH gen 73 focus / swap_fix,4999821.52,178.48000000044703,2,C5;C7,968,231741.67305118247,10017.323051182451,221724.35,6962490.021541075,6941438.226420633,200.68668137086524,20851.108439071544,0.0,231793.45337764,10069.10337764,9972.989425470487,0.0,1.0,True,0.0,1.0,True,True,True,0.0,0.8551568397711884,0.0,0,0
3,focus_4252f98217,BIHMH gen 75 focus / swap_fix,4999601.28,398.71999999973923,2,C5;C7,971,231741.67305118247,10017.323051182451,221724.35,6962898.954109395,6941847.01759066,200.62747816045894,20851.30904057477,0.0,231793.45337764,10069.10337764,9972.989425470487,0.0,1.0,True,0.0,1.0,True,True,True,0.0,0.8551372186230191,0.0,0,0
4,focus_4252f98217,BIHMH gen 76 focus / remove_fix,4999821.52,178.48000000044703,2,C5;C7,974,231741.67305118247,10017.323051182451,221724.35,6963265.0770707,6942213.41061734,200.56997398852954,20851.09647937094,0.0,231793.45337764,10069.10337764,9972.989425470487,0.0,1.0,True,0.0,1.0,True,True,True,0.0,0.8550971059681147,0.0,0,0
5,focus_4252f98217,BIHMH gen 70 focus / swap_fix,4999821.52,178.48000000044703,2,C5;C7,971,231741.67305118247,10017.323051182451,221724.35,6963585.404541661,6942533.472959708,200.61286524736119,20851.31871670455,0.0,231793.45337764,10069.10337764,9972.989425470487,0.0,1.0,True,0.0,1.0,True,True,True,0.0,0.8551319082602326,0.0,0,0
6,focus_4252f98217,BIHMH gen 75 focus / remove_fix,4999821.52,178.48000000044703,2,C5;C7,968,231741.67305118247,10017.323051182451,221724.35,6963756.066670154,6942704.4143933095,200.1747059419863,20851.477570902323,0.0,231793.45337764,10069.10337764,9972.989425470487,0.0,1.0,True,0.0,1.0,True,True,True,0.0,0.8549297276452813,0.0,0,0
7,focus_4252f98217,BIHMH gen 76 focus / swap_fix,4999821.52,178.48000000044703,2,C5;C7,967,231741.67305118247,10017.323051182451,221724.35,6963960.154849977,6942908.551359255,200.62720521039668,20850.976285511806,0.0,231793.45337764,10069.10337764,9972.989425470487,0.0,1.0,True,0.0,1.0,True,True,True,0.0,0.8551160653509896,0.0,0,0
8,focus_4252f98217,BIHMH gen 75 focus / remove_fix,4999381.04,618.9599999999627,2,C5;C7,970,231741.67305118247,10017.323051182451,221724.35,6964332.179047491,6943280.350458354,200.09742716912805,20851.73116196904,0.0,231793.45337764,10069.10337764,9972.989425470487,0.0,1.0,True,0.0,1.0,True,True,True,0.0,0.8549123532532563,0.0,0,0
9,focus_4252f98217,BIHMH gen 77 focus / remove_fix,4999601.28,398.71999999973923,2,C5;C7,968,231741.67305118247,10017.323051182451,221724.35,6964596.540913826,6943544.683502785,200.52360349860783,20851.33380754153,0.0,231793.45337764,10069.10337764,9972.989425470487,0.0,1.0,True,0.0,1.0,True,True,True,0.0,0.8550926124392245,0.0,0,0
10,focus_4252f98217,BIHMH gen 72 focus / remove_fix,4999821.52,178.48000000044703,2,C5;C7,973,231741.67305118247,10017.323051182451,221724.35,6965106.110324974,6944054.171635945,200.30545123140098,20851.633237797887,0.0,231793.45337764,10069.10337764,9972.989425470487,0.0,1.0,True,0.0,1.0,True,True,True,0.0,0.8550071072932709,0.0,0,0
11,focus_4252f98217,BIHMH gen 76 focus / swap_fix,4999821.52,178.48000000044703,2,C5;C7,971,231741.67305118247,10017.323051182451,221724.35,6965229.013799513,6944176.845349562,200.52463297211546,20851.643816979027,0.0,231793.45337764,10069.10337764,9972.989425470487,0.0,1.0,True,0.0,1.0,True,True,True,0.0,0.8551177645194566,0.0,0,0
12,focus_4252f98217,BIHMH gen 70 focus / swap_fix,4999821.52,178.48000000044703,2,C5;C7,980,231741.67305118247,10017.323051182451,221724.35,6966352.444483127,6945300.390035271,200.62856663601482,20851.42588122055,0.0,231793.45337764,10069.10337764,9972.989425470487,0.0,1.0,True,0.0,1.0,True,True,True,0.0,0.8551514884454462,0.0,0,0
13,focus_4252f98217,BIHMH gen 75 focus / remove_fix,4999821.52,178.48000000044703,2,C5;C7,967,231741.67305118247,10017.323051182451,221724.35,6966644.462216395,6945592.427769372,200.47872266377462,20851.555724359303,0.0,231793.45337764,10069.10337764,9972.989425470487,0.0,1.0,True,0.0,1.0,True,True,True,0.0,0.8550880790238801,0.0,0,0
14,focus_4252f98217,BIHMH gen 76 focus / swap_fix,4999821.52,178.48000000044703,2,C5;C7,971,231741.67305118247,10017.323051182451,221724.35,6966716.440222949,6945664.785763683,200.37148282661906,20851.28297643967,0.0,231793.45337764,10069.10337764,9972.989425470487,0.0,1.0,True,0.0,1.0,True,True,True,0.0,0.855014170439823,0.0,0,0
15,focus_4252f98217,BIHMH gen 78 focus / swap_fix,4999821.52,178.48000000044703,2,C5;C7,978,231741.67305118247,10017.323051182451,221724.35,6967610.317410639,6946558.291999776,200.21894081121204,20851.806470051648,0.0,231793.45337764,10069.10337764,9972.989425470487,0.0,1.0,True,0.0,1.0,True,True,True,0.0,0.8549781281716746,0.0,0,0
16,focus_4252f98217,BIHMH gen 77 focus / swap_fix,4999601.28,398.71999999973923,2,C5;C7,971,231741.67305118247,10017.323051182451,221724.35,6967756.78487533,6946705.10331226,199.9456037868249,20851.73595928264,0.0,231793.45337764,10069.10337764,9972.989425470487,0.0,1.0,True,0.0,1.0,True,True,True,0.0,0.8548340898327548,0.0,0,0
17,focus_4252f98217,BIHMH gen 76 focus / swap_fix,4999821.52,178.48000000044703,2,C5;C7,970,231741.67305118247,10017.323051182451,221724.35,6968192.025668583,6947140.317050281,200.16565081392955,20851.54296748852,0.0,231793.45337764,10069.10337764,9972.989425470487,0.0,1.0,True,0.0,1.0,True,True,True,0.0,0.8549294812214885,0.0,0,0
18,focus_4252f98217,BIHMH gen 74 focus / swap_fix,4999601.28,398.71999999973923,2,C5;C7,979,231741.67305118247,10017.323051182451,221724.35,6968250.648986021,6947198.86988806,199.7918836349916,20851.987214325847,0.0,231793.45337764,10069.10337764,9972.989425470487,0.0,1.0,True,0.0,1.0,True,True,True,0.0,0.854776957395684,0.0,0,0
19,focus_4252f98217,BIHMH gen 74 focus / swap_fix,4999381.04,618.9599999999627,2,C5;C7,971,231741.67305118247,10017.323051182451,221724.35,6968252.333988377,6947200.32918084,200.70734859743638,20851.29745893899,0.0,231793.45337764,10069.10337764,9972.989425470487,0.0,1.0,True,0.0,1.0,True,True,True,0.0,0.8551792719813583,0.0,0,0
20,focus_4252f98217,BIHMH gen 75 focus / remove_fix,4999821.52,178.48000000044703,2,C5;C7,975,231741.67305118247,10017.323051182451,221724.35,6968262.359922472,6947210.58027016,200.573961281857,20851.205691030646,0.0,231793.45337764,10069.10337764,9972.989425470487,0.0,1.0,True,0.0,1.0,True,True,True,0.0,0.8551080588441664,0.0,0,0
21,focus_4252f98217,BIHMH gen 78 focus / swap_fix,4999821.52,178.48000000044703,2,C5;C7,979,231741.67305118247,10017.323051182451,221724.35,6969232.208931512,6948180.065924619,200.78093477633217,20851.362072116437,0.0,231793.45337764,10069.10337764,9972.989425470487,0.0,1.0,True,0.0,1.0,True,True,True,0.0,0.8552212876752027,0.0,0,0
22,focus_4252f98217,BIHMH gen 72 focus / swap_fix,4999821.52,178.48000000044703,2,C5;C7,976,231741.67305118247,10017.323051182451,221724.35,6969830.735476582,6948778.878353853,200.84467972239773,20851.012443007374,0.0,231793.45337764,10069.10337764,9972.989425470487,0.0,1.0,True,0.0,1.0,True,True,True,0.0,0.8552255281099863,0.0,0,0
23,focus_4252f98217,BIHMH gen 71 focus / remove_fix,4999381.04,618.9599999999627,2,C5;C7,974,231741.67305118247,10017.323051182451,221724.35,6969989.648234471,6948937.757734335,200.48055989465584,20851.409940241123,0.0,231793.45337764,10069.10337764,9972.989425470487,0.0,1.0,True,0.0,1.0,True,True,True,0.0,0.8550772555716714,0.0,0,0
24,focus_4252f98217,BIHMH gen 74 focus / swap_fix,4999381.04,618.9599999999627,2,C5;C7,973,231741.67305118247,10017.323051182451,221724.35,6970524.248219779,6949472.175887683,200.25067427427499,20851.821657821394,0.0,231793.45337764,10069.10337764,9972.989425470487,0.0,1.0,True,0.0,1.0,True,True,True,0.0,0.8549950536048353,0.0,0,0
25,focus_4252f98217,BIHMH gen 78 focus / swap_fix,4999821.52,178.48000000044703,2,C5;C7,979,231741.67305118247,10017.323051182451,221724.35,6970611.848715544,6949559.905349359,200.4671594779902,20851.476206706506,0.0,231793.45337764,10069.10337764,9972.989425470487,0.0,1.0,True,0.0,1.0,True,True,True,0.0,0.855075437238398,0.0,0,0
26,focus_4252f98217,BIHMH gen 74 focus / remove_fix,4999821.52,178.48000000044703,2,C5;C7,969,231741.67305118247,10017.323051182451,221724.35,6970973.147699131,6949921.452272728,200.11255823391417,20851.58286816896,0.0,231793.45337764,10069.10337764,9972.989425470487,0.0,1.0,True,0.0,1.0,True,True,True,0.0,0.8549071732122829,0.0,0,0
27,focus_4252f98217,BIHMH gen 77 focus / remove_fix,4999821.52,178.48000000044703,2,C5;C7,975,231741.67305118247,10017.323051182451,221724.35,6971057.97000407,6950005.849657031,200.4977241713406,20851.622622866857,0.0,231793.45337764,10069.10337764,9972.989425470487,0.0,1.0,True,0.0,1.0,True,True,True,0.0,0.8551016515485708,0.0,0,0
28,focus_4252f98217,BIHMH gen 79 focus / remove_fix,4999821.52,178.48000000044703,2,C5;C7,974,231741.67305118247,10017.323051182451,221724.35,6971177.22627028,6950125.069435654,200.32833465004262,20851.82849997592,0.0,231793.45337764,10069.10337764,9972.989425470487,0.0,1.0,True,0.0,1.0,True,True,True,0.0,0.8550297564224083,0.0,0,0
29,focus_4252f98217,BIHMH gen 70 focus / swap_fix,4999381.04,618.9599999999627,2,C5;C7,972,231741.67305118247,10017.323051182451,221724.35,6971786.646615196,6950734.697026094,200.19930471895458,20851.75028438334,0.0,231793.45337764,10069.10337764,9972.989425470487,0.0,1.0,True,0.0,1.0,True,True,True,0.0,0.8549635812723794,0.0,0,0
30,focus_4252f98217,BIHMH gen 72 focus / swap_fix,4999821.52,178.48000000044703,2,C5;C7,975,231741.67305118247,10017.323051182451,221724.35,6972910.240319859,6951858.460819472,200.64165711996128,20851.13784326805,0.0,231793.45337764,10069.10337764,9972.989425470487,0.0,1.0,True,0.0,1.0,True,True,True,0.0,0.8551359817757817,0.0,0,0
31,focus_4252f98217,BIHMH gen 70 focus / swap_fix,4999381.04,618.9599999999627,2,C5;C7,975,231741.67305118247,10017.323051182451,221724.35,6973135.018223136,6952083.408403486,200.10177578323868,20851.508043866637,0.0,231793.45337764,10069.10337764,9972.989425470487,0.0,1.0,True,0.0,1.0,True,True,True,0.0,0.8548950208330692,0.0,0,0
32,focus_e0abbcfe9a,BIHMH gen 19 focus / remove_fix,4999821.52,178.48000000044703,2,C5;C7,963,233415.88529642497,9879.695296424967,223536.19,6978835.650132703,6960216.342952367,36.20447134369105,18583.102708991395,0.0,233459.63164342,9923.44164342,9828.718095582499,0.0,1.0,True,0.0,1.0,True,True,True,0.0,0.7926341504221526,0.0,0,0
33,focus_e0abbcfe9a,BIHMH gen 10 focus / remove_fix,4999601.28,398.71999999973923,2,C5;C7,966,233415.88529642497,9879.695296424967,223536.19,6979049.658228943,6960430.055421831,36.13098476408032,18583.47182234825,0.0,233459.63164342,9923.44164342,9828.718095582499,0.0,1.0,True,0.0,1.0,True,True,True,0.0,0.7925246661737249,0.0,0,0
34,focus_e0abbcfe9a,BIHMH gen 16 focus / swap_fix,4999821.52,178.48000000044703,2,C5;C7,971,233415.88529642497,9879.695296424967,223536.19,6980326.598427954,6961706.970726409,36.013468879195365,18583.61423266588,0.0,233459.63164342,9923.44164342,9828.718095582499,0.0,1.0,True,0.0,1.0,True,True,True,0.0,0.7923294880911472,0.0,0,0
35,focus_e0abbcfe9a,BIHMH gen 19 focus / swap_fix,4999601.28,398.71999999973923,2,C5;C7,968,233415.88529642497,9879.695296424967,223536.19,6981815.95946778,6963196.294225416,35.96944688466879,18583.695795479605,0.0,233459.63164342,9923.44164342,9828.718095582499,0.0,1.0,True,0.0,1.0,True,True,True,0.0,0.7922572897973307,0.0,0,0
36,focus_e0abbcfe9a,BIHMH gen 16 focus / swap_fix,4999821.52,178.48000000044703,2,C5;C7,966,233415.88529642497,9879.695296424967,223536.19,6982771.914131655,6964152.2261304,36.09223454461757,18583.59576671087,0.0,233459.63164342,9923.44164342,9828.718095582499,0.0,1.0,True,0.0,1.0,True,True,True,0.0,0.7924635313839582,0.0,0,0
37,focus_e0abbcfe9a,BIHMH gen 19 focus / swap_fix,4999821.52,178.48000000044703,2,C5;C7,967,233415.88529642497,9879.695296424967,223536.19,6984427.705135085,6965808.353696706,36.16093371931606,18583.19050465976,0.0,233459.63164342,9923.44164342,9828.718095582499,0.0,1.0,True,0.0,1.0,True,True,True,0.0,0.7925641635249567,0.0,0,0
38,focus_e0abbcfe9a,BIHMH gen 15 focus / swap_fix,4999821.52,178.48000000044703,2,C5;C7,969,233415.88529642497,9879.695296424967,223536.19,6985505.059462364,6966886.018559843,36.17541704475786,18582.865485475097,0.0,233459.63164342,9923.44164342,9828.718095582499,0.0,1.0,True,0.0,1.0,True,True,True,0.0,0.7925759983992442,0.0,0,0
39,focus_e0abbcfe9a,BIHMH gen 16 focus / swap_fix,4999381.04,618.9599999999627,2,C5;C7,966,233415.88529642497,9879.695296424967,223536.19,6985913.386241083,6967293.803732416,36.015485714701335,18583.56702295264,0.0,233459.63164342,9923.44164342,9828.718095582499,0.0,1.0,True,0.0,1.0,True,True,True,0.0,0.7923311242835868,0.0,0,0
40,focus_e0abbcfe9a,BIHMH gen 17 focus / remove_fix,4999381.04,618.9599999999627,2,C5;C7,972,233415.88529642497,9879.695296424967,223536.19,6987078.6914775595,6968459.246183431,36.101440410419855,18583.343853718394,0.0,233459.63164342,9923.44164342,9828.718095582499,0.0,1.0,True,0.0,1.0,True,True,True,0.0,0.7924696320870505,0.0,0,0
41,focus_e0abbcfe9a,BIHMH gen 18 focus / swap_fix,4999821.52,178.48000000044703,2,C5;C7,977,233415.88529642497,9879.695296424967,223536.19,6987372.162747592,6968752.717134107,36.09303897647647,18583.352574508855,0.0,233459.63164342,9923.44164342,9828.718095582499,0.0,1.0,True,0.0,1.0,True,True,True,0.0,0.7924552740370856,0.0,0,0
42,focus_e0abbcfe9a,BIHMH gen 18 focus / swap_fix,4999381.04,618.9599999999627,2,C5;C7,966,233415.88529642497,9879.695296424967,223536.19,6988198.324979028,6969578.775596304,36.068028854706526,18583.481353868323,0.0,233459.63164342,9923.44164342,9828.718095582499,0.0,1.0,True,0.0,1.0,True,True,True,0.0,0.7924178494267583,0.0,0,0
43,focus_e0abbcfe9a,BIHMH gen 13 focus / remove_fix,4999821.52,178.48000000044703,2,C5;C7,966,233415.88529642497,9879.695296424967,223536.19,6989694.130459484,6971074.379228295,35.97635936827313,18583.774871820875,0.0,233459.63164342,9923.44164342,9828.718095582499,0.0,1.0,True,0.0,1.0,True,True,True,0.0,0.7922724534262066,0.0,0,0
44,focus_e0abbcfe9a,BIHMH gen 15 focus / remove_fix,4999821.52,178.48000000044703,2,C5;C7,969,233415.88529642497,9879.695296424967,223536.19,6990299.116770219,6971679.545877546,36.05449755972495,18583.516395113234,0.0,233459.63164342,9923.44164342,9828.718095582499,0.0,1.0,True,0.0,1.0,True,True,True,0.0,0.7923960804431859,0.0,0,0
45,focus_e0abbcfe9a,BIHMH gen 19 focus / swap_fix,4999821.52,178.48000000044703,2,C5;C7,967,233415.88529642497,9879.695296424967,223536.19,6990339.504374302,6971719.954481038,36.04757195592288,18583.502321307205,0.0,233459.63164342,9923.44164342,9828.718095582499,0.0,1.0,True,0.0,1.0,True,True,True,0.0,0.7923838671454168,0.0,0,0
46,focus_e0abbcfe9a,BIHMH gen 14 focus / swap_fix,4999821.52,178.48000000044703,2,C5;C7,974,233415.88529642497,9879.695296424967,223536.19,6991681.544324303,6973062.373603804,36.09162554022003,18583.079094958477,0.0,233459.63164342,9923.44164342,9828.718095582499,0.0,1.0,True,0.0,1.0,True,True,True,0.0,0.7924428308190004,0.0,0,0
47,focus_e0abbcfe9a,BIHMH gen 15 focus / remove_fix,4999601.28,398.71999999973923,2,C5;C7,971,233415.88529642497,9879.695296424967,223536.19,6992415.752842007,6973796.164437264,36.03984178338331,18583.54856295967,0.0,233459.63164342,9923.44164342,9828.718095582499,0.0,1.0,True,0.0,1.0,True,True,True,0.0,0.7923724623506294,0.0,0,0
48,focus_e0abbcfe9a,BIHMH gen 14 focus / remove_fix,4999821.52,178.48000000044703,2,C5;C7,970,233415.88529642497,9879.695296424967,223536.19,6992988.616377644,6974369.612971129,36.199204331056194,18582.804202184514,0.0,233459.63164342,9923.44164342,9828.718095582499,0.0,1.0,True,0.0,1.0,True,True,True,0.0,0.7926136974076432,0.0,0,0
49,focus_e0abbcfe9a,BIHMH gen 14 focus / swap_fix,4999821.52,178.48000000044703,2,C5;C7,969,233415.88529642497,9879.695296424967,223536.19,6996535.5927983085,6977916.15709263,36.11044830078982,18583.32525737799,0.0,233459.63164342,9923.44164342,9828.718095582499,0.0,1.0,True,0.0,1.0,True,True,True,0.0,0.7924838223518886,0.0,0,0
50,focus_e0abbcfe9a,BIHMH gen 11 focus / swap_fix,4999601.28,398.71999999973923,2,C5;C7,970,233415.88529642497,9879.695296424967,223536.19,7003035.199706056,6984415.807824019,36.13287646303256,18583.259005573855,0.0,233459.63164342,9923.44164342,9828.718095582499,0.0,1.0,True,0.0,1.0,True,True,True,0.0,0.7925191072679237,0.0,0,0
51,focus_e0abbcfe9a,BIHMH gen 10 focus / swap_fix,4999539.68,460.320000000298,3,C2;C5;C7,938,233415.88529642497,9879.695296424967,223536.19,7008695.052820812,6990077.487101945,36.30021702429762,18581.265501842685,0.0,233459.63164342,9923.44164342,9828.718095582499,0.0,1.0,True,0.0,1.0,True,True,True,0.0,0.7927235123961174,0.0,0,0
52,focus_e0abbcfe9a,BIHMH gen 16 focus / swap_fix,4999539.68,460.320000000298,3,C2;C5;C7,941,233415.88529642497,9879.695296424967,223536.19,7014271.624605128,6995653.803518053,36.23036321474837,18581.590723859954,0.0,233459.63164342,9923.44164342,9828.718095582499,0.0,1.0,True,0.0,1.0,True,True,True,0.0,0.792618142045604,0.0,0,0
53,focus_e0abbcfe9a,BIHMH gen 11 focus / remove_fix,4999539.68,460.320000000298,3,C2;C5;C7,937,233415.88529642497,9879.695296424967,223536.19,7014861.354567151,6996243.790582869,36.18358192832372,18581.38040235247,0.0,233459.63164342,9923.44164342,9828.718095582499,0.0,1.0,True,0.0,1.0,True,True,True,0.0,0.792530673489511,0.0,0,0
54,focus_34131532b6,BIHMH gen 53 focus / swap_fix,4999821.52,178.48000000044703,2,C5;C7,970,236414.49598805996,10101.615988059973,226312.88,7019302.944166897,7000549.491767539,25.18477951247347,18728.2676198451,0.0,236461.27039319,10148.39039319,10051.519612121783,0.0,1.0,True,0.0,1.0,True,True,True,0.0,0.7837517452891046,0.0,0,0
55,focus_34131532b6,BIHMH gen 50 focus / swap_fix,4999601.28,398.71999999973923,2,C5;C7,965,236414.49598805996,10101.615988059973,226312.88,7020543.4612266645,7001790.159940524,25.207147036432417,18728.094139103505,0.0,236461.27039319,10148.39039319,10051.519612121783,0.0,1.0,True,0.0,1.0,True,True,True,0.0,0.7837841309491859,0.0,0,0
56,focus_34131532b6,BIHMH gen 59 focus / remove_fix,4999601.28,398.71999999973923,2,C5;C7,974,236414.49598805996,10101.615988059973,226312.88,7020747.517825264,7001994.15822605,25.17880176700167,18728.180797446723,0.0,236461.27039319,10148.39039319,10051.519612121783,0.0,1.0,True,0.0,1.0,True,True,True,0.0,0.7837428757991537,0.0,0,0
57,focus_34131532b6,BIHMH gen 56 focus / remove_fix,4999601.28,398.71999999973923,2,C5;C7,970,236414.49598805996,10101.615988059973,226312.88,7022665.36117585,7003912.072316445,25.216958478853137,18728.07190092578,0.0,236461.27039319,10148.39039319,10051.519612121783,0.0,1.0,True,0.0,1.0,True,True,True,0.0,0.7837984214465695,0.0,0,0
58,focus_34131532b6,BIHMH gen 55 focus / remove_fix,4999821.52,178.48000000044703,2,C5;C7,973,236414.49598805996,10101.615988059973,226312.88,7023825.489419903,7005071.842618417,25.233670830482733,18728.413130654506,0.0,236461.27039319,10148.39039319,10051.519612121783,0.0,1.0,True,0.0,1.0,True,True,True,0.0,0.783823576032467,0.0,0,0
59,focus_34131532b6,BIHMH gen 51 focus / swap_fix,4999821.52,178.48000000044703,2,C5;C7,977,236414.49598805996,10101.615988059973,226312.88,7025038.536512111,7006285.281559538,25.22779489104841,18728.02715768218,0.0,236461.27039319,10148.39039319,10051.519612121783,0.0,1.0,True,0.0,1.0,True,True,True,0.0,0.7838141369094731,0.0,0,0
60,focus_34131532b6,BIHMH gen 55 focus / swap_fix,4999821.52,178.48000000044703,2,C5;C7,974,236414.49598805996,10101.615988059973,226312.88,7025227.333008908,7006473.487819059,25.090190423127403,18728.754999426186,0.0,236461.27039319,10148.39039319,10051.519612121783,0.0,1.0,True,0.0,1.0,True,True,True,0.0,0.7836143614285305,0.0,0,0
61,focus_34131532b6,BIHMH gen 51 focus / swap_fix,4999381.04,618.9599999999627,2,C5;C7,967,236414.49598805996,10101.615988059973,226312.88,7025787.649502793,7007034.271313687,25.219639324446977,18728.158549782023,0.0,236461.27039319,10148.39039319,10051.519612121783,0.0,1.0,True,0.0,1.0,True,True,True,0.0,0.7838025764420473,0.0,0,0
62,focus_34131532b6,BIHMH gen 58 focus / swap_fix,4999601.28,398.71999999973923,2,C5;C7,967,236414.49598805996,10101.615988059973,226312.88,7025936.527294046,7007183.069673603,25.126228263039625,18728.3313921798,0.0,236461.27039319,10148.39039319,10051.519612121783,0.0,1.0,True,0.0,1.0,True,True,True,0.0,0.7836662231273903,0.0,0,0
63,focus_34131532b6,BIHMH gen 59 focus / swap_fix,4999821.52,178.48000000044703,2,C5;C7,972,236414.49598805996,10101.615988059973,226312.88,7026266.027403318,7007512.5423113005,25.112313063402265,18728.372778953977,0.0,236461.27039319,10148.39039319,10051.519612121783,0.0,1.0,True,0.0,1.0,True,True,True,0.0,0.7836458891982263,0.0,0,0
64,focus_34131532b6,BIHMH gen 56 focus / remove_fix,4999601.28,398.71999999973923,2,C5;C7,977,236414.49598805996,10101.615988059973,226312.88,7026965.419946282,7008212.20908002,25.247322544216274,18727.96354371785,0.0,236461.27039319,10148.39039319,10051.519612121783,0.0,1.0,True,0.0,1.0,True,True,True,0.0,0.7838424959831765,0.0,0,0
65,focus_34131532b6,BIHMH gen 51 focus / swap_fix,4999381.04,618.9599999999627,2,C5;C7,980,236414.49598805996,10101.615988059973,226312.88,7027957.3214183375,7009203.858914431,25.22328672749091,18728.239217178998,0.0,236461.27039319,10148.39039319,10051.519612121783,0.0,1.0,True,0.0,1.0,True,True,True,0.0,0.7838080838665906,0.0,0,0
66,focus_34131532b6,BIHMH gen 59 focus / swap_fix,4999381.04,618.9599999999627,2,C5;C7,972,236414.49598805996,10101.615988059973,226312.88,7028038.784157999,7009285.265628977,25.083518909408774,18728.4350101124,0.0,236461.27039319,10148.39039319,10051.519612121783,0.0,1.0,True,0.0,1.0,True,True,True,0.0,0.7836037489337,0.0,0,0
67,focus_34131532b6,BIHMH gen 57 focus / swap_fix,4999821.52,178.48000000044703,2,C5;C7,978,236414.49598805996,10101.615988059973,226312.88,7029131.555779476,7010378.171674198,25.22909162923118,18728.15501364898,0.0,236461.27039319,10148.39039319,10051.519612121783,0.0,1.0,True,0.0,1.0,True,True,True,0.0,0.7838162517498023,0.0,0,0
68,focus_34131532b6,BIHMH gen 50 focus / swap_fix,4999821.52,178.48000000044703,2,C5;C7,966,236414.49598805996,10101.615988059973,226312.88,7029695.412557893,7010942.271362789,25.146226515481338,18727.994968589617,0.0,236461.27039319,10148.39039319,10051.519612121783,0.0,1.0,True,0.0,1.0,True,True,True,0.0,0.783694678247349,0.0,0,0
69,focus_34131532b6,BIHMH gen 58 focus / swap_fix,4999821.52,178.48000000044703,2,C5;C7,971,236414.49598805996,10101.615988059973,226312.88,7029802.040960793,7011048.667837186,25.172617650421593,18728.200505956665,0.0,236461.27039319,10148.39039319,10051.519612121783,0.0,1.0,True,0.0,1.0,True,True,True,0.0,0.7837337609576048,0.0,0,0
70,focus_34131532b6,BIHMH gen 59 focus / swap_fix,4999601.28,398.71999999973923,2,C5;C7,972,236414.49598805996,10101.615988059973,226312.88,7030935.699742792,7012182.549293034,25.2548590593622,18727.89559069941,0.0,236461.27039319,10148.39039319,10051.519612121783,0.0,1.0,True,0.0,1.0,True,True,True,0.0,0.7838533423894047,0.0,0,0
71,focus_e0abbcfe9a,BIHMH gen 12 focus / swap_fix,4999949.359999999,50.64000000059605,3,C1;C5;C7,925,233415.88529642497,9879.695296424967,223536.19,7031068.704620188,7012422.07766016,36.15107846934879,18610.475881559156,0.0,233459.63164342,9923.44164342,9828.718095582499,0.0,1.0,True,0.0,1.0,True,True,True,0.0,0.7924350241304221,0.0,0,0
72,focus_34131532b6,BIHMH gen 55 focus / remove_fix,4999601.28,398.71999999973923,2,C5;C7,969,236414.49598805996,10101.615988059973,226312.88,7031952.17297636,7013198.621788479,25.219551861371322,18728.331636019313,0.0,236461.27039319,10148.39039319,10051.519612121783,0.0,1.0,True,0.0,1.0,True,True,True,0.0,0.7838028644605152,0.0,0,0
73,focus_dc179c69a2,BIHMH gen 24 focus / remove_fix,4999821.52,178.48000000044703,2,C5;C7,966,234526.7194576,9993.859457600018,224532.86,7036308.736321316,7017668.739703773,44.951767419508975,18595.04485012419,0.0,234574.86890526998,10042.008905269999,9946.153581572531,0.0,1.0,True,0.0,1.0,True,True,True,0.0,0.8047128754652536,0.0,0,0
74,focus_dc179c69a2,BIHMH gen 23 focus / swap_fix,4999821.52,178.48000000044703,2,C5;C7,963,234526.7194576,9993.859457600018,224532.86,7039535.73892448,7020895.978951073,45.152695608741816,18594.60727779838,0.0,234574.86890526998,10042.008905269999,9946.153581572531,0.0,1.0,True,0.0,1.0,True,True,True,0.0,0.8048847719879757,0.0,0,0
75,focus_dc179c69a2,BIHMH gen 24 focus / swap_fix,4999821.52,178.48000000044703,2,C5;C7,968,234526.7194576,9993.859457600018,224532.86,7040222.637647835,7021582.710625669,45.00849353617673,18594.918528629845,0.0,234574.86890526998,10042.008905269999,9946.153581572531,0.0,1.0,True,0.0,1.0,True,True,True,0.0,0.8047614599288028,0.0,0,0
76,focus_dc179c69a2,BIHMH gen 25 focus / remove_fix,4999381.04,618.9599999999627,2,C5;C7,967,234526.7194576,9993.859457600018,224532.86,7040528.428386117,7021888.464109784,45.01160981419487,18594.952666519574,0.0,234574.86890526998,10042.008905269999,9946.153581572531,0.0,1.0,True,0.0,1.0,True,True,True,0.0,0.8047642829112929,0.0,0,0
77,focus_dc179c69a2,BIHMH gen 23 focus / swap_fix,4999381.04,618.9599999999627,2,C5;C7,968,234526.7194576,9993.859457600018,224532.86,7040719.758604523,7022079.675492961,44.852111798321694,18595.230999762873,0.0,234574.86890526998,10042.008905269999,9946.153581572531,0.0,1.0,True,0.0,1.0,True,True,True,0.0,0.8046272156014438,0.0,0,0
78,focus_dc179c69a2,BIHMH gen 29 focus / swap_fix,4999821.52,178.48000000044703,2,C5;C7,966,234526.7194576,9993.859457600018,224532.86,7042527.1241842285,7023887.222187543,45.015209811357394,18594.886786873158,0.0,234574.86890526998,10042.008905269999,9946.153581572531,0.0,1.0,True,0.0,1.0,True,True,True,0.0,0.8047671944727427,0.0,0,0
79,focus_dc179c69a2,BIHMH gen 26 focus / swap_fix,4999821.52,178.48000000044703,2,C5;C7,969,234526.7194576,9993.859457600018,224532.86,7043156.590601716,7024516.649883523,45.02780488670998,18594.912913306394,0.0,234574.86890526998,10042.008905269999,9946.153581572531,0.0,1.0,True,0.0,1.0,True,True,True,0.0,0.8047781114529883,0.0,0,0
80,focus_dc179c69a2,BIHMH gen 23 focus / swap_fix,4999821.52,178.48000000044703,2,C5;C7,969,234526.7194576,9993.859457600018,224532.86,7043223.871419478,7024583.8691449445,44.88396819600338,18595.118306337434,0.0,234574.86890526998,10042.008905269999,9946.153581572531,0.0,1.0,True,0.0,1.0,True,True,True,0.0,0.804654459757039,0.0,0,0
81,focus_dc179c69a2,BIHMH gen 22 focus / remove_fix,4999601.28,398.71999999973923,2,C5;C7,966,234526.7194576,9993.859457600018,224532.86,7043321.659558131,7024681.538429076,44.79146908065333,18595.329659974737,0.0,234574.86890526998,10042.008905269999,9946.153581572531,0.0,1.0,True,0.0,1.0,True,True,True,0.0,0.8045749861692935,0.0,0,0
82,focus_dc179c69a2,BIHMH gen 27 focus / swap_fix,4999821.52,178.48000000044703,2,C5;C7,966,234526.7194576,9993.859457600018,224532.86,7043336.503700118,7024696.589168461,45.01382289768268,18594.9007087591,0.0,234574.86890526998,10042.008905269999,9946.153581572531,0.0,1.0,True,0.0,1.0,True,True,True,0.0,0.8047660346905685,0.0,0,0
83,focus_dc179c69a2,BIHMH gen 28 focus / swap_fix,4999601.28,398.71999999973923,2,C5;C7,970,234526.7194576,9993.859457600018,224532.86,7043490.290254473,7024850.395785435,45.07570777790415,18594.81876125916,0.0,234574.86890526998,10042.008905269999,9946.153581572531,0.0,1.0,True,0.0,1.0,True,True,True,0.0,0.8048191285736329,0.0,0,0
84,focus_dc179c69a2,BIHMH gen 25 focus / swap_fix,4999381.04,618.9599999999627,2,C5;C7,963,234526.7194576,9993.859457600018,224532.86,7043541.540479613,7024901.564131577,44.989547336847046,18594.98680069983,0.0,234574.86890526998,10042.008905269999,9946.153581572531,0.0,1.0,True,0.0,1.0,True,True,True,0.0,0.8047453071141238,0.0,0,0
85,focus_dc179c69a2,BIHMH gen 25 focus / remove_fix,4999601.28,398.71999999973923,2,C5;C7,970,234526.7194576,9993.859457600018,224532.86,7044165.921520885,7025526.04124248,45.072956419881315,18594.807321985205,0.0,234574.86890526998,10042.008905269999,9946.153581572531,0.0,1.0,True,0.0,1.0,True,True,True,0.0,0.8048167268391595,0.0,0,0
86,focus_12be09ca41,BIHMH gen 63 focus / swap_fix,4999821.52,178.48000000044703,2,C5;C7,969,234200.86460356248,10008.004603562491,224192.86,7044253.316847984,7024885.462013619,66.91488323906545,19300.93995112508,0.0,234260.00824129,10067.14824129,9971.05295174362,0.0,1.0,True,0.0,1.0,True,True,True,0.0,0.8143307914681703,0.0,0,0
87,focus_dc179c69a2,BIHMH gen 26 focus / remove_fix,4999821.52,178.48000000044703,2,C5;C7,975,234526.7194576,9993.859457600018,224532.86,7045730.075113688,7027089.887108035,44.89745959735298,18595.290546054886,0.0,234574.86890526998,10042.008905269999,9946.153581572531,0.0,1.0,True,0.0,1.0,True,True,True,0.0,0.8046666027672302,0.0,0,0
88,focus_12be09ca41,BIHMH gen 65 focus / swap_fix,4999381.04,618.9599999999627,2,C5;C7,966,234200.86460356248,10008.004603562491,224192.86,7046045.809149233,7026678.054268916,67.03247623789937,19300.722404078515,0.0,234260.00824129,10067.14824129,9971.05295174362,0.0,1.0,True,0.0,1.0,True,True,True,0.0,0.8144466070937415,0.0,0,0
89,focus_12be09ca41,BIHMH gen 69 focus / swap_fix,4999601.28,398.71999999973923,2,C5;C7,968,234200.86460356248,10008.004603562491,224192.86,7046888.10921234,7027520.437702513,67.02303949673117,19300.64847033005,0.0,234260.00824129,10067.14824129,9971.05295174362,0.0,1.0,True,0.0,1.0,True,True,True,0.0,0.8144331312480442,0.0,0,0
90,focus_12be09ca41,BIHMH gen 68 focus / swap_fix,4999821.52,178.48000000044703,2,C5;C7,969,234200.86460356248,10008.004603562491,224192.86,7048428.023748288,7029060.179559322,66.83182700018801,19301.012361966208,0.0,234260.00824129,10067.14824129,9971.05295174362,0.0,1.0,True,0.0,1.0,True,True,True,0.0,0.8142444533223208,0.0,0,0
91,focus_12be09ca41,BIHMH gen 66 focus / swap_fix,4999821.52,178.48000000044703,2,C5;C7,967,234200.86460356248,10008.004603562491,224192.86,7048502.311246044,7029134.65608334,67.03955282923671,19300.615609874905,0.0,234260.00824129,10067.14824129,9971.05295174362,0.0,1.0,True,0.0,1.0,True,True,True,0.0,0.8144491172694932,0.0,0,0
92,focus_12be09ca41,BIHMH gen 69 focus / swap_fix,4999821.52,178.48000000044703,2,C5;C7,970,234200.86460356248,10008.004603562491,224192.86,7048709.919849412,7029342.033934774,66.91897360890376,19300.966941028906,0.0,234260.00824129,10067.14824129,9971.05295174362,0.0,1.0,True,0.0,1.0,True,True,True,0.0,0.8143357753301272,0.0,0,0
93,focus_12be09ca41,BIHMH gen 68 focus / swap_fix,4999821.52,178.48000000044703,2,C5;C7,967,234200.86460356248,10008.004603562491,224192.86,7048941.311408958,7029573.054121786,66.78880892548166,19301.468478247287,0.0,234260.00824129,10067.14824129,9971.05295174362,0.0,1.0,True,0.0,1.0,True,True,True,0.0,0.8142206929919534,0.0,0,0
94,focus_dc179c69a2,BIHMH gen 20 focus / swap_fix,4999821.52,178.48000000044703,2,C5;C7,973,234526.7194576,9993.859457600018,224532.86,7049073.198114288,7030433.250093171,45.05438943362311,18594.893631682582,0.0,234574.86890526998,10042.008905269999,9946.153581572531,0.0,1.0,True,0.0,1.0,True,True,True,0.0,0.8048009383784596,0.0,0,0
95,focus_12be09ca41,BIHMH gen 66 focus / swap_fix,4999381.04,618.9599999999627,2,C5;C7,973,234200.86460356248,10008.004603562491,224192.86,7049114.016323166,7029746.285889727,67.04368432785556,19300.68674911129,0.0,234260.00824129,10067.14824129,9971.05295174362,0.0,1.0,True,0.0,1.0,True,True,True,0.0,0.814456992000279,0.0,0,0
96,focus_12be09ca41,BIHMH gen 60 focus / swap_fix,4999601.28,398.71999999973923,2,C5;C7,971,234200.86460356248,10008.004603562491,224192.86,7049210.991832191,7029842.984804186,66.88848506054153,19301.118542943826,0.0,234260.00824129,10067.14824129,9971.05295174362,0.0,1.0,True,0.0,1.0,True,True,True,0.0,0.8143111803848686,0.0,0,0
97,focus_12be09ca41,BIHMH gen 62 focus / remove_fix,4999821.52,178.48000000044703,2,C5;C7,976,234200.86460356248,10008.004603562491,224192.86,7049375.316419816,7030007.452774033,66.84023894579657,19301.02340683711,0.0,234260.00824129,10067.14824129,9971.05295174362,0.0,1.0,True,0.0,1.0,True,True,True,0.0,0.8142542104035647,0.0,0,0
98,focus_12be09ca41,BIHMH gen 68 focus / swap_fix,4999821.52,178.48000000044703,2,C5;C7,973,234200.86460356248,10008.004603562491,224192.86,7049562.202637247,7030194.385467874,66.93782654565351,19300.87934282674,0.0,234260.00824129,10067.14824129,9971.05295174362,0.0,1.0,True,0.0,1.0,True,True,True,0.0,0.8143524293062789,0.0,0,0
99,focus_12be09ca41,BIHMH gen 62 focus / remove_fix,4999821.52,178.48000000044703,2,C5;C7,969,234200.86460356248,10008.004603562491,224192.86,7049632.767007458,7030264.797092631,66.98961828089175,19300.980296545633,0.0,234260.00824129,10067.14824129,9971.05295174362,0.0,1.0,True,0.0,1.0,True,True,True,0.0,0.814412571661908,0.0,0,0
100,focus_12be09ca41,BIHMH gen 65 focus / remove_fix,4999381.04,618.9599999999627,2,C5;C7,969,234200.86460356248,10008.004603562491,224192.86,7049768.487616416,7030400.543568093,66.91363100924492,19301.030417313348,0.0,234260.00824129,10067.14824129,9971.05295174362,0.0,1.0,True,0.0,1.0,True,True,True,0.0,0.8143337815173319,0.0,0,0
101,focus_12be09ca41,BIHMH gen 69 focus / swap_fix,4999821.52,178.48000000044703,2,C5;C7,966,234200.86460356248,10008.004603562491,224192.86,7049918.6432205215,7030550.613364475,66.74418988827118,19301.285666158456,0.0,234260.00824129,10067.14824129,9971.05295174362,0.0,1.0,True,0.0,1.0,True,True,True,0.0,0.8141629840043453,0.0,0,0
102,focus_12be09ca41,BIHMH gen 65 focus / remove_fix,4999381.04,618.9599999999627,2,C5;C7,974,234200.86460356248,10008.004603562491,224192.86,7050049.743081584,7030681.902256472,66.93545309471173,19300.90537201699,0.0,234260.00824129,10067.14824129,9971.05295174362,0.0,1.0,True,0.0,1.0,True,True,True,0.0,0.8143511109016979,0.0,0,0
103,focus_12be09ca41,BIHMH gen 64 focus / remove_fix,4999821.52,178.48000000044703,2,C5;C7,979,234200.86460356248,10008.004603562491,224192.86,7051483.089321926,7032114.861317748,66.74622105122364,19301.48178312644,0.0,234260.00824129,10067.14824129,9971.05295174362,0.0,1.0,True,0.0,1.0,True,True,True,0.0,0.8141751243571803,0.0,0,0
104,focus_dc179c69a2,BIHMH gen 20 focus / swap_fix,4999601.28,398.71999999973923,2,C5;C7,969,234526.7194576,9993.859457600018,224532.86,7052565.605349945,7033925.608453436,44.88962689413286,18595.107269614964,0.0,234574.86890526998,10042.008905269999,9946.153581572531,0.0,1.0,True,0.0,1.0,True,True,True,0.0,0.8046593532663527,0.0,0,0
105,focus_12be09ca41,BIHMH gen 63 focus / swap_fix,4999381.04,618.9599999999627,2,C5;C7,974,234200.86460356248,10008.004603562491,224192.86,7053019.988500165,7033651.910250499,66.94240395544155,19301.135845710236,0.0,234260.00824129,10067.14824129,9971.05295174362,0.0,1.0,True,0.0,1.0,True,True,True,0.0,0.8143702788912178,0.0,0,0
106,focus_12be09ca41,BIHMH gen 62 focus / swap_fix,4999821.52,178.48000000044703,2,C5;C7,967,234200.86460356248,10008.004603562491,224192.86,7053310.959840931,7033942.825129012,66.94748083050709,19301.187231088752,0.0,234260.00824129,10067.14824129,9971.05295174362,0.0,1.0,True,0.0,1.0,True,True,True,0.0,0.814378598132031,0.0,0,0
107,focus_12be09ca41,BIHMH gen 66 focus / swap_fix,4999601.28,398.71999999973923,2,C5;C7,977,234200.86460356248,10008.004603562491,224192.86,7053522.265445904,7034154.176691314,66.95947170980878,19301.129282879876,0.0,234260.00824129,10067.14824129,9971.05295174362,0.0,1.0,True,0.0,1.0,True,True,True,0.0,0.8143879490330542,0.0,0,0
108,focus_12be09ca41,BIHMH gen 68 focus / swap_fix,4999821.52,178.48000000044703,2,C5;C7,970,234200.86460356248,10008.004603562491,224192.86,7053825.487867707,7034457.4879764775,66.8226095587053,19301.177281671462,0.0,234260.00824129,10067.14824129,9971.05295174362,0.0,1.0,True,0.0,1.0,True,True,True,0.0,0.8142420496465526,0.0,0,0
109,focus_12be09ca41,BIHMH gen 69 focus / swap_fix,4999821.52,178.48000000044703,2,C5;C7,970,234200.86460356248,10008.004603562491,224192.86,7053953.88428509,7034586.010484069,66.97363556864583,19300.900165452265,0.0,234260.00824129,10067.14824129,9971.05295174362,0.0,1.0,True,0.0,1.0,True,True,True,0.0,0.8143924062612781,0.0,0,0
110,focus_4252f98217,BIHMH gen 74 focus / add_fix,4999800.0,200.0,3,C4;C5;C7,231,231741.67305118247,10017.323051182451,221724.35,7054387.71346802,7033312.619929643,184.68214046536016,20890.411397911073,0.0,231793.45337764,10069.10337764,9972.989425470487,0.0,1.0,True,0.0,1.0,True,True,True,0.0,0.8514752025144148,0.0,0,0
111,focus_4252f98217,BIHMH gen 70 focus / add_fix,4999800.0,200.0,3,C4;C5;C7,231,231741.67305118247,10017.323051182451,221724.35,7054493.868207061,7033418.872999037,184.66996739646393,20890.325240627728,0.0,231793.45337764,10069.10337764,9972.989425470487,0.0,1.0,True,0.0,1.0,True,True,True,0.0,0.8514559232515683,0.0,0,0
112,focus_4252f98217,BIHMH gen 78 focus / add_fix,4999800.0,200.0,3,C4;C5;C7,229,231741.67305118247,10017.323051182451,221724.35,7054519.71067045,7033444.682036871,184.6593733792697,20890.36926019955,0.0,231793.45337764,10069.10337764,9972.989425470487,0.0,1.0,True,0.0,1.0,True,True,True,0.0,0.8514537127052739,0.0,0,0
113,focus_4252f98217,BIHMH gen 74 focus / crossover_fix,4999579.76,420.2400000002235,3,C4;C5;C7,231,231741.67305118247,10017.323051182451,221724.35,7054593.892822031,7033518.799254434,184.68206768396027,20890.41149991331,0.0,231793.45337764,10069.10337764,9972.989425470487,0.0,1.0,True,0.0,1.0,True,True,True,0.0,0.8514751866835922,0.0,0,0
114,focus_12be09ca41,BIHMH gen 69 focus / remove_fix,4999601.28,398.71999999973923,2,C5;C7,975,234200.86460356248,10008.004603562491,224192.86,7054617.277897605,7035249.60832708,66.98292107993566,19300.6866494458,0.0,234260.00824129,10067.14824129,9971.05295174362,0.0,1.0,True,0.0,1.0,True,True,True,0.0,0.814392013222039,0.0,0,0
115,focus_4252f98217,BIHMH gen 71 focus / crossover_fix,4999800.0,200.0,3,C4;C5;C7,196,231741.67305118247,10017.323051182451,221724.35,7054681.115811037,7033606.945012734,185.12593089746326,20889.04486740435,0.0,231793.45337764,10069.10337764,9972.989425470487,0.0,1.0,True,0.0,1.0,True,True,True,0.0,0.8515238995017106,0.0,0,0
116,focus_4252f98217,BIHMH gen 70 focus / add_fix,4999800.0,200.0,3,C4;C5;C7,229,231741.67305118247,10017.323051182451,221724.35,7054871.36850322,7033796.26436194,184.5583523310193,20890.545788949163,0.0,231793.45337764,10069.10337764,9972.989425470487,0.0,1.0,True,0.0,1.0,True,True,True,0.0,0.8514184532443361,0.0,0,0
117,focus_4252f98217,BIHMH gen 75 focus / crossover_fix,4999579.76,420.2400000002235,3,C4;C5;C7,198,231741.67305118247,10017.323051182451,221724.35,7054991.680034778,7033916.439085478,184.45991343733624,20890.781035862652,0.0,231793.45337764,10069.10337764,9972.989425470487,0.0,1.0,True,0.0,1.0,True,True,True,0.0,0.8513760576264856,0.0,0,0
118,focus_4252f98217,BIHMH gen 73 focus / add_fix,4999579.76,420.2400000002235,3,C4;C5;C7,222,231741.67305118247,10017.323051182451,221724.35,7055331.837861356,7034257.801368894,184.74119358850697,20889.29529887379,0.0,231793.45337764,10069.10337764,9972.989425470487,0.0,1.0,True,0.0,1.0,True,True,True,0.0,0.8514254873313477,0.0,0,0
119,focus_12be09ca41,BIHMH gen 62 focus / swap_fix,4999821.52,178.48000000044703,2,C5;C7,965,234200.86460356248,10008.004603562491,224192.86,7055508.855387702,7036140.81531482,66.72510429027396,19301.314968591876,0.0,234260.00824129,10067.14824129,9971.05295174362,0.0,1.0,True,0.0,1.0,True,True,True,0.0,0.8141436001435557,0.0,0,0
120,focus_4252f98217,BIHMH gen 73 focus / mip_intensify,4999579.76,420.2400000002235,3,C4;C5;C7,191,231741.67305118247,10017.323051182451,221724.35,7055562.8272204595,7034488.688153431,185.20350266672827,20888.935564361203,0.0,231793.45337764,10069.10337764,9972.989425470487,0.0,1.0,True,0.0,1.0,True,True,True,0.0,0.8515570362462168,0.0,0,0
121,focus_4252f98217,BIHMH gen 77 focus / crossover_fix,4999800.0,200.0,3,C4;C5;C7,202,231741.67305118247,10017.323051182451,221724.35,7055714.492948209,7034639.081903749,184.40877172839137,20891.002272731595,0.0,231793.45337764,10069.10337764,9972.989425470487,0.0,1.0,True,0.0,1.0,True,True,True,0.0,0.851375347552277,0.0,0,0
122,focus_4252f98217,BIHMH gen 74 focus / crossover_fix,4999579.76,420.2400000002235,3,C4;C5;C7,188,231741.67305118247,10017.323051182451,221724.35,7055971.312415327,7034897.125794947,185.0794027838127,20889.107217595723,0.0,231793.45337764,10069.10337764,9972.989425470487,0.0,1.0,True,0.0,1.0,True,True,True,0.0,0.8514967649435127,0.0,0,0
123,focus_4252f98217,BIHMH gen 79 focus / add_fix,4999579.76,420.2400000002235,3,C4;C5;C7,221,231741.67305118247,10017.323051182451,221724.35,7056049.479091915,7034975.317631027,184.56324276113216,20889.598218126855,0.0,231793.45337764,10069.10337764,9972.989425470487,0.0,1.0,True,0.0,1.0,True,True,True,0.0,0.8513605072850602,0.0,0,0
124,focus_4252f98217,BIHMH gen 70 focus / add_fix,4999579.76,420.2400000002235,3,C4;C5;C7,188,231741.67305118247,10017.323051182451,221724.35,7056075.857780792,7035001.632050345,185.0534160778857,20889.172314369494,0.0,231793.45337764,10069.10337764,9972.989425470487,0.0,1.0,True,0.0,1.0,True,True,True,0.0,0.8514905719276401,0.0,0,0
125,focus_12be09ca41,BIHMH gen 68 focus / swap_fix,4999601.28,398.71999999973923,2,C5;C7,970,234200.86460356248,10008.004603562491,224192.86,7056160.236844054,7036792.36335749,66.91868234098492,19300.954804223955,0.0,234260.00824129,10067.14824129,9971.05295174362,0.0,1.0,True,0.0,1.0,True,True,True,0.0,0.8143354733565175,0.0,0,0
126,focus_4252f98217,BIHMH gen 70 focus / mip_intensify,4999800.0,200.0,3,C4;C5;C7,191,231741.67305118247,10017.323051182451,221724.35,7056203.835537234,7035129.693629442,185.2130950125351,20888.928812780785,0.0,231793.45337764,10069.10337764,9972.989425470487,0.0,1.0,True,0.0,1.0,True,True,True,0.0,0.8515613606414056,0.0,0,0
127,focus_4252f98217,BIHMH gen 74 focus / mip_intensify,4999800.0,200.0,3,C4;C5;C7,192,231741.67305118247,10017.323051182451,221724.35,7056205.092869569,7035130.951723042,185.2119621877328,20888.929184338765,0.0,231793.45337764,10069.10337764,9972.989425470487,0.0,1.0,True,0.0,1.0,True,True,True,0.0,0.8515610643782956,0.0,0,0
128,focus_4252f98217,BIHMH gen 74 focus / mip_intensify,4999800.0,200.0,3,C4;C5;C7,192,231741.67305118247,10017.323051182451,221724.35,7056243.611111096,7035169.473454729,185.21473290636482,20888.922923460334,0.0,231793.45337764,10069.10337764,9972.989425470487,0.0,1.0,True,0.0,1.0,True,True,True,0.0,0.8515617870897799,0.0,0,0
129,focus_4252f98217,BIHMH gen 74 focus / mip_intensify,4999800.0,200.0,3,C4;C5;C7,184,231741.67305118247,10017.323051182451,221724.35,7056288.888760143,7035214.524853425,185.0738283082847,20889.29007841025,0.0,231793.45337764,10069.10337764,9972.989425470487,0.0,1.0,True,0.0,1.0,True,True,True,0.0,0.8515178387229718,0.0,0,0
130,focus_4252f98217,BIHMH gen 77 focus / mip_intensify,4999800.0,200.0,3,C4;C5;C7,191,231741.67305118247,10017.323051182451,221724.35,7056330.926920724,7035256.705076407,185.041829287847,20889.180015029553,0.0,231793.45337764,10069.10337764,9972.989425470487,0.0,1.0,True,0.0,1.0,True,True,True,0.0,0.8514856881632554,0.0,0,0
131,focus_4252f98217,BIHMH gen 75 focus / crossover_fix,4999579.76,420.2400000002235,3,C4;C5;C7,193,231741.67305118247,10017.323051182451,221724.35,7056667.77836115,7035592.54683508,184.4573528188776,20890.77417325152,0.0,231793.45337764,10069.10337764,9972.989425470487,0.0,1.0,True,0.0,1.0,True,True,True,0.0,0.8513773100690142,0.0,0,0
132,focus_4252f98217,BIHMH gen 71 focus / add_fix,4999579.76,420.2400000002235,3,C4;C5;C7,205,231741.67305118247,10017.323051182451,221724.35,7056816.621387732,7035742.598280545,184.77760777662462,20889.245499411063,0.0,231793.45337764,10069.10337764,9972.989425470487,0.0,1.0,True,0.0,1.0,True,True,True,0.0,0.8514290584189755,0.0,0,0
133,focus_4252f98217,BIHMH gen 79 focus / add_fix,4999800.0,200.0,3,C4;C5;C7,221,231741.67305118247,10017.323051182451,221724.35,7057015.079421757,7035940.860168846,184.6140751008714,20889.60517780968,0.0,231793.45337764,10069.10337764,9972.989425470487,0.0,1.0,True,0.0,1.0,True,True,True,0.0,0.8513915728164826,0.0,0,0
134,focus_4252f98217,BIHMH gen 78 focus / crossover_fix,4999800.0,200.0,3,C4;C5;C7,191,231741.67305118247,10017.323051182451,221724.35,7057057.71836684,7035983.471433273,185.2168812080489,20889.030052359285,0.0,231793.45337764,10069.10337764,9972.989425470487,0.0,1.0,True,0.0,1.0,True,True,True,0.0,0.8515743718556497,0.0,0,0
135,focus_4252f98217,BIHMH gen 76 focus / add_fix,4999800.0,200.0,3,C4;C5;C7,199,231741.67305118247,10017.323051182451,221724.35,7057079.681143685,7036004.439401839,184.4752138747781,20890.766527971125,0.0,231793.45337764,10069.10337764,9972.989425470487,0.0,1.0,True,0.0,1.0,True,True,True,0.0,0.8513863772548337,0.0,0,0
136,focus_4252f98217,BIHMH gen 76 focus / crossover_fix,4999800.0,200.0,3,C4;C5;C7,189,231741.67305118247,10017.323051182451,221724.35,7057160.262292195,7036084.854069824,184.25510062584567,20891.153121744945,0.0,231793.45337764,10069.10337764,9972.989425470487,0.0,1.0,True,0.0,1.0,True,True,True,0.0,0.8513150100421668,0.0,0,0
137,focus_4252f98217,BIHMH gen 79 focus / crossover_fix,4999800.0,200.0,3,C4;C5;C7,201,231741.67305118247,10017.323051182451,221724.35,7057178.3993321415,7036103.116839546,184.4786854360867,20890.803807159667,0.0,231793.45337764,10069.10337764,9972.989425470487,0.0,1.0,True,0.0,1.0,True,True,True,0.0,0.851390277037471,0.0,0,0
138,focus_4252f98217,BIHMH gen 79 focus / add_fix,4999800.0,200.0,3,C4;C5;C7,230,231741.67305118247,10017.323051182451,221724.35,7057309.40808572,7036234.317876757,184.69384491829226,20890.396364044635,0.0,231793.45337764,10069.10337764,9972.989425470487,0.0,1.0,True,0.0,1.0,True,True,True,0.0,0.8514799678738483,0.0,0,0
139,focus_4252f98217,BIHMH gen 71 focus / mip_intensify,4999800.0,200.0,3,C4;C5;C7,181,231741.67305118247,10017.323051182451,221724.35,7057460.61582238,7036386.232127982,185.00866707767386,20889.37502732047,0.0,231793.45337764,10069.10337764,9972.989425470487,0.0,1.0,True,0.0,1.0,True,True,True,0.0,0.851490553535764,0.0,0,0
140,focus_12be09ca41,BIHMH gen 66 focus / swap_fix,4999601.28,398.71999999973923,2,C5;C7,970,234200.86460356248,10008.004603562491,224192.86,7057530.0669821575,7038162.121234931,66.87282139928585,19301.0729258273,0.0,234260.00824129,10067.14824129,9971.05295174362,0.0,1.0,True,0.0,1.0,True,True,True,0.0,0.8142917430014631,0.0,0,0
141,focus_4252f98217,BIHMH gen 78 focus / add_fix,4999579.76,420.2400000002235,3,C4;C5;C7,230,231741.67305118247,10017.323051182451,221724.35,7057583.105791089,7036508.016066826,184.69339842503211,20890.396325837904,0.0,231793.45337764,10069.10337764,9972.989425470487,0.0,1.0,True,0.0,1.0,True,True,True,0.0,0.8514797419333417,0.0,0,0
142,focus_4252f98217,BIHMH gen 72 focus / add_fix,4999800.0,200.0,3,C4;C5;C7,231,231741.67305118247,10017.323051182451,221724.35,7057713.807328362,7036638.73193343,184.70425105779745,20890.371143875134,0.0,231793.45337764,10069.10337764,9972.989425470487,0.0,1.0,True,0.0,1.0,True,True,True,0.0,0.8514825633417357,0.0,0,0
143,focus_4252f98217,BIHMH gen 72 focus / crossover_fix,4999579.76,420.2400000002235,3,C4;C5;C7,206,231741.67305118247,10017.323051182451,221724.35,7057860.074510516,7036785.877022196,185.37446456095776,20888.823023758854,0.0,231793.45337764,10069.10337764,9972.989425470487,0.0,1.0,True,0.0,1.0,True,True,True,0.0,0.8516366572099288,0.0,0,0
144,focus_4252f98217,BIHMH gen 73 focus / crossover_fix,4999579.76,420.2400000002235,3,C4;C5;C7,231,231741.67305118247,10017.323051182451,221724.35,7058139.042897931,7037063.968412399,184.70344929873426,20890.37103623316,0.0,231793.45337764,10069.10337764,9972.989425470487,0.0,1.0,True,0.0,1.0,True,True,True,0.0,0.8514821864479003,0.0,0,0
145,focus_4252f98217,BIHMH gen 73 focus / crossover_fix,4999800.0,200.0,3,C4;C5;C7,231,231741.67305118247,10017.323051182451,221724.35,7058183.643021786,7037108.567670668,184.70215914863553,20890.373191969113,0.0,231793.45337764,10069.10337764,9972.989425470487,0.0,1.0,True,0.0,1.0,True,True,True,0.0,0.8514816939775217,0.0,0,0
146,focus_4252f98217,BIHMH gen 73 focus / mip_intensify,4999800.0,200.0,3,C4;C5;C7,214,231741.67305118247,10017.323051182451,221724.35,7058223.603685691,7037148.2275142735,184.51521657274228,20890.860954844477,0.0,231793.45337764,10069.10337764,9972.989425470487,0.0,1.0,True,0.0,1.0,True,True,True,0.0,0.8514206828030213,0.0,0,0
147,focus_4252f98217,BIHMH gen 79 focus / add_fix,4999800.0,200.0,3,C4;C5;C7,213,231741.67305118247,10017.323051182451,221724.35,7058258.500545129,7037183.1073513655,184.4299836652989,20890.963210098234,0.0,231793.45337764,10069.10337764,9972.989425470487,0.0,1.0,True,0.0,1.0,True,True,True,0.0,0.8513832559076887,0.0,0,0
148,focus_4252f98217,BIHMH gen 73 focus / add_fix,4999579.76,420.2400000002235,3,C4;C5;C7,212,231741.67305118247,10017.323051182451,221724.35,7058271.339487932,7037196.178712428,184.47188456400568,20890.688890940764,0.0,231793.45337764,10069.10337764,9972.989425470487,0.0,1.0,True,0.0,1.0,True,True,True,0.0,0.8513859412528908,0.0,0,0
149,focus_4252f98217,BIHMH gen 73 focus / add_fix,4999800.0,200.0,3,C4;C5;C7,229,231741.67305118247,10017.323051182451,221724.35,7058322.155267607,7037247.094453398,184.714351065021,20890.346463143927,0.0,231793.45337764,10069.10337764,9972.989425470487,0.0,1.0,True,0.0,1.0,True,True,True,0.0,0.8514850736333887,0.0,0,0
150,focus_4252f98217,BIHMH gen 71 focus / add_fix,4999800.0,200.0,3,C4;C5;C7,181,231741.67305118247,10017.323051182451,221724.35,7058442.073266482,7037367.704175012,185.08074231069884,20889.288349158873,0.0,231793.45337764,10069.10337764,9972.989425470487,0.0,1.0,True,0.0,1.0,True,True,True,0.0,0.8515205265666903,0.0,0,0
151,focus_4252f98217,BIHMH gen 71 focus / add_fix,4999800.0,200.0,3,C4;C5;C7,202,231741.67305118247,10017.323051182451,221724.35,7058452.527024682,7037377.3541451115,184.5763930629203,20890.5964865069,0.0,231793.45337764,10069.10337764,9972.989425470487,0.0,1.0,True,0.0,1.0,True,True,True,0.0,0.8514240934030648,0.0,0,0
152,focus_4252f98217,BIHMH gen 70 focus / add_fix,4999800.0,200.0,3,C4;C5;C7,212,231741.67305118247,10017.323051182451,221724.35,7058469.567235824,7037394.434849277,184.55950215362563,20890.572884393285,0.0,231793.45337764,10069.10337764,9972.989425470487,0.0,1.0,True,0.0,1.0,True,True,True,0.0,0.8514220839630057,0.0,0,0
153,focus_4252f98217,BIHMH gen 71 focus / crossover_fix,4999800.0,200.0,3,C4;C5;C7,213,231741.67305118247,10017.323051182451,221724.35,7058477.915201231,7037403.202119228,184.51546655498157,20890.19761544759,0.0,231793.45337764,10069.10337764,9972.989425470487,0.0,1.0,True,0.0,1.0,True,True,True,0.0,0.8513349815705487,0.0,0,0
154,focus_1392cdb628,BIHMH gen 8 focus / swap_fix,4999821.52,178.48000000044703,2,C5;C7,969,235533.58653284246,9804.416532842466,225729.16999999998,7058643.335898652,7039950.456805885,48.324591537456115,18644.554501229602,0.0,235583.60739681,9854.437396809999,9760.372524388711,0.0,1.0,True,0.0,1.0,True,True,True,0.0,0.807297085121281,0.0,0,0
155,focus_4252f98217,BIHMH gen 76 focus / mip_intensify,4999800.0,200.0,3,C4;C5;C7,185,231741.67305118247,10017.323051182451,221724.35,7058832.562400298,7037758.319510807,185.16356843423614,20889.07932105665,0.0,231793.45337764,10069.10337764,9972.989425470487,0.0,1.0,True,0.0,1.0,True,True,True,0.0,0.8515395036608702,0.0,0,0
156,focus_4252f98217,BIHMH gen 71 focus / add_fix,4999800.0,200.0,3,C4;C5;C7,184,231741.67305118247,10017.323051182451,221724.35,7058984.190020774,7037910.239020993,185.41289219572184,20888.538107585126,0.0,231793.45337764,10069.10337764,9972.989425470487,0.0,1.0,True,0.0,1.0,True,True,True,0.0,0.8516146767803152,0.0,0,0
157,focus_4252f98217,BIHMH gen 78 focus / add_fix,4999800.0,200.0,3,C4;C5;C7,207,231741.67305118247,10017.323051182451,221724.35,7059013.441082237,7037939.313479532,185.3492621888134,20888.778340516477,0.0,231793.45337764,10069.10337764,9972.989425470487,0.0,1.0,True,0.0,1.0,True,True,True,0.0,0.8516196197730236,0.0,0,0
158,focus_4252f98217,BIHMH gen 73 focus / add_fix,4999800.0,200.0,3,C4;C5;C7,204,231741.67305118247,10017.323051182451,221724.35,7059043.679293901,7037969.680812022,185.31794198499412,20888.6805398938,0.0,231793.45337764,10069.10337764,9972.989425470487,0.0,1.0,True,0.0,1.0,True,True,True,0.0,0.8515867303361357,0.0,0,0
159,focus_4252f98217,BIHMH gen 73 focus / add_fix,4999800.0,200.0,3,C4;C5;C7,207,231741.67305118247,10017.323051182451,221724.35,7059054.342386626,7037980.227013803,185.36069599347374,20888.754676829427,0.0,231793.45337764,10069.10337764,9972.989425470487,0.0,1.0,True,0.0,1.0,True,True,True,0.0,0.8516218939744468,0.0,0,0
160,focus_4252f98217,BIHMH gen 78 focus / crossover_fix,4999800.0,200.0,3,C4;C5;C7,207,231741.67305118247,10017.323051182451,221724.35,7059054.998672877,7037979.622243608,184.42126724527196,20890.955162024307,0.0,231793.45337764,10069.10337764,9972.989425470487,0.0,1.0,True,0.0,1.0,True,True,True,0.0,0.8513759213173561,0.0,0,0
161,focus_4252f98217,BIHMH gen 70 focus / add_fix,4999800.0,200.0,3,C4;C5;C7,212,231741.67305118247,10017.323051182451,221724.35,7059262.668714923,7038188.044156012,184.57031670708534,20890.054242203936,0.0,231793.45337764,10069.10337764,9972.989425470487,0.0,1.0,True,0.0,1.0,True,True,True,0.0,0.8513601144444745,0.0,0,0
162,focus_4252f98217,BIHMH gen 71 focus / crossover_fix,4999800.0,200.0,3,C4;C5;C7,208,231741.67305118247,10017.323051182451,221724.35,7059263.626535168,7038188.279667852,184.46597784456822,20890.88088947115,0.0,231793.45337764,10069.10337764,9972.989425470487,0.0,1.0,True,0.0,1.0,True,True,True,0.0,0.851395352470428,0.0,0,0
163,focus_4252f98217,BIHMH gen 76 focus / add_fix,4999579.76,420.2400000002235,3,C4;C5;C7,212,231741.67305118247,10017.323051182451,221724.35,7059428.796391666,7038353.963708727,184.48073888239156,20890.351944057154,0.0,231793.45337764,10069.10337764,9972.989425470487,0.0,1.0,True,0.0,1.0,True,True,True,0.0,0.8513341617624353,0.0,0,0
164,focus_4252f98217,BIHMH gen 77 focus / add_fix,4999579.76,420.2400000002235,3,C4;C5;C7,212,231741.67305118247,10017.323051182451,221724.35,7059656.506408777,7038581.34801604,184.51959189181895,20890.638800844976,0.0,231793.45337764,10069.10337764,9972.989425470487,0.0,1.0,True,0.0,1.0,True,True,True,0.0,0.8513935269412763,0.0,0,0
165,focus_4252f98217,BIHMH gen 78 focus / add_fix,4999800.0,200.0,3,C4;C5;C7,207,231741.67305118247,10017.323051182451,221724.35,7059929.195761115,7038855.141575491,185.34078233791286,20888.713403286052,0.0,231793.45337764,10069.10337764,9972.989425470487,0.0,1.0,True,0.0,1.0,True,True,True,0.0,0.851604227537898,0.0,0,0
166,focus_4252f98217,BIHMH gen 72 focus / crossover_fix,4999579.76,420.2400000002235,3,C4;C5;C7,212,231741.67305118247,10017.323051182451,221724.35,7059936.75180901,7038861.328545133,184.30575176608357,20891.11751211167,0.0,231793.45337764,10069.10337764,9972.989425470487,0.0,1.0,True,0.0,1.0,True,True,True,0.0,0.8513292551748686,0.0,0,0
167,focus_4252f98217,BIHMH gen 79 focus / add_fix,4999800.0,200.0,3,C4;C5;C7,222,231741.67305118247,10017.323051182451,221724.35,7060190.65953217,7039115.581491888,184.5995162310617,20890.478524051647,0.0,231793.45337764,10069.10337764,9972.989425470487,0.0,1.0,True,0.0,1.0,True,True,True,0.0,0.8514336211393253,0.0,0,0
168,focus_4252f98217,BIHMH gen 79 focus / add_fix,4999579.76,420.2400000002235,3,C4;C5;C7,212,231741.67305118247,10017.323051182451,221724.35,7060372.06119073,7039297.404190852,184.51943018323334,20890.137569694325,0.0,231793.45337764,10069.10337764,9972.989425470487,0.0,1.0,True,0.0,1.0,True,True,True,0.0,0.8513379114699606,0.0,0,0
169,focus_4252f98217,BIHMH gen 75 focus / add_fix,4999579.76,420.2400000002235,3,C4;C5;C7,212,231741.67305118247,10017.323051182451,221724.35,7060381.089833403,7039305.804503313,184.44592566207442,20890.839404427094,0.0,231793.45337764,10069.10337764,9972.989425470487,0.0,1.0,True,0.0,1.0,True,True,True,0.0,0.8513761643537937,0.0,0,0
170,focus_4252f98217,BIHMH gen 75 focus / add_fix,4999579.76,420.2400000002235,3,C4;C5;C7,212,231741.67305118247,10017.323051182451,221724.35,7060483.684739686,7039408.475237432,184.5131834483467,20890.696318805112,0.0,231793.45337764,10069.10337764,9972.989425470487,0.0,1.0,True,0.0,1.0,True,True,True,0.0,0.8513993898795849,0.0,0,0
171,focus_4252f98217,BIHMH gen 72 focus / crossover_fix,4999800.0,200.0,3,C4;C5;C7,203,231741.67305118247,10017.323051182451,221724.35,7060810.415960927,7039735.025564416,184.32927848870733,20891.061118021786,0.0,231793.45337764,10069.10337764,9972.989425470487,0.0,1.0,True,0.0,1.0,True,True,True,0.0,0.8513282141531534,0.0,0,0
172,focus_1392cdb628,BIHMH gen 6 focus / swap_fix,4999821.52,178.48000000044703,2,C5;C7,971,235533.58653284246,9804.416532842466,225729.16999999998,7061194.324232343,7042501.168165877,48.48324717681662,18644.672819288768,0.0,235583.60739681,9854.437396809999,9760.372524388711,0.0,1.0,True,0.0,1.0,True,True,True,0.0,0.8074268036972718,0.0,0,0
173,focus_1392cdb628,BIHMH gen 6 focus / remove_fix,4999381.04,618.9599999999627,2,C5;C7,970,235533.58653284246,9804.416532842466,225729.16999999998,7062182.969782868,7043489.777766405,48.373459062175556,18644.818557400897,0.0,235583.60739681,9854.437396809999,9760.372524388711,0.0,1.0,True,0.0,1.0,True,True,True,0.0,0.8073378884216923,0.0,0,0
174,focus_1392cdb628,BIHMH gen 9 focus / remove_fix,4999601.28,398.71999999973923,2,C5;C7,969,235533.58653284246,9804.416532842466,225729.16999999998,7064082.663530185,7045389.749179026,48.55489773318979,18644.35945342595,0.0,235583.60739681,9854.437396809999,9760.372524388711,0.0,1.0,True,0.0,1.0,True,True,True,0.0,0.8074840128134446,0.0,0,0
175,focus_1392cdb628,BIHMH gen 9 focus / swap_fix,4999601.28,398.71999999973923,2,C5;C7,967,235533.58653284246,9804.416532842466,225729.16999999998,7064753.274916938,7046060.284014517,48.38861988180378,18644.602282538028,0.0,235583.60739681,9854.437396809999,9760.372524388711,0.0,1.0,True,0.0,1.0,True,True,True,0.0,0.8073494640624874,0.0,0,0
176,focus_1392cdb628,BIHMH gen 2 focus / swap_fix,4999381.04,618.9599999999627,2,C5;C7,963,235533.58653284246,9804.416532842466,225729.16999999998,7065718.768254644,7047026.1039367365,48.536948838720775,18644.12736906927,0.0,235583.60739681,9854.437396809999,9760.372524388711,0.0,1.0,True,0.0,1.0,True,True,True,0.0,0.8074686483360648,0.0,0,0
177,focus_1392cdb628,BIHMH gen 2 focus / swap_fix,4999821.52,178.48000000044703,2,C5;C7,969,235533.58653284246,9804.416532842466,225729.16999999998,7067189.215963148,7048496.336785082,48.481339599068285,18644.397838466506,0.0,235583.60739681,9854.437396809999,9760.372524388711,0.0,1.0,True,0.0,1.0,True,True,True,0.0,0.807424328506883,0.0,0,0
178,focus_1392cdb628,BIHMH gen 6 focus / swap_fix,4999821.52,178.48000000044703,2,C5;C7,966,235533.58653284246,9804.416532842466,225729.16999999998,7067597.274752975,7048904.452806396,48.32443177668106,18644.497514801587,0.0,235583.60739681,9854.437396809999,9760.372524388711,0.0,1.0,True,0.0,1.0,True,True,True,0.0,0.8072967335573014,0.0,0,0
179,focus_1392cdb628,BIHMH gen 2 focus / swap_fix,4999821.52,178.48000000044703,2,C5;C7,963,235533.58653284246,9804.416532842466,225729.16999999998,7070074.429873641,7051381.47503726,48.38449774486072,18644.570338636,0.0,235583.60739681,9854.437396809999,9760.372524388711,0.0,1.0,True,0.0,1.0,True,True,True,0.0,0.8073459966211012,0.0,0,0
180,focus_1392cdb628,BIHMH gen 7 focus / remove_fix,4999381.04,618.9599999999627,2,C5;C7,973,235533.58653284246,9804.416532842466,225729.16999999998,7070342.363415245,7051649.444984411,48.4456404333104,18644.472790400538,0.0,235583.60739681,9854.437396809999,9760.372524388711,0.0,1.0,True,0.0,1.0,True,True,True,0.0,0.8073955142897539,0.0,0,0
181,focus_1392cdb628,BIHMH gen 6 focus / remove_fix,4999601.28,398.71999999973923,2,C5;C7,960,235533.58653284246,9804.416532842466,225729.16999999998,7071210.306506051,7052517.6469492,48.36496843465531,18644.294588415865,0.0,235583.60739681,9854.437396809999,9760.372524388711,0.0,1.0,True,0.0,1.0,True,True,True,0.0,0.8073291584620544,0.0,0,0
182,focus_4252f98217,BIHMH gen 79 focus / station_capacity_fix,4999958.64,41.360000000335276,4,C2;C4;C5;C7,175,231741.67305118247,10017.323051182451,221724.35,7071539.2967785485,7050467.458534867,185.68124083610087,20886.15700284583,0.0,231793.45337764,10069.10337764,9972.989425470487,0.0,1.0,True,0.0,1.0,True,True,True,0.0,0.8516263519331405,0.0,0,0
183,focus_4252f98217,BIHMH gen 77 focus / station_capacity_fix,4999958.64,41.360000000335276,4,C2;C4;C5;C7,166,231741.67305118247,10017.323051182451,221724.35,7071822.4712330885,7050750.439357944,185.56156474206773,20886.470310403256,0.0,231793.45337764,10069.10337764,9972.989425470487,0.0,1.0,True,0.0,1.0,True,True,True,0.0,0.851586181396229,0.0,0,0
184,focus_1392cdb628,BIHMH gen 7 focus / swap_fix,4999821.52,178.48000000044703,2,C5;C7,970,235533.58653284246,9804.416532842466,225729.16999999998,7072240.480519871,7053547.611882065,48.36778356772853,18644.500854237776,0.0,235583.60739681,9854.437396809999,9760.372524388711,0.0,1.0,True,0.0,1.0,True,True,True,0.0,0.8073321271821973,0.0,0,0
185,focus_4252f98217,BIHMH gen 71 focus / station_capacity_fix,4999738.4,261.59999999962747,4,C2;C4;C5;C7,175,231741.67305118247,10017.323051182451,221724.35,7072447.179524282,7051375.320652863,185.6978752128373,20886.160996205926,0.0,231793.45337764,10069.10337764,9972.989425470487,0.0,1.0,True,0.0,1.0,True,True,True,0.0,0.8516369829646377,0.0,0,0
186,focus_4252f98217,BIHMH gen 77 focus / station_capacity_fix,4999958.64,41.360000000335276,4,C2;C4;C5;C7,208,231741.67305118247,10017.323051182451,221724.35,7072591.666575646,7051519.68469814,185.72137481979019,20886.260502685764,0.0,231793.45337764,10069.10337764,9972.989425470487,0.0,1.0,True,0.0,1.0,True,True,True,0.0,0.8516722034373414,0.0,0,0
187,focus_4252f98217,BIHMH gen 72 focus / station_capacity_fix,4999738.4,261.59999999962747,4,C2;C4;C5;C7,175,231741.67305118247,10017.323051182451,221724.35,7072621.057202229,7051549.107426191,185.53252910401775,20886.41724693516,0.0,231793.45337764,10069.10337764,9972.989425470487,0.0,1.0,True,0.0,1.0,True,True,True,0.0,0.8515654411379131,0.0,0,0
188,focus_4252f98217,BIHMH gen 76 focus / station_capacity_fix,4999958.64,41.360000000335276,4,C2;C4;C5;C7,207,231741.67305118247,10017.323051182451,221724.35,7073188.502253925,7052116.597937308,185.8501400189783,20886.05417659818,0.0,231793.45337764,10069.10337764,9972.989425470487,0.0,1.0,True,0.0,1.0,True,True,True,0.0,0.8517206715771032,0.0,0,0
189,focus_e0abbcfe9a,BIHMH gen 15 focus / mip_intensify,4999800.0,200.0,3,C4;C5;C7,181,233415.88529642497,9879.695296424967,223536.19,7075304.285249195,7056653.7616552785,32.9774509944645,18617.54614292158,0.0,233459.63164342,9923.44164342,9828.718095582499,0.0,1.0,True,0.0,1.0,True,True,True,0.0,0.7888459759432029,0.0,0,0
190,focus_e0abbcfe9a,BIHMH gen 19 focus / crossover_fix,4999579.76,420.2400000002235,3,C4;C5;C7,177,233415.88529642497,9879.695296424967,223536.19,7075463.672797903,7056813.191541745,32.983924341604784,18617.497331816503,0.0,233459.63164342,9923.44164342,9828.718095582499,0.0,1.0,True,0.0,1.0,True,True,True,0.0,0.7888549216068943,0.0,0,0
191,focus_1392cdb628,BIHMH gen 3 focus / remove_fix,4999821.52,178.48000000044703,2,C5;C7,966,235533.58653284246,9804.416532842466,225729.16999999998,7075875.815383825,7057182.945164124,48.436330187133,18644.43388951502,0.0,235583.60739681,9854.437396809999,9760.372524388711,0.0,1.0,True,0.0,1.0,True,True,True,0.0,0.8073878207027406,0.0,0,0
192,focus_e0abbcfe9a,BIHMH gen 17 focus / add_fix,4999800.0,200.0,3,C4;C5;C7,181,233415.88529642497,9879.695296424967,223536.19,7076100.7138507655,7057450.282763596,32.98554603852731,18617.445541131015,0.0,233459.63164342,9923.44164342,9828.718095582499,0.0,1.0,True,0.0,1.0,True,True,True,0.0,0.7888545818684372,0.0,0,0
193,focus_e0abbcfe9a,BIHMH gen 17 focus / add_fix,4999800.0,200.0,3,C4;C5;C7,204,233415.88529642497,9879.695296424967,223536.19,7076843.002579706,7058192.8243040955,33.024504072403005,18617.153771538193,0.0,233459.63164342,9923.44164342,9828.718095582499,0.0,1.0,True,0.0,1.0,True,True,True,0.0,0.7889150796409374,0.0,0,0
194,focus_e0abbcfe9a,BIHMH gen 11 focus / add_fix,4999800.0,200.0,3,C4;C5;C7,204,233415.88529642497,9879.695296424967,223536.19,7076911.682227529,7058261.576934336,33.02365871066092,18617.081634482518,0.0,233459.63164342,9923.44164342,9828.718095582499,0.0,1.0,True,0.0,1.0,True,True,True,0.0,0.7889079886475706,0.0,0,0
195,focus_e0abbcfe9a,BIHMH gen 10 focus / crossover_fix,4999800.0,200.0,3,C4;C5;C7,204,233415.88529642497,9879.695296424967,223536.19,7077038.593638111,7058388.415360184,33.02452771102958,18617.153750215984,0.0,233459.63164342,9923.44164342,9828.718095582499,0.0,1.0,True,0.0,1.0,True,True,True,0.0,0.7889151257033287,0.0,0,0
196,focus_e0abbcfe9a,BIHMH gen 13 focus / add_fix,4999800.0,200.0,3,C4;C5;C7,204,233415.88529642497,9879.695296424967,223536.19,7077131.109391385,7058480.937896762,33.02444865972268,18617.147045963484,0.0,233459.63164342,9923.44164342,9828.718095582499,0.0,1.0,True,0.0,1.0,True,True,True,0.0,0.788914822056591,0.0,0,0
197,focus_e0abbcfe9a,BIHMH gen 17 focus / crossover_fix,4999800.0,200.0,3,C4;C5;C7,201,233415.88529642497,9879.695296424967,223536.19,7077136.629041192,7058484.433832705,32.82357737240424,18619.371631114715,0.0,233459.63164342,9923.44164342,9828.718095582499,0.0,1.0,True,0.0,1.0,True,True,True,0.0,0.7886682234738336,0.0,0,0
198,focus_e0abbcfe9a,BIHMH gen 14 focus / crossover_fix,4999800.0,200.0,3,C4;C5;C7,204,233415.88529642497,9879.695296424967,223536.19,7077145.839937663,7058495.734038876,33.02351977623318,18617.082379010222,0.0,233459.63164342,9923.44164342,9828.718095582499,0.0,1.0,True,0.0,1.0,True,True,True,0.0,0.7889077639814639,0.0,0,0
199,focus_e0abbcfe9a,BIHMH gen 14 focus / crossover_fix,4999579.76,420.2400000002235,3,C4;C5;C7,203,233415.88529642497,9879.695296424967,223536.19,7077161.557743854,7058511.370928886,33.02339896762279,18617.163415999978,0.0,233459.63164342,9923.44164342,9828.718095582499,0.0,1.0,True,0.0,1.0,True,True,True,0.0,0.7889135219455818,0.0,0,0
200,focus_e0abbcfe9a,BIHMH gen 18 focus / add_fix,4999800.0,200.0,3,C4;C5;C7,204,233415.88529642497,9879.695296424967,223536.19,7077175.40055344,7058525.208303644,33.022134044357394,18617.170115751156,0.0,233459.63164342,9923.44164342,9828.718095582499,0.0,1.0,True,0.0,1.0,True,True,True,0.0,0.7889118689272535,0.0,0,0
201,focus_e0abbcfe9a,BIHMH gen 16 focus / add_fix,4999579.76,420.2400000002235,3,C4;C5;C7,203,233415.88529642497,9879.695296424967,223536.19,7077246.737047994,7058596.529202987,33.02105531695407,18617.18678968999,0.0,233459.63164342,9923.44164342,9828.718095582499,0.0,1.0,True,0.0,1.0,True,True,True,0.0,0.7889105349895195,0.0,0,0
202,focus_e0abbcfe9a,BIHMH gen 19 focus / crossover_fix,4999800.0,200.0,3,C4;C5;C7,207,233415.88529642497,9879.695296424967,223536.19,7077621.194991797,7058969.075437482,32.838385189715844,18619.28116912517,0.0,233459.63164342,9923.44164342,9828.718095582499,0.0,1.0,True,0.0,1.0,True,True,True,0.0,0.7886934044463157,0.0,0,0
203,focus_e0abbcfe9a,BIHMH gen 13 focus / add_fix,4999800.0,200.0,3,C4;C5;C7,204,233415.88529642497,9879.695296424967,223536.19,7078081.626695073,7059431.508192223,33.02123649905415,18617.097266351728,0.0,233459.63164342,9923.44164342,9828.718095582499,0.0,1.0,True,0.0,1.0,True,True,True,0.0,0.7889046208948843,0.0,0,0
204,focus_e0abbcfe9a,BIHMH gen 15 focus / crossover_fix,4999800.0,200.0,3,C4;C5;C7,264,233415.88529642497,9879.695296424967,223536.19,7078356.196811486,7059707.297058295,33.19520646489642,18615.704546725134,0.0,233459.63164342,9923.44164342,9828.718095582499,0.0,1.0,True,0.0,1.0,True,True,True,0.0,0.7891703498299668,0.0,0,0
205,focus_1392cdb628,BIHMH gen 2 focus / remove_fix,4999601.28,398.71999999973923,2,C5;C7,966,235533.58653284246,9804.416532842466,225729.16999999998,7078392.785601753,7059699.683004143,48.38192424142989,18644.720673368232,0.0,235583.60739681,9854.437396809999,9760.372524388711,0.0,1.0,True,0.0,1.0,True,True,True,0.0,0.8073444337851693,0.0,0,0
206,focus_1392cdb628,BIHMH gen 9 focus / remove_fix,4999821.52,178.48000000044703,2,C5;C7,968,235533.58653284246,9804.416532842466,225729.16999999998,7078426.657343351,7059733.687448539,48.35619391972599,18644.613700892325,0.0,235583.60739681,9854.437396809999,9760.372524388711,0.0,1.0,True,0.0,1.0,True,True,True,0.0,0.8073230457982555,0.0,0,0
207,focus_e0abbcfe9a,BIHMH gen 13 focus / crossover_fix,4999800.0,200.0,3,C4;C5;C7,225,233415.88529642497,9879.695296424967,223536.19,7078444.105063723,7059792.113888208,32.84833728198749,18619.142838232972,0.0,233459.63164342,9923.44164342,9828.718095582499,0.0,1.0,True,0.0,1.0,True,True,True,0.0,0.7887043810209258,0.0,0,0
208,focus_1392cdb628,BIHMH gen 9 focus / remove_fix,4999821.52,178.48000000044703,2,C5;C7,973,235533.58653284246,9804.416532842466,225729.16999999998,7078603.129133827,7059909.925786568,48.37189375785707,18644.831453501192,0.0,235583.60739681,9854.437396809999,9760.372524388711,0.0,1.0,True,0.0,1.0,True,True,True,0.0,0.8073366049961567,0.0,0,0
209,focus_e0abbcfe9a,BIHMH gen 19 focus / mip_intensify,4999579.76,420.2400000002235,3,C4;C5;C7,210,233415.88529642497,9879.695296424967,223536.19,7080679.110455075,7062027.200247836,32.830066066376055,18619.080141173206,0.0,233459.63164342,9923.44164342,9828.718095582499,0.0,1.0,True,0.0,1.0,True,True,True,0.0,0.788662839523442,0.0,0,0
210,focus_e0abbcfe9a,BIHMH gen 19 focus / mip_intensify,4999579.76,420.2400000002235,3,C4;C5;C7,210,233415.88529642497,9879.695296424967,223536.19,7080693.863289177,7062041.952934774,32.830061654701886,18619.08029274901,0.0,233459.63164342,9923.44164342,9828.718095582499,0.0,1.0,True,0.0,1.0,True,True,True,0.0,0.7886628435024632,0.0,0,0
211,focus_e0abbcfe9a,BIHMH gen 15 focus / add_fix,4999800.0,200.0,3,C4;C5;C7,224,233415.88529642497,9879.695296424967,223536.19,7080719.0908349,7062066.9455161495,32.824888706847545,18619.320430043095,0.0,233459.63164342,9923.44164342,9828.718095582499,0.0,1.0,True,0.0,1.0,True,True,True,0.0,0.7886687397728842,0.0,0,0
212,focus_e0abbcfe9a,BIHMH gen 15 focus / add_fix,4999800.0,200.0,3,C4;C5;C7,223,233415.88529642497,9879.695296424967,223536.19,7081416.75171871,7062764.643900923,32.82879660275096,18619.279021183647,0.0,233459.63164342,9923.44164342,9828.718095582499,0.0,1.0,True,0.0,1.0,True,True,True,0.0,0.7886733878322856,0.0,0,0
213,focus_e0abbcfe9a,BIHMH gen 12 focus / add_fix,4999579.76,420.2400000002235,3,C4;C5;C7,224,233415.88529642497,9879.695296424967,223536.19,7081675.961226227,7063024.053056156,32.84218495336331,18619.065985117446,0.0,233459.63164342,9923.44164342,9828.718095582499,0.0,1.0,True,0.0,1.0,True,True,True,0.0,0.7886902075242577,0.0,0,0
214,focus_1392cdb628,BIHMH gen 9 focus / remove_fix,4999821.52,178.48000000044703,2,C5;C7,970,235533.58653284246,9804.416532842466,225729.16999999998,7082021.160442918,7063328.149312684,48.30487882332595,18644.70625140992,0.0,235583.60739681,9854.437396809999,9760.372524388711,0.0,1.0,True,0.0,1.0,True,True,True,0.0,0.8072814775482228,0.0,0,0
215,focus_e0abbcfe9a,BIHMH gen 17 focus / add_fix,4999579.76,420.2400000002235,3,C4;C5;C7,223,233415.88529642497,9879.695296424967,223536.19,7082045.744983107,7063393.525902044,32.81791689227393,18619.401164170693,0.0,233459.63164342,9923.44164342,9828.718095582499,0.0,1.0,True,0.0,1.0,True,True,True,0.0,0.7886635142117004,0.0,0,0
216,focus_e0abbcfe9a,BIHMH gen 10 focus / add_fix,4999579.76,420.2400000002235,3,C4;C5;C7,223,233415.88529642497,9879.695296424967,223536.19,7082082.435109136,7063430.6371052805,32.81660871042688,18618.981395145125,0.0,233459.63164342,9923.44164342,9828.718095582499,0.0,1.0,True,0.0,1.0,True,True,True,0.0,0.7886318737381811,0.0,0,0
217,focus_e0abbcfe9a,BIHMH gen 17 focus / add_fix,4999800.0,200.0,3,C4;C5;C7,227,233415.88529642497,9879.695296424967,223536.19,7082655.929140091,7064004.1150783375,32.85291416541214,18618.96114758814,0.0,233459.63164342,9923.44164342,9828.718095582499,0.0,1.0,True,0.0,1.0,True,True,True,0.0,0.7887061515972287,0.0,0,0
218,focus_e0abbcfe9a,BIHMH gen 18 focus / crossover_fix,4999800.0,200.0,3,C4;C5;C7,205,233415.88529642497,9879.695296424967,223536.19,7083128.473584619,7064476.376047803,32.83609521295895,18619.261441603023,0.0,233459.63164342,9923.44164342,9828.718095582499,0.0,1.0,True,0.0,1.0,True,True,True,0.0,0.7886880029084643,0.0,0,0
219,focus_e0abbcfe9a,BIHMH gen 18 focus / add_fix,4999579.76,420.2400000002235,3,C4;C5;C7,225,233415.88529642497,9879.695296424967,223536.19,7083146.997418992,7064494.918328682,32.819157915948736,18619.259932394074,0.0,233459.63164342,9923.44164342,9828.718095582499,0.0,1.0,True,0.0,1.0,True,True,True,0.0,0.7886570256679161,0.0,0,0
220,focus_e0abbcfe9a,BIHMH gen 14 focus / mip_intensify,4999579.76,420.2400000002235,3,C4;C5;C7,207,233415.88529642497,9879.695296424967,223536.19,7083677.786930543,7065025.566690791,32.827323239233394,18619.392916512414,0.0,233459.63164342,9923.44164342,9828.718095582499,0.0,1.0,True,0.0,1.0,True,True,True,0.0,0.7886747192379777,0.0,0,0
221,focus_e0abbcfe9a,BIHMH gen 16 focus / add_fix,4999800.0,200.0,3,C4;C5;C7,227,233415.88529642497,9879.695296424967,223536.19,7083689.646887376,7065037.634166535,32.838758773027024,18619.173962067656,0.0,233459.63164342,9923.44164342,9828.718095582499,0.0,1.0,True,0.0,1.0,True,True,True,0.0,0.7886904651348228,0.0,0,0
222,focus_e0abbcfe9a,BIHMH gen 17 focus / mip_intensify,4999579.76,420.2400000002235,3,C4;C5;C7,207,233415.88529642497,9879.695296424967,223536.19,7083941.10346647,7065288.877652706,32.826113309421174,18619.39970045397,0.0,233459.63164342,9923.44164342,9828.718095582499,0.0,1.0,True,0.0,1.0,True,True,True,0.0,0.7886727648042663,0.0,0,0
223,focus_e0abbcfe9a,BIHMH gen 16 focus / add_fix,4999800.0,200.0,3,C4;C5;C7,206,233415.88529642497,9879.695296424967,223536.19,7084582.683484876,7065930.320204592,32.796854085454555,18619.566426197984,0.0,233459.63164342,9923.44164342,9828.718095582499,0.0,1.0,True,0.0,1.0,True,True,True,0.0,0.7886247773602706,0.0,0,0
224,focus_e0abbcfe9a,BIHMH gen 12 focus / crossover_fix,4999579.76,420.2400000002235,3,C4;C5;C7,205,233415.88529642497,9879.695296424967,223536.19,7084688.252361892,7066035.888783351,32.79676231710579,18619.56681622407,0.0,233459.63164342,9923.44164342,9828.718095582499,0.0,1.0,True,0.0,1.0,True,True,True,0.0,0.7886246203394772,0.0,0,0
225,focus_e0abbcfe9a,BIHMH gen 12 focus / crossover_fix,4999800.0,200.0,3,C4;C5;C7,223,233415.88529642497,9879.695296424967,223536.19,7085655.806630668,7067003.947247706,32.86614326548029,18618.993239696545,0.0,233459.63164342,9923.44164342,9828.718095582499,0.0,1.0,True,0.0,1.0,True,True,True,0.0,0.7887332330169191,0.0,0,0
226,focus_e0abbcfe9a,BIHMH gen 10 focus / add_fix,4999579.76,420.2400000002235,3,C4;C5;C7,223,233415.88529642497,9879.695296424967,223536.19,7086078.139695497,7067426.054756556,32.82975947421571,18619.25517946768,0.0,233459.63164342,9923.44164342,9828.718095582499,0.0,1.0,True,0.0,1.0,True,True,True,0.0,0.788674010007279,0.0,0,0
227,focus_e0abbcfe9a,BIHMH gen 15 focus / mip_intensify,4999579.76,420.2400000002235,3,C4;C5;C7,205,233415.88529642497,9879.695296424967,223536.19,7086690.46755378,7068038.395884399,32.83771659572256,18619.233952786235,0.0,233459.63164342,9923.44164342,9828.718095582499,0.0,1.0,True,0.0,1.0,True,True,True,0.0,0.7886882416924365,0.0,0,0
228,focus_e0abbcfe9a,BIHMH gen 13 focus / mip_intensify,4999579.76,420.2400000002235,3,C4;C5;C7,205,233415.88529642497,9879.695296424967,223536.19,7086699.761229536,7068047.684011394,32.83651248340533,18619.24070565772,0.0,233459.63164342,9923.44164342,9828.718095582499,0.0,1.0,True,0.0,1.0,True,True,True,0.0,0.7886862978264662,0.0,0,0
229,focus_e0abbcfe9a,BIHMH gen 16 focus / crossover_fix,4999579.76,420.2400000002235,3,C4;C5;C7,208,233415.88529642497,9879.695296424967,223536.19,7086810.816514795,7068158.597775266,32.80717764579866,18619.41156188308,0.0,233459.63164342,9923.44164342,9828.718095582499,0.0,1.0,True,0.0,1.0,True,True,True,0.0,0.788638477950876,0.0,0,0
230,focus_e0abbcfe9a,BIHMH gen 14 focus / mip_intensify,4999800.0,200.0,3,C4;C5;C7,206,233415.88529642497,9879.695296424967,223536.19,7086913.843473219,7068261.791590624,32.835096190972536,18619.21678640516,0.0,233459.63164342,9923.44164342,9828.718095582499,0.0,1.0,True,0.0,1.0,True,True,True,0.0,0.7886816500005521,0.0,0,0
231,focus_e0abbcfe9a,BIHMH gen 19 focus / crossover_fix,4999579.76,420.2400000002235,3,C4;C5;C7,218,233415.88529642497,9879.695296424967,223536.19,7086918.299957841,7068266.731434276,32.82598596993563,18618.742537594113,0.0,233459.63164342,9923.44164342,9828.718095582499,0.0,1.0,True,0.0,1.0,True,True,True,0.0,0.7886351741552172,0.0,0,0
232,focus_e0abbcfe9a,BIHMH gen 16 focus / mip_intensify,4999800.0,200.0,3,C4;C5;C7,206,233415.88529642497,9879.695296424967,223536.19,7086947.729593607,7068295.678112792,32.83514690604329,18619.21633390899,0.0,233459.63164342,9923.44164342,9828.718095582499,0.0,1.0,True,0.0,1.0,True,True,True,0.0,0.7886817197909479,0.0,0,0
233,focus_e0abbcfe9a,BIHMH gen 14 focus / crossover_fix,4999800.0,200.0,3,C4;C5;C7,189,233415.88529642497,9879.695296424967,223536.19,7086971.607570881,7068321.0247512385,32.96553390919117,18617.617285733533,0.0,233459.63164342,9923.44164342,9828.718095582499,0.0,1.0,True,0.0,1.0,True,True,True,0.0,0.7888266566781942,0.0,0,0
234,focus_e0abbcfe9a,BIHMH gen 17 focus / crossover_fix,4999800.0,200.0,3,C4;C5;C7,209,233415.88529642497,9879.695296424967,223536.19,7086998.968759622,7068346.8236510875,32.807836409368335,18619.337272125427,0.0,233459.63164342,9923.44164342,9828.718095582499,0.0,1.0,True,0.0,1.0,True,True,True,0.0,0.7886343465925254,0.0,0,0
235,focus_e0abbcfe9a,BIHMH gen 13 focus / crossover_fix,4999800.0,200.0,3,C4;C5;C7,291,233415.88529642497,9879.695296424967,223536.19,7087116.025674211,7068464.04458306,32.650762329858495,18619.330328821492,0.0,233459.63164342,9923.44164342,9828.718095582499,0.0,1.0,True,0.0,1.0,True,True,True,0.0,0.7883349724418165,0.0,0,0
236,focus_e0abbcfe9a,BIHMH gen 17 focus / crossover_fix,4999579.76,420.2400000002235,3,C4;C5;C7,216,233415.88529642497,9879.695296424967,223536.19,7087146.864784326,7068496.852392394,33.02637894625031,18616.986012985988,0.0,233459.63164342,9923.44164342,9828.718095582499,0.0,1.0,True,0.0,1.0,True,True,True,0.0,0.7889117286220254,0.0,0,0
237,focus_e0abbcfe9a,BIHMH gen 13 focus / add_fix,4999579.76,420.2400000002235,3,C4;C5;C7,204,233415.88529642497,9879.695296424967,223536.19,7087517.729485654,7068865.534704708,32.80479100074531,18619.3899899462,0.0,233459.63164342,9923.44164342,9828.718095582499,0.0,1.0,True,0.0,1.0,True,True,True,0.0,0.7886320503255534,0.0,0,0
238,focus_e0abbcfe9a,BIHMH gen 14 focus / crossover_fix,4999800.0,200.0,3,C4;C5;C7,202,233415.88529642497,9879.695296424967,223536.19,7087529.736395478,7068877.524891237,32.80867228605318,18619.4028319558,0.0,233459.63164342,9923.44164342,9828.718095582499,0.0,1.0,True,0.0,1.0,True,True,True,0.0,0.7886413155667099,0.0,0,0
239,focus_e0abbcfe9a,BIHMH gen 12 focus / add_fix,4999579.76,420.2400000002235,3,C4;C5;C7,205,233415.88529642497,9879.695296424967,223536.19,7087538.077286927,7068885.883131081,32.80496668585435,18619.3891891597,0.0,233459.63164342,9923.44164342,9828.718095582499,0.0,1.0,True,0.0,1.0,True,True,True,0.0,0.7886323347908792,0.0,0,0
240,focus_e0abbcfe9a,BIHMH gen 13 focus / crossover_fix,4999579.76,420.2400000002235,3,C4;C5;C7,206,233415.88529642497,9879.695296424967,223536.19,7087555.068114621,7068902.8715344975,32.80459915631509,18619.391980966342,0.0,233459.63164342,9923.44164342,9828.718095582499,0.0,1.0,True,0.0,1.0,True,True,True,0.0,0.7886317777631354,0.0,0,0
241,focus_e0abbcfe9a,BIHMH gen 11 focus / add_fix,4999579.76,420.2400000002235,3,C4;C5;C7,203,233415.88529642497,9879.695296424967,223536.19,7087717.813357746,7069065.601194371,32.808576719031834,18619.403586656743,0.0,233459.63164342,9923.44164342,9828.718095582499,0.0,1.0,True,0.0,1.0,True,True,True,0.0,0.788640736214279,0.0,0,0
242,focus_e0abbcfe9a,BIHMH gen 18 focus / add_fix,4999800.0,200.0,3,C4;C5;C7,204,233415.88529642497,9879.695296424967,223536.19,7087728.742651773,7069076.6490126215,32.81546270582118,18619.27817644563,0.0,233459.63164342,9923.44164342,9828.718095582499,0.0,1.0,True,0.0,1.0,True,True,True,0.0,0.7886461011781157,0.0,0,0
243,focus_e0abbcfe9a,BIHMH gen 17 focus / add_fix,4999800.0,200.0,3,C4;C5;C7,204,233415.88529642497,9879.695296424967,223536.19,7088532.400048557,7069880.18880979,32.80777598418672,18619.403462782328,0.0,233459.63164342,9923.44164342,9828.718095582499,0.0,1.0,True,0.0,1.0,True,True,True,0.0,0.7886392788952857,0.0,0,0
244,focus_e0abbcfe9a,BIHMH gen 10 focus / mip_intensify,4999800.0,200.0,3,C4;C5;C7,183,233415.88529642497,9879.695296424967,223536.19,7089187.461324836,7070536.373449817,32.9051703662939,18618.182704652787,0.0,233459.63164342,9923.44164342,9828.718095582499,0.0,1.0,True,0.0,1.0,True,True,True,0.0,0.7887425334974214,0.0,0,0
245,focus_1392cdb628,BIHMH gen 1 focus / remove_fix,4999980.16,19.83999999985099,3,C2;C5;C7,942,235533.58653284246,9804.416532842466,225729.16999999998,7089347.187984215,7070655.798019535,48.71417347027324,18642.67579120914,0.0,235583.60739681,9854.437396809999,9760.372524388711,0.0,1.0,True,0.0,1.0,True,True,True,0.0,0.8076074736266347,0.0,0,0
246,focus_e0abbcfe9a,BIHMH gen 15 focus / crossover_fix,4999579.76,420.2400000002235,3,C4;C5;C7,299,233415.88529642497,9879.695296424967,223536.19,7089383.8043507645,7070728.818751043,32.0566428218458,18622.928956899344,0.0,233459.63164342,9923.44164342,9828.718095582499,0.0,1.0,True,0.0,1.0,True,True,True,0.0,0.7872756847590772,0.0,0,0
247,focus_e0abbcfe9a,BIHMH gen 10 focus / crossover_fix,4999800.0,200.0,3,C4;C5;C7,264,233415.88529642497,9879.695296424967,223536.19,7089578.119506152,7070927.713573882,33.05675752532259,18617.349174744515,0.0,233459.63164342,9923.44164342,9828.718095582499,0.0,1.0,True,0.0,1.0,True,True,True,0.0,0.7890118296227742,0.0,0,0
248,focus_e0abbcfe9a,BIHMH gen 19 focus / station_capacity_fix,4999738.4,261.59999999962747,4,C2;C4;C5;C7,165,233415.88529642497,9879.695296424967,223536.19,7090341.064890531,7071693.2981314305,33.051566945750366,18614.715192155207,0.0,233459.63164342,9923.44164342,9828.718095582499,0.0,1.0,True,0.0,1.0,True,True,True,0.0,0.7888728992374829,0.0,0,0
249,focus_e0abbcfe9a,BIHMH gen 12 focus / crossover_fix,4999579.76,420.2400000002235,3,C4;C5;C7,346,233415.88529642497,9879.695296424967,223536.19,7091922.959500884,7073269.247127177,31.974371751340254,18621.738001955044,0.0,233459.63164342,9923.44164342,9828.718095582499,0.0,1.0,True,0.0,1.0,True,True,True,0.0,0.7870484673420752,0.0,0,0
250,focus_1392cdb628,BIHMH gen 5 focus / swap_fix,4999539.68,460.320000000298,3,C2;C5;C7,939,235533.58653284246,9804.416532842466,225729.16999999998,7094052.25815844,7075361.109044334,48.658208864671494,18642.49090524138,0.0,235583.60739681,9854.437396809999,9760.372524388711,0.0,1.0,True,0.0,1.0,True,True,True,0.0,0.8075614883199638,0.0,0,0
251,focus_1392cdb628,BIHMH gen 7 focus / swap_fix,4999539.68,460.320000000298,3,C2;C5;C7,937,235533.58653284246,9804.416532842466,225729.16999999998,7095670.071467941,7076978.805677395,48.685192095333015,18642.580598450408,0.0,235583.60739681,9854.437396809999,9760.372524388711,0.0,1.0,True,0.0,1.0,True,True,True,0.0,0.8075836696829507,0.0,0,0
252,focus_1392cdb628,BIHMH gen 5 focus / remove_fix,4999759.92,240.0800000000745,3,C2;C5;C7,942,235533.58653284246,9804.416532842466,225729.16999999998,7096804.408751739,7078112.9167412575,48.723187792478015,18642.768822689617,0.0,235583.60739681,9854.437396809999,9760.372524388711,0.0,1.0,True,0.0,1.0,True,True,True,0.0,0.8076150926819746,0.0,0,0
253,focus_1392cdb628,BIHMH gen 3 focus / swap_fix,4999949.359999999,50.64000000059605,3,C1;C5;C7,923,235533.58653284246,9804.416532842466,225729.16999999998,7104968.615870666,7086245.54569241,48.1210319103793,18674.94914634485,0.0,235583.60739681,9854.437396809999,9760.372524388711,0.0,1.0,True,0.0,1.0,True,True,True,0.0,0.8071220431636784,0.0,0,0
254,focus_1392cdb628,BIHMH gen 3 focus / remove_fix,4999508.88,491.12000000011176,3,C1;C5;C7,920,235533.58653284246,9804.416532842466,225729.16999999998,7106803.165256225,7088080.740832453,47.726442114460546,18674.69798165704,0.0,235583.60739681,9854.437396809999,9760.372524388711,0.0,1.0,True,0.0,1.0,True,True,True,0.0,0.8067975972753663,0.0,0,0
255,focus_1392cdb628,BIHMH gen 1 focus / swap_fix,4999949.359999999,50.64000000059605,3,C1;C5;C7,923,235533.58653284246,9804.416532842466,225729.16999999998,7109149.896981383,7090429.492268978,48.17580863555344,18672.228903769144,0.0,235583.60739681,9854.437396809999,9760.372524388711,0.0,1.0,True,0.0,1.0,True,True,True,0.0,0.8071668975878206,0.0,0,0
256,focus_1392cdb628,BIHMH gen 8 focus / swap_fix,4999729.12,270.87999999988824,3,C1;C5;C7,920,235533.58653284246,9804.416532842466,225729.16999999998,7109570.036511839,7090847.153660804,47.93485416881087,18674.947996866682,0.0,235583.60739681,9854.437396809999,9760.372524388711,0.0,1.0,True,0.0,1.0,True,True,True,0.0,0.8069693801207896,0.0,0,0
257,focus_34131532b6,BIHMH gen 55 focus / crossover_fix,4999800.0,200.0,3,C4;C5;C7,237,236414.49598805996,10101.615988059973,226312.88,7111866.9593671085,7093083.179965856,22.8413136103607,18760.938087642262,0.0,236461.27039319,10148.39039319,10051.519612121783,0.0,1.0,True,0.0,1.0,True,True,True,0.0,0.7802865315718994,0.0,0,0
258,focus_34131532b6,BIHMH gen 50 focus / add_fix,4999800.0,200.0,3,C4;C5;C7,222,236414.49598805996,10101.615988059973,226312.88,7112233.958426847,7093452.005398489,22.91382164870521,18759.03920671004,0.0,236461.27039319,10148.39039319,10051.519612121783,0.0,1.0,True,0.0,1.0,True,True,True,0.0,0.7803967141964312,0.0,0,0
259,focus_34131532b6,BIHMH gen 54 focus / add_fix,4999800.0,200.0,3,C4;C5;C7,222,236414.49598805996,10101.615988059973,226312.88,7113544.707294833,7094762.6169392085,22.90478788552526,18759.18556773886,0.0,236461.27039319,10148.39039319,10051.519612121783,0.0,1.0,True,0.0,1.0,True,True,True,0.0,0.7803826665349936,0.0,0,0
260,focus_1392cdb628,BIHMH gen 3 focus / swap_fix,4999508.88,491.12000000011176,3,C1;C5;C7,925,235533.58653284246,9804.416532842466,225729.16999999998,7114218.07733182,7095494.764821118,47.71233265613405,18675.600178046523,0.0,235583.60739681,9854.437396809999,9760.372524388711,0.0,1.0,True,0.0,1.0,True,True,True,0.0,0.8067877183915864,0.0,0,0
261,focus_34131532b6,BIHMH gen 55 focus / add_fix,4999800.0,200.0,3,C4;C5;C7,221,236414.49598805996,10101.615988059973,226312.88,7114682.00589933,7095899.939532216,22.906650738402863,18759.15971637492,0.0,236461.27039319,10148.39039319,10051.519612121783,0.0,1.0,True,0.0,1.0,True,True,True,0.0,0.7803855398899351,0.0,0,0
262,focus_e0abbcfe9a,BIHMH gen 11 focus / add_fix,4999958.64,41.360000000335276,4,C2;C4;C5;C7,181,233415.88529642497,9879.695296424967,223536.19,7114773.807955427,7096122.309311418,32.26796212620539,18619.2306818836,0.0,233459.63164342,9923.44164342,9828.718095582499,0.0,1.0,True,0.0,1.0,True,True,True,0.0,0.7874912231790216,0.0,0,0
263,focus_34131532b6,BIHMH gen 52 focus / add_fix,4999800.0,200.0,3,C4;C5;C7,219,236414.49598805996,10101.615988059973,226312.88,7115376.711124827,7096593.660410403,22.88403896318605,18760.166675460834,0.0,236461.27039319,10148.39039319,10051.519612121783,0.0,1.0,True,0.0,1.0,True,True,True,0.0,0.7803516823053415,0.0,0,0
264,focus_34131532b6,BIHMH gen 55 focus / add_fix,4999800.0,200.0,3,C4;C5;C7,230,236414.49598805996,10101.615988059973,226312.88,7115876.413642931,7097093.686033001,22.904399000228075,18759.823210929895,0.0,236461.27039319,10148.39039319,10051.519612121783,0.0,1.0,True,0.0,1.0,True,True,True,0.0,0.7803832654030076,0.0,0,0
265,focus_34131532b6,BIHMH gen 52 focus / add_fix,4999800.0,200.0,3,C4;C5;C7,232,236414.49598805996,10101.615988059973,226312.88,7116037.01747718,7097254.364955839,22.909741251025533,18759.742780090633,0.0,236461.27039319,10148.39039319,10051.519612121783,0.0,1.0,True,0.0,1.0,True,True,True,0.0,0.7803915247849439,0.0,0,0
266,focus_34131532b6,BIHMH gen 51 focus / add_fix,4999579.76,420.2400000002235,3,C4;C5;C7,191,236414.49598805996,10101.615988059973,226312.88,7116368.954771976,7097587.226164867,22.94178203130849,18758.786825077488,0.0,236461.27039319,10148.39039319,10051.519612121783,0.0,1.0,True,0.0,1.0,True,True,True,0.0,0.7804383013042766,0.0,0,0
267,focus_34131532b6,BIHMH gen 58 focus / add_fix,4999800.0,200.0,3,C4;C5;C7,230,236414.49598805996,10101.615988059973,226312.88,7116381.514954767,7097598.8177268915,22.90626552327147,18759.790962352152,0.0,236461.27039319,10148.39039319,10051.519612121783,0.0,1.0,True,0.0,1.0,True,True,True,0.0,0.7803861379891093,0.0,0,0
268,focus_e0abbcfe9a,BIHMH gen 13 focus / mip_intensify,4999958.64,41.360000000335276,4,C2;C4;C5;C7,161,233415.88529642497,9879.695296424967,223536.19,7116414.839551762,7097762.69315042,32.19025097881373,18619.95615036345,0.0,233459.63164342,9923.44164342,9828.718095582499,0.0,1.0,True,0.0,1.0,True,True,True,0.0,0.7873658272183068,0.0,0,0
269,focus_34131532b6,BIHMH gen 56 focus / add_fix,4999800.0,200.0,3,C4;C5;C7,231,236414.49598805996,10101.615988059973,226312.88,7116449.474655971,7097666.746065458,22.904069203804035,18759.824521308357,0.0,236461.27039319,10148.39039319,10051.519612121783,0.0,1.0,True,0.0,1.0,True,True,True,0.0,0.7803827462879772,0.0,0,0
270,focus_34131532b6,BIHMH gen 53 focus / add_fix,4999800.0,200.0,3,C4;C5;C7,231,236414.49598805996,10101.615988059973,226312.88,7116465.391491276,7097682.662358949,22.903918609861464,18759.825213716842,0.0,236461.27039319,10148.39039319,10051.519612121783,0.0,1.0,True,0.0,1.0,True,True,True,0.0,0.7803825070099997,0.0,0,0
271,focus_34131532b6,BIHMH gen 59 focus / add_fix,4999800.0,200.0,3,C4;C5;C7,231,236414.49598805996,10101.615988059973,226312.88,7116466.074132075,7097683.281115707,22.912079733440436,18759.8809366341,0.0,236461.27039319,10148.39039319,10051.519612121783,0.0,1.0,True,0.0,1.0,True,True,True,0.0,0.7803957808958828,0.0,0,0
272,focus_34131532b6,BIHMH gen 54 focus / crossover_fix,4999800.0,200.0,3,C4;C5;C7,230,236414.49598805996,10101.615988059973,226312.88,7116566.861992422,7097784.0468330905,22.910250926963744,18759.904908403973,0.0,236461.27039319,10148.39039319,10051.519612121783,0.0,1.0,True,0.0,1.0,True,True,True,0.0,0.7803929520141046,0.0,0,0
273,focus_34131532b6,BIHMH gen 56 focus / add_fix,4999800.0,200.0,3,C4;C5;C7,230,236414.49598805996,10101.615988059973,226312.88,7116569.653227848,7097786.837368521,22.910246000014734,18759.905613327737,0.0,236461.27039319,10148.39039319,10051.519612121783,0.0,1.0,True,0.0,1.0,True,True,True,0.0,0.7803929457448472,0.0,0,0
274,focus_34131532b6,BIHMH gen 56 focus / add_fix,4999800.0,200.0,3,C4;C5;C7,213,236414.49598805996,10101.615988059973,226312.88,7116621.576978352,7097838.986385447,22.818335471165117,18759.772257433753,0.0,236461.27039319,10148.39039319,10051.519612121783,0.0,1.0,True,0.0,1.0,True,True,True,0.0,0.7802445729565418,0.0,0,0
275,focus_34131532b6,BIHMH gen 53 focus / add_fix,4999579.76,420.2400000002235,3,C4;C5;C7,231,236414.49598805996,10101.615988059973,226312.88,7116655.782930375,7097872.92992006,22.897939017756162,18759.955071297467,0.0,236461.27039319,10148.39039319,10051.519612121783,0.0,1.0,True,0.0,1.0,True,True,True,0.0,0.7803734718956736,0.0,0,0
276,focus_34131532b6,BIHMH gen 52 focus / add_fix,4999800.0,200.0,3,C4;C5;C7,190,236414.49598805996,10101.615988059973,226312.88,7116718.3293253165,7097936.668626206,22.94571181891739,18758.714987291896,0.0,236461.27039319,10148.39039319,10051.519612121783,0.0,1.0,True,0.0,1.0,True,True,True,0.0,0.7804442928985336,0.0,0,0
277,focus_34131532b6,BIHMH gen 53 focus / add_fix,4999579.76,420.2400000002235,3,C4;C5;C7,230,236414.49598805996,10101.615988059973,226312.88,7116724.304650972,7097941.510136421,22.911977202492118,18759.882537348363,0.0,236461.27039319,10148.39039319,10051.519612121783,0.0,1.0,True,0.0,1.0,True,True,True,0.0,0.7803956212114892,0.0,0,0
278,focus_34131532b6,BIHMH gen 57 focus / add_fix,4999800.0,200.0,3,C4;C5;C7,220,236414.49598805996,10101.615988059973,226312.88,7116736.261612876,7097954.357511672,22.92442163645977,18758.97967956745,0.0,236461.27039319,10148.39039319,10051.519612121783,0.0,1.0,True,0.0,1.0,True,True,True,0.0,0.7804132934906337,0.0,0,0
279,focus_34131532b6,BIHMH gen 54 focus / add_fix,4999579.76,420.2400000002235,3,C4;C5;C7,221,236414.49598805996,10101.615988059973,226312.88,7116755.850760493,7097973.92437394,22.916399350493997,18759.009987203506,0.0,236461.27039319,10148.39039319,10051.519612121783,0.0,1.0,True,0.0,1.0,True,True,True,0.0,0.7804007226323361,0.0,0,0
280,focus_34131532b6,BIHMH gen 57 focus / add_fix,4999800.0,200.0,3,C4;C5;C7,212,236414.49598805996,10101.615988059973,226312.88,7116788.671909235,7098005.98463027,22.82455734875985,18759.862721616108,0.0,236461.27039319,10148.39039319,10051.519612121783,0.0,1.0,True,0.0,1.0,True,True,True,0.0,0.7802549230547652,0.0,0,0
281,focus_34131532b6,BIHMH gen 54 focus / add_fix,4999579.76,420.2400000002235,3,C4;C5;C7,213,236414.49598805996,10101.615988059973,226312.88,7117116.039515035,7098333.206445673,22.877925229153092,18759.955144133528,0.0,236461.27039319,10148.39039319,10051.519612121783,0.0,1.0,True,0.0,1.0,True,True,True,0.0,0.7803406632862,0.0,0,0
282,focus_34131532b6,BIHMH gen 52 focus / add_fix,4999800.0,200.0,3,C4;C5;C7,221,236414.49598805996,10101.615988059973,226312.88,7117501.345114274,7098719.276784211,22.906180625886517,18759.162149437096,0.0,236461.27039319,10148.39039319,10051.519612121783,0.0,1.0,True,0.0,1.0,True,True,True,0.0,0.7803847971334551,0.0,0,0
283,focus_34131532b6,BIHMH gen 58 focus / crossover_fix,4999579.76,420.2400000002235,3,C4;C5;C7,214,236414.49598805996,10101.615988059973,226312.88,7117527.207492343,7098745.616256167,22.992407077304282,18758.598829099043,0.0,236461.27039319,10148.39039319,10051.519612121783,0.0,1.0,True,0.0,1.0,True,True,True,0.0,0.7805186355371421,0.0,0,0
284,focus_34131532b6,BIHMH gen 50 focus / crossover_fix,4999800.0,200.0,3,C4;C5;C7,214,236414.49598805996,10101.615988059973,226312.88,7117586.012767167,7098802.693707975,22.844643303673383,18760.474415887853,0.0,236461.27039319,10148.39039319,10051.519612121783,0.0,1.0,True,0.0,1.0,True,True,True,0.0,0.7802895719009865,0.0,0,0
285,focus_34131532b6,BIHMH gen 54 focus / add_fix,4999800.0,200.0,3,C4;C5;C7,194,236414.49598805996,10101.615988059973,226312.88,7117825.2264453545,7099042.196802151,22.853118270627462,18760.176524932333,0.0,236461.27039319,10148.39039319,10051.519612121783,0.0,1.0,True,0.0,1.0,True,True,True,0.0,0.7803020960187028,0.0,0,0
286,focus_34131532b6,BIHMH gen 57 focus / add_fix,4999579.76,420.2400000002235,3,C4;C5;C7,220,236414.49598805996,10101.615988059973,226312.88,7117992.777028163,7099210.483208854,22.885087188867256,18759.40873212007,0.0,236461.27039319,10148.39039319,10051.519612121783,0.0,1.0,True,0.0,1.0,True,True,True,0.0,0.780351945385365,0.0,0,0
287,focus_34131532b6,BIHMH gen 59 focus / add_fix,4999579.76,420.2400000002235,3,C4;C5;C7,199,236414.49598805996,10101.615988059973,226312.88,7118309.646091976,7099526.791993033,22.874761637202223,18759.979337306213,0.0,236461.27039319,10148.39039319,10051.519612121783,0.0,1.0,True,0.0,1.0,True,True,True,0.0,0.7803361176237616,0.0,0,0
288,focus_34131532b6,BIHMH gen 57 focus / crossover_fix,4999800.0,200.0,3,C4;C5;C7,222,236414.49598805996,10101.615988059973,226312.88,7118432.23838714,7099649.483291052,22.92689238065511,18759.82820370765,0.0,236461.27039319,10148.39039319,10051.519612121783,0.0,1.0,True,0.0,1.0,True,True,True,0.0,0.7804193432112945,0.0,0,0
289,focus_34131532b6,BIHMH gen 58 focus / add_fix,4999579.76,420.2400000002235,3,C4;C5;C7,177,236414.49598805996,10101.615988059973,226312.88,7118671.4417848345,7099889.265166411,22.919026515930554,18759.25759190706,0.0,236461.27039319,10148.39039319,10051.519612121783,0.0,1.0,True,0.0,1.0,True,True,True,0.0,0.7804035646244106,0.0,0,0
290,focus_34131532b6,BIHMH gen 55 focus / add_fix,4999800.0,200.0,3,C4;C5;C7,213,236414.49598805996,10101.615988059973,226312.88,7118753.899515712,7099970.671166649,22.86807704657132,18760.360272016147,0.0,236461.27039319,10148.39039319,10051.519612121783,0.0,1.0,True,0.0,1.0,True,True,True,0.0,0.7803267418440372,0.0,0,0
291,focus_34131532b6,BIHMH gen 51 focus / mip_intensify,4999800.0,200.0,3,C4;C5;C7,192,236414.49598805996,10101.615988059973,226312.88,7118963.239237158,7100181.301073803,22.936272390553565,18759.00189096476,0.0,236461.27039319,10148.39039319,10051.519612121783,0.0,1.0,True,0.0,1.0,True,True,True,0.0,0.7804304040208385,0.0,0,0
292,focus_34131532b6,BIHMH gen 59 focus / add_fix,4999800.0,200.0,3,C4;C5;C7,213,236414.49598805996,10101.615988059973,226312.88,7118996.296494466,7100213.187556663,22.869706335900208,18760.23923146772,0.0,236461.27039319,10148.39039319,10051.519612121783,0.0,1.0,True,0.0,1.0,True,True,True,0.0,0.7803288934296496,0.0,0,0
293,focus_34131532b6,BIHMH gen 53 focus / add_fix,4999800.0,200.0,3,C4;C5;C7,193,236414.49598805996,10101.615988059973,226312.88,7119074.09618585,7100292.35712305,22.952359636970314,18758.78670316279,0.0,236461.27039319,10148.39039319,10051.519612121783,0.0,1.0,True,0.0,1.0,True,True,True,0.0,0.7804552461862194,0.0,0,0
294,focus_34131532b6,BIHMH gen 51 focus / add_fix,4999800.0,200.0,3,C4;C5;C7,229,236414.49598805996,10101.615988059973,226312.88,7119180.745050147,7100397.937001891,22.91100392212721,18759.89704433383,0.0,236461.27039319,10148.39039319,10051.519612121783,0.0,1.0,True,0.0,1.0,True,True,True,0.0,0.7803941230070734,0.0,0,0
295,focus_34131532b6,BIHMH gen 54 focus / crossover_fix,4999800.0,200.0,3,C4;C5;C7,216,236414.49598805996,10101.615988059973,226312.88,7119191.286159435,7100408.356379405,22.87875576009056,18760.05102427047,0.0,236461.27039319,10148.39039319,10051.519612121783,0.0,1.0,True,0.0,1.0,True,True,True,0.0,0.78034291346931,0.0,0,0
296,focus_34131532b6,BIHMH gen 58 focus / add_fix,4999800.0,200.0,3,C4;C5;C7,213,236414.49598805996,10101.615988059973,226312.88,7119196.872484122,7100414.283038044,22.82238364743147,18759.7670624303,0.0,236461.27039319,10148.39039319,10051.519612121783,0.0,1.0,True,0.0,1.0,True,True,True,0.0,0.7802509948969999,0.0,0,0
297,focus_34131532b6,BIHMH gen 55 focus / add_fix,4999579.76,420.2400000002235,3,C4;C5;C7,230,236414.49598805996,10101.615988059973,226312.88,7119308.256582586,7100525.554712689,22.905989669736428,18759.795880227615,0.0,236461.27039319,10148.39039319,10051.519612121783,0.0,1.0,True,0.0,1.0,True,True,True,0.0,0.7803857024579622,0.0,0,0
298,focus_34131532b6,BIHMH gen 59 focus / add_fix,4999800.0,200.0,3,C4;C5;C7,231,236414.49598805996,10101.615988059973,226312.88,7119389.953980472,7100607.174532905,22.912748368992688,18759.866699197017,0.0,236461.27039319,10148.39039319,10051.519612121783,0.0,1.0,True,0.0,1.0,True,True,True,0.0,0.780396805135924,0.0,0,0
299,focus_e0abbcfe9a,BIHMH gen 11 focus / add_fix,4999958.64,41.360000000335276,4,C2;C4;C5;C7,181,233415.88529642497,9879.695296424967,223536.19,7119417.530922374,7100765.994407175,32.26175468461546,18619.27476051406,0.0,233459.63164342,9923.44164342,9828.718095582499,0.0,1.0,True,0.0,1.0,True,True,True,0.0,0.7874811902354948,0.0,0,0
300,focus_34131532b6,BIHMH gen 52 focus / add_fix,4999800.0,200.0,3,C4;C5;C7,212,236414.49598805996,10101.615988059973,226312.88,7119452.512602971,7100669.481538036,22.86815619404347,18760.16290874135,0.0,236461.27039319,10148.39039319,10051.519612121783,0.0,1.0,True,0.0,1.0,True,True,True,0.0,0.7803260936470033,0.0,0,0
301,focus_34131532b6,BIHMH gen 57 focus / add_fix,4999800.0,200.0,3,C4;C5;C7,213,236414.49598805996,10101.615988059973,226312.88,7119472.301020725,7100689.381555909,22.867738193814528,18760.051726621492,0.0,236461.27039319,10148.39039319,10051.519612121783,0.0,1.0,True,0.0,1.0,True,True,True,0.0,0.7803250122967325,0.0,0,0
302,focus_34131532b6,BIHMH gen 56 focus / add_fix,4999800.0,200.0,3,C4;C5;C7,213,236414.49598805996,10101.615988059973,226312.88,7119554.0749421455,7100771.259637571,22.879294739946978,18759.936009834186,0.0,236461.27039319,10148.39039319,10051.519612121783,0.0,1.0,True,0.0,1.0,True,True,True,0.0,0.7803433324152951,0.0,0,0
303,focus_34131532b6,BIHMH gen 58 focus / add_fix,4999579.76,420.2400000002235,3,C4;C5;C7,231,236414.49598805996,10101.615988059973,226312.88,7119567.281439744,7100784.502871732,22.912783674287635,18759.865784337882,0.0,236461.27039319,10148.39039319,10051.519612121783,0.0,1.0,True,0.0,1.0,True,True,True,0.0,0.7803968593057637,0.0,0,0
304,focus_34131532b6,BIHMH gen 57 focus / add_fix,4999579.76,420.2400000002235,3,C4;C5;C7,228,236414.49598805996,10101.615988059973,226312.88,7119586.357613113,7100803.676945075,22.907727870644763,18759.77294016594,0.0,236461.27039319,10148.39039319,10051.519612121783,0.0,1.0,True,0.0,1.0,True,True,True,0.0,0.7803883895478677,0.0,0,0
305,focus_34131532b6,BIHMH gen 51 focus / mip_intensify,4999800.0,200.0,3,C4;C5;C7,185,236414.49598805996,10101.615988059973,226312.88,7119610.348380441,7100828.213401461,22.917068897050022,18759.217910082996,0.0,236461.27039319,10148.39039319,10051.519612121783,0.0,1.0,True,0.0,1.0,True,True,True,0.0,0.7804002801186308,0.0,0,0
306,focus_34131532b6,BIHMH gen 50 focus / add_fix,4999800.0,200.0,3,C4;C5;C7,212,236414.49598805996,10101.615988059973,226312.88,7119680.341403987,7100897.107028311,22.86780809283715,18760.366567583304,0.0,236461.27039319,10148.39039319,10051.519612121783,0.0,1.0,True,0.0,1.0,True,True,True,0.0,0.7803263195844118,0.0,0,0
307,focus_34131532b6,BIHMH gen 56 focus / add_fix,4999579.76,420.2400000002235,3,C4;C5;C7,212,236414.49598805996,10101.615988059973,226312.88,7119705.497960944,7100922.363630787,22.865434975996664,18760.26889518079,0.0,236461.27039319,10148.39039319,10051.519612121783,0.0,1.0,True,0.0,1.0,True,True,True,0.0,0.7803222807890068,0.0,0,0
308,focus_34131532b6,BIHMH gen 55 focus / add_fix,4999579.76,420.2400000002235,3,C4;C5;C7,229,236414.49598805996,10101.615988059973,226312.88,7119731.5958427815,7100948.905671323,22.906781722403448,18759.783389735647,0.0,236461.27039319,10148.39039319,10051.519612121783,0.0,1.0,True,0.0,1.0,True,True,True,0.0,0.7803869342732377,0.0,0,0
309,focus_34131532b6,BIHMH gen 55 focus / add_fix,4999800.0,200.0,3,C4;C5;C7,229,236414.49598805996,10101.615988059973,226312.88,7119868.942051533,7101086.026771447,22.898502645906557,18760.01677744029,0.0,236461.27039319,10148.39039319,10051.519612121783,0.0,1.0,True,0.0,1.0,True,True,True,0.0,0.780374540002549,0.0,0,0
310,focus_34131532b6,BIHMH gen 52 focus / add_fix,4999800.0,200.0,3,C4;C5;C7,212,236414.49598805996,10101.615988059973,226312.88,7119887.089176465,7101103.983491583,22.881007821932467,18760.224677059756,0.0,236461.27039319,10148.39039319,10051.519612121783,0.0,1.0,True,0.0,1.0,True,True,True,0.0,0.7803470289278703,0.0,0,0
311,focus_34131532b6,BIHMH gen 52 focus / add_fix,4999579.76,420.2400000002235,3,C4;C5;C7,190,236414.49598805996,10101.615988059973,226312.88,7119988.958191766,7101206.727489563,22.93425362255049,18759.29644858073,0.0,236461.27039319,10148.39039319,10051.519612121783,0.0,1.0,True,0.0,1.0,True,True,True,0.0,0.7804291482094666,0.0,0,0
312,focus_34131532b6,BIHMH gen 53 focus / add_fix,4999800.0,200.0,3,C4;C5;C7,212,236414.49598805996,10101.615988059973,226312.88,7120015.894774286,7101233.301709295,22.822941554190912,18759.770123437058,0.0,236461.27039319,10148.39039319,10051.519612121783,0.0,1.0,True,0.0,1.0,True,True,True,0.0,0.7802519042519828,0.0,0,0
313,focus_34131532b6,BIHMH gen 50 focus / add_fix,4999800.0,200.0,3,C4;C5;C7,212,236414.49598805996,10101.615988059973,226312.88,7120040.468380988,7101257.8487955835,22.829030295837413,18759.79055510872,0.0,236461.27039319,10148.39039319,10051.519612121783,0.0,1.0,True,0.0,1.0,True,True,True,0.0,0.7802618915248453,0.0,0,0
314,focus_34131532b6,BIHMH gen 50 focus / add_fix,4999800.0,200.0,3,C4;C5;C7,213,236414.49598805996,10101.615988059973,226312.88,7120081.133524247,7101298.74767502,22.829739326207086,18759.55610990025,0.0,236461.27039319,10148.39039319,10051.519612121783,0.0,1.0,True,0.0,1.0,True,True,True,0.0,0.7802622411678506,0.0,0,0
315,focus_34131532b6,BIHMH gen 50 focus / add_fix,4999800.0,200.0,3,C4;C5;C7,212,236414.49598805996,10101.615988059973,226312.88,7120084.299710144,7101301.458112741,22.898452303738864,18759.943145099835,0.0,236461.27039319,10148.39039319,10051.519612121783,0.0,1.0,True,0.0,1.0,True,True,True,0.0,0.7803742240730118,0.0,0,0
316,focus_34131532b6,BIHMH gen 53 focus / add_fix,4999800.0,200.0,3,C4;C5;C7,212,236414.49598805996,10101.615988059973,226312.88,7120092.386726034,7101309.765259663,22.8292494590667,18759.792216912,0.0,236461.27039319,10148.39039319,10051.519612121783,0.0,1.0,True,0.0,1.0,True,True,True,0.0,0.7802622520145318,0.0,0,0
317,focus_34131532b6,BIHMH gen 53 focus / add_fix,4999579.76,420.2400000002235,3,C4;C5;C7,212,236414.49598805996,10101.615988059973,226312.88,7120135.9387038695,7101353.278809577,22.82629439507791,18759.83359989693,0.0,236461.27039319,10148.39039319,10051.519612121783,0.0,1.0,True,0.0,1.0,True,True,True,0.0,0.7802575919283321,0.0,0,0
318,focus_34131532b6,BIHMH gen 56 focus / add_fix,4999800.0,200.0,3,C4;C5;C7,207,236414.49598805996,10101.615988059973,226312.88,7120214.635723961,7101432.795455837,22.955421170508473,18758.88484695354,0.0,236461.27039319,10148.39039319,10051.519612121783,0.0,1.0,True,0.0,1.0,True,True,True,0.0,0.7804605400592778,0.0,0,0
319,focus_34131532b6,BIHMH gen 51 focus / add_fix,4999800.0,200.0,3,C4;C5;C7,204,236414.49598805996,10101.615988059973,226312.88,7120217.61666727,7101435.763581907,22.953969881705437,18758.899115480526,0.0,236461.27039319,10148.39039319,10051.519612121783,0.0,1.0,True,0.0,1.0,True,True,True,0.0,0.7804582851062899,0.0,0,0
320,focus_34131532b6,BIHMH gen 54 focus / crossover_fix,4999800.0,200.0,3,C4;C5;C7,212,236414.49598805996,10101.615988059973,226312.88,7120256.058158496,7101473.10241667,22.865890871815512,18760.089850955163,0.0,236461.27039319,10148.39039319,10051.519612121783,0.0,1.0,True,0.0,1.0,True,True,True,0.0,0.7803221248327878,0.0,0,0
321,focus_34131532b6,BIHMH gen 50 focus / add_fix,4999579.76,420.2400000002235,3,C4;C5;C7,212,236414.49598805996,10101.615988059973,226312.88,7120277.9449204495,7101495.025657365,22.86748557857867,18760.051777506622,0.0,236461.27039319,10148.39039319,10051.519612121783,0.0,1.0,True,0.0,1.0,True,True,True,0.0,0.7803246039523961,0.0,0,0
322,focus_34131532b6,BIHMH gen 56 focus / add_fix,4999800.0,200.0,3,C4;C5;C7,212,236414.49598805996,10101.615988059973,226312.88,7120296.736270305,7101513.77485406,22.865224645549354,18760.096191599278,0.0,236461.27039319,10148.39039319,10051.519612121783,0.0,1.0,True,0.0,1.0,True,True,True,0.0,0.7803210819201664,0.0,0,0
323,focus_34131532b6,BIHMH gen 51 focus / add_fix,4999579.76,420.2400000002235,3,C4;C5;C7,213,236414.49598805996,10101.615988059973,226312.88,7120299.129036415,7101515.918637265,22.854485700933292,18760.3559134491,0.0,236461.27039319,10148.39039319,10051.519612121783,0.0,1.0,True,0.0,1.0,True,True,True,0.0,0.7803048175905927,0.0,0,0
324,focus_34131532b6,BIHMH gen 54 focus / add_fix,4999579.76,420.2400000002235,3,C4;C5;C7,212,236414.49598805996,10101.615988059973,226312.88,7120324.862663441,7101541.9413049705,22.867706726521373,18760.05365174493,0.0,236461.27039319,10148.39039319,10051.519612121783,0.0,1.0,True,0.0,1.0,True,True,True,0.0,0.7803249678982347,0.0,0,0
325,focus_34131532b6,BIHMH gen 54 focus / add_fix,4999800.0,200.0,3,C4;C5;C7,207,236414.49598805996,10101.615988059973,226312.88,7120327.9255716195,7101546.084829661,22.95536089041597,18758.885381067746,0.0,236461.27039319,10148.39039319,10051.519612121783,0.0,1.0,True,0.0,1.0,True,True,True,0.0,0.7804604456285222,0.0,0,0
326,focus_34131532b6,BIHMH gen 52 focus / add_fix,4999800.0,200.0,3,C4;C5;C7,207,236414.49598805996,10101.615988059973,226312.88,7120534.897090714,7101753.124523969,22.95133662017164,18758.82123012452,0.0,236461.27039319,10148.39039319,10051.519612121783,0.0,1.0,True,0.0,1.0,True,True,True,0.0,0.7804537141377345,0.0,0,0
327,focus_34131532b6,BIHMH gen 52 focus / mip_intensify,4999800.0,200.0,3,C4;C5;C7,214,236414.49598805996,10101.615988059973,226312.88,7120561.301153746,7101778.091553567,22.87551101220412,18760.33408916721,0.0,236461.27039319,10148.39039319,10051.519612121783,0.0,1.0,True,0.0,1.0,True,True,True,0.0,0.780338553896392,0.0,0,0
328,focus_34131532b6,BIHMH gen 57 focus / crossover_fix,4999579.76,420.2400000002235,3,C4;C5;C7,208,236414.49598805996,10101.615988059973,226312.88,7120811.957947552,7102028.876131165,22.863360010588128,18760.21845637659,0.0,236461.27039319,10148.39039319,10051.519612121783,0.0,1.0,True,0.0,1.0,True,True,True,0.0,0.7803185778407039,0.0,0,0
329,focus_34131532b6,BIHMH gen 54 focus / add_fix,4999800.0,200.0,3,C4;C5;C7,212,236414.49598805996,10101.615988059973,226312.88,7121012.818289477,7102229.842932991,22.860816243376846,18760.11454024364,0.0,236461.27039319,10148.39039319,10051.519612121783,0.0,1.0,True,0.0,1.0,True,True,True,0.0,0.7803140710559459,0.0,0,0
330,focus_34131532b6,BIHMH gen 50 focus / crossover_fix,4999800.0,200.0,3,C4;C5;C7,196,236414.49598805996,10101.615988059973,226312.88,7121029.575600677,7102247.69543935,22.949608669264528,18758.930552657544,0.0,236461.27039319,10148.39039319,10051.519612121783,0.0,1.0,True,0.0,1.0,True,True,True,0.0,0.7804514438951458,0.0,0,0
331,focus_34131532b6,BIHMH gen 57 focus / add_fix,4999800.0,200.0,3,C4;C5;C7,212,236414.49598805996,10101.615988059973,226312.88,7121045.737300939,7102262.762193372,22.86084388745627,18760.114263679872,0.0,236461.27039319,10148.39039319,10051.519612121783,0.0,1.0,True,0.0,1.0,True,True,True,0.0,0.7803141142887726,0.0,0,0
332,focus_34131532b6,BIHMH gen 56 focus / add_fix,4999800.0,200.0,3,C4;C5;C7,212,236414.49598805996,10101.615988059973,226312.88,7121107.099755783,7102323.991887749,22.88103546795472,18760.22683256565,0.0,236461.27039319,10148.39039319,10051.519612121783,0.0,1.0,True,0.0,1.0,True,True,True,0.0,0.780347079250396,0.0,0,0
333,focus_34131532b6,BIHMH gen 53 focus / add_fix,4999800.0,200.0,3,C4;C5;C7,213,236414.49598805996,10101.615988059973,226312.88,7121259.730265807,7102477.165656734,22.82063095000596,18759.74397812325,0.0,236461.27039319,10148.39039319,10051.519612121783,0.0,1.0,True,0.0,1.0,True,True,True,0.0,0.7802481445673972,0.0,0,0
334,focus_34131532b6,BIHMH gen 58 focus / add_fix,4999800.0,200.0,3,C4;C5;C7,184,236414.49598805996,10101.615988059973,226312.88,7121913.286479056,7103131.335023714,22.929497541503963,18759.021957799952,0.0,236461.27039319,10148.39039319,10051.519612121783,0.0,1.0,True,0.0,1.0,True,True,True,0.0,0.7804193003402266,0.0,0,0
335,focus_e0abbcfe9a,BIHMH gen 12 focus / crossover_fix,4999958.64,41.360000000335276,4,C2;C4;C5;C7,192,233415.88529642497,9879.695296424967,223536.19,7124013.389656566,7105360.267618811,32.03003138142253,18621.092006374533,0.0,233459.63164342,9923.44164342,9828.718095582499,0.0,1.0,True,0.0,1.0,True,True,True,0.0,0.7871177962139962,0.0,0,0
336,focus_07687d9f43,BIHMH gen 42 focus / swap_fix,4999821.52,178.48000000044703,2,C5;C7,961,238100.33505297746,10295.905052977463,227804.43,7128802.495553254,7109435.219818631,101.71209123155893,19265.563643391273,0.0,238147.49221527998,10343.062215279999,10244.333207367208,0.0,1.0,True,0.0,1.0,True,True,True,0.0,0.8349179062711283,0.0,0,0
337,focus_07687d9f43,BIHMH gen 41 focus / swap_fix,4999381.04,618.9599999999627,2,C5;C7,968,238100.33505297746,10295.905052977463,227804.43,7130066.7213626085,7110699.420304816,101.63559936793004,19265.66545842367,0.0,238147.49221527998,10343.062215279999,10244.333207367208,0.0,1.0,True,0.0,1.0,True,True,True,0.0,0.834884669361667,0.0,0,0
338,focus_07687d9f43,BIHMH gen 49 focus / swap_fix,4999601.28,398.71999999973923,2,C5;C7,963,238100.33505297746,10295.905052977463,227804.43,7130174.55446927,7110807.226824052,101.95024345346818,19265.37740176486,0.0,238147.49221527998,10343.062215279999,10244.333207367208,0.0,1.0,True,0.0,1.0,True,True,True,0.0,0.835021966855775,0.0,0,0
339,focus_07687d9f43,BIHMH gen 49 focus / swap_fix,4999601.28,398.71999999973923,2,C5;C7,965,238100.33505297746,10295.905052977463,227804.43,7130263.843172348,7110896.5108265765,102.03584278529476,19265.296502986253,0.0,238147.49221527998,10343.062215279999,10244.333207367208,0.0,1.0,True,0.0,1.0,True,True,True,0.0,0.8350591086023402,0.0,0,0
340,focus_07687d9f43,BIHMH gen 45 focus / remove_fix,4999381.04,618.9599999999627,2,C5;C7,968,238100.33505297746,10295.905052977463,227804.43,7130387.353056261,7111020.072636183,101.69970350601251,19265.58071657164,0.0,238147.49221527998,10343.062215279999,10244.333207367208,0.0,1.0,True,0.0,1.0,True,True,True,0.0,0.8349125317208974,0.0,0,0
341,focus_07687d9f43,BIHMH gen 49 focus / swap_fix,4999821.52,178.48000000044703,2,C5;C7,969,238100.33505297746,10295.905052977463,227804.43,7130710.517454087,7111343.359638497,101.9397304150727,19265.218085174805,0.0,238147.49221527998,10343.062215279999,10244.333207367208,0.0,1.0,True,0.0,1.0,True,True,True,0.0,0.8350159047776751,0.0,0,0
342,focus_e0abbcfe9a,BIHMH gen 11 focus / mip_intensify,4999927.84,72.16000000014901,4,C1;C4;C5;C7,147,233415.88529642497,9879.695296424967,223536.19,7131371.743387864,7112689.908508873,31.870926255020912,18649.96395273566,0.0,233459.63164342,9923.44164342,9828.718095582499,0.0,1.0,True,0.0,1.0,True,True,True,0.0,0.7867294045295127,0.0,0,0
343,focus_e0abbcfe9a,BIHMH gen 10 focus / add_fix,4999927.84,72.16000000014901,4,C1;C4;C5;C7,167,233415.88529642497,9879.695296424967,223536.19,7131458.488870772,7112777.029588107,31.923377858431262,18649.53590480644,0.0,233459.63164342,9923.44164342,9828.718095582499,0.0,1.0,True,0.0,1.0,True,True,True,0.0,0.7868178314916082,0.0,0,0
344,focus_e0abbcfe9a,BIHMH gen 10 focus / add_fix,4999927.84,72.16000000014901,4,C1;C4;C5;C7,168,233415.88529642497,9879.695296424967,223536.19,7131532.098686626,7112850.488028659,31.91916626431894,18649.6914917032,0.0,233459.63164342,9923.44164342,9828.718095582499,0.0,1.0,True,0.0,1.0,True,True,True,0.0,0.7868055645934511,0.0,0,0
345,focus_de763cc9b4,BIHMH gen 35 focus / remove_fix,4999601.28,398.71999999973923,2,C5;C7,966,238005.35343565745,10175.673435657469,227829.68,7131717.646712483,7112612.000053385,77.85713879408043,19027.789520303955,0.0,238052.81825989,10223.13825989,10125.553978064532,0.0,1.0,True,0.0,1.0,True,True,True,0.0,0.8251595406677061,0.0,0,0
346,focus_07687d9f43,BIHMH gen 44 focus / swap_fix,4999821.52,178.48000000044703,2,C5;C7,969,238100.33505297746,10295.905052977463,227804.43,7131922.470898807,7112554.935475757,101.78843952870727,19265.74698352071,0.0,238147.49221527998,10343.062215279999,10244.333207367208,0.0,1.0,True,0.0,1.0,True,True,True,0.0,0.8349533303494752,0.0,0,0
347,focus_07687d9f43,BIHMH gen 46 focus / swap_fix,4999821.52,178.48000000044703,2,C5;C7,969,238100.33505297746,10295.905052977463,227804.43,7131991.747147995,7112624.238049481,101.96607581288731,19265.54302270121,0.0,238147.49221527998,10343.062215279999,10244.333207367208,0.0,1.0,True,0.0,1.0,True,True,True,0.0,0.8350303420034413,0.0,0,0
348,focus_de763cc9b4,BIHMH gen 36 focus / swap_fix,4999381.04,618.9599999999627,2,C5;C7,965,238005.35343565745,10175.673435657469,227829.68,7132259.819819306,7113154.214955695,78.08414483253252,19027.520718778385,0.0,238052.81825989,10223.13825989,10125.553978064532,0.0,1.0,True,0.0,1.0,True,True,True,0.0,0.8252800637032205,0.0,0,0
349,focus_07687d9f43,BIHMH gen 41 focus / remove_fix,4999821.52,178.48000000044703,2,C5;C7,964,238100.33505297746,10295.905052977463,227804.43,7132282.249849665,7112914.897923379,101.71831597843484,19265.633610307017,0.0,238147.49221527998,10343.062215279999,10244.333207367208,0.0,1.0,True,0.0,1.0,True,True,True,0.0,0.8349212312910925,0.0,0,0
350,focus_dc179c69a2,BIHMH gen 21 focus / crossover_fix,4999800.0,200.0,3,C4;C5;C7,205,234526.7194576,9993.859457600018,224532.86,7132341.798100613,7113670.224803741,40.51861764675461,18631.054679225635,0.0,234574.86890526998,10042.008905269999,9946.153581572531,0.0,1.0,True,0.0,1.0,True,True,True,0.0,0.8008411799088497,0.0,0,0
351,focus_dc179c69a2,BIHMH gen 20 focus / crossover_fix,4999800.0,200.0,3,C4;C5;C7,192,234526.7194576,9993.859457600018,224532.86,7132926.880583615,7114256.127218248,40.66559676931956,18630.087768597637,0.0,234574.86890526998,10042.008905269999,9946.153581572531,0.0,1.0,True,0.0,1.0,True,True,True,0.0,0.8009766552752411,0.0,0,0
352,focus_07687d9f43,BIHMH gen 42 focus / swap_fix,4999381.04,618.9599999999627,2,C5;C7,966,238100.33505297746,10295.905052977463,227804.43,7132999.469943253,7113631.846404698,101.7325060135096,19265.891032542037,0.0,238147.49221527998,10343.062215279999,10244.333207367208,0.0,1.0,True,0.0,1.0,True,True,True,0.0,0.8349297510860085,0.0,0,0
353,focus_dc179c69a2,BIHMH gen 24 focus / crossover_fix,4999800.0,200.0,3,C4;C5;C7,189,234526.7194576,9993.859457600018,224532.86,7133324.752039082,7114654.29147421,40.67099555384399,18629.789569318633,0.0,234574.86890526998,10042.008905269999,9946.153581572531,0.0,1.0,True,0.0,1.0,True,True,True,0.0,0.800980284575,0.0,0,0
354,focus_07687d9f43,BIHMH gen 40 focus / swap_fix,4999821.52,178.48000000044703,2,C5;C7,969,238100.33505297746,10295.905052977463,227804.43,7133372.612052519,7114005.287767788,101.85385320328253,19265.47043152759,0.0,238147.49221527998,10343.062215279999,10244.333207367208,0.0,1.0,True,0.0,1.0,True,True,True,0.0,0.8349799864347188,0.0,0,0
355,focus_dc179c69a2,BIHMH gen 20 focus / crossover_fix,4999800.0,200.0,3,C4;C5;C7,193,234526.7194576,9993.859457600018,224532.86,7133547.908526197,7114876.950311168,40.637512635568164,18630.32070239387,0.0,234574.86890526998,10042.008905269999,9946.153581572531,0.0,1.0,True,0.0,1.0,True,True,True,0.0,0.8009508412163131,0.0,0,0
356,focus_dc179c69a2,BIHMH gen 26 focus / crossover_fix,4999579.76,420.2400000002235,3,C4;C5;C7,201,234526.7194576,9993.859457600018,224532.86,7133655.270828382,7114985.141992677,40.73427987807531,18629.3945558269,0.0,234574.86890526998,10042.008905269999,9946.153581572531,0.0,1.0,True,0.0,1.0,True,True,True,0.0,0.8010390649158248,0.0,0,0
357,focus_07687d9f43,BIHMH gen 43 focus / swap_fix,4999381.04,618.9599999999627,2,C5;C7,966,238100.33505297746,10295.905052977463,227804.43,7134283.854054147,7114916.606563036,101.99415804489051,19265.25333306664,0.0,238147.49221527998,10343.062215279999,10244.333207367208,0.0,1.0,True,0.0,1.0,True,True,True,0.0,0.8350403392521345,0.0,0,0
358,focus_e0abbcfe9a,BIHMH gen 13 focus / add_fix,4999927.84,72.16000000014901,4,C1;C4;C5;C7,167,233415.88529642497,9879.695296424967,223536.19,7134369.6935624685,7115688.169802056,31.917501944495385,18649.60625846853,0.0,233459.63164342,9923.44164342,9828.718095582499,0.0,1.0,True,0.0,1.0,True,True,True,0.0,0.7868088462971649,0.0,0,0
359,focus_dc179c69a2,BIHMH gen 25 focus / crossover_fix,4999800.0,200.0,3,C4;C5;C7,196,234526.7194576,9993.859457600018,224532.86,7134423.816168988,7115753.699875707,40.730374242635605,18629.38591903924,0.0,234574.86890526998,10042.008905269999,9946.153581572531,0.0,1.0,True,0.0,1.0,True,True,True,0.0,0.8010353234696582,0.0,0,0
360,focus_de763cc9b4,BIHMH gen 31 focus / swap_fix,4999381.04,618.9599999999627,2,C5;C7,962,238005.35343565745,10175.673435657469,227829.68,7134645.664039336,7115540.241650336,77.77400129785465,19027.648387702375,0.0,238052.81825989,10223.13825989,10125.553978064532,0.0,1.0,True,0.0,1.0,True,True,True,0.0,0.8251142280245541,0.0,0,0
361,focus_dc179c69a2,BIHMH gen 21 focus / crossover_fix,4999800.0,200.0,3,C4;C5;C7,178,234526.7194576,9993.859457600018,224532.86,7134646.97729476,7115976.558740424,40.68089056702447,18629.73766376946,0.0,234574.86890526998,10042.008905269999,9946.153581572531,0.0,1.0,True,0.0,1.0,True,True,True,0.0,0.8009896365882585,0.0,0,0
362,focus_dc179c69a2,BIHMH gen 22 focus / mip_intensify,4999800.0,200.0,3,C4;C5;C7,181,234526.7194576,9993.859457600018,224532.86,7134652.926924625,7115982.468266952,40.67479510129547,18629.783862572607,0.0,234574.86890526998,10042.008905269999,9946.153581572531,0.0,1.0,True,0.0,1.0,True,True,True,0.0,0.8009840707056464,0.0,0,0
363,focus_dc179c69a2,BIHMH gen 20 focus / add_fix,4999800.0,200.0,3,C4;C5;C7,204,234526.7194576,9993.859457600018,224532.86,7134653.725233344,7115983.604912538,40.75115602278956,18629.369164783275,0.0,234574.86890526998,10042.008905269999,9946.153581572531,0.0,1.0,True,0.0,1.0,True,True,True,0.0,0.8010549825522688,0.0,0,0
364,focus_dc179c69a2,BIHMH gen 28 focus / add_fix,4999800.0,200.0,3,C4;C5;C7,182,234526.7194576,9993.859457600018,224532.86,7134709.478110491,7116039.41690621,40.72956224056774,18629.33164204142,0.0,234574.86890526998,10042.008905269999,9946.153581572531,0.0,1.0,True,0.0,1.0,True,True,True,0.0,0.8010344738642663,0.0,0,0
365,focus_dc179c69a2,BIHMH gen 28 focus / crossover_fix,4999800.0,200.0,3,C4;C5;C7,178,234526.7194576,9993.859457600018,224532.86,7134713.817071521,7116043.422178492,40.68817955332125,18629.70671347514,0.0,234574.86890526998,10042.008905269999,9946.153581572531,0.0,1.0,True,0.0,1.0,True,True,True,0.0,0.8009964325122555,0.0,0,0
366,focus_dc179c69a2,BIHMH gen 20 focus / mip_intensify,4999800.0,200.0,3,C4;C5;C7,203,234526.7194576,9993.859457600018,224532.86,7134829.132461664,7116157.438864705,40.54807784622806,18631.14551911325,0.0,234574.86890526998,10042.008905269999,9946.153581572531,0.0,1.0,True,0.0,1.0,True,True,True,0.0,0.8008697828040986,0.0,0,0
367,focus_e0abbcfe9a,BIHMH gen 11 focus / mip_intensify,4999927.84,72.16000000014901,4,C1;C4;C5;C7,147,233415.88529642497,9879.695296424967,223536.19,7134853.846352669,7116173.435689999,31.993665171873126,18648.416997499055,0.0,233459.63164342,9923.44164342,9828.718095582499,0.0,1.0,True,0.0,1.0,True,True,True,0.0,0.7869681387582179,0.0,0,0
368,focus_dc179c69a2,BIHMH gen 24 focus / add_fix,4999579.76,420.2400000002235,3,C4;C5;C7,179,234526.7194576,9993.859457600018,224532.86,7134870.412121096,7116199.9843789525,40.6802432381583,18629.747498904835,0.0,234574.86890526998,10042.008905269999,9946.153581572531,0.0,1.0,True,0.0,1.0,True,True,True,0.0,0.8009890318720854,0.0,0,0
369,focus_dc179c69a2,BIHMH gen 28 focus / add_fix,4999800.0,200.0,3,C4;C5;C7,203,234526.7194576,9993.859457600018,224532.86,7134871.874578501,7116201.667949909,40.74067975066929,18629.46594884129,0.0,234574.86890526998,10042.008905269999,9946.153581572531,0.0,1.0,True,0.0,1.0,True,True,True,0.0,0.8010453804293742,0.0,0,0
370,focus_dc179c69a2,BIHMH gen 21 focus / crossover_fix,4999800.0,200.0,3,C4;C5;C7,183,234526.7194576,9993.859457600018,224532.86,7134873.683564693,7116203.41318566,40.739453624618584,18629.53092540759,0.0,234574.86890526998,10042.008905269999,9946.153581572531,0.0,1.0,True,0.0,1.0,True,True,True,0.0,0.8010445897842149,0.0,0,0
371,focus_07687d9f43,BIHMH gen 42 focus / swap_fix,4999821.52,178.48000000044703,2,C5;C7,969,238100.33505297746,10295.905052977463,227804.43,7134925.935063502,7115558.340992067,101.7829619184488,19265.81110951708,0.0,238147.49221527998,10343.062215279999,10244.333207367208,0.0,1.0,True,0.0,1.0,True,True,True,0.0,0.8349514520853462,0.0,0,0
372,focus_dc179c69a2,BIHMH gen 22 focus / add_fix,4999579.76,420.2400000002235,3,C4;C5;C7,203,234526.7194576,9993.859457600018,224532.86,7134932.033025706,7116261.877605403,40.74459547313557,18629.410824830185,0.0,234574.86890526998,10042.008905269999,9946.153581572531,0.0,1.0,True,0.0,1.0,True,True,True,0.0,0.801048939848716,0.0,0,0
373,focus_dc179c69a2,BIHMH gen 20 focus / crossover_fix,4999579.76,420.2400000002235,3,C4;C5;C7,204,234526.7194576,9993.859457600018,224532.86,7134960.04345381,7116288.271690966,40.522316430595204,18631.249446413593,0.0,234574.86890526998,10042.008905269999,9946.153581572531,0.0,1.0,True,0.0,1.0,True,True,True,0.0,0.8008456489375876,0.0,0,0
374,focus_dc179c69a2,BIHMH gen 23 focus / crossover_fix,4999800.0,200.0,3,C4;C5;C7,207,234526.7194576,9993.859457600018,224532.86,7134981.484981224,7116311.371310733,40.75307754488641,18629.360592945035,0.0,234574.86890526998,10042.008905269999,9946.153581572531,0.0,1.0,True,0.0,1.0,True,True,True,0.0,0.8010567811651952,0.0,0,0
375,focus_dc179c69a2,BIHMH gen 24 focus / add_fix,4999800.0,200.0,3,C4;C5;C7,186,234526.7194576,9993.859457600018,224532.86,7135043.08159978,7116372.789010721,40.76974952663082,18629.522839532438,0.0,234574.86890526998,10042.008905269999,9946.153581572531,0.0,1.0,True,0.0,1.0,True,True,True,0.0,0.8010732402301909,0.0,0,0
376,focus_dc179c69a2,BIHMH gen 26 focus / mip_intensify,4999800.0,200.0,3,C4;C5;C7,203,234526.7194576,9993.859457600018,224532.86,7135062.981312674,7116391.287666327,40.54808926486566,18631.14555708111,0.0,234574.86890526998,10042.008905269999,9946.153581572531,0.0,1.0,True,0.0,1.0,True,True,True,0.0,0.80086979417034,0.0,0,0
377,focus_dc179c69a2,BIHMH gen 22 focus / mip_intensify,4999800.0,200.0,3,C4;C5;C7,203,234526.7194576,9993.859457600018,224532.86,7135112.170442058,7116440.476851338,40.54807116510482,18631.145519554993,0.0,234574.86890526998,10042.008905269999,9946.153581572531,0.0,1.0,True,0.0,1.0,True,True,True,0.0,0.8008697769138827,0.0,0,0
378,focus_dc179c69a2,BIHMH gen 22 focus / mip_intensify,4999800.0,200.0,3,C4;C5;C7,184,234526.7194576,9993.859457600018,224532.86,7135142.869395808,7116472.480657804,40.68275616368791,18629.705981839943,0.0,234574.86890526998,10042.008905269999,9946.153581572531,0.0,1.0,True,0.0,1.0,True,True,True,0.0,0.8009913241463755,0.0,0,0
379,focus_dc179c69a2,BIHMH gen 25 focus / add_fix,4999800.0,200.0,3,C4;C5;C7,186,234526.7194576,9993.859457600018,224532.86,7135173.146804728,7116502.789781304,40.68905327913182,18629.66797014454,0.0,234574.86890526998,10042.008905269999,9946.153581572531,0.0,1.0,True,0.0,1.0,True,True,True,0.0,0.8009971048028249,0.0,0,0
380,focus_dc179c69a2,BIHMH gen 20 focus / add_fix,4999800.0,200.0,3,C4;C5;C7,204,234526.7194576,9993.859457600018,224532.86,7135185.5861711325,7116515.436782418,40.74611991023892,18629.403268805134,0.0,234574.86890526998,10042.008905269999,9946.153581572531,0.0,1.0,True,0.0,1.0,True,True,True,0.0,0.8010503557625336,0.0,0,0
381,focus_dc179c69a2,BIHMH gen 27 focus / add_fix,4999800.0,200.0,3,C4;C5;C7,203,234526.7194576,9993.859457600018,224532.86,7135219.867531847,7116549.719365638,40.74609695760902,18629.40206925158,0.0,234574.86890526998,10042.008905269999,9946.153581572531,0.0,1.0,True,0.0,1.0,True,True,True,0.0,0.8010503278222637,0.0,0,0
382,focus_34131532b6,BIHMH gen 52 focus / station_capacity_fix,4999738.4,261.59999999962747,4,C2;C4;C5;C7,188,236414.49598805996,10101.615988059973,226312.88,7135220.150626993,7116440.343290186,23.015634707712515,18756.791702098708,0.0,236461.27039319,10148.39039319,10051.519612121783,0.0,1.0,True,0.0,1.0,True,True,True,0.0,0.7805525961490429,0.0,0,0
383,focus_dc179c69a2,BIHMH gen 21 focus / mip_intensify,4999800.0,200.0,3,C4;C5;C7,185,234526.7194576,9993.859457600018,224532.86,7135343.653575146,7116673.40050377,40.743217519578344,18629.50985385537,0.0,234574.86890526998,10042.008905269999,9946.153581572531,0.0,1.0,True,0.0,1.0,True,True,True,0.0,0.8010480483024293,0.0,0,0
384,focus_07687d9f43,BIHMH gen 46 focus / swap_fix,4999821.52,178.48000000044703,2,C5;C7,974,238100.33505297746,10295.905052977463,227804.43,7135347.037140599,7115979.4688960295,101.78820118559675,19265.780043383766,0.0,238147.49221527998,10343.062215279999,10244.333207367208,0.0,1.0,True,0.0,1.0,True,True,True,0.0,0.834953534691927,0.0,0,0
385,focus_dc179c69a2,BIHMH gen 24 focus / add_fix,4999800.0,200.0,3,C4;C5;C7,207,234526.7194576,9993.859457600018,224532.86,7135362.694194524,7116692.566650946,40.74948628250315,18629.378057295264,0.0,234574.86890526998,10042.008905269999,9946.153581572531,0.0,1.0,True,0.0,1.0,True,True,True,0.0,0.8010534738685154,0.0,0,0
386,focus_07687d9f43,BIHMH gen 48 focus / remove_fix,4999601.28,398.71999999973923,2,C5;C7,968,238100.33505297746,10295.905052977463,227804.43,7135366.4531310415,7115999.354018832,101.81806141607947,19265.28105079373,0.0,238147.49221527998,10343.062215279999,10244.333207367208,0.0,1.0,True,0.0,1.0,True,True,True,0.0,0.8349625504552987,0.0,0,0
387,focus_dc179c69a2,BIHMH gen 29 focus / crossover_fix,4999800.0,200.0,3,C4;C5;C7,183,234526.7194576,9993.859457600018,224532.86,7135407.95445945,7116737.607441447,40.690002989753104,18629.65701501391,0.0,234574.86890526998,10042.008905269999,9946.153581572531,0.0,1.0,True,0.0,1.0,True,True,True,0.0,0.8009979572012894,0.0,0,0
388,focus_dc179c69a2,BIHMH gen 23 focus / mip_intensify,4999800.0,200.0,3,C4;C5;C7,185,234526.7194576,9993.859457600018,224532.86,7135418.335366723,7116747.976290149,40.68884508541238,18629.670231489028,0.0,234574.86890526998,10042.008905269999,9946.153581572531,0.0,1.0,True,0.0,1.0,True,True,True,0.0,0.8009969163141065,0.0,0,0
389,focus_dc179c69a2,BIHMH gen 23 focus / crossover_fix,4999800.0,200.0,3,C4;C5;C7,211,234526.7194576,9993.859457600018,224532.86,7135651.002161444,7116979.598146198,40.595205921235454,18630.808809324,0.0,234574.86890526998,10042.008905269999,9946.153581572531,0.0,1.0,True,0.0,1.0,True,True,True,0.0,0.8009131085376279,0.0,0,0
390,focus_dc179c69a2,BIHMH gen 26 focus / crossover_fix,4999800.0,200.0,3,C4;C5;C7,207,234526.7194576,9993.859457600018,224532.86,7135680.8741336055,7117010.839682439,40.74595977115621,18629.288491395033,0.0,234574.86890526998,10042.008905269999,9946.153581572531,0.0,1.0,True,0.0,1.0,True,True,True,0.0,0.8010496670765281,0.0,0,0
391,focus_dc179c69a2,BIHMH gen 25 focus / crossover_fix,4999800.0,200.0,3,C4;C5;C7,205,234526.7194576,9993.859457600018,224532.86,7135771.618811201,7117100.443659479,40.59373453142873,18630.581417190457,0.0,234574.86890526998,10042.008905269999,9946.153581572531,0.0,1.0,True,0.0,1.0,True,True,True,0.0,0.8009108610429083,0.0,0,0
392,focus_dc179c69a2,BIHMH gen 25 focus / add_fix,4999800.0,200.0,3,C4;C5;C7,182,234526.7194576,9993.859457600018,224532.86,7135775.13918565,7117104.791296331,40.68893728194469,18629.658952036883,0.0,234574.86890526998,10042.008905269999,9946.153581572531,0.0,1.0,True,0.0,1.0,True,True,True,0.0,0.800996954121465,0.0,0,0
393,focus_07687d9f43,BIHMH gen 46 focus / remove_fix,4999601.28,398.71999999973923,2,C5;C7,970,238100.33505297746,10295.905052977463,227804.43,7135807.550321061,7116439.840752357,101.64377973576832,19266.06578896805,0.0,238147.49221527998,10343.062215279999,10244.333207367208,0.0,1.0,True,0.0,1.0,True,True,True,0.0,0.8348919103117984,0.0,0,0
394,focus_07687d9f43,BIHMH gen 49 focus / swap_fix,4999821.52,178.48000000044703,2,C5;C7,971,238100.33505297746,10295.905052977463,227804.43,7135845.237392342,7116477.940025311,101.91367805913386,19265.383688971113,0.0,238147.49221527998,10343.062215279999,10244.333207367208,0.0,1.0,True,0.0,1.0,True,True,True,0.0,0.8350057613319012,0.0,0,0
395,focus_dc179c69a2,BIHMH gen 28 focus / add_fix,4999800.0,200.0,3,C4;C5;C7,206,234526.7194576,9993.859457600018,224532.86,7135921.810019793,7117250.182896484,40.54381108141572,18631.08331222819,0.0,234574.86890526998,10042.008905269999,9946.153581572531,0.0,1.0,True,0.0,1.0,True,True,True,0.0,0.800865396718,0.0,0,0
396,focus_07687d9f43,BIHMH gen 40 focus / swap_fix,4999601.28,398.71999999973923,2,C5;C7,964,238100.33505297746,10295.905052977463,227804.43,7136019.109147595,7116651.738890983,102.0496347990588,19265.320621812978,0.0,238147.49221527998,10343.062215279999,10244.333207367208,0.0,1.0,True,0.0,1.0,True,True,True,0.0,0.8350654180278022,0.0,0,0
397,focus_dc179c69a2,BIHMH gen 23 focus / add_fix,4999800.0,200.0,3,C4;C5;C7,206,234526.7194576,9993.859457600018,224532.86,7136150.478268125,7117478.726950277,40.54032601435107,18631.210991834618,0.0,234574.86890526998,10042.008905269999,9946.153581572531,0.0,1.0,True,0.0,1.0,True,True,True,0.0,0.8008626785696356,0.0,0,0
398,focus_dc179c69a2,BIHMH gen 29 focus / crossover_fix,4999800.0,200.0,3,C4;C5;C7,210,234526.7194576,9993.859457600018,224532.86,7136315.071788742,7117644.463107841,40.533539490253,18630.075141411122,0.0,234574.86890526998,10042.008905269999,9946.153581572531,0.0,1.0,True,0.0,1.0,True,True,True,0.0,0.8008512409991227,0.0,0,0
399,focus_dc179c69a2,BIHMH gen 29 focus / crossover_fix,4999800.0,200.0,3,C4;C5;C7,206,234526.7194576,9993.859457600018,224532.86,7136368.12908702,7117696.377822968,40.54040727730325,18631.21085677365,0.0,234574.86890526998,10042.008905269999,9946.153581572531,0.0,1.0,True,0.0,1.0,True,True,True,0.0,0.800862755864268,0.0,0,0
400,focus_dc179c69a2,BIHMH gen 28 focus / crossover_fix,4999579.76,420.2400000002235,3,C4;C5;C7,214,234526.7194576,9993.859457600018,224532.86,7136512.519528198,7117841.08561938,40.58787616402945,18630.84603265429,0.0,234574.86890526998,10042.008905269999,9946.153581572531,0.0,1.0,True,0.0,1.0,True,True,True,0.0,0.8009064266150211,0.0,0,0
401,focus_dc179c69a2,BIHMH gen 29 focus / crossover_fix,4999800.0,200.0,3,C4;C5;C7,193,234526.7194576,9993.859457600018,224532.86,7136531.061897541,7117860.827859006,40.719646835402784,18629.514391699377,0.0,234574.86890526998,10042.008905269999,9946.153581572531,0.0,1.0,True,0.0,1.0,True,True,True,0.0,0.8010256415277006,0.0,0,0
402,focus_07687d9f43,BIHMH gen 45 focus / remove_fix,4999601.28,398.71999999973923,2,C5;C7,963,238100.33505297746,10295.905052977463,227804.43,7136661.100301314,7117293.800024742,101.70601228356144,19265.594264288848,0.0,238147.49221527998,10343.062215279999,10244.333207367208,0.0,1.0,True,0.0,1.0,True,True,True,0.0,0.8349153533767826,0.0,0,0
403,focus_dc179c69a2,BIHMH gen 22 focus / crossover_fix,4999800.0,200.0,3,C4;C5;C7,187,234526.7194576,9993.859457600018,224532.86,7136798.165820697,7118127.829916867,40.68245182764739,18629.65345200198,0.0,234574.86890526998,10042.008905269999,9946.153581572531,0.0,1.0,True,0.0,1.0,True,True,True,0.0,0.8009908154569666,0.0,0,0
404,focus_dc179c69a2,BIHMH gen 25 focus / crossover_fix,4999800.0,200.0,3,C4;C5;C7,207,234526.7194576,9993.859457600018,224532.86,7136807.261053568,7118135.543686554,40.544519883838554,18631.172847130198,0.0,234574.86890526998,10042.008905269999,9946.153581572531,0.0,1.0,True,0.0,1.0,True,True,True,0.0,0.8008665859708427,0.0,0,0
405,focus_07687d9f43,BIHMH gen 48 focus / remove_fix,4999601.28,398.71999999973923,2,C5;C7,972,238100.33505297746,10295.905052977463,227804.43,7136891.3153159795,7117524.0134102125,101.88968445603574,19265.41222131066,0.0,238147.49221527998,10343.062215279999,10244.333207367208,0.0,1.0,True,0.0,1.0,True,True,True,0.0,0.8349954594513321,0.0,0,0
406,focus_dc179c69a2,BIHMH gen 27 focus / add_fix,4999579.76,420.2400000002235,3,C4;C5;C7,214,234526.7194576,9993.859457600018,224532.86,7137568.519142749,7118897.213220788,40.62843936904101,18630.677482591575,0.0,234574.86890526998,10042.008905269999,9946.153581572531,0.0,1.0,True,0.0,1.0,True,True,True,0.0,0.800944407994275,0.0,0,0
407,focus_de763cc9b4,BIHMH gen 33 focus / remove_fix,4999601.28,398.71999999973923,2,C5;C7,976,238005.35343565745,10175.673435657469,227829.68,7137586.154026261,7118480.461780891,77.91380073583798,19027.77844463407,0.0,238052.81825989,10223.13825989,10125.553978064532,0.0,1.0,True,0.0,1.0,True,True,True,0.0,0.8251899659912362,0.0,0,0
408,focus_dc179c69a2,BIHMH gen 22 focus / crossover_fix,4999579.76,420.2400000002235,3,C4;C5;C7,210,234526.7194576,9993.859457600018,224532.86,7137761.649552033,7119091.530264275,40.7580356687169,18629.361252089184,0.0,234574.86890526998,10042.008905269999,9946.153581572531,0.0,1.0,True,0.0,1.0,True,True,True,0.0,0.801061536835144,0.0,0,0
409,focus_dc179c69a2,BIHMH gen 29 focus / crossover_fix,4999800.0,200.0,3,C4;C5;C7,215,234526.7194576,9993.859457600018,224532.86,7137765.802158512,7119094.654304841,40.48126708747396,18630.666586584088,0.0,234574.86890526998,10042.008905269999,9946.153581572531,0.0,1.0,True,0.0,1.0,True,True,True,0.0,0.800804051592898,0.0,0,0
410,focus_de763cc9b4,BIHMH gen 38 focus / swap_fix,4999821.52,178.48000000044703,2,C5;C7,976,238005.35343565745,10175.673435657469,227829.68,7138064.238891025,7118958.490807952,77.95600252862813,19027.79208054374,0.0,238052.81825989,10223.13825989,10125.553978064532,0.0,1.0,True,0.0,1.0,True,True,True,0.0,0.825212715717339,0.0,0,0
411,focus_de763cc9b4,BIHMH gen 35 focus / swap_fix,4999381.04,618.9599999999627,2,C5;C7,968,238005.35343565745,10175.673435657469,227829.68,7138080.767175361,7118975.221002888,77.8856998590884,19027.660472613337,0.0,238052.81825989,10223.13825989,10125.553978064532,0.0,1.0,True,0.0,1.0,True,True,True,0.0,0.8251742797747131,0.0,0,0
412,focus_dc179c69a2,BIHMH gen 21 focus / crossover_fix,4999800.0,200.0,3,C4;C5;C7,191,234526.7194576,9993.859457600018,224532.86,7138209.159912933,7119538.856881228,40.67153567120504,18629.631496034017,0.0,234574.86890526998,10042.008905269999,9946.153581572531,0.0,1.0,True,0.0,1.0,True,True,True,0.0,0.800980386866834,0.0,0,0
413,focus_de763cc9b4,BIHMH gen 35 focus / swap_fix,4999821.52,178.48000000044703,2,C5;C7,969,238005.35343565745,10175.673435657469,227829.68,7138638.91253347,7119532.770455191,77.80943064670996,19028.332647632644,0.0,238052.81825989,10223.13825989,10125.553978064532,0.0,1.0,True,0.0,1.0,True,True,True,0.0,0.8251366508951128,0.0,0,0
414,focus_07687d9f43,BIHMH gen 43 focus / remove_fix,4999381.04,618.9599999999627,2,C5;C7,970,238100.33505297746,10295.905052977463,227804.43,7138733.792426685,7119366.590437468,101.74233121312238,19265.45965800328,0.0,238147.49221527998,10343.062215279999,10244.333207367208,0.0,1.0,True,0.0,1.0,True,True,True,0.0,0.8349303715455457,0.0,0,0
415,focus_dc179c69a2,BIHMH gen 23 focus / mip_intensify,4999800.0,200.0,3,C4;C5;C7,193,234526.7194576,9993.859457600018,224532.86,7138826.518623783,7120156.243361763,40.67881753892226,18629.596444482064,0.0,234574.86890526998,10042.008905269999,9946.153581572531,0.0,1.0,True,0.0,1.0,True,True,True,0.0,0.8009871690504761,0.0,0,0
416,focus_de763cc9b4,BIHMH gen 34 focus / remove_fix,4999381.04,618.9599999999627,2,C5;C7,968,238005.35343565745,10175.673435657469,227829.68,7138902.557257961,7119797.090281255,77.84560452314425,19027.621372182613,0.0,238052.81825989,10223.13825989,10125.553978064532,0.0,1.0,True,0.0,1.0,True,True,True,0.0,0.8251525956773087,0.0,0,0
417,focus_de763cc9b4,BIHMH gen 36 focus / swap_fix,4999821.52,178.48000000044703,2,C5;C7,969,238005.35343565745,10175.673435657469,227829.68,7139031.837734232,7119926.298565533,77.66220727485842,19027.87696142406,0.0,238052.81825989,10223.13825989,10125.553978064532,0.0,1.0,True,0.0,1.0,True,True,True,0.0,0.8250550935026154,0.0,0,0
418,focus_dc179c69a2,BIHMH gen 29 focus / crossover_fix,4999579.76,420.2400000002235,3,C4;C5;C7,194,234526.7194576,9993.859457600018,224532.86,7139183.770599991,7120511.951151025,40.496532725925725,18631.322916240493,0.0,234574.86890526998,10042.008905269999,9946.153581572531,0.0,1.0,True,0.0,1.0,True,True,True,0.0,0.8008212638754568,0.0,0,0
419,focus_12be09ca41,BIHMH gen 64 focus / crossover_fix,4999579.76,420.2400000002235,3,C4;C5;C7,256,234200.86460356248,10008.004603562491,224192.86,7139616.298064693,7120217.61166287,61.14575669696472,19337.540645125442,0.0,234260.00824129,10067.14824129,9971.05295174362,0.0,1.0,True,0.0,1.0,True,True,True,0.0,0.8104793942307078,0.0,0,0
420,focus_dc179c69a2,BIHMH gen 24 focus / crossover_fix,4999579.76,420.2400000002235,3,C4;C5;C7,214,234526.7194576,9993.859457600018,224532.86,7139770.058867824,7121098.451041127,40.38335237971798,18631.224474318016,0.0,234574.86890526998,10042.008905269999,9946.153581572531,0.0,1.0,True,0.0,1.0,True,True,True,0.0,0.8007125411680527,0.0,0,0
421,focus_dc179c69a2,BIHMH gen 22 focus / crossover_fix,4999579.76,420.2400000002235,3,C4;C5;C7,189,234526.7194576,9993.859457600018,224532.86,7140141.128831394,7121470.988500908,40.758331542438455,18629.381998943252,0.0,234574.86890526998,10042.008905269999,9946.153581572531,0.0,1.0,True,0.0,1.0,True,True,True,0.0,0.8010618628612127,0.0,0,0
422,focus_dc179c69a2,BIHMH gen 26 focus / crossover_fix,4999800.0,200.0,3,C4;C5;C7,198,234526.7194576,9993.859457600018,224532.86,7140284.896469291,7121613.165865637,40.50683368390964,18631.223769970264,0.0,234574.86890526998,10042.008905269999,9946.153581572531,0.0,1.0,True,0.0,1.0,True,True,True,0.0,0.8008308244076451,0.0,0,0
423,focus_dc179c69a2,BIHMH gen 21 focus / crossover_fix,4999800.0,200.0,3,C4;C5;C7,205,234526.7194576,9993.859457600018,224532.86,7140700.656710051,7122029.068527725,40.512140816940665,18631.076041509332,0.0,234574.86890526998,10042.008905269999,9946.153581572531,0.0,1.0,True,0.0,1.0,True,True,True,0.0,0.8008351244095936,0.0,0,0
424,focus_dc179c69a2,BIHMH gen 21 focus / crossover_fix,4999800.0,200.0,3,C4;C5;C7,220,234526.7194576,9993.859457600018,224532.86,7140751.948973109,7122081.071561623,40.49275386556649,18630.384657620132,0.0,234574.86890526998,10042.008905269999,9946.153581572531,0.0,1.0,True,0.0,1.0,True,True,True,0.0,0.8008140586540191,0.0,0,0
425,focus_de763cc9b4,BIHMH gen 39 focus / swap_fix,4999601.28,398.71999999973923,2,C5;C7,972,238005.35343565745,10175.673435657469,227829.68,7141367.652047693,7122261.906048081,77.96328051055274,19027.782719101884,0.0,238052.81825989,10223.13825989,10125.553978064532,0.0,1.0,True,0.0,1.0,True,True,True,0.0,0.8252165920403384,0.0,0,0
426,focus_dc179c69a2,BIHMH gen 28 focus / mip_intensify,4999800.0,200.0,3,C4;C5;C7,210,234526.7194576,9993.859457600018,224532.86,7141645.7610121025,7122974.159982117,40.50349765540884,18631.09753233039,0.0,234574.86890526998,10042.008905269999,9946.153581572531,0.0,1.0,True,0.0,1.0,True,True,True,0.0,0.800827017427034,0.0,0,0
427,focus_dc179c69a2,BIHMH gen 21 focus / crossover_fix,4999800.0,200.0,3,C4;C5;C7,193,234526.7194576,9993.859457600018,224532.86,7141883.80382921,7123213.145379306,40.61042821814009,18630.04802168602,0.0,234574.86890526998,10042.008905269999,9946.153581572531,0.0,1.0,True,0.0,1.0,True,True,True,0.0,0.8009237230166747,0.0,0,0
428,focus_dc179c69a2,BIHMH gen 28 focus / mip_intensify,4999800.0,200.0,3,C4;C5;C7,210,234526.7194576,9993.859457600018,224532.86,7141905.542308234,7123233.940983817,40.50342921543999,18631.097895201343,0.0,234574.86890526998,10042.008905269999,9946.153581572531,0.0,1.0,True,0.0,1.0,True,True,True,0.0,0.8008269538846804,0.0,0,0
429,focus_de763cc9b4,BIHMH gen 39 focus / swap_fix,4999821.52,178.48000000044703,2,C5;C7,967,238005.35343565745,10175.673435657469,227829.68,7142381.930469255,7123276.335560892,77.9275673896077,19027.66734097301,0.0,238052.81825989,10223.13825989,10125.553978064532,0.0,1.0,True,0.0,1.0,True,True,True,0.0,0.8251967952070514,0.0,0,0
430,focus_de763cc9b4,BIHMH gen 33 focus / swap_fix,4999821.52,178.48000000044703,2,C5;C7,966,238005.35343565745,10175.673435657469,227829.68,7142841.476088207,7123735.598595436,77.53510733140168,19028.342385439915,0.0,238052.81825989,10223.13825989,10125.553978064532,0.0,1.0,True,0.0,1.0,True,True,True,0.0,0.8249887662743747,0.0,0,0
431,focus_de763cc9b4,BIHMH gen 35 focus / remove_fix,4999601.28,398.71999999973923,2,C5;C7,973,238005.35343565745,10175.673435657469,227829.68,7143006.938705068,7123901.546829896,77.99763387278462,19027.39424129982,0.0,238052.81825989,10223.13825989,10125.553978064532,0.0,1.0,True,0.0,1.0,True,True,True,0.0,0.825233095522074,0.0,0,0
432,focus_12be09ca41,BIHMH gen 60 focus / add_fix,4999579.76,420.2400000002235,3,C4;C5;C7,230,234200.86460356248,10008.004603562491,224192.86,7143275.3523704605,7123876.61244961,61.169944656644695,19337.569976193892,0.0,234260.00824129,10067.14824129,9971.05295174362,0.0,1.0,True,0.0,1.0,True,True,True,0.0,0.8105183167546354,0.0,0,0
433,focus_de763cc9b4,BIHMH gen 30 focus / swap_fix,4999601.28,398.71999999973923,2,C5;C7,970,238005.35343565745,10175.673435657469,227829.68,7143347.362615067,7124241.913573365,77.7004007441334,19027.748640957558,0.0,238052.81825989,10223.13825989,10125.553978064532,0.0,1.0,True,0.0,1.0,True,True,True,0.0,0.825075049421788,0.0,0,0
434,focus_12be09ca41,BIHMH gen 66 focus / add_fix,4999800.0,200.0,3,C4;C5;C7,231,234200.86460356248,10008.004603562491,224192.86,7143410.914954937,7124012.175516292,61.16981173533817,19337.56962690997,0.0,234260.00824129,10067.14824129,9971.05295174362,0.0,1.0,True,0.0,1.0,True,True,True,0.0,0.8105181324162456,0.0,0,0
435,focus_12be09ca41,BIHMH gen 66 focus / add_fix,4999800.0,200.0,3,C4;C5;C7,231,234200.86460356248,10008.004603562491,224192.86,7143558.221153983,7124159.548230443,61.19547185611128,19337.477451683517,0.0,234260.00824129,10067.14824129,9971.05295174362,0.0,1.0,True,0.0,1.0,True,True,True,0.0,0.8105426001083282,0.0,0,0
436,focus_12be09ca41,BIHMH gen 68 focus / crossover_fix,4999800.0,200.0,3,C4;C5;C7,230,234200.86460356248,10008.004603562491,224192.86,7143637.923811289,7124239.127708292,61.17354182287136,19337.622561174572,0.0,234260.00824129,10067.14824129,9971.05295174362,0.0,1.0,True,0.0,1.0,True,True,True,0.0,0.8105268599902481,0.0,0,0
437,focus_12be09ca41,BIHMH gen 64 focus / add_fix,4999579.76,420.2400000002235,3,C4;C5;C7,230,234200.86460356248,10008.004603562491,224192.86,7143651.051608688,7124252.3248957805,61.17327027662869,19337.5534426309,0.0,234260.00824129,10067.14824129,9971.05295174362,0.0,1.0,True,0.0,1.0,True,True,True,0.0,0.8105208886754472,0.0,0,0
438,focus_12be09ca41,BIHMH gen 66 focus / add_fix,4999579.76,420.2400000002235,3,C4;C5;C7,231,234200.86460356248,10008.004603562491,224192.86,7143659.438310362,7124260.319847782,61.11447787701863,19338.00398470326,0.0,234260.00824129,10067.14824129,9971.05295174362,0.0,1.0,True,0.0,1.0,True,True,True,0.0,0.8104858980766515,0.0,0,0
439,focus_dc179c69a2,BIHMH gen 27 focus / add_fix,4999800.0,200.0,3,C4;C5;C7,225,234526.7194576,9993.859457600018,224532.86,7143677.389296957,7125005.789724948,40.550857206857124,18631.048714802695,0.0,234574.86890526998,10042.008905269999,9946.153581572531,0.0,1.0,True,0.0,1.0,True,True,True,0.0,0.8008721282716582,0.0,0,0
440,focus_dc179c69a2,BIHMH gen 22 focus / add_fix,4999579.76,420.2400000002235,3,C4;C5;C7,208,234526.7194576,9993.859457600018,224532.86,7143724.90961936,7125053.019403771,40.47691695308815,18631.413298636486,0.0,234574.86890526998,10042.008905269999,9946.153581572531,0.0,1.0,True,0.0,1.0,True,True,True,0.0,0.8008027721685352,0.0,0,0
441,focus_12be09ca41,BIHMH gen 66 focus / add_fix,4999800.0,200.0,3,C4;C5;C7,231,234200.86460356248,10008.004603562491,224192.86,7143742.7234542705,7124343.983365666,61.16954975715023,19337.57053884701,0.0,234260.00824129,10067.14824129,9971.05295174362,0.0,1.0,True,0.0,1.0,True,True,True,0.0,0.8105178863355794,0.0,0,0
442,focus_12be09ca41,BIHMH gen 67 focus / add_fix,4999800.0,200.0,3,C4;C5;C7,230,234200.86460356248,10008.004603562491,224192.86,7143912.15691299,7124513.3605502155,61.173515137643925,19337.622847637333,0.0,234260.00824129,10067.14824129,9971.05295174362,0.0,1.0,True,0.0,1.0,True,True,True,0.0,0.8105268499155724,0.0,0,0
443,focus_12be09ca41,BIHMH gen 60 focus / add_fix,4999579.76,420.2400000002235,3,C4;C5;C7,229,234200.86460356248,10008.004603562491,224192.86,7143942.1894446155,7124543.237967697,61.13641127601932,19337.81506564311,0.0,234260.00824129,10067.14824129,9971.05295174362,0.0,1.0,True,0.0,1.0,True,True,True,0.0,0.8104955517950079,0.0,0,0
444,focus_dc179c69a2,BIHMH gen 21 focus / mip_intensify,4999579.76,420.2400000002235,3,C4;C5;C7,207,234526.7194576,9993.859457600018,224532.86,7143998.318064847,7125326.460665293,40.49379466575739,18631.363604888775,0.0,234574.86890526998,10042.008905269999,9946.153581572531,0.0,1.0,True,0.0,1.0,True,True,True,0.0,0.8008186930969603,0.0,0,0
445,focus_de763cc9b4,BIHMH gen 39 focus / remove_fix,4999821.52,178.48000000044703,2,C5;C7,967,238005.35343565745,10175.673435657469,227829.68,7144158.035831691,7125051.982286952,77.66363296155679,19028.389911776238,0.0,238052.81825989,10223.13825989,10125.553978064532,0.0,1.0,True,0.0,1.0,True,True,True,0.0,0.82505835616307,0.0,0,0
446,focus_dc179c69a2,BIHMH gen 20 focus / mip_intensify,4999579.76,420.2400000002235,3,C4;C5;C7,207,234526.7194576,9993.859457600018,224532.86,7144173.787952459,7125501.937577954,40.498265334712315,18631.352109171414,0.0,234574.86890526998,10042.008905269999,9946.153581572531,0.0,1.0,True,0.0,1.0,True,True,True,0.0,0.8008229150326011,0.0,0,0
447,focus_12be09ca41,BIHMH gen 60 focus / mip_intensify,4999579.76,420.2400000002235,3,C4;C5;C7,191,234200.86460356248,10008.004603562491,224192.86,7144408.8113000775,7125010.8425019365,61.269396573341794,19336.69940156734,0.0,234260.00824129,10067.14824129,9971.05295174362,0.0,1.0,True,0.0,1.0,True,True,True,0.0,0.8105555496864396,0.0,0,0
448,focus_dc179c69a2,BIHMH gen 23 focus / add_fix,4999800.0,200.0,3,C4;C5;C7,207,234526.7194576,9993.859457600018,224532.86,7144421.082402779,7125749.422845661,40.50745585056434,18631.15210126747,0.0,234574.86890526998,10042.008905269999,9946.153581572531,0.0,1.0,True,0.0,1.0,True,True,True,0.0,0.8008310837733364,0.0,0,0
449,focus_12be09ca41,BIHMH gen 61 focus / add_fix,4999579.76,420.2400000002235,3,C4;C5;C7,220,234200.86460356248,10008.004603562491,224192.86,7145115.100427508,7125717.103917145,61.18920931831825,19336.807301044108,0.0,234260.00824129,10067.14824129,9971.05295174362,0.0,1.0,True,0.0,1.0,True,True,True,0.0,0.8105083731071941,0.0,0,0
450,focus_de763cc9b4,BIHMH gen 37 focus / remove_fix,4999381.04,618.9599999999627,2,C5;C7,974,238005.35343565745,10175.673435657469,227829.68,7145395.655932035,7126290.137747614,77.92705540458661,19027.591129017525,0.0,238052.81825989,10223.13825989,10125.553978064532,0.0,1.0,True,0.0,1.0,True,True,True,0.0,0.8251961555445203,0.0,0,0
451,focus_dc179c69a2,BIHMH gen 27 focus / crossover_fix,4999800.0,200.0,3,C4;C5;C7,208,234526.7194576,9993.859457600018,224532.86,7145545.04885121,7126874.653382527,40.678427312092374,18629.7170413709,0.0,234574.86890526998,10042.008905269999,9946.153581572531,0.0,1.0,True,0.0,1.0,True,True,True,0.0,0.8009874451398312,0.0,0,0
452,focus_dc179c69a2,BIHMH gen 28 focus / add_fix,4999800.0,200.0,3,C4;C5;C7,223,234526.7194576,9993.859457600018,224532.86,7145581.2914610505,7126909.683552945,40.53714609076555,18631.07076201507,0.0,234574.86890526998,10042.008905269999,9946.153581572531,0.0,1.0,True,0.0,1.0,True,True,True,0.0,0.800859358628318,0.0,0,0
453,focus_dc179c69a2,BIHMH gen 20 focus / crossover_fix,4999800.0,200.0,3,C4;C5;C7,216,234526.7194576,9993.859457600018,224532.86,7145599.70500489,7126928.23681406,40.52473856837252,18630.943452261592,0.0,234574.86890526998,10042.008905269999,9946.153581572531,0.0,1.0,True,0.0,1.0,True,True,True,0.0,0.800846783246039,0.0,0,0
454,focus_dc179c69a2,BIHMH gen 22 focus / crossover_fix,4999800.0,200.0,3,C4;C5;C7,188,234526.7194576,9993.859457600018,224532.86,7145637.203816135,7126967.019913537,40.64137203850957,18629.542530559993,0.0,234574.86890526998,10042.008905269999,9946.153581572531,0.0,1.0,True,0.0,1.0,True,True,True,0.0,0.8009510235360406,0.0,0,0
455,focus_dc179c69a2,BIHMH gen 24 focus / add_fix,4999579.76,420.2400000002235,3,C4;C5;C7,226,234526.7194576,9993.859457600018,224532.86,7145700.480656359,7127029.024576554,40.56329895890675,18630.89278084615,0.0,234574.86890526998,10042.008905269999,9946.153581572531,0.0,1.0,True,0.0,1.0,True,True,True,0.0,0.8008835546119369,0.0,0,0
456,focus_12be09ca41,BIHMH gen 60 focus / mip_intensify,4999800.0,200.0,3,C4;C5;C7,192,234200.86460356248,10008.004603562491,224192.86,7145713.951268806,7126315.991199493,61.27688368140716,19336.683185631595,0.0,234260.00824129,10067.14824129,9971.05295174362,0.0,1.0,True,0.0,1.0,True,True,True,0.0,0.8105636951337643,0.0,0,0
457,focus_12be09ca41,BIHMH gen 67 focus / crossover_fix,4999579.76,420.2400000002235,3,C4;C5;C7,193,234200.86460356248,10008.004603562491,224192.86,7145881.580073748,7126482.476523805,61.07168474470478,19338.0318651973,0.0,234260.00824129,10067.14824129,9971.05295174362,0.0,1.0,True,0.0,1.0,True,True,True,0.0,0.8104226951802177,0.0,0,0
458,focus_de763cc9b4,BIHMH gen 31 focus / swap_fix,4999821.52,178.48000000044703,2,C5;C7,970,238005.35343565745,10175.673435657469,227829.68,7145889.031160801,7126783.521449915,77.96088461619263,19027.548826269398,0.0,238052.81825989,10223.13825989,10125.553978064532,0.0,1.0,True,0.0,1.0,True,True,True,0.0,0.8252141205007184,0.0,0,0
459,focus_12be09ca41,BIHMH gen 65 focus / crossover_fix,4999579.76,420.2400000002235,3,C4;C5;C7,193,234200.86460356248,10008.004603562491,224192.86,7145921.387651606,7126522.246080162,61.06369308620788,19338.077878358265,0.0,234260.00824129,10067.14824129,9971.05295174362,0.0,1.0,True,0.0,1.0,True,True,True,0.0,0.8104170450374332,0.0,0,0
460,focus_12be09ca41,BIHMH gen 67 focus / crossover_fix,4999800.0,200.0,3,C4;C5;C7,191,234200.86460356248,10008.004603562491,224192.86,7146164.642810409,7126766.674393183,61.263273718798324,19336.705143507254,0.0,234260.00824129,10067.14824129,9971.05295174362,0.0,1.0,True,0.0,1.0,True,True,True,0.0,0.8105447477612201,0.0,0,0
461,focus_12be09ca41,BIHMH gen 64 focus / add_fix,4999800.0,200.0,3,C4;C5;C7,190,234200.86460356248,10008.004603562491,224192.86,7146184.715302922,7126786.6908294,61.24612602548112,19336.778347496303,0.0,234260.00824129,10067.14824129,9971.05295174362,0.0,1.0,True,0.0,1.0,True,True,True,0.0,0.8105304617950527,0.0,0,0
462,focus_dc179c69a2,BIHMH gen 23 focus / mip_intensify,4999800.0,200.0,3,C4;C5;C7,206,234526.7194576,9993.859457600018,224532.86,7146210.776313596,7127539.0835617045,40.496039745320914,18631.19671214636,0.0,234574.86890526998,10042.008905269999,9946.153581572531,0.0,1.0,True,0.0,1.0,True,True,True,0.0,0.8008203066025886,0.0,0,0
463,focus_12be09ca41,BIHMH gen 61 focus / add_fix,4999800.0,200.0,3,C4;C5;C7,222,234200.86460356248,10008.004603562491,224192.86,7146314.983364221,7126916.621785388,61.08341423751312,19337.27816459468,0.0,234260.00824129,10067.14824129,9971.05295174362,0.0,1.0,True,0.0,1.0,True,True,True,0.0,0.810416151091758,0.0,0,0
464,focus_12be09ca41,BIHMH gen 61 focus / mip_intensify,4999800.0,200.0,3,C4;C5;C7,204,234200.86460356248,10008.004603562491,224192.86,7146322.153213617,7126922.757169959,60.997417538178,19338.39862611967,0.0,234260.00824129,10067.14824129,9971.05295174362,0.0,1.0,True,0.0,1.0,True,True,True,0.0,0.8103589709760977,0.0,0,0
465,focus_dc179c69a2,BIHMH gen 24 focus / mip_intensify,4999800.0,200.0,3,C4;C5;C7,206,234526.7194576,9993.859457600018,224532.86,7146377.704587115,7127706.019536242,40.50084967855447,18631.184201194992,0.0,234574.86890526998,10042.008905269999,9946.153581572531,0.0,1.0,True,0.0,1.0,True,True,True,0.0,0.8008248482017813,0.0,0,0
466,focus_12be09ca41,BIHMH gen 66 focus / crossover_fix,4999800.0,200.0,3,C4;C5;C7,221,234200.86460356248,10008.004603562491,224192.86,7146528.193302189,7127130.220785793,61.17715442168412,19336.795361974735,0.0,234260.00824129,10067.14824129,9971.05295174362,0.0,1.0,True,0.0,1.0,True,True,True,0.0,0.8104957655022175,0.0,0,0
467,focus_12be09ca41,BIHMH gen 62 focus / add_fix,4999579.76,420.2400000002235,3,C4;C5;C7,221,234200.86460356248,10008.004603562491,224192.86,7146547.957878142,7127148.966255797,61.11385855351564,19337.877763791377,0.0,234260.00824129,10067.14824129,9971.05295174362,0.0,1.0,True,0.0,1.0,True,True,True,0.0,0.8104665063353389,0.0,0,0
468,focus_12be09ca41,BIHMH gen 65 focus / add_fix,4999800.0,200.0,3,C4;C5;C7,212,234200.86460356248,10008.004603562491,224192.86,7146794.346751178,7127394.362440655,60.89314076583447,19339.09116975708,0.0,234260.00824129,10067.14824129,9971.05295174362,0.0,1.0,True,0.0,1.0,True,True,True,0.0,0.8102864913516772,0.0,0,0
469,focus_12be09ca41,BIHMH gen 62 focus / add_fix,4999579.76,420.2400000002235,3,C4;C5;C7,190,234200.86460356248,10008.004603562491,224192.86,7146898.248060052,7127500.192275848,61.233131299069335,19336.822652905703,0.0,234260.00824129,10067.14824129,9971.05295174362,0.0,1.0,True,0.0,1.0,True,True,True,0.0,0.8105170447110676,0.0,0,0
470,focus_12be09ca41,BIHMH gen 63 focus / mip_intensify,4999800.0,200.0,3,C4;C5;C7,214,234200.86460356248,10008.004603562491,224192.86,7146912.612313087,7127513.338121001,61.0958307836781,19338.17836130318,0.0,234260.00824129,10067.14824129,9971.05295174362,0.0,1.0,True,0.0,1.0,True,True,True,0.0,0.8104658758553226,0.0,0,0
471,focus_12be09ca41,BIHMH gen 64 focus / crossover_fix,4999800.0,200.0,3,C4;C5;C7,194,234200.86460356248,10008.004603562491,224192.86,7146958.28051324,7127560.3573626885,61.28590380789551,19336.63724674405,0.0,234260.00824129,10067.14824129,9971.05295174362,0.0,1.0,True,0.0,1.0,True,True,True,0.0,0.8105704728842396,0.0,0,0
472,focus_12be09ca41,BIHMH gen 60 focus / mip_intensify,4999800.0,200.0,3,C4;C5;C7,192,234200.86460356248,10008.004603562491,224192.86,7147051.256316141,7127653.29286115,61.27751563468037,19336.685939357103,0.0,234260.00824129,10067.14824129,9971.05295174362,0.0,1.0,True,0.0,1.0,True,True,True,0.0,0.8105648036427078,0.0,0,0
473,focus_12be09ca41,BIHMH gen 67 focus / add_fix,4999800.0,200.0,3,C4;C5;C7,230,234200.86460356248,10008.004603562491,224192.86,7147103.188023847,7127704.422182849,61.17815724248845,19337.58768375517,0.0,234260.00824129,10067.14824129,9971.05295174362,0.0,1.0,True,0.0,1.0,True,True,True,0.0,0.8105295854090884,0.0,0,0
474,focus_12be09ca41,BIHMH gen 60 focus / mip_intensify,4999800.0,200.0,3,C4;C5;C7,184,234200.86460356248,10008.004603562491,224192.86,7147413.3878361685,7128015.219760843,61.23056766665054,19336.93750765902,0.0,234260.00824129,10067.14824129,9971.05295174362,0.0,1.0,True,0.0,1.0,True,True,True,0.0,0.8105226021096369,0.0,0,0
475,focus_12be09ca41,BIHMH gen 65 focus / add_fix,4999800.0,200.0,3,C4;C5;C7,229,234200.86460356248,10008.004603562491,224192.86,7147523.850655645,7128125.114962416,61.18342626124969,19337.552266968436,0.0,234260.00824129,10067.14824129,9971.05295174362,0.0,1.0,True,0.0,1.0,True,True,True,0.0,0.8105334874228184,0.0,0,0
476,focus_12be09ca41,BIHMH gen 61 focus / mip_intensify,4999800.0,200.0,3,C4;C5;C7,184,234200.86460356248,10008.004603562491,224192.86,7147524.748370148,7128126.575459587,61.2299288809766,19336.942981679582,0.0,234260.00824129,10067.14824129,9971.05295174362,0.0,1.0,True,0.0,1.0,True,True,True,0.0,0.8105221876976225,0.0,0,0
477,focus_12be09ca41,BIHMH gen 61 focus / add_fix,4999800.0,200.0,3,C4;C5;C7,212,234200.86460356248,10008.004603562491,224192.86,7147548.057348058,7128149.243603475,61.06447407768744,19337.749270504344,0.0,234260.00824129,10067.14824129,9971.05295174362,0.0,1.0,True,0.0,1.0,True,True,True,0.0,0.8103945217213451,0.0,0,0
478,focus_12be09ca41,BIHMH gen 62 focus / crossover_fix,4999800.0,200.0,3,C4;C5;C7,212,234200.86460356248,10008.004603562491,224192.86,7147601.079958597,7128201.731058601,61.07162853649457,19338.277271459738,0.0,234260.00824129,10067.14824129,9971.05295174362,0.0,1.0,True,0.0,1.0,True,True,True,0.0,0.8104428911269613,0.0,0,0
479,focus_12be09ca41,BIHMH gen 69 focus / add_fix,4999579.76,420.2400000002235,3,C4;C5;C7,212,234200.86460356248,10008.004603562491,224192.86,7147623.775780225,7128224.866809515,61.131103670035515,19337.777867039476,0.0,234260.00824129,10067.14824129,9971.05295174362,0.0,1.0,True,0.0,1.0,True,True,True,0.0,0.8104834501718556,0.0,0,0
480,focus_12be09ca41,BIHMH gen 64 focus / add_fix,4999800.0,200.0,3,C4;C5;C7,213,234200.86460356248,10008.004603562491,224192.86,7147667.276292587,7128268.187571604,61.110994429695225,19337.977726553912,0.0,234260.00824129,10067.14824129,9971.05295174362,0.0,1.0,True,0.0,1.0,True,True,True,0.0,0.8104699326194685,0.0,0,0
481,focus_12be09ca41,BIHMH gen 69 focus / mip_intensify,4999800.0,200.0,3,C4;C5;C7,181,234200.86460356248,10008.004603562491,224192.86,7147682.795102966,7128284.580627192,61.22491640934785,19336.989559364712,0.0,234260.00824129,10067.14824129,9971.05295174362,0.0,1.0,True,0.0,1.0,True,True,True,0.0,0.8105195451969875,0.0,0,0
482,focus_12be09ca41,BIHMH gen 60 focus / add_fix,4999800.0,200.0,3,C4;C5;C7,190,234200.86460356248,10008.004603562491,224192.86,7147691.059233774,7128292.998181507,61.22670894673286,19336.83434332029,0.0,234260.00824129,10067.14824129,9971.05295174362,0.0,1.0,True,0.0,1.0,True,True,True,0.0,0.8105098424254233,0.0,0,0
483,focus_12be09ca41,BIHMH gen 61 focus / add_fix,4999800.0,200.0,3,C4;C5;C7,212,234200.86460356248,10008.004603562491,224192.86,7147694.783052328,7128295.659185768,61.0843369185502,19338.03952964081,0.0,234260.00824129,10067.14824129,9971.05295174362,0.0,1.0,True,0.0,1.0,True,True,True,0.0,0.8104386681444085,0.0,0,0
484,focus_12be09ca41,BIHMH gen 66 focus / add_fix,4999800.0,200.0,3,C4;C5;C7,212,234200.86460356248,10008.004603562491,224192.86,7147710.150047695,7128311.051797811,61.08888840297973,19338.00936148154,0.0,234260.00824129,10067.14824129,9971.05295174362,0.0,1.0,True,0.0,1.0,True,True,True,0.0,0.8104429742853654,0.0,0,0
485,focus_12be09ca41,BIHMH gen 64 focus / add_fix,4999800.0,200.0,3,C4;C5;C7,212,234200.86460356248,10008.004603562491,224192.86,7147764.487266258,7128365.273637735,61.10252770411746,19338.111100819413,0.0,234260.00824129,10067.14824129,9971.05295174362,0.0,1.0,True,0.0,1.0,True,True,True,0.0,0.8104704571713496,0.0,0,0
486,focus_12be09ca41,BIHMH gen 60 focus / crossover_fix,4999800.0,200.0,3,C4;C5;C7,216,234200.86460356248,10008.004603562491,224192.86,7147845.003792591,7128446.031612446,61.11323227571923,19337.85894787007,0.0,234260.00824129,10067.14824129,9971.05295174362,0.0,1.0,True,0.0,1.0,True,True,True,0.0,0.8104639319274803,0.0,0,0
487,focus_12be09ca41,BIHMH gen 63 focus / crossover_fix,4999800.0,200.0,3,C4;C5;C7,203,234200.86460356248,10008.004603562491,224192.86,7147848.754373474,7128450.947781639,61.35987228234457,19336.44671955194,0.0,234260.00824129,10067.14824129,9971.05295174362,0.0,1.0,True,0.0,1.0,True,True,True,0.0,0.8106467463465787,0.0,0,0
488,focus_dc179c69a2,BIHMH gen 29 focus / station_capacity_fix,4999738.4,261.59999999962747,4,C2;C4;C5;C7,165,234526.7194576,9993.859457600018,224532.86,7147880.372541387,7129212.474618508,40.88911400859374,18627.008808871193,0.0,234574.86890526998,10042.008905269999,9946.153581572531,0.0,1.0,True,0.0,1.0,True,True,True,0.0,0.8011791684877387,0.0,0,0
489,focus_12be09ca41,BIHMH gen 61 focus / mip_intensify,4999800.0,200.0,3,C4;C5;C7,185,234200.86460356248,10008.004603562491,224192.86,7147948.230348176,7128550.219706176,61.260882068742895,19336.74975993198,0.0,234260.00824129,10067.14824129,9971.05295174362,0.0,1.0,True,0.0,1.0,True,True,True,0.0,0.8105436486900026,0.0,0,0
490,focus_12be09ca41,BIHMH gen 63 focus / crossover_fix,4999800.0,200.0,3,C4;C5;C7,212,234200.86460356248,10008.004603562491,224192.86,7148085.65933347,7128686.296555096,61.061765785984115,19338.301012587508,0.0,234260.00824129,10067.14824129,9971.05295174362,0.0,1.0,True,0.0,1.0,True,True,True,0.0,0.8104321279283685,0.0,0,0
491,focus_12be09ca41,BIHMH gen 65 focus / crossover_fix,4999579.76,420.2400000002235,3,C4;C5;C7,194,234200.86460356248,10008.004603562491,224192.86,7148175.818568152,7128776.692738086,61.08067971601505,19338.045150350776,0.0,234260.00824129,10067.14824129,9971.05295174362,0.0,1.0,True,0.0,1.0,True,True,True,0.0,0.8104360824274576,0.0,0,0
492,focus_12be09ca41,BIHMH gen 62 focus / add_fix,4999800.0,200.0,3,C4;C5;C7,213,234200.86460356248,10008.004603562491,224192.86,7148238.513654524,7128838.722035399,61.007329583970545,19338.784289541247,0.0,234260.00824129,10067.14824129,9971.05295174362,0.0,1.0,True,0.0,1.0,True,True,True,0.0,0.8104068118997478,0.0,0,0
493,focus_12be09ca41,BIHMH gen 62 focus / add_fix,4999800.0,200.0,3,C4;C5;C7,213,234200.86460356248,10008.004603562491,224192.86,7148320.929211933,7128921.825320514,61.10275237868512,19338.00113903982,0.0,234260.00824129,10067.14824129,9971.05295174362,0.0,1.0,True,0.0,1.0,True,True,True,0.0,0.8104612708829327,0.0,0,0
494,focus_12be09ca41,BIHMH gen 68 focus / crossover_fix,4999800.0,200.0,3,C4;C5;C7,212,234200.86460356248,10008.004603562491,224192.86,7148376.843379959,7128977.4857340325,61.06223193860107,19338.29541398847,0.0,234260.00824129,10067.14824129,9971.05295174362,0.0,1.0,True,0.0,1.0,True,True,True,0.0,0.8104322042952952,0.0,0,0
495,focus_12be09ca41,BIHMH gen 63 focus / crossover_fix,4999800.0,200.0,3,C4;C5;C7,213,234200.86460356248,10008.004603562491,224192.86,7148575.516729971,7129176.478260422,61.08122928698323,19337.957240262505,0.0,234260.00824129,10067.14824129,9971.05295174362,0.0,1.0,True,0.0,1.0,True,True,True,0.0,0.8104265026997175,0.0,0,0
496,focus_12be09ca41,BIHMH gen 61 focus / mip_intensify,4999800.0,200.0,3,C4;C5;C7,185,234200.86460356248,10008.004603562491,224192.86,7149028.042104756,7129629.910681284,61.23552718454326,19336.89589628806,0.0,234260.00824129,10067.14824129,9971.05295174362,0.0,1.0,True,0.0,1.0,True,True,True,0.0,0.8105245490775355,0.0,0,0
497,focus_12be09ca41,BIHMH gen 67 focus / add_fix,4999800.0,200.0,3,C4;C5;C7,212,234200.86460356248,10008.004603562491,224192.86,7149064.458570436,7129665.668804854,61.067866981427166,19337.721898600365,0.0,234260.00824129,10067.14824129,9971.05295174362,0.0,1.0,True,0.0,1.0,True,True,True,0.0,0.8103975598087381,0.0,0,0
498,focus_12be09ca41,BIHMH gen 67 focus / add_fix,4999800.0,200.0,3,C4;C5;C7,207,234200.86460356248,10008.004603562491,224192.86,7149162.895995253,7129765.064244961,61.324001266543554,19336.50774902487,0.0,234260.00824129,10067.14824129,9971.05295174362,0.0,1.0,True,0.0,1.0,True,True,True,0.0,0.8106079092092939,0.0,0,0
499,focus_12be09ca41,BIHMH gen 68 focus / add_fix,4999800.0,200.0,3,C4;C5;C7,212,234200.86460356248,10008.004603562491,224192.86,7149175.93410922,7129776.817185499,61.10545130360823,19338.01147241757,0.0,234260.00824129,10067.14824129,9971.05295174362,0.0,1.0,True,0.0,1.0,True,True,True,0.0,0.810464626191972,0.0,0,0
500,focus_12be09ca41,BIHMH gen 61 focus / add_fix,4999800.0,200.0,3,C4;C5;C7,212,234200.86460356248,10008.004603562491,224192.86,7149288.31230121,7129889.718152203,61.09305312144982,19337.501095886244,0.0,234260.00824129,10067.14824129,9971.05295174362,0.0,1.0,True,0.0,1.0,True,True,True,0.0,0.8104165783294446,0.0,0,0
501,focus_12be09ca41,BIHMH gen 64 focus / add_fix,4999579.76,420.2400000002235,3,C4;C5;C7,220,234200.86460356248,10008.004603562491,224192.86,7149303.204718433,7129905.460825855,61.16375007150704,19336.580142507362,0.0,234260.00824129,10067.14824129,9971.05295174362,0.0,1.0,True,0.0,1.0,True,True,True,0.0,0.8104634958824807,0.0,0,0
502,focus_12be09ca41,BIHMH gen 67 focus / crossover_fix,4999800.0,200.0,3,C4;C5;C7,212,234200.86460356248,10008.004603562491,224192.86,7149316.280981829,7129916.940918319,61.06521085002779,19338.274852660063,0.0,234260.00824129,10067.14824129,9971.05295174362,0.0,1.0,True,0.0,1.0,True,True,True,0.0,0.810435313315371,0.0,0,0
503,focus_12be09ca41,BIHMH gen 63 focus / add_fix,4999800.0,200.0,3,C4;C5;C7,207,234200.86460356248,10008.004603562491,224192.86,7149385.695185116,7129987.94463689,61.32338097510685,19336.427167251,0.0,234260.00824129,10067.14824129,9971.05295174362,0.0,1.0,True,0.0,1.0,True,True,True,0.0,0.8105992032290825,0.0,0,0
504,focus_12be09ca41,BIHMH gen 69 focus / crossover_fix,4999579.76,420.2400000002235,3,C4;C5;C7,212,234200.86460356248,10008.004603562491,224192.86,7149418.821859078,7130019.817849856,61.09272603784153,19337.911283184254,0.0,234260.00824129,10067.14824129,9971.05295174362,0.0,1.0,True,0.0,1.0,True,True,True,0.0,0.8104384684915373,0.0,0,0
505,focus_12be09ca41,BIHMH gen 65 focus / add_fix,4999800.0,200.0,3,C4;C5;C7,200,234200.86460356248,10008.004603562491,224192.86,7149464.319134859,7130065.27549822,61.09154676966094,19337.95208987071,0.0,234260.00824129,10067.14824129,9971.05295174362,0.0,1.0,True,0.0,1.0,True,True,True,0.0,0.810441244056533,0.0,0,0
506,focus_12be09ca41,BIHMH gen 65 focus / add_fix,4999800.0,200.0,3,C4;C5;C7,207,234200.86460356248,10008.004603562491,224192.86,7149608.789606356,7130211.03923291,61.32340594733477,19336.426967499032,0.0,234260.00824129,10067.14824129,9971.05295174362,0.0,1.0,True,0.0,1.0,True,True,True,0.0,0.8105992376776033,0.0,0,0
507,focus_12be09ca41,BIHMH gen 68 focus / crossover_fix,4999579.76,420.2400000002235,3,C4;C5;C7,198,234200.86460356248,10008.004603562491,224192.86,7149644.484092459,7130246.353107428,61.22597902324009,19336.905006007102,0.0,234260.00824129,10067.14824129,9971.05295174362,0.0,1.0,True,0.0,1.0,True,True,True,0.0,0.8105107458199825,0.0,0,0
508,focus_12be09ca41,BIHMH gen 60 focus / add_fix,4999800.0,200.0,3,C4;C5;C7,211,234200.86460356248,10008.004603562491,224192.86,7149777.763141895,7130378.704572897,61.10986814297694,19337.94870085483,0.0,234260.00824129,10067.14824129,9971.05295174362,0.0,1.0,True,0.0,1.0,True,True,True,0.0,0.8104641691618566,0.0,0,0
509,focus_12be09ca41,BIHMH gen 64 focus / add_fix,4999579.76,420.2400000002235,3,C4;C5;C7,212,234200.86460356248,10008.004603562491,224192.86,7149800.806635349,7130401.980474869,61.0563954872789,19337.769764993365,0.0,234260.00824129,10067.14824129,9971.05295174362,0.0,1.0,True,0.0,1.0,True,True,True,0.0,0.8103857360099461,0.0,0,0
510,focus_12be09ca41,BIHMH gen 63 focus / add_fix,4999579.76,420.2400000002235,3,C4;C5;C7,212,234200.86460356248,10008.004603562491,224192.86,7150102.567562822,7130703.744122524,61.05616977010919,19337.76727052878,0.0,234260.00824129,10067.14824129,9971.05295174362,0.0,1.0,True,0.0,1.0,True,True,True,0.0,0.8103851840901902,0.0,0,0
511,focus_12be09ca41,BIHMH gen 64 focus / add_fix,4999579.76,420.2400000002235,3,C4;C5;C7,212,234200.86460356248,10008.004603562491,224192.86,7150213.853436451,7130814.752335666,61.102480356826035,19337.998620429076,0.0,234260.00824129,10067.14824129,9971.05295174362,0.0,1.0,True,0.0,1.0,True,True,True,0.0,0.8104606277608702,0.0,0,0
512,focus_12be09ca41,BIHMH gen 69 focus / crossover_fix,4999579.76,420.2400000002235,3,C4;C5;C7,212,234200.86460356248,10008.004603562491,224192.86,7150411.277914345,7131012.347705282,61.10041736537108,19337.82979169772,0.0,234260.00824129,10067.14824129,9971.05295174362,0.0,1.0,True,0.0,1.0,True,True,True,0.0,0.8104470384802192,0.0,0,0
513,focus_12be09ca41,BIHMH gen 63 focus / add_fix,4999800.0,200.0,3,C4;C5;C7,222,234200.86460356248,10008.004603562491,224192.86,7150632.19581731,7131234.433894774,61.21314398482651,19336.548778551543,0.0,234260.00824129,10067.14824129,9971.05295174362,0.0,1.0,True,0.0,1.0,True,True,True,0.0,0.8105195048358469,0.0,0,0
514,focus_34131532b6,BIHMH gen 51 focus / station_capacity_fix,4999927.84,72.16000000014901,4,C1;C4;C5;C7,165,236414.49598805996,10101.615988059973,226312.88,7152803.90723709,7133984.960881704,24.225747504064863,18794.720607881492,0.0,236461.27039319,10148.39039319,10051.519612121783,0.0,1.0,True,0.0,1.0,True,True,True,0.0,0.7824155203924443,0.0,0,0
515,focus_1392cdb628,BIHMH gen 4 focus / add_fix,4999800.0,200.0,3,C4;C5;C7,179,235533.58653284246,9804.416532842466,225729.16999999998,7154757.931716805,7136038.852953354,44.66922384765777,18674.409539603792,0.0,235583.60739681,9854.437396809999,9760.372524388711,0.0,1.0,True,0.0,1.0,True,True,True,0.0,0.8043498138931215,0.0,0,0
516,focus_1392cdb628,BIHMH gen 1 focus / add_fix,4999800.0,200.0,3,C4;C5;C7,189,235533.58653284246,9804.416532842466,225729.16999999998,7156321.324355798,7137602.551096981,44.76893708704725,18674.00432172963,0.0,235583.60739681,9854.437396809999,9760.372524388711,0.0,1.0,True,0.0,1.0,True,True,True,0.0,0.8044358471145623,0.0,0,0
517,focus_1392cdb628,BIHMH gen 3 focus / mip_intensify,4999800.0,200.0,3,C4;C5;C7,181,235533.58653284246,9804.416532842466,225729.16999999998,7156667.339386659,7137948.3060477525,44.6757739588167,18674.35756494801,0.0,235583.60739681,9854.437396809999,9760.372524388711,0.0,1.0,True,0.0,1.0,True,True,True,0.0,0.8043555152082881,0.0,0,0
518,focus_1392cdb628,BIHMH gen 8 focus / crossover_fix,4999579.76,420.2400000002235,3,C4;C5;C7,222,235533.58653284246,9804.416532842466,225729.16999999998,7156940.349515201,7138221.980485338,44.813182504396494,18673.55584735793,0.0,235583.60739681,9854.437396809999,9760.372524388711,0.0,1.0,True,0.0,1.0,True,True,True,0.0,0.8044723873919082,0.0,0,0
519,focus_1392cdb628,BIHMH gen 9 focus / add_fix,4999579.76,420.2400000002235,3,C4;C5;C7,177,235533.58653284246,9804.416532842466,225729.16999999998,7156977.262368476,7138258.272822842,44.698506692363836,18674.29103894151,0.0,235583.60739681,9854.437396809999,9760.372524388711,0.0,1.0,True,0.0,1.0,True,True,True,0.0,0.8043751448815877,0.0,0,0
520,focus_1392cdb628,BIHMH gen 7 focus / add_fix,4999800.0,200.0,3,C4;C5;C7,204,235533.58653284246,9804.416532842466,225729.16999999998,7157384.248325978,7138665.609216486,44.80227102567817,18673.836838466752,0.0,235583.60739681,9854.437396809999,9760.372524388711,0.0,1.0,True,0.0,1.0,True,True,True,0.0,0.8044643287125053,0.0,0,0
521,focus_1392cdb628,BIHMH gen 3 focus / add_fix,4999579.76,420.2400000002235,3,C4;C5;C7,177,235533.58653284246,9804.416532842466,225729.16999999998,7157409.363424014,7138690.339394552,44.68111583755292,18674.342913624365,0.0,235583.60739681,9854.437396809999,9760.372524388711,0.0,1.0,True,0.0,1.0,True,True,True,0.0,0.8043601045180033,0.0,0,0
522,focus_1392cdb628,BIHMH gen 5 focus / add_fix,4999579.76,420.2400000002235,3,C4;C5;C7,183,235533.58653284246,9804.416532842466,225729.16999999998,7157431.372542516,7138712.549562382,44.77345119876961,18674.049528936048,0.0,235583.60739681,9854.437396809999,9760.372524388711,0.0,1.0,True,0.0,1.0,True,True,True,0.0,0.804440066491071,0.0,0,0
523,focus_1392cdb628,BIHMH gen 5 focus / add_fix,4999579.76,420.2400000002235,3,C4;C5;C7,203,235533.58653284246,9804.416532842466,225729.16999999998,7157434.080155713,7138715.441993875,44.802268931648946,18673.835892905656,0.0,235583.60739681,9854.437396809999,9760.372524388711,0.0,1.0,True,0.0,1.0,True,True,True,0.0,0.8044643210841939,0.0,0,0
524,focus_1392cdb628,BIHMH gen 8 focus / add_fix,4999800.0,200.0,3,C4;C5;C7,204,235533.58653284246,9804.416532842466,225729.16999999998,7157537.39479113,7138818.834220547,44.79698003797509,18673.76359054473,0.0,235583.60739681,9854.437396809999,9760.372524388711,0.0,1.0,True,0.0,1.0,True,True,True,0.0,0.804459243837595,0.0,0,0
525,focus_1392cdb628,BIHMH gen 4 focus / add_fix,4999800.0,200.0,3,C4;C5;C7,204,235533.58653284246,9804.416532842466,225729.16999999998,7157585.485287601,7138866.846411865,44.80240091869017,18673.83647481702,0.0,235583.60739681,9854.437396809999,9760.372524388711,0.0,1.0,True,0.0,1.0,True,True,True,0.0,0.804464441499815,0.0,0,0
526,focus_1392cdb628,BIHMH gen 5 focus / add_fix,4999800.0,200.0,3,C4;C5;C7,204,235533.58653284246,9804.416532842466,225729.16999999998,7157852.557969714,7139133.9115772545,44.7987469564709,18673.847645502297,0.0,235583.60739681,9854.437396809999,9760.372524388711,0.0,1.0,True,0.0,1.0,True,True,True,0.0,0.8044613171237078,0.0,0,0
527,focus_1392cdb628,BIHMH gen 1 focus / add_fix,4999579.76,420.2400000002235,3,C4;C5;C7,203,235533.58653284246,9804.416532842466,225729.16999999998,7157916.18476198,7139197.523317402,44.79735396702457,18673.864090610718,0.0,235583.60739681,9854.437396809999,9760.372524388711,0.0,1.0,True,0.0,1.0,True,True,True,0.0,0.8044601555403125,0.0,0,0
528,focus_1392cdb628,BIHMH gen 6 focus / crossover_fix,4999800.0,200.0,3,C4;C5;C7,223,235533.58653284246,9804.416532842466,225729.16999999998,7158210.168712005,7139490.191725564,44.57902266052064,18675.397963780433,0.0,235583.60739681,9854.437396809999,9760.372524388711,0.0,1.0,True,0.0,1.0,True,True,True,0.0,0.804276530209637,0.0,0,0
529,focus_12be09ca41,BIHMH gen 67 focus / station_capacity_fix,4999958.64,41.360000000335276,4,C2;C4;C5;C7,166,234200.86460356248,10008.004603562491,224192.86,7161191.744386222,7141795.912739502,61.49831889685526,19334.33332782314,0.0,234260.00824129,10067.14824129,9971.05295174362,0.0,1.0,True,0.0,1.0,True,True,True,0.0,0.8107220256540504,0.0,0,0
530,focus_1392cdb628,BIHMH gen 9 focus / crossover_fix,4999579.76,420.2400000002235,3,C4;C5;C7,224,235533.58653284246,9804.416532842466,225729.16999999998,7161678.37443286,7142958.353449684,44.55154331018934,18675.469439866236,0.0,235583.60739681,9854.437396809999,9760.372524388711,0.0,1.0,True,0.0,1.0,True,True,True,0.0,0.8042526892070969,0.0,0,0
531,focus_1392cdb628,BIHMH gen 9 focus / add_fix,4999579.76,420.2400000002235,3,C4;C5;C7,223,235533.58653284246,9804.416532842466,225729.16999999998,7161863.27155718,7143143.024865733,44.511267574414596,18675.735423872233,0.0,235583.60739681,9854.437396809999,9760.372524388711,0.0,1.0,True,0.0,1.0,True,True,True,0.0,0.804218444373848,0.0,0,0
532,focus_12be09ca41,BIHMH gen 69 focus / station_capacity_fix,4999738.4,261.59999999962747,4,C2;C4;C5;C7,175,234200.86460356248,10008.004603562491,224192.86,7162044.888226047,7142649.088130767,61.47133712825543,19334.32875815149,0.0,234260.00824129,10067.14824129,9971.05295174362,0.0,1.0,True,0.0,1.0,True,True,True,0.0,0.8106893435150793,0.0,0,0
533,focus_1392cdb628,BIHMH gen 6 focus / add_fix,4999579.76,420.2400000002235,3,C4;C5;C7,223,235533.58653284246,9804.416532842466,225729.16999999998,7163087.924417718,7144367.953224819,44.57116306066726,18675.400029837674,0.0,235583.60739681,9854.437396809999,9760.372524388711,0.0,1.0,True,0.0,1.0,True,True,True,0.0,0.8042696902521788,0.0,0,0
534,focus_1392cdb628,BIHMH gen 5 focus / add_fix,4999579.76,420.2400000002235,3,C4;C5;C7,204,235533.58653284246,9804.416532842466,225729.16999999998,7167231.618904359,7148511.429230083,44.49417922296966,18675.6954950533,0.0,235583.60739681,9854.437396809999,9760.372524388711,0.0,1.0,True,0.0,1.0,True,True,True,0.0,0.8042027140517186,0.0,0,0
535,focus_1392cdb628,BIHMH gen 3 focus / crossover_fix,4999579.76,420.2400000002235,3,C4;C5;C7,278,235533.58653284246,9804.416532842466,225729.16999999998,7167368.469003173,7148649.472571364,44.853301085740526,18674.143130723118,0.0,235583.60739681,9854.437396809999,9760.372524388711,0.0,1.0,True,0.0,1.0,True,True,True,0.0,0.8045121408010715,0.0,0,0
536,focus_1392cdb628,BIHMH gen 4 focus / add_fix,4999800.0,200.0,3,C4;C5;C7,204,235533.58653284246,9804.416532842466,225729.16999999998,7167422.5010702135,7148702.3113325965,44.494161880426034,18675.695575736878,0.0,235583.60739681,9854.437396809999,9760.372524388711,0.0,1.0,True,0.0,1.0,True,True,True,0.0,0.8042026992352134,0.0,0,0
537,focus_1392cdb628,BIHMH gen 6 focus / add_fix,4999579.76,420.2400000002235,3,C4;C5;C7,203,235533.58653284246,9804.416532842466,225729.16999999998,7167920.761401019,7149200.5570698865,44.51084008997032,18675.693491042875,0.0,235583.60739681,9854.437396809999,9760.372524388711,0.0,1.0,True,0.0,1.0,True,True,True,0.0,0.8042174732971414,0.0,0,0
538,focus_1392cdb628,BIHMH gen 6 focus / add_fix,4999800.0,200.0,3,C4;C5;C7,204,235533.58653284246,9804.416532842466,225729.16999999998,7168099.409102364,7149379.208763008,44.5078693116609,18675.692470045113,0.0,235583.60739681,9854.437396809999,9760.372524388711,0.0,1.0,True,0.0,1.0,True,True,True,0.0,0.8042148501259403,0.0,0,0
539,focus_1392cdb628,BIHMH gen 8 focus / add_fix,4999800.0,200.0,3,C4;C5;C7,204,235533.58653284246,9804.416532842466,225729.16999999998,7168195.688213331,7149475.561991832,44.502844124921545,18675.623377373417,0.0,235583.60739681,9854.437396809999,9760.372524388711,0.0,1.0,True,0.0,1.0,True,True,True,0.0,0.8042099918749362,0.0,0,0
540,focus_1392cdb628,BIHMH gen 7 focus / add_fix,4999800.0,200.0,3,C4;C5;C7,224,235533.58653284246,9804.416532842466,225729.16999999998,7168456.79455665,7149736.53077767,44.506529855708415,18675.757249124723,0.0,235583.60739681,9854.437396809999,9760.372524388711,0.0,1.0,True,0.0,1.0,True,True,True,0.0,0.8042143094284423,0.0,0,0
541,focus_1392cdb628,BIHMH gen 2 focus / add_fix,4999579.76,420.2400000002235,3,C4;C5;C7,179,235533.58653284246,9804.416532842466,225729.16999999998,7168650.977963586,7149931.467950023,44.57364749980551,18674.93636606367,0.0,235583.60739681,9854.437396809999,9760.372524388711,0.0,1.0,True,0.0,1.0,True,True,True,0.0,0.8042682102973885,0.0,0,0
542,focus_1392cdb628,BIHMH gen 9 focus / mip_intensify,4999800.0,200.0,3,C4;C5;C7,183,235533.58653284246,9804.416532842466,225729.16999999998,7168797.817502843,7150078.320836654,44.55629105395516,18674.940375134905,0.0,235583.60739681,9854.437396809999,9760.372524388711,0.0,1.0,True,0.0,1.0,True,True,True,0.0,0.8042529603616081,0.0,0,0
543,focus_8f2a2bfb0a,BIHMH gen 80 focus / swap_fix,4999381.04,618.9599999999627,2,C5;C7,963,239407.62033540502,10254.740335405013,229152.88,7168916.150646335,7150156.166584477,63.198407973117405,18696.785653885712,0.0,239459.09284839,10306.21284839,10207.83558364181,0.0,1.0,True,0.0,1.0,True,True,True,0.0,0.8174530409139551,0.0,0,0
544,focus_8f2a2bfb0a,BIHMH gen 80 focus / swap_fix,4999821.52,178.48000000044703,2,C5;C7,968,239407.62033540502,10254.740335405013,229152.88,7169776.00640892,7151016.034979757,63.2050618885303,18696.7663672744,0.0,239459.09284839,10306.21284839,10207.83558364181,0.0,1.0,True,0.0,1.0,True,True,True,0.0,0.8174571709801023,0.0,0,0
545,focus_8f2a2bfb0a,BIHMH gen 80 focus / swap_fix,4999381.04,618.9599999999627,2,C5;C7,975,239407.62033540502,10254.740335405013,229152.88,7173090.545819544,7154330.4964505825,63.32533798941134,18696.724030972768,0.0,239459.09284839,10306.21284839,10207.83558364181,0.0,1.0,True,0.0,1.0,True,True,True,0.0,0.8175332318843366,0.0,0,0
546,focus_1392cdb628,BIHMH gen 7 focus / crossover_fix,4999800.0,200.0,3,C4;C5;C7,327,235533.58653284246,9804.416532842466,225729.16999999998,7174914.909101069,7156197.009164622,45.14869034032784,18672.7512461069,0.0,235583.60739681,9854.437396809999,9760.372524388711,0.0,1.0,True,0.0,1.0,True,True,True,0.0,0.8047669043703914,0.0,0,0
547,focus_1392cdb628,BIHMH gen 6 focus / crossover_fix,4999738.4,261.59999999962747,4,C2;C4;C5;C7,162,235533.58653284246,9804.416532842466,225729.16999999998,7175992.092118758,7157276.740319349,45.503685412282245,18669.84811399665,0.0,235583.60739681,9854.437396809999,9760.372524388711,0.0,1.0,True,0.0,1.0,True,True,True,0.0,0.8050622811231796,0.0,0,0
548,focus_8f2a2bfb0a,BIHMH gen 80 focus / swap_fix,4999381.04,618.9599999999627,2,C5;C7,973,239407.62033540502,10254.740335405013,229152.88,7177070.843822722,7158310.576351071,63.396510714249196,18696.870960936696,0.0,239459.09284839,10306.21284839,10207.83558364181,0.0,1.0,True,0.0,1.0,True,True,True,0.0,0.8175787163573973,0.0,0,0
549,focus_1392cdb628,BIHMH gen 3 focus / crossover_fix,4999579.76,420.2400000002235,3,C4;C5;C7,276,235533.58653284246,9804.416532842466,225729.16999999998,7177283.686814849,7158563.564474342,42.79679718657065,18677.325543320847,0.0,235583.60739681,9854.437396809999,9760.372524388711,0.0,1.0,True,0.0,1.0,True,True,True,0.0,0.802673083547903,0.0,0,0
550,focus_8f2a2bfb0a,BIHMH gen 80 focus / swap_fix,4999821.52,178.48000000044703,2,C5;C7,971,239407.62033540502,10254.740335405013,229152.88,7178430.284695389,7159670.43695076,63.58280843969186,18696.264936189003,0.0,239459.09284839,10306.21284839,10207.83558364181,0.0,1.0,True,0.0,1.0,True,True,True,0.0,0.8176944517578113,0.0,0,0
551,focus_1392cdb628,BIHMH gen 8 focus / crossover_fix,4999800.0,200.0,3,C4;C5;C7,294,235533.58653284246,9804.416532842466,225729.16999999998,7179660.01302931,7160942.216561077,44.30266713285582,18673.493801100383,0.0,235583.60739681,9854.437396809999,9760.372524388711,0.0,1.0,True,0.0,1.0,True,True,True,0.0,0.8040259042414969,0.0,0,0
552,focus_1392cdb628,BIHMH gen 8 focus / crossover_fix,4999579.76,420.2400000002235,3,C4;C5;C7,324,235533.58653284246,9804.416532842466,225729.16999999998,7180378.309795758,7161659.787857989,44.85455962752849,18673.66737814152,0.0,235583.60739681,9854.437396809999,9760.372524388711,0.0,1.0,True,0.0,1.0,True,True,True,0.0,0.8045151844660506,0.0,0,0
553,focus_1392cdb628,BIHMH gen 2 focus / crossover_fix,4999958.64,41.360000000335276,4,C2;C4;C5;C7,163,235533.58653284246,9804.416532842466,225729.16999999998,7188877.532538325,7170159.025098139,43.02313754124496,18675.484302644043,0.0,235583.60739681,9854.437396809999,9760.372524388711,0.0,1.0,True,0.0,1.0,True,True,True,0.0,0.802874411192061,0.0,0,0
554,focus_e0abbcfe9a,BIHMH gen 12 focus / crossover_fix,4999958.64,41.360000000335276,4,C2;C4;C5;C7,122,233415.88529642497,9879.695296424967,223536.19,7196616.466695601,7177970.671710305,33.05585018673424,18612.73913511022,0.0,233459.63164342,9923.44164342,9828.718095582499,0.0,1.0,True,0.0,1.0,True,True,True,0.0,0.7888281423957972,0.0,0,0
555,focus_1392cdb628,BIHMH gen 4 focus / add_fix,4999958.64,41.360000000335276,4,C2;C4;C5;C7,182,235533.58653284246,9804.416532842466,225729.16999999998,7196718.277937352,7177998.561865604,42.59101487210276,18677.125056875793,0.0,235583.60739681,9854.437396809999,9760.372524388711,0.0,1.0,True,0.0,1.0,True,True,True,0.0,0.8024812396431095,0.0,0,0
556,focus_1392cdb628,BIHMH gen 4 focus / mip_intensify,4999958.64,41.360000000335276,4,C2;C4;C5;C7,161,235533.58653284246,9804.416532842466,225729.16999999998,7197794.439049592,7179074.3860663725,42.4678654280921,18677.58511779202,0.0,235583.60739681,9854.437396809999,9760.372524388711,0.0,1.0,True,0.0,1.0,True,True,True,0.0,0.8023688657455132,0.0,0,0
557,focus_1392cdb628,BIHMH gen 9 focus / add_fix,4999958.64,41.360000000335276,4,C2;C4;C5;C7,163,235533.58653284246,9804.416532842466,225729.16999999998,7198041.413985406,7179321.537199466,42.50405206665445,18677.372733873868,0.0,235583.60739681,9854.437396809999,9760.372524388711,0.0,1.0,True,0.0,1.0,True,True,True,0.0,0.8024012643695176,0.0,0,0
558,focus_1392cdb628,BIHMH gen 5 focus / add_fix,4999958.64,41.360000000335276,4,C2;C4;C5;C7,181,235533.58653284246,9804.416532842466,225729.16999999998,7199509.907597517,7180790.181398744,42.58559347662309,18677.14060529574,0.0,235583.60739681,9854.437396809999,9760.372524388711,0.0,1.0,True,0.0,1.0,True,True,True,0.0,0.802476300599427,0.0,0,0
559,focus_1392cdb628,BIHMH gen 1 focus / add_fix,4999738.4,261.59999999962747,4,C2;C4;C5;C7,156,235533.58653284246,9804.416532842466,225729.16999999998,7199911.913219867,7181191.837227866,42.471665364001275,18677.604326637076,0.0,235583.60739681,9854.437396809999,9760.372524388711,0.0,1.0,True,0.0,1.0,True,True,True,0.0,0.8023724630794278,0.0,0,0
560,focus_1392cdb628,BIHMH gen 8 focus / crossover_fix,4999958.64,41.360000000335276,4,C2;C4;C5;C7,203,235533.58653284246,9804.416532842466,225729.16999999998,7203096.49059983,7184376.715281348,42.65592287778464,18677.119395604208,0.0,235583.60739681,9854.437396809999,9760.372524388711,0.0,1.0,True,0.0,1.0,True,True,True,0.0,0.8025421387569219,0.0,0,0
561,focus_1392cdb628,BIHMH gen 3 focus / crossover_fix,4999927.84,72.16000000014901,4,C1;C4;C5;C7,147,235533.58653284246,9804.416532842466,225729.16999999998,7203367.600307526,7184620.428040641,42.626534132679836,18704.54573275214,0.0,235583.60739681,9854.437396809999,9760.372524388711,0.0,1.0,True,0.0,1.0,True,True,True,0.0,0.8025029192435668,0.0,0,0
562,focus_e0abbcfe9a,BIHMH gen 11 focus / remove_fix,4999738.4,261.59999999962747,4,C2;C4;C5;C7,119,233415.88529642497,9879.695296424967,223536.19,7205448.098788776,7186795.231915409,30.059272187827364,18622.807601179942,0.0,233459.63164342,9923.44164342,9828.718095582499,0.0,1.0,True,0.0,1.0,True,True,True,0.0,0.7814371069191607,0.0,0,0
563,focus_1392cdb628,BIHMH gen 2 focus / crossover_fix,4999927.84,72.16000000014901,4,C1;C4;C5;C7,149,235533.58653284246,9804.416532842466,225729.16999999998,7210836.3187982775,7192091.256336832,42.78858777228773,18702.273873672537,0.0,235583.60739681,9854.437396809999,9760.372524388711,0.0,1.0,True,0.0,1.0,True,True,True,0.0,0.8026526502516971,0.0,0,0
564,focus_1392cdb628,BIHMH gen 3 focus / crossover_fix,4999927.84,72.16000000014901,4,C1;C4;C5;C7,149,235533.58653284246,9804.416532842466,225729.16999999998,7212540.950985831,7193793.660742185,44.98014309476991,18702.310100551837,0.0,235583.60739681,9854.437396809999,9760.372524388711,0.0,1.0,True,0.0,1.0,True,True,True,0.0,0.8046154833638525,0.0,0,0
565,focus_1392cdb628,BIHMH gen 4 focus / add_fix,4999707.6,292.40000000037253,4,C1;C4;C5;C7,167,235533.58653284246,9804.416532842466,225729.16999999998,7212885.382454225,7194135.663464819,41.63021321830827,18708.088776187375,0.0,235583.60739681,9854.437396809999,9760.372524388711,0.0,1.0,True,0.0,1.0,True,True,True,0.0,0.8015837195141545,0.0,0,0
566,focus_1392cdb628,BIHMH gen 7 focus / add_fix,4999927.84,72.16000000014901,4,C1;C4;C5;C7,167,235533.58653284246,9804.416532842466,225729.16999999998,7212943.22052893,7194193.504523395,41.63024641573806,18708.085759120182,0.0,235583.60739681,9854.437396809999,9760.372524388711,0.0,1.0,True,0.0,1.0,True,True,True,0.0,0.801583717166957,0.0,0,0
567,focus_1392cdb628,BIHMH gen 1 focus / mip_intensify,4999927.84,72.16000000014901,4,C1;C4;C5;C7,147,235533.58653284246,9804.416532842466,225729.16999999998,7214216.350129362,7195466.317518834,41.51888422350634,18708.51372630468,0.0,235583.60739681,9854.437396809999,9760.372524388711,0.0,1.0,True,0.0,1.0,True,True,True,0.0,0.8014796090726792,0.0,0,0
568,focus_1392cdb628,BIHMH gen 1 focus / crossover_fix,4999800.0,200.0,3,C4;C5;C7,351,235533.58653284246,9804.416532842466,225729.16999999998,7214502.280545533,7195782.222344338,37.66448343478211,18682.393717760617,0.0,235583.60739681,9854.437396809999,9760.372524388711,0.0,1.0,True,0.0,1.0,True,True,True,0.0,0.7975732276956198,0.0,0,0
569,focus_1392cdb628,BIHMH gen 7 focus / crossover_fix,4999927.84,72.16000000014901,4,C1;C4;C5;C7,150,235533.58653284246,9804.416532842466,225729.16999999998,7214701.631461077,7195950.8750677,41.55525401418589,18709.201139363744,0.0,235583.60739681,9854.437396809999,9760.372524388711,0.0,1.0,True,0.0,1.0,True,True,True,0.0,0.8015130213050589,0.0,0,0
570,focus_1392cdb628,BIHMH gen 2 focus / add_fix,4999927.84,72.16000000014901,4,C1;C4;C5;C7,167,235533.58653284246,9804.416532842466,225729.16999999998,7215970.258275971,7197221.670333974,41.7959338334172,18706.792008163342,0.0,235583.60739681,9854.437396809999,9760.372524388711,0.0,1.0,True,0.0,1.0,True,True,True,0.0,0.8017400342303768,0.0,0,0
571,focus_1392cdb628,BIHMH gen 4 focus / mip_intensify,4999927.84,72.16000000014901,4,C1;C4;C5;C7,147,235533.58653284246,9804.416532842466,225729.16999999998,7216242.723323547,7197493.873764565,41.7100586334081,18707.13950034896,0.0,235583.60739681,9854.437396809999,9760.372524388711,0.0,1.0,True,0.0,1.0,True,True,True,0.0,0.8016601663749092,0.0,0,0
572,focus_1392cdb628,BIHMH gen 1 focus / add_fix,4999927.84,72.16000000014901,4,C1;C4;C5;C7,144,235533.58653284246,9804.416532842466,225729.16999999998,7217470.939610493,7198722.562940132,41.70592754980593,18706.670742811988,0.0,235583.60739681,9854.437396809999,9760.372524388711,0.0,1.0,True,0.0,1.0,True,True,True,0.0,0.801656158361874,0.0,0,0
573,focus_1392cdb628,BIHMH gen 4 focus / crossover_fix,4999707.6,292.40000000037253,4,C1;C4;C5;C7,167,235533.58653284246,9804.416532842466,225729.16999999998,7218031.158562858,7199282.585530089,41.79356423758961,18706.779468530516,0.0,235583.60739681,9854.437396809999,9760.372524388711,0.0,1.0,True,0.0,1.0,True,True,True,0.0,0.8017376637746594,0.0,0,0
574,focus_07687d9f43,BIHMH gen 47 focus / crossover_fix,4999800.0,200.0,3,C4;C5;C7,206,238100.33505297746,10295.905052977463,227804.43,7224495.443884708,7205098.261001866,92.06533397768577,19305.11754886437,0.0,238147.49221527998,10343.062215279999,10244.333207367208,0.0,1.0,True,0.0,1.0,True,True,True,0.0,0.8309257788258613,0.0,0,0
575,focus_07687d9f43,BIHMH gen 46 focus / add_fix,4999800.0,200.0,3,C4;C5;C7,202,238100.33505297746,10295.905052977463,227804.43,7225877.50741295,7206479.933775052,91.94057596978217,19305.63306192801,0.0,238147.49221527998,10343.062215279999,10244.333207367208,0.0,1.0,True,0.0,1.0,True,True,True,0.0,0.8308717513211499,0.0,0,0
576,focus_07687d9f43,BIHMH gen 49 focus / crossover_fix,4999800.0,200.0,3,C4;C5;C7,190,238100.33505297746,10295.905052977463,227804.43,7225988.95215615,7206592.959960178,92.46932885527502,19303.522867116815,0.0,238147.49221527998,10343.062215279999,10244.333207367208,0.0,1.0,True,0.0,1.0,True,True,True,0.0,0.8311024984665379,0.0,0,0
577,focus_de763cc9b4,BIHMH gen 31 focus / crossover_fix,4999800.0,200.0,3,C4;C5;C7,231,238005.35343565745,10175.673435657469,227829.68,7226522.798618658,7207390.1143597225,71.74944689518054,19060.934812041112,0.0,238052.81825989,10223.13825989,10125.553978064532,0.0,1.0,True,0.0,1.0,True,True,True,0.0,0.8219866721495354,0.0,0,0
578,focus_de763cc9b4,BIHMH gen 30 focus / crossover_fix,4999800.0,200.0,3,C4;C5;C7,187,238005.35343565745,10175.673435657469,227829.68,7227639.870180475,7208506.391398945,71.5188277011279,19061.959953828984,0.0,238052.81825989,10223.13825989,10125.553978064532,0.0,1.0,True,0.0,1.0,True,True,True,0.0,0.821859149549898,0.0,0,0
579,focus_07687d9f43,BIHMH gen 47 focus / crossover_fix,4999579.76,420.2400000002235,3,C4;C5;C7,196,238100.33505297746,10295.905052977463,227804.43,7227757.001607009,7208360.6396977175,92.2314093694554,19304.13049992279,0.0,238147.49221527998,10343.062215279999,10244.333207367208,0.0,1.0,True,0.0,1.0,True,True,True,0.0,0.8309932474700458,0.0,0,0
580,focus_07687d9f43,BIHMH gen 44 focus / add_fix,4999800.0,200.0,3,C4;C5;C7,200,238100.33505297746,10295.905052977463,227804.43,7227916.63634205,7208519.097105481,91.98254793221737,19305.556688636232,0.0,238147.49221527998,10343.062215279999,10244.333207367208,0.0,1.0,True,0.0,1.0,True,True,True,0.0,0.8308954982019027,0.0,0,0
581,focus_07687d9f43,BIHMH gen 49 focus / crossover_fix,4999579.76,420.2400000002235,3,C4;C5;C7,196,238100.33505297746,10295.905052977463,227804.43,7228174.053669849,7208776.5709915925,91.9736947926721,19305.50898346402,0.0,238147.49221527998,10343.062215279999,10244.333207367208,0.0,1.0,True,0.0,1.0,True,True,True,0.0,0.830886888607735,0.0,0,0
582,focus_07687d9f43,BIHMH gen 49 focus / crossover_fix,4999800.0,200.0,3,C4;C5;C7,213,238100.33505297746,10295.905052977463,227804.43,7228470.778174599,7209073.882264895,91.9303384020897,19304.965571301134,0.0,238147.49221527998,10343.062215279999,10244.333207367208,0.0,1.0,True,0.0,1.0,True,True,True,0.0,0.8308576684836305,0.0,0,0
583,focus_07687d9f43,BIHMH gen 46 focus / crossover_fix,4999800.0,200.0,3,C4;C5;C7,213,238100.33505297746,10295.905052977463,227804.43,7228560.227949702,7209163.440441381,91.91826050081683,19304.86924782001,0.0,238147.49221527998,10343.062215279999,10244.333207367208,0.0,1.0,True,0.0,1.0,True,True,True,0.0,0.830850349579948,0.0,0,0
584,focus_07687d9f43,BIHMH gen 45 focus / crossover_fix,4999800.0,200.0,3,C4;C5;C7,183,238100.33505297746,10295.905052977463,227804.43,7228671.251936984,7209274.74287363,92.34937484556308,19304.15968850952,0.0,238147.49221527998,10343.062215279999,10244.333207367208,0.0,1.0,True,0.0,1.0,True,True,True,0.0,0.831051490725363,0.0,0,0
585,focus_07687d9f43,BIHMH gen 42 focus / mip_intensify,4999579.76,420.2400000002235,3,C4;C5;C7,191,238100.33505297746,10295.905052977463,227804.43,7228686.179321994,7209289.9108758075,92.47239579185678,19303.796050394445,0.0,238147.49221527998,10343.062215279999,10244.333207367208,0.0,1.0,True,0.0,1.0,True,True,True,0.0,0.8311080627093497,0.0,0,0
586,focus_07687d9f43,BIHMH gen 48 focus / add_fix,4999800.0,200.0,3,C4;C5;C7,213,238100.33505297746,10295.905052977463,227804.43,7228735.6455991445,7209338.846820578,91.91924842703432,19304.879530139242,0.0,238147.49221527998,10343.062215279999,10244.333207367208,0.0,1.0,True,0.0,1.0,True,True,True,0.0,0.8308509994153901,0.0,0,0
587,focus_07687d9f43,BIHMH gen 41 focus / add_fix,4999579.76,420.2400000002235,3,C4;C5;C7,188,238100.33505297746,10295.905052977463,227804.43,7228776.650591335,7209380.369057855,92.37120347601379,19303.910330004794,0.0,238147.49221527998,10343.062215279999,10244.333207367208,0.0,1.0,True,0.0,1.0,True,True,True,0.0,0.8310590258750669,0.0,0,0
588,focus_07687d9f43,BIHMH gen 44 focus / crossover_fix,4999800.0,200.0,3,C4;C5;C7,202,238100.33505297746,10295.905052977463,227804.43,7228789.25673792,7209393.053164618,92.59771152716664,19303.60586177591,0.0,238147.49221527998,10343.062215279999,10244.333207367208,0.0,1.0,True,0.0,1.0,True,True,True,0.0,0.8311669297878336,0.0,0,0
589,focus_07687d9f43,BIHMH gen 43 focus / crossover_fix,4999800.0,200.0,3,C4;C5;C7,183,238100.33505297746,10295.905052977463,227804.43,7228797.309545905,7209400.967927606,92.45744844653805,19303.884169852947,0.0,238147.49221527998,10343.062215279999,10244.333207367208,0.0,1.0,True,0.0,1.0,True,True,True,0.0,0.8311008448253736,0.0,0,0
590,focus_07687d9f43,BIHMH gen 42 focus / crossover_fix,4999800.0,200.0,3,C4;C5;C7,213,238100.33505297746,10295.905052977463,227804.43,7228825.67398425,7209429.148753214,92.00813260124256,19304.51709843543,0.0,238147.49221527998,10343.062215279999,10244.333207367208,0.0,1.0,True,0.0,1.0,True,True,True,0.0,0.8308910004293353,0.0,0,0
591,focus_07687d9f43,BIHMH gen 48 focus / mip_intensify,4999579.76,420.2400000002235,3,C4;C5;C7,191,238100.33505297746,10295.905052977463,227804.43,7228853.181385116,7209456.857512705,92.32773327049091,19303.996139140036,0.0,238147.49221527998,10343.062215279999,10244.333207367208,0.0,1.0,True,0.0,1.0,True,True,True,0.0,0.831038890218569,0.0,0,0
592,focus_07687d9f43,BIHMH gen 42 focus / mip_intensify,4999800.0,200.0,3,C4;C5;C7,181,238100.33505297746,10295.905052977463,227804.43,7229048.634935968,7209652.113289261,92.40067818179749,19304.1209685243,0.0,238147.49221527998,10343.062215279999,10244.333207367208,0.0,1.0,True,0.0,1.0,True,True,True,0.0,0.8310763425146711,0.0,0,0
593,focus_07687d9f43,BIHMH gen 43 focus / crossover_fix,4999800.0,200.0,3,C4;C5;C7,194,238100.33505297746,10295.905052977463,227804.43,7229151.628884619,7209755.391005061,92.50968009625399,19303.728199462254,0.0,238147.49221527998,10343.062215279999,10244.333207367208,0.0,1.0,True,0.0,1.0,True,True,True,0.0,0.8311253422565058,0.0,0,0
594,focus_07687d9f43,BIHMH gen 40 focus / crossover_fix,4999800.0,200.0,3,C4;C5;C7,189,238100.33505297746,10295.905052977463,227804.43,7229242.003778918,7209845.712439723,92.55863501794013,19303.732704176105,0.0,238147.49221527998,10343.062215279999,10244.333207367208,0.0,1.0,True,0.0,1.0,True,True,True,0.0,0.8311497343273626,0.0,0,0
595,focus_07687d9f43,BIHMH gen 44 focus / mip_intensify,4999800.0,200.0,3,C4;C5;C7,192,238100.33505297746,10295.905052977463,227804.43,7229284.047652999,7209887.7711519655,92.49499365620984,19303.781507377473,0.0,238147.49221527998,10343.062215279999,10244.333207367208,0.0,1.0,True,0.0,1.0,True,True,True,0.0,0.8311189908473192,0.0,0,0
596,focus_07687d9f43,BIHMH gen 43 focus / mip_intensify,4999800.0,200.0,3,C4;C5;C7,191,238100.33505297746,10295.905052977463,227804.43,7229303.707708357,7209907.430954912,92.49464705926214,19303.782106385606,0.0,238147.49221527998,10343.062215279999,10244.333207367208,0.0,1.0,True,0.0,1.0,True,True,True,0.0,0.8311187978226467,0.0,0,0
597,focus_07687d9f43,BIHMH gen 46 focus / crossover_fix,4999800.0,200.0,3,C4;C5;C7,188,238100.33505297746,10295.905052977463,227804.43,7229320.377923548,7209923.89926741,92.48314855071827,19303.99550758737,0.0,238147.49221527998,10343.062215279999,10244.333207367208,0.0,1.0,True,0.0,1.0,True,True,True,0.0,0.8311158928201074,0.0,0,0
598,focus_07687d9f43,BIHMH gen 41 focus / crossover_fix,4999800.0,200.0,3,C4;C5;C7,193,238100.33505297746,10295.905052977463,227804.43,7229320.802902665,7209924.463349912,92.53153743020668,19303.808015322094,0.0,238147.49221527998,10343.062215279999,10244.333207367208,0.0,1.0,True,0.0,1.0,True,True,True,0.0,0.8311367604460271,0.0,0,0
599,focus_07687d9f43,BIHMH gen 49 focus / add_fix,4999800.0,200.0,3,C4;C5;C7,213,238100.33505297746,10295.905052977463,227804.43,7229339.604502656,7209942.294253439,92.13471205711386,19305.175537159546,0.0,238147.49221527998,10343.062215279999,10244.333207367208,0.0,1.0,True,0.0,1.0,True,True,True,0.0,0.8309614044713167,0.0,0,0
600,focus_07687d9f43,BIHMH gen 44 focus / crossover_fix,4999800.0,200.0,3,C4;C5;C7,213,238100.33505297746,10295.905052977463,227804.43,7229355.238489051,7209958.492809851,91.9587596664647,19304.78691953387,0.0,238147.49221527998,10343.062215279999,10244.333207367208,0.0,1.0,True,0.0,1.0,True,True,True,0.0,0.8308690992831927,0.0,0,0
601,focus_07687d9f43,BIHMH gen 47 focus / mip_intensify,4999800.0,200.0,3,C4;C5;C7,191,238100.33505297746,10295.905052977463,227804.43,7229390.199693152,7209993.863034818,92.3492775949027,19303.987380738698,0.0,238147.49221527998,10343.062215279999,10244.333207367208,0.0,1.0,True,0.0,1.0,True,True,True,0.0,0.8310493783516514,0.0,0,0
602,focus_07687d9f43,BIHMH gen 45 focus / mip_intensify,4999800.0,200.0,3,C4;C5;C7,192,238100.33505297746,10295.905052977463,227804.43,7229460.6490262095,7210064.31722702,92.35034782165674,19303.981451367574,0.0,238147.49221527998,10343.062215279999,10244.333207367208,0.0,1.0,True,0.0,1.0,True,True,True,0.0,0.8310498489785099,0.0,0,0
603,focus_07687d9f43,BIHMH gen 42 focus / mip_intensify,4999800.0,200.0,3,C4;C5;C7,184,238100.33505297746,10295.905052977463,227804.43,7229773.974450576,7210377.473542348,92.40791549646883,19304.092992731843,0.0,238147.49221527998,10343.062215279999,10244.333207367208,0.0,1.0,True,0.0,1.0,True,True,True,0.0,0.8310793936040153,0.0,0,0
604,focus_07687d9f43,BIHMH gen 47 focus / add_fix,4999800.0,200.0,3,C4;C5;C7,186,238100.33505297746,10295.905052977463,227804.43,7229796.5593555225,7210400.261282651,92.60989303612261,19303.68817983604,0.0,238147.49221527998,10343.062215279999,10244.333207367208,0.0,1.0,True,0.0,1.0,True,True,True,0.0,0.8311737541592223,0.0,0,0
605,focus_07687d9f43,BIHMH gen 45 focus / mip_intensify,4999800.0,200.0,3,C4;C5;C7,203,238100.33505297746,10295.905052977463,227804.43,7229806.841981568,7210409.005255515,91.98558794468094,19305.851138108894,0.0,238147.49221527998,10343.062215279999,10244.333207367208,0.0,1.0,True,0.0,1.0,True,True,True,0.0,0.8308971080449119,0.0,0,0
606,focus_07687d9f43,BIHMH gen 40 focus / add_fix,4999800.0,200.0,3,C4;C5;C7,183,238100.33505297746,10295.905052977463,227804.43,7229827.388863732,7210430.902042415,92.37526169147368,19304.11155962589,0.0,238147.49221527998,10343.062215279999,10244.333207367208,0.0,1.0,True,0.0,1.0,True,True,True,0.0,0.8310636665287567,0.0,0,0
607,focus_07687d9f43,BIHMH gen 45 focus / crossover_fix,4999800.0,200.0,3,C4;C5;C7,184,238100.33505297746,10295.905052977463,227804.43,7229866.821437088,7210470.36758931,92.39092538151495,19304.062922396355,0.0,238147.49221527998,10343.062215279999,10244.333207367208,0.0,1.0,True,0.0,1.0,True,True,True,0.0,0.8310704201527485,0.0,0,0
608,focus_07687d9f43,BIHMH gen 49 focus / crossover_fix,4999800.0,200.0,3,C4;C5;C7,188,238100.33505297746,10295.905052977463,227804.43,7229900.861070046,7210504.572740432,92.36840374158099,19303.919925873382,0.0,238147.49221527998,10343.062215279999,10244.333207367208,0.0,1.0,True,0.0,1.0,True,True,True,0.0,0.8310577633145411,0.0,0,0
609,focus_07687d9f43,BIHMH gen 41 focus / mip_intensify,4999800.0,200.0,3,C4;C5;C7,185,238100.33505297746,10295.905052977463,227804.43,7229928.751154966,7210532.280191243,92.42124406546397,19304.04971965807,0.0,238147.49221527998,10343.062215279999,10244.333207367208,0.0,1.0,True,0.0,1.0,True,True,True,0.0,0.8310852262432556,0.0,0,0
610,focus_07687d9f43,BIHMH gen 40 focus / add_fix,4999800.0,200.0,3,C4;C5;C7,204,238100.33505297746,10295.905052977463,227804.43,7230045.1240024585,7210648.920218922,92.59885066201214,19303.604932874332,0.0,238147.49221527998,10343.062215279999,10244.333207367208,0.0,1.0,True,0.0,1.0,True,True,True,0.0,0.8311674642493461,0.0,0,0
611,focus_07687d9f43,BIHMH gen 40 focus / crossover_fix,4999800.0,200.0,3,C4;C5;C7,181,238100.33505297746,10295.905052977463,227804.43,7230072.12041475,7210675.614392989,92.41463546752277,19304.091386292745,0.0,238147.49221527998,10343.062215279999,10244.333207367208,0.0,1.0,True,0.0,1.0,True,True,True,0.0,0.831082564562447,0.0,0,0
612,focus_07687d9f43,BIHMH gen 45 focus / add_fix,4999800.0,200.0,3,C4;C5;C7,204,238100.33505297746,10295.905052977463,227804.43,7230090.337104069,7210694.232580433,92.5720378236481,19303.5324858127,0.0,238147.49221527998,10343.062215279999,10244.333207367208,0.0,1.0,True,0.0,1.0,True,True,True,0.0,0.8311531196408146,0.0,0,0
613,focus_07687d9f43,BIHMH gen 46 focus / add_fix,4999579.76,420.2400000002235,3,C4;C5;C7,212,238100.33505297746,10295.905052977463,227804.43,7230159.616855479,7210762.324206798,92.14163216528165,19305.15101651563,0.0,238147.49221527998,10343.062215279999,10244.333207367208,0.0,1.0,True,0.0,1.0,True,True,True,0.0,0.8309646580807547,0.0,0,0
614,focus_07687d9f43,BIHMH gen 48 focus / add_fix,4999800.0,200.0,3,C4;C5;C7,213,238100.33505297746,10295.905052977463,227804.43,7230232.828175816,7210836.100472219,91.96569656127423,19304.762007035573,0.0,238147.49221527998,10343.062215279999,10244.333207367208,0.0,1.0,True,0.0,1.0,True,True,True,0.0,0.8308723669921567,0.0,0,0
615,focus_07687d9f43,BIHMH gen 42 focus / crossover_fix,4999800.0,200.0,3,C4;C5;C7,207,238100.33505297746,10295.905052977463,227804.43,7230265.610880476,7210869.377046531,92.59161330623364,19303.642220638576,0.0,238147.49221527998,10343.062215279999,10244.333207367208,0.0,1.0,True,0.0,1.0,True,True,True,0.0,0.8311643034564149,0.0,0,0
616,focus_07687d9f43,BIHMH gen 45 focus / add_fix,4999800.0,200.0,3,C4;C5;C7,212,238100.33505297746,10295.905052977463,227804.43,7230296.69939219,7210899.84250656,91.96311064090332,19304.89377498977,0.0,238147.49221527998,10343.062215279999,10244.333207367208,0.0,1.0,True,0.0,1.0,True,True,True,0.0,0.8308731132420268,0.0,0,0
617,focus_07687d9f43,BIHMH gen 48 focus / crossover_fix,4999800.0,200.0,3,C4;C5;C7,215,238100.33505297746,10295.905052977463,227804.43,7230307.887912509,7210911.506973965,92.49738819297247,19303.883550350543,0.0,238147.49221527998,10343.062215279999,10244.333207367208,0.0,1.0,True,0.0,1.0,True,True,True,0.0,0.8311217220681463,0.0,0,0
618,focus_07687d9f43,BIHMH gen 43 focus / add_fix,4999800.0,200.0,3,C4;C5;C7,207,238100.33505297746,10295.905052977463,227804.43,7230310.254887774,7210914.0212691445,92.59268120190556,19303.640937426797,0.0,238147.49221527998,10343.062215279999,10244.333207367208,0.0,1.0,True,0.0,1.0,True,True,True,0.0,0.8311648110587274,0.0,0,0
619,focus_07687d9f43,BIHMH gen 41 focus / crossover_fix,4999579.76,420.2400000002235,3,C4;C5;C7,202,238100.33505297746,10295.905052977463,227804.43,7230333.765695063,7210936.380792433,92.11535186394703,19305.269550766105,0.0,238147.49221527998,10343.062215279999,10244.333207367208,0.0,1.0,True,0.0,1.0,True,True,True,0.0,0.8309532383925436,0.0,0,0
620,focus_07687d9f43,BIHMH gen 42 focus / add_fix,4999800.0,200.0,3,C4;C5;C7,204,238100.33505297746,10295.905052977463,227804.43,7230368.268088148,7210972.057848619,92.59202660263813,19303.618212925943,0.0,238147.49221527998,10343.062215279999,10244.333207367208,0.0,1.0,True,0.0,1.0,True,True,True,0.0,0.8311643774676003,0.0,0,0
621,focus_07687d9f43,BIHMH gen 43 focus / add_fix,4999800.0,200.0,3,C4;C5;C7,212,238100.33505297746,10295.905052977463,227804.43,7230459.259571692,7211062.414226556,91.96245518328787,19304.88288995275,0.0,238147.49221527998,10343.062215279999,10244.333207367208,0.0,1.0,True,0.0,1.0,True,True,True,0.0,0.8308726199997349,0.0,0,0
622,focus_07687d9f43,BIHMH gen 44 focus / crossover_fix,4999800.0,200.0,3,C4;C5;C7,188,238100.33505297746,10295.905052977463,227804.43,7230586.853241225,7211190.504296064,92.41561056445302,19303.933334595436,0.0,238147.49221527998,10343.062215279999,10244.333207367208,0.0,1.0,True,0.0,1.0,True,True,True,0.0,0.8310807931146545,0.0,0,0
623,focus_07687d9f43,BIHMH gen 44 focus / add_fix,4999800.0,200.0,3,C4;C5;C7,207,238100.33505297746,10295.905052977463,227804.43,7230588.396330506,7211192.16377173,92.59086751666851,19303.64169125947,0.0,238147.49221527998,10343.062215279999,10244.333207367208,0.0,1.0,True,0.0,1.0,True,True,True,0.0,0.8311638125538076,0.0,0,0
624,focus_07687d9f43,BIHMH gen 47 focus / add_fix,4999800.0,200.0,3,C4;C5;C7,213,238100.33505297746,10295.905052977463,227804.43,7230611.637468483,7211214.764479089,91.94318364483738,19304.92980575028,0.0,238147.49221527998,10343.062215279999,10244.333207367208,0.0,1.0,True,0.0,1.0,True,True,True,0.0,0.8308635436187923,0.0,0,0
625,focus_07687d9f43,BIHMH gen 40 focus / crossover_fix,4999579.76,420.2400000002235,3,C4;C5;C7,208,238100.33505297746,10295.905052977463,227804.43,7230693.7850448955,7211296.861692407,91.93619798937532,19304.98715449889,0.0,238147.49221527998,10343.062215279999,10244.333207367208,0.0,1.0,True,0.0,1.0,True,True,True,0.0,0.8308606282355485,0.0,0,0
626,focus_07687d9f43,BIHMH gen 43 focus / crossover_fix,4999579.76,420.2400000002235,3,C4;C5;C7,190,238100.33505297746,10295.905052977463,227804.43,7230738.050840635,7211341.775444619,92.55947635682406,19303.715919658316,0.0,238147.49221527998,10343.062215279999,10244.333207367208,0.0,1.0,True,0.0,1.0,True,True,True,0.0,0.8311493107852312,0.0,0,0
627,focus_07687d9f43,BIHMH gen 42 focus / crossover_fix,4999800.0,200.0,3,C4;C5;C7,213,238100.33505297746,10295.905052977463,227804.43,7230779.950977087,7211383.423921922,91.98806312178856,19304.538992042977,0.0,238147.49221527998,10343.062215279999,10244.333207367208,0.0,1.0,True,0.0,1.0,True,True,True,0.0,0.8308813296322787,0.0,0,0
628,focus_07687d9f43,BIHMH gen 49 focus / add_fix,4999800.0,200.0,3,C4;C5;C7,207,238100.33505297746,10295.905052977463,227804.43,7230827.997675184,7211431.764749637,92.59093463379791,19303.641990913125,0.0,238147.49221527998,10343.062215279999,10244.333207367208,0.0,1.0,True,0.0,1.0,True,True,True,0.0,0.8311638503981527,0.0,0,0
629,focus_07687d9f43,BIHMH gen 44 focus / add_fix,4999800.0,200.0,3,C4;C5;C7,178,238100.33505297746,10295.905052977463,227804.43,7230873.287243464,7211477.046753374,92.52490066578748,19303.71558942439,0.0,238147.49221527998,10343.062215279999,10244.333207367208,0.0,1.0,True,0.0,1.0,True,True,True,0.0,0.8311319941542226,0.0,0,0
630,focus_07687d9f43,BIHMH gen 45 focus / crossover_fix,4999800.0,200.0,3,C4;C5;C7,187,238100.33505297746,10295.905052977463,227804.43,7231167.601675021,7211771.3502619285,92.57580568941621,19303.675607404126,0.0,238147.49221527998,10343.062215279999,10244.333207367208,0.0,1.0,True,0.0,1.0,True,True,True,0.0,0.8311565247728974,0.0,0,0
631,focus_de763cc9b4,BIHMH gen 34 focus / add_fix,4999579.76,420.2400000002235,3,C4;C5;C7,190,238005.35343565745,10175.673435657469,227829.68,7231263.544136219,7212131.218617678,72.74897989314279,19059.576538647176,0.0,238052.81825989,10223.13825989,10125.553978064532,0.0,1.0,True,0.0,1.0,True,True,True,0.0,0.822557398656331,0.0,0,0
632,focus_07687d9f43,BIHMH gen 48 focus / add_fix,4999800.0,200.0,3,C4;C5;C7,213,238100.33505297746,10295.905052977463,227804.43,7231322.268266989,7211925.078915984,92.1335189622303,19305.05583204204,0.0,238147.49221527998,10343.062215279999,10244.333207367208,0.0,1.0,True,0.0,1.0,True,True,True,0.0,0.8309604533600131,0.0,0,0
633,focus_de763cc9b4,BIHMH gen 30 focus / mip_intensify,4999800.0,200.0,3,C4;C5;C7,203,238005.35343565745,10175.673435657469,227829.68,7231408.30006868,7212273.709087817,71.27284514243149,19063.318135720383,0.0,238052.81825989,10223.13825989,10125.553978064532,0.0,1.0,True,0.0,1.0,True,True,True,0.0,0.8217261516167259,0.0,0,0
634,focus_07687d9f43,BIHMH gen 48 focus / add_fix,4999800.0,200.0,3,C4;C5;C7,193,238100.33505297746,10295.905052977463,227804.43,7231575.734060597,7212179.465004509,92.47243517004765,19303.796620917776,0.0,238147.49221527998,10343.062215279999,10244.333207367208,0.0,1.0,True,0.0,1.0,True,True,True,0.0,0.8311080614435553,0.0,0,0
635,focus_de763cc9b4,BIHMH gen 35 focus / mip_intensify,4999800.0,200.0,3,C4;C5;C7,203,238005.35343565745,10175.673435657469,227829.68,7231652.326112116,7212517.735145002,71.27288057573607,19063.3180865388,0.0,238052.81825989,10223.13825989,10125.553978064532,0.0,1.0,True,0.0,1.0,True,True,True,0.0,0.8217261728204408,0.0,0,0
636,focus_de763cc9b4,BIHMH gen 39 focus / crossover_fix,4999800.0,200.0,3,C4;C5;C7,191,238005.35343565745,10175.673435657469,227829.68,7231677.18027953,7212544.049161249,71.6519746483991,19061.479143632827,0.0,238052.81825989,10223.13825989,10125.553978064532,0.0,1.0,True,0.0,1.0,True,True,True,0.0,0.8219333605516413,0.0,0,0
637,focus_de763cc9b4,BIHMH gen 37 focus / crossover_fix,4999579.76,420.2400000002235,3,C4;C5;C7,183,238005.35343565745,10175.673435657469,227829.68,7231814.829061048,7212681.615286574,71.5270080291318,19061.686766445575,0.0,238052.81825989,10223.13825989,10125.553978064532,0.0,1.0,True,0.0,1.0,True,True,True,0.0,0.8218614763009879,0.0,0,0
638,focus_de763cc9b4,BIHMH gen 30 focus / mip_intensify,4999800.0,200.0,3,C4;C5;C7,181,238005.35343565745,10175.673435657469,227829.68,7231885.019501068,7212751.6345270965,71.49264653861634,19061.892327432954,0.0,238052.81825989,10223.13825989,10125.553978064532,0.0,1.0,True,0.0,1.0,True,True,True,0.0,0.821843023835804,0.0,0,0
639,focus_07687d9f43,BIHMH gen 41 focus / add_fix,4999800.0,200.0,3,C4;C5;C7,213,238100.33505297746,10295.905052977463,227804.43,7231902.017137022,7212505.266236428,91.93966220795929,19304.811238385584,0.0,238147.49221527998,10343.062215279999,10244.333207367208,0.0,1.0,True,0.0,1.0,True,True,True,0.0,0.8308599368912787,0.0,0,0
640,focus_de763cc9b4,BIHMH gen 39 focus / crossover_fix,4999800.0,200.0,3,C4;C5;C7,193,238005.35343565745,10175.673435657469,227829.68,7231976.570769843,7212843.412350427,71.66512438052696,19061.493295034044,0.0,238052.81825989,10223.13825989,10125.553978064532,0.0,1.0,True,0.0,1.0,True,True,True,0.0,0.8219410935071749,0.0,0,0
641,focus_de763cc9b4,BIHMH gen 33 focus / crossover_fix,4999579.76,420.2400000002235,3,C4;C5;C7,192,238005.35343565745,10175.673435657469,227829.68,7231987.4661847195,7212854.275684981,71.68532743052963,19061.505172308935,0.0,238052.81825989,10223.13825989,10125.553978064532,0.0,1.0,True,0.0,1.0,True,True,True,0.0,0.8219530095747396,0.0,0,0
642,focus_de763cc9b4,BIHMH gen 36 focus / add_fix,4999579.76,420.2400000002235,3,C4;C5;C7,195,238005.35343565745,10175.673435657469,227829.68,7232005.216808699,7212872.249852084,71.57999117736799,19061.38696543782,0.0,238052.81825989,10223.13825989,10125.553978064532,0.0,1.0,True,0.0,1.0,True,True,True,0.0,0.8218907732336728,0.0,0,0
643,focus_de763cc9b4,BIHMH gen 33 focus / crossover_fix,4999579.76,420.2400000002235,3,C4;C5;C7,193,238005.35343565745,10175.673435657469,227829.68,7232014.884413571,7212881.796745336,71.70208527182835,19061.385582963652,0.0,238052.81825989,10223.13825989,10125.553978064532,0.0,1.0,True,0.0,1.0,True,True,True,0.0,0.8219621596489992,0.0,0,0
644,focus_de763cc9b4,BIHMH gen 34 focus / crossover_fix,4999800.0,200.0,3,C4;C5;C7,194,238005.35343565745,10175.673435657469,227829.68,7232064.102966447,7212930.988553453,71.58604150307478,19061.52837149164,0.0,238052.81825989,10223.13825989,10125.553978064532,0.0,1.0,True,0.0,1.0,True,True,True,0.0,0.8218954656438789,0.0,0,0
645,focus_de763cc9b4,BIHMH gen 38 focus / crossover_fix,4999800.0,200.0,3,C4;C5;C7,188,238005.35343565745,10175.673435657469,227829.68,7232118.350344672,7212985.143351365,71.60838746136356,19061.59860584603,0.0,238052.81825989,10223.13825989,10125.553978064532,0.0,1.0,True,0.0,1.0,True,True,True,0.0,0.8219088272558994,0.0,0,0
646,focus_de763cc9b4,BIHMH gen 36 focus / crossover_fix,4999579.76,420.2400000002235,3,C4;C5;C7,191,238005.35343565745,10175.673435657469,227829.68,7232193.519846767,7213060.397892905,71.62515731495851,19061.49679654678,0.0,238052.81825989,10223.13825989,10125.553978064532,0.0,1.0,True,0.0,1.0,True,True,True,0.0,0.8219178169245441,0.0,0,0
647,focus_de763cc9b4,BIHMH gen 35 focus / mip_intensify,4999800.0,200.0,3,C4;C5;C7,192,238005.35343565745,10175.673435657469,227829.68,7232196.284560226,7213063.176316077,71.58675940932828,19061.521484740213,0.0,238052.81825989,10223.13825989,10125.553978064532,0.0,1.0,True,0.0,1.0,True,True,True,0.0,0.8218958448906839,0.0,0,0
648,focus_07687d9f43,BIHMH gen 47 focus / add_fix,4999800.0,200.0,3,C4;C5;C7,213,238100.33505297746,10295.905052977463,227804.43,7232206.4613844175,7212809.732590871,91.94663022613723,19304.782163319756,0.0,238147.49221527998,10343.062215279999,10244.333207367208,0.0,1.0,True,0.0,1.0,True,True,True,0.0,0.8308631659071781,0.0,0,0
649,focus_de763cc9b4,BIHMH gen 31 focus / add_fix,4999800.0,200.0,3,C4;C5;C7,204,238005.35343565745,10175.673435657469,227829.68,7232212.639279516,7213079.616211581,71.6627550552939,19061.360312880435,0.0,238052.81825989,10223.13825989,10125.553978064532,0.0,1.0,True,0.0,1.0,True,True,True,0.0,0.8219389634373359,0.0,0,0
650,focus_de763cc9b4,BIHMH gen 30 focus / crossover_fix,4999800.0,200.0,3,C4;C5;C7,204,238005.35343565745,10175.673435657469,227829.68,7232277.146811277,7213144.214968659,71.61243034112614,19061.31941227614,0.0,238052.81825989,10223.13825989,10125.553978064532,0.0,1.0,True,0.0,1.0,True,True,True,0.0,0.8219091456124394,0.0,0,0
651,focus_de763cc9b4,BIHMH gen 37 focus / mip_intensify,4999800.0,200.0,3,C4;C5;C7,191,238005.35343565745,10175.673435657469,227829.68,7232300.079496274,7213166.872914784,71.44631644827884,19061.760265041677,0.0,238052.81825989,10223.13825989,10125.553978064532,0.0,1.0,True,0.0,1.0,True,True,True,0.0,0.8218150566959715,0.0,0,0
652,focus_de763cc9b4,BIHMH gen 30 focus / mip_intensify,4999800.0,200.0,3,C4;C5;C7,184,238005.35343565745,10175.673435657469,227829.68,7232300.106368453,7213166.745770907,71.54308523236304,19061.817512314236,0.0,238052.81825989,10223.13825989,10125.553978064532,0.0,1.0,True,0.0,1.0,True,True,True,0.0,0.8218719563851342,0.0,0,0
653,focus_de763cc9b4,BIHMH gen 34 focus / add_fix,4999800.0,200.0,3,C4;C5;C7,204,238005.35343565745,10175.673435657469,227829.68,7232398.653579423,7213265.760150904,71.64758695560582,19061.245841563235,0.0,238052.81825989,10223.13825989,10125.553978064532,0.0,1.0,True,0.0,1.0,True,True,True,0.0,0.8219291708387103,0.0,0,0
654,focus_de763cc9b4,BIHMH gen 39 focus / crossover_fix,4999800.0,200.0,3,C4;C5;C7,183,238005.35343565745,10175.673435657469,227829.68,7232403.807935408,7213270.47458566,71.49239988328092,19061.84094986512,0.0,238052.81825989,10223.13825989,10125.553978064532,0.0,1.0,True,0.0,1.0,True,True,True,0.0,0.821842474934465,0.0,0,0
655,focus_de763cc9b4,BIHMH gen 30 focus / mip_intensify,4999800.0,200.0,3,C4;C5;C7,185,238005.35343565745,10175.673435657469,227829.68,7232416.009124561,7213282.6795470575,71.5531547641871,19061.77642273956,0.0,238052.81825989,10223.13825989,10125.553978064532,0.0,1.0,True,0.0,1.0,True,True,True,0.0,0.8218774602896424,0.0,0,0
656,focus_de763cc9b4,BIHMH gen 31 focus / crossover_fix,4999800.0,200.0,3,C4;C5;C7,181,238005.35343565745,10175.673435657469,227829.68,7232424.845289197,7213291.47643861,71.54696501760577,19061.821885569283,0.0,238052.81825989,10223.13825989,10125.553978064532,0.0,1.0,True,0.0,1.0,True,True,True,0.0,0.8218741984534299,0.0,0,0
657,focus_de763cc9b4,BIHMH gen 39 focus / crossover_fix,4999800.0,200.0,3,C4;C5;C7,187,238005.35343565745,10175.673435657469,227829.68,7232481.923252116,7213348.810523912,71.40853014423391,19061.704198059248,0.0,238052.81825989,10223.13825989,10125.553978064532,0.0,1.0,True,0.0,1.0,True,True,True,0.0,0.8217924482380676,0.0,0,0
658,focus_07687d9f43,BIHMH gen 48 focus / crossover_fix,4999800.0,200.0,3,C4;C5;C7,192,238100.33505297746,10295.905052977463,227804.43,7232488.973376392,7213092.656497322,92.56960196315747,19303.74727710711,0.0,238147.49221527998,10343.062215279999,10244.333207367208,0.0,1.0,True,0.0,1.0,True,True,True,0.0,0.8311546662866279,0.0,0,0
659,focus_de763cc9b4,BIHMH gen 30 focus / mip_intensify,4999800.0,200.0,3,C4;C5;C7,185,238005.35343565745,10175.673435657469,227829.68,7232491.180790278,7213357.851866013,71.55116605053676,19061.777758214237,0.0,238052.81825989,10223.13825989,10125.553978064532,0.0,1.0,True,0.0,1.0,True,True,True,0.0,0.821876305365105,0.0,0,0
660,focus_de763cc9b4,BIHMH gen 30 focus / mip_intensify,4999800.0,200.0,3,C4;C5;C7,185,238005.35343565745,10175.673435657469,227829.68,7232492.077012587,7213358.866919503,71.58116690610582,19061.628926178695,0.0,238052.81825989,10223.13825989,10125.553978064532,0.0,1.0,True,0.0,1.0,True,True,True,0.0,0.8218926408027408,0.0,0,0
661,focus_de763cc9b4,BIHMH gen 32 focus / crossover_fix,4999800.0,200.0,3,C4;C5;C7,188,238005.35343565745,10175.673435657469,227829.68,7232562.401075271,7213429.249045044,71.46556395247704,19061.6864662738,0.0,238052.81825989,10223.13825989,10125.553978064532,0.0,1.0,True,0.0,1.0,True,True,True,0.0,0.8218257190258893,0.0,0,0
662,focus_de763cc9b4,BIHMH gen 36 focus / crossover_fix,4999579.76,420.2400000002235,3,C4;C5;C7,197,238005.35343565745,10175.673435657469,227829.68,7232629.521866927,7213494.813260555,71.13345968805523,19063.575146683277,0.0,238052.81825989,10223.13825989,10125.553978064532,0.0,1.0,True,0.0,1.0,True,True,True,0.0,0.8216459497605637,0.0,0,0
663,focus_de763cc9b4,BIHMH gen 36 focus / add_fix,4999800.0,200.0,3,C4;C5;C7,207,238005.35343565745,10175.673435657469,227829.68,7232634.928420452,7213501.8777257595,71.70823053015029,19061.342464162517,0.0,238052.81825989,10223.13825989,10125.553978064532,0.0,1.0,True,0.0,1.0,True,True,True,0.0,0.821965366596207,0.0,0,0
664,focus_de763cc9b4,BIHMH gen 39 focus / add_fix,4999800.0,200.0,3,C4;C5;C7,207,238005.35343565745,10175.673435657469,227829.68,7232652.469832209,7213519.4193546055,71.7083692156742,19061.342108387136,0.0,238052.81825989,10223.13825989,10125.553978064532,0.0,1.0,True,0.0,1.0,True,True,True,0.0,0.8219654447572087,0.0,0,0
665,focus_de763cc9b4,BIHMH gen 35 focus / add_fix,4999800.0,200.0,3,C4;C5;C7,207,238005.35343565745,10175.673435657469,227829.68,7232668.157417231,7213535.106932439,71.7083171776393,19061.342167615232,0.0,238052.81825989,10223.13825989,10125.553978064532,0.0,1.0,True,0.0,1.0,True,True,True,0.0,0.8219654148196047,0.0,0,0
666,focus_de763cc9b4,BIHMH gen 33 focus / mip_intensify,4999800.0,200.0,3,C4;C5;C7,192,238005.35343565745,10175.673435657469,227829.68,7232725.906159706,7213592.804473251,71.5901426680561,19061.51154378728,0.0,238052.81825989,10223.13825989,10125.553978064532,0.0,1.0,True,0.0,1.0,True,True,True,0.0,0.8218977470237139,0.0,0,0
667,focus_de763cc9b4,BIHMH gen 31 focus / crossover_fix,4999800.0,200.0,3,C4;C5;C7,207,238005.35343565745,10175.673435657469,227829.68,7232752.875573825,7213619.825065058,71.70833891648665,19061.342169851323,0.0,238052.81825989,10223.13825989,10125.553978064532,0.0,1.0,True,0.0,1.0,True,True,True,0.0,0.8219654275527838,0.0,0,0
668,focus_de763cc9b4,BIHMH gen 35 focus / add_fix,4999800.0,200.0,3,C4;C5;C7,204,238005.35343565745,10175.673435657469,227829.68,7232782.6485200785,7213649.618338019,71.65717559275305,19061.373006466623,0.0,238052.81825989,10223.13825989,10125.553978064532,0.0,1.0,True,0.0,1.0,True,True,True,0.0,0.8219358475047878,0.0,0,0
669,focus_de763cc9b4,BIHMH gen 35 focus / crossover_fix,4999800.0,200.0,3,C4;C5;C7,190,238005.35343565745,10175.673435657469,227829.68,7232832.760034463,7213699.121773953,71.39151606730638,19062.246744443986,0.0,238052.81825989,10223.13825989,10125.553978064532,0.0,1.0,True,0.0,1.0,True,True,True,0.0,0.8217864315876364,0.0,0,0
670,focus_07687d9f43,BIHMH gen 41 focus / crossover_fix,4999800.0,200.0,3,C4;C5;C7,191,238100.33505297746,10295.905052977463,227804.43,7232856.069793225,7213459.739828839,92.37729526192145,19303.9526691239,0.0,238147.49221527998,10343.062215279999,10244.333207367208,0.0,1.0,True,0.0,1.0,True,True,True,0.0,0.831062827975998,0.0,0,0
671,focus_de763cc9b4,BIHMH gen 35 focus / add_fix,4999800.0,200.0,3,C4;C5;C7,207,238005.35343565745,10175.673435657469,227829.68,7232858.665645621,7213725.615123651,71.70849260391623,19061.34202936555,0.0,238052.81825989,10223.13825989,10125.553978064532,0.0,1.0,True,0.0,1.0,True,True,True,0.0,0.8219655169660449,0.0,0,0
672,focus_07687d9f43,BIHMH gen 45 focus / crossover_fix,4999579.76,420.2400000002235,3,C4;C5;C7,192,238100.33505297746,10295.905052977463,227804.43,7232887.991082162,7213491.658969799,92.37525982196635,19303.95685254004,0.0,238147.49221527998,10343.062215279999,10244.333207367208,0.0,1.0,True,0.0,1.0,True,True,True,0.0,0.8310618842141809,0.0,0,0
673,focus_de763cc9b4,BIHMH gen 38 focus / crossover_fix,4999800.0,200.0,3,C4;C5;C7,199,238005.35343565745,10175.673435657469,227829.68,7232962.112436977,7213828.973066203,71.63416910949263,19061.505201664462,0.0,238052.81825989,10223.13825989,10125.553978064532,0.0,1.0,True,0.0,1.0,True,True,True,0.0,0.8219232169526882,0.0,0,0
674,focus_de763cc9b4,BIHMH gen 33 focus / crossover_fix,4999579.76,420.2400000002235,3,C4;C5;C7,186,238005.35343565745,10175.673435657469,227829.68,7232970.211895289,7213836.722677713,71.46458328384195,19062.024634291676,0.0,238052.81825989,10223.13825989,10125.553978064532,0.0,1.0,True,0.0,1.0,True,True,True,0.0,0.8218276358284927,0.0,0,0
675,focus_de763cc9b4,BIHMH gen 33 focus / add_fix,4999800.0,200.0,3,C4;C5;C7,212,238005.35343565745,10175.673435657469,227829.68,7233059.0700746225,7213925.318308294,71.10299295082264,19062.648773377536,0.0,238052.81825989,10223.13825989,10125.553978064532,0.0,1.0,True,0.0,1.0,True,True,True,0.0,0.8216217687212466,0.0,0,0
676,focus_de763cc9b4,BIHMH gen 32 focus / mip_intensify,4999800.0,200.0,3,C4;C5;C7,185,238005.35343565745,10175.673435657469,227829.68,7233063.5807329025,7213930.252565702,71.54531479543286,19061.782852404445,0.0,238052.81825989,10223.13825989,10125.553978064532,0.0,1.0,True,0.0,1.0,True,True,True,0.0,0.8218729231230416,0.0,0,0
677,focus_de763cc9b4,BIHMH gen 36 focus / crossover_fix,4999800.0,200.0,3,C4;C5;C7,193,238005.35343565745,10175.673435657469,227829.68,7233100.363993307,7213967.305328777,71.66232271022444,19061.39634181965,0.0,238052.81825989,10223.13825989,10125.553978064532,0.0,1.0,True,0.0,1.0,True,True,True,0.0,0.8219389848631786,0.0,0,0
678,focus_de763cc9b4,BIHMH gen 37 focus / crossover_fix,4999800.0,200.0,3,C4;C5;C7,207,238005.35343565745,10175.673435657469,227829.68,7233201.060680512,7214068.103131794,71.68270246947817,19061.27484624792,0.0,238052.81825989,10223.13825989,10125.553978064532,0.0,1.0,True,0.0,1.0,True,True,True,0.0,0.8219498649091501,0.0,0,0
679,focus_de763cc9b4,BIHMH gen 34 focus / crossover_fix,4999800.0,200.0,3,C4;C5;C7,192,238005.35343565745,10175.673435657469,227829.68,7233334.264558271,7214201.044862928,71.54616279315294,19061.673532549125,0.0,238052.81825989,10223.13825989,10125.553978064532,0.0,1.0,True,0.0,1.0,True,True,True,0.0,0.8218725719022164,0.0,0,0
680,focus_de763cc9b4,BIHMH gen 34 focus / crossover_fix,4999800.0,200.0,3,C4;C5;C7,190,238005.35343565745,10175.673435657469,227829.68,7233370.7583439015,7214237.737490246,71.6224230840695,19061.398430571156,0.0,238052.81825989,10223.13825989,10125.553978064532,0.0,1.0,True,0.0,1.0,True,True,True,0.0,0.8219157001230819,0.0,0,0
681,focus_07687d9f43,BIHMH gen 46 focus / crossover_fix,4999800.0,200.0,3,C4;C5;C7,188,238100.33505297746,10295.905052977463,227804.43,7233795.17863171,7214398.8485399205,92.3781474347103,19303.951944354892,0.0,238147.49221527998,10343.062215279999,10244.333207367208,0.0,1.0,True,0.0,1.0,True,True,True,0.0,0.8310625637689959,0.0,0,0
682,focus_de763cc9b4,BIHMH gen 31 focus / crossover_fix,4999800.0,200.0,3,C4;C5;C7,235,238005.35343565745,10175.673435657469,227829.68,7233805.396093418,7214671.792424059,71.56235454998361,19062.04131480921,0.0,238052.81825989,10223.13825989,10125.553978064532,0.0,1.0,True,0.0,1.0,True,True,True,0.0,0.8218860882431223,0.0,0,0
683,focus_de763cc9b4,BIHMH gen 39 focus / crossover_fix,4999800.0,200.0,3,C4;C5;C7,197,238005.35343565745,10175.673435657469,227829.68,7234003.098810999,7214869.582641973,71.54252752254897,19061.973641502915,0.0,238052.81825989,10223.13825989,10125.553978064532,0.0,1.0,True,0.0,1.0,True,True,True,0.0,0.8218728347211601,0.0,0,0
684,focus_de763cc9b4,BIHMH gen 38 focus / crossover_fix,4999800.0,200.0,3,C4;C5;C7,192,238005.35343565745,10175.673435657469,227829.68,7234157.118915819,7215022.640456039,71.16586674071195,19063.312593038034,0.0,238052.81825989,10223.13825989,10125.553978064532,0.0,1.0,True,0.0,1.0,True,True,True,0.0,0.8216626339098362,0.0,0,0
685,focus_de763cc9b4,BIHMH gen 33 focus / crossover_fix,4999579.76,420.2400000002235,3,C4;C5;C7,203,238005.35343565745,10175.673435657469,227829.68,7234192.696190735,7215058.027201358,71.1853954525494,19063.483593925313,0.0,238052.81825989,10223.13825989,10125.553978064532,0.0,1.0,True,0.0,1.0,True,True,True,0.0,0.8216760590152136,0.0,0,0
686,focus_07687d9f43,BIHMH gen 41 focus / crossover_fix,4999800.0,200.0,3,C4;C5;C7,205,238100.33505297746,10295.905052977463,227804.43,7234203.488637757,7214806.01407458,91.90541240813506,19305.569150767762,0.0,238147.49221527998,10343.062215279999,10244.333207367208,0.0,1.0,True,0.0,1.0,True,True,True,0.0,0.8308533500229222,0.0,0,0
687,focus_de763cc9b4,BIHMH gen 38 focus / add_fix,4999800.0,200.0,3,C4;C5;C7,190,238005.35343565745,10175.673435657469,227829.68,7234354.210500059,7215221.070306925,71.4664317895567,19061.673761344457,0.0,238052.81825989,10223.13825989,10125.553978064532,0.0,1.0,True,0.0,1.0,True,True,True,0.0,0.821826162700588,0.0,0,0
688,focus_de763cc9b4,BIHMH gen 38 focus / crossover_fix,4999800.0,200.0,3,C4;C5;C7,201,238005.35343565745,10175.673435657469,227829.68,7234411.19509969,7215276.664712582,71.2563511159858,19063.27403599226,0.0,238052.81825989,10223.13825989,10125.553978064532,0.0,1.0,True,0.0,1.0,True,True,True,0.0,0.821716390339248,0.0,0,0
689,focus_07687d9f43,BIHMH gen 40 focus / crossover_fix,4999800.0,200.0,3,C4;C5;C7,217,238100.33505297746,10295.905052977463,227804.43,7235099.4078598935,7215701.934264535,92.07108230112215,19305.402513056913,0.0,238147.49221527998,10343.062215279999,10244.333207367208,0.0,1.0,True,0.0,1.0,True,True,True,0.0,0.8309344170036739,0.0,0,0
690,focus_de763cc9b4,BIHMH gen 37 focus / mip_intensify,4999800.0,200.0,3,C4;C5;C7,193,238005.35343565745,10175.673435657469,227829.68,7235126.1311043985,7215992.972156987,71.49166496386393,19061.667282447776,0.0,238052.81825989,10223.13825989,10125.553978064532,0.0,1.0,True,0.0,1.0,True,True,True,0.0,0.8218410784238395,0.0,0,0
691,focus_de763cc9b4,BIHMH gen 32 focus / add_fix,4999579.76,420.2400000002235,3,C4;C5;C7,225,238005.35343565745,10175.673435657469,227829.68,7235600.657631865,7216465.806637718,71.12952070243693,19063.72147344453,0.0,238052.81825989,10223.13825989,10125.553978064532,0.0,1.0,True,0.0,1.0,True,True,True,0.0,0.8216451724649261,0.0,0,0
692,focus_de763cc9b4,BIHMH gen 32 focus / crossover_fix,4999800.0,200.0,3,C4;C5;C7,186,238005.35343565745,10175.673435657469,227829.68,7235663.203622399,7216529.938982826,71.46787623956708,19061.796763333426,0.0,238052.81825989,10223.13825989,10125.553978064532,0.0,1.0,True,0.0,1.0,True,True,True,0.0,0.8218278073427083,0.0,0,0
693,focus_de763cc9b4,BIHMH gen 32 focus / crossover_fix,4999579.76,420.2400000002235,3,C4;C5;C7,190,238005.35343565745,10175.673435657469,227829.68,7236201.500851996,7217068.296513867,71.62120434985059,19061.583133779208,0.0,238052.81825989,10223.13825989,10125.553978064532,0.0,1.0,True,0.0,1.0,True,True,True,0.0,0.8219162220957044,0.0,0,0
694,focus_de763cc9b4,BIHMH gen 37 focus / crossover_fix,4999800.0,200.0,3,C4;C5;C7,224,238005.35343565745,10175.673435657469,227829.68,7237331.187368389,7218197.10191934,71.3460092944059,19062.739439754823,0.0,238052.81825989,10223.13825989,10125.553978064532,0.0,1.0,True,0.0,1.0,True,True,True,0.0,0.8217653799286082,0.0,0,0
695,focus_de763cc9b4,BIHMH gen 31 focus / mip_intensify,4999579.76,420.2400000002235,3,C4;C5;C7,210,238005.35343565745,10175.673435657469,227829.68,7237639.512030443,7218505.538130123,70.90201283043582,19063.071887489124,0.0,238052.81825989,10223.13825989,10125.553978064532,0.0,1.0,True,0.0,1.0,True,True,True,0.0,0.8215061500351165,0.0,0,0
696,focus_de763cc9b4,BIHMH gen 36 focus / mip_intensify,4999579.76,420.2400000002235,3,C4;C5;C7,210,238005.35343565745,10175.673435657469,227829.68,7238060.947698004,7218926.529925544,71.15953657824123,19063.258235880698,0.0,238052.81825989,10223.13825989,10125.553978064532,0.0,1.0,True,0.0,1.0,True,True,True,0.0,0.8216589399708073,0.0,0,0
697,focus_de763cc9b4,BIHMH gen 31 focus / crossover_fix,4999800.0,200.0,3,C4;C5;C7,215,238005.35343565745,10175.673435657469,227829.68,7238403.299446742,7219270.0097920345,71.13606842034805,19062.15358628723,0.0,238052.81825989,10223.13825989,10125.553978064532,0.0,1.0,True,0.0,1.0,True,True,True,0.0,0.8216362539541254,0.0,0,0
698,focus_de763cc9b4,BIHMH gen 30 focus / add_fix,4999800.0,200.0,3,C4;C5;C7,226,238005.35343565745,10175.673435657469,227829.68,7239076.419999829,7219941.847572716,71.23819883421089,19063.334228278334,0.0,238052.81825989,10223.13825989,10125.553978064532,0.0,1.0,True,0.0,1.0,True,True,True,0.0,0.8217066470866583,0.0,0,0
699,focus_07687d9f43,BIHMH gen 40 focus / crossover_fix,4999800.0,200.0,3,C4;C5;C7,206,238100.33505297746,10295.905052977463,227804.43,7239781.771329795,7220384.0074894745,91.96068906326946,19305.803151257758,0.0,238147.49221527998,10343.062215279999,10244.333207367208,0.0,1.0,True,0.0,1.0,True,True,True,0.0,0.830884483794468,0.0,0,0
700,focus_de763cc9b4,BIHMH gen 38 focus / crossover_fix,4999579.76,420.2400000002235,3,C4;C5;C7,209,238005.35343565745,10175.673435657469,227829.68,7240262.208333593,7221127.588731506,71.1988650651957,19063.420737021614,0.0,238052.81825989,10223.13825989,10125.553978064532,0.0,1.0,True,0.0,1.0,True,True,True,0.0,0.8216834789824999,0.0,0,0
701,focus_07687d9f43,BIHMH gen 40 focus / add_fix,4999800.0,200.0,3,C4;C5;C7,208,238100.33505297746,10295.905052977463,227804.43,7241220.073888453,7221822.3949669,91.89660050875295,19305.78232104371,0.0,238147.49221527998,10343.062215279999,10244.333207367208,0.0,1.0,True,0.0,1.0,True,True,True,0.0,0.8308518530508251,0.0,0,0
702,focus_de763cc9b4,BIHMH gen 31 focus / mip_intensify,4999800.0,200.0,3,C4;C5;C7,206,238005.35343565745,10175.673435657469,227829.68,7242218.977498411,7223084.441052891,71.19633082699596,19063.3401146934,0.0,238052.81825989,10223.13825989,10125.553978064532,0.0,1.0,True,0.0,1.0,True,True,True,0.0,0.8216813643867257,0.0,0,0
703,focus_de763cc9b4,BIHMH gen 33 focus / add_fix,4999800.0,200.0,3,C4;C5;C7,205,238005.35343565745,10175.673435657469,227829.68,7242571.483425025,7223436.923365245,71.13832197699239,19063.421737803546,0.0,238052.81825989,10223.13825989,10125.553978064532,0.0,1.0,True,0.0,1.0,True,True,True,0.0,0.8216478528854093,0.0,0,0
704,focus_07687d9f43,BIHMH gen 43 focus / station_capacity_fix,4999958.64,41.360000000335276,4,C2;C4;C5;C7,175,238100.33505297746,10295.905052977463,227804.43,7244769.027537289,7225375.940180041,93.11590059548836,19299.97145665247,0.0,238147.49221527998,10343.062215279999,10244.333207367208,0.0,1.0,True,0.0,1.0,True,True,True,0.0,0.8313905519853579,0.0,0,0
705,focus_07687d9f43,BIHMH gen 41 focus / station_capacity_fix,4999738.4,261.59999999962747,4,C2;C4;C5;C7,175,238100.33505297746,10295.905052977463,227804.43,7246125.778839833,7226732.5994860185,92.99224616693341,19300.18710764764,0.0,238147.49221527998,10343.062215279999,10244.333207367208,0.0,1.0,True,0.0,1.0,True,True,True,0.0,0.8313324477636351,0.0,0,0
706,focus_1392cdb628,BIHMH gen 2 focus / crossover_fix,4999800.0,200.0,3,C4;C5;C7,204,235533.58653284246,9804.416532842466,225729.16999999998,7252492.953010896,7233779.303937763,43.208007147561915,18670.441065986062,0.0,235583.60739681,9854.437396809999,9760.372524388711,0.0,1.0,True,0.0,1.0,True,True,True,0.0,0.8030218928523816,0.0,0,0
707,focus_8f2a2bfb0a,BIHMH gen 80 focus / add_fix,4999579.76,420.2400000002235,3,C4;C5;C7,214,239407.62033540502,10254.740335405013,229152.88,7265942.025197644,7247152.772572795,57.78070047623054,18731.47192437309,0.0,239459.09284839,10306.21284839,10207.83558364181,0.0,1.0,True,0.0,1.0,True,True,True,0.0,0.814030198642943,0.0,0,0
708,focus_8f2a2bfb0a,BIHMH gen 80 focus / add_fix,4999800.0,200.0,3,C4;C5;C7,189,239407.62033540502,10254.740335405013,229152.88,7267261.796705625,7248473.683922465,57.937008168576064,18730.175774991105,0.0,239459.09284839,10306.21284839,10207.83558364181,0.0,1.0,True,0.0,1.0,True,True,True,0.0,0.8141315861273952,0.0,0,0
709,focus_8f2a2bfb0a,BIHMH gen 80 focus / add_fix,4999800.0,200.0,3,C4;C5;C7,212,239407.62033540502,10254.740335405013,229152.88,7268201.361239075,7249412.387598859,57.895080166296516,18731.078560049624,0.0,239459.09284839,10306.21284839,10207.83558364181,0.0,1.0,True,0.0,1.0,True,True,True,0.0,0.8141079061283787,0.0,0,0
710,focus_1392cdb628,BIHMH gen 1 focus / add_fix,4999707.6,292.40000000037253,4,C1;C4;C5;C7,119,235533.58653284246,9804.416532842466,225729.16999999998,7268917.654241585,7250163.699895658,36.129013194553245,18717.82533273244,0.0,235583.60739681,9854.437396809999,9760.372524388711,0.0,1.0,True,0.0,1.0,True,True,True,0.0,0.7958875924359562,0.0,0,0
711,focus_8f2a2bfb0a,BIHMH gen 80 focus / add_fix,4999800.0,200.0,3,C4;C5;C7,213,239407.62033540502,10254.740335405013,229152.88,7269621.513998734,7250832.591195691,57.86197389297368,18731.060829149585,0.0,239459.09284839,10306.21284839,10207.83558364181,0.0,1.0,True,0.0,1.0,True,True,True,0.0,0.814084835808363,0.0,0,0
712,focus_8f2a2bfb0a,BIHMH gen 80 focus / station_capacity_fix,4999738.4,261.59999999962747,4,C2;C4;C5;C7,189,239407.62033540502,10254.740335405013,229152.88,7281663.83545124,7262877.277617321,58.260066700446565,18728.297767218253,0.0,239459.09284839,10306.21284839,10207.83558364181,0.0,1.0,True,0.0,1.0,True,True,True,0.0,0.8143495841660461,0.0,0,0
713,focus_1392cdb628,BIHMH gen 5 focus / mip_intensify,4999738.4,261.59999999962747,4,C2;C4;C5;C7,123,235533.58653284246,9804.416532842466,225729.16999999998,7288200.15284434,7269482.216776814,34.72573246134227,18683.210335063886,0.0,235583.60739681,9854.437396809999,9760.372524388711,0.0,1.0,True,0.0,1.0,True,True,True,0.0,0.7941986057421507,0.0,0,0
714,focus_1392cdb628,BIHMH gen 4 focus / add_fix,4999958.640000001,41.35999999940395,4,C2;C4;C5;C7,108,235533.58653284246,9804.416532842466,225729.16999999998,7291239.289717765,7272521.367663009,34.725611494434226,18683.196443260687,0.0,235583.60739681,9854.437396809999,9760.372524388711,0.0,1.0,True,0.0,1.0,True,True,True,0.0,0.7941969472732165,0.0,0,0
715,focus_1392cdb628,BIHMH gen 1 focus / add_fix,4999738.4,261.59999999962747,4,C2;C4;C5;C7,76,235533.58653284246,9804.416532842466,225729.16999999998,7295212.146408888,7276494.182004671,34.693755291568856,18683.2706489257,0.0,235583.60739681,9854.437396809999,9760.372524388711,0.0,1.0,True,0.0,1.0,True,True,True,0.0,0.7941593228760488,0.0,0,0
716,screen,BIHMH gen 71 screen / crossover_fix,4999800.0,200.0,3,C4;C5;C7,196,1078515.3612064177,19712.551206417524,1058802.81,35801023.720956504,35732306.31474754,7998.906219819685,60718.4999891442,0.0,1078704.78295037,19901.97295037,19712.0,0.0,1.0,True,0.0,1.0,True,True,True,0.0,0.9747877960923129,0.0,0,0
717,screen,BIHMH gen 21 screen / crossover_fix,4999800.0,200.0,3,C4;C5;C7,191,1078515.3612064177,19712.551206417524,1058802.81,35810339.00473889,35740467.83171259,8686.215312553977,61184.95771374691,0.0,1078704.78295037,19901.97295037,19712.0,0.0,1.0,True,0.0,1.0,True,True,True,0.0,0.975848081988561,0.0,0,0
718,screen,BIHMH gen 57 screen / add_fix,4999800.0,200.0,3,C4;C5;C7,212,1078515.3612064177,19712.551206417524,1058802.81,35818375.82810551,35739873.497274876,17456.763646790594,61045.56718384241,0.0,1078704.78295037,19901.97295037,19712.0,0.0,1.0,True,0.0,1.0,True,True,True,0.0,0.9894759099258887,0.0,0,0
719,final,BIHMH gen 50 full / add_fix,4999800.0,200.0,3,C4;C5;C7,212,1078515.3612064177,19712.551206417553,1058802.81,35824771.921986744,35753728.645940974,7812.332415458934,63230.94363030589,0.0,1078704.78295037,19901.97295037,19712.0,0.0,1.0,True,0.0,1.0,True,True,True,0.0,0.9677407189189947,0.0,0,0
720,polish,BIHMH gen 50 full / add_fix / polished hard-feasibility check,4999800.0,200.0,3,C4;C5;C7,212,1078515.3612064177,19712.551206417585,1058802.81,35826430.77515059,35754857.025400914,7934.627838434814,63639.12191124336,0.0,1078704.78295037,19901.97295037,19712.0,0.0,1.0,True,0.0,1.0,True,True,True,0.0,0.967969340001775,0.0,0,0
721,final,BIHMH gen 32 full / crossover_fix,4999800.0,200.0,3,C4;C5;C7,188,1078515.3612064177,19712.551206417553,1058802.81,35827942.625344336,35756699.31820585,7906.003030099246,63337.30410839172,0.0,1078704.78295037,19901.97295037,19712.0,0.0,1.0,True,0.0,1.0,True,True,True,0.0,0.96789186452641,0.0,0,0
722,final,BIHMH gen 41 full / add_fix,4999579.76,420.2400000002235,3,C4;C5;C7,188,1078515.3612064177,19712.551206417553,1058802.81,35828394.366020344,35757137.88227548,7903.473919008114,63353.009825858666,0.0,1078704.78295037,19901.97295037,19712.0,0.0,1.0,True,0.0,1.0,True,True,True,0.0,0.9678816247243632,0.0,0,0
723,final,BIHMH gen 20 stagnation injection,4999800.0,200.0,3,C4;C5;C7,181,1078515.3612064177,19712.55120641756,1058802.81,35828569.61860677,35757395.84245167,7887.972950830657,63285.803204271746,0.0,1078704.78295037,19901.97295037,19712.0,0.0,1.0,True,0.0,1.0,True,True,True,0.0,0.9678413401304983,0.0,0,0
724,final,BIHMH gen 46 full / add_fix,4999800.0,200.0,3,C4;C5;C7,202,1078515.3612064177,19712.551206417553,1058802.81,35829183.10216784,35758003.757010505,7835.364695710139,63343.98046162233,0.0,1078704.78295037,19901.97295037,19712.0,0.0,1.0,True,0.0,1.0,True,True,True,0.0,0.9678259404543783,0.0,0,0
725,final,user-specified station warm start rank 1: repairs=C4+C5+C7; oracle_EV=19712.551206; oracle_max_u=0.999999 / initial roads=corridor_ratio / initial BIHMH population,4999800.0,200.0,3,C4;C5;C7,177,1078515.3612064177,19712.55120641756,1058802.81,35831254.38989762,35760137.907294095,7890.505610197328,63225.97699333067,0.0,1078704.78295037,19901.97295037,19712.0,0.0,1.0,True,0.0,1.0,True,True,True,0.0,0.9678407723779067,0.0,0,0
726,final,BIHMH gen 67 full / crossover_fix,4999579.76,420.2400000002235,3,C4;C5;C7,193,1078515.3612064177,19712.551206417553,1058802.81,35832079.825613275,35760916.37967472,7837.049739291953,63326.39619926106,0.0,1078704.78295037,19901.97295037,19712.0,0.0,1.0,True,0.0,1.0,True,True,True,0.0,0.9678068312140768,0.0,0,0
727,final,BIHMH gen 17 full / crossover_fix,4999800.0,200.0,3,C4;C5;C7,201,1078515.3612064177,19712.551206417553,1058802.81,35833258.099327706,35762270.35343374,7826.636935005283,63161.10895895736,0.0,1078704.78295037,19901.97295037,19712.0,0.0,1.0,True,0.0,1.0,True,True,True,0.0,0.9677775379295647,0.0,0,0
728,final,BIHMH gen 52 full / add_fix,4999800.0,200.0,3,C4;C5;C7,212,1078515.3612064177,19712.551206417553,1058802.81,35835027.919207275,35763994.16327149,7857.279929194849,63176.47600659052,0.0,1078704.78295037,19901.97295037,19712.0,0.0,1.0,True,0.0,1.0,True,True,True,0.0,0.9679178045940509,0.0,0,0
729,final,BIHMH gen 71 full / crossover_fix,4999800.0,200.0,3,C4;C5;C7,196,1078515.3612064177,19712.551206417553,1058802.81,35835627.604013085,35764264.55106307,7909.649715100478,63453.40323491764,0.0,1078704.78295037,19901.97295037,19712.0,0.0,1.0,True,0.0,1.0,True,True,True,0.0,0.967946893011247,0.0,0,0
730,final,BIHMH gen 56 full / add_fix,4999800.0,200.0,3,C4;C5;C7,213,1078515.3612064177,19712.551206417553,1058802.81,35835929.4808495,35764580.79069069,7840.886479265602,63507.80367954266,0.0,1078704.78295037,19901.97295037,19712.0,0.0,1.0,True,0.0,1.0,True,True,True,0.0,0.9678119603291921,0.0,0,0
731,final,BIHMH gen 21 full / crossover_fix,4999800.0,200.0,3,C4;C5;C7,191,1078515.3612064177,19712.551206417553,1058802.81,35836386.453149036,35765190.43491955,7909.683223575773,63286.33500591224,0.0,1078704.78295037,19901.97295037,19712.0,0.0,1.0,True,0.0,1.0,True,True,True,0.0,0.967899696775793,0.0,0,0
732,final,BIHMH gen 46 full / crossover_fix,4999800.0,200.0,3,C4;C5;C7,213,1078515.3612064177,19712.551206417553,1058802.81,35837357.701236844,35766188.48049715,7833.413119126859,63335.80762055973,0.0,1078704.78295037,19901.97295037,19712.0,0.0,1.0,True,0.0,1.0,True,True,True,0.0,0.9678052000435656,0.0,0,0
733,final,BIHMH gen 57 full / add_fix,4999800.0,200.0,3,C4;C5;C7,212,1078515.3612064177,19712.551206417553,1058802.81,35841292.53924153,35770199.66019403,7858.377439089922,63234.50160840638,0.0,1078704.78295037,19901.97295037,19712.0,0.0,1.0,True,0.0,1.0,True,True,True,0.0,0.9678989684735705,0.0,0,0
734,final,BIHMH gen 48 full / add_fix,4999800.0,200.0,3,C4;C5;C7,213,1078515.3612064177,19712.551206417553,1058802.81,35843784.41491867,35772577.88745576,7858.715970331722,63347.811492579756,0.0,1078704.78295037,19901.97295037,19712.0,0.0,1.0,True,0.0,1.0,True,True,True,0.0,0.9679089153178492,0.0,0,0
735,screen,BIHMH gen 67 screen / crossover_fix,4999579.76,420.2400000002235,3,C4;C5;C7,193,1078515.3612064177,19712.551206417524,1058802.81,35844820.7792013,35730805.424307875,52561.601473840004,61453.753419583576,0.0,1078704.78295037,19901.97295037,19712.0,0.0,1.0,True,0.0,1.0,True,True,True,0.0,0.9962944967086077,0.0,0,0
736,screen,BIHMH gen 17 screen / crossover_fix,4999800.0,200.0,3,C4;C5;C7,201,1078515.3612064177,19712.551206417524,1058802.81,35848724.0484142,35739535.39727175,47742.59884097635,61446.05230147499,0.0,1078704.78295037,19901.97295037,19712.0,0.0,1.0,True,0.0,1.0,True,True,True,0.0,0.9958810321806305,0.0,0,0
737,final,BIHMH gen 18 full / crossover_fix,4999800.0,200.0,3,C4;C5;C7,205,1078515.3612064177,19712.551206417553,1058802.81,35857424.35192627,35786340.87308322,7813.5525447291,63269.926298318715,0.0,1078704.78295037,19901.97295037,19712.0,0.0,1.0,True,0.0,1.0,True,True,True,0.0,0.9677350066695093,0.0,0,0
738,screen,BIHMH gen 41 screen / add_fix,4999579.76,420.2400000002235,3,C4;C5;C7,188,1078515.3612064177,19712.551206417524,1058802.81,35864155.37923417,35728830.95677084,74225.4391477027,61098.98331563441,0.0,1078704.78295037,19901.97295037,19712.0,0.0,1.0,True,0.0,1.0,True,True,True,0.0,0.9974792186233582,0.0,0,0
739,final,BIHMH gen 4 full / add_fix,4999800.0,200.0,3,C4;C5;C7,204,1078515.3612064177,19712.551206417553,1058802.81,35866735.74425662,35795544.20534332,7836.517975559009,63355.02093774411,0.0,1078704.78295037,19901.97295037,19712.0,0.0,1.0,True,0.0,1.0,True,True,True,0.0,0.9677752349679013,0.0,0,0
740,final,BIHMH gen 12 full / crossover_fix,4999579.76,420.2400000002235,3,C4;C5;C7,205,1078515.3612064177,19712.551206417553,1058802.81,35868862.63416133,35797735.11687872,7838.69687809406,63288.82040452318,0.0,1078704.78295037,19901.97295037,19712.0,0.0,1.0,True,0.0,1.0,True,True,True,0.0,0.9677967256232337,0.0,0,0
741,screen,BIHMH gen 46 screen / add_fix,4999800.0,200.0,3,C4;C5;C7,202,1078515.3612064177,19712.551206417524,1058802.81,35869014.483337015,35721603.74416396,86466.82996433383,60943.90920871978,0.0,1078704.78295037,19901.97295037,19712.0,0.0,1.0,True,0.0,1.0,True,True,True,0.0,0.9978672687749884,0.0,0,0
742,screen,BIHMH gen 56 screen / add_fix,4999800.0,200.0,3,C4;C5;C7,213,1078515.3612064177,19712.551206417524,1058802.81,35871247.82531868,35727800.858516306,82460.2605290115,60986.70627336186,0.0,1078704.78295037,19901.97295037,19712.0,0.0,1.0,True,0.0,1.0,True,True,True,0.0,0.9977583215925432,0.0,0,0
743,final,BIHMH gen 13 full / mip_intensify,4999579.76,420.2400000002235,3,C4;C5;C7,205,1078515.3612064177,19712.551206417553,1058802.81,35871371.38814642,35800393.7560375,7812.068613216393,63165.563495705384,0.0,1078704.78295037,19901.97295037,19712.0,0.0,1.0,True,0.0,1.0,True,True,True,0.0,0.9677335177000366,0.0,0,0
744,screen,BIHMH gen 46 screen / crossover_fix,4999800.0,200.0,3,C4;C5;C7,213,1078515.3612064177,19712.551206417524,1058802.81,35874152.79803695,35730283.32069107,82888.6665560055,60980.81078986995,0.0,1078704.78295037,19901.97295037,19712.0,0.0,1.0,True,0.0,1.0,True,True,True,0.0,0.9977690606856224,0.0,0,0
745,final,user-specified station warm start rank 1: repairs=C4+C5+C7; oracle_EV=19712.551206; oracle_max_u=0.999999 / randomized corridor fill 1 / initial BIHMH population,4999800.0,200.0,3,C4;C5;C7,179,1078515.3612064177,19712.551206417553,1058802.81,35875247.52945319,35804025.69352089,7891.906872573965,63329.92905972624,0.0,1078704.78295037,19901.97295037,19712.0,0.0,1.0,True,0.0,1.0,True,True,True,0.0,0.9678457356237037,0.0,0,0
746,final,BIHMH gen 11 full / add_fix,4999579.76,420.2400000002235,3,C4;C5;C7,203,1078515.3612064177,19712.551206417553,1058802.81,35876140.54480387,35804961.939138755,7832.818488898436,63345.78717621846,0.0,1078704.78295037,19901.97295037,19712.0,0.0,1.0,True,0.0,1.0,True,True,True,0.0,0.9677827280986958,0.0,0,0
747,screen,BIHMH gen 32 screen / crossover_fix,4999800.0,200.0,3,C4;C5;C7,188,1078515.3612064177,19712.551206417524,1058802.81,35882017.26280496,35728956.93776961,91993.32951636068,61066.99551899863,0.0,1078704.78295037,19901.97295037,19712.0,0.0,1.0,True,0.0,1.0,True,True,True,0.0,0.9979742924352022,0.0,0,0
748,screen,BIHMH gen 13 screen / mip_intensify,4999579.76,420.2400000002235,3,C4;C5;C7,205,1078515.3612064177,19712.551206417524,1058802.81,35901361.507070296,35767771.00023941,72638.51399276657,60951.9928381209,0.0,1078704.78295037,19901.97295037,19712.0,0.0,1.0,True,0.0,1.0,True,True,True,0.0,0.9974322480637944,0.0,0,0
749,screen,BIHMH gen 12 screen / crossover_fix,4999579.76,420.2400000002235,3,C4;C5;C7,205,1078515.3612064177,19712.551206417524,1058802.81,35932135.294640385,35765129.45381954,106066.0075125277,60939.833308314555,0.0,1078704.78295037,19901.97295037,19712.0,0.0,1.0,True,0.0,1.0,True,True,True,0.0,0.9982674338391202,0.0,0,0
750,screen,BIHMH gen 50 screen / add_fix,4999800.0,200.0,3,C4;C5;C7,212,1078515.3612064177,19712.551206417524,1058802.81,35938103.81933383,35721154.59382888,156091.13822738515,60858.08727755809,0.0,1078704.78295037,19901.97295037,19712.0,0.0,1.0,True,0.0,1.0,True,True,True,0.0,0.9988218639070702,0.0,0,0
751,screen,BIHMH gen 48 screen / add_fix,4999800.0,200.0,3,C4;C5;C7,213,1078515.3612064177,19712.551206417524,1058802.81,35977083.63107606,35733076.06112212,183125.54554679414,60882.024407146106,0.0,1078704.78295037,19901.97295037,19712.0,0.0,1.0,True,0.0,1.0,True,True,True,0.0,0.9989999206829112,0.0,0,0
752,final,user-specified station warm start rank 3: repairs=C2+C4+C5+C7; oracle_EV=19712.551206; oracle_max_u=0.999999 / initial roads=corridor_ratio / initial BIHMH population,4999958.64,41.360000000335276,4,C2;C4;C5;C7,157,1078515.3612064177,19712.55120641756,1058802.81,35985313.42086243,35913995.01008627,7889.200756924307,63429.21001924108,0.0,1078704.78295037,19901.97295037,19712.0,0.0,1.0,True,0.0,1.0,True,True,True,0.0,0.9678262870116494,0.0,0,0
753,screen,user-specified station warm start rank 4: repairs=C1+C4+C5+C7; oracle_EV=19712.551206; oracle_max_u=0.999999 / initial roads=corridor_ratio,4999927.84,72.16000000014901,4,C1;C4;C5;C7,143,1078515.3612064177,19712.551206417524,1058802.81,36014828.84840762,35942002.05685191,8288.833525628015,64537.95803008378,0.0,1078704.78295037,19901.97295037,19712.0,0.0,1.0,True,0.0,1.0,True,True,True,0.0,0.9649902953320629,0.0,0,0
754,screen,BIHMH gen 4 screen / add_fix,4999800.0,200.0,3,C4;C5;C7,204,1078515.3612064177,19712.551206417524,1058802.81,36016550.14859376,35767627.82071428,188033.5221324277,60888.80574705144,0.0,1078704.78295037,19901.97295037,19712.0,0.0,1.0,True,0.0,1.0,True,True,True,0.0,0.9990297568105898,0.0,0,0
755,final,user-specified station warm start rank 4: repairs=C1+C4+C5+C7; oracle_EV=19712.551206; oracle_max_u=0.999999 / initial roads=corridor_ratio / initial BIHMH population,4999927.84,72.16000000014901,4,C1;C4;C5;C7,143,1078515.3612064177,19712.55120641756,1058802.81,36058831.858873904,35987010.17599417,7149.404199937666,64672.27867979188,0.0,1078704.78295037,19901.97295037,19712.0,0.0,1.0,True,0.0,1.0,True,True,True,0.0,0.9659565985191155,0.0,0,0
756,final,user-specified station warm start rank 4: repairs=C1+C4+C5+C7; oracle_EV=19712.551206; oracle_max_u=0.999999 / randomized corridor fill 1 / initial BIHMH population,4999927.84,72.16000000014901,4,C1;C4;C5;C7,143,1078515.3612064177,19712.55120641756,1058802.81,36060561.53936068,35988737.129083715,7153.833666425829,64670.576610534124,0.0,1078704.78295037,19901.97295037,19712.0,0.0,1.0,True,0.0,1.0,True,True,True,0.0,0.9659739488837812,0.0,0,0
757,final,user-specified station warm start rank 3: repairs=C2+C4+C5+C7; oracle_EV=19712.551206; oracle_max_u=0.999999 / initial roads=corridor_impact / initial BIHMH population,4999738.4,261.59999999962747,4,C2;C4;C5;C7,21,1078515.3612064177,19712.55120641756,1058802.81,36088828.06069053,36017448.46099521,7994.27463947992,63385.32505583891,0.0,1078704.78295037,19901.97295037,19712.0,0.0,1.0,True,0.0,1.0,True,True,True,0.0,0.9675026418344851,0.0,0,0
758,final,user-specified station warm start rank 4: repairs=C1+C4+C5+C7; oracle_EV=19712.551206; oracle_max_u=0.999999 / initial roads=corridor_impact / initial BIHMH population,4999707.6,292.40000000037253,4,C1;C4;C5;C7,30,1078515.3612064177,19712.55120641756,1058802.81,36089194.074363746,36017623.18875789,7080.436367816996,64490.449238043126,0.0,1078704.78295037,19901.97295037,19712.0,0.0,1.0,True,0.0,1.0,True,True,True,0.0,0.9656343680709257,0.0,0,0
759,screen,BIHMH gen 18 screen / crossover_fix,4999800.0,200.0,3,C4;C5;C7,205,1078515.3612064177,19712.551206417524,1058802.81,36106311.29730609,35758562.72813071,286889.5698640133,60858.99931136509,0.0,1078704.78295037,19901.97295037,19712.0,0.0,1.0,True,0.0,1.0,True,True,True,0.0,0.999365274862632,0.0,0,0
760,screen,user-specified station warm start rank 4: repairs=C1+C4+C5+C7; oracle_EV=19712.551206; oracle_max_u=0.999999 / initial roads=boundary_first,4999927.84,72.16000000014901,4,C1;C4;C5;C7,13,1078515.3612064177,19712.551206417524,1058802.81,36520663.78741067,36449108.660716586,7158.083185323645,64397.04350875773,0.0,1078704.78295037,19901.97295037,19712.0,0.0,1.0,True,0.0,1.0,True,True,True,0.0,0.9575774804564664,0.0,0,0
761,final,user-specified station warm start rank 1: repairs=C4+C5+C7; oracle_EV=19712.551206; oracle_max_u=0.999999 / initial roads=boundary_first / initial BIHMH population,4999800.0,200.0,3,C4;C5;C7,36,1078515.3612064177,19712.55120641756,1058802.81,36558314.62417092,36487105.54248395,7948.726914000867,63260.35477296718,0.0,1078704.78295037,19901.97295037,19712.0,0.0,1.0,True,0.0,1.0,True,True,True,0.0,0.9677163667536647,0.0,0,0
762,final,user-specified station warm start rank 3: repairs=C2+C4+C5+C7; oracle_EV=19712.551206; oracle_max_u=0.999999 / initial roads=boundary_first / initial BIHMH population,4999958.640000001,41.35999999940395,4,C2;C4;C5;C7,21,1078515.3612064177,19712.55120641756,1058802.81,36564811.12909827,36493758.960840166,7836.8416266050535,63215.32663149629,0.0,1078704.78295037,19901.97295037,19712.0,0.0,1.0,True,0.0,1.0,True,True,True,0.0,0.9676298310877077,0.0,0,0
763,final,user-specified station warm start rank 4: repairs=C1+C4+C5+C7; oracle_EV=19712.551206; oracle_max_u=0.999999 / initial roads=boundary_first / initial BIHMH population,4999927.84,72.16000000014901,4,C1;C4;C5;C7,13,1078515.3612064177,19712.55120641756,1058802.81,36575696.78632769,36504114.416593194,7110.528974089049,64471.84076041256,0.0,1078704.78295037,19901.97295037,19712.0,0.0,1.0,True,0.0,1.0,True,True,True,0.0,0.9658438113906119,0.0,0,0
764,screen,BIHMH gen 52 screen / add_fix,4999800.0,200.0,3,C4;C5;C7,212,1078515.3612064177,19712.551206417524,1058802.81,36962479.29372491,35733651.49901859,1167876.8352122717,60950.959494052964,0.0,1078704.78295037,19901.97295037,19712.0,0.0,1.0,True,0.0,1.0,True,True,True,0.0,0.9998456093414205,0.0,0,0
765,screen,BIHMH gen 11 screen / add_fix,4999579.76,420.2400000002235,3,C4;C5;C7,203,1078515.3612064177,19712.551206417524,1058802.81,45046914.09571946,35763864.53938852,9222198.789723266,60850.76660766208,0.0,1078704.78295037,19901.97295037,19712.0,0.0,1.0,True,0.0,1.0,True,True,True,0.0,0.9999804757702404,0.0,0,0
766,screen,BIHMH gen 12 screen / add_fix,4999579.76,420.2400000002235,3,C4;C5;C7,205,1078515.3612064177,19712.551206417524,1058802.81,164982633.00766134,35764174.31810166,129157607.26129775,60851.42826194744,129.15267542095086,1078704.78295037,19901.97295037,19712.0,0.0,1.0,True,0.0,1.0,True,False,False,2.0065038516640117,1.0000134108561571,1.441085615716542e-05,1,1
767,screen,BIHMH gen 40 screen / crossover_fix,4999800.0,200.0,3,C4;C5;C7,189,1078515.3612064177,19712.551206417524,1058802.81,164965788.0874584,35719875.3570222,129184885.09641069,61027.63402550033,129.1793837355048,1078704.78295037,19901.97295037,19712.0,0.0,1.0,True,0.0,1.0,True,False,False,2.0067119928788495,1.0002202100776851,0.00022121007768516332,1,1
768,screen,BIHMH gen 2 screen / add_fix,4999579.76,420.2400000002235,3,C4;C5;C7,179,1078515.3612064177,19712.551206417524,1058802.81,165045579.5928595,35774572.2460952,129210003.66982596,61003.67693834547,129.20462864692416,1078704.78295037,19901.97295037,19712.0,0.0,1.0,True,0.0,1.0,True,False,False,2.006908729611177,1.000415678347258,0.0004166783472580038,1,1
769,screen,BIHMH gen 42 screen / crossover_fix,4999800.0,200.0,3,C4;C5;C7,213,1078515.3612064177,19712.551206417524,1058802.81,165058587.55912027,35730624.42488576,129267115.33701707,60847.7972174455,129.26142471302393,1078704.78295037,19901.97295037,19712.0,0.0,1.0,True,0.0,1.0,True,False,False,2.007351348413353,1.0008554433586951,0.0008564433586951692,1,1
770,screen,BIHMH gen 79 screen / crossover_fix,4999800.0,200.0,3,C4;C5;C7,201,1078515.3612064177,19712.551206417524,1058802.81,165115313.1894818,35735441.08376771,129319055.1152538,60816.99046027947,129.31377248596425,1078704.78295037,19901.97295037,19712.0,0.0,1.0,True,0.0,1.0,True,False,False,2.007759301114069,1.001260765778832,0.0012617657788319692,1,1
771,screen,BIHMH gen 47 screen / crossover_fix,4999800.0,200.0,3,C4;C5;C7,206,1078515.3612064177,19712.551206417524,1058802.81,165172171.81755102,35724127.82161562,129387205.67955306,60838.3163823447,129.3816897997912,1078704.78295037,19901.97295037,19712.0,0.0,1.0,True,0.0,1.0,True,False,False,2.0082885891820195,1.0017866412547747,0.0017876412547747078,1,1
772,screen,BIHMH gen 28 screen / add_fix,4999800.0,200.0,3,C4;C5;C7,206,1078515.3612064177,19712.551206417524,1058802.81,165201729.56029764,35737194.93676258,129403704.12073706,60830.50279800787,129.39796617600678,1078704.78295037,19901.97295037,19712.0,0.0,1.0,True,0.0,1.0,True,False,False,2.0084154330048234,1.001912667250308,0.0019136672503080598,1,1
773,screen,BIHMH gen 77 screen / crossover_fix,4999800.0,200.0,3,C4;C5;C7,202,1078515.3612064177,19712.551206417524,1058802.81,165199354.15513095,35727127.37020105,129411229.90515956,60996.879770349515,129.4071843620434,1078704.78295037,19901.97295037,19712.0,0.0,1.0,True,0.0,1.0,True,False,False,2.0084872714743156,1.0019840425402924,0.0019850425402924143,1,1
774,screen,BIHMH gen 54 screen / add_fix,4999579.76,420.2400000002235,3,C4;C5;C7,213,1078515.3612064177,19712.551206417524,1058802.81,165231260.5938211,35716794.022403434,129453636.19102499,60830.38039269768,129.44753378507215,1078704.78295037,19901.97295037,19712.0,0.0,1.0,True,0.0,1.0,True,False,False,2.0088017195429213,1.0022964632007048,0.0022974632007047857,1,1
775,screen,BIHMH gen 33 screen / crossover_fix,4999579.76,420.2400000002235,3,C4;C5;C7,193,1078515.3612064177,19712.551206417524,1058802.81,165310379.16482145,35721421.050969124,129527958.89857998,60999.21527234936,129.52189715526998,1078704.78295037,19901.97295037,19712.0,0.0,1.0,True,0.0,1.0,True,False,False,2.0093812425293365,1.002872249704793,0.0028732497047930794,1,1
776,screen,BIHMH gen 33 screen / crossover_fix,4999579.76,420.2400000002235,3,C4;C5;C7,192,1078515.3612064177,19712.551206417524,1058802.81,165320699.19104242,35725698.22650871,129533997.40256092,61003.56197279064,129.5280134914668,1078704.78295037,19901.97295037,19712.0,0.0,1.0,True,0.0,1.0,True,False,False,2.0094289078975045,1.0029196077498523,0.0029206077498523664,1,1
777,screen,user-specified station warm start rank 1: repairs=C4+C5+C7; oracle_EV=19712.551206; oracle_max_u=0.999999 / randomized corridor fill 1,4999800.0,200.0,3,C4;C5;C7,179,1078515.3612064177,19712.551206417524,1058802.81,165387753.08490214,35769180.38508417,129557600.76643778,60971.9333801865,129.55171350633478,1078704.78295037,19901.97295037,19712.0,0.0,1.0,True,0.0,1.0,True,False,False,2.009613605058995,1.003103114073885,0.0031041140738851114,1,1
778,screen,BIHMH gen 48 screen / add_fix,4999800.0,200.0,3,C4;C5;C7,213,1078515.3612064177,19712.551206417524,1058802.81,165439328.868392,35725178.76760888,129653314.93667436,60835.16410873622,129.64731136051537,1078704.78295037,19901.97295037,19712.0,0.0,1.0,True,0.0,1.0,True,False,False,2.010358611018276,1.0038433165971241,0.003844316597124142,1,1
779,screen,BIHMH gen 27 screen / add_fix,4999579.76,420.2400000002235,3,C4;C5;C7,214,1078515.3612064177,19712.551206417524,1058802.81,165486492.8082144,35738863.321997955,129686729.40249525,60900.083721199306,129.68049643289265,1078704.78295037,19901.97295037,19712.0,0.0,1.0,True,0.0,1.0,True,False,False,2.0106172264118136,1.004100264564399,0.004101264564399076,1,1
780,screen,BIHMH gen 79 screen / add_fix,4999579.76,420.2400000002235,3,C4;C5;C7,221,1078515.3612064177,19712.551206417524,1058802.81,165775688.93996763,35730583.84407849,129984288.59661657,60816.49927258174,129.97806310296303,1078704.78295037,19901.97295037,19712.0,0.0,1.0,True,0.0,1.0,True,False,False,2.012936200455594,1.0064042869915326,0.006405286991532644,1,1
781,screen,BIHMH gen 73 screen / add_fix,4999579.76,420.2400000002235,3,C4;C5;C7,222,1078515.3612064177,19712.551206417524,1058802.81,165804244.56742188,35726910.69999379,130016505.47752121,60828.389906875724,130.01038142329,1078704.78295037,19901.97295037,19712.0,0.0,1.0,True,0.0,1.0,True,False,False,2.013188061142677,1.0066545238034144,0.006655523803414387,1,1
782,screen,BIHMH gen 61 screen / add_fix,4999800.0,200.0,3,C4;C5;C7,222,1078515.3612064177,19712.551206417524,1058802.81,165985066.7843863,35732443.36443846,130191800.47826332,60822.94168453963,130.18558462516816,1078704.78295037,19901.97295037,19712.0,0.0,1.0,True,0.0,1.0,True,False,False,2.014553441470543,1.0080111008230697,0.00801210082306969,1,1
783,screen,BIHMH gen 21 screen / crossover_fix,4999800.0,200.0,3,C4;C5;C7,205,1078515.3612064177,19712.551206417524,1058802.81,166407334.88018674,35741581.83481971,130604944.76603872,60808.279328294244,130.59888668716587,1078704.78295037,19901.97295037,19712.0,0.0,1.0,True,0.0,1.0,True,False,False,2.0177743558081165,1.0112112482717006,0.011212248271700642,1,1
784,screen,BIHMH gen 78 screen / crossover_fix,4999800.0,200.0,3,C4;C5;C7,191,1078515.3612064177,19712.551206417524,1058802.81,166646904.7467171,35724663.5705219,130861196.34231636,61044.83387882035,130.8552296783118,1078704.78295037,19901.97295037,19712.0,0.0,1.0,True,0.0,1.0,True,False,False,2.019772068598436,1.013196080781669,0.013197080781668924,1,1
785,screen,BIHMH gen 34 screen / add_fix,4999579.76,420.2400000002235,3,C4;C5;C7,190,1078515.3612064177,19712.551206417524,1058802.81,167074779.01752245,35725540.74031146,131288124.04480776,61114.232403221926,131.28268107797345,1078704.78295037,19901.97295037,19712.0,0.0,1.0,True,0.0,1.0,True,False,False,2.0231032504830155,1.0165057848257988,0.016506784825798815,1,1
786,screen,BIHMH gen 30 screen / crossover_fix,4999800.0,200.0,3,C4;C5;C7,187,1078515.3612064177,19712.551206417524,1058802.81,304533186.62361586,35715502.33993643,268757666.8189722,60017.464707289095,268.7228179125736,1078704.78295037,19901.97295037,19712.0,0.0,1.0,True,0.0,1.0,True,False,False,2.0332719628627487,1.0197686423348946,0.019769642334894644,1,1
787,screen,BIHMH gen 52 screen / add_fix,4999800.0,200.0,3,C4;C5;C7,219,1078515.3612064177,19712.551206417524,1058802.81,304566200.4620899,35727824.69685522,268778396.73765194,59979.02758270506,268.75010109131324,1078704.78295037,19901.97295037,19712.0,0.0,1.0,True,0.0,1.0,True,False,False,2.0333768699063155,1.0198721785003682,0.019873178500368183,1,1
788,screen,BIHMH gen 39 screen / crossover_fix,4999800.0,200.0,3,C4;C5;C7,191,1078418.3427477926,19615.532747792542,1058802.81,303916743.07893455,35717381.88328239,268140121.85637757,59239.33927455419,268.11235028849524,1078704.78295037,19901.97295037,19712.0,96.46725220745793,0.9951061661826573,False,96.46725220745793,0.9951061661826573,False,False,False,2.035818476587857,1.0174519959665973,0.01745299596659733,1,1
789,screen,BIHMH gen 43 screen / crossover_fix,4999800.0,200.0,3,C4;C5;C7,194,1078418.3427477926,19615.532747792542,1058802.81,303983047.1161093,35728984.4987288,268194817.574466,59245.04291453528,268.16658985545786,1078704.78295037,19901.97295037,19712.0,96.46725220745793,0.9951061661826573,False,96.46725220745793,0.9951061661826573,False,False,False,2.036027034126871,1.0176578281694297,0.017658828169429763,1,1
790,screen,BIHMH gen 47 screen / crossover_fix,4999579.76,420.2400000002235,3,C4;C5;C7,196,1078418.3427477926,19615.532747792542,1058802.81,304005251.1979659,35717481.55386806,268228538.52934185,59231.11475602257,268.20048293738716,1078704.78295037,19901.97295037,19712.0,96.46725220745793,0.9951061661826573,False,96.46725220745793,0.9951061661826573,False,False,False,2.036157357028631,1.0177864480700847,0.0177874480700847,1,1
791,screen,BIHMH gen 67 screen / crossover_fix,4999800.0,200.0,3,C4;C5;C7,191,1078418.3427477926,19615.532747792542,1058802.81,304275126.4090291,35719251.85042021,268496632.6547282,59241.903880717844,268.4684428360851,1078704.78295037,19901.97295037,19712.0,96.46725220745793,0.9951061661826573,False,96.46725220745793,0.9951061661826573,False,False,False,2.0371876944770357,1.0188033215318102,0.01880432153181022,1,1
792,screen,BIHMH gen 40 screen / add_fix,4999800.0,200.0,3,C4;C5;C7,183,1078418.3427477926,19615.532747792542,1058802.81,304770081.06758714,35727439.759730175,268983494.81070834,59146.497148619375,268.95448597228756,1078704.78295037,19901.97295037,19712.0,96.46725220745793,0.9951061661826573,False,96.46725220745793,0.9951061661826573,False,False,False,2.0390565877226408,1.0206477929204758,0.020648792920475834,1,1
793,screen,BIHMH gen 3 screen / mip_intensify,4999800.0,200.0,3,C4;C5;C7,181,1078418.3427477926,19615.532747792542,1058802.81,304868812.6372358,35727669.9713215,269081985.594545,59157.07136928878,269.05361675772747,1078704.78295037,19901.97295037,19712.0,96.46725220745793,0.9951061661826573,False,96.46725220745793,0.9951061661826573,False,False,False,2.039437757296987,1.0210239815421451,0.02102498154214516,1,1
794,screen,BIHMH gen 19 screen / crossover_fix,4999579.76,420.2400000002235,3,C4;C5;C7,177,1078418.3427477926,19615.532747792542,1058802.81,305056913.0473538,35729053.59799627,269268681.0694766,59178.379880937224,269.2386128239307,1078704.78295037,19901.97295037,19712.0,96.46725220745793,0.9951061661826573,False,96.46725220745793,0.9951061661826573,False,False,False,2.040149089013945,1.021726017895942,0.021727017895942002,1,1
795,screen,user-specified station warm start rank 1: repairs=C4+C5+C7; oracle_EV=19712.551206; oracle_max_u=0.999999 / initial roads=corridor_ratio,4999800.0,200.0,3,C4;C5;C7,177,1078418.3427477926,19615.532747792542,1058802.81,305298165.83810323,35732980.843172215,269506010.6301703,59174.364760708966,269.475887889816,1078704.78295037,19901.97295037,19712.0,96.46725220745793,0.9951061661826573,False,96.46725220745793,0.9951061661826573,False,False,False,2.0410614396572404,1.0226264463510968,0.022627446351096814,1,1
796,screen,BIHMH gen 36 screen / crossover_fix,4999579.76,420.2400000002235,3,C4;C5;C7,191,1078418.3427477926,19615.532747792542,1058802.81,305381233.53077257,35718845.74352046,269603189.1617408,59198.62551130077,269.5752931677562,1078704.78295037,19901.97295037,19712.0,96.46725220745793,0.9951061661826573,False,96.46725220745793,0.9951061661826573,False,False,False,2.0414436646876593,1.023003676636613,0.023004676636613097,1,1
797,screen,BIHMH gen 58 screen / add_fix,4999579.76,420.2400000002235,3,C4;C5;C7,177,1078418.3427477926,19615.532747792542,1058802.81,305437211.17393726,35730931.0274062,269647107.0293167,59173.1172143115,269.6181028253581,1078704.78295037,19901.97295037,19712.0,96.46725220745793,0.9951061661826573,False,96.46725220745793,0.9951061661826573,False,False,False,2.041608272875657,1.023166133798795,0.02316713379879498,1,1
798,screen,BIHMH gen 13 screen / add_fix,4999800.0,200.0,3,C4;C5;C7,204,1078418.3427477926,19615.532747792542,1058802.81,305882177.9643887,35728841.23888846,270094140.4229107,59196.30258955147,270.0645085969583,1078704.78295037,19901.97295037,19712.0,96.46725220745793,0.9951061661826573,False,96.46725220745793,0.9951061661826573,False,False,False,2.0433247557743996,1.0248601864705087,0.024861186470508723,1,1
799,screen,BIHMH gen 38 screen / crossover_fix,4999800.0,200.0,3,C4;C5;C7,199,1078418.3427477926,19615.532747792542,1058802.81,306090331.77958345,35734719.12795453,270296424.8043078,59187.84732111805,270.2686707362701,1078704.78295037,19901.97295037,19712.0,96.46725220745793,0.9951061661826573,False,96.46725220745793,0.9951061661826573,False,False,False,2.04410978330539,1.0256349556145634,0.025635955614563444,1,1
800,screen,BIHMH gen 1 screen / add_fix,4999579.76,420.2400000002235,3,C4;C5;C7,203,1078418.3427477926,19615.532747792542,1058802.81,306106096.7391255,35726498.96158135,270320404.73344857,59193.04409558194,270.2931432410791,1078704.78295037,19901.97295037,19712.0,96.46725220745793,0.9951061661826573,False,96.46725220745793,0.9951061661826573,False,False,False,2.044203882975839,1.025727825632813,0.02572882563281309,1,1
801,screen,BIHMH gen 20 screen / crossover_fix,4999800.0,200.0,3,C4;C5;C7,192,1078418.3427477926,19615.532747792542,1058802.81,306113213.29185194,35728363.52253693,270325658.68723214,59191.082082846006,270.298295077203,1078704.78295037,19901.97295037,19712.0,96.46725220745793,0.9951061661826573,False,96.46725220745793,0.9951061661826573,False,False,False,2.0442236923940107,1.0257473761904115,0.02574837619041148,1,1
802,screen,BIHMH gen 27 screen / add_fix,4999800.0,200.0,3,C4;C5;C7,203,1078418.3427477926,19615.532747792542,1058802.81,306111323.6925098,35723062.588629864,270329068.2987929,59192.80508699967,270.3022098864919,1078704.78295037,19901.97295037,19712.0,96.46725220745793,0.9951061661826573,False,96.46725220745793,0.9951061661826573,False,False,False,2.044238745297946,1.0257622323897642,0.02576323238976419,1,1
803,screen,BIHMH gen 25 screen / crossover_fix,4999800.0,200.0,3,C4;C5;C7,196,1078418.3427477926,19615.532747792542,1058802.81,306132690.7878342,35734263.221838556,270339235.1560858,59192.40990986001,270.31187223702364,1078704.78295037,19901.97295037,19712.0,96.46725220745793,0.9951061661826573,False,96.46725220745793,0.9951061661826573,False,False,False,2.0442758981765703,1.025798899771269,0.025799899771269064,1,1
804,screen,BIHMH gen 21 screen / crossover_fix,4999800.0,200.0,3,C4;C5;C7,178,1078418.3427477926,19615.532747792542,1058802.81,306200767.36340314,35727449.58597514,270414157.45057905,59160.32684897118,270.38706511757675,1078704.78295037,19901.97295037,19712.0,96.46725220745793,0.9951061661826573,False,96.46725220745793,0.9951061661826573,False,False,False,2.0445650236802884,1.0260842471128555,0.026085247112855536,1,1
805,screen,BIHMH gen 21 screen / crossover_fix,4999800.0,200.0,3,C4;C5;C7,183,1078418.3427477926,19615.532747792542,1058802.81,306228432.1530498,35731108.33378741,270438191.97896653,59131.840295876376,270.4106331684537,1078704.78295037,19901.97295037,19712.0,96.46725220745793,0.9951061661826573,False,96.46725220745793,0.9951061661826573,False,False,False,2.0446556456185805,1.0261736848443885,0.026174684844388563,1,1
806,screen,BIHMH gen 61 screen / mip_intensify,4999800.0,200.0,3,C4;C5;C7,184,1078418.3427477926,19615.532747792542,1058802.81,306232619.12257296,35718374.31967172,270455122.8825981,59121.92030311987,270.42827483998377,1078704.78295037,19901.97295037,19712.0,96.46725220745793,0.9951061661826573,False,96.46725220745793,0.9951061661826573,False,False,False,2.044723479928558,1.0262406327260924,0.02624163272609248,1,1
807,screen,BIHMH gen 28 screen / add_fix,4999800.0,200.0,3,C4;C5;C7,203,1078418.3427477926,19615.532747792542,1058802.81,306262320.7212715,35724489.52595651,270478640.9569344,59190.23838060807,270.4528209997857,1078704.78295037,19901.97295037,19712.0,96.46725220745793,0.9951061661826573,False,96.46725220745793,0.9951061661826573,False,False,False,2.0448178628111506,1.026333782255597,0.026334782255596934,1,1
808,screen,BIHMH gen 22 screen / add_fix,4999579.76,420.2400000002235,3,C4;C5;C7,203,1078418.3427477926,19615.532747792542,1058802.81,306265621.3307626,35726535.65192899,270479896.4003288,59189.27850483706,270.45283157811343,1078704.78295037,19901.97295037,19712.0,96.46725220745793,0.9951061661826573,False,96.46725220745793,0.9951061661826573,False,False,False,2.04481790348607,1.0263338223989944,0.02633482239899443,1,1
809,screen,BIHMH gen 14 screen / crossover_fix,4999579.76,420.2400000002235,3,C4;C5;C7,203,1078418.3427477926,19615.532747792542,1058802.81,306299158.4797984,35721646.79585482,270518327.0658769,59184.61806663412,270.4904646058099,1078704.78295037,19901.97295037,19712.0,96.46725220745793,0.9951061661826573,False,96.46725220745793,0.9951061661826573,False,False,False,2.044962606920879,1.0264766349143555,0.026477634914355508,1,1
810,screen,user-specified station warm start rank 4: repairs=C1+C4+C5+C7; oracle_EV=19712.551206; oracle_max_u=0.999999 / initial roads=corridor_impact,4999707.6,292.40000000037253,4,C1;C4;C5;C7,30,1078515.3612064177,19712.551206417524,1058802.81,307852377.0692124,35983531.031291164,271805864.79679704,62981.24112417104,271.79764172296325,1078704.78295037,19901.97295037,19712.0,0.0,1.0,True,0.0,1.0,True,False,False,2.0450950234568372,1.0314372044871425,0.03143820448714252,1,1
811,screen,BIHMH gen 28 screen / crossover_fix,4999800.0,200.0,3,C4;C5;C7,178,1078418.3427477926,19615.532747792542,1058802.81,306382050.4579356,35723498.40144026,270599420.41700345,59131.63949186779,270.5723538004843,1078704.78295037,19901.97295037,19712.0,96.46725220745793,0.9951061661826573,False,96.46725220745793,0.9951061661826573,False,False,False,2.045277480543024,1.02678739390953,0.02678839390953003,1,1
812,screen,BIHMH gen 22 screen / mip_intensify,4999800.0,200.0,3,C4;C5;C7,184,1078418.3427477926,19615.532747792542,1058802.81,306484039.7013506,35721557.400975645,270703365.3700436,59116.930331423355,270.6777397216467,1078704.78295037,19901.97295037,19712.0,96.46725220745793,0.9951061661826573,False,96.46725220745793,0.9951061661826573,False,False,False,2.0456827018527646,1.0271873199693258,0.027188319969325803,1,1
813,screen,BIHMH gen 21 screen / mip_intensify,4999800.0,200.0,3,C4;C5;C7,185,1078418.3427477926,19615.532747792542,1058802.81,306505906.5424998,35722045.61380447,270724745.4399779,59115.48871743979,270.6975832872805,1078704.78295037,19901.97295037,19712.0,96.46725220745793,0.9951061661826573,False,96.46725220745793,0.9951061661826573,False,False,False,2.045759002705548,1.0272626237568594,0.027263623756859423,1,1
814,screen,BIHMH gen 36 screen / mip_intensify,4999800.0,200.0,3,C4;C5;C7,185,1078418.3427477926,19615.532747792542,1058802.81,306523235.7969803,35727794.236123495,270736326.90855384,59114.652302983835,270.71036229161757,1078704.78295037,19901.97295037,19712.0,96.46725220745793,0.9951061661826573,False,96.46725220745793,0.9951061661826573,False,False,False,2.0458081394860357,1.0273111184399848,0.027312118439984823,1,1
815,screen,BIHMH gen 4 screen / add_fix,4999800.0,200.0,3,C4;C5;C7,204,1078418.3427477926,19615.532747792542,1058802.81,306539749.93310744,35723422.5016953,270757149.00502145,59178.42639070719,270.7296280689902,1078704.78295037,19901.97295037,19712.0,96.46725220745793,0.9951061661826573,False,96.46725220745793,0.9951061661826573,False,False,False,2.0458822186747354,1.0273842295951423,0.027385229595142335,1,1
816,screen,user-specified station warm start rank 3: repairs=C2+C4+C5+C7; oracle_EV=19712.551206; oracle_max_u=0.999999 / initial roads=corridor_impact,4999738.4,261.59999999962747,4,C2;C4;C5;C7,21,1078513.9610239652,19711.151023965023,1058802.81,170309300.7206987,35972535.580930635,134275391.0225025,61374.11726558255,134.2712471443887,1078704.78295037,19901.97295037,19712.0,0.8489760349766584,0.9999569310047192,False,0.8489760349766584,0.9999569310047192,False,False,False,2.046436586276326,1.0396458873122865,0.039646887312286494,1,1
817,screen,BIHMH gen 7 screen / add_fix,4999800.0,200.0,3,C4;C5;C7,204,1078418.3427477926,19615.532747792542,1058802.81,306757663.392778,35728415.21644875,270970074.1038985,59174.072430715176,270.94369722869044,1078704.78295037,19901.97295037,19712.0,96.46725220745793,0.9951061661826573,False,96.46725220745793,0.9951061661826573,False,False,False,2.0467053398688373,1.0281965946114406,0.02819759461144067,1,1
818,screen,BIHMH gen 18 screen / add_fix,4999800.0,200.0,3,C4;C5;C7,204,1078418.3427477926,19615.532747792542,1058802.81,306800070.66966826,35727746.29832023,271013150.4726549,59173.89869314714,270.98550369012355,1078704.78295037,19901.97295037,19712.0,96.46725220745793,0.9951061661826573,False,96.46725220745793,0.9951061661826573,False,False,False,2.046866090649119,1.0283552447727764,0.02835624477277643,1,1
819,screen,BIHMH gen 23 screen / mip_intensify,4999800.0,200.0,3,C4;C5;C7,185,1078418.3427477926,19615.532747792542,1058802.81,306807328.4331449,35724804.84945943,271023420.0948286,59103.48885687857,270.9985701780873,1078704.78295037,19901.97295037,19712.0,96.46725220745793,0.9951061661826573,False,96.46725220745793,0.9951061661826573,False,False,False,2.0469163328380944,1.0284048304194082,0.02840583041940825,1,1
820,screen,BIHMH gen 5 screen / add_fix,4999579.76,420.2400000002235,3,C4;C5;C7,203,1078418.3427477926,19615.532747792542,1058802.81,306838354.850578,35721190.24612393,271057991.91948736,59172.684966698995,271.0321100031878,1078704.78295037,19901.97295037,19712.0,96.46725220745793,0.9951061661826573,False,96.46725220745793,0.9951061661826573,False,False,False,2.0470452974256386,1.028532109755687,0.028533109755687014,1,1
821,screen,BIHMH gen 17 screen / add_fix,4999800.0,200.0,3,C4;C5;C7,181,1078418.3427477926,19615.532747792542,1058802.81,306958747.27152973,35724200.92116901,271175432.7590116,59113.59134911498,271.15200198641685,1078704.78295037,19901.97295037,19712.0,96.46725220745793,0.9951061661826573,False,96.46725220745793,0.9951061661826573,False,False,False,2.0475062962567496,1.028987084461274,0.0289880844612741,1,1
822,screen,BIHMH gen 45 screen / crossover_fix,4999800.0,200.0,3,C4;C5;C7,183,1078418.3427477926,19615.532747792542,1058802.81,306960362.9622361,35721004.18486163,271180243.90929747,59114.868077030325,271.155983953059,1078704.78295037,19901.97295037,19712.0,96.46725220745793,0.9951061661826573,False,96.46725220745793,0.9951061661826573,False,False,False,2.0475216073886378,1.0290021955141726,0.02900319551417263,1,1
823,screen,BIHMH gen 5 screen / add_fix,4999579.76,420.2400000002235,3,C4;C5;C7,183,1078418.3427477926,19615.532747792542,1058802.81,306988482.6279635,35723835.997364536,271205532.27787685,59114.35272208879,271.1806068770636,1078704.78295037,19901.97295037,19712.0,96.46725220745793,0.9951061661826573,False,96.46725220745793,0.9951061661826573,False,False,False,2.0476162854386537,1.029095636353985,0.02909663635398496,1,1
824,screen,BIHMH gen 20 screen / crossover_fix,4999800.0,200.0,3,C4;C5;C7,193,1078418.3427477926,19615.532747792542,1058802.81,307353207.2594861,35728483.269538775,271565626.4973704,59097.49257688354,271.5432139979612,1078704.78295037,19901.97295037,19712.0,96.46725220745793,0.9951061661826573,False,96.46725220745793,0.9951061661826573,False,False,False,2.0490105526313735,1.0304716838896988,0.030472683889698815,1,1
825,screen,BIHMH gen 24 screen / crossover_fix,4999800.0,200.0,3,C4;C5;C7,189,1078418.3427477926,19615.532747792542,1058802.81,307379320.9497378,35725362.704784945,271594798.5864085,59159.6585443247,271.57189453794564,1078704.78295037,19901.97295037,19712.0,96.46725220745793,0.9951061661826573,False,96.46725220745793,0.9951061661826573,False,False,False,2.0491208326939128,1.0305805228619473,0.030581522861947374,1,1
826,screen,BIHMH gen 14 screen / crossover_fix,4999800.0,200.0,3,C4;C5;C7,204,1078418.3427477926,19615.532747792542,1058802.81,307422505.3142588,35726887.97405957,271636429.5306919,59187.80950734251,271.6127424732449,1078704.78295037,19901.97295037,19712.0,96.46725220745793,0.9951061661826573,False,96.46725220745793,0.9951061661826573,False,False,False,2.0492778978280373,1.0307355355394936,0.030736535539493626,1,1
827,screen,BIHMH gen 30 screen / crossover_fix,4999800.0,200.0,3,C4;C5;C7,204,1078418.3427477926,19615.532747792542,1058802.81,307456263.89982766,35732497.5535086,271664579.8679492,59186.478369886216,271.640078036171,1078704.78295037,19901.97295037,19712.0,96.46725220745793,0.9951061661826573,False,96.46725220745793,0.9951061661826573,False,False,False,2.049383006294986,1.0308392704962386,0.03084027049623861,1,1
828,screen,user-specified station warm start rank 3: repairs=C2+C4+C5+C7; oracle_EV=19712.551206; oracle_max_u=0.999999 / initial roads=boundary_first,4999958.640000001,41.35999999940395,4,C2;C4;C5;C7,21,1078418.3427477926,19615.532747792542,1058802.81,308293064.8452099,36447087.12109202,271786805.4938841,59172.230233776165,271.7634443650842,1078704.78295037,19901.97295037,19712.0,96.46725220745793,0.9951061661826573,False,96.46725220745793,0.9951061661826573,False,False,False,2.0498573643954674,1.0313074298982683,0.03130842989826832,1,1
829,screen,BIHMH gen 8 screen / add_fix,4999800.0,200.0,3,C4;C5;C7,204,1078418.3427477926,19615.532747792542,1058802.81,307583472.20894295,35730171.617140576,271794121.88344294,59178.7083594518,271.76894707424816,1078704.78295037,19901.97295037,19712.0,96.46725220745793,0.9951061661826573,False,96.46725220745793,0.9951061661826573,False,False,False,2.0498785229619054,1.0313283119740702,0.031329311974070184,1,1
830,screen,BIHMH gen 11 screen / add_fix,4999800.0,200.0,3,C4;C5;C7,204,1078418.3427477926,19615.532747792542,1058802.81,307631226.7308476,35725629.13631746,271846414.5962457,59182.99828442612,271.8232944269891,1078704.78295037,19901.97295037,19712.0,96.46725220745793,0.9951061661826573,False,96.46725220745793,0.9951061661826573,False,False,False,2.0500874949499632,1.0315345532101126,0.03153555321011259,1,1
831,screen,BIHMH gen 24 screen / add_fix,4999579.76,420.2400000002235,3,C4;C5;C7,179,1078418.3427477926,19615.532747792542,1058802.81,307753733.5549341,35727109.50472397,271967523.84338075,59100.20682933868,271.9474359746964,1078704.78295037,19901.97295037,19712.0,96.46725220745793,0.9951061661826573,False,96.46725220745793,0.9951061661826573,False,False,False,2.0505648338582376,1.0320056544680787,0.03200665446807871,1,1
832,screen,BIHMH gen 13 screen / add_fix,4999800.0,200.0,3,C4;C5;C7,204,1078418.3427477926,19615.532747792542,1058802.81,307757183.59834564,35724877.59249982,271973129.7888907,59176.21695511613,271.94941863153264,1078704.78295037,19901.97295037,19712.0,96.46725220745793,0.9951061661826573,False,96.46725220745793,0.9951061661826573,False,False,False,2.0505724574078643,1.0320131783965854,0.03201417839658538,1,1
833,screen,BIHMH gen 34 screen / add_fix,4999800.0,200.0,3,C4;C5;C7,204,1078418.3427477926,19615.532747792542,1058802.81,307791710.4468398,35723948.09020987,272008587.4078447,59174.94878522521,271.98360051745146,1078704.78295037,19901.97295037,19712.0,96.46725220745793,0.9951061661826573,False,96.46725220745793,0.9951061661826573,False,False,False,2.050703890795063,1.0321428942713542,0.03214389427135422,1,1
834,screen,BIHMH gen 4 screen / add_fix,4999800.0,200.0,3,C4;C5;C7,179,1078418.3427477926,19615.532747792542,1058802.81,307834850.4532115,35730174.2078765,272045555.56619567,59120.679139314874,272.02488274682605,1078704.78295037,19901.97295037,19712.0,96.46725220745793,0.9951061661826573,False,96.46725220745793,0.9951061661826573,False,False,False,2.0508626258411837,1.0322995550392373,0.032300555039237344,1,1
835,screen,user-specified station warm start rank 1: repairs=C4+C5+C7; oracle_EV=19712.551206; oracle_max_u=0.999999 / initial roads=boundary_first,4999800.0,200.0,3,C4;C5;C7,36,1078418.3427477926,19615.532747792542,1058802.81,308787173.9319898,36420211.293386064,272307964.0085166,58998.63008714325,272.2828297660899,1078704.78295037,19901.97295037,19712.0,96.46725220745793,0.9951061661826573,False,96.46725220745793,0.9951061661826573,False,False,False,2.051854462585948,1.033278430907213,0.03327943090721297,1,1
836,screen,BIHMH gen 29 screen / crossover_fix,4999800.0,200.0,3,C4;C5;C7,183,1078418.3427477926,19615.532747792542,1058802.81,308295480.3528076,35727083.32895116,272509318.54343575,59078.480420653206,272.491986725953,1078704.78295037,19901.97295037,19712.0,96.46725220745793,0.9951061661826573,False,96.46725220745793,0.9951061661826573,False,False,False,2.0526586957916946,1.0340721547548986,0.03407315475489858,1,1
837,screen,BIHMH gen 71 screen / add_fix,4999579.76,420.2400000002235,3,C4;C5;C7,205,1078418.3427477926,19615.532747792542,1058802.81,308315358.22154564,35732639.07299425,272523820.18788296,58898.96066844019,272.5106711738121,1078704.78295037,19901.97295037,19712.0,96.46725220745793,0.9951061661826573,False,96.46725220745793,0.9951061661826573,False,False,False,2.0527305396997777,1.0341430598390817,0.03414405983908175,1,1
838,screen,BIHMH gen 44 screen / crossover_fix,4999800.0,200.0,3,C4;C5;C7,202,1078418.3427477926,19615.532747792542,1058802.81,308337463.5618363,35722279.96105328,272556048.44748634,59135.15329669163,272.53814283675837,1078704.78295037,19901.97295037,19712.0,96.46725220745793,0.9951061661826573,False,96.46725220745793,0.9951061661826573,False,False,False,2.0528361714873737,1.0342473112779549,0.03424831127795491,1,1
839,screen,BIHMH gen 23 screen / crossover_fix,4999800.0,200.0,3,C4;C5;C7,207,1078418.3427477926,19615.532747792542,1058802.81,308399817.5128215,35723522.03571642,272617168.56446147,59126.91264362468,272.5992837999817,1078704.78295037,19901.97295037,19712.0,96.46725220745793,0.9951061661826573,False,96.46725220745793,0.9951061661826573,False,False,False,2.0530712657098555,1.0344793333948026,0.03448033339480261,1,1
840,screen,BIHMH gen 26 screen / crossover_fix,4999579.76,420.2400000002235,3,C4;C5;C7,201,1078418.3427477926,19615.532747792542,1058802.81,308474009.0546395,35716674.66847229,272698202.16368,59132.222487192885,272.6812207895875,1078704.78295037,19901.97295037,19712.0,96.46725220745793,0.9951061661826573,False,96.46725220745793,0.9951061661826573,False,False,False,2.053386323109155,1.034790273765614,0.034791273765614084,1,1
841,screen,BIHMH gen 31 screen / crossover_fix,4999800.0,200.0,3,C4;C5;C7,181,1078418.3427477926,19615.532747792542,1058802.81,308621652.5916275,35722218.54100634,272840354.3121645,59079.7384566386,272.82496331747325,1078704.78295037,19901.97295037,19712.0,96.46725220745793,0.9951061661826573,False,96.46725220745793,0.9951061661826573,False,False,False,2.053939030100495,1.0353357582304112,0.03533675823041127,1,1
842,screen,BIHMH gen 71 screen / add_fix,4999800.0,200.0,3,C4;C5;C7,181,1078418.3427477926,19615.532747792542,1058802.81,308624895.7038272,35723102.30799677,272842710.5746367,59082.82119370942,272.82708942141915,1078704.78295037,19901.97295037,19712.0,96.46725220745793,0.9951061661826573,False,96.46725220745793,0.9951061661826573,False,False,False,2.053947205221195,1.0353438265223085,0.035344826522308526,1,1
843,screen,BIHMH gen 50 screen / add_fix,4999800.0,200.0,3,C4;C5;C7,222,1078418.3427477926,19615.532747792542,1058802.81,308884713.0462841,35717905.33741722,273107754.6166019,59053.09226498139,273.09659213888557,1078704.78295037,19901.97295037,19712.0,96.46725220745793,0.9951061661826573,False,96.46725220745793,0.9951061661826573,False,False,False,2.0549834749899247,1.036366554783463,0.036367554783463096,1,1
844,screen,BIHMH gen 54 screen / add_fix,4999579.76,420.2400000002235,3,C4;C5;C7,221,1078418.3427477926,19615.532747792542,1058802.81,308985231.6287192,35720496.69082971,273205681.6978398,59053.2400496979,273.1948768970579,1078704.78295037,19901.97295037,19712.0,96.46725220745793,0.9951061661826573,False,96.46725220745793,0.9951061661826573,False,False,False,2.055361391489537,1.036739532840117,0.036740532840117024,1,1
845,screen,BIHMH gen 10 screen / add_fix,4999579.76,420.2400000002235,3,C4;C5;C7,223,1078418.3427477926,19615.532747792542,1058802.81,309062482.4424754,35757955.41060182,273245452.27280515,59074.75906842825,273.23547996317984,1078704.78295037,19901.97295037,19712.0,96.46725220745793,0.9951061661826573,False,96.46725220745793,0.9951061661826573,False,False,False,2.0555175150727627,1.0368936162705287,0.0368946162705287,1,1
846,screen,BIHMH gen 28 screen / add_fix,4999800.0,200.0,3,C4;C5;C7,182,1078418.3427477926,19615.532747792542,1058802.81,309074251.44425875,35738840.14810589,273276341.0942495,59070.20190339599,273.26424036207663,1078704.78295037,19901.97295037,19712.0,96.46725220745793,0.9951061661826573,False,96.46725220745793,0.9951061661826573,False,False,False,2.055628102202249,1.0370027582971113,0.03700375829711133,1,1
847,screen,BIHMH gen 44 screen / add_fix,4999800.0,200.0,3,C4;C5;C7,200,1078418.3427477926,19615.532747792542,1058802.81,309080781.18538445,35723849.909511514,273296927.7021964,60003.57367653763,273.29340021417596,1078704.78295037,19901.97295037,19712.0,96.46725220745793,0.9951061661826573,False,96.46725220745793,0.9951061661826573,False,False,False,2.055740225276462,1.0371134161973856,0.03711441619738565,1,1
848,screen,BIHMH gen 57 screen / add_fix,4999579.76,420.2400000002235,3,C4;C5;C7,220,1078418.3427477926,19615.532747792542,1058802.81,309305579.9391952,35730877.5334655,273515645.4653235,59056.94040621024,273.50611871027877,1078704.78295037,19901.97295037,19712.0,96.46725220745793,0.9951061661826573,False,96.46725220745793,0.9951061661826573,False,False,False,2.05655815300956,1.037920655618494,0.03792165561849392,1,1
849,screen,BIHMH gen 39 screen / crossover_fix,4999800.0,200.0,3,C4;C5;C7,193,1078418.3427477926,19615.532747792542,1058802.81,309381594.9749859,35722073.11632324,273599810.7946423,59711.06402030604,273.58911011334857,1078704.78295037,19901.97295037,19712.0,96.46725220745793,0.9951061661826573,False,96.46725220745793,0.9951061661826573,False,False,False,2.056877264753123,1.0382355973532202,0.03823659735322027,1,1
850,screen,BIHMH gen 65 screen / add_fix,4999800.0,200.0,3,C4;C5;C7,212,1078418.3427477926,19615.532747792542,1058802.81,309447373.61988163,35729375.57070248,273658938.8387284,59059.21045073497,273.650151930025,1078704.78295037,19901.97295037,19712.0,96.46725220745793,0.9951061661826573,False,96.46725220745793,0.9951061661826573,False,False,False,2.057111977745425,1.0384672432216333,0.038468243221633336,1,1
851,screen,BIHMH gen 55 screen / add_fix,4999800.0,200.0,3,C4;C5;C7,221,1078418.3427477926,19615.532747792542,1058802.81,309574347.2116242,35724570.98076296,273790723.50848025,59052.72238098952,273.78247734012257,1078704.78295037,19901.97295037,19712.0,96.46725220745793,0.9951061661826573,False,96.46725220745793,0.9951061661826573,False,False,False,2.0576207845708554,1.0389694011881576,0.038970401188157644,1,1
852,screen,BIHMH gen 1 screen / add_fix,4999738.4,261.59999999962747,4,C2;C4;C5;C7,156,1078418.3427477926,19615.532747792542,1058802.81,309726346.7848858,35860695.23624465,273806157.8408874,59493.70775374638,273.79629823609554,1078704.78295037,19901.97295037,19712.0,96.46725220745793,0.9951061661826573,False,96.46725220745793,0.9951061661826573,False,False,False,2.0576739275476985,1.0390218497164652,0.03902284971646519,1,1
853,screen,BIHMH gen 79 screen / add_fix,4999800.0,200.0,3,C4;C5;C7,221,1078418.3427477926,19615.532747792542,1058802.81,309617378.9345789,35731547.73760997,273826766.97214216,59064.22482674143,273.8187415429649,1078704.78295037,19901.97295037,19712.0,96.46725220745793,0.9951061661826573,False,96.46725220745793,0.9951061661826573,False,False,False,2.0577602247124833,1.0391070191886873,0.03910801918868734,1,1
854,screen,BIHMH gen 29 screen / crossover_fix,4999800.0,200.0,3,C4;C5;C7,210,1078418.3427477926,19615.532747792542,1058802.81,309635124.4852132,35742331.00038463,273833670.8331864,59122.65164222406,273.8242685987775,1078704.78295037,19901.97295037,19712.0,96.46725220745793,0.9951061661826573,False,96.46725220745793,0.9951061661826573,False,False,False,2.057781476894659,1.0391279936568991,0.03912899365689915,1,1
855,screen,BIHMH gen 63 screen / mip_intensify,4999800.0,200.0,3,C4;C5;C7,214,1078418.3427477926,19615.532747792542,1058802.81,309630015.0169208,35719972.89664572,273850991.2284499,59050.89182521041,273.84364277576503,1078704.78295037,19901.97295037,19712.0,96.46725220745793,0.9951061661826573,False,96.46725220745793,0.9951061661826573,False,False,False,2.0578559728926775,1.0392015161746981,0.039202516174698165,1,1
856,screen,user-specified station warm start rank 4: repairs=C1+C4+C5+C7; oracle_EV=19712.551206; oracle_max_u=0.999999 / randomized corridor fill 1,4999927.84,72.16000000014901,4,C1;C4;C5;C7,143,1078515.3612064177,19712.551206417524,1058802.81,311159715.31492394,35950946.32703413,275145225.48974466,63543.49814516098,275.14057096870346,1078704.78295037,19901.97295037,19712.0,0.0,1.0,True,0.0,1.0,True,False,False,2.0579489811049436,1.0441231923940542,0.044124192394054185,1,1
857,screen,BIHMH gen 57 screen / add_fix,4999800.0,200.0,3,C4;C5;C7,220,1078418.3427477926,19615.532747792542,1058802.81,309689081.29430544,35724722.31676038,273905301.8706274,59057.1069176855,273.89743837281947,1078704.78295037,19901.97295037,19712.0,96.46725220745793,0.9951061661826573,False,96.46725220745793,0.9951061661826573,False,False,False,2.058062823314975,1.0394056635686482,0.03940666356864819,1,1
858,screen,BIHMH gen 52 screen / add_fix,4999800.0,200.0,3,C4;C5;C7,221,1078418.3427477926,19615.532747792542,1058802.81,309704982.46037626,35726752.55167709,273919175.02188504,59054.886814148886,273.91152515183825,1078704.78295037,19901.97295037,19712.0,96.46725220745793,0.9951061661826573,False,96.46725220745793,0.9951061661826573,False,False,False,2.058116988643522,1.0394591210890272,0.03946012108902719,1,1
859,screen,BIHMH gen 54 screen / add_fix,4999800.0,200.0,3,C4;C5;C7,222,1078418.3427477926,19615.532747792542,1058802.81,309747563.0125271,35725915.89886376,273962590.6616163,59056.45204701739,273.9550999546146,1078704.78295037,19901.97295037,19712.0,96.46725220745793,0.9951061661826573,False,96.46725220745793,0.9951061661826573,False,False,False,2.058284538905056,1.0396244818790503,0.03962548187905035,1,1
860,screen,user-specified station warm start rank 3: repairs=C2+C4+C5+C7; oracle_EV=19712.551206; oracle_max_u=0.999999 / initial roads=corridor_ratio,4999958.64,41.360000000335276,4,C2;C4;C5;C7,157,1078418.3427477926,19615.532747792542,1058802.81,309924294.5759085,35865688.49525957,273999113.6540218,59492.426627112574,273.99046070716247,1078704.78295037,19901.97295037,19712.0,96.46725220745793,0.9951061661826573,False,96.46725220745793,0.9951061661826573,False,False,False,2.0584205051736317,1.0397586714015397,0.03975967140153969,1,1
861,screen,BIHMH gen 61 screen / add_fix,4999579.76,420.2400000002235,3,C4;C5;C7,220,1078418.3427477926,19615.532747792542,1058802.81,309916925.51746255,35724912.54627526,274132952.35421306,59060.6169742514,274.1259898539653,1078704.78295037,19901.97295037,19712.0,96.46725220745793,0.9951061661826573,False,96.46725220745793,0.9951061661826573,False,False,False,2.058941630744957,1.0402729871381247,0.04027398713812469,1,1
862,screen,BIHMH gen 54 screen / add_fix,4999800.0,200.0,3,C4;C5;C7,194,1078515.3612064177,19712.551206417524,1058802.81,311313099.75381374,35727986.941327356,275524615.9235392,60496.88894718528,275.5222503705243,1078704.78295037,19901.97295037,19712.0,0.0,1.0,True,0.0,1.0,True,False,False,2.0594165834696696,1.0455716167907076,0.045572616790707676,1,1
863,screen,user-specified station warm start rank 4: repairs=C1+C4+C5+C7; oracle_EV=19712.551206; oracle_max_u=0.999999 / randomized corridor fill 2,4999707.6,292.40000000037253,4,C1;C4;C5;C7,144,1078515.3612064177,19712.551206417524,1058802.81,311563533.76205194,35927025.368172884,275572987.9756681,63520.41821096596,275.5685461154619,1078704.78295037,19901.97295037,19712.0,0.0,1.0,True,0.0,1.0,True,False,False,2.0595945960750734,1.0457473032073938,0.04574830320739387,1,1
864,screen,BIHMH gen 10 screen / add_fix,4999579.76,420.2400000002235,3,C4;C5;C7,223,1078418.3427477926,19615.532747792542,1058802.81,310258148.0131599,35756094.06241895,274442964.9493731,59089.00136781221,274.4374649582279,1078704.78295037,19901.97295037,19712.0,96.46725220745793,0.9951061661826573,False,96.46725220745793,0.9951061661826573,False,False,False,2.06013928929658,1.0414549952260956,0.041455995226095665,1,1
865,screen,BIHMH gen 63 screen / crossover_fix,4999800.0,200.0,3,C4;C5;C7,203,1078418.3427477926,19615.532747792542,1058802.81,310371199.5538628,35719977.74215261,274592079.4019441,59142.40976607072,274.5858754477793,1078704.78295037,19901.97295037,19712.0,96.46725220745793,0.9951061661826573,False,96.46725220745793,0.9951061661826573,False,False,False,2.060709945151668,1.0420181940069573,0.042019194006957306,1,1
866,screen,BIHMH gen 4 screen / add_fix,4999958.64,41.360000000335276,4,C2;C4;C5;C7,182,1078418.3427477926,19615.532747792542,1058802.81,310544332.12933403,35864401.19402823,274620417.7784213,59513.15688449572,274.6140937130624,1078704.78295037,19901.97295037,19712.0,96.46725220745793,0.9951061661826573,False,96.46725220745793,0.9951061661826573,False,False,False,2.0608184477134004,1.0421252787059803,0.04212627870598029,1,1
867,screen,BIHMH gen 27 screen / mip_intensify,4999800.0,200.0,3,C4;C5;C7,203,1078418.3427477926,19615.532747792542,1058802.81,310442048.621469,35728814.97779153,274653524.2358934,59709.407784056566,274.64880119882577,1078704.78295037,19901.97295037,19712.0,96.46725220745793,0.9951061661826573,False,96.46725220745793,0.9951061661826573,False,False,False,2.060951902094059,1.0422569891647748,0.042257989164774856,1,1
868,screen,BIHMH gen 50 screen / crossover_fix,4999800.0,200.0,3,C4;C5;C7,214,1078418.3427477926,19615.532747792542,1058802.81,310478641.5999383,35735201.23581315,274684351.77177995,59088.59234516045,274.67928480709674,1078704.78295037,19901.97295037,19712.0,96.46725220745793,0.9951061661826573,False,96.46725220745793,0.9951061661826573,False,False,False,2.0610691151670473,1.0423726705500083,0.04237367055000829,1,1
869,screen,BIHMH gen 58 screen / crossover_fix,4999579.76,420.2400000002235,3,C4;C5;C7,214,1078418.3427477926,19615.532747792542,1058802.81,310545808.1401619,35715500.65743059,274771168.3386655,59139.14406580474,274.76549953092444,1078704.78295037,19901.97295037,19712.0,96.46725220745793,0.9951061661826573,False,96.46725220745793,0.9951061661826573,False,False,False,2.0614006209595006,1.0426998443737645,0.042700844373764535,1,1
870,screen,BIHMH gen 12 screen / add_fix,4999579.76,420.2400000002235,3,C4;C5;C7,224,1078418.3427477926,19615.532747792542,1058802.81,310619578.3141721,35758505.90236617,274801980.97328895,59091.438516946924,274.7970167291309,1078704.78295037,19901.97295037,19712.0,96.46725220745793,0.9951061661826573,False,96.46725220745793,0.9951061661826573,False,False,False,2.061521808307827,1.0428194481002917,0.04282044810029173,1,1
871,screen,BIHMH gen 57 screen / crossover_fix,4999800.0,200.0,3,C4;C5;C7,222,1078418.3427477926,19615.532747792542,1058802.81,311007743.0123044,35725291.49490188,275223347.07160556,59104.445796948494,275.2192621209359,1078704.78295037,19901.97295037,19712.0,96.46725220745793,0.9951061661826573,False,96.46725220745793,0.9951061661826573,False,False,False,2.0631453916936513,1.0444218152281672,0.04442281522816727,1,1
872,screen,BIHMH gen 18 screen / add_fix,4999579.76,420.2400000002235,3,C4;C5;C7,225,1078418.3427477926,19615.532747792542,1058802.81,311055339.3464237,35766376.937704,275229853.81286055,59108.59585916252,275.2258070344265,1078704.78295037,19901.97295037,19712.0,96.46725220745793,0.9951061661826573,False,96.46725220745793,0.9951061661826573,False,False,False,2.0631705576587773,1.0444466523357723,0.0444476523357723,1,1
873,screen,BIHMH gen 37 screen / mip_intensify,4999800.0,200.0,3,C4;C5;C7,191,1078515.3612064177,19712.551206417524,1058802.81,312309756.9308125,35732968.567034185,276516902.4167589,59885.94701938684,276.51516455563007,1078704.78295037,19901.97295037,19712.0,0.0,1.0,True,0.0,1.0,True,False,False,2.063234455744357,1.0493395988264935,0.049340598826493554,1,1
874,screen,BIHMH gen 49 screen / crossover_fix,4999800.0,200.0,3,C4;C5;C7,190,1078515.3612064177,19712.551206417524,1058802.81,312489675.482407,35722077.46182165,276707786.029378,59811.99120731844,276.70597491815835,1078704.78295037,19901.97295037,19712.0,0.0,1.0,True,0.0,1.0,True,False,False,2.063968144117177,1.0500636996894215,0.05006469968942151,1,1
875,screen,BIHMH gen 79 screen / add_fix,4999800.0,200.0,3,C4;C5;C7,230,1078418.3427477926,19615.532747792542,1058802.81,311477090.96070194,35722668.523038015,275695291.68127936,59130.756384551496,275.6916516786791,1078704.78295037,19901.97295037,19712.0,96.46725220745793,0.9951061661826573,False,96.46725220745793,0.9951061661826573,False,False,False,2.064961785318008,1.0462144730370386,0.04621547303703866,1,1
876,screen,BIHMH gen 17 screen / add_fix,4999579.76,420.2400000002235,3,C4;C5;C7,223,1078418.3427477926,19615.532747792542,1058802.81,311548301.6648193,35760339.840350375,275728819.8796225,59141.94484638066,275.7253379475905,1078704.78295037,19901.97295037,19712.0,96.46725220745793,0.9951061661826573,False,96.46725220745793,0.9951061661826573,False,False,False,2.0650913129992956,1.046342308108805,0.04634330810880505,1,1
877,screen,BIHMH gen 60 screen / add_fix,4999579.76,420.2400000002235,3,C4;C5;C7,229,1078418.3427477926,19615.532747792542,1058802.81,311553355.94262207,35723716.44524132,275770509.0886679,59130.4087128336,275.7669482457817,1078704.78295037,19901.97295037,19712.0,96.46725220745793,0.9951061661826573,False,96.46725220745793,0.9951061661826573,False,False,False,2.065251309508751,1.0465002138557868,0.04650121385578687,1,1
878,screen,BIHMH gen 53 screen / add_fix,4999579.76,420.2400000002235,3,C4;C5;C7,230,1078418.3427477926,19615.532747792542,1058802.81,311657773.4836832,35720523.85538831,275878109.7770926,59139.851202335165,275.8747252252954,1078704.78295037,19901.97295037,19712.0,96.46725220745793,0.9951061661826573,False,96.46725220745793,0.9951061661826573,False,False,False,2.065665724720163,1.0469092136754798,0.04691021367547987,1,1
879,screen,BIHMH gen 56 screen / add_fix,4999800.0,200.0,3,C4;C5;C7,230,1078418.3427477926,19615.532747792542,1058802.81,311729656.63661146,35720462.88148083,275950056.1344661,59137.620664513306,275.94667073737946,1078704.78295037,19901.97295037,19712.0,96.46725220745793,0.9951061661826573,False,96.46725220745793,0.9951061661826573,False,False,False,2.0659423637087024,1.0471822376700552,0.04718323767005528,1,1
880,screen,BIHMH gen 6 screen / crossover_fix,4999800.0,200.0,3,C4;C5;C7,223,1078418.3427477926,19615.532747792542,1058802.81,311810277.8588539,35762017.760735594,275989124.8350769,59135.26304135325,275.98574987226425,1078704.78295037,19901.97295037,19712.0,96.46725220745793,0.9951061661826573,False,96.46725220745793,0.9951061661826573,False,False,False,2.066092627596392,1.0473305379767979,0.0473315379767979,1,1
881,screen,user-specified station warm start rank 1: repairs=C4+C5+C7; oracle_EV=19712.551206; oracle_max_u=0.999999 / initial roads=corridor_impact,4999579.76,420.2400000002235,3,C4;C5;C7,31,1078515.3612064177,19712.551206417524,1058802.81,313260874.235673,35890074.135609075,277310569.88948023,60230.21058368606,277.3077263548289,1078704.78295037,19901.97295037,19712.0,0.0,1.0,True,0.0,1.0,True,False,False,2.0662819494397118,1.0523472692439662,0.05234826924396618,1,1
882,screen,BIHMH gen 8 screen / crossover_fix,4999579.76,420.2400000002235,3,C4;C5;C7,222,1078418.3427477926,19615.532747792542,1058802.81,311886390.42382854,35746455.7613724,276081132.34154105,58802.320915096345,276.0776247857824,1078704.78295037,19901.97295037,19712.0,96.46725220745793,0.9951061661826573,False,96.46725220745793,0.9951061661826573,False,False,False,2.066445897486501,1.047679191494764,0.0476801914947641,1,1
883,screen,user-specified station warm start rank 3: repairs=C2+C4+C5+C7; oracle_EV=19712.551206; oracle_max_u=0.999999 / randomized corridor fill 1,4999958.64,41.360000000335276,4,C2;C4;C5;C7,157,1078515.3612064177,19712.551206417524,1058802.81,313404313.6653708,35862046.84429249,277481268.6588181,60998.162260225086,277.47738213015214,1078704.78295037,19901.97295037,19712.0,0.0,1.0,True,0.0,1.0,True,False,False,2.0669342959270143,1.0529910911605773,0.05299209116057735,1,1
884,screen,BIHMH gen 15 screen / crossover_fix,4999800.0,200.0,3,C4;C5;C7,264,1078418.3427477926,19615.532747792542,1058802.81,312081815.328573,35758729.91769682,276264268.04409724,58817.36677889754,276.26094961648494,1078704.78295037,19901.97295037,19712.0,96.46725220745793,0.9951061661826573,False,96.46725220745793,0.9951061661826573,False,False,False,2.067150803105637,1.0483748857240967,0.04837588572409668,1,1
885,screen,user-specified station warm start rank 3: repairs=C2+C4+C5+C7; oracle_EV=19712.551206; oracle_max_u=0.999999 / randomized corridor fill 2,4999958.64,41.360000000335276,4,C2;C4;C5;C7,156,1078515.3612064177,19712.551206417524,1058802.81,313460572.843492,35854671.69815782,277544931.15742856,60969.987905589456,277.54122148287337,1078704.78295037,19901.97295037,19712.0,0.0,1.0,True,0.0,1.0,True,False,False,2.067179765775713,1.053233353319622,0.05323435331962212,1,1
886,screen,BIHMH gen 51 screen / add_fix,4999579.76,420.2400000002235,3,C4;C5;C7,191,1078515.3612064177,19712.551206417524,1058802.81,313355192.70831645,35719935.87661184,277575489.99924743,59766.83245714659,277.5736930485563,1078704.78295037,19901.97295037,19712.0,0.0,1.0,True,0.0,1.0,True,False,False,2.067304622779668,1.0533565787483676,0.05335757874836766,1,1
887,screen,BIHMH gen 41 screen / crossover_fix,4999800.0,200.0,3,C4;C5;C7,193,1078418.3427477926,19615.532747792542,1058802.81,312142580.45792234,35721873.60099392,276360606.3857734,60100.471155010004,276.35698906493906,1078704.78295037,19901.97295037,19712.0,96.46725220745793,0.9951061661826573,False,96.46725220745793,0.9951061661826573,False,False,False,2.06752008612428,1.0487393431182304,0.04874034311823039,1,1
888,screen,BIHMH gen 1 screen / add_fix,4999800.0,200.0,3,C4;C5;C7,189,1078515.3612064177,19712.551206417524,1058802.81,313429820.3090594,35737815.92867221,277632229.81905013,59774.561337053645,277.63037933185257,1078704.78295037,19901.97295037,19712.0,0.0,1.0,True,0.0,1.0,True,False,False,2.067522588231867,1.0535716959260044,0.05357269592600444,1,1
889,screen,BIHMH gen 37 screen / mip_intensify,4999800.0,200.0,3,C4;C5;C7,192,1078515.3612064177,19712.551206417524,1058802.81,313451096.5738866,35733005.38707045,277658250.0169419,59841.1698742029,277.6565212815377,1078704.78295037,19901.97295037,19712.0,0.0,1.0,True,0.0,1.0,True,False,False,2.0676231071149758,1.0536709012735277,0.05367190127352772,1,1
890,screen,BIHMH gen 38 screen / crossover_fix,4999800.0,200.0,3,C4;C5;C7,188,1078515.3612064177,19712.551206417524,1058802.81,313460817.1587172,35736415.071086794,277664570.40776837,59831.679862043755,277.66270655856573,1078704.78295037,19901.97295037,19712.0,0.0,1.0,True,0.0,1.0,True,False,False,2.0676468902354417,1.053694373606865,0.05369537360686494,1,1
891,screen,BIHMH gen 73 screen / crossover_fix,4999800.0,200.0,3,C4;C5;C7,231,1078418.3427477926,19615.532747792542,1058802.81,312206736.6065383,35722684.48617455,276424897.0091506,59155.111213132404,276.4219458519367,1078704.78295037,19901.97295037,19712.0,96.46725220745793,0.9951061661826573,False,96.46725220745793,0.9951061661826573,False,False,False,2.0677698526397057,1.048985845797093,0.048986845797093115,1,1
892,screen,BIHMH gen 78 screen / add_fix,4999800.0,200.0,3,C4;C5;C7,229,1078418.3427477926,19615.532747792542,1058802.81,312211028.150275,35724988.230590776,276426893.85280734,59146.06687684874,276.42388842657084,1078704.78295037,19901.97295037,19712.0,96.46725220745793,0.9951061661826573,False,96.46725220745793,0.9951061661826573,False,False,False,2.067777322068533,1.0489932176187817,0.048994217618781755,1,1
893,screen,BIHMH gen 54 screen / crossover_fix,4999800.0,200.0,3,C4;C5;C7,230,1078418.3427477926,19615.532747792542,1058802.81,312214590.8786369,35726197.352253824,276429236.4011393,59157.12524375412,276.42632530047655,1078704.78295037,19901.97295037,19712.0,96.46725220745793,0.9951061661826573,False,96.46725220745793,0.9951061661826573,False,False,False,2.0677866921364214,1.049002465242834,0.049003465242834054,1,1
894,screen,BIHMH gen 13 screen / crossover_fix,4999800.0,200.0,3,C4;C5;C7,225,1078418.3427477926,19615.532747792542,1058802.81,312274844.8558822,35751816.92397128,276463874.5200062,59153.41190475468,276.46093585591973,1078704.78295037,19901.97295037,19712.0,96.46725220745793,0.9951061661826573,False,96.46725220745793,0.9951061661826573,False,False,False,2.067919773808554,1.0491338078634904,0.04913480786349045,1,1
895,screen,BIHMH gen 73 screen / crossover_fix,4999579.76,420.2400000002235,3,C4;C5;C7,231,1078418.3427477926,19615.532747792542,1058802.81,312260809.5622212,35726597.54447164,276475057.15965694,59154.85809265223,276.47212313109077,1078704.78295037,19901.97295037,19712.0,96.46725220745793,0.9951061661826573,False,96.46725220745793,0.9951061661826573,False,False,False,2.067962790202463,1.0491762621384981,0.04917726213849816,1,1
896,screen,BIHMH gen 43 screen / crossover_fix,4999800.0,200.0,3,C4;C5;C7,183,1078515.3612064177,19712.551206417524,1058802.81,313533710.30950147,35725600.85907759,277748265.3406978,59844.10972605225,277.74646763270096,1078704.78295037,19901.97295037,19712.0,0.0,1.0,True,0.0,1.0,True,False,False,2.0679689614551258,1.0540122361446087,0.054013236144608734,1,1
897,screen,BIHMH gen 52 screen / add_fix,4999800.0,200.0,3,C4;C5;C7,190,1078515.3612064177,19712.551206417524,1058802.81,313536038.09397286,35722425.04870547,277753830.5413779,59782.50388950404,277.7519744136132,1078704.78295037,19901.97295037,19712.0,0.0,1.0,True,0.0,1.0,True,False,False,2.0679901356779165,1.054033133672173,0.054034133672173135,1,1
898,screen,BIHMH gen 60 screen / add_fix,4999579.76,420.2400000002235,3,C4;C5;C7,230,1078418.3427477926,19615.532747792542,1058802.81,312274098.1925602,35721325.326855816,276493623.1664784,59149.6992259597,276.49069702043164,1078704.78295037,19901.97295037,19712.0,96.46725220745793,0.9951061661826573,False,96.46725220745793,0.9951061661826573,False,False,False,2.06803420899999,1.0492467476672789,0.04924774766727891,1,1
899,screen,BIHMH gen 37 screen / crossover_fix,4999579.76,420.2400000002235,3,C4;C5;C7,183,1078515.3612064177,19712.551206417524,1058802.81,313558534.17610997,35724909.44430674,277773782.8944842,59841.837318992526,277.7719926850925,1078704.78295037,19901.97295037,19712.0,0.0,1.0,True,0.0,1.0,True,False,False,2.0680671082953035,1.0541091004459922,0.05411010044599218,1,1
900,screen,BIHMH gen 12 screen / crossover_fix,4999800.0,200.0,3,C4;C5;C7,223,1078418.3427477926,19615.532747792542,1058802.81,312379462.45269924,35756221.33897112,276564087.7991893,59153.31453878189,276.5611584505476,1078704.78295037,19901.97295037,19712.0,96.46725220745793,0.9951061661826573,False,96.46725220745793,0.9951061661826573,False,False,False,2.0683051415181373,1.0495141397610523,0.049515139761052374,1,1
901,screen,BIHMH gen 74 screen / add_fix,4999800.0,200.0,3,C4;C5;C7,231,1078418.3427477926,19615.532747792542,1058802.81,312359461.0128704,35730433.7439563,276569869.40933114,59157.85958290778,276.5670174202329,1078704.78295037,19901.97295037,19712.0,96.46725220745793,0.9951061661826573,False,96.46725220745793,0.9951061661826573,False,False,False,2.068327669948343,1.0495363737998582,0.04953737379985823,1,1
902,screen,BIHMH gen 34 screen / crossover_fix,4999800.0,200.0,3,C4;C5;C7,194,1078515.3612064177,19712.551206417524,1058802.81,313672690.0610737,35730802.08513284,277882052.8006994,59835.175241448786,277.8803275361844,1078704.78295037,19901.97295037,19712.0,0.0,1.0,True,0.0,1.0,True,False,False,2.0684836685888013,1.0545202173168022,0.05452121731680226,1,1
903,screen,BIHMH gen 65 screen / crossover_fix,4999579.76,420.2400000002235,3,C4;C5;C7,193,1078418.3427477926,19615.532747792542,1058802.81,312429841.5697004,35728651.96334877,276641485.58399916,59704.0223524935,276.63810799223637,1078704.78295037,19901.97295037,19712.0,96.46725220745793,0.9951061661826573,False,96.46725220745793,0.9951061661826573,False,False,False,2.06860102159133,1.0498061534064353,0.04980715340643538,1,1
904,screen,user-specified station warm start rank 1: repairs=C4+C5+C7; oracle_EV=19712.551206; oracle_max_u=0.999999 / randomized corridor fill 2,4999800.0,200.0,3,C4;C5;C7,180,1078418.3427477926,19615.532747792542,1058802.81,312480653.9120569,35724266.49253474,276697658.3574738,58729.062048370164,276.69507047999207,1078704.78295037,19901.97295037,19712.0,96.46725220745793,0.9951061661826573,False,96.46725220745793,0.9951061661826573,False,False,False,2.0688200490822877,1.0500223187445854,0.05002331874458543,1,1
905,screen,BIHMH gen 59 screen / add_fix,4999800.0,200.0,3,C4;C5;C7,231,1078418.3427477926,19615.532747792542,1058802.81,312546148.35355467,35727848.66981462,276759138.3248689,59161.358871132776,276.7563769733937,1078704.78295037,19901.97295037,19712.0,96.46725220745793,0.9951061661826573,False,96.46725220745793,0.9951061661826573,False,False,False,2.0690557797878486,1.0502549690272376,0.05025596902723761,1,1
906,screen,BIHMH gen 42 screen / mip_intensify,4999579.76,420.2400000002235,3,C4;C5;C7,191,1078515.3612064177,19712.551206417524,1058802.81,313871056.09562075,35729364.0775171,278081862.82312816,59829.19497547235,278.08013066091024,1078704.78295037,19901.97295037,19712.0,0.0,1.0,True,0.0,1.0,True,False,False,2.0692519351940426,1.0552784445593517,0.05527944455935174,1,1
907,screen,BIHMH gen 36 screen / add_fix,4999579.76,420.2400000002235,3,C4;C5;C7,195,1078515.3612064177,19712.551206417524,1058802.81,313906191.33926,35732472.68364157,278113984.6879426,59733.96767582062,278.11216383444895,1078704.78295037,19901.97295037,19712.0,0.0,1.0,True,0.0,1.0,True,False,False,2.069375106528442,1.055400006346114,0.055401006346114,1,1
908,screen,BIHMH gen 48 screen / mip_intensify,4999579.76,420.2400000002235,3,C4;C5;C7,191,1078515.3612064177,19712.551206417524,1058802.81,313917802.0526976,35726477.3745234,278131497.95168936,59826.72648483263,278.129758387263,1078704.78295037,19901.97295037,19712.0,0.0,1.0,True,0.0,1.0,True,False,False,2.069442759661393,1.0554667754183313,0.055467775418331366,1,1
909,screen,BIHMH gen 73 screen / mip_intensify,4999579.76,420.2400000002235,3,C4;C5;C7,191,1078515.3612064177,19712.551206417524,1058802.81,313929068.9736375,35726613.067608245,278142633.6529336,59822.253095661996,278.1408750406945,1078704.78295037,19901.97295037,19712.0,0.0,1.0,True,0.0,1.0,True,False,False,2.0694855045063756,1.0555089616928919,0.05550996169289191,1,1
910,screen,BIHMH gen 60 screen / mip_intensify,4999800.0,200.0,3,C4;C5;C7,192,1078515.3612064177,19712.551206417524,1058802.81,313936781.0310953,35732819.87615902,278144142.23895514,59818.915981191894,278.14237644586206,1078704.78295037,19901.97295037,19712.0,0.0,1.0,True,0.0,1.0,True,False,False,2.0694912775865153,1.055514659333015,0.055515659333014944,1,1
911,screen,BIHMH gen 53 screen / add_fix,4999800.0,200.0,3,C4;C5;C7,193,1078515.3612064177,19712.551206417524,1058802.81,313942636.50673395,35731537.28254449,278151342.1421193,59757.08207018103,278.1495761358088,1078704.78295037,19901.97295037,19712.0,0.0,1.0,True,0.0,1.0,True,False,False,2.069518961244425,1.0555419812333255,0.05554298123332557,1,1
912,screen,BIHMH gen 45 screen / mip_intensify,4999800.0,200.0,3,C4;C5;C7,192,1078515.3612064177,19712.551206417524,1058802.81,313950817.8375078,35731890.89017697,278159105.3307875,59821.61654335547,278.15736896800286,1078704.78295037,19901.97295037,19712.0,0.0,1.0,True,0.0,1.0,True,False,False,2.069548925604307,1.0555715540324209,0.055572554032420896,1,1
913,screen,BIHMH gen 64 screen / add_fix,4999800.0,200.0,3,C4;C5;C7,190,1078515.3612064177,19712.551206417524,1058802.81,313957346.140939,35725883.214177996,278171629.06337,59833.86339102709,278.169887186604,1078704.78295037,19901.97295037,19712.0,0.0,1.0,True,0.0,1.0,True,False,False,2.0695970596328497,1.0556190590671126,0.05562005906711265,1,1
914,screen,BIHMH gen 61 screen / mip_intensify,4999800.0,200.0,3,C4;C5;C7,204,1078418.3427477926,19615.532747792542,1058802.81,312774780.6987201,35719954.20451422,276995035.74330366,59790.7509022365,276.99152817178634,1078704.78295037,19901.97295037,19712.0,96.46725220745793,0.9951061661826573,False,96.46725220745793,0.9951061661826573,False,False,False,2.06995996390987,1.0511473376775482,0.05114833767754823,1,1
915,screen,BIHMH gen 53 screen / add_fix,4999800.0,200.0,3,C4;C5;C7,231,1078418.3427477926,19615.532747792542,1058802.81,312792601.5629014,35729477.134151444,277003950.6236384,59173.80511152542,277.0014119210986,1078704.78295037,19901.97295037,19712.0,96.46725220745793,0.9951061661826573,False,96.46725220745793,0.9951061661826573,False,False,False,2.069997968092946,1.051184845239041,0.05118584523904113,1,1
916,screen,BIHMH gen 22 screen / mip_intensify,4999800.0,200.0,3,C4;C5;C7,203,1078418.3427477926,19615.532747792542,1058802.81,312815208.23857725,35728655.78881003,277026661.37953234,59891.0702349029,277.0232068967535,1078704.78295037,19901.97295037,19712.0,96.46725220745793,0.9951061661826573,False,96.46725220745793,0.9951061661826573,False,False,False,2.0700817723476628,1.0512675543774237,0.051268554377423725,1,1
917,screen,BIHMH gen 55 screen / crossover_fix,4999800.0,200.0,3,C4;C5;C7,237,1078418.3427477926,19615.532747792542,1058802.81,312833889.8692909,35724213.432634994,277050881.92731506,58794.50934086192,277.04875300897174,1078704.78295037,19901.97295037,19712.0,96.46725220745793,0.9951061661826573,False,96.46725220745793,0.9951061661826573,False,False,False,2.0701800001653603,1.0513644985981492,0.051365498598149206,1,1
918,screen,BIHMH gen 58 screen / add_fix,4999800.0,200.0,3,C4;C5;C7,230,1078418.3427477926,19615.532747792542,1058802.81,312870120.7067199,35728082.41325791,277082867.0036323,59171.28982968377,277.08034494622734,1078704.78295037,19901.97295037,19712.0,96.46725220745793,0.9951061661826573,False,96.46725220745793,0.9951061661826573,False,False,False,2.070301474894155,1.0514843859497858,0.0514853859497858,1,1
919,screen,BIHMH gen 52 screen / add_fix,4999800.0,200.0,3,C4;C5;C7,232,1078418.3427477926,19615.532747792542,1058802.81,312877275.7975309,35730649.4770368,277087454.39821047,59171.922283660446,277.08493625987467,1078704.78295037,19901.97295037,19712.0,96.46725220745793,0.9951061661826573,False,96.46725220745793,0.9951061661826573,False,False,False,2.070319129037223,1.0515018093964474,0.05150280939644747,1,1
920,screen,BIHMH gen 64 screen / crossover_fix,4999579.76,420.2400000002235,3,C4;C5;C7,256,1078418.3427477926,19615.532747792542,1058802.81,312876950.5512172,35724297.43848397,277093854.04027987,58799.07245338624,277.0916955438803,1078704.78295037,19901.97295037,19712.0,96.46725220745793,0.9951061661826573,False,96.46725220745793,0.9951061661826573,False,False,False,2.0703451192822904,1.0515274600126738,0.05152846001267386,1,1
921,screen,BIHMH gen 56 screen / add_fix,4999800.0,200.0,3,C4;C5;C7,231,1078418.3427477926,19615.532747792542,1058802.81,312896220.62386394,35730488.77160911,277106554.7252879,59177.12696690074,277.1040562441069,1078704.78295037,19901.97295037,19712.0,96.46725220745793,0.9951061661826573,False,96.46725220745793,0.9951061661826573,False,False,False,2.0703926476340846,1.0515743672853288,0.051575367285328855,1,1
922,screen,BIHMH gen 53 screen / add_fix,4999579.76,420.2400000002235,3,C4;C5;C7,231,1078418.3427477926,19615.532747792542,1058802.81,312899421.25519794,35723194.84739852,277117064.7892014,59161.618598047455,277.1146039038609,1078704.78295037,19901.97295037,19712.0,96.46725220745793,0.9951061661826573,False,96.46725220745793,0.9951061661826573,False,False,False,2.070433204631196,1.0516143943018308,0.05161539430183082,1,1
923,screen,BIHMH gen 64 screen / add_fix,4999579.76,420.2400000002235,3,C4;C5;C7,230,1078418.3427477926,19615.532747792542,1058802.81,312922010.2225377,35731174.930408984,277131657.7958317,59177.49629703012,277.12917356376585,1078704.78295037,19901.97295037,19712.0,96.46725220745793,0.9951061661826573,False,96.46725220745793,0.9951061661826573,False,False,False,2.0704892266937645,1.0516696842932653,0.05167068429326538,1,1
924,screen,BIHMH gen 66 screen / add_fix,4999800.0,200.0,3,C4;C5;C7,231,1078418.3427477926,19615.532747792542,1058802.81,312945629.8127963,35732484.307641745,277153969.65699255,59175.8481619845,277.1514812355654,1078704.78295037,19901.97295037,19712.0,96.46725220745793,0.9951061661826573,False,96.46725220745793,0.9951061661826573,False,False,False,2.070575002325691,1.0517543390477866,0.05175533904778662,1,1
925,screen,BIHMH gen 31 screen / crossover_fix,4999800.0,200.0,3,C4;C5;C7,231,1078418.3427477926,19615.532747792542,1058802.81,313011584.3579507,35730401.09603309,277222345.75940466,58837.50251294578,277.2197617831145,1078704.78295037,19901.97295037,19712.0,96.46725220745793,0.9951061661826573,False,96.46725220745793,0.9951061661826573,False,False,False,2.0708375490928725,1.0520134549718192,0.052014454971819224,1,1
926,screen,BIHMH gen 80 screen / swap_fix,4999381.04,618.9599999999627,2,C5;C7,973,1078416.0752825502,19613.265282550037,1058802.81,569611014.7872068,35397601.442069605,534158878.05482036,54535.290316851635,534.1563967602905,1078704.78295037,19901.97295037,19712.0,98.73471744996277,0.9949911364930011,False,98.73471744996277,0.9949911364930011,False,False,False,6.441810330494677,1.3245719756034187,0.4099620979415882,3,3
927,screen,BIHMH gen 71 screen / remove_fix,4999381.04,618.9599999999627,2,C5;C7,974,1078416.0752825502,19613.265282550037,1058802.81,569709545.2175692,35409250.56376642,534245750.36100554,54544.292797213806,534.2432987219138,1078704.78295037,19901.97295037,19712.0,98.73471744996277,0.9949911364930011,False,98.73471744996277,0.9949911364930011,False,False,False,6.443295990824973,1.325122723703531,0.41144339177204825,3,3
928,screen,BIHMH gen 7 screen / remove_fix,4999381.04,618.9599999999627,2,C5;C7,973,1078416.0752825502,19613.265282550037,1058802.81,569719155.7949795,35423965.61226515,534240646.495363,54543.68735128951,534.2381822968301,1078704.78295037,19901.97295037,19712.0,98.73471744996277,0.9949911364930011,False,98.73471744996277,0.9949911364930011,False,False,False,6.44342053448256,1.324911503796952,0.411568192510935,3,3
929,screen,BIHMH gen 74 screen / swap_fix,4999381.04,618.9599999999627,2,C5;C7,973,1078416.0752825502,19613.265282550037,1058802.81,569721475.0934664,35406096.52201836,534260830.3943848,54548.17706324796,534.2583758545717,1078704.78295037,19901.97295037,19712.0,98.73471744996277,0.9949911364930011,False,98.73471744996277,0.9949911364930011,False,False,False,6.443892472294838,1.3253523326102838,0.41203911567216334,3,3
930,screen,BIHMH gen 62 screen / remove_fix,4999821.52,178.48000000044703,2,C5;C7,969,1078416.0752825502,19613.265282550037,1058802.81,569872670.3736384,35393591.99081472,534424533.34979874,54545.03302489144,534.4221261063251,1078704.78295037,19901.97295037,19712.0,98.73471744996277,0.9949911364930011,False,98.73471744996277,0.9949911364930011,False,False,False,6.445188927176801,1.324285520028769,0.41332734271399396,3,3
931,screen,BIHMH gen 60 screen / swap_fix,4999601.28,398.71999999973923,2,C5;C7,971,1078416.0752825502,19613.265282550037,1058802.81,569818368.5178455,35424190.65820181,534339615.27973235,54562.579911390225,534.3372091968967,1078704.78295037,19901.97295037,19712.0,98.73471744996277,0.9949911364930011,False,98.73471744996277,0.9949911364930011,False,False,False,6.445776443071443,1.3257781562267545,0.4139191253669944,3,3
932,screen,BIHMH gen 69 screen / remove_fix,4999601.28,398.71999999973923,2,C5;C7,975,1078416.0752825502,19613.265282550037,1058802.81,569825107.0745152,35427891.80181107,534342648.2196693,54567.05303481703,534.3402543435335,1078704.78295037,19901.97295037,19712.0,98.73471744996277,0.9949911364930011,False,98.73471744996277,0.9949911364930011,False,False,False,6.446186837428963,1.3258395365710829,0.4143293667172393,3,3
933,screen,BIHMH gen 39 screen / remove_fix,4999821.52,178.48000000044703,2,C5;C7,967,1078416.0752825502,19613.265282550037,1058802.81,569921764.9335657,35421891.53084264,534445306.53378147,54566.86894161855,534.4429204662201,1078704.78295037,19901.97295037,19712.0,98.73471744996277,0.9949911364930011,False,98.73471744996277,0.9949911364930011,False,False,False,6.447558001879641,1.32507888419792,0.4156953725777145,3,3
934,screen,BIHMH gen 69 screen / swap_fix,4999601.28,398.71999999973923,2,C5;C7,968,1078416.0752825502,19613.265282550037,1058802.81,569868438.0767564,35389045.630558364,534424829.46183914,54562.984358823254,534.4223543348579,1078704.78295037,19901.97295037,19712.0,98.73471744996277,0.9949911364930011,False,98.73471744996277,0.9949911364930011,False,False,False,6.4477124430660115,1.3256860316209942,0.41585084713557074,3,3
935,screen,BIHMH gen 40 screen / swap_fix,4999601.28,398.71999999973923,2,C5;C7,964,1078416.0752825502,19613.265282550037,1058802.81,569892797.7235215,35393342.029392295,534444892.5028508,54563.19127837837,534.442450857779,1078704.78295037,19901.97295037,19712.0,98.73471744996277,0.9949911364930011,False,98.73471744996277,0.9949911364930011,False,False,False,6.447756934298806,1.325212155748553,0.4158943285929547,3,3
936,screen,BIHMH gen 23 screen / swap_fix,4999821.52,178.48000000044703,2,C5;C7,963,1078416.0752825502,19613.265282550037,1058802.81,569772930.3790076,35391590.06161277,534326768.29671854,54572.02067623199,534.3242877379278,1078704.78295037,19901.97295037,19712.0,98.73471744996277,0.9949911364930011,False,98.73471744996277,0.9949911364930011,False,False,False,6.447887641208942,1.325592794166623,0.41603097275966927,3,3
937,screen,BIHMH gen 51 screen / swap_fix,4999381.04,618.9599999999627,2,C5;C7,967,1078416.0752825502,19613.265282550037,1058802.81,569562631.0203956,35394255.30279013,534113788.4651058,54587.252499752794,534.1112613309248,1078704.78295037,19901.97295037,19712.0,98.73471744996277,0.9949911364930011,False,98.73471744996277,0.9949911364930011,False,False,False,6.447911912971805,1.3258692731031378,0.4160659483058985,3,3
938,screen,BIHMH gen 66 screen / swap_fix,4999821.52,178.48000000044703,2,C5;C7,967,1078416.0752825502,19613.265282550037,1058802.81,569750730.3975792,35401606.71611568,534294553.2780457,54570.40341784067,534.2920164951404,1078704.78295037,19901.97295037,19712.0,98.73471744996277,0.9949911364930011,False,98.73471744996277,0.9949911364930011,False,False,False,6.447989022584394,1.3256309691234862,0.4161339756448518,3,3
939,screen,BIHMH gen 62 screen / swap_fix,4999821.52,178.48000000044703,2,C5;C7,967,1078416.0752825502,19613.265282550037,1058802.81,569939421.862929,35408607.30895257,534476249.15510064,54565.39887575935,534.4738361115742,1078704.78295037,19901.97295037,19712.0,98.73471744996277,0.9949911364930011,False,98.73471744996277,0.9949911364930011,False,False,False,6.448017451999356,1.3252104605716888,0.4161532693014206,3,3
940,screen,BIHMH gen 31 screen / swap_fix,4999381.04,618.9599999999627,2,C5;C7,962,1078416.0752825502,19613.265282550037,1058802.81,569878173.1267859,35418031.56118437,534405568.5666588,54572.99894268364,534.4031451629836,1078704.78295037,19901.97295037,19712.0,98.73471744996277,0.9949911364930011,False,98.73471744996277,0.9949911364930011,False,False,False,6.448403826354765,1.3250576354517656,0.4165431956136515,3,3
941,screen,BIHMH gen 63 screen / swap_fix,4999821.52,178.48000000044703,2,C5;C7,969,1078416.0752825502,19613.265282550037,1058802.81,569933882.1622459,35402039.46063066,534477270.77564263,54571.92597254305,534.4748778677806,1078704.78295037,19901.97295037,19712.0,98.73471744996277,0.9949911364930011,False,98.73471744996277,0.9949911364930011,False,False,False,6.448417989043767,1.3255939646372958,0.41655375400146266,3,3
942,screen,BIHMH gen 41 screen / remove_fix,4999821.52,178.48000000044703,2,C5;C7,964,1078416.0752825502,19613.265282550037,1058802.81,569807186.7112542,35400118.09252087,534352492.3244494,54576.29428396589,534.3500280853232,1078704.78295037,19901.97295037,19712.0,98.73471744996277,0.9949911364930011,False,98.73471744996277,0.9949911364930011,False,False,False,6.448438660472308,1.3257567858543948,0.4165806986664701,3,3
943,screen,BIHMH gen 20 screen / swap_fix,4999821.52,178.48000000044703,2,C5;C7,973,1078416.0752825502,19613.265282550037,1058802.81,570056447.5064124,35405786.1873939,534596102.1115327,54559.20748577698,534.5936909985932,1078704.78295037,19901.97295037,19712.0,98.73471744996277,0.9949911364930011,False,98.73471744996277,0.9949911364930011,False,False,False,6.448516192507314,1.325255659698099,0.41664598754780047,3,3
944,screen,BIHMH gen 16 screen / swap_fix,4999381.04,618.9599999999627,2,C5;C7,966,1078416.0752825502,19613.265282550037,1058802.81,569903445.1198175,35431153.36124237,534417715.2354982,54576.523076963065,534.4152946336006,1078704.78295037,19901.97295037,19712.0,98.73471744996277,0.9949911364930011,False,98.73471744996277,0.9949911364930011,False,False,False,6.4487585646067345,1.325480637768791,0.4168973233999823,3,3
945,screen,BIHMH gen 51 screen / swap_fix,4999821.52,178.48000000044703,2,C5;C7,977,1078416.0752825502,19613.265282550037,1058802.81,569904110.6789913,35408740.3461359,534440793.6500018,54576.68285363611,534.4383399270347,1078704.78295037,19901.97295037,19712.0,98.73471744996277,0.9949911364930011,False,98.73471744996277,0.9949911364930011,False,False,False,6.449050075182724,1.3263824872496144,0.41718767603582807,3,3
946,screen,BIHMH gen 45 screen / remove_fix,4999601.28,398.71999999973923,2,C5;C7,963,1078416.0752825502,19613.265282550037,1058802.81,569953996.3337464,35410910.56395027,534488510.1114665,54575.65832966914,534.4861105894021,1078704.78295037,19901.97295037,19712.0,98.73471744996277,0.9949911364930011,False,98.73471744996277,0.9949911364930011,False,False,False,6.449135731053678,1.325533800896146,0.41727093160895745,3,3
947,screen,BIHMH gen 57 screen / swap_fix,4999821.52,178.48000000044703,2,C5;C7,978,1078416.0752825502,19613.265282550037,1058802.81,570055583.1092185,35406327.1942256,534594688.38145506,54567.53353781198,534.5923184827602,1078704.78295037,19901.97295037,19712.0,98.73471744996277,0.9949911364930011,False,98.73471744996277,0.9949911364930011,False,False,False,6.449175902711899,1.324903994107429,0.41730576671619357,3,3
948,screen,BIHMH gen 49 screen / swap_fix,4999601.28,398.71999999973923,2,C5;C7,965,1078416.0752825502,19613.265282550037,1058802.81,569881904.8111606,35396725.15990151,534430604.45654535,54575.194713665274,534.4281268531962,1078704.78295037,19901.97295037,19712.0,98.73471744996277,0.9949911364930011,False,98.73471744996277,0.9949911364930011,False,False,False,6.449319204710481,1.3257841531687315,0.4174573187324976,3,3
949,screen,BIHMH gen 20 screen / swap_fix,4999601.28,398.71999999973923,2,C5;C7,969,1078416.0752825502,19613.265282550037,1058802.81,569986314.3059433,35437894.974373,534493841.2760884,54578.05548186136,534.4914443345082,1078704.78295037,19901.97295037,19712.0,98.73471744996277,0.9949911364930011,False,98.73471744996277,0.9949911364930011,False,False,False,6.449359350771767,1.3257681672216626,0.41749428332622396,3,3
950,screen,BIHMH gen 75 screen / swap_fix,4999601.28,398.71999999973923,2,C5;C7,971,1078416.0752825502,19613.265282550037,1058802.81,569921199.6819937,35391579.560431324,534475043.4514493,54576.670113141176,534.4726310072303,1078704.78295037,19901.97295037,19712.0,98.73471744996277,0.9949911364930011,False,98.73471744996277,0.9949911364930011,False,False,False,6.449442140997029,1.3251915303816326,0.4175780188510968,3,3
951,screen,BIHMH gen 55 screen / remove_fix,4999821.52,178.48000000044703,2,C5;C7,973,1078416.0752825502,19613.265282550037,1058802.81,570054610.8542855,35399821.18287191,534600222.4162352,54567.25517831018,534.5978097257203,1078704.78295037,19901.97295037,19712.0,98.73471744996277,0.9949911364930011,False,98.73471744996277,0.9949911364930011,False,False,False,6.449599533856989,1.3252756591053452,0.417729121946781,3,3
952,screen,BIHMH gen 76 screen / swap_fix,4999821.52,178.48000000044703,2,C5;C7,971,1078416.0752825502,19613.265282550037,1058802.81,569927936.2823421,35409762.57150774,534463593.68401766,54580.02681672094,534.4612048335117,1078704.78295037,19901.97295037,19712.0,98.73471744996277,0.9949911364930011,False,98.73471744996277,0.9949911364930011,False,False,False,6.449645591659943,1.3247142405900219,0.4177820436366747,3,3
953,screen,BIHMH gen 48 screen / remove_fix,4999601.28,398.71999999973923,2,C5;C7,968,1078416.0752825502,19613.265282550037,1058802.81,569925817.66118,35408551.16502704,534462687.27804315,54579.21810981808,534.4602668687264,1078704.78295037,19901.97295037,19712.0,98.73471744996277,0.9949911364930011,False,98.73471744996277,0.9949911364930011,False,False,False,6.449655046204738,1.3253635271461262,0.41779154531070606,3,3
954,screen,BIHMH gen 65 screen / swap_fix,4999381.04,618.9599999999627,2,C5;C7,966,1078416.0752825502,19613.265282550037,1058802.81,569927595.6869547,35397890.098901674,534475131.27692515,54574.311127885594,534.472649718391,1078704.78295037,19901.97295037,19712.0,98.73471744996277,0.9949911364930011,False,98.73471744996277,0.9949911364930011,False,False,False,6.449673700144022,1.3259451844786814,0.41780957705792365,3,3
955,screen,BIHMH gen 70 screen / swap_fix,4999821.52,178.48000000044703,2,C5;C7,971,1078416.0752825502,19613.265282550037,1058802.81,569973047.1189022,35387303.34400667,534531172.3674503,54571.40744519668,534.5287263269755,1078704.78295037,19901.97295037,19712.0,98.73471744996277,0.9949911364930011,False,98.73471744996277,0.9949911364930011,False,False,False,6.449681900674602,1.325509776893886,0.4178149599478239,3,3
956,screen,BIHMH gen 24 screen / swap_fix,4999821.52,178.48000000044703,2,C5;C7,968,1078416.0752825502,19613.265282550037,1058802.81,569946010.7586415,35397950.57388238,534493481.06747156,54579.11728755082,534.4910868041931,1078704.78295037,19901.97295037,19712.0,98.73471744996277,0.9949911364930011,False,98.73471744996277,0.9949911364930011,False,False,False,6.449700524514998,1.325231244878496,0.41783547503402196,3,3
957,screen,BIHMH gen 36 screen / swap_fix,4999381.04,618.9599999999627,2,C5;C7,965,1078416.0752825502,19613.265282550037,1058802.81,569959935.7201104,35398192.212063596,534507167.3546876,54576.15335922816,534.5047349007925,1078704.78295037,19901.97295037,19712.0,98.73471744996277,0.9949911364930011,False,98.73471744996277,0.9949911364930011,False,False,False,6.449711563936571,1.3258083973331731,0.41784582868958375,3,3
958,screen,BIHMH gen 68 screen / swap_fix,4999601.28,398.71999999973923,2,C5;C7,970,1078416.0752825502,19613.265282550037,1058802.81,570003181.720473,35398893.935262956,534549712.0684162,54575.716793922686,534.5472920838463,1078704.78295037,19901.97295037,19712.0,98.73471744996277,0.9949911364930011,False,98.73471744996277,0.9949911364930011,False,False,False,6.449837582195825,1.3260937047809371,0.41796970860892857,3,3
959,screen,BIHMH gen 80 screen / swap_fix,4999381.04,618.9599999999627,2,C5;C7,975,1078416.0752825502,19613.265282550037,1058802.81,570087825.8941132,35423449.41345161,534609799.92056143,54576.56010010952,534.6074283696986,1078704.78295037,19901.97295037,19712.0,98.73471744996277,0.9949911364930011,False,98.73471744996277,0.9949911364930011,False,False,False,6.449981862542742,1.3260766674102593,0.41811096733150654,3,3
960,screen,BIHMH gen 6 screen / swap_fix,4999821.52,178.48000000044703,2,C5;C7,966,1078416.0752825502,19613.265282550037,1058802.81,569935408.1803802,35422594.19213258,534458232.4485455,54581.53970215864,534.4558138615529,1078704.78295037,19901.97295037,19712.0,98.73471744996277,0.9949911364930011,False,98.73471744996277,0.9949911364930011,False,False,False,6.449991902068298,1.325113658031303,0.41812862492128844,3,3
961,screen,BIHMH gen 51 screen / swap_fix,4999381.04,618.9599999999627,2,C5;C7,980,1078416.0752825502,19613.265282550037,1058802.81,570129839.5745867,35427830.52006364,534647434.66626763,54574.38825546491,534.6450535379377,1078704.78295037,19901.97295037,19712.0,98.73471744996277,0.9949911364930011,False,98.73471744996277,0.9949911364930011,False,False,False,6.450198303557518,1.3261970494076007,0.41832551782174365,3,3
962,screen,BIHMH gen 70 screen / swap_fix,4999821.52,178.48000000044703,2,C5;C7,980,1078416.0752825502,19613.265282550037,1058802.81,570028317.9960307,35415195.45716029,534558538.9290101,54583.60986029805,534.5561522487474,1078704.78295037,19901.97295037,19712.0,98.73471744996277,0.9949911364930011,False,98.73471744996277,0.9949911364930011,False,False,False,6.450259942847067,1.3266277310382337,0.41839162406989006,3,3
963,screen,BIHMH gen 65 screen / remove_fix,4999381.04,618.9599999999627,2,C5;C7,974,1078416.0752825502,19613.265282550037,1058802.81,570021575.538139,35415051.99347015,534551949.781302,54573.763366826286,534.5495033052781,1078704.78295037,19901.97295037,19712.0,98.73471744996277,0.9949911364930011,False,98.73471744996277,0.9949911364930011,False,False,False,6.450276556657268,1.3253815730315797,0.41840857196473247,3,3
964,screen,BIHMH gen 63 screen / swap_fix,4999381.04,618.9599999999627,2,C5;C7,974,1078416.0752825502,19613.265282550037,1058802.81,570119013.229532,35411441.25962403,534652998.01804274,54573.95186529534,534.6506233866019,1078704.78295037,19901.97295037,19712.0,98.73471744996277,0.9949911364930011,False,98.73471744996277,0.9949911364930011,False,False,False,6.450351693628431,1.3256858017900433,0.41847862802850966,3,3
965,screen,BIHMH gen 29 screen / swap_fix,4999821.52,178.48000000044703,2,C5;C7,966,1078416.0752825502,19613.265282550037,1058802.81,569999380.0697494,35393510.16160151,534551292.7690047,54577.13914311536,534.5488681824194,1078704.78295037,19901.97295037,19712.0,98.73471744996277,0.9949911364930011,False,98.73471744996277,0.9949911364930011,False,False,False,6.450362288438853,1.3255112991465616,0.41849433565887517,3,3
966,screen,BIHMH gen 35 screen / swap_fix,4999381.04,618.9599999999627,2,C5;C7,968,1078416.0752825502,19613.265282550037,1058802.81,570057602.6459672,35433090.79601738,534569928.54719174,54583.30275813427,534.5675544078928,1078704.78295037,19901.97295037,19712.0,98.73471744996277,0.9949911364930011,False,98.73471744996277,0.9949911364930011,False,False,False,6.450427112180837,1.3260853343784353,0.41855822048764046,3,3
967,screen,BIHMH gen 49 screen / swap_fix,4999821.52,178.48000000044703,2,C5;C7,969,1078416.0752825502,19613.265282550037,1058802.81,569944262.0874925,35387294.852352396,534502388.2596529,54578.97548719339,534.4999182954144,1078704.78295037,19901.97295037,19712.0,98.73471744996277,0.9949911364930011,False,98.73471744996277,0.9949911364930011,False,False,False,6.450496129667709,1.3257949496972543,0.4186306364371991,3,3
968,screen,BIHMH gen 37 screen / remove_fix,4999381.04,618.9599999999627,2,C5;C7,974,1078416.0752825502,19613.265282550037,1058802.81,570065947.4787,35416941.91568959,534594424.68656915,54580.876441305394,534.5920290792867,1078704.78295037,19901.97295037,19712.0,98.73471744996277,0.9949911364930011,False,98.73471744996277,0.9949911364930011,False,False,False,6.450520648454109,1.3264301595848822,0.4186505269998494,3,3
969,screen,BIHMH gen 68 screen / swap_fix,4999821.52,178.48000000044703,2,C5;C7,969,1078416.0752825502,19613.265282550037,1058802.81,569937638.9392006,35413563.91935393,534469485.5319213,54589.487925356116,534.4670684748107,1078704.78295037,19901.97295037,19712.0,98.73471744996277,0.9949911364930011,False,98.73471744996277,0.9949911364930011,False,False,False,6.450691078720537,1.3260314427716573,0.4188272360711366,3,3
970,screen,BIHMH gen 23 screen / swap_fix,4999821.52,178.48000000044703,2,C5;C7,969,1078416.0752825502,19613.265282550037,1058802.81,569952663.6631194,35401889.33710895,534496186.81925285,54587.50675761373,534.4937804662095,1078704.78295037,19901.97295037,19712.0,98.73471744996277,0.9949911364930011,False,98.73471744996277,0.9949911364930011,False,False,False,6.450755653878868,1.3256811837021192,0.41889046905141114,3,3
971,screen,BIHMH gen 66 screen / swap_fix,4999601.28,398.71999999973923,2,C5;C7,970,1078416.0752825502,19613.265282550037,1058802.81,570041179.4248765,35416513.25763565,534570080.982318,54585.18492282039,534.567699540391,1078704.78295037,19901.97295037,19712.0,98.73471744996277,0.9949911364930011,False,98.73471744996277,0.9949911364930011,False,False,False,6.450802849385621,1.32600810656841,0.4189339504000559,3,3
972,screen,BIHMH gen 76 screen / remove_fix,4999821.52,178.48000000044703,2,C5;C7,974,1078416.0752825502,19613.265282550037,1058802.81,570048449.4237738,35395644.45624645,534598228.70160013,54576.265927194065,534.595766459689,1078704.78295037,19901.97295037,19712.0,98.73471744996277,0.9949911364930011,False,98.73471744996277,0.9949911364930011,False,False,False,6.450852286945409,1.326366468650029,0.418981977701708,3,3
973,screen,BIHMH gen 59 screen / remove_fix,4999601.28,398.71999999973923,2,C5;C7,974,1078416.0752825502,19613.265282550037,1058802.81,570007885.4249915,35396467.7269634,534556829.9381733,54587.75985479275,534.5544424769621,1078704.78295037,19901.97295037,19712.0,98.73471744996277,0.9949911364930011,False,98.73471744996277,0.9949911364930011,False,False,False,6.450855261218194,1.3264644107284576,0.41898702835068036,3,3
974,screen,BIHMH gen 80 screen / swap_fix,4999821.52,178.48000000044703,2,C5;C7,971,1078416.0752825502,19613.265282550037,1058802.81,570155141.7946622,35424116.40122068,534676447.9155281,54577.47791348753,534.674083878792,1078704.78295037,19901.97295037,19712.0,98.73471744996277,0.9949911364930011,False,98.73471744996277,0.9949911364930011,False,False,False,6.450871101024118,1.3257930931343158,0.4189968566218626,3,3
975,screen,BIHMH gen 44 screen / swap_fix,4999821.52,178.48000000044703,2,C5;C7,969,1078416.0752825502,19613.265282550037,1058802.81,570145111.2989525,35412385.2894236,534678148.4807492,54577.52877965694,534.6757709112652,1078704.78295037,19901.97295037,19712.0,98.73471744996277,0.9949911364930011,False,98.73471744996277,0.9949911364930011,False,False,False,6.45092444380205,1.3261292699463196,0.41905011463269626,3,3
976,screen,BIHMH gen 39 screen / swap_fix,4999821.52,178.48000000044703,2,C5;C7,967,1078416.0752825502,19613.265282550037,1058802.81,570064973.793073,35413462.19657149,534596927.8179367,54583.77856489112,534.5945291762189,1078704.78295037,19901.97295037,19712.0,98.73471744996277,0.9949911364930011,False,98.73471744996277,0.9949911364930011,False,False,False,6.451013290224383,1.3263105932329993,0.4191430431495661,3,3
977,screen,BIHMH gen 66 screen / swap_fix,4999601.28,398.71999999973923,2,C5;C7,977,1078416.0752825502,19613.265282550037,1058802.81,570034068.477705,35409079.72467782,534570406.48683757,54582.266189607195,534.5679721909147,1078704.78295037,19901.97295037,19712.0,98.73471744996277,0.9949911364930011,False,98.73471744996277,0.9949911364930011,False,False,False,6.4511606305964,1.3259300122978106,0.4192917179111618,3,3
978,screen,BIHMH gen 35 screen / swap_fix,4999821.52,178.48000000044703,2,C5;C7,969,1078416.0752825502,19613.265282550037,1058802.81,570103422.994406,35418002.31935506,534630838.6937729,54581.98127796585,534.6284730447687,1078704.78295037,19901.97295037,19712.0,98.73471744996277,0.9949911364930011,False,98.73471744996277,0.9949911364930011,False,False,False,6.451164179656585,1.3253423236077762,0.4192922270288254,3,3
979,screen,BIHMH gen 46 screen / swap_fix,4999821.52,178.48000000044703,2,C5;C7,969,1078416.0752825502,19613.265282550037,1058802.81,570152373.0857257,35413945.23941898,534683847.31348616,54580.532820471264,534.6814873109935,1078704.78295037,19901.97295037,19712.0,98.73471744996277,0.9949911364930011,False,98.73471744996277,0.9949911364930011,False,False,False,6.451239757227709,1.325899796523175,0.41936514083056464,3,3
980,screen,BIHMH gen 76 screen / swap_fix,4999821.52,178.48000000044703,2,C5;C7,970,1078416.0752825502,19613.265282550037,1058802.81,570019020.0643947,35413646.73849881,534550782.6693318,54590.65656411711,534.5483876069785,1078704.78295037,19901.97295037,19712.0,98.73471744996277,0.9949911364930011,False,98.73471744996277,0.9949911364930011,False,False,False,6.451276401430134,1.3264253798349979,0.4194084727972808,3,3
981,screen,BIHMH gen 55 screen / remove_fix,4999601.28,398.71999999973923,2,C5;C7,969,1078416.0752825502,19613.265282550037,1058802.81,570139682.0533421,35412132.6297756,534672967.4742181,54581.949348448565,534.6705974405261,1078704.78295037,19901.97295037,19712.0,98.73471744996277,0.9949911364930011,False,98.73471744996277,0.9949911364930011,False,False,False,6.45131806017202,1.32615448502996,0.41944399095029905,3,3
982,screen,BIHMH gen 38 screen / swap_fix,4999821.52,178.48000000044703,2,C5;C7,976,1078416.0752825502,19613.265282550037,1058802.81,570125236.2770491,35414119.07004056,534656539.4220615,54577.78494703577,534.6541478620835,1078704.78295037,19901.97295037,19712.0,98.73471744996277,0.9949911364930011,False,98.73471744996277,0.9949911364930011,False,False,False,6.451336843694964,1.325178513095463,0.41946360100328073,3,3
983,screen,BIHMH gen 6 screen / swap_fix,4999821.52,178.48000000044703,2,C5;C7,971,1078416.0752825502,19613.265282550037,1058802.81,570034765.7880726,35398300.45502602,534581881.57737285,54583.75567376624,534.5794482818076,1078704.78295037,19901.97295037,19712.0,98.73471744996277,0.9949911364930011,False,98.73471744996277,0.9949911364930011,False,False,False,6.451343672686756,1.326195291629966,0.4194741833707022,3,3
984,screen,BIHMH gen 31 screen / swap_fix,4999821.52,178.48000000044703,2,C5;C7,970,1078416.0752825502,19613.265282550037,1058802.81,570141703.4851882,35428628.82940989,534658492.6599079,54581.9958704649,534.6561109340371,1078704.78295037,19901.97295037,19712.0,98.73471744996277,0.9949911364930011,False,98.73471744996277,0.9949911364930011,False,False,False,6.451369898819723,1.326043319455956,0.4194965574909867,3,3
985,screen,BIHMH gen 41 screen / swap_fix,4999381.04,618.9599999999627,2,C5;C7,968,1078416.0752825502,19613.265282550037,1058802.81,570144493.688696,35398914.05635396,534691003.4844771,54576.14786500825,534.6886175804462,1078704.78295037,19901.97295037,19712.0,98.73471744996277,0.9949911364930011,False,98.73471744996277,0.9949911364930011,False,False,False,6.45142583408718,1.3252023128712742,0.4195508594205589,3,3
986,screen,BIHMH gen 56 screen / remove_fix,4999601.28,398.71999999973923,2,C5;C7,977,1078416.0752825502,19613.265282550037,1058802.81,570168843.2721139,35416009.39700958,534698249.70028275,54584.17482161896,534.6958826511776,1078704.78295037,19901.97295037,19712.0,98.73471744996277,0.9949911364930011,False,98.73471744996277,0.9949911364930011,False,False,False,6.451555838635555,1.3267833698722846,0.41968049892619386,3,3
987,screen,BIHMH gen 35 screen / remove_fix,4999601.28,398.71999999973923,2,C5;C7,966,1078416.0752825502,19613.265282550037,1058802.81,570062697.9825261,35386046.88087273,534622071.6712649,54579.430388402616,534.6196397776182,1078704.78295037,19901.97295037,19712.0,98.73471744996277,0.9949911364930011,False,98.73471744996277,0.9949911364930011,False,False,False,6.4515852182159685,1.3253955347802515,0.41971370942697594,3,3
988,screen,BIHMH gen 75 screen / remove_fix,4999821.52,178.48000000044703,2,C5;C7,968,1078416.0752825502,19613.265282550037,1058802.81,569939995.3873672,35400822.15246257,534484581.91097957,54591.32392511441,534.4821356018173,1078704.78295037,19901.97295037,19712.0,98.73471744996277,0.9949911364930011,False,98.73471744996277,0.9949911364930011,False,False,False,6.451596246460847,1.3257553705274725,0.4197316467444442,3,3
989,screen,BIHMH gen 59 screen / swap_fix,4999601.28,398.71999999973923,2,C5;C7,972,1078416.0752825502,19613.265282550037,1058802.81,570165752.4683065,35417595.06954278,534693571.41473854,54585.9840251878,534.6912052354851,1078704.78295037,19901.97295037,19712.0,98.73471744996277,0.9949911364930011,False,98.73471744996277,0.9949911364930011,False,False,False,6.451602982544829,1.3270450820454984,0.4197278778581811,3,3
990,screen,BIHMH gen 19 screen / swap_fix,4999821.52,178.48000000044703,2,C5;C7,967,1078416.0752825502,19613.265282550037,1058802.81,570055827.2350016,35433596.98178455,534567639.156566,54591.096650968335,534.5652627825754,1078704.78295037,19901.97295037,19712.0,98.73471744996277,0.9949911364930011,False,98.73471744996277,0.9949911364930011,False,False,False,6.451648243715727,1.3255989059558635,0.4197794671681655,3,3
991,screen,BIHMH gen 53 screen / swap_fix,4999821.52,178.48000000044703,2,C5;C7,970,1078416.0752825502,19613.265282550037,1058802.81,570144814.2573243,35379357.07106617,534710882.3747943,54574.811463856706,534.7084941067174,1078704.78295037,19901.97295037,19712.0,98.73471744996277,0.9949911364930011,False,98.73471744996277,0.9949911364930011,False,False,False,6.451686956474645,1.3248096103037388,0.419810983086624,3,3
992,screen,BIHMH gen 7 screen / swap_fix,4999821.52,178.48000000044703,2,C5;C7,970,1078416.0752825502,19613.265282550037,1058802.81,570119864.9339635,35420947.17428498,534644329.50670874,54588.25296980308,534.6419715131448,1078704.78295037,19901.97295037,19712.0,98.73471744996277,0.9949911364930011,False,98.73471744996277,0.9949911364930011,False,False,False,6.451710988696258,1.3259967939151216,0.41983835782074796,3,3
993,screen,BIHMH gen 70 screen / swap_fix,4999381.04,618.9599999999627,2,C5;C7,975,1078416.0752825502,19613.265282550037,1058802.81,570131721.2774305,35418393.772094786,534658736.7664567,54590.73887899503,534.656376770148,1078704.78295037,19901.97295037,19712.0,98.73471744996277,0.9949911364930011,False,98.73471744996277,0.9949911364930011,False,False,False,6.4519454553387225,1.3265890465757841,0.42007210065271183,3,3
994,screen,BIHMH gen 50 screen / swap_fix,4999601.28,398.71999999973923,2,C5;C7,965,1078416.0752825502,19613.265282550037,1058802.81,570100475.7406113,35393115.70943078,534652774.73915035,54585.29203022117,534.650383021879,1078704.78295037,19901.97295037,19712.0,98.73471744996277,0.9949911364930011,False,98.73471744996277,0.9949911364930011,False,False,False,6.451968710166934,1.3258029901394557,0.4200956566444455,3,3
995,screen,BIHMH gen 79 screen / remove_fix,4999821.52,178.48000000044703,2,C5;C7,974,1078416.0752825502,19613.265282550037,1058802.81,570145209.5302217,35411743.90789523,534678884.0062618,54581.616064635884,534.6765034453746,1078704.78295037,19901.97295037,19712.0,98.73471744996277,0.9949911364930011,False,98.73471744996277,0.9949911364930011,False,False,False,6.4519967770351405,1.3250294757788927,0.42012241105867754,3,3
996,screen,BIHMH gen 36 screen / swap_fix,4999821.52,178.48000000044703,2,C5;C7,969,1078416.0752825502,19613.265282550037,1058802.81,570212431.1306753,35395481.08113834,534762371.5473037,54578.50223335609,534.7599964564125,1078704.78295037,19901.97295037,19712.0,98.73471744996277,0.9949911364930011,False,98.73471744996277,0.9949911364930011,False,False,False,6.452018335291266,1.3259846215092133,0.42013977410203396,3,3
997,screen,BIHMH gen 15 screen / swap_fix,4999821.52,178.48000000044703,2,C5;C7,969,1078416.0752825502,19613.265282550037,1058802.81,570195464.9544265,35431299.94028587,534709580.484749,54584.52939163221,534.7072146560411,1078704.78295037,19901.97295037,19712.0,98.73471744996277,0.9949911364930011,False,98.73471744996277,0.9949911364930011,False,False,False,6.452022408048821,1.3261024447042236,0.4201464989484299,3,3
998,screen,BIHMH gen 56 screen / remove_fix,4999601.28,398.71999999973923,2,C5;C7,970,1078416.0752825502,19613.265282550037,1058802.81,570123182.87043,35413710.005245194,534654889.8224188,54583.042766010716,534.652490263009,1078704.78295037,19901.97295037,19712.0,98.73471744996277,0.9949911364930011,False,98.73471744996277,0.9949911364930011,False,False,False,6.452094589545689,1.3251767550478606,0.4202214301421837,3,3
999,screen,BIHMH gen 19 screen / swap_fix,4999821.52,178.48000000044703,2,C5;C7,967,1078416.0752825502,19613.265282550037,1058802.81,570211618.1768968,35432722.46506509,534724311.4147985,54584.29703324706,534.7219430731853,1078704.78295037,19901.97295037,19712.0,98.73471744996277,0.9949911364930011,False,98.73471744996277,0.9949911364930011,False,False,False,6.4521398697533465,1.3262131753260555,0.4202632206048621,3,3
1000,screen,BIHMH gen 72 screen / swap_fix,4999381.04,618.9599999999627,2,C5;C7,962,1078416.0752825502,19613.265282550037,1058802.81,570022623.9033687,35395446.393909074,534572586.5773649,54590.93209472071,534.5701932526413,1078704.78295037,19901.97295037,19712.0,98.73471744996277,0.9949911364930011,False,98.73471744996277,0.9949911364930011,False,False,False,6.452178741504328,1.325010856686893,0.42030971721901345,3,3
1001,screen,BIHMH gen 2 screen / remove_fix,4999601.28,398.71999999973923,2,C5;C7,966,1078416.0752825502,19613.265282550037,1058802.81,570188644.5896082,35438683.12715171,534695373.33868194,54588.12377456645,534.6930077082357,1078704.78295037,19901.97295037,19712.0,98.73471744996277,0.9949911364930011,False,98.73471744996277,0.9949911364930011,False,False,False,6.452193688662612,1.3263780744905511,0.42031849340842287,3,3
1002,screen,BIHMH gen 43 screen / swap_fix,4999381.04,618.9599999999627,2,C5;C7,966,1078416.0752825502,19613.265282550037,1058802.81,570095590.8510981,35397382.50016415,534643621.32696104,54587.02397291873,534.6412012680581,1078704.78295037,19901.97295037,19712.0,98.73471744996277,0.9949911364930011,False,98.73471744996277,0.9949911364930011,False,False,False,6.452285060210086,1.3261752926364057,0.42041246803652144,3,3
1003,screen,BIHMH gen 19 screen / remove_fix,4999821.52,178.48000000044703,2,C5;C7,963,1078416.0752825502,19613.265282550037,1058802.81,570029792.6758199,35392156.745087475,534583047.14582396,54588.78490839071,534.5805986542343,1078704.78295037,19901.97295037,19712.0,98.73471744996277,0.9949911364930011,False,98.73471744996277,0.9949911364930011,False,False,False,6.452286097803807,1.3259834194750468,0.4204165506858245,3,3
1004,screen,BIHMH gen 9 screen / swap_fix,4999601.28,398.71999999973923,2,C5;C7,967,1078416.0752825502,19613.265282550037,1058802.81,570295226.1451675,35414249.67105576,534826399.0412258,54577.43288590857,534.8240382948635,1078704.78295037,19901.97295037,19712.0,98.73471744996277,0.9949911364930011,False,98.73471744996277,0.9949911364930011,False,False,False,6.4523705662772635,1.3260546526047186,0.42048878722422456,3,3
1005,screen,BIHMH gen 39 screen / swap_fix,4999601.28,398.71999999973923,2,C5;C7,972,1078416.0752825502,19613.265282550037,1058802.81,570199920.3071742,35419078.90922392,534726255.3501566,54586.04779367509,534.7238839025165,1078704.78295037,19901.97295037,19712.0,98.73471744996277,0.9949911364930011,False,98.73471744996277,0.9949911364930011,False,False,False,6.452419002890199,1.3262290187129608,0.42054225622227104,3,3
1006,screen,BIHMH gen 10 screen / remove_fix,4999601.28,398.71999999973923,2,C5;C7,966,1078416.0752825502,19613.265282550037,1058802.81,570142676.8031774,35411405.41328851,534676684.92025167,54586.469637130846,534.6742954591641,1078704.78295037,19901.97295037,19712.0,98.73471744996277,0.9949911364930011,False,98.73471744996277,0.9949911364930011,False,False,False,6.4524326973012744,1.3256331714647733,0.42055844226789263,3,3
1007,screen,BIHMH gen 73 screen / swap_fix,4999821.52,178.48000000044703,2,C5;C7,968,1078416.0752825502,19613.265282550037,1058802.81,570042925.9951934,35391717.84982521,534596619.15513724,54588.990230929776,534.5941781729689,1078704.78295037,19901.97295037,19712.0,98.73471744996277,0.9949911364930011,False,98.73471744996277,0.9949911364930011,False,False,False,6.452510053810839,1.3256736246727905,0.4206398243726285,3,3
1008,screen,BIHMH gen 68 screen / swap_fix,4999821.52,178.48000000044703,2,C5;C7,973,1078416.0752825502,19613.265282550037,1058802.81,570205822.8584895,35403021.362224355,534748216.7228421,54584.77342310291,534.7458506902306,1078704.78295037,19901.97295037,19712.0,98.73471744996277,0.9949911364930011,False,98.73471744996277,0.9949911364930011,False,False,False,6.45266473775218,1.3257126392571517,0.42078688733500125,3,3
1009,screen,BIHMH gen 59 screen / swap_fix,4999381.04,618.9599999999627,2,C5;C7,972,1078416.0752825502,19613.265282550037,1058802.81,570045064.221147,35402103.84070326,534588363.8018708,54596.578572827086,534.5859679170379,1078704.78295037,19901.97295037,19712.0,98.73471744996277,0.9949911364930011,False,98.73471744996277,0.9949911364930011,False,False,False,6.452763926364903,1.3257641092739643,0.4208941094614672,3,3
1010,screen,BIHMH gen 77 screen / remove_fix,4999821.52,178.48000000044703,2,C5;C7,975,1078416.0752825502,19613.265282550037,1058802.81,570172911.015517,35406950.25019184,534711372.82050323,54587.94482186174,534.7090084083654,1078704.78295037,19901.97295037,19712.0,98.73471744996277,0.9949911364930011,False,98.73471744996277,0.9949911364930011,False,False,False,6.452800885788664,1.3253548377884004,0.42092488655890026,3,3
1011,screen,BIHMH gen 43 screen / remove_fix,4999381.04,618.9599999999627,2,C5;C7,970,1078416.0752825502,19613.265282550037,1058802.81,570180108.560799,35425731.09031214,534699789.54328305,54587.92720377641,534.697397880883,1078704.78295037,19901.97295037,19712.0,98.73471744996277,0.9949911364930011,False,98.73471744996277,0.9949911364930011,False,False,False,6.4528361985515055,1.3257815499526584,0.4209607827074958,3,3
1012,screen,BIHMH gen 25 screen / remove_fix,4999601.28,398.71999999973923,2,C5;C7,970,1078416.0752825502,19613.265282550037,1058802.81,570250923.3042805,35408835.4032974,534787503.05821323,54584.84276983958,534.7851445282781,1078704.78295037,19901.97295037,19712.0,98.73471744996277,0.9949911364930011,False,98.73471744996277,0.9949911364930011,False,False,False,6.4528432682272925,1.3260772958589477,0.4209634434411337,3,3
1013,screen,BIHMH gen 62 screen / remove_fix,4999821.52,178.48000000044703,2,C5;C7,976,1078416.0752825502,19613.265282550037,1058802.81,570067438.4403936,35423169.28403031,534589672.67449766,54596.48186561423,534.5872627104623,1078704.78295037,19901.97295037,19712.0,98.73471744996277,0.9949911364930011,False,98.73471744996277,0.9949911364930011,False,False,False,6.452948326042556,1.3257691633084394,0.4210784440805736,3,3
1014,screen,BIHMH gen 80 screen / swap_fix,4999821.52,178.48000000044703,2,C5;C7,968,1078416.0752825502,19613.265282550037,1058802.81,570120108.9588159,35403136.53280137,534662375.9742022,54596.45181239482,534.660010368427,1078704.78295037,19901.97295037,19712.0,98.73471744996277,0.9949911364930011,False,98.73471744996277,0.9949911364930011,False,False,False,6.452968832309548,1.3261999017019241,0.42109529504876,3,3
1015,screen,BIHMH gen 75 screen / remove_fix,4999381.04,618.9599999999627,2,C5;C7,970,1078416.0752825502,19613.265282550037,1058802.81,569996727.0372924,35407014.056656376,534535109.3754186,54603.605217349286,534.5327248220377,1078704.78295037,19901.97295037,19712.0,98.73471744996277,0.9949911364930011,False,98.73471744996277,0.9949911364930011,False,False,False,6.452972554324981,1.3256373325667166,0.42110541268872315,3,3
1016,screen,BIHMH gen 55 screen / swap_fix,4999821.52,178.48000000044703,2,C5;C7,974,1078416.0752825502,19613.265282550037,1058802.81,570210916.8497918,35419195.27460329,534737130.5009314,54591.074257127504,534.7347744624974,1078704.78295037,19901.97295037,19712.0,98.73471744996277,0.9949911364930011,False,98.73471744996277,0.9949911364930011,False,False,False,6.452997858686907,1.3261769654826059,0.42112056480891036,3,3
1017,screen,BIHMH gen 64 screen / remove_fix,4999821.52,178.48000000044703,2,C5;C7,979,1078416.0752825502,19613.265282550037,1058802.81,570137018.7403048,35410459.247633904,534671965.1585696,54594.33410137186,534.6695781793197,1078704.78295037,19901.97295037,19712.0,98.73471744996277,0.9949911364930011,False,98.73471744996277,0.9949911364930011,False,False,False,6.453016405841425,1.3263633642784498,0.42114238783378266,3,3
1018,screen,BIHMH gen 26 screen / swap_fix,4999821.52,178.48000000044703,2,C5;C7,969,1078416.0752825502,19613.265282550037,1058802.81,570165504.6270093,35400619.16328711,534710294.6328638,54590.83085831116,534.7079162931439,1078704.78295037,19901.97295037,19712.0,98.73471744996277,0.9949911364930011,False,98.73471744996277,0.9949911364930011,False,False,False,6.453060046881191,1.3259733104084341,0.4211841025261497,3,3
1019,screen,BIHMH gen 78 screen / swap_fix,4999821.52,178.48000000044703,2,C5;C7,979,1078416.0752825502,19613.265282550037,1058802.81,570259583.7789017,35422309.04433575,534782684.70845926,54590.026106662524,534.7803310828668,1078704.78295037,19901.97295037,19712.0,98.73471744996277,0.9949911364930011,False,98.73471744996277,0.9949911364930011,False,False,False,6.453088068468636,1.3267255749050058,0.42120848554017754,3,3
1020,screen,BIHMH gen 3 screen / remove_fix,4999821.52,178.48000000044703,2,C5;C7,966,1078416.0752825502,19613.265282550037,1058802.81,570166945.3556967,35438604.66352153,534673751.6505367,54589.041638435585,534.6713522894776,1078704.78295037,19901.97295037,19712.0,98.73471744996277,0.9949911364930011,False,98.73471744996277,0.9949911364930011,False,False,False,6.4530904707449315,1.3251241759546615,0.42121636359486236,3,3
1021,screen,BIHMH gen 46 screen / remove_fix,4999601.28,398.71999999973923,2,C5;C7,970,1078416.0752825502,19613.265282550037,1058802.81,570106528.6404111,35402905.69715741,534649028.07938266,54594.86387108911,534.6466645323927,1078704.78295037,19901.97295037,19712.0,98.73471744996277,0.9949911364930011,False,98.73471744996277,0.9949911364930011,False,False,False,6.453145374469676,1.324984528978051,0.42127250778743097,3,3
1022,screen,BIHMH gen 9 screen / remove_fix,4999601.28,398.71999999973923,2,C5;C7,969,1078416.0752825502,19613.265282550037,1058802.81,570220286.9179698,35409641.486955024,534756055.50131255,54589.929702206595,534.7536881558115,1078704.78295037,19901.97295037,19712.0,98.73471744996277,0.9949911364930011,False,98.73471744996277,0.9949911364930011,False,False,False,6.453257725165369,1.3260826942253503,0.42137948094474276,3,3
1023,screen,BIHMH gen 11 screen / swap_fix,4999601.28,398.71999999973923,2,C5;C7,970,1078416.0752825502,19613.265282550037,1058802.81,570341037.8485037,35443849.95866278,534842605.1555704,54582.7342705259,534.8402538995006,1078704.78295037,19901.97295037,19712.0,98.73471744996277,0.9949911364930011,False,98.73471744996277,0.9949911364930011,False,False,False,6.453307290206832,1.3256008749506158,0.42142469638006774,3,3
1024,screen,BIHMH gen 18 screen / swap_fix,4999381.04,618.9599999999627,2,C5;C7,966,1078416.0752825502,19613.265282550037,1058802.81,570166393.7537881,35413000.239051744,534698796.89916635,54596.61557003969,534.6964475646865,1078704.78295037,19901.97295037,19712.0,98.73471744996277,0.9949911364930011,False,98.73471744996277,0.9949911364930011,False,False,False,6.453362294023842,1.3257900044742248,0.42148692592968084,3,3
1025,screen,BIHMH gen 69 screen / swap_fix,4999821.52,178.48000000044703,2,C5;C7,970,1078416.0752825502,19613.265282550037,1058802.81,570188590.0836737,35390566.46421313,534743434.0007243,54589.618736317614,534.7410739836229,1078704.78295037,19901.97295037,19712.0,98.73471744996277,0.9949911364930011,False,98.73471744996277,0.9949911364930011,False,False,False,6.453395502772791,1.325173037478028,0.4215178923673252,3,3
1026,screen,BIHMH gen 76 screen / swap_fix,4999821.52,178.48000000044703,2,C5;C7,967,1078416.0752825502,19613.265282550037,1058802.81,570190912.3966848,35399832.55560349,534736488.089527,54591.75155421457,534.7341084994478,1078704.78295037,19901.97295037,19712.0,98.73471744996277,0.9949911364930011,False,98.73471744996277,0.9949911364930011,False,False,False,6.453582724178748,1.3257598831320885,0.4217054637629135,3,3
1027,screen,BIHMH gen 14 screen / swap_fix,4999821.52,178.48000000044703,2,C5;C7,974,1078416.0752825502,19613.265282550037,1058802.81,570138691.8361714,35437662.63342403,534646429.52787465,54599.67487267646,534.6440570984756,1078704.78295037,19901.97295037,19712.0,98.73471744996277,0.9949911364930011,False,98.73471744996277,0.9949911364930011,False,False,False,6.4536182168843155,1.3254911807017637,0.42174548121591193,3,3
1028,screen,BIHMH gen 18 screen / swap_fix,4999821.52,178.48000000044703,2,C5;C7,977,1078416.0752825502,19613.265282550037,1058802.81,570218988.1968155,35398511.650002524,534765885.3665645,54591.180248473356,534.7635039031895,1078704.78295037,19901.97295037,19712.0,98.73471744996277,0.9949911364930011,False,98.73471744996277,0.9949911364930011,False,False,False,6.4536532686904735,1.3262135585615973,0.42177453126510744,3,3
1029,screen,BIHMH gen 58 screen / swap_fix,4999821.52,178.48000000044703,2,C5;C7,971,1078416.0752825502,19613.265282550037,1058802.81,570235993.393409,35406251.24279719,534775155.01114917,54587.13946261344,534.7727934067359,1078704.78295037,19901.97295037,19712.0,98.73471744996277,0.9949911364930011,False,98.73471744996277,0.9949911364930011,False,False,False,6.45366851396826,1.3247034959646515,0.421789309779948,3,3
1030,screen,BIHMH gen 62 screen / swap_fix,4999821.52,178.48000000044703,2,C5;C7,965,1078416.0752825502,19613.265282550037,1058802.81,570289003.8680747,35410782.06875132,534823634.29835564,54587.50096765185,534.8212776203209,1078704.78295037,19901.97295037,19712.0,98.73471744996277,0.9949911364930011,False,98.73471744996277,0.9949911364930011,False,False,False,6.453721276846681,1.325722807885453,0.421839636507254,3,3
1031,screen,BIHMH gen 6 screen / remove_fix,4999601.28,398.71999999973923,2,C5;C7,960,1078416.0752825502,19613.265282550037,1058802.81,570072068.5035797,35423642.25775643,534593824.58785903,54601.65796429815,534.5914224341889,1078704.78295037,19901.97295037,19712.0,98.73471744996277,0.9949911364930011,False,98.73471744996277,0.9949911364930011,False,False,False,6.453745925178478,1.3253466306533506,0.42187583420587516,3,3
1032,screen,BIHMH gen 14 screen / swap_fix,4999821.52,178.48000000044703,2,C5;C7,969,1078416.0752825502,19613.265282550037,1058802.81,570253792.957433,35437689.70799892,534761509.45209837,54593.797335718395,534.7591564026055,1078704.78295037,19901.97295037,19712.0,98.73471744996277,0.9949911364930011,False,98.73471744996277,0.9949911364930011,False,False,False,6.45376602292572,1.3257623203432458,0.42188750394606267,3,3
1033,screen,BIHMH gen 78 screen / swap_fix,4999821.52,178.48000000044703,2,C5;C7,979,1078416.0752825502,19613.265282550037,1058802.81,570265061.3934658,35416888.298505984,534793579.7639085,54593.33105127525,534.7912262374044,1078704.78295037,19901.97295037,19712.0,98.73471744996277,0.9949911364930011,False,98.73471744996277,0.9949911364930011,False,False,False,6.453864119811424,1.3262126446591918,0.4219839894420375,3,3
1034,screen,BIHMH gen 2 screen / swap_fix,4999821.52,178.48000000044703,2,C5;C7,969,1078416.0752825502,19613.265282550037,1058802.81,570163527.1821347,35394025.351349205,534714905.12940806,54596.70137746184,534.7125098920679,1078704.78295037,19901.97295037,19712.0,98.73471744996277,0.9949911364930011,False,98.73471744996277,0.9949911364930011,False,False,False,6.453885234652232,1.326402841895112,0.4220090594859579,3,3
1035,screen,BIHMH gen 72 screen / swap_fix,4999821.52,178.48000000044703,2,C5;C7,976,1078416.0752825502,19613.265282550037,1058802.81,570281294.8030236,35414762.51924942,534811940.9460088,54591.33776541443,534.809577266585,1078704.78295037,19901.97295037,19712.0,98.73471744996277,0.9949911364930011,False,98.73471744996277,0.9949911364930011,False,False,False,6.453895937485666,1.3263308340959397,0.4220148850454265,3,3
1036,screen,BIHMH gen 42 screen / swap_fix,4999821.52,178.48000000044703,2,C5;C7,969,1078416.0752825502,19613.265282550037,1058802.81,570214725.9666178,35393750.36423104,534766382.512379,54593.090007813196,534.7640167525359,1078704.78295037,19901.97295037,19712.0,98.73471744996277,0.9949911364930011,False,98.73471744996277,0.9949911364930011,False,False,False,6.453901047792176,1.3257621636774009,0.4220222845980409,3,3
1037,screen,BIHMH gen 26 screen / remove_fix,4999821.52,178.48000000044703,2,C5;C7,975,1078416.0752825502,19613.265282550037,1058802.81,570197410.5053736,35402318.48520762,534740496.595789,54595.424376960866,534.7381161976257,1078704.78295037,19901.97295037,19712.0,98.73471744996277,0.9949911364930011,False,98.73471744996277,0.9949911364930011,False,False,False,6.453947623379658,1.3261066719881212,0.422070161591921,3,3
1038,screen,BIHMH gen 30 screen / swap_fix,4999601.28,398.71999999973923,2,C5;C7,970,1078416.0752825502,19613.265282550037,1058802.81,570174097.7116053,35426102.19662495,534693394.0909984,54601.423981964275,534.691039475677,1078704.78295037,19901.97295037,19712.0,98.73471744996277,0.9949911364930011,False,98.73471744996277,0.9949911364930011,False,False,False,6.454115475440126,1.3255100100322765,0.42224037908229184,3,3
1039,screen,BIHMH gen 72 screen / remove_fix,4999821.52,178.48000000044703,2,C5;C7,973,1078416.0752825502,19613.265282550037,1058802.81,570210440.5330589,35418306.55052073,534737537.940696,54596.041842126666,534.7351503489886,1078704.78295037,19901.97295037,19712.0,98.73471744996277,0.9949911364930011,False,98.73471744996277,0.9949911364930011,False,False,False,6.454175687164996,1.3259148833063663,0.4222983744001033,3,3
1040,screen,BIHMH gen 9 screen / remove_fix,4999821.52,178.48000000044703,2,C5;C7,968,1078416.0752825502,19613.265282550037,1058802.81,570285196.247079,35435439.182331294,534795162.31091523,54594.75383248074,534.7928126297951,1078704.78295037,19901.97295037,19712.0,98.73471744996277,0.9949911364930011,False,98.73471744996277,0.9949911364930011,False,False,False,6.4541948851400335,1.3258111639040842,0.42231467506033893,3,3
1041,screen,BIHMH gen 65 screen / remove_fix,4999381.04,618.9599999999627,2,C5;C7,969,1078416.0752825502,19613.265282550037,1058802.81,570281859.1042318,35414041.36156869,534813223.8875046,54593.85515858456,534.8108713309375,1078704.78295037,19901.97295037,19712.0,98.73471744996277,0.9949911364930011,False,98.73471744996277,0.9949911364930011,False,False,False,6.454214325117969,1.326042399695584,0.42233320765581717,3,3
1042,screen,BIHMH gen 49 screen / swap_fix,4999821.52,178.48000000044703,2,C5;C7,971,1078416.0752825502,19613.265282550037,1058802.81,570260941.837026,35416717.061033435,534789630.7986411,54593.97735151253,534.7872692825368,1078704.78295037,19901.97295037,19712.0,98.73471744996277,0.9949911364930011,False,98.73471744996277,0.9949911364930011,False,False,False,6.4542484537834675,1.3256911783704308,0.4223685222363226,3,3
1043,screen,BIHMH gen 66 screen / swap_fix,4999381.04,618.9599999999627,2,C5;C7,973,1078416.0752825502,19613.265282550037,1058802.81,570126551.2814527,35404520.033768326,534667429.7052475,54601.54243679493,534.6650398531053,1078704.78295037,19901.97295037,19712.0,98.73471744996277,0.9949911364930011,False,98.73471744996277,0.9949911364930011,False,False,False,6.454284343789739,1.3255736716679445,0.42241055381608283,3,3
1044,screen,BIHMH gen 27 screen / swap_fix,4999821.52,178.48000000044703,2,C5;C7,966,1078416.0752825502,19613.265282550037,1058802.81,570268601.3716455,35409421.38679646,534804584.06503165,54595.919817310234,534.8022349767517,1078704.78295037,19901.97295037,19712.0,98.73471744996277,0.9949911364930011,False,98.73471744996277,0.9949911364930011,False,False,False,6.454372829144841,1.3259589753782035,0.42249214562731374,3,3
1045,screen,BIHMH gen 33 screen / remove_fix,4999601.28,398.71999999973923,2,C5;C7,976,1078416.0752825502,19613.265282550037,1058802.81,570191317.5868033,35412368.841646805,534724348.20840347,54600.53675300443,534.7219874455168,1078704.78295037,19901.97295037,19712.0,98.73471744996277,0.9949911364930011,False,98.73471744996277,0.9949911364930011,False,False,False,6.454412237443698,1.3255512137359637,0.4225355860656689,3,3
1046,screen,BIHMH gen 6 screen / remove_fix,4999381.04,618.9599999999627,2,C5;C7,970,1078416.0752825502,19613.265282550037,1058802.81,570196775.3723028,35414412.63897378,534727759.42881143,54603.30451756943,534.7254062812627,1078704.78295037,19901.97295037,19712.0,98.73471744996277,0.9949911364930011,False,98.73471744996277,0.9949911364930011,False,False,False,6.4544630328574035,1.326069281508879,0.42258620969561467,3,3
1047,screen,BIHMH gen 59 screen / swap_fix,4999821.52,178.48000000044703,2,C5;C7,972,1078416.0752825502,19613.265282550037,1058802.81,570072348.0110214,35411196.35797622,534606543.1881681,54608.46487702364,534.6041260613512,1078704.78295037,19901.97295037,19712.0,98.73471744996277,0.9949911364930011,False,98.73471744996277,0.9949911364930011,False,False,False,6.454531072072848,1.326261832922281,0.42266034279030495,3,3
1048,screen,BIHMH gen 34 screen / remove_fix,4999381.04,618.9599999999627,2,C5;C7,968,1078416.0752825502,19613.265282550037,1058802.81,570261715.4473193,35423352.16868495,534783762.60877496,54600.66985939877,534.7814134616613,1078704.78295037,19901.97295037,19712.0,98.73471744996277,0.9949911364930011,False,98.73471744996277,0.9949911364930011,False,False,False,6.454726100565827,1.326005755559852,0.42284646325186614,3,3
1049,screen,BIHMH gen 14 screen / remove_fix,4999821.52,178.48000000044703,2,C5;C7,970,1078416.0752825502,19613.265282550037,1058802.81,570250903.4537042,35437427.75895472,534758875.89274836,54599.80200120049,534.7565195327018,1078704.78295037,19901.97295037,19712.0,98.73471744996277,0.9949911364930011,False,98.73471744996277,0.9949911364930011,False,False,False,6.454746244183188,1.3253272367943203,0.422867857696421,3,3
1050,screen,BIHMH gen 15 screen / remove_fix,4999601.28,398.71999999973923,2,C5;C7,971,1078416.0752825502,19613.265282550037,1058802.81,570233681.8310068,35441032.148817554,534738045.4180277,54604.2641615319,534.7356961358183,1078704.78295037,19901.97295037,19712.0,98.73471744996277,0.9949911364930011,False,98.73471744996277,0.9949911364930011,False,False,False,6.454763243154318,1.3258162889171647,0.4228859029656703,3,3
1051,screen,BIHMH gen 75 screen / remove_fix,4999821.52,178.48000000044703,2,C5;C7,967,1078416.0752825502,19613.265282550037,1058802.81,570333001.8768314,35413376.64132429,534865027.76280755,54597.47269961056,534.8626894588111,1078704.78295037,19901.97295037,19712.0,98.73471744996277,0.9949911364930011,False,98.73471744996277,0.9949911364930011,False,False,False,6.454932203175719,1.3263198631918889,0.42304848204567913,3,3
1052,screen,BIHMH gen 69 screen / swap_fix,4999821.52,178.48000000044703,2,C5;C7,970,1078416.0752825502,19613.265282550037,1058802.81,570288712.489963,35404510.43843152,534829601.79074526,54600.2607862745,534.8272454542805,1078704.78295037,19901.97295037,19712.0,98.73471744996277,0.9949911364930011,False,98.73471744996277,0.9949911364930011,False,False,False,6.455053298644643,1.3265029662333165,0.4231713584437903,3,3
1053,screen,BIHMH gen 35 screen / remove_fix,4999601.28,398.71999999973923,2,C5;C7,973,1078416.0752825502,19613.265282550037,1058802.81,570263888.4112362,35415278.0730478,534794009.66931814,54600.668870256486,534.7916374993282,1078704.78295037,19901.97295037,19712.0,98.73471744996277,0.9949911364930011,False,98.73471744996277,0.9949911364930011,False,False,False,6.455066031574608,1.3261851115353396,0.4231858805408427,3,3
1054,screen,BIHMH gen 42 screen / swap_fix,4999821.52,178.48000000044703,2,C5;C7,961,1078416.0752825502,19613.265282550037,1058802.81,570117695.6661222,35398092.31967567,534664997.4554003,54605.89104623787,534.6626182492533,1078704.78295037,19901.97295037,19712.0,98.73471744996277,0.9949911364930011,False,98.73471744996277,0.9949911364930011,False,False,False,6.455105392232389,1.3246238739481266,0.42323172393530484,3,3
1055,screen,BIHMH gen 25 screen / swap_fix,4999381.04,618.9599999999627,2,C5;C7,963,1078416.0752825502,19613.265282550037,1058802.81,570284024.4199772,35417437.331049055,534811985.0764082,54602.012519932556,534.8096419721878,1078704.78295037,19901.97295037,19712.0,98.73471744996277,0.9949911364930011,False,98.73471744996277,0.9949911364930011,False,False,False,6.455137121543924,1.3259893140083294,0.4232560658524688,3,3
1056,screen,BIHMH gen 70 screen / swap_fix,4999381.04,618.9599999999627,2,C5;C7,972,1078416.0752825502,19613.265282550037,1058802.81,570279203.1176087,35399604.69541389,534824995.9950066,54602.427188187,534.8226407318596,1078704.78295037,19901.97295037,19712.0,98.73471744996277,0.9949911364930011,False,98.73471744996277,0.9949911364930011,False,False,False,6.4553978661322216,1.3262103859166978,0.4235161573015175,3,3
1057,screen,BIHMH gen 2 screen / swap_fix,4999821.52,178.48000000044703,2,C5;C7,963,1078416.0752825502,19613.265282550037,1058802.81,570243740.6674825,35404516.29466069,534784616.5669097,54607.805912169824,534.782267860143,1078704.78295037,19901.97295037,19712.0,98.73471744996277,0.9949911364930011,False,98.73471744996277,0.9949911364930011,False,False,False,6.455779828879516,1.325699366015324,0.4239001486352151,3,3
1058,screen,BIHMH gen 9 screen / remove_fix,4999821.52,178.48000000044703,2,C5;C7,973,1078416.0752825502,19613.265282550037,1058802.81,570352597.6739337,35434974.15477975,534863019.77520394,54603.74395001836,534.8606867100983,1078704.78295037,19901.97295037,19712.0,98.73471744996277,0.9949911364930011,False,98.73471744996277,0.9949911364930011,False,False,False,6.455811926236841,1.3259400285948721,0.423928305737462,3,3
1059,screen,BIHMH gen 49 screen / swap_fix,4999601.28,398.71999999973923,2,C5;C7,963,1078416.0752825502,19613.265282550037,1058802.81,570184366.7995447,35390393.30363418,534739365.53359413,54607.962316392164,534.7369854803524,1078704.78295037,19901.97295037,19712.0,98.73471744996277,0.9949911364930011,False,98.73471744996277,0.9949911364930011,False,False,False,6.455896624974912,1.3253039919774459,0.42401922000150416,3,3
1060,screen,BIHMH gen 80 screen / swap_fix,4999381.04,618.9599999999627,2,C5;C7,963,1078416.0752825502,19613.265282550037,1058802.81,570099837.2724047,35377949.08627771,534667274.7245146,54613.46161233626,534.6648847616202,1078704.78295037,19901.97295037,19712.0,98.73471744996277,0.9949911364930011,False,98.73471744996277,0.9949911364930011,False,False,False,6.455949449018287,1.3252558876175788,0.4240756668373994,3,3
1061,screen,BIHMH gen 68 screen / swap_fix,4999821.52,178.48000000044703,2,C5;C7,967,1078416.0752825502,19613.265282550037,1058802.81,570255399.2848136,35411626.68591904,534789168.4762108,54604.1226838901,534.7867815670587,1078704.78295037,19901.97295037,19712.0,98.73471744996277,0.9949911364930011,False,98.73471744996277,0.9949911364930011,False,False,False,6.455951615553319,1.3255169606850565,0.4240717085120599,3,3
1062,screen,BIHMH gen 75 screen / remove_fix,4999821.52,178.48000000044703,2,C5;C7,975,1078416.0752825502,19613.265282550037,1058802.81,570378864.2676278,35428915.15715314,534895343.4424744,54605.668000220096,534.8929988533007,1078704.78295037,19901.97295037,19712.0,98.73471744996277,0.9949911364930011,False,98.73471744996277,0.9949911364930011,False,False,False,6.456197906104366,1.3267599638961076,0.42431266204016393,3,3
1063,screen,BIHMH gen 24 screen / remove_fix,4999821.52,178.48000000044703,2,C5;C7,966,1078416.0752825502,19613.265282550037,1058802.81,570188300.2682513,35389604.01191985,534744087.1424195,54609.11391195885,534.7416849625127,1078704.78295037,19901.97295037,19712.0,98.73471744996277,0.9949911364930011,False,98.73471744996277,0.9949911364930011,False,False,False,6.4562215456542,1.3256589161669616,0.424343904549321,3,3
1064,screen,BIHMH gen 46 screen / swap_fix,4999821.52,178.48000000044703,2,C5;C7,974,1078416.0752825502,19613.265282550037,1058802.81,570369970.2209879,35408547.29925814,534906819.04888463,54603.87284514306,534.9044857285193,1078704.78295037,19901.97295037,19712.0,98.73471744996277,0.9949911364930011,False,98.73471744996277,0.9949911364930011,False,False,False,6.456466186794129,1.3256187964972639,0.4245803655572399,3,3
1065,screen,BIHMH gen 28 screen / swap_fix,4999601.28,398.71999999973923,2,C5;C7,970,1078416.0752825502,19613.265282550037,1058802.81,570418103.2765162,35421796.95048098,534941701.7743845,54604.55165077335,534.9393724521155,1078704.78295037,19901.97295037,19712.0,98.73471744996277,0.9949911364930011,False,98.73471744996277,0.9949911364930011,False,False,False,6.456507632095398,1.3264461417922149,0.42462005793061064,3,3
1066,screen,BIHMH gen 76 screen / swap_fix,4999821.52,178.48000000044703,2,C5;C7,971,1078416.0752825502,19613.265282550037,1058802.81,570303076.6387949,35424972.54494868,534823496.40065384,54607.693192394945,534.8211349756625,1078704.78295037,19901.97295037,19712.0,98.73471744996277,0.9949911364930011,False,98.73471744996277,0.9949911364930011,False,False,False,6.456559843212807,1.3252818792592798,0.42467821004074147,3,3
1067,screen,BIHMH gen 23 screen / swap_fix,4999381.04,618.9599999999627,2,C5;C7,968,1078416.0752825502,19613.265282550037,1058802.81,570191375.8930216,35399280.932194024,534737480.02649635,54614.9343311961,534.7351076540557,1078704.78295037,19901.97295037,19712.0,98.73471744996277,0.9949911364930011,False,98.73471744996277,0.9949911364930011,False,False,False,6.4567210018135475,1.3251773934413313,0.4248436911939161,3,3
1068,screen,BIHMH gen 17 screen / remove_fix,4999381.04,618.9599999999627,2,C5;C7,972,1078416.0752825502,19613.265282550037,1058802.81,570279461.5423609,35423365.39129255,534801484.80258477,54611.34848355774,534.7991088228456,1078704.78295037,19901.97295037,19712.0,98.73471744996277,0.9949911364930011,False,98.73471744996277,0.9949911364930011,False,False,False,6.456895777170875,1.3254534304443553,0.42501525073093493,3,3
1069,screen,BIHMH gen 25 screen / remove_fix,4999381.04,618.9599999999627,2,C5;C7,967,1078416.0752825502,19613.265282550037,1058802.81,570402817.4225631,35421334.196124464,534926875.5461757,54607.68026291447,534.9245561008727,1078704.78295037,19901.97295037,19712.0,98.73471744996277,0.9949911364930011,False,98.73471744996277,0.9949911364930011,False,False,False,6.456931761339025,1.325735158323702,0.42504493164069224,3,3
1070,screen,BIHMH gen 22 screen / remove_fix,4999601.28,398.71999999973923,2,C5;C7,966,1078416.0752825502,19613.265282550037,1058802.81,570188232.6289557,35394547.01896079,534739068.86558497,54616.74440994929,534.736690558784,1078704.78295037,19901.97295037,19712.0,98.73471744996277,0.9949911364930011,False,98.73471744996277,0.9949911364930011,False,False,False,6.45700000900338,1.3252825970474436,0.42512261884868285,3,3
1071,screen,BIHMH gen 72 screen / swap_fix,4999821.52,178.48000000044703,2,C5;C7,975,1078416.0752825502,19613.265282550037,1058802.81,570283956.476277,35413345.43341293,534815994.2232728,54616.81959126225,534.8136514271162,1078704.78295037,19901.97295037,19712.0,98.73471744996277,0.9949911364930011,False,98.73471744996277,0.9949911364930011,False,False,False,6.457018195497878,1.3260934986265267,0.4251369383462492,3,3
1072,screen,BIHMH gen 74 screen / swap_fix,4999381.04,618.9599999999627,2,C5;C7,971,1078416.0752825502,19613.265282550037,1058802.81,570338182.8728752,35422673.2801469,534860893.9972843,54615.595444072846,534.8585717996943,1078704.78295037,19901.97295037,19712.0,98.73471744996277,0.9949911364930011,False,98.73471744996277,0.9949911364930011,False,False,False,6.457077833673505,1.3260977904602087,0.42519431944049646,3,3
1073,screen,BIHMH gen 2 screen / swap_fix,4999381.04,618.9599999999627,2,C5;C7,963,1078416.0752825502,19613.265282550037,1058802.81,570233770.5049832,35404369.4795501,534774788.33080894,54612.69462413583,534.7723790827833,1078704.78295037,19901.97295037,19712.0,98.73471744996277,0.9949911364930011,False,98.73471744996277,0.9949911364930011,False,False,False,6.457131680855988,1.3256071831057987,0.4252524974859101,3,3
1074,screen,BIHMH gen 50 screen / swap_fix,4999821.52,178.48000000044703,2,C5;C7,966,1078416.0752825502,19613.265282550037,1058802.81,570347963.9084978,35414592.75356612,534878755.23428196,54615.920649673164,534.8764327072978,1078704.78295037,19901.97295037,19712.0,98.73471744996277,0.9949911364930011,False,98.73471744996277,0.9949911364930011,False,False,False,6.457536743562784,1.325630724941235,0.4256523318857056,3,3
1075,screen,BIHMH gen 15 screen / remove_fix,4999821.52,178.48000000044703,2,C5;C7,969,1078416.0752825502,19613.265282550037,1058802.81,570363081.4178616,35421529.57626229,534886935.2694256,54616.57217374512,534.884609762699,1078704.78295037,19901.97295037,19712.0,98.73471744996277,0.9949911364930011,False,98.73471744996277,0.9949911364930011,False,False,False,6.457549619728647,1.3260732534273858,0.42566479718499683,3,3
1076,screen,BIHMH gen 16 screen / swap_fix,4999821.52,178.48000000044703,2,C5;C7,971,1078416.0752825502,19613.265282550037,1058802.81,570459226.97854,35389296.14304857,535015329.23530513,54601.60018620816,535.0129624180705,1078704.78295037,19901.97295037,19712.0,98.73471744996277,0.9949911364930011,False,98.73471744996277,0.9949911364930011,False,False,False,6.457613209060628,1.326074778698491,0.42572193727419616,3,3
1077,screen,BIHMH gen 58 screen / swap_fix,4999601.28,398.71999999973923,2,C5;C7,967,1078416.0752825502,19613.265282550037,1058802.81,570468238.0859257,35410022.300588876,535003611.7711037,54604.01423311783,535.0012520784194,1078704.78295037,19901.97295037,19712.0,98.73471744996277,0.9949911364930011,False,98.73471744996277,0.9949911364930011,False,False,False,6.457629293822387,1.326227618108077,0.4257386104368982,3,3
1078,screen,BIHMH gen 42 screen / swap_fix,4999381.04,618.9599999999627,2,C5;C7,966,1078416.0752825502,19613.265282550037,1058802.81,570451512.1160482,35417219.28933987,534979680.49748343,54612.32922495836,534.9773671272746,1078704.78295037,19901.97295037,19712.0,98.73471744996277,0.9949911364930011,False,98.73471744996277,0.9949911364930011,False,False,False,6.457882912547751,1.32605368163281,0.4259934292920783,3,3
1079,screen,BIHMH gen 68 screen / swap_fix,4999821.52,178.48000000044703,2,C5;C7,970,1078416.0752825502,19613.265282550037,1058802.81,570371291.995151,35398403.28409505,534918275.8953114,54612.81574458171,534.9159326479755,1078704.78295037,19901.97295037,19712.0,98.73471744996277,0.9949911364930011,False,98.73471744996277,0.9949911364930011,False,False,False,6.457934566116242,1.3254733281823714,0.4260481697142925,3,3
1080,screen,BIHMH gen 16 screen / swap_fix,4999821.52,178.48000000044703,2,C5;C7,966,1078416.0752825502,19613.265282550037,1058802.81,570300226.819098,35418628.27224528,534826973.7708089,54624.77604387797,534.8246228703867,1078704.78295037,19901.97295037,19712.0,98.73471744996277,0.9949911364930011,False,98.73471744996277,0.9949911364930011,False,False,False,6.458233760255943,1.326161234568975,0.4263519518301625,3,3
1081,screen,BIHMH gen 19 screen / swap_fix,4999601.28,398.71999999973923,2,C5;C7,968,1078416.0752825502,19613.265282550037,1058802.81,570287342.1181655,35388322.61864745,534844396.40004414,54623.09947387055,534.8420365642091,1078704.78295037,19901.97295037,19712.0,98.73471744996277,0.9949911364930011,False,98.73471744996277,0.9949911364930011,False,False,False,6.458451756424769,1.3259018640455766,0.42656907302574465,3,3
1082,screen,BIHMH gen 74 screen / remove_fix,4999821.52,178.48000000044703,2,C5;C7,969,1078416.0752825502,19613.265282550037,1058802.81,570370272.0233794,35408428.12244475,534907221.90266633,54621.998268364274,534.9049035742828,1078704.78295037,19901.97295037,19712.0,98.73471744996277,0.9949911364930011,False,98.73471744996277,0.9949911364930011,False,False,False,6.45851868378157,1.3257452556050462,0.4266328415494879,3,3
1083,screen,BIHMH gen 33 screen / swap_fix,4999821.52,178.48000000044703,2,C5;C7,966,1078416.0752825502,19613.265282550037,1058802.81,570391844.0848861,35412153.78035715,534925067.58862746,54622.715901402575,534.9227510510034,1078704.78295037,19901.97295037,19712.0,98.73471744996277,0.9949911364930011,False,98.73471744996277,0.9949911364930011,False,False,False,6.458742468639526,1.3258366787121005,0.4268557296382255,3,3
1084,screen,BIHMH gen 74 screen / swap_fix,4999601.28,398.71999999973923,2,C5;C7,979,1078416.0752825502,19613.265282550037,1058802.81,570360668.8974361,35410433.0841686,534895611.7751679,54624.03809970523,534.8932693375314,1078704.78295037,19901.97295037,19712.0,98.73471744996277,0.9949911364930011,False,98.73471744996277,0.9949911364930011,False,False,False,6.458893131119891,1.3259324654878721,0.42700787346486424,3,3
1085,screen,BIHMH gen 77 screen / swap_fix,4999601.28,398.71999999973923,2,C5;C7,971,1078416.0752825502,19613.265282550037,1058802.81,570342634.6027986,35406170.156748414,534881837.8280461,54626.618004061485,534.8794965724751,1078704.78295037,19901.97295037,19712.0,98.73471744996277,0.9949911364930011,False,98.73471744996277,0.9949911364930011,False,False,False,6.459121857711477,1.3257822385432951,0.4272372920865858,3,3
1086,screen,BIHMH gen 9 screen / remove_fix,4999821.52,178.48000000044703,2,C5;C7,970,1078416.0752825502,19613.265282550037,1058802.81,570466262.5340799,35450210.05080043,534961430.7831559,54621.700123534574,534.959104901528,1078704.78295037,19901.97295037,19712.0,98.73471744996277,0.9949911364930011,False,98.73471744996277,0.9949911364930011,False,False,False,6.459294537897128,1.3255113286798157,0.42740597225026755,3,3
1087,screen,BIHMH gen 48 screen / remove_fix,4999601.28,398.71999999973923,2,C5;C7,972,1078416.0752825502,19613.265282550037,1058802.81,570410350.5549495,35413560.81131375,534942166.2435792,54623.500056505276,534.93980966931,1078704.78295037,19901.97295037,19712.0,98.73471744996277,0.9949911364930011,False,98.73471744996277,0.9949911364930011,False,False,False,6.459343562578015,1.3263381493978053,0.42745596644469297,3,3
1088,screen,BIHMH gen 69 screen / swap_fix,4999821.52,178.48000000044703,2,C5;C7,966,1078416.0752825502,19613.265282550037,1058802.81,570309782.6723386,35404743.66234319,534850406.826406,54632.183589464286,534.8480570128247,1078704.78295037,19901.97295037,19712.0,98.73471744996277,0.9949911364930011,False,98.73471744996277,0.9949911364930011,False,False,False,6.459541342027393,1.3259053349678496,0.4276583561232531,3,3
1089,screen,BIHMH gen 78 screen / swap_fix,4999821.52,178.48000000044703,2,C5;C7,978,1078416.0752825502,19613.265282550037,1058802.81,570518412.5491731,35429118.31798224,535034673.1741887,54621.057002189584,535.0323551009217,1078704.78295037,19901.97295037,19712.0,98.73471744996277,0.9949911364930011,False,98.73471744996277,0.9949911364930011,False,False,False,6.459605792425636,1.3261968584114916,0.4277135462291347,3,3
1090,screen,BIHMH gen 45 screen / remove_fix,4999381.04,618.9599999999627,2,C5;C7,968,1078416.0752825502,19613.265282550037,1058802.81,570471675.321022,35402710.740879,535014340.682051,54623.89809201387,535.0120205896349,1078704.78295037,19901.97295037,19712.0,98.73471744996277,0.9949911364930011,False,98.73471744996277,0.9949911364930011,False,False,False,6.459791596294832,1.3261495456807968,0.42790037183177076,3,3
1091,screen,BIHMH gen 8 screen / swap_fix,4999821.52,178.48000000044703,2,C5;C7,969,1078416.0752825502,19613.265282550037,1058802.81,570391220.582363,35411863.893298335,534924726.00564796,54630.68341671852,534.9223886738218,1078704.78295037,19901.97295037,19712.0,98.73471744996277,0.9949911364930011,False,98.73471744996277,0.9949911364930011,False,False,False,6.459976252531891,1.3259735390703233,0.42808953173869335,3,3
1092,screen,BIHMH gen 13 screen / remove_fix,4999821.52,178.48000000044703,2,C5;C7,966,1078416.0752825502,19613.265282550037,1058802.81,570434443.0506936,35437274.78178616,534942537.4596055,54630.80930200282,534.9402191975054,1078704.78295037,19901.97295037,19712.0,98.73471744996277,0.9949911364930011,False,98.73471744996277,0.9949911364930011,False,False,False,6.460034395576887,1.325746006964518,0.42814677886629904,3,3
1093,screen,BIHMH gen 40 screen / swap_fix,4999821.52,178.48000000044703,2,C5;C7,969,1078416.0752825502,19613.265282550037,1058802.81,570497607.1419653,35408904.96416969,535034074.78373957,54627.39405602571,535.0317465486053,1078704.78295037,19901.97295037,19712.0,98.73471744996277,0.9949911364930011,False,98.73471744996277,0.9949911364930011,False,False,False,6.460427841707215,1.3264525965394018,0.4285356260882006,3,3
1094,screen,BIHMH gen 77 screen / remove_fix,4999601.28,398.71999999973923,2,C5;C7,968,1078416.0752825502,19613.265282550037,1058802.81,570489427.9856899,35400702.70000908,535034086.83413756,54638.451543282536,535.0317718982067,1078704.78295037,19901.97295037,19712.0,98.73471744996277,0.9949911364930011,False,98.73471744996277,0.9949911364930011,False,False,False,6.461815426390363,1.3261079226925774,0.42992320949762497,3,3
1095,screen,flood baseline C3-C8-C9,0.0,5000000.0,0,,0,1078449.17339605,19646.363396050034,1058802.81,419713543.4033886,36443437.76235568,383235492.24958223,34613.39145069177,383.2354922495823,1078704.78295037,19901.97295037,19712.0,65.63660394996623,0.996670220984681,False,65.63660394996623,0.996670220984681,False,False,False,6.625382610599621,1.4314809323910969,0.602796675764712,3,3
1096,screen,BIHMH gen 12 screen / swap_fix,4999949.359999999,50.64000000059605,3,C1;C5;C7,925,1078173.7871633025,19370.977163302512,1058802.81,454550856.48883855,35565993.22213247,418925903.96605563,58959.30065043484,418.92167007213425,1078704.78295037,19901.97295037,19712.0,341.02283669748795,0.9826997343396161,False,341.02283669748795,0.9826997343396161,False,False,False,8.421794078284517,1.246336860865871,0.38344455931056287,4,4
1097,screen,BIHMH gen 1 screen / swap_fix,4999949.359999999,50.64000000059605,3,C1;C5;C7,923,1078174.3684232826,19371.558423282506,1058802.81,454502845.05135906,35551302.86028219,418892595.8444609,58946.34661593262,418.88852349495573,1078704.78295037,19901.97295037,19712.0,340.4415767174942,0.9827292219603544,False,340.4415767174942,0.9827292219603544,False,False,False,8.424427637614627,1.2426457080834585,0.38610927175343623,4,4
1098,screen,BIHMH gen 3 screen / remove_fix,4999508.88,491.12000000011176,3,C1;C5;C7,920,1078169.7343572776,19366.924357277512,1058802.81,458441359.583122,35572119.313430026,422809899.87274325,59340.396948772795,422.8060905786494,1078704.78295037,19901.97295037,19712.0,345.0756427224878,0.982494133384614,False,345.0756427224878,0.982494133384614,False,False,False,8.470800095067682,1.245621918202458,0.43204979747889416,4,4
1099,screen,BIHMH gen 8 screen / swap_fix,4999729.12,270.87999999988824,3,C1;C5;C7,920,1078171.1036692976,19368.29366929751,1058802.81,459052494.8706823,35588095.8064998,423405017.54350436,59381.52067812111,423.4013543522663,1078704.78295037,19901.97295037,19712.0,343.70633070249096,0.9825635992947194,False,343.70633070249096,0.9825635992947194,False,False,False,8.480259504005486,1.2492043973605849,0.44154876253971387,4,4
1100,screen,BIHMH gen 3 screen / swap_fix,4999949.359999999,50.64000000059605,3,C1;C5;C7,923,1078172.263456975,19369.45345697501,1058802.81,459588941.49501854,35574905.8740744,423954610.49140775,59425.129536384295,423.9510857609128,1078704.78295037,19901.97295037,19712.0,342.54654302498966,0.9826224359260861,False,342.54654302498966,0.9826224359260861,False,False,False,8.487541836622864,1.2478384612952913,0.44886230983308706,4,4
1101,screen,BIHMH gen 3 screen / swap_fix,4999508.88,491.12000000011176,3,C1;C5;C7,925,1078170.2295614125,19367.419561412513,1058802.81,459770578.3236827,35600371.487713195,424110689.1044399,59517.73152962705,424.107128044762,1078704.78295037,19901.97295037,19712.0,344.58043858748715,0.9825192553476315,False,344.58043858748715,0.9825192553476315,False,False,False,8.504867561989107,1.2188358822253942,0.4660770140774151,4,4
1102,screen,BIHMH gen 11 screen / remove_fix,4999539.68,460.320000000298,3,C2;C5;C7,937,1078165.4714110175,19362.66141101751,1058802.81,443794048.80249095,35494017.39649523,408241972.8020998,58058.60389587337,408.238656632377,1078704.78295037,19901.97295037,19712.0,349.33858898248945,0.9822778719063266,False,349.33858898248945,0.9822778719063266,False,False,False,8.610676902483586,1.2339861345644956,0.5724423027042971,4,4
1103,screen,BIHMH gen 16 screen / swap_fix,4999539.68,460.320000000298,3,C2;C5;C7,941,1078163.1752111926,19360.36521119251,1058802.81,442074774.039272,35487088.5729273,406529704.87028265,57980.59606207848,406.52615990103146,1078704.78295037,19901.97295037,19712.0,351.6347888074888,0.9821613844963734,False,351.6347888074888,0.9821613844963734,False,False,False,8.611369202089122,1.2263918413771016,0.5731041614810695,4,4
1104,screen,BIHMH gen 5 screen / remove_fix,4999759.92,240.0800000000745,3,C2;C5;C7,942,1078166.0821877327,19363.27218773251,1058802.81,442826839.941394,35488135.28191759,407280636.79127526,58067.86820115204,407.2770413178896,1078704.78295037,19901.97295037,19712.0,348.72781226749066,0.9823088569263652,False,348.72781226749066,0.9823088569263652,False,False,False,8.61302873942408,1.2176884685113458,0.5748734422520776,4,4
1105,screen,BIHMH gen 7 screen / swap_fix,4999539.68,460.320000000298,3,C2;C5;C7,937,1078167.6480010226,19364.838001022512,1058802.81,443509381.4213606,35500044.70961368,407951249.1422335,58087.56951346157,407.94777458710604,1078704.78295037,19901.97295037,19712.0,347.1619989774881,0.9823882914479765,False,347.1619989774881,0.9823882914479765,False,False,False,8.617449103612522,1.2225763706912627,0.5793395391140335,4,4
1106,screen,BIHMH gen 1 screen / remove_fix,4999980.16,19.83999999985099,3,C2;C5;C7,942,1078164.79604307,19361.986043070014,1058802.81,444744171.9619839,35480240.87877539,409205768.2400129,58162.843195673566,409.2022988279159,1078704.78295037,19901.97295037,19712.0,350.0139569299863,0.9822436101395097,False,350.0139569299863,0.9822436101395097,False,False,False,8.617722382333413,1.2496502147695305,0.5794051013568333,4,4
1107,screen,BIHMH gen 5 screen / swap_fix,4999539.68,460.320000000298,3,C2;C5;C7,939,1078166.1803425,19363.370342500006,1058802.81,444491208.30117184,35484465.82995026,408948609.9221769,58132.54904469333,408.94532135595426,1078704.78295037,19901.97295037,19712.0,348.6296574999942,0.9823138363687097,False,348.6296574999942,0.9823138363687097,False,False,False,8.623525140166045,1.2348916024224839,0.5852909975793141,4,4
1108,screen,BIHMH gen 10 screen / swap_fix,4999539.68,460.320000000298,3,C2;C5;C7,938,1078167.3081859502,19364.49818595001,1058802.81,444286188.8279867,35496978.926262125,408731083.20733,58126.694394630984,408.72777194103537,1078704.78295037,19901.97295037,19712.0,347.50181404998875,0.9823710524528212,False,347.50181404998875,0.9823710524528212,False,False,False,8.629118080297523,1.230852423786299,0.5909520848425664,4,4
