roads,road_count,cost_usd,total_impact,continuity_score,boundary_end_count,source
1952->1954;1954->12593;12593->12594,3,22464.48,26528.686784433892,1.8894672324974462,0,upstream corridor extension
1954->12593;12593->12594;12594->12589,3,26869.28,28347.079996636137,1.6879993805050906,0,two-sided corridor completion
12593->12594;12594->12589;12589->10882,3,31494.32,28309.384420919625,1.4381963183669755,0,upstream corridor extension
12594->12593;12593->1954;1954->1952,3,22464.48,19480.983596324295,1.3875047966442524,0,downstream corridor extension
6386->2426;2426->6377;6377->6376,3,19821.600000000002,16072.403526277061,1.2973647759032216,0,downstream corridor extension
8756->10347;10347->6386;6386->2426,3,16958.48,13713.598831249474,1.2938516972039453,0,upstream corridor extension
10347->6386;6386->2426;2426->6377,3,16958.48,12900.969872219632,1.2171817164953116,0,two-sided corridor completion
2894->12641;12641->1909;1909->2454,3,38982.479999999996,27978.632160073514,1.14835719677449,0,two-sided corridor completion
6374->6377;6377->2425;2425->6379,3,22024.0,15619.972650223035,1.1347600908262285,0,upstream corridor extension
6286->6285;6285->4428;4428->6282,3,16077.52,11357.255798270118,1.1302495208982597,0,downstream corridor extension
12593->12594;12594->12589;12589->2061,3,40083.68,28269.8279292786,1.1284324365139569,0,downstream corridor extension
5930->5921;5921->10573;10573->5896,3,23345.44,16318.988992744162,1.1184360795251946,0,upstream corridor extension
6377->2425;2425->6379;6379->6759,3,12113.2,8229.41735602613,1.0870015990524227,0,upstream corridor extension
10905->2894;2894->12641;12641->1909,3,43387.28,29442.997150027404,1.0857743430803648,0,upstream corridor extension
2425->6379;6379->6386;6386->2426,3,21803.760000000002,14478.79631778301,1.0624806963777265,0,downstream corridor extension
2812->6916;6916->2815;2815->2817,3,6386.960000000001,4189.916138657877,1.0496176305867897,0,two-sided corridor completion
10585->6286;6286->6285;6285->4428,3,22024.0,14036.749776051745,1.0197420832583906,0,upstream corridor extension
5926->5930;5930->5921;5921->10573,3,18279.92,11016.93895353392,0.9642877171045756,0,two-sided corridor completion
9624->10629;10629->10623;10623->10889,3,43387.28,25732.755779962947,0.9489511499209149,0,upstream corridor extension
10343->6374;6374->6377;6377->6376,3,36339.6,21494.73620350059,0.9463939593611639,0,two-sided corridor completion
6133->8648;8648->4434;4434->6130,3,23125.2,13442.772033560934,0.9300864534662401,0,upstream corridor extension
12589->12594;12594->12593;12593->1954,3,26869.28,15428.166958686947,0.9187096615130408,0,downstream corridor extension
6138->6133;6133->8648;8648->4434,3,22024.0,12431.24180256357,0.9031051073420683,0,upstream corridor extension
6375->6374;6374->6377;6377->6376,3,36339.6,20162.657393924354,0.8877437239341921,0,downstream corridor extension
10573->5896;5896->5884;5884->10566,3,27530.0,15246.492942122952,0.8861020235160452,0,downstream corridor extension
8399->6186;6186->10577;10577->6145,3,25988.32,14276.321476488481,0.8789377059533502,0,downstream corridor extension
10894->12594;12594->12593;12593->1954,3,31274.08,17131.988972560775,0.8764824530760693,0,two-sided corridor completion
5921->10573;10573->5896;5896->5884,3,22024.0,11987.748711464628,0.8708862122386217,0,two-sided corridor completion
10835->6130;6130->4434;4434->8648,3,29732.4,16041.334538020415,0.8632379243126241,0,two-sided corridor completion
10549->5020;5020->5019;5019->5017,3,19381.12,10448.333346136971,0.8625576516640502,0,upstream corridor extension
6916->2815;2815->2817;2817->2818,3,7267.92,3902.5510846902544,0.8591291229821473,0,downstream corridor extension
10629->10623;10623->10889;10889->1952,3,53298.08,28470.231055783865,0.8546718697794402,0,upstream corridor extension
4332->2812;2812->6916;6916->2815,3,6827.4400000000005,3631.46339482765,0.8510278276666275,0,upstream corridor extension
10577->6145;6145->10576;10576->8649,3,35238.4,18519.926518768378,0.8408974990359779,0,downstream corridor extension
6285->4428;4428->6286;6286->10585,3,27530.0,14331.059324395768,0.8328984714505352,0,downstream corridor extension
2425->6379;6379->6759;6759->6761,3,19381.120000000003,9961.395419806646,0.822358701235565,0,two-sided corridor completion
6377->2425;2425->6379;6379->6386,3,14315.6,7352.575609578341,0.8217693268410229,0,two-sided corridor completion
10898->1910;1910->1909;1909->12641,3,40964.64,20851.222279862373,0.8144086130814234,0,upstream corridor extension
8953->4468;4468->10827;10827->12400,3,24887.12,10114.247668301952,0.8128098123287831,1,two-sided corridor completion
1910->1909;1909->12641;12641->2894,3,42506.32,21044.528414973858,0.7921468022627735,0,two-sided corridor completion
5933->5947;5947->10568;10568->8788,3,20041.84,9854.186812451779,0.786689191208135,0,upstream corridor extension
9624->10629;10629->10623;10623->7670,3,56161.2,27580.42658864616,0.7857503497402809,0,two-sided corridor completion
6374->6377;6377->6376;6376->7138,3,41625.36,20410.37640173792,0.7845362116455131,0,downstream corridor extension
8648->4434;4434->6130;6130->10835,3,29732.4,14561.260604735464,0.7835901900814176,0,two-sided corridor completion
1909->12641;12641->2894;2894->10905,3,43387.28,21221.070862301993,0.7825729886658761,0,downstream corridor extension
10882->12589;12589->12594;12594->12593,3,31494.32,15298.60598989749,0.7772121952096755,0,two-sided corridor completion
5926->5930;5930->5921;5921->5904,3,22244.239999999998,10765.490015852052,0.7743480570863867,0,upstream corridor extension
9005->10344;10344->8811;8811->6389,3,19160.88,9221.321634188917,0.7700123697190455,0,downstream corridor extension
10630->9625;9625->10629;10629->10623,3,44268.24,21253.204976012108,0.7681608295613147,0,downstream corridor extension
6272->10577;10577->6145;6145->10576,3,34577.68,16545.101724642223,0.765585278116622,0,two-sided corridor completion
12328->12327;12327->12326;12326->12325,3,32375.280000000002,15392.686134295269,0.7607130444855591,0,two-sided corridor completion
4529->12407;12407->12400;12400->10827,3,30613.36,14546.703070078584,0.7602799859971507,0,downstream corridor extension
12758->10352;10352->4305;4305->8758,3,24006.16,11360.860698222878,0.7571963661475474,0,two-sided corridor completion
5292->10550;10550->5024;5024->12127,3,24006.16,11293.829990665477,0.7527287989859588,0,two-sided corridor completion
2847->10607;10607->10601;10601->8372,3,34357.44,16111.720366432553,0.7503106339206904,0,two-sided corridor completion
5884->10566;10566->4430;4430->5794,3,30172.88,14138.118433252172,0.7497126390720235,0,upstream corridor extension
6130->4434;4434->8648;8648->8649,3,27309.760000000002,12744.439397820312,0.7466599133977193,0,downstream corridor extension
5803->5805;5805->10567;10567->5802,3,16297.76,7596.128632566037,0.7457347397498588,0,two-sided corridor completion
10352->4305;4305->8758;8758->8757,3,16518.0,7653.975144702498,0.7413948560070225,0,downstream corridor extension
6133->8648;8648->4434;4434->10575,3,33256.240000000005,15272.859397456103,0.734796688859888,0,two-sided corridor completion
4428->6285;6285->6286;6286->10585,3,22024.0,10030.863946424419,0.7287224080221155,0,downstream corridor extension
5167->10343;10343->6374;6374->6377,3,37440.8,16814.67102065096,0.7185603307899814,0,upstream corridor extension
10623->10889;10889->1952;1952->1954,3,37881.28,16994.668861110033,0.7178075866965439,0,two-sided corridor completion
5947->10568;10568->8788;8788->5922,3,25107.36,11251.074956521796,0.7169897564074788,0,two-sided corridor completion
7043->10601;10601->8372;8372->7046,3,33256.24,14859.620616250431,0.7149152455599519,0,two-sided corridor completion
10346->6375;6375->6374;6374->6377,3,31934.8,14210.180596603423,0.711959647612181,0,two-sided corridor completion
12400->10827;10827->4468;4468->10833,3,21583.52,7630.602639152365,0.707076754778865,1,two-sided corridor completion
10627->7587;7587->7586;7586->10621,3,22244.24,9764.398831143639,0.7023408365414967,0,downstream corridor extension
8811->6389;6389->10344;10344->8993,3,16958.480000000003,7416.281843123651,0.6997119405157679,0,downstream corridor extension
10601->8372;8372->7046;7046->7048,3,33476.479999999996,14634.5163937906,0.6994530556995527,0,downstream corridor extension
5803->5805;5805->10567;10567->8772,3,17178.72,7483.605689925549,0.6970117158834231,0,upstream corridor extension
10585->6286;6286->4428;4428->6285,3,27530.0,11967.360177327602,0.6955240204767223,0,upstream corridor extension
8736->5926;5926->5930;5930->5921,3,20702.559999999998,8953.993115408091,0.6920105042397147,0,upstream corridor extension
7046->8372;8372->10601;10601->7043,3,33256.24,14298.59692361503,0.6879236822257733,0,two-sided corridor completion
7455->8371;8371->4431;4431->8696,3,33696.72,14470.223673659737,0.6870804599930076,0,two-sided corridor completion
5885->5896;5896->10573;10573->5921,3,20262.08,8621.076438662516,0.6807653657403399,0,upstream corridor extension
5930->5921;5921->5904;5904->5902,3,23785.92,10120.140751159188,0.6807483251375058,0,two-sided corridor completion
5163->5152;5152->5128;5128->10547,3,30833.6,13049.331334854247,0.6771486344691116,0,upstream corridor extension
8478->12328;12328->12327;12327->12326,3,42065.840000000004,17755.964084124294,0.6753589738038958,0,upstream corridor extension
6195->6285;6285->4428;4428->6286,3,31934.800000000003,13335.44649618502,0.6681336471152484,0,upstream corridor extension
8372->10601;10601->7043;7043->7042,3,33476.479999999996,13979.185937190505,0.668131700211755,0,downstream corridor extension
6286->10585;10585->2450;2450->6305,3,15416.8,6386.140356263527,0.6627720778645143,0,downstream corridor extension
8648->4434;4434->10575;10575->6260,3,40083.68,16574.051229970544,0.6615780279643204,0,downstream corridor extension
10629->10623;10623->7670;7670->2086,3,66512.48,27463.49887489747,0.660651928778418,0,downstream corridor extension
10568->8788;8788->5922;5922->5904,3,23565.68,9700.541575673793,0.6586216277687752,0,downstream corridor extension
9004->8997;8997->6236;6236->6051,3,20482.32,8366.858668147888,0.6535867943200098,0,upstream corridor extension
2450->10585;10585->6286;6286->4428,3,22244.239999999998,9027.100980146739,0.6493079362673116,0,upstream corridor extension
12327->12326;12326->12325;12325->8886,3,29291.920000000002,11878.518665789403,0.6488352373372263,0,downstream corridor extension
6305->2450;2450->10585;10585->6286,3,15416.8,6249.57098648465,0.6485985145020654,0,upstream corridor extension
10607->10601;10601->8372;8372->7046,3,36559.84,14819.917689322056,0.6485769167183251,0,downstream corridor extension
10600->6968;6968->6978;6978->8375,3,32815.76,13295.934617843377,0.6482706903192065,0,downstream corridor extension
10347->6386;6386->6379;6379->2425,3,20262.08,8190.0196078009885,0.6467268598525711,0,upstream corridor extension
1954->1952;1952->10889;10889->10623,3,37881.28,15296.181352687465,0.6460681942188846,0,downstream corridor extension
7455->8371;8371->4431;4431->2084,3,33476.479999999996,13358.130985559921,0.6384485339227983,0,upstream corridor extension
10893->10894;10894->12594;12594->12593,3,45369.44,17990.753679196172,0.6344624462350401,0,upstream corridor extension
6391->9004;9004->8997;8997->6236,3,20262.08,7999.78925127597,0.6317052741891036,0,downstream corridor extension
10583->6267;6267->10582;10582->6261,3,31274.079999999998,12341.475623732225,0.6313970226453205,0,upstream corridor extension
8371->4431;4431->10607;10607->2847,3,26649.04,10473.433104298048,0.628821637360178,0,upstream corridor extension
10624->9624;9624->10629;10629->10623,3,58363.600000000006,22882.705059065385,0.6273144236219941,0,upstream corridor extension
6282->4428;4428->6286;6286->6285,3,17178.72,6714.3967727976915,0.6253687606804411,0,upstream corridor extension
10600->6955;6955->10599;10599->6950,3,33256.24,12935.51098263196,0.6223438841014841,0,downstream corridor extension
10165->10612;10612->7450;7450->10611,3,33036.0,12808.403170484678,0.6203367560472057,0,downstream corridor extension
10608->7455;7455->8371;8371->4431,3,33256.24,12792.301243651791,0.6154538814322627,0,upstream corridor extension
12335->2745;2745->3979;3979->12332,3,17398.960000000003,6672.351706289459,0.6135862563086031,0,upstream corridor extension
7048->7046;7046->8372;8372->10601,3,33476.479999999996,12750.893027608618,0.6094257473955982,0,upstream corridor extension
10910->12660;12660->10909;10909->2229,3,58143.36,22098.48281731259,0.6081102383436414,0,two-sided corridor completion
6266->6272;6272->10577;10577->6145,3,34797.92,13198.97324164003,0.6068856180663686,0,upstream corridor extension
6377->6376;6376->7138;7138->8751,3,28851.440000000002,10930.191182099165,0.6061501918572751,0,downstream corridor extension
8695->7451;7451->10612;10612->7450,3,24666.88,9342.43181659586,0.6059903362952013,0,upstream corridor extension
10344->8811;8811->6391;6391->9004,3,18940.64,7158.75225274089,0.6047316038098726,0,upstream corridor extension
12407->12400;12400->10827;10827->4468,3,33696.72,12709.24281655987,0.6034649220011857,0,downstream corridor extension
6968->10600;10600->6955;6955->10599,3,32595.52,12219.97892057333,0.5998359981039519,0,two-sided corridor completion
4364->7424;7424->7513;7513->8082,3,20482.32,7663.562420442745,0.598647998503509,0,two-sided corridor completion
7042->7043;7043->10601;10601->8372,3,33476.479999999996,12496.703947541844,0.5972768438039768,0,upstream corridor extension
10819->10285;10285->12360;12360->2446,3,35238.4,13131.299977320152,0.5962268424137374,0,upstream corridor extension
12593->1954;1954->1952;1952->10889,3,37440.8,13896.88329903092,0.5938712121121736,0,two-sided corridor completion
10889->10623;10623->10629;10629->9625,3,42286.08,15656.91530261051,0.5924186986397608,0,downstream corridor extension
10600->6955;6955->10599;10599->7037,3,33256.24,12308.574061454714,0.592181151517055,0,upstream corridor extension
10889->1952;1952->1954;1954->12593,3,37440.8,13799.293728394325,0.5897008067517499,0,downstream corridor extension
5896->10573;10573->5921;5921->5904,3,27530.0,10134.028363373498,0.5889736789465164,0,two-sided corridor completion
7451->10612;10612->7450;7450->10611,3,32595.520000000004,11989.624844218039,0.5885287226817937,0,two-sided corridor completion
5015->12336;12336->2745;2745->10542,3,15196.560000000001,5573.6354577201155,0.5868312784177593,0,downstream corridor extension
10566->4430;4430->5794;5794->8408,3,28631.2,10483.67967398134,0.5858604416989209,0,two-sided corridor completion
6955->10600;10600->6968;6968->6978,3,33036.0,12083.817301967512,0.5852436034370995,0,two-sided corridor completion
10344->8811;8811->6389;6389->6380,3,20702.56,7558.8736777192335,0.5841885198908141,0,downstream corridor extension
6866->10595;10595->6847;6847->10594,3,28410.960000000003,10356.67779889338,0.5832497204680661,0,upstream corridor extension
5805->10567;10567->5802;5802->5567,3,23125.2,8407.700444524791,0.58171694563678,0,downstream corridor extension
12840->12758;12758->10352;10352->4305,3,30833.6,11199.511183177858,0.5811587973212526,0,upstream corridor extension
2069->10165;10165->10612;10612->7450,3,31934.800000000003,11553.958066061861,0.578877365936188,0,two-sided corridor completion
8735->5803;5803->5805;5805->10567,3,16297.76,5840.93242113122,0.573421861274798,0,upstream corridor extension
5896->5884;5884->10566;10566->8408,3,31053.839999999997,11125.650373115512,0.5732315422822047,0,two-sided corridor completion
8757->8758;8758->4305;4305->10352,3,16518.0,5895.940952333528,0.5711045843161185,0,upstream corridor extension
10164->10165;10165->10612;10612->7450,3,31934.800000000003,11295.412676631404,0.5659237033772012,0,downstream corridor extension
4428->6286;6286->10585;10585->2450,3,22244.239999999998,7865.055472185236,0.5657234751781306,0,downstream corridor extension
4459->12462;12462->12460;12460->12455,3,40083.68,14147.53589622227,0.5647200415220268,0,upstream corridor extension
7020->10358;10358->1898;1898->7021,3,27530.0,9663.906904074514,0.5616509642760342,0,downstream corridor extension
6759->8756;8756->10347;10347->6386,3,22024.0,7723.124025944971,0.5610696713363582,0,upstream corridor extension
5020->5019;5019->5017;5017->10543,3,35899.119999999995,12523.284263042773,0.5581544845909437,0,two-sided corridor completion
2825->2847;2847->10607;10607->10601,3,27530.0,9545.901493460302,0.5547926766994727,0,upstream corridor extension
7589->7587;7587->7586;7586->10621,3,33696.72,11670.126125171784,0.5541252026985076,0,downstream corridor extension
10612->7450;7450->10611;10611->7546,3,36780.08,12685.69395870826,0.5518506303937679,0,downstream corridor extension
12593->12594,1,7047.68,19436.92935848611,0.551583765394743,0,upstream boundary-facing singleton
10578->8399;8399->6186;6186->10577,3,24666.88,8483.226050008176,0.5502585523589965,0,two-sided corridor completion
8997->6236;6236->6051;6051->8791,3,24887.120000000003,8558.021092077584,0.5501976021059943,0,two-sided corridor completion
5019->5017;5017->5015;5015->12336,3,29512.160000000003,10107.900058119572,0.547999200769829,0,upstream corridor extension
1952->10889;10889->10623;10623->10629,3,53298.08,18240.77240272531,0.5475851258499461,0,downstream corridor extension
7471->12487;12487->7112;7112->7073,3,24006.159999999996,8195.686784907188,0.5462389176716103,0,two-sided corridor completion
5795->8769;8769->5797;5797->8771,3,23125.2,7888.042103528543,0.5457625173250683,0,two-sided corridor completion
10573->5921;5921->5904;5904->5902,3,24006.16,8179.308967170099,0.5451473433265529,0,downstream corridor extension
8408->10566;10566->4430;4430->5794,3,30613.36,10425.546273521379,0.5448887034168809,0,downstream corridor extension
7590->7589;7589->7587;7587->7586,3,33476.479999999996,11370.41442714769,0.5434461174961139,0,downstream corridor extension
2745->3979;3979->12332;12332->12331,3,25768.08,8751.34049004101,0.5433910785772791,0,two-sided corridor completion
10539->12323;12323->12322;12322->8482,3,32155.04,10917.7761942608,0.5432567308520617,0,upstream corridor extension
6917->6761;6761->6759;6759->6379,3,22684.72,7646.061707654619,0.539292472300623,0,two-sided corridor completion
8769->5797;5797->8771;8771->10561,3,25327.6,8520.663640233362,0.5382689960506871,0,downstream corridor extension
10802->10808;10808->10284;10284->12358,3,20482.32,6883.2109831958505,0.5376899478727685,0,two-sided corridor completion
4468->10827;10827->12400;12400->12406,3,33036.0,11023.743293791364,0.533902084697487,0,downstream corridor extension
10623->10629;10629->9625;9625->10630,3,44268.24,14678.285565188577,0.5305215862275465,0,downstream corridor extension
6978->6968;6968->10600;10600->6955,3,33036.0,10940.996736767644,0.5298945023255912,0,upstream corridor extension
10611->7546;7546->12591;12591->7527,3,31934.8,10543.809361423153,0.5282668116999963,0,upstream corridor extension
10566->4430;4430->5794;5794->5528,3,31934.800000000003,10521.86003343988,0.5271671046477137,0,upstream corridor extension
8371->4431;4431->8696;8696->2069,3,33696.72,11102.27597843625,0.5271623340639089,0,downstream corridor extension
7451->8696;8696->4431;4431->8371,3,26208.56,8619.821562024661,0.5262293883845376,0,upstream corridor extension
8811->6391;6391->9004;9004->8997,3,17619.2,5792.364205189382,0.5260047407545753,0,two-sided corridor completion
7021->7020;7020->10358;10358->1898,3,30613.36,10057.323998002981,0.5256436535161371,0,two-sided corridor completion
6262->6258;6258->10581;10581->6256,3,28851.440000000002,9477.225838391,0.525573813349545,0,upstream corridor extension
6968->6978;6978->8375;8375->10602,3,33036.0,10847.876256694308,0.5253844899718759,0,downstream corridor extension
8953->4468;4468->10827,2,23125.199999999997,7445.439065500967,0.5231884905401499,1,upstream corridor extension
6267->10582;10582->6261;6261->8652,3,31934.8,10423.34009649975,0.5222310505905658,0,two-sided corridor completion
6163->6142;6142->6138;6138->6133,3,33476.479999999996,10918.124393250733,0.521829028296917,0,downstream corridor extension
7670->10623;10623->10629;10629->9625,3,55060.0,17937.387277867463,0.5212462703339619,0,two-sided corridor completion
5805->10567;10567->8772;8772->5798,3,22244.239999999998,7243.800931276243,0.5210374231730097,0,two-sided corridor completion
10285->12360;12360->2446;2446->12359,3,30393.120000000003,9897.11018125711,0.5210184505576057,0,two-sided corridor completion
5267->10549;10549->5020;5020->5019,3,22684.72,7385.329153948607,0.5209024685478936,0,upstream corridor extension
8399->6186;6186->8398;8398->6282,3,31053.84,10062.415042335742,0.5184500231770753,0,upstream corridor extension
6802->12135;12135->10594;10594->6847,3,22684.72,7320.595225701897,0.5163366513284288,0,upstream corridor extension
7670->2086;2086->10629;10629->10623,3,66512.48,21402.959182442795,0.5148617927328597,0,downstream corridor extension
5152->5128;5128->10547;10547->4971,3,35458.64,11356.263421757196,0.5124286062525668,0,two-sided corridor completion
6286->4428;4428->6285;6285->6195,3,31934.800000000003,10173.227471796625,0.5096998871098174,0,downstream corridor extension
4429->8386;8386->6272;6272->6266,3,33696.72,10727.114989934516,0.5093488026103201,0,downstream corridor extension
6261->10582;10582->6267;6267->10583,3,31274.079999999998,9952.466933647203,0.5091739579177238,0,downstream corridor extension
6265->6262;6262->6258;6258->6675,3,27750.239999999998,8827.143627308738,0.5089480236457048,0,downstream corridor extension
2450->6305;6305->6287;6287->10584,3,20922.8,6641.79910202648,0.5079090065977006,0,upstream corridor extension
5335->5292;5292->10550;10550->5024,3,41625.36,13098.414615180307,0.5034782494202691,0,upstream corridor extension
6761->6759;6759->6379;6379->6386,3,21583.52,6786.663150398218,0.5030996353068058,0,downstream corridor extension
6282->10578;10578->8399;8399->6186,3,29291.920000000002,9200.902436196822,0.5025769528905895,0,upstream corridor extension
6262->6258;6258->6675;6675->10587,3,24666.88,7723.74760115045,0.5009955114647949,0,downstream corridor extension
8398->6282;6282->10578;10578->8399,3,33916.96,10570.819514829214,0.49866825398640513,0,downstream corridor extension
8402->6163;6163->6142;6142->6138,3,33696.72,10499.215720738297,0.498527606045374,0,two-sided corridor completion
6847->10594;10594->12135;12135->6802,3,28190.72,8710.356413999176,0.49436730464488604,0,downstream corridor extension
9005->10344;10344->8993;8993->8992,3,22024.0,6802.764065458826,0.4942073422055086,0,two-sided corridor completion
10629->10623;10623->10889;10889->10895,3,78845.92,24272.519027245555,0.4925559933043192,0,upstream corridor extension
6270->6265;6265->6262;6262->6258,3,33256.24,10235.595805225854,0.49244753130123453,0,two-sided corridor completion
7546->12591;12591->7527;7527->12588,3,28631.2,8804.617429155878,0.49202925083997195,0,two-sided corridor completion
10907->10906;10906->10905;10905->2894,3,36119.36,11105.467937975282,0.49194528088981787,0,downstream corridor extension
5019->5017;5017->10543;10543->12336,3,33916.96,10307.289642948788,0.486236485484491,0,downstream corridor extension
2022->7021;7021->7020;7020->10358,3,36339.6,11042.991767990818,0.48621302460085714,0,upstream corridor extension
10594->6847;6847->10595;10595->6866,3,28410.960000000003,8562.96918625758,0.48223469738481656,0,downstream corridor extension
8371->4431;4431->2084;2084->2069,3,33036.0,9951.121847366316,0.4819528682584485,0,two-sided corridor completion
8385->10583;10583->6267;6267->10582,3,33036.0,9913.864622349574,0.4801484258311939,0,upstream corridor extension
4431->10607;10607->2847;2847->7045,3,18940.64,5681.375839176859,0.4799310552696728,0,two-sided corridor completion
7562->7563;7563->8322;8322->8324,3,19160.88,5747.393916048397,0.47992734496940825,0,upstream corridor extension
10582->6261;6261->8652;8652->6263,3,29291.92,8773.247533562246,0.47921734231486346,0,downstream corridor extension
8372->7046;7046->7048;7048->2846,3,23345.44,6970.620494947556,0.4777375278391023,0,downstream corridor extension
7450->10611;10611->7546;7546->12591,3,30833.6,9195.820554926433,0.4771843990932714,0,downstream corridor extension
7587->7586;7586->10621;10621->7965,3,29512.16,8789.784208668314,0.47653762834944313,0,downstream corridor extension
10595->6847;6847->10594;10594->12135,3,33476.48,9945.22763915513,0.475329670940559,0,two-sided corridor completion
10550->5024;5024->12127;12127->12112,3,26428.800000000003,7843.11024433525,0.4748220271422236,0,downstream corridor extension
8992->9005;9005->10344;10344->8811,3,25988.32,7698.790797480355,0.4739846698812608,0,two-sided corridor completion
7563->8322;8322->8324;8324->2050,3,16518.0,4891.070499155983,0.4737687854855051,0,two-sided corridor completion
7560->7590;7590->7589;7589->7587,3,33916.96,10015.326710778394,0.47246341468237224,0,downstream corridor extension
6145->10576;10576->8649;8649->6260,3,43607.52,12871.0268532,0.4722498084073573,0,downstream corridor extension
8300->5795;5795->8769;8769->5797,3,27530.0,8114.863109744268,0.47162299221179904,0,upstream corridor extension
2825->2847;2847->10607;10607->8695,3,38101.52,11227.04090801229,0.47145797471648554,0,two-sided corridor completion
2847->10607;10607->8695;8695->7451,3,38101.52,11210.293406476789,0.47075469562271705,0,downstream corridor extension
4430->5794;5794->8408;8408->10566,3,37881.28,11066.00907064914,0.46739747212973337,0,downstream corridor extension
7044->2825;2825->2847;2847->10607,3,35899.12,10476.006696564691,0.4669086795025479,0,upstream corridor extension
6377->2426;2426->6386;6386->10347,3,16958.48,4940.209637708596,0.46609928604059764,0,upstream corridor extension
10571->5870;5870->10570;10570->5866,3,33256.24,9685.909397854222,0.4660014191792805,0,two-sided corridor completion
10601->7043;7043->7042;7042->7040,3,33696.72,9808.507464320572,0.4657311436517535,0,downstream corridor extension
4384->4385;4385->7006;7006->4386,3,21803.760000000002,6346.537199804777,0.46572056928197897,0,upstream corridor extension
7965->10621;10621->7586;7586->7587,3,29512.16,8583.586940374262,0.46535865570662466,0,two-sided corridor completion
10597->12185;12185->4386;4386->7006,3,21583.52,6274.853582890753,0.46515886809126616,0,upstream corridor extension
12491->7471;7471->12487;12487->7112,3,21363.28,6185.867053388008,0.46328968610722754,0,upstream corridor extension
8696->4431;4431->8371;8371->7045,3,33696.72,9748.81080715454,0.4628966051131167,0,two-sided corridor completion
12591->7527;7527->12588;12588->4518,3,28410.96,8200.394836034542,0.46181585337684006,0,downstream corridor extension
6265->6262;6262->6258;6258->6257,3,34357.44,9905.201763336681,0.4612777558903891,0,upstream corridor extension
2086->7670;7670->10623;10623->10629,3,66512.48,19165.10751155357,0.46102884779646947,0,upstream corridor extension
7052->7456;7456->7455;7455->8371,3,32815.76,9432.321209810847,0.45989225712576376,0,downstream corridor extension
6379->6759;6759->6761;6761->6917,3,22684.72,6510.325442720915,0.4591866555264276,0,downstream corridor extension
9004->8997;8997->6236;6236->6237,3,27089.52,7764.679693429492,0.45860862464477725,0,upstream corridor extension
6142->6138;6138->6133;6133->8648,3,26208.56,7497.553820651467,0.4577163382132534,0,downstream corridor extension
3979->12332;12332->12331;12331->8476,3,29952.640000000003,8566.038175360582,0.45757773206558516,0,downstream corridor extension
7631->10627;10627->7587;7587->7586,3,32595.52,9318.204455881149,0.45739804517338084,0,two-sided corridor completion
4431->8371;8371->7045;7045->2847,3,25547.84,7291.505086494429,0.4566494912443121,0,downstream corridor extension
6743->10346;10346->6375;6375->6374,3,22024.0,6280.89423703061,0.45629453229426886,0,upstream corridor extension
10606->7041;7041->10605;10605->10120,3,29071.68,8226.20030456576,0.45274027807492434,0,downstream corridor extension
12660->10909;10909->2229;2229->10903,3,57262.399999999994,16198.516400521848,0.4526115957562897,0,downstream corridor extension
7424->7513;7513->8082;8082->8083,3,25988.32,7341.362824263182,0.45197921677203806,0,downstream corridor extension
8758->4305;4305->10352;10352->4051,3,21143.04,5945.782659792644,0.4499472287650324,0,two-sided corridor completion
12661->12660;12660->10909;10909->2229,3,65851.76,18480.0017430797,0.4490085426559218,0,downstream corridor extension
6376->6377;6377->6374;6374->10343,3,36339.6,10180.56153162388,0.44824099468894013,0,upstream corridor extension
5884->5885;5885->5896;5896->10573,3,17398.96,4864.263948183156,0.44731537500477325,0,upstream corridor extension
10622->7564;7564->7562;7562->10616,3,26869.28,7496.193281325136,0.4463800016271452,0,downstream corridor extension
10582->6267;6267->10583;10583->8385,3,33036.0,9181.782605082482,0.44469221964317635,0,downstream corridor extension
5870->10570;10570->5866;5866->10569,3,33036.0,9170.626496438332,0.4441519068380352,0,downstream corridor extension
6272->6266;6266->6263;6263->8652,3,31274.08,8664.190273297714,0.4432649797300622,0,downstream corridor extension
6258->6675;6675->10587;10587->6673,3,26208.559999999998,7251.610389944188,0.4427017975772306,0,upstream corridor extension
10625->10630;10630->9625;9625->10629,3,44488.48,12281.705122170866,0.44170374432827075,0,downstream corridor extension
12135->10594;10594->6847;6847->10595,3,27970.480000000003,7712.876217526999,0.4412009357023261,0,two-sided corridor completion
6978->8375;8375->10602;10602->6999,3,33256.24,9161.379545296437,0.4407656209022517,0,downstream corridor extension
8381->10589;10589->6707;6707->6704,3,34137.2,9368.61479862832,0.43910407642704474,0,two-sided corridor completion
7589->7590;7590->7560;7560->4378,3,23785.92,6523.533849014326,0.4388164997789836,0,downstream corridor extension
5128->10547;10547->4971;4971->8703,3,38101.52,10447.898943581471,0.43873940750212476,0,downstream corridor extension
12462->12460;12460->12455;12455->10841,3,58583.84,16019.904021355822,0.43752417789904724,0,two-sided corridor completion
6673->10587;10587->6675;6675->6672,3,32815.76,8916.020534559406,0.4347189537982679,0,downstream corridor extension
8652->6261;6261->10582;10582->6267,3,31934.8,8668.05723547234,0.43428772300924845,0,two-sided corridor completion
2863->4364;4364->7424;7424->7513,3,27309.760000000002,7399.980670802442,0.43354350507964573,0,upstream corridor extension
6274->6270;6270->6265;6265->6262,3,33476.479999999996,9067.304427121497,0.4333695503050021,0,upstream corridor extension
6377->6374;6374->10343;10343->5167,3,37440.8,10136.761871937702,0.4331856956876008,0,two-sided corridor completion
10641->10907;10907->10906;10906->10905,3,48232.56,13037.126742335146,0.43247554738409566,0,two-sided corridor completion
6919->6917;6917->6761;6761->6759,3,22464.480000000003,6069.872618232277,0.43231787199933597,0,upstream corridor extension
6376->6377;6377->6374;6374->8828,3,40524.16,10929.174857729526,0.43151245509758235,0,two-sided corridor completion
6262->8687;8687->10581;10581->6256,3,29732.4,8005.156907621179,0.43078429767505777,0,two-sided corridor completion
6186->8398;8398->6282;6282->10578,3,32595.52,8770.617923054604,0.4305189387034588,0,two-sided corridor completion
4430->5794;5794->5528;5528->5518,3,41405.12,11129.265631518016,0.43006335956589004,0,two-sided corridor completion
7561->7560;7560->7590;7590->7589,3,23345.44,6267.162451846876,0.42952542008010997,0,upstream corridor extension
8378->6866;6866->10595;10595->6847,3,27970.48,7482.723017996741,0.4280354441108907,0,two-sided corridor completion
10584->4429;4429->8386;8386->6272,3,33256.24,8893.254394305237,0.42786577890009153,0,two-sided corridor completion
10543->5017;5017->5015;5015->12336,3,33256.240000000005,8875.191697733011,0.4269967595967799,0,downstream corridor extension
12594->12589;12589->10882;10882->2127,3,39202.72,10420.157156230614,0.4252830275544397,0,two-sided corridor completion
10623->10629;10629->2086;2086->9626,3,55060.0,14604.024338645271,0.42438138288834787,0,upstream corridor extension
6624->6479;6479->6468;6468->6463,3,22464.48,5958.105699147198,0.42435743532169523,0,downstream corridor extension
6263->8652;8652->6261;6261->10582,3,29291.92,7751.786152084744,0.4234224947813456,0,upstream corridor extension
8386->6272;6272->6266;6266->6263,3,33476.479999999996,8856.970711645788,0.4233167029100211,0,downstream corridor extension
8385->10584;10584->4429;4429->8386,3,33476.479999999996,8848.060557072835,0.42289084429774393,0,upstream corridor extension
8687->10581;10581->6256;6256->4458,3,33256.240000000005,8764.221199941252,0.42165782782136535,0,downstream corridor extension
10612->7451;7451->8696;8696->4431,3,23565.68,6208.681193850591,0.42154055856486833,0,upstream corridor extension
8696->2069;2069->10165;10165->10612,3,31053.84,8180.741744694227,0.42149978204018457,0,upstream corridor extension
7045->10608;10608->7455;7455->8371,3,33256.24,8760.41382367911,0.4214746501073656,0,upstream corridor extension
6954->6955;6955->10600;10600->6968,3,33036.0,8688.6120449689,0.4208069763878872,0,upstream corridor extension
12400->10827,1,1761.92,3676.858063677534,0.4173694678166471,0,downstream boundary-facing singleton
8992->9005;9005->10344;10344->8993,3,28851.440000000002,7498.5292080542395,0.4158422156012588,0,upstream corridor extension
4434->8648;8648->8649;8649->6260,3,35899.119999999995,9311.097483124817,0.4149894474571998,0,downstream corridor extension
4386->7006;7006->4385;4385->4384,3,21803.760000000002,5649.601672047943,0.4145781587798026,0,downstream corridor extension
8649->6260;6260->10575;10575->6255,3,44268.24,11458.789399331163,0.41415839073181726,0,upstream corridor extension
6282->8398;8398->6186;6186->10577,3,27970.48,7230.684515640023,0.41361804391715973,0,downstream corridor extension
6258->10581;10581->6256;6256->4458,3,27530.0,7100.040618932466,0.4126431162474372,0,two-sided corridor completion
10121->10605;10605->7041;7041->10606,3,29952.64,7715.793463988341,0.41215964744280786,0,upstream corridor extension
10808->10284;10284->12358;12358->12359,3,27970.480000000003,7203.63928223936,0.41207097095162387,0,downstream corridor extension
5794->8408;8408->10566;10566->4430,3,27750.24,7130.758878309952,0.4111392984455602,0,downstream corridor extension
8481->8478;8478->12328;12328->12327,3,29732.4,7633.636328618475,0.41079153131901763,0,upstream corridor extension
6267->10583;10583->8385;8385->10584,3,32815.759999999995,8413.098122810556,0.41019793527551673,0,two-sided corridor completion
10596->8377;8377->10595;10595->6866,3,28190.72,7172.106259267091,0.4070619698548794,0,upstream corridor extension
2894->10905;10905->10906;10906->10907,3,36119.36,9181.683502852471,0.40672629870972116,0,upstream corridor extension
8085->8081;8081->2863;2863->4364,3,25327.6,6422.055991925467,0.4056953515959171,0,downstream corridor extension
7527->12591;12591->7546;7546->10611,3,31934.8,8087.950119869207,0.40522314815783195,0,downstream corridor extension
8652->6263;6263->6266;6266->6272,3,31274.08,7915.102852627603,0.40494123453684855,0,two-sided corridor completion
9223->10637;10637->2090;2090->8364,3,37440.8,9444.962691528337,0.403622259846086,0,downstream corridor extension
12594->12589;12589->2061;2061->2877,3,37440.8,9431.583173911316,0.40305049780608604,0,downstream corridor extension
8385->10584;10584->6287;6287->6286,3,27530.0,6922.7281252557505,0.40233799492950245,0,downstream corridor extension
5015->12336;12336->10543;10543->5017,3,27970.48,7024.785250837941,0.40183995417099405,0,upstream corridor extension
12368->4529;4529->12407;12407->12400,3,51756.4,12985.456068682757,0.4014330538811125,0,two-sided corridor completion
4385->7006;7006->4386;4386->7895,3,21803.760000000002,5470.03078641155,0.4014009170096571,0,two-sided corridor completion
8382->6707;6707->10589;10589->8381,3,34357.44,8599.063798731582,0.4004518985690008,0,upstream corridor extension
5344->5335;5335->5292;5292->10550,3,34137.200000000004,8527.106896299403,0.3996628614555102,0,upstream corridor extension
8997->6236;6236->6237;6237->6071,3,35238.4,8795.422541123247,0.3993562722994573,0,two-sided corridor completion
8377->10595;10595->6866;6866->6838,3,28190.72,7027.722608260304,0.3988672929679159,0,two-sided corridor completion
6955->10599;10599->6950;6950->10593,3,38321.76,9502.81647755743,0.39675908319690656,0,downstream corridor extension
4431->8696;8696->2069;2069->10165,3,33696.72,8347.97835850517,0.3963817657507399,0,downstream corridor extension
8382->8381;8381->10589;10589->6707,3,35458.64,8747.590039203387,0.3947174528612891,0,upstream corridor extension
6918->12840;12840->12758;12758->10352,3,27530.0,6782.117952750245,0.39416595439158714,0,upstream corridor extension
6267->10583;10583->6272;6272->6266,3,32815.759999999995,8059.535962367003,0.3929592835816451,0,upstream corridor extension
12642->10910;10910->12660;12660->10909,3,81268.56,19909.978671007106,0.3919838849563887,0,upstream corridor extension
8819->4408;4408->10580;10580->4406,3,32815.76,8010.218238931084,0.3905546963498555,0,downstream corridor extension
5972->8014;8014->5947;5947->10568,3,22464.48,5481.833301274144,0.3904356246856652,0,downstream corridor extension
6305->6287;6287->10584;10584->8385,3,27970.48,6819.145480626494,0.3900767083368748,0,two-sided corridor completion
10576->8649;8649->6260;6260->10575,3,43387.28,10567.873770502949,0.3897132531194562,0,upstream corridor extension
7555->10164;10164->10165;10165->10612,3,30833.6,7509.353219453103,0.389671175312807,0,two-sided corridor completion
10569->5866;5866->10570;10570->5870,3,33036.0,8024.940811173996,0.3886640421927108,0,upstream corridor extension
2846->7052;7052->7456;7456->7455,3,32155.04,7791.104736222088,0.38767694202698366,0,two-sided corridor completion
12185->4386;4386->7006;7006->4385,3,21803.760000000002,5280.584484833747,0.3874989990595198,0,two-sided corridor completion
10629->9625;9625->10630;10630->10625,3,44488.48,10755.214204945767,0.3868044655136167,0,upstream corridor extension
5017->5015;5015->12336;12336->2745,3,24006.160000000003,5801.973698027366,0.3866989937934173,0,two-sided corridor completion
10599->6950;6950->10593;10593->6779,3,39863.44,9599.763210452778,0.38530596297571024,0,upstream corridor extension
10589->6707;6707->6704;6704->6706,3,33256.24,7938.715035756306,0.3819416764255397,0,downstream corridor extension
8696->4431;4431->8371;8371->7455,3,44928.96,10722.418613174283,0.3818443556467555,0,upstream corridor extension
4305->10352;10352->4051;4051->6438,3,29952.64,7145.365380667157,0.3816887128836541,0,downstream corridor extension
10584->8385;8385->10583;10583->6267,3,32815.759999999995,7809.647541639989,0.3807754587010627,0,upstream corridor extension
12588->7527;7527->12591;12591->7546,3,28631.2,6811.762861967197,0.3806623745825364,0,two-sided corridor completion
2426->6386;6386->10347;10347->6385,3,26649.04,6335.044788748682,0.380354101385937,0,two-sided corridor completion
10583->6272;6272->6266;6266->6263,3,33476.479999999996,7949.9401591794785,0.37996540420878083,0,two-sided corridor completion
10583->8385;8385->10584;10584->6287,3,33696.72,7927.887240013814,0.37643484540994204,0,downstream corridor extension
6262->6258;6258->6257;6257->6672,3,34137.2,8026.983538401828,0.37622223443759084,0,two-sided corridor completion
6707->10589;10589->8381;8381->8382,3,35458.64,8331.818411108663,0.3759565921810273,0,two-sided corridor completion
10623->10629;10629->2086;2086->7670,3,66512.48,15623.071876345235,0.3758229283008599,0,upstream corridor extension
10340->5992;5992->5972;5972->8014,3,26428.8,6203.268642171444,0.3755459887499361,0,upstream corridor extension
10605->7041;7041->10606;10606->7044,3,33476.479999999996,7849.042297466456,0.3751430161100071,0,two-sided corridor completion
4053->6624;6624->6479;6479->6468,3,29291.92,6811.917389785145,0.37208444593786383,0,two-sided corridor completion
12312->10802;10802->10808;10808->10284,3,24887.12,5780.0028090418145,0.37159801915476376,0,upstream corridor extension
10905->10906;10906->10907;10907->10641,3,48232.56,11180.749569580383,0.3708946676545598,0,two-sided corridor completion
8381->9635;9635->10590;10590->6884,3,24887.120000000003,5768.986740125147,0.37088979296118774,0,upstream corridor extension
6265->6262;6262->8687;8687->10581,3,29071.68,6732.940180835929,0.37055664789023157,0,upstream corridor extension
6236->6051;6051->8791;8791->6071,3,27750.24,6426.8385193119275,0.3705532503826664,0,downstream corridor extension
8366->10625;10625->10630;10630->9625,3,51095.68,11775.752477283955,0.36874357995929063,0,two-sided corridor completion
10632->10626;10626->7585;7585->8366,3,32815.76,7551.00806045155,0.3681649578349695,0,upstream corridor extension
12332->12331;12331->8476;8476->8475,3,21363.280000000002,4904.29438414205,0.3673064723500923,0,downstream corridor extension
8768->10560;10560->8726;8726->8723,3,15637.04,3585.1716739871545,0.3668389080273151,0,downstream corridor extension
6260->10575;10575->6255;6255->12464,3,42065.84,9623.299683288144,0.36602810007504977,0,two-sided corridor completion
6145->10577;10577->6272;6272->6266,3,34797.92,7954.03625886611,0.3657246759055075,0,downstream corridor extension
10607->8695;8695->7451;7451->10612,3,37661.04,8608.383945323953,0.3657204982262392,0,downstream corridor extension
6379->2425;2425->6375;6375->6374,3,27530.0,6289.733006787527,0.36554932113549016,0,downstream corridor extension
10647->10641;10641->10907;10907->10906,3,66732.72,15216.503630458803,0.3648346090004137,0,downstream corridor extension
6266->6272;6272->10583;10583->6267,3,32815.759999999995,7474.666440852609,0.36444276485945104,0,downstream corridor extension
10618->6550;6550->10613;10613->10166,3,45809.92,10423.50681371076,0.36406112261137363,0,upstream corridor extension
6806->6835;6835->6865;6865->8380,3,33916.96,7714.0859288509355,0.36390459186676805,0,upstream corridor extension
7589->7586;7586->7587;7587->6742,3,35678.880000000005,8081.038017915875,0.36238976191700517,0,downstream corridor extension
10543->12336;12336->5015;5015->10548,3,24666.88,5582.725896087066,0.3621196289818293,0,two-sided corridor completion
7463->7462;7462->7461;7461->2056,3,26649.04,6027.641809716636,0.3618977229778866,0,downstream corridor extension
5884->10566;10566->8408;8408->10565,3,47131.36,10660.394138861051,0.3618955748821524,0,downstream corridor extension
7587->7586;7586->10620;10620->10619,3,42286.08,9559.061093658991,0.3616910754048232,0,upstream corridor extension
7560->7589;7589->7587;7587->7586,3,52417.12,11820.343946997458,0.3608086502119142,0,two-sided corridor completion
6913->10350;10350->6750;6750->8351,3,22684.72,5098.73851573193,0.3596245236957339,0,two-sided corridor completion
5017->10543;10543->12336;12336->5015,3,36119.36,8099.421884964946,0.3587847352761487,0,downstream corridor extension
8351->6750;6750->10350;10350->6913,3,22684.72,5072.50556935041,0.35777425998472345,0,two-sided corridor completion
6806->6835;6835->6865;6865->10589,3,30172.88,6746.604180158959,0.35775725380720486,0,downstream corridor extension
5116->5163;5163->5152;5152->5128,3,24887.12,5562.976216691309,0.35764531800811405,0,two-sided corridor completion
10908->2173;2173->10909;10909->12660,3,48232.56,10780.849407830825,0.35762893473888435,0,upstream corridor extension
10635->10641;10641->10907;10907->10906,3,65191.03999999999,14522.471390248948,0.3564286476239422,0,upstream corridor extension
10539->4972;4972->8482;8482->12322,3,64089.84,14268.653777812377,0.35621630580603425,0,upstream corridor extension
4518->12588;12588->7527;7527->12591,3,28410.96,6323.041864152063,0.35609028989669134,0,upstream corridor extension
8352->8351;8351->6750;6750->10350,3,27970.48,6192.308091358517,0.3542196253397735,0,upstream corridor extension
5992->5972;5972->8014;8014->5947,3,21143.04,4675.026991933078,0.35378276667371034,0,two-sided corridor completion
6272->6266;6266->6145;6145->10577,3,38101.520000000004,8420.980557672161,0.3536228710108011,0,upstream corridor extension
8087->8085;8085->8081;8081->2863,3,33256.240000000005,7330.1853691888045,0.35266454026979854,0,two-sided corridor completion
12460->12455;12455->10841;10841->8531,3,70476.8,15518.094598781197,0.3522996412727297,0,downstream corridor extension
5518->5528;5528->5794;5794->8408,3,38542.0,8485.344647678501,0.35225342318212866,0,downstream corridor extension
6550->10613;10613->10166;10166->7555,3,60786.240000000005,13364.841805568301,0.35178597802577166,0,two-sided corridor completion
2846->7052;7052->10608;10608->7045,3,32155.04,7068.20452049872,0.35170620944019826,0,downstream corridor extension
10619->10618;10618->6550;6550->10613,3,46470.64,10154.863948997645,0.34963543257412066,0,upstream corridor extension
7006->4386;4386->7895;7895->7007,3,27530.0,6011.17546260784,0.3493599978268269,0,downstream corridor extension
4431->2084;2084->2069;2069->10165,3,33036.0,7196.824227435236,0.34855668857901617,0,downstream corridor extension
10589->8381;8381->8382;8382->6707,3,35238.399999999994,7670.611090717679,0.3482841940936106,0,downstream corridor extension
6750->10350;10350->6913;6913->8344,3,22464.48,4879.787870465963,0.3475558122309326,0,downstream corridor extension
8476->12332;12332->12331;12331->12220,3,34577.68,7506.037186778908,0.3473240396361541,0,downstream corridor extension
12323->12322;12322->8482;8482->4972,3,48232.56,10466.703441569782,0.3472078924799275,0,two-sided corridor completion
6261->8652;8652->6263;6263->6266,3,30833.6,6687.968901901776,0.3470483577345118,0,upstream corridor extension
10350->6750;6750->8351;8351->8352,3,27970.48,6063.819020599856,0.3468696437443966,0,downstream corridor extension
8482->12322;12322->12315;12315->10798,3,63649.36,13794.287714964059,0.3467569877205756,0,downstream corridor extension
8383->6274;6274->6270;6270->6265,3,33256.24,7197.557577777186,0.3462836485556846,0,upstream corridor extension
6138->6142;6142->6163;6163->8402,3,33696.72,7269.217454416012,0.3451596454214422,0,two-sided corridor completion
2085->10613;10613->10166;10166->7555,3,54179.04,11685.170248479175,0.345083124351533,0,downstream corridor extension
10607->2847;2847->7045;7045->10608,3,23125.2,4985.606146314048,0.34494706355415206,0,downstream corridor extension
7905->7965;7965->10621;10621->7586,3,27309.76,5877.102690952115,0.3443224805169795,0,upstream corridor extension
7138->6376;6376->6377;6377->6374,3,41625.36,8951.308546058051,0.3440713467389323,0,upstream corridor extension
10589->6706;6706->10588;10588->6702,3,42946.799999999996,9233.747991812976,0.344006929198468,0,upstream corridor extension
12336->10543;10543->5017;5017->5015,3,29952.64,6433.308357756587,0.3436522914978626,0,two-sided corridor completion
1910->10898;10898->10892;10892->12774,3,39863.44,8539.746466067023,0.34276004142410277,0,upstream corridor extension
5818->5816;5816->10334;10334->5614,3,27750.239999999998,5936.838864649182,0.34230126238326924,0,two-sided corridor completion
6955->10599;10599->7037;7037->7035,3,33476.48,7157.749539692819,0.34210285142011676,0,two-sided corridor completion
7590->7560;7560->7589;7589->7587,3,52857.600000000006,11259.40288127807,0.34082222064650897,0,upstream corridor extension
10567->5802;5802->5567;5567->5565,3,29071.68,6184.013647398821,0.3403457191272783,0,downstream corridor extension
5514->10558;10558->5499;5499->10557,3,30393.12,6458.710086978936,0.3400090592596712,0,upstream corridor extension
4406->10580;10580->8819;8819->4408,3,33476.479999999996,7108.156618546021,0.33973257014099556,0,upstream corridor extension
12360->2446;2446->12359;12359->10806,3,110340.24,23420.34995447974,0.3396091935921799,0,downstream corridor extension
4403->4402;4402->8351;8351->8352,3,23785.92,5047.842806217741,0.33955165450604335,0,two-sided corridor completion
6999->7048;7048->7046;7046->8372,3,34137.2,7240.011290892846,0.3393370887310194,0,upstream corridor extension
12331->8481;8481->8478;8478->12328,3,17839.44,3778.657425354178,0.3389036808647965,0,upstream corridor extension
7041->10605;10605->10120;10120->10121,3,29071.68,6152.1354854557885,0.33859126052327426,0,downstream corridor extension
12774->10892;10892->10898;10898->1910,3,39863.44,8425.85951804712,0.3381889578238956,0,downstream corridor extension
9010->10342;10342->6071;6071->6237,3,31274.08,6589.934736482739,0.3371448681583082,0,two-sided corridor completion
10166->10613;10613->6550;6550->10618,3,35018.16,7362.773539057974,0.3364093848018502,0,downstream corridor extension
10620->10619;10619->5161;5161->5159,3,32375.28,6801.411429051195,0.3361286230260221,0,two-sided corridor completion
6835->6865;6865->8380;8380->6882,3,33256.24,6985.549270317579,0.33608365926238587,0,two-sided corridor completion
6287->10584;10584->8385;8385->10583,3,33696.72,7058.1045465100815,0.3351355050110554,0,downstream corridor extension
12641->1909;1909->2454;2454->2448,3,143596.48,30063.054946554188,0.33497261154651353,0,downstream corridor extension
4408->8819;8819->10580;10580->4406,3,33476.479999999996,6993.965032549845,0.3342748118105534,0,downstream corridor extension
6438->8818;8818->6434;6434->6763,3,35899.12,7497.435557360728,0.3341557367360861,0,upstream corridor extension
10647->10913;10913->10907;10907->10906,3,66732.72,13921.310889094433,0.3337807513698092,0,downstream corridor extension
8801->10340;10340->5992;5992->5972,3,27530.0,5731.422437787453,0.33310119507664093,0,downstream corridor extension
10581->6256;6256->4458;4458->8531,3,32595.52,6783.433738850122,0.3329750217870491,0,downstream corridor extension
4433->10606;10606->7041;7041->10605,3,43827.76,9117.891541220926,0.33286269857171535,0,two-sided corridor completion
12462->12460;12460->10846;10846->12454,3,37440.8,7787.729019219751,0.3328018212952608,0,upstream corridor extension
12591->7546;7546->10611;10611->7450,3,30833.6,6398.417667095779,0.33202312630874264,0,two-sided corridor completion
6133->6138;6138->6142;6142->6163,3,33476.479999999996,6945.790884872313,0.331972340455021,0,upstream corridor extension
10578->6282;6282->8398;8398->6186,3,32595.52,6756.826248726414,0.3316689532169532,0,two-sided corridor completion
10648->10647;10647->10641;10641->10907,3,66732.72,13806.741158755658,0.3310337995215698,0,downstream corridor extension
7590->7560;7560->7589;7589->7586,3,49774.240000000005,10289.29034997071,0.3307506967450058,0,upstream corridor extension
5528->5794;5794->8408;8408->10566,3,38321.76,7918.774686911584,0.3306225888126885,0,downstream corridor extension
6195->10578;10578->6282;6282->8398,3,33916.96,7005.812233387742,0.3304924608048713,0,upstream corridor extension
12498->8958;8958->10849;10849->10844,3,23785.92,4912.719365354495,0.3304623485056366,0,upstream corridor extension
6556->7581;7581->10883;10883->2568,3,36780.079999999994,7594.23381360545,0.3303629057296429,0,two-sided corridor completion
6672->6673;6673->10587;10587->6675,3,37881.28,7821.041290156181,0.33033905042939127,0,two-sided corridor completion
6263->6266;6266->6272;6272->10583,3,33476.479999999996,6911.389829683016,0.33032815061478465,0,downstream corridor extension
2446->12360;12360->10285;10285->10819,3,35238.4,7269.011678979223,0.3300495676979306,0,upstream corridor extension
6675->6672;6672->6673;6673->10587,3,41845.6,8623.972923520912,0.3297445054589601,0,upstream corridor extension
9223->8361;8361->10643;10643->10644,3,42726.560000000005,8791.511321976372,0.32921953265514925,0,upstream corridor extension
2173->10909;10909->12660;12660->10910,3,59244.56,12170.364364297136,0.32868136724916885,0,two-sided corridor completion
10623->7670;7670->2087;2087->10635,3,56161.200000000004,11527.716929360808,0.3284179662645615,0,upstream corridor extension
5499->10557;10557->4439;4439->8522,3,31274.079999999998,6409.016937249379,0.3278890090323683,0,downstream corridor extension
7589->7560;7560->7590;7590->7592,3,35238.4,7220.5540262014965,0.3278493473574962,0,downstream corridor extension
2698->11080;11080->2753;2753->2867,3,21803.760000000002,3572.9344650654457,0.3277356258797056,1,downstream corridor extension
4972->8482;8482->12322;12322->12315,3,68935.12,14089.989044527352,0.3270318884081694,0,two-sided corridor completion
7560->7589;7589->7586;7586->7587,3,49333.76,10035.367685882877,0.32546856954370806,0,two-sided corridor completion
6550->10613;10613->2085;2085->10614,3,50655.2,10296.951128566458,0.3252404848012906,0,upstream corridor extension
6883->8378;8378->6866;6866->10595,3,28410.96,5773.815702890978,0.32515990746618795,0,upstream corridor extension
10827->4468;4468->10833,2,19821.6,3953.7445754748305,0.3241330132353897,1,downstream corridor extension
10911->12642;12642->10910;10910->12660,3,69375.6,14036.98749404713,0.32373312793655706,0,upstream corridor extension
10915->12661;12661->12660;12660->10909,3,81929.28,16573.249001351374,0.32365960499301594,0,two-sided corridor completion
10344->8993;8993->8992;8992->9005,3,23565.68,4766.175125045279,0.32360110975250644,0,downstream corridor extension
6266->6263;6263->8652;8652->6261,3,30833.6,6227.901931885003,0.3231748187372219,0,two-sided corridor completion
10895->10889;10889->10623;10623->10629,3,78845.92,15923.334654487913,0.32312813963209086,0,downstream corridor extension
10614->2085;2085->10613;10613->10166,3,54619.520000000004,11022.647961573539,0.3228925618262054,0,downstream corridor extension
7041->10606;10606->7044;7044->2825,3,45149.2,9100.086131274638,0.32248938652377945,0,downstream corridor extension
6377->6374;6374->8828;8828->8357,3,49554.0,9985.759336019477,0.32242028771907744,0,downstream corridor extension
9635->10590;10590->6884;6884->6718,3,31053.840000000004,6249.56556398983,0.32199898313328484,0,two-sided corridor completion
4431->8371;8371->7455;7455->10608,3,44488.479999999996,8947.163431844765,0.32177906484895924,0,two-sided corridor completion
5921->5904;5904->5902;5902->10573,3,23125.2,4650.077532162756,0.3217323115674853,0,downstream corridor extension
6706->10588;10588->6702;6702->6698,3,42946.799999999996,8625.013635721549,0.32132829028366444,0,two-sided corridor completion
10594->12135;12135->6802;6802->11952,3,27530.0,5525.709818342226,0.3211455034270818,0,downstream corridor extension
6563->6556;6556->7581;7581->10883,3,41845.6,8360.289686115135,0.3196623658827742,0,upstream corridor extension
7555->10166;10166->10613;10613->6550,3,49994.48,9987.761804211801,0.3196436663955477,0,two-sided corridor completion
6675->10587;10587->6673;6673->6672,3,37881.28,7565.024410162701,0.3195256088564147,0,two-sided corridor completion
10776->10777;10777->12099;12099->7003,3,45809.92,9141.963504880017,0.3193007455111912,0,downstream corridor extension
7470->2040;2040->7167;7167->12569,3,24226.4,4824.894151736617,0.3186536440733492,0,upstream corridor extension
5507->5518;5518->5528;5528->5794,3,35018.16,6970.619852641404,0.31849165587872824,0,two-sided corridor completion
7587->7589;7589->7586;7586->10621,3,49113.52,9751.140812171167,0.31766864397978134,0,downstream corridor extension
10587->6675;6675->6672;6672->6673,3,37440.8,7424.069571713565,0.31726115133067945,0,two-sided corridor completion
9625->10630;10630->10625;10625->8366,3,51095.68,10123.128234540143,0.3169936318542826,0,two-sided corridor completion
10593->6950;6950->10599;10599->7037,3,38982.479999999996,7706.25320553749,0.31629606758882417,0,downstream corridor extension
10912->4532;4532->10906;10906->10907,3,46470.64,9175.822401295743,0.315926697847785,0,downstream corridor extension
10623->7670;7670->2086;2086->10629,3,66512.48,13059.531834951727,0.3141553425150102,0,downstream corridor extension
12587->10882;10882->12589;12589->12594,3,26428.8,5187.714343784962,0.3140643143107496,0,upstream corridor extension
10906->10907;10907->10641;10641->10635,3,65191.03999999999,12795.429159189353,0.31404141818726883,0,downstream corridor extension
10621->7586;7586->7587;7587->7589,3,47351.6,9284.104527863272,0.31370782074061354,0,upstream corridor extension
7586->7587;7587->7589;7589->7560,3,51095.68,10017.478616969289,0.3136853406618889,0,upstream corridor extension
12487->7112;7112->7073;7073->8872,3,37881.28,7407.555402466759,0.3128745555574367,0,downstream corridor extension
7587->7589;7589->7590;7590->7560,3,47571.84,9286.679093397934,0.31234206096372763,0,upstream corridor extension
10643->7778;7778->10648;10648->10647,3,56161.200000000004,10951.132464140945,0.3119914094183442,0,upstream corridor extension
8375->10602;10602->6999;6999->7048,3,33696.72,6563.875451013122,0.31166833809406363,0,two-sided corridor completion
6779->10593;10593->6950;6950->10599,3,39863.44,7755.870510926612,0.3112975904107267,0,two-sided corridor completion
6884->10590;10590->9635;9635->8381,3,33256.24,6458.991691415167,0.31075030449215757,0,downstream corridor extension
6386->6379;6379->2425;2425->6375,3,24226.4,4700.3714264825785,0.31042970818496046,0,two-sided corridor completion
10570->5866;5866->10569;10569->5862,3,34577.68,6701.966119488981,0.3101175611314111,0,downstream corridor extension
10595->6866;6866->6838;6838->6831,3,28631.2,5538.103365657414,0.30948634304716055,0,downstream corridor extension
8358->5167;5167->10343;10343->6374,3,44048.0,8512.788691910408,0.3092186230261681,0,upstream corridor extension
4402->8351;8351->8352;8352->4403,3,33036.0,6383.232060033672,0.3091527816943297,0,downstream corridor extension
8091->8087;8087->8085;8085->8081,3,41625.36,8030.952850555678,0.30869461695680434,0,downstream corridor extension
2157->12774;12774->10892;10892->10898,3,44048.0,8459.007276731394,0.3072650663542098,0,two-sided corridor completion
8322->8324;8324->2050;2050->6708,3,34357.439999999995,6595.246417269284,0.30713563838373453,0,downstream corridor extension
9116->10776;10776->10777;10777->12099,3,48893.28,9364.789359417375,0.30645649003437286,0,two-sided corridor completion
7451->4433;4433->10606;10606->7041,3,40303.92,7712.086841661133,0.30615729057267416,0,upstream corridor extension
10570->5870;5870->10571;10571->8406,3,44488.479999999996,8498.148913332054,0.30563054213880286,0,downstream corridor extension
12336->5015;5015->10548;10548->5254,3,32375.28,6173.938940624085,0.30511866785394715,0,downstream corridor extension
7474->7463;7463->7462;7462->7461,3,28851.44,5498.288973380249,0.3049158848712023,0,two-sided corridor completion
10626->7585;7585->8366;8366->10624,3,66512.48,12666.395397263188,0.30469819552091737,0,upstream corridor extension
10909->12660;12660->10910;10910->12642,3,65411.28,12438.260153613839,0.3042474668861723,0,downstream corridor extension
10620->10619;10619->10618;10618->10624,3,50655.2,9631.654846161695,0.3042263726894517,0,two-sided corridor completion
8096->8092;8092->8091;8091->8087,3,46911.12,8912.684026755262,0.30398537580872975,0,upstream corridor extension
7040->7042;7042->7043;7043->10601,3,33696.72,6402.0136841202175,0.30398275839880995,0,upstream corridor extension
7586->10621;10621->7965;7965->7905,3,27309.76,5182.594752898133,0.303633265346785,0,downstream corridor extension
10912->10913;10913->10907;10907->10906,3,66732.72,12659.585576070464,0.30352931697842894,0,downstream corridor extension
6950->10593;10593->6779;6779->10859,3,40524.16,7675.212680472721,0.30303750376951316,0,two-sided corridor completion
10827->12400,1,1761.92,2668.808602800985,0.3029432213495488,0,downstream boundary-facing singleton
6237->6071;6071->10342;10342->6238,3,32595.52,6152.080756717812,0.3019841134839542,0,downstream corridor extension
10602->6999;6999->7048;7048->7046,3,34357.44,6483.785049989601,0.30194496679564486,0,downstream corridor extension
8381->8382;8382->6707;6707->10589,3,35678.88,6722.028263546979,0.30144570742341603,0,upstream corridor extension
12743->12661;12661->12660;12660->10909,3,87655.52,16513.901844761636,0.30143273294846257,0,downstream corridor extension
12594->12593,1,7047.68,10612.627042185635,0.3011665411081557,0,downstream boundary-facing singleton
8100->8097;8097->8096;8096->8092,3,39643.2,7457.688078563035,0.30099237512866917,0,upstream corridor extension
10614->8371;8371->4431;4431->8696,3,66512.48,12496.11999855016,0.3006021125310658,0,downstream corridor extension
10567->8772;8772->5798;5798->5803,3,22024.0,4137.404869771546,0.30057427313995977,0,downstream corridor extension
7047->2846;2846->7052;7052->7456,3,45369.44,8521.610260063782,0.3005233570461097,0,upstream corridor extension
10909->2229;2229->10903;10903->10897,3,47792.08,8929.82701593494,0.29895587774158194,0,downstream corridor extension
10623->6563;6563->6556;6556->7581,3,36780.08,6872.035606388688,0.29894597755692487,0,upstream corridor extension
6865->8380;8380->6882;6882->6885,3,33696.72,6288.876063166839,0.2986107164456049,0,downstream corridor extension
6236->6237;6237->6071;6071->10342,3,40744.4,7603.399883436648,0.29857943210597376,0,downstream corridor extension
7473->2050;2050->6708;6708->8327,3,44048.0,8218.31783960659,0.2985222607921028,0,two-sided corridor completion
10898->10892;10892->12774;12774->2157,3,44048.0,8185.18421742901,0.2973187147631315,0,two-sided corridor completion
7043->7042;7042->7040;7040->10122,3,40083.68,7446.531561659797,0.2972394375630101,0,downstream corridor extension
12360->10285;10285->10819;10819->10818,3,46911.12,8714.122054949672,0.2972130123501523,0,upstream corridor extension
5816->10334;10334->5614;5614->8760,3,29071.68,5395.918318225745,0.29697180586609345,0,downstream corridor extension
8406->10571;10571->5870;5870->10570,3,44268.24,8197.060246241486,0.2962687559746306,0,upstream corridor extension
10906->10907;10907->10913;10913->10647,3,66732.72,12336.25965295522,0.29577717564529593,0,upstream corridor extension
10342->6071;6071->6237;6237->6236,3,40744.4,7525.814031731754,0.2955326977638843,0,downstream corridor extension
7956->5530;5530->5243;5243->10553,3,30833.6,5692.789111521085,0.2954070422666745,0,two-sided corridor completion
4304->4053;4053->6624;6624->6479,3,27970.48,5151.854491722473,0.2947023857565532,0,upstream corridor extension
7587->7589;7589->7560;7560->7590,3,51536.16,9477.254630407215,0.29423238767986487,0,two-sided corridor completion
1909->1910;1910->10898;10898->10892,3,30833.6,5659.985043338966,0.29370479182911974,0,upstream corridor extension
10558->5499;5499->10557;10557->4439,3,29071.68,5335.017678627005,0.2936200551809599,0,two-sided corridor completion
9011->9010;9010->10342;10342->6071,3,40964.64,7492.696025317366,0.2926502866986695,0,upstream corridor extension
7562->7564;7564->10622;10622->7592,3,29071.68,5311.945591779056,0.29235025106380125,0,upstream corridor extension
7554->7555;7555->10166;10166->10613,3,54399.28,9939.178490581544,0.292332648243331,0,upstream corridor extension
10605->10120;10120->7036;7036->10871,3,32815.76,5993.081174713881,0.29220502220708006,0,upstream corridor extension
10628->7592;7592->10622;10622->7564,3,39863.44,7274.106811796613,0.2919610274194746,0,upstream corridor extension
6707->8382;8382->8381;8381->10589,3,35238.399999999994,6415.005652138988,0.2912734131919265,0,upstream corridor extension
12220->12331;12331->8476;8476->12332,3,34797.92,6329.837810808586,0.29104442154283183,0,upstream corridor extension
6386->10347;10347->6385;6385->6438,3,30172.88,5476.856089159532,0.2904253668411915,0,downstream corridor extension
4406->10580;10580->4408;4408->8819,3,32815.76,5955.6826648338165,0.29038158079331716,0,upstream corridor extension
5742->12368;12368->4529;4529->12407,3,57042.16,10331.155619470632,0.2897830129706345,0,upstream corridor extension
7592->10622;10622->7564;7564->7562,3,37661.04,6812.999420831353,0.2894449827548619,0,two-sided corridor completion
7586->10620;10620->10619;10619->10618,3,55720.72,10078.653502309327,0.28940483187753,0,upstream corridor extension
10883->7581;7581->6556;6556->6563,3,54399.28,9836.540636967542,0.28931384788820863,0,downstream corridor extension
8109->8103;8103->8100;8100->8097,3,36339.600000000006,6570.443740876994,0.2892907457815493,0,downstream corridor extension
7778->10648;10648->10647;10647->10641,3,74441.12,13454.301335011598,0.2891799872975925,0,two-sided corridor completion
6376->7138;7138->8751;8751->6215,3,21143.04,3814.797893625812,0.2886849114319085,0,downstream corridor extension
5997->5818;5818->5816;5816->10334,3,33036.0,5959.815128411693,0.2886458471200723,0,upstream corridor extension
10818->10819;10819->10285;10285->12360,3,46911.12,8461.94478880504,0.2886119892700934,0,two-sided corridor completion
8818->6434;6434->6763;6763->4051,3,33916.96,6110.661482616396,0.28826458421350953,0,two-sided corridor completion
12642->10910;10910->12660;12660->12661,3,75101.84,13524.295673009101,0.2881270695473581,0,upstream corridor extension
10588->6702;6702->6698;6698->6675,3,43387.28,7804.758834414342,0.28781740028558944,0,downstream corridor extension
3900->9116;9116->10776;10776->10777,3,45589.68,8187.21965660471,0.2873358937936729,0,upstream corridor extension
8399->8402;8402->6163;6163->6142,3,44708.72,8024.284339739494,0.28716668568420634,0,upstream corridor extension
7546->10611;10611->7450;7450->10612,3,36780.08,6598.526419122194,0.2870478332454826,0,downstream corridor extension
10613->10166;10166->7555;7555->7554,3,65191.04,11648.701958406646,0.28589700568437987,0,downstream corridor extension
10618->6550;6550->10613;10613->2085,3,46250.4,8233.629052296816,0.28483659565484637,0,upstream corridor extension
10590->6884;6884->6718;6718->4425,3,36119.36,6418.68979725512,0.2843323822904999,0,downstream corridor extension
10834->10835;10835->6130;6130->4434,3,72238.72,12829.363760921122,0.2841548413021963,0,upstream corridor extension
10444->12903;12903->10445;10445->5164,3,31053.840000000004,5514.061218819643,0.284103284814742,0,upstream corridor extension
10910->12660;12660->12661;12661->12743,3,73780.4,13099.038771460138,0.284065443320126,0,two-sided corridor completion
6773->6779;6779->10593;10593->6950,3,34137.2,6055.642547573005,0.2838260922429727,0,upstream corridor extension
10892->10898;10898->1910;1910->1909,3,30833.6,5467.673203401715,0.28372545292936097,0,downstream corridor extension
6718->6884;6884->10590;10590->9635,3,39422.96,6990.247654623475,0.2837025998909661,0,two-sided corridor completion
10815->8512;8512->8511;8511->10809,3,38762.240000000005,6865.126021384753,0.2833737584364475,0,downstream corridor extension
7586->10620;10620->10619;10619->5161,3,46030.159999999996,8143.90479054445,0.28308065113984227,0,upstream corridor extension
7047->2846;2846->7052;7052->10608,3,44928.96000000001,7944.132188569666,0.2829046455050699,0,two-sided corridor completion
2569->10883;10883->7581;7581->6556,3,50655.2,8943.128969422361,0.2824785283855513,0,two-sided corridor completion
10877->10876;10876->12587;12587->2128,3,40083.68,7073.3038465406225,0.28234149545313697,0,two-sided corridor completion
6887->10596;10596->8377;8377->10595,3,33256.24,5863.045958137139,0.2820785973705814,0,upstream corridor extension
10894->2157;2157->12774;12774->10892,3,47351.6,8342.411010760454,0.2818882068867098,0,upstream corridor extension
10625->10630;10630->10624;10624->8366,3,71798.24,12594.653000425411,0.2806676709718881,0,upstream corridor extension
4434->10575;10575->6260;6260->8649,3,53958.8,9441.942586997951,0.2799748722950978,0,downstream corridor extension
10913->10647;10647->10641;10641->10907,3,66952.95999999999,11699.853514155202,0.2795957881869349,0,downstream corridor extension
6704->6702;6702->10588;10588->6706,3,43387.28,7559.687464419561,0.27877986227925095,0,two-sided corridor completion
6702->10588;10588->6706;6706->10589,3,42946.799999999996,7472.75960140027,0.27840061104064645,0,downstream corridor extension
2050->6708;6708->8327;8327->10366,3,44268.24,7700.6942670295975,0.2783284546041893,0,downstream corridor extension
2085->10614;10614->8371;8371->4431,3,66072.0,11484.11323090182,0.27809936386734035,0,two-sided corridor completion
10827->12400;12400->12406;12406->10834,3,29512.160000000003,5128.396030480643,0.27803568592637845,0,downstream corridor extension
6256->4458;4458->8531;8531->10841,3,31714.559999999998,5507.827547651502,0.27786997758261206,0,upstream corridor extension
10630->10625;10625->8366;8366->10624,3,84792.4,14718.233584379064,0.2777274111241869,0,downstream corridor extension
10166->7555;7555->10164;10164->10165,3,43607.520000000004,7542.595981203605,0.27674478094433635,0,upstream corridor extension
12491->7473;7473->2050;2050->6708,3,40083.68,6930.539339025712,0.2766428367465547,0,upstream corridor extension
10629->2086;2086->7670;7670->10623,3,66512.48,11487.690361541408,0.2763436963779768,0,upstream corridor extension
8352->4403;4403->4402;4402->8351,3,26869.28,4638.976268008141,0.2762397067883109,0,upstream corridor extension
5747->4438;4438->4439;4439->8522,3,33256.24,5735.529044905663,0.2759435965054697,0,upstream corridor extension
8990->8992;8992->9005;9005->10344,3,29952.64,5156.7977991511425,0.27546408191871663,0,upstream corridor extension
4449->4454;4454->12453;12453->10845,3,23565.68,4051.3013419689487,0.27506450682307143,0,upstream corridor extension
8366->10624;10624->9624;9624->10629,3,81268.56,13920.480300612706,0.2740637767050423,0,downstream corridor extension
12550->10869;10869->10863;10863->12508,3,44268.240000000005,7579.251436366021,0.27393911070748767,0,upstream corridor extension
12152->2698;2698->11080;11080->2753,3,21143.04,3601.5318529728215,0.27254599928659806,0,two-sided corridor completion
10888->2569;2569->10883;10883->7581,3,29952.64,5084.168461448653,0.2715843925048959,0,upstream corridor extension
10892->10893;10893->10894;10894->12594,3,51095.67999999999,8655.262278435395,0.2710291681311734,0,upstream corridor extension
10593->6779;6779->10859;10859->12522,3,29732.4,5019.748387651716,0.2701294688704156,0,downstream corridor extension
7562->10616;10616->8324;8324->8322,3,29291.92,4942.9231391673775,0.2699951735040859,0,downstream corridor extension
12149->12152;12152->2698;2698->11080,3,20041.84,3378.698116378579,0.26973157086403876,0,upstream corridor extension
4434->6130;6130->10835;10835->10834,3,47571.840000000004,8015.153041348313,0.2695763894387373,0,downstream corridor extension
7961->8768;8768->10560;10560->8726,3,32375.28,5438.460735220023,0.26877102457035235,0,two-sided corridor completion
4432->5507;5507->5518;5518->5528,3,31934.8,5357.496611575754,0.26842173987378054,0,upstream corridor extension
10546->5116;5116->5163;5163->5152,3,29291.92,4911.417108323555,0.26827423307580006,0,upstream corridor extension
4452->12452;12452->10850;10850->12502,3,24446.64,4096.530261389098,0.26811244482769647,0,two-sided corridor completion
7052->2846;2846->7047;7047->2825,3,46470.64,7778.971398425076,0.2678326409423266,0,upstream corridor extension
4438->4439;4439->8522;8522->5742,3,29071.68,4862.424147890177,0.26761021848838057,0,two-sided corridor completion
12384->6913;6913->10350;10350->6750,3,27970.48,4677.081516563523,0.26754386862512325,0,upstream corridor extension
8696->4431;4431->8371;8371->10614,3,66512.48,11099.67414083684,0.2670097194592495,0,upstream corridor extension
10847->4459;4459->12462;12462->12460,3,30613.36,5108.681339567381,0.2670040186150037,0,upstream corridor extension
7638->10383;10383->10378;10378->7565,3,44048.0,7348.9988720794045,0.26694510977404307,0,upstream corridor extension
12581->8972;8972->10868;10868->12548,3,48673.04,8117.261044901242,0.2668339119940317,0,upstream corridor extension
10636->10630;10630->10625;10625->8366,3,62548.16,10429.951113006717,0.2668011621894352,0,downstream corridor extension
5866->10570;10570->5870;5870->10571,3,44488.479999999996,7417.07649345973,0.2667504574113472,0,two-sided corridor completion
2089->2090;2090->10637;10637->9223,3,47131.36,7774.779536501887,0.26393567379347893,0,upstream corridor extension
8361->10643;10643->7778;7778->10648,3,57482.64000000001,9478.32678523754,0.26382439735509816,0,upstream corridor extension
5794->5528;5528->5518;5518->5507,3,35018.16,5772.225149028524,0.26373630820253374,0,downstream corridor extension
7585->8366;8366->10624;10624->9624,3,80167.36,13164.630557771197,0.2627429528979614,0,two-sided corridor completion
12774->10892;10892->10893;10893->10894,3,53518.32,8786.591452216948,0.26268661504223445,0,upstream corridor extension
10166->7555;7555->7554;7554->7547,3,55060.0,9000.350285826871,0.2615430522579549,0,downstream corridor extension
4439->8522;8522->5742;5742->12368,3,39863.44,6514.68464058762,0.26148007861188577,0,downstream corridor extension
7581->10883;10883->2568;2568->12590,3,27530.0,4478.356548638896,0.26027499011341204,0,downstream corridor extension
7632->7631;7631->10627;10627->7587,3,46250.4,7523.265676473191,0.2602620751897736,0,upstream corridor extension
6706->6704;6704->6702;6702->10588,3,42506.31999999999,6899.123316117962,0.25969308342356484,0,upstream corridor extension
6266->6145;6145->10577;10577->6272,3,37661.04,6108.085699900245,0.25949727144657697,0,two-sided corridor completion
8648->4434,1,6827.44,8847.525963566171,0.2591755024889614,0,upstream boundary-facing singleton
12879->2584;2584->10441;10441->10304,3,42286.08,6844.550947514562,0.25898076899119754,0,upstream corridor extension
8103->8100;8100->8097;8097->8096,3,31714.559999999998,5123.385652068363,0.25847487851981493,0,upstream corridor extension
10612->7451;7451->4433;4433->10606,3,37661.04,6076.394392541441,0.2581508908959048,0,upstream corridor extension
12218->12319;12319->12317;12317->12318,3,29291.92,4719.562971616984,0.2577946667404245,0,two-sided corridor completion
9033->10843;10843->12146;12146->12149,3,44268.240000000005,5695.935510606078,0.2573373375858664,1,two-sided corridor completion
7581->6556;6556->6563;6563->10623,3,49333.759999999995,7928.98558406899,0.25715406517789,0,downstream corridor extension
12086->6954;6954->6955;6955->10600,3,27970.48,4478.81684106533,0.25620250155537294,0,upstream corridor extension
12573->2032;2032->7470;7470->2040,3,30613.36,4896.2519717795785,0.2559014480882636,0,downstream corridor extension
10869->10863;10863->12508;12508->10858,3,43607.520000000004,6947.975889072042,0.254927623091505,0,two-sided corridor completion
10383->10378;10378->7565;7565->10374,3,45369.44,7205.243448901001,0.2541003265246739,0,two-sided corridor completion
4972->10539;10539->12323;12323->12322,3,52857.6,8392.646417520209,0.25404547819107065,0,downstream corridor extension
8652->6263;6263->10576;10576->8649,3,54399.28,8632.332106712356,0.2538954811670259,0,two-sided corridor completion
2040->7167;7167->12569;12569->8319,3,28410.96,4483.5566792886475,0.25249729987518327,0,two-sided corridor completion
2087->10635;10635->10641;10641->10907,3,61006.479999999996,9617.461488188232,0.25223449019024163,0,upstream corridor extension
2846->7052;7052->7456;7456->7905,3,59905.28,9431.781049990444,0.25191184616756174,0,upstream corridor extension
4458->8531;8531->10841;10841->12455,3,47131.36,7392.43116057191,0.2509558361336286,0,two-sided corridor completion
2086->9626;9626->9625;9625->10630,3,44268.24,6904.265181810178,0.24954288426411997,0,downstream corridor extension
7564->7562;7562->10616;10616->8324,3,31494.32,4908.828922881072,0.24938231009939937,0,two-sided corridor completion
7555->7554;7554->7547;7547->12591,3,40964.64,6374.393157963685,0.24897152892694518,0,downstream corridor extension
10907->10641;10641->10647;10647->10648,3,66732.72,10379.178982961814,0.24885373131409755,0,upstream corridor extension
10876->12587;12587->2128;2128->9210,3,40524.16,6262.89104354205,0.24727534561277223,0,downstream corridor extension
10572->8406;8406->10571;10571->5870,3,44048.0,6800.755885722608,0.24703072596159129,0,upstream corridor extension
7566->7474;7474->7463;7463->7462,3,37661.04,5785.156027167115,0.2457778554035519,0,upstream corridor extension
7112->7073;7073->8872;8872->10604,3,33256.24,5098.913764059589,0.24531522572892617,0,downstream corridor extension
10843->12146;12146->12149;12149->12152,3,29732.4,4556.951754576364,0.24522483241588913,0,downstream corridor extension
10892->12774;12774->2157;2157->10894,3,47351.6,7253.814530504217,0.24510477468146266,0,downstream corridor extension
10547->5128;5128->5154;5154->10553,3,47131.36,7215.27531499495,0.2449418074078898,0,upstream corridor extension
7591->7590;7590->7560;7560->7589,3,50214.72,7682.5892033557,0.2447916213685772,0,upstream corridor extension
10907->10641;10641->10647;10647->10913,3,66952.95999999999,10226.05312591665,0.2443758274685188,0,upstream corridor extension
8531->10841;10841->12455;12455->12460,3,59464.8,9059.27450939033,0.24375494771738118,0,downstream corridor extension
5344->10332;10332->5617;5617->8760,3,33256.24,5063.843972450131,0.24362797345461218,0,upstream corridor extension
12452->10850;10850->12502;12502->12504,3,25327.6,3843.689174046278,0.24281426895852923,0,downstream corridor extension
6258->6257;6257->6672;6672->6675,3,35238.4,5330.5018180569705,0.24203150281769756,0,downstream corridor extension
10599->7037;7037->7035;7035->10865,3,45149.200000000004,6826.410853942505,0.2419147485737955,0,upstream corridor extension
4446->10877;10877->10876;10876->12587,3,41184.880000000005,6224.96828674518,0.24183509236380651,0,upstream corridor extension
10588->6806;6806->6835;6835->6865,3,40964.64,6190.995130085535,0.24180835491626085,0,two-sided corridor completion
10599->6944;6944->6940;6940->12524,3,39202.72,5924.208982231456,0.24178767115063265,0,upstream corridor extension
7561->7560;7560->7589;7589->7590,3,44048.0,6647.576336297076,0.24146663045031153,0,upstream corridor extension
7047->2825;2825->7044;7044->10606,3,46250.4,6976.188493335777,0.2413363255093414,0,downstream corridor extension
5540->7956;7956->5530;5530->5243,3,37000.32,5579.689705981804,0.2412817924161436,0,upstream corridor extension
8756->10347,1,1321.44,1590.369304244459,0.24070246159408815,0,upstream boundary-facing singleton
10625->10630;10630->10636;10636->8364,3,89637.68000000001,13435.256643181458,0.23981444666004667,0,upstream corridor extension
4425->6718;6718->6884;6884->10590,3,47131.36,7057.327677272976,0.23957985264241818,0,upstream corridor extension
10619->5161;5161->5159;5159->10614,3,31494.32,4701.4925026954625,0.23884903704263946,0,downstream corridor extension
6374->10343;10343->5167;5167->8358,3,44048.0,6557.575882612665,0.23819745305530932,0,downstream corridor extension
8097->8096;8096->8092;8092->8091,3,56821.92,8456.697574369156,0.23812493697838177,0,two-sided corridor completion
8092->8091;8091->8087;8087->8085,3,54179.04000000001,8056.137833458628,0.2379115712189401,0,two-sided corridor completion
10624->8366;8366->10625;10625->10630,3,84792.4,12532.67113264396,0.23648668763038125,0,upstream corridor extension
10566->8408;8408->10565;10565->5792,3,45809.92,6725.010285116521,0.23488398268729643,0,downstream corridor extension
10811->5083;5083->8483;8483->10545,3,65851.76,9663.107423779355,0.23478448986096906,0,upstream corridor extension
10561->8771;8771->5797;5797->8769,3,38542.0,5648.477543928993,0.23448612086260157,0,upstream corridor extension
7042->7040;7040->10122;10122->10121,3,32155.04,4709.260020138663,0.23432768338095245,0,downstream corridor extension
6142->6163;6163->8402;8402->8399,3,44708.72,6505.9216688478455,0.23282873386123676,0,downstream corridor extension
12324->12323;12323->10539;10539->4972,3,43827.76,6377.560689956701,0.23282269283054213,0,upstream corridor extension
2435->10840;10840->12402;12402->12454,3,42506.32,6179.6725486971645,0.23261190519234468,0,upstream corridor extension
6434->6763;6763->4051;4051->6438,3,40524.159999999996,5889.979940229978,0.23255183831985576,0,downstream corridor extension
8114->8109;8109->8103;8103->8100,3,36339.600000000006,5281.177227878117,0.2325254973804056,0,two-sided corridor completion
10987->11050;11050->11056;11056->11049,3,62327.92,9049.293437803828,0.23230150309020622,0,two-sided corridor completion
12241->10987;10987->11050;11050->11056,3,60566.0,8776.706958895127,0.2318583220657168,0,upstream corridor extension
8361->10643;10643->10644;10644->2091,3,63869.600000000006,9194.14816404874,0.23032298718761327,0,downstream corridor extension
8364->10636;10636->10630;10630->10625,3,88976.96,12789.378650563895,0.22998095058431117,0,downstream corridor extension
12453->10845;10845->10844;10844->10849,3,48673.04,6985.299059319873,0.22962359644911837,0,downstream corridor extension
10608->7052;7052->2846;2846->7047,3,44928.96000000001,6416.928720383063,0.22851821970980188,0,upstream corridor extension
7472->12573;12573->2032;2032->7470,3,33036.0,4717.130994621553,0.22846015230035374,0,two-sided corridor completion
10907->10641;10641->10635;10635->2087,3,61006.479999999996,8707.354226504873,0.2283653599159925,0,downstream corridor extension
10284->12358;12358->2446;2446->12360,3,41625.36,5935.017858223815,0.2281308455508398,0,upstream corridor extension
6702->10588;10588->6806;6806->6835,3,50875.44,7250.833574190205,0.2280340714243322,0,upstream corridor extension
2825->7047;7047->2846;2846->7052,3,58583.840000000004,8342.691746794713,0.22784963899381708,0,upstream corridor extension
6263->10576;10576->8649;8649->6260,3,66292.23999999999,9438.222571147204,0.2277967393142173,0,downstream corridor extension
10554->7961;7961->8768;8768->10560,3,41845.6,5938.367209716105,0.22705822202443673,0,upstream corridor extension
10120->7036;7036->10871;10871->10865,3,36339.6,5143.487620642042,0.22646314744871346,0,two-sided corridor completion
4454->12453;12453->10845;10845->10844,3,38321.76,5417.861659070369,0.22620512874441545,0,two-sided corridor completion
12382->8278;8278->12038;12038->12039,3,53077.84,7497.826512473153,0.2260175323629795,0,downstream corridor extension
5128->5154;5154->10553;10553->8641,3,46911.12,6623.953852500033,0.22592353719118308,0,two-sided corridor completion
8371->7455;7455->10608;10608->7045,3,44488.479999999996,6278.150026053087,0.22578968851453093,0,downstream corridor extension
4431->8371;8371->10614;10614->2085,3,77084.0,10860.360339776076,0.2254239082512807,0,two-sided corridor completion
5154->10553;10553->8641;8641->8642,3,50875.44,7161.485138952243,0.22522412036777642,0,downstream corridor extension
10332->5617;5617->8760;8760->5614,3,34357.44,4833.0159733587025,0.22506989919429166,0,two-sided corridor completion
10587->6673;6673->6672;6672->6675,3,41845.6,5879.890959542592,0.22482233580754363,0,downstream corridor extension
2846->7047;7047->2825;2825->7044,3,58804.08,8258.30233650349,0.2247001184000427,0,two-sided corridor completion
4458->8531;8531->10841;10841->12404,3,49994.479999999996,7008.4369095110305,0.22429474324400714,0,upstream corridor extension
6783->6773;6773->6779;6779->10593,3,30172.879999999997,4204.978175480192,0.22298054016614613,0,upstream corridor extension
10849->10844;10844->10843;10843->12146,3,58804.08,8162.013893098382,0.22208020649175042,0,downstream corridor extension
10907->10913;10913->10647;10647->10641,3,67613.68,9379.837608618627,0.22196307276559724,0,two-sided corridor completion
8771->5797;5797->8769;8769->5795,3,36339.6,4988.59422010562,0.21964332992572821,0,two-sided corridor completion
5083->8483;8483->10545;10545->8484,3,61667.2,8446.833007901441,0.21915917720672107,0,two-sided corridor completion
6940->12524;12524->12517;12517->10864,3,55720.72,7618.719772780212,0.21876873874652625,0,upstream corridor extension
7462->10374;10374->7565;7565->10378,3,37000.32,5055.04177974073,0.2185945107389657,0,upstream corridor extension
10606->7044;7044->2825;2825->7047,3,58363.6,7944.710694690094,0.2177990581716027,0,two-sided corridor completion
10545->8483;8483->5083;5083->5084,3,48893.28,6642.331183952895,0.21736586079568876,0,downstream corridor extension
8098->8099;8099->8105;8105->8107,3,36339.600000000006,4925.411840703899,0.21686146642027532,0,upstream corridor extension
10636->8364;8364->2441;2441->10632,3,55060.0,7449.920814987081,0.21648879956373648,0,downstream corridor extension
8759->5344;5344->5335;5335->5292,3,48232.560000000005,6511.307811234392,0.21599708781733803,0,upstream corridor extension
10378->7565;7565->10374;10374->7474,3,45149.2,6056.104404439739,0.21461658339690587,0,downstream corridor extension
8972->10868;10868->12548;12548->10867,3,57042.16,7649.706836336042,0.21456990650665522,0,two-sided corridor completion
6213->8801;8801->10340;10340->5992,3,40964.64,5491.45921376634,0.21448582831500884,0,two-sided corridor completion
8703->4971;4971->10547;10547->5128,3,38101.52,5092.911848018568,0.21386703094337733,0,upstream corridor extension
7565->10378;10378->10383;10383->7638,3,44048.0,5883.561834642874,0.21371455992164454,0,downstream corridor extension
12589->10882;10882->2127;2127->9206,3,35018.16,4668.647217346088,0.21331319371873736,0,downstream corridor extension
10622->7592;7592->10628;10628->7635,3,44708.72,5949.718214767172,0.21292376841984015,0,downstream corridor extension
10971->12038;12038->8278;8278->12382,3,56161.2,7467.949733086805,0.2127575545561507,0,upstream corridor extension
10623->10889;10889->10895;10895->7670,3,71798.24,9523.075238099435,0.21221857779465203,0,two-sided corridor completion
10301->11861;11861->2058;2058->11862,3,71578.0,9477.713426781702,0.21185757471360925,0,upstream corridor extension
10624->8366;8366->10619;10619->10618,3,80607.84,10669.849521947546,0.21178782653295355,0,downstream corridor extension
12322->8482;8482->4972;4972->10539,3,85012.64,11244.201409238514,0.211624086192143,0,downstream corridor extension
5617->8760;8760->5614;5614->5816,3,35678.880000000005,4701.0447175978525,0.21081579769758926,0,downstream corridor extension
10575->6255;6255->12464;12464->12410,3,53077.84,6993.342401051148,0.21081015809388323,0,downstream corridor extension
12903->10445;10445->5164;5164->5166,3,51976.64,6835.77865988466,0.21042618098852592,0,two-sided corridor completion
6374->8828;8828->8357;8357->8356,3,44928.96,5903.9758911260815,0.2102510591342807,0,downstream corridor extension
5530->5243;5243->10553;10553->5154,3,57702.880000000005,7563.809263829277,0.20973120964026137,0,upstream corridor extension
12364->10821;10821->10815;10815->8512,3,68935.12,9034.47960610676,0.20969235086224286,0,upstream corridor extension
10647->10648;10648->10649;10649->10650,3,66072.0,8608.7316678255,0.20846910443941155,0,downstream corridor extension
1954->1952,1,6607.2,6869.458523909069,0.20793856774152653,0,upstream boundary-facing singleton
5528->5518;5518->5507;5507->4432,3,31934.8,4149.2524233648455,0.20788618927889804,0,downstream corridor extension
10797->8890;8890->10803;10803->8891,3,44048.0,5712.059041555516,0.207484890721232,0,upstream corridor extension
10821->10815;10815->8512;8512->8511,3,52196.88,6757.481816548347,0.207138260112048,0,two-sided corridor completion
12460->10846;10846->12454;12454->10839,3,55500.48,7172.720701400168,0.2067793489757254,0,two-sided corridor completion
5866->10569;10569->5862;5862->5861,3,34577.68,4459.049384925292,0.20633191746469015,0,downstream corridor extension
6498->9011;9011->9010;9010->10342,3,34577.68,4457.8586854000205,0.20627682067275865,0,two-sided corridor completion
11050->11056;11056->3956;3956->12355,3,56821.92,7298.155893455157,0.20550254953595815,0,upstream corridor extension
10445->5164;5164->5166;5166->5168,3,42726.56,5485.953467351643,0.20543487581875605,0,downstream corridor extension
9033->10843;10843->12146,2,42065.840000000004,5310.2963583870205,0.2051363192171821,1,upstream corridor extension
10075->9223;9223->10637;10637->2090,3,69155.36,8846.071262806317,0.2046654665739591,0,two-sided corridor completion
11861->2058;2058->11862;11862->6879,3,68274.4,8718.54089754973,0.2043176569267481,0,two-sided corridor completion
10613->6550;6550->10618;10618->10619,3,46470.64,5932.52976570169,0.2042590251634732,0,downstream corridor extension
8918->12035;12035->10923;10923->12085,3,43387.28,4422.023937547776,0.20383964782064126,1,two-sided corridor completion
10374->7565;7565->10378;10378->10383,3,45369.44,5736.240039557325,0.20229440926076495,0,two-sided corridor completion
9989->11200;11200->11111;11111->8503,3,53738.560000000005,5434.01604083223,0.20223898968756254,1,two-sided corridor completion
7478->12218;12218->12319;12319->12317,3,42726.56,5396.987607606272,0.2021033327319128,0,upstream corridor extension
10641->10647;10647->10913;10913->10907,3,67613.68,8520.752830132025,0.20163381919474346,0,two-sided corridor completion
8958->10849;10849->10844;10844->10843,3,44708.72,5631.377424669122,0.20153124221562582,0,two-sided corridor completion
7049->12601;12601->10013;10013->10014,3,50655.200000000004,5099.945086852057,0.20135919261406757,1,downstream corridor extension
4409->8358;8358->5167;5167->10343,3,44268.24,5550.317492179355,0.20060675526036206,0,upstream corridor extension
2815->2817,1,880.96,883.5830197157811,0.20059549121771278,0,downstream boundary-facing singleton
10441->10304;10304->10306;10306->2587,3,57042.16,5709.5434881084075,0.2001867912473303,1,downstream corridor extension
8371->10614;10614->2085;2085->10613,3,77084.0,9635.232639798098,0.19999445051731823,0,downstream corridor extension
7037->7035;7035->10865;10865->10871,3,44268.240000000005,5516.305053466271,0.19937743369842653,0,two-sided corridor completion
7547->7554;7554->7555;7555->10166,3,66512.48,8244.505521333029,0.1983268227877362,0,upstream corridor extension
12358->2446;2446->12360;12360->10285,3,38982.48,4829.544230445379,0.1982241963239026,0,two-sided corridor completion
4971->10547;10547->5128;5128->5154,3,42286.08,5234.574903546534,0.19806328337066134,0,two-sided corridor completion
6944->6940;6940->12524;12524->10865,3,51315.92,6344.969355972495,0.1978323874843517,0,two-sided corridor completion
10868->12548;12548->10867;10867->10866,3,68054.16,8410.258822262544,0.1977309559859393,0,downstream corridor extension
3956->11056;11056->11050;11050->10987,3,59244.56,7308.107425634613,0.19736785758920958,0,two-sided corridor completion
10863->12508;12508->10858;10858->8971,3,44488.479999999996,5483.46807371482,0.1972094555251992,0,downstream corridor extension
10619->10618;10618->10624;10624->8366,3,84572.16,10414.101819255033,0.19702184395914746,0,downstream corridor extension
10285->10819;10819->10818;10818->12355,3,75101.84,9241.196954808605,0.19687820068980694,0,two-sided corridor completion
7035->10865;10865->10871;10871->7036,3,55060.0,6737.8476166556375,0.19579651628494407,0,downstream corridor extension
10630->10624;10624->8366;8366->10619,3,62988.64,7667.879361561613,0.19477491462744045,0,two-sided corridor completion
5930->5921,1,6827.44,6632.4684706396165,0.1942885904713807,0,upstream boundary-facing singleton
2116->2122;2122->12359;12359->10806,3,146679.84,17803.246535817063,0.19419979226393555,0,upstream corridor extension
8890->10803;10803->8891;8891->10810,3,39422.96,4783.269814758469,0.19413133117385276,0,two-sided corridor completion
7905->7456;7456->7052;7052->10608,3,59905.28,7262.149194386461,0.1939635155869122,0,downstream corridor extension
6261->8652;8652->6263;6263->10576,3,53738.56,6473.568137514125,0.19274258595732005,0,upstream corridor extension
4451->4452;4452->12452;12452->10850,3,29291.92,3523.516383124111,0.192463526221517,0,upstream corridor extension
10629->2086;2086->9626;9626->9625,3,55060.0,6621.331259280726,0.19241064320467058,0,two-sided corridor completion
11062->12355;12355->3956;3956->11056,3,49554.0,5948.374785040964,0.19206117883653273,0,upstream corridor extension
7044->2825;2825->7047;7047->2846,3,70917.28,8504.094763808114,0.19186510850519062,0,downstream corridor extension
10641->10647;10647->10648;10648->10649,3,66952.95999999999,8027.628435033625,0.19183924797430618,0,two-sided corridor completion
8918->12035;12035->10923,2,27089.52,3191.840971954035,0.1914667214267845,1,upstream corridor extension
7546->7547;7547->7554;7554->7555,3,48893.28,5828.809787156847,0.1907439153080128,0,upstream corridor extension
10644->10643;10643->8361;8361->9223,3,42726.560000000005,5080.818720412025,0.19026361945963446,0,downstream corridor extension
10841->12455;12455->12460;12460->10846,3,53298.08,6332.880066489155,0.19011206607034714,0,downstream corridor extension
7052->7456;7456->7905;7905->7965,3,55940.96,6630.286662156022,0.18963669303225467,0,two-sided corridor completion
12319->12317;12317->12318;12318->10811,3,43827.759999999995,5158.919387822275,0.18833431187255845,0,downstream corridor extension
5870->10571;10571->8406;8406->10572,3,55060.0,6459.588732154208,0.18771053344436495,0,two-sided corridor completion
2425->6379,1,5506.0,5166.085616944454,0.18765294649271538,0,upstream boundary-facing singleton
12038->8278;8278->12382;12382->12381,3,61446.96,7205.811761613061,0.18763009298720226,0,two-sided corridor completion
7456->7905;7905->7965;7965->10621,3,54399.28,6357.457904302065,0.18698653083061587,0,downstream corridor extension
10977->6983;6983->12238;12238->12239,3,63649.36,7430.528787005757,0.1867865766318658,0,two-sided corridor completion
7670->2087;2087->10635;10635->10641,3,55500.48,6458.4685644541205,0.18618847446232165,0,two-sided corridor completion
12359->10806;10806->8893;8893->12358,3,198876.72000000003,23112.13911118383,0.18594143436141808,0,downstream corridor extension
11056->11050;11050->10987;10987->12241,3,62768.399999999994,7273.291353450796,0.18540007655956303,0,downstream corridor extension
6879->11862;11862->2058;2058->11861,3,63208.88,7319.7173363229485,0.18528326618216806,0,two-sided corridor completion
12589->2061;2061->2877;2877->12584,3,30833.6,3565.355012361651,0.18501141675894617,0,downstream corridor extension
11050->11056;11056->11049;11049->12307,3,80387.6,9289.755664274187,0.18489927629184974,0,downstream corridor extension
8099->8105;8105->8107;8107->8113,3,36339.600000000006,4191.940183981963,0.1845673671248759,0,two-sided corridor completion
11188->4036;4036->11111;11111->8503,3,70697.04000000001,6519.844144417446,0.18444461449637625,1,downstream corridor extension
7564->10622;10622->7592;7592->10628,3,46690.88,5361.404260563457,0.1837242480094942,0,two-sided corridor completion
7167->12569;12569->8319;8319->7463,3,31053.84,3559.9502655815872,0.18342080802021715,0,downstream corridor extension
7036->10871;10871->10865;10865->7035,3,55060.0,6257.934486227034,0.18185062074034242,0,downstream corridor extension
8484->10545;10545->8483;8483->5083,3,61667.2,7004.308413533252,0.18173183575147248,0,two-sided corridor completion
9630->6213;6213->8801;8801->10340,3,42946.8,4877.670091680046,0.1817195261739658,0,upstream corridor extension
12318->10811;10811->5083;5083->8483,3,61226.72,6950.9007923968275,0.1816435907041064,0,two-sided corridor completion
8531->10841;10841->12404;12404->12410,3,58583.84,6638.893639602557,0.18131672187012823,0,two-sided corridor completion
10678->10677;10677->12826;12826->12825,3,63649.36,7212.8064822384895,0.18131353357805302,0,two-sided corridor completion
7035->10865;10865->10864;10864->12517,3,66732.72,7556.022951773921,0.18116505250854864,0,upstream corridor extension
12559->12531;12531->11188;11188->4036,3,62768.4,7098.03696453769,0.18093274869616408,0,upstream corridor extension
10809->8511;8511->8512;8512->10815,3,38762.240000000005,4380.308656403595,0.1808072456660335,0,upstream corridor extension
12455->10841;10841->8531;8531->4458,3,58143.36,6533.9816994424245,0.17980334674686638,0,downstream corridor extension
12745->10915;10915->12661;12661->12660,3,86113.84,9653.552765898381,0.17936355440005244,0,upstream corridor extension
12323->10539;10539->4972;4972->8486,3,57262.4,6405.787988910183,0.17898762158512904,0,two-sided corridor completion
6386->2426,1,8589.36,7680.626120191782,0.1788404751970294,0,downstream boundary-facing singleton
12402->12454;12454->10846;10846->4450,3,49774.24,5561.739504968932,0.17878290473044475,0,downstream corridor extension
12244->12241;12241->10987;10987->11050,3,75762.56,8457.422359009539,0.17860900917834963,0,downstream corridor extension
10613->2085;2085->10614;10614->8371,3,77084.0,8599.651570611222,0.1784993320660313,0,upstream corridor extension
8522->5742;5742->12368;12368->4529,3,49333.76,5503.09831459759,0.17847732066958089,0,two-sided corridor completion
5243->10553;10553->5154;5154->5152,3,48452.8,5399.365094341722,0.17829690236574058,0,two-sided corridor completion
10889->10895;10895->7670;7670->10623,3,84572.16,9415.944998661005,0.1781379593220465,0,downstream corridor extension
6983->12238;12238->12239;12239->3938,3,79506.64,8848.059040531,0.17805927234316027,0,downstream corridor extension
12776->10834;10834->10835;10835->6130,3,65191.04,7225.181394403156,0.1773294340916336,0,upstream corridor extension
10803->8891;8891->10810;10810->12319,3,44048.0,4873.309019286753,0.1770181263816474,0,downstream corridor extension
12091->10977;10977->6983;6983->12238,3,55720.72,6125.168329334867,0.17588195785940647,0,upstream corridor extension
12355->10818;10818->10819;10819->10285,3,75101.84,8232.884848109388,0.17539671141179794,0,upstream corridor extension
10642->10075;10075->9223;9223->10637,3,77304.24,8444.002194394798,0.17476924307168243,0,upstream corridor extension
10553->5154;5154->5152;5152->5128,3,45589.68,4978.116868100093,0.1747103070028162,0,downstream corridor extension
12355->3956;3956->11056;11056->11050,3,65851.76,7164.893360247833,0.1740853908292889,0,upstream corridor extension
8512->10815;10815->10814;10814->12360,3,40744.4,4409.904919002282,0.1731734390591996,0,downstream corridor extension
2122->12359;12359->10806;10806->8893,3,225966.24000000002,24428.820813521896,0.17297324282439286,0,two-sided corridor completion
7463->7472;7472->12573;12573->2032,3,35018.16,3781.697253789673,0.17278793648962357,0,upstream corridor extension
8483->10545;10545->8484;8484->4988,3,59905.28,6455.57055549559,0.17242074302620647,0,downstream corridor extension
8482->4972;4972->10539;10539->12323,3,69816.08,7509.147698884455,0.17208981538658613,0,two-sided corridor completion
12660->10910;10910->12642;12642->2894,3,56381.44,6043.64330014267,0.17150731304890887,0,downstream corridor extension
6543->6498;6498->9011;9011->9010,3,29952.64,3202.958292129788,0.1710945434995934,0,upstream corridor extension
2058->11862;11862->6879;6879->6880,3,83250.72,8874.283744683871,0.17055532962951184,0,downstream corridor extension
10677->12826;12826->12825;12825->10928,3,55720.72,5934.224768343665,0.17039908366851442,0,downstream corridor extension
10906->4532;4532->10912;10912->10913,3,46690.880000000005,4926.2095208421715,0.16881102333790826,0,upstream corridor extension
10643->10644;10644->8361;8361->9223,3,52417.12,5508.44964367548,0.16814200074099395,0,downstream corridor extension
4532->10912;10912->10913;10913->10907,3,64750.56,6786.673582035723,0.16770013620356577,0,two-sided corridor completion
10571->8406;8406->10572;10572->5899,3,54619.520000000004,5716.654979133681,0.1674611561327139,0,downstream corridor extension
2584->10441;10441->10304;10304->10306,3,62107.68,6497.173370687055,0.16737829191332357,0,two-sided corridor completion
8116->8114;8114->8109;8109->8103,3,51536.16,5353.900363678224,0.1662180609087902,0,upstream corridor extension
5797->8769;8769->5795;5795->8300,3,46250.4,4796.885012814292,0.1659448571364327,0,downstream corridor extension
6285->4428,1,9910.800000000001,8133.823806267775,0.1641406103698546,0,upstream boundary-facing singleton
12531->11188;11188->4036;4036->11111,3,64970.8,6664.419647318251,0.16412098105162937,0,two-sided corridor completion
2441->8364;8364->10636;10636->10630,3,88756.72,9088.835980578111,0.16384266530945463,0,two-sided corridor completion
10650->10649;10649->7778;7778->10648,3,71137.52,7261.594558669589,0.16332522266549834,0,downstream corridor extension
10641->10635;10635->2087;2087->7670,3,55500.48,5660.820632275245,0.1631934176360347,0,downstream corridor extension
10840->12402;12402->12454;12454->10846,3,53958.799999999996,5494.299562224221,0.16291836177896385,0,two-sided corridor completion
12524->12517;12517->10864;10864->10865,3,61006.479999999996,6195.13905723352,0.16247819070324387,0,two-sided corridor completion
4988->8484;8484->10545;10545->8483,3,51976.64,5276.432252416941,0.16242472779823988,0,upstream corridor extension
3524->11113;11113->12535;12535->11107,3,62548.16,5047.519558805653,0.16139626037938296,1,upstream corridor extension
6940->12524;12524->10865;10865->7035,3,62548.16,6306.994728509149,0.16133474694722658,0,downstream corridor extension
12672->10655;10655->10656;10656->7788,3,54399.28,5466.969110225295,0.16079533729785528,0,upstream corridor extension
2598->10678;10678->10677;10677->12826,3,69595.84,6982.040796156566,0.1605162790455652,0,upstream corridor extension
7965->7905;7905->7456;7456->7052,3,55940.96,5608.999421438706,0.16042626144245523,0,two-sided corridor completion
12251->12250;12250->12249;12249->10794,3,61006.479999999996,6105.062184832687,0.16011576959910326,0,upstream corridor extension
12322->12315;12315->10798;10798->12255,3,59024.32,5904.631870356186,0.1600596329202928,0,downstream corridor extension
10621->7965;7965->7905;7905->7456,3,54399.28,5435.0093495844485,0.1598553318965824,0,upstream corridor extension
12381->12382;12382->8278;8278->12038,3,61446.96,6106.163019993517,0.15899665063966759,0,two-sided corridor completion
8511->8512;8512->10815;10815->10814,3,43827.76,4311.288006550683,0.1573902205013693,0,two-sided corridor completion
4434->8648,1,6827.44,5328.162767736928,0.1560808375536637,0,downstream boundary-facing singleton
10630->10636;10636->8364;8364->2441,3,89417.44,8696.701533870231,0.15561530786603117,0,two-sided corridor completion
6377->6376,1,9910.800000000001,7614.037060870661,0.153651310910737,0,downstream boundary-facing singleton
2090->10637;10637->9223;9223->10075,3,69155.36,6614.575140269318,0.15303687558608484,0,two-sided corridor completion
4595->11203;11203->7049;7049->12601,3,66292.24,5049.581087894085,0.15234305215494556,1,upstream corridor extension
11193->10912;10912->4532;4532->10906,3,46690.880000000005,4434.539233844034,0.15196249833266057,0,two-sided corridor completion
10871->7036;7036->7035;7035->10865,3,66732.72,6312.0200155562,0.15133853415370932,0,downstream corridor extension
10632->2441;2441->8364;8364->10636,3,77084.0,7283.246469343359,0.15117526790189115,0,upstream corridor extension
3931->12318;12318->10811;10811->5083,3,54179.03999999999,5111.750515438523,0.15095876236828187,0,upstream corridor extension
6880->6879;6879->11862;11862->2058,3,78185.2,7363.060933335273,0.15067938041133666,0,upstream corridor extension
11777->12381;12381->12382;12382->8278,3,60566.0,5695.533736291868,0.15046154571982615,0,upstream corridor extension
11200->11111;11111->8503,2,45369.44,4163.565711667009,0.14912668707083204,1,downstream corridor extension
2166->1959;1959->1956;1956->2164,3,261645.12,24356.430058327052,0.1489433018789851,0,downstream corridor extension
8483->5083;5083->5084;5084->12321,3,43387.28,4008.1393073611293,0.14780882534645653,0,downstream corridor extension
12517->10864;10864->10865;10865->7035,3,66732.72,6162.989596269156,0.14776534440722108,0,downstream corridor extension
5292->10550,1,5726.24,4211.602214330872,0.14709834775807065,0,upstream boundary-facing singleton
11862->2058;2058->11861;11861->10301,3,85012.64,7803.784978326439,0.14687293519319367,0,downstream corridor extension
5742->12367;12367->12364;12364->10821,3,53518.32,4903.369503049699,0.14659262855933294,0,upstream corridor extension
11195->11193;11193->10912;10912->4532,3,64530.32000000001,5902.983660013675,0.14636180102658533,0,upstream corridor extension
5805->10567,1,5285.76,3865.535271805066,0.14626223180034909,0,upstream boundary-facing singleton
10577->6145,1,12333.44,9002.60459239592,0.145986919989815,0,upstream boundary-facing singleton
12367->12364;12364->10821;10821->10815,3,66072.0,6027.970694725182,0.14597337921601117,0,two-sided corridor completion
10865->10864;10864->12517;12517->12524,3,61006.479999999996,5556.503112763345,0.14572886323586204,0,two-sided corridor completion
1959->1956;1956->2164;2164->2159,3,333883.84,30358.96060035109,0.1454827432215999,0,upstream corridor extension
10601->8372,1,11012.0,7992.038767810567,0.14515144874338118,0,upstream boundary-facing singleton
10629->10623,1,22024.0,15976.896454755803,0.1450862373297839,0,upstream boundary-facing singleton
10864->12517;12517->12524;12524->10865,3,62548.16,5621.945652730281,0.14381099371058156,0,downstream corridor extension
8278->12382;12382->12381;12381->11776,3,72458.95999999999,6505.018356977216,0.1436403361456409,0,downstream corridor extension
2894->10905;10905->7483;7483->10900,3,57482.64,5147.37059901176,0.1432744383072666,0,upstream corridor extension
11056->11049;11049->12307;12307->3938,3,82810.24,7391.682639455654,0.14281678477358653,0,two-sided corridor completion
7958->4695;4695->4560;4560->4565,3,393348.64,34909.64632368616,0.1419998150188033,0,downstream corridor extension
11790->12529;12529->11187;11187->6406,3,65411.28,5788.871318572053,0.1415993405069475,0,downstream corridor extension
10539->4972;4972->8486;8486->10540,3,77524.48000000001,6840.673089844434,0.14118220391482914,0,downstream corridor extension
10573->5896,1,9470.32,6681.040968192813,0.14109430237189055,0,downstream boundary-facing singleton
2165->1960;1960->1961;1961->2167,3,261645.12,23041.790186729224,0.14090407762532228,0,upstream corridor extension
10900->10895;10895->10889;10889->10623,3,86774.56000000001,7630.951959717349,0.14070394751120327,0,two-sided corridor completion
1956->2164;2164->2159;2159->2156,3,373527.04000000004,32755.75432887433,0.140309003937704,0,two-sided corridor completion
11041->12740;12740->12656;12656->12657,3,106155.68,9255.097809463794,0.13949471658174176,0,downstream corridor extension
10979->10980;10980->12235;12235->10975,3,46470.64,4048.260177906652,0.139382979977264,0,downstream corridor extension
11113->12535;12535->11107;11107->11106,3,84131.68,7313.616344318762,0.13908893951612541,0,two-sided corridor completion
11051->4486;4486->11052;11052->12352,3,57262.399999999994,4938.727794956946,0.13799569127265213,0,two-sided corridor completion
10866->10867;10867->12548;12548->10868,3,68054.16,5853.74600776064,0.13762558545160242,0,upstream corridor extension
10846->12454;12454->10839;10839->12450,3,77964.95999999999,6702.088643561592,0.13754052884396464,0,downstream corridor extension
7964->7962;7962->7958;7958->4695,3,407003.52,34893.96367988675,0.13717410082305628,0,upstream corridor extension
12717->2165;2165->1960;1960->1961,3,333883.84,28585.840807836878,0.13698580108740513,0,downstream corridor extension
12250->12249;12249->10794;10794->12244,3,70036.31999999999,5990.358950481196,0.13685148392676708,0,two-sided corridor completion
1952->1954,1,6607.2,4501.3342600819715,0.1362554262042006,0,downstream boundary-facing singleton
8081->2863,1,3523.84,2397.403174831851,0.13606765204049284,0,downstream boundary-facing singleton
7962->7958;7958->4695;4695->4560,3,433652.56,36652.15742563965,0.13523142093528387,0,two-sided corridor completion
3990->9989;9989->11200;11200->11111,3,47792.08,4032.2001722229707,0.1349914101992789,0,upstream corridor extension
10865->10871;10871->7036;7036->7035,3,54839.759999999995,4618.498055152668,0.13474889183038494,0,two-sided corridor completion
10987->12241;12241->12244;12244->10794,3,78845.92,6613.192855360407,0.13419982376483972,0,two-sided corridor completion
12555->11790;11790->12529;12529->11187,3,65631.52,5490.886044827385,0.133859731905094,0,two-sided corridor completion
3956->12355;12355->10818;10818->10819,3,81488.8,6794.880721236563,0.13341476563624083,0,upstream corridor extension
10573->5921,1,7047.68,4691.636686650529,0.13313988962752363,0,downstream boundary-facing singleton
10794->12244;12244->12241;12241->10987,3,89857.92,7461.468859275696,0.13285807388865795,0,two-sided corridor completion
12548->10868;10868->10874;10874->10866,3,61006.479999999996,5034.276464077958,0.13203257002411437,0,downstream corridor extension
11050->10987;10987->12241;12241->12244,3,77964.96,6424.767491245371,0.1318493331618793,0,upstream corridor extension
8811->6389,1,4184.56,2754.055164424578,0.13162937868853966,0,downstream boundary-facing singleton
10915->10911;10911->12642;12642->10910,3,97346.08,7955.688530127578,0.1307613172323336,0,two-sided corridor completion
10656->7788;7788->10650;10650->10649,3,92280.56,7530.25477418932,0.13056279284285785,0,downstream corridor extension
8105->8107;8107->8113;8113->8118,3,51536.16,4192.854851908444,0.13017205323511707,0,downstream corridor extension
8372->10601,1,11012.0,7097.2779907985905,0.1289007989611077,0,upstream boundary-facing singleton
12249->10794;10794->12244;12244->12241,3,100869.92,8126.2120338413015,0.12889808234353792,0,upstream corridor extension
6374->6377,1,15416.8,9899.481621291468,0.12842459682024115,0,upstream boundary-facing singleton
10637->9223;9223->10075;10075->10642,3,77304.24,6204.09823014062,0.12840896137424015,0,downstream corridor extension
12305->10979;10979->10980;10980->12235,3,53518.32000000001,4284.040850330083,0.12807699046846263,0,two-sided corridor completion
8771->5797,1,1101.2,702.917445559049,0.1276639022083271,0,upstream boundary-facing singleton
4305->8758,1,1982.1599999999999,1251.1666228898407,0.12624274759755427,0,downstream boundary-facing singleton
10347->6386,1,7047.68,4442.603406813232,0.126072790104353,0,upstream boundary-facing singleton
5019->5017,1,7708.4,4846.519190638974,0.12574643740955255,0,upstream boundary-facing singleton
2847->10607,1,8809.6,5534.538611914772,0.12564789801840656,0,upstream boundary-facing singleton
10623->10889,1,9250.08,5785.798298581517,0.12509725966870594,0,upstream boundary-facing singleton
11049->12307;12307->3938;3938->12239,3,86774.56,6741.644154724794,0.12430637098660796,0,downstream corridor extension
10037->2166;2166->1959;1959->1956,3,182358.72,14163.124320575907,0.12426605600720082,0,two-sided corridor completion
10806->8893;8893->12358;12358->10284,3,121572.48000000001,9280.602212328242,0.12214082940255218,0,downstream corridor extension
11203->7049;7049->12601;12601->10013,3,72679.2,5534.112624202765,0.12183100802876785,0,two-sided corridor completion
12327->12326,1,17839.440000000002,10761.089205198548,0.12064380053632343,0,downstream boundary-facing singleton
12352->11051;11051->4486;4486->11052,3,73560.16,5526.61834091519,0.12020894660186035,0,upstream corridor extension
3938->12307;12307->11049;11049->3950,3,92500.8,6917.408652581894,0.11965143916734806,0,two-sided corridor completion
12740->12743;12743->12661;12661->12660,3,129721.36000000002,9640.670593090586,0.11890927561154876,0,two-sided corridor completion
10819->10818;10818->12355;12355->3956,3,98006.8,7266.547523179777,0.11862927916315646,0,downstream corridor extension
1960->1961;1961->2167;2167->10042,3,182358.72,13488.157998345956,0.11834395853049161,0,two-sided corridor completion
12239->3938;3938->12307;12307->11049,3,86774.56,6406.36153537886,0.1181242342986951,0,upstream corridor extension
10970->10975;10975->7522;7522->12238,3,77084.0,5684.536176338401,0.11799151422009031,0,downstream corridor extension
2881->4559;4559->12808;12808->11038,3,39422.96,2903.1003342793533,0.11782373862457221,0,upstream corridor extension
12035->10923;10923->12085;12085->7107,3,61887.44,4555.496715768657,0.11777502422510694,0,downstream corridor extension
2426->6377,1,1321.44,777.740345214618,0.11771103420732201,0,downstream boundary-facing singleton
5020->5019,1,5285.76,3094.309817707729,0.11708098051019074,0,upstream boundary-facing singleton
12745->10915;10915->10911;10911->12642,3,97566.32,7118.018412331235,0.11672910754172111,0,upstream corridor extension
10645->10644;10644->8361;8361->10643,3,100869.92000000001,7340.11767080571,0.11642904320028345,0,upstream corridor extension
12740->12656;12656->12657;12657->4551,3,110560.48,8037.439170290497,0.11631554668055706,0,downstream corridor extension
10344->8811,1,5506.0,3199.1532016347737,0.11620607343388208,0,downstream boundary-facing singleton
10655->10656;10656->7788;7788->10650,3,92060.31999999999,6652.018344365934,0.11561147463951349,0,two-sided corridor completion
12535->11107;11107->11106;11106->9892,3,96465.12,6924.2641442237355,0.11484796401806144,0,downstream corridor extension
12594->12589,1,11012.0,6319.727472284218,0.11477892248972427,0,downstream boundary-facing singleton
7109->10970;10970->10975;10975->7522,3,79066.16,5668.396960822064,0.11470691301203072,0,two-sided corridor completion
2812->6916,1,1321.44,756.5169689094121,0.1144988753041246,0,upstream boundary-facing singleton
12307->11049;11049->3950;3950->11055,3,78845.92,5602.909720610138,0.11369840764082938,0,downstream corridor extension
10915->12661;12661->12743;12743->12740,3,132804.72,9426.527890567206,0.11356858871362048,0,upstream corridor extension
12744->11041;11041->12740;12740->12656,3,127518.96,9024.448408828417,0.1132311418954912,0,two-sided corridor completion
10600->6955,1,11452.48,6457.995331581229,0.11277898466674868,0,upstream boundary-facing singleton
6866->10595,1,5946.4800000000005,3336.11812500924,0.112204804355156,0,upstream boundary-facing singleton
6130->4434,1,12113.2,6787.046841523037,0.11206034477302507,0,upstream boundary-facing singleton
8997->6236,1,5285.76,2940.2931875762133,0.11125337463585988,0,upstream boundary-facing singleton
3971->3966;3966->12438;12438->12439,3,104834.24,5830.68395668181,0.1112362517567125,1,upstream corridor extension
10645->10644;10644->10643;10643->8361,3,85453.12000000001,5924.136446759569,0.11092185182723942,0,two-sided corridor completion
8080->8078;8078->4353;4353->8414,3,86554.32,5986.171830750114,0.11065738751341565,0,two-sided corridor completion
10595->6866,1,5946.4800000000005,3283.3926354489454,0.11043146989307775,0,downstream boundary-facing singleton
12661->12743;12743->12740;12740->12656,3,147781.04,10118.930202245872,0.10955592357174773,0,two-sided corridor completion
8081->8080;8080->8078;8078->4353,3,72679.20000000001,4965.0686654535475,0.10930376042561936,0,upstream corridor extension
12660->12661;12661->12743;12743->12740,3,129721.36000000002,8841.119605648695,0.10904751051822084,0,downstream corridor extension
10304->10441;10441->2584;2584->12879,3,60786.24,4120.302243056858,0.10845355114728224,0,downstream corridor extension
10550->5024,1,11672.720000000001,6293.617233812871,0.10783463038285629,0,downstream boundary-facing singleton
12743->12740;12740->12656;12656->12657,3,156590.64,10491.518668459972,0.10719944608142579,0,downstream corridor extension
12656->12657;12657->4551;4551->2885,3,79286.4,5300.40560860465,0.10696221513106208,0,downstream corridor extension
2150->12717;12717->2165;2165->1960,3,442241.92000000004,29533.565140134924,0.10685035065019588,0,two-sided corridor completion
10648->10649;10649->10650;10650->7788,3,86774.56,5765.573469362137,0.10630900981784777,0,two-sided corridor completion
6145->10576,1,11232.24,5965.910195451124,0.10622832481234597,0,downstream boundary-facing singleton
11187->12555;12555->11790;11790->12529,3,92721.04000000001,6142.031935686326,0.10598728289823023,0,upstream corridor extension
12323->12322,1,5065.52,2682.5248052654056,0.10591310685834449,0,upstream boundary-facing singleton
12746->12745;12745->10915;10915->12661,3,84351.92,5579.26644537795,0.10582837133529054,0,upstream corridor extension
10566->4430,1,3744.0800000000004,1969.3222281714645,0.1051965891846042,0,upstream boundary-facing singleton
12808->11038;11038->12742;12742->11041,3,72238.72,4702.412415495597,0.10415272951670457,0,downstream corridor extension
10867->12548;12548->10868;10868->10874,3,61887.44,4027.9974443744013,0.1041373808804992,0,two-sided corridor completion
4559->12808;12808->11038;11038->12742,3,66072.0,4295.6853360335535,0.10402434522420521,0,two-sided corridor completion
11056->3956;3956->12355;12355->10818,3,65631.52,4254.769369592934,0.10372502406387502,0,two-sided corridor completion
2040->7167,1,2642.88,1358.9493706155151,0.10283852241611538,0,upstream boundary-facing singleton
10909->12660,1,15196.56,7786.728829616005,0.10248015116073646,0,upstream boundary-facing singleton
10582->6261,1,9470.32,4832.785309446451,0.10206171089142609,0,downstream boundary-facing singleton
6248->6543;6543->6656;6656->6660,3,148662.0,9477.102672232853,0.10199892558671729,0,downstream corridor extension
10649->10650;10650->7788;7788->10656,3,92280.56,5849.746786447126,0.10142542327783233,0,downstream corridor extension
8371->4431,1,11012.0,5556.517936433256,0.10091750701840277,0,downstream boundary-facing singleton
6377->2425,1,1101.2,554.4054119871129,0.10069113911861838,0,upstream boundary-facing singleton
12306->12305;12305->10979;10979->10980,3,73780.40000000001,4627.050512706483,0.10034210739343202,0,upstream corridor extension
2261->11039;11039->12803,2,50434.96,3102.145665240048,0.09995024693218907,1,upstream corridor extension
5884->10566,1,12553.679999999998,6264.2237845700565,0.0997990037115819,0,upstream boundary-facing singleton
12241->12244;12244->10794;10794->12249,3,100869.92,6267.7206914555145,0.09941866818501317,0,downstream corridor extension
3966->12438;12438->12439;12439->4503,3,139191.68,8646.126382391625,0.09938670337067992,0,upstream corridor extension
10905->7483;7483->10900;10900->10895,3,77744.72,4798.8882715782765,0.09876196395749116,0,two-sided corridor completion
10910->12660,1,16518.0,8147.862491446657,0.0986543466696532,0,upstream boundary-facing singleton
4428->6285,1,9910.800000000001,4875.430131725379,0.09838620760635629,0,downstream boundary-facing singleton
5797->8771,1,1101.2,541.5189625123865,0.09835070150969605,0,downstream boundary-facing singleton
7716->10645;10645->10644;10644->10643,3,103953.28,6381.308595874328,0.09821810099112721,0,upstream corridor extension
6286->6285,1,5506.0,2701.89289185113,0.09814358488380422,0,upstream boundary-facing singleton
11041->12740;12740->12743;12743->12661,3,127518.96,7764.811642515852,0.09742628569136201,0,upstream corridor extension
10585->6286,1,6607.2,3201.03307793284,0.09689529839971063,0,upstream boundary-facing singleton
2587->10306;10306->10304;10304->10441,3,65631.52,3175.4982021032097,0.09676747398515866,1,upstream corridor extension
6543->6656;6656->6660;6660->4295,3,70476.8,4248.002006342499,0.0964402925522725,0,downstream corridor extension
4486->11052;11052->12352;12352->11051,3,56601.68,3392.7085893377434,0.09590410996529414,0,downstream corridor extension
8078->4353;4353->8414;8414->4350,3,112542.64000000001,6730.188101797523,0.0956819651900474,0,downstream corridor extension
2164->2159;2159->2156;2156->2149,3,389384.32,23155.250163497578,0.09514610208648393,0,downstream corridor extension
12743->12744;12744->11041;11041->12740,3,100649.68000000001,5953.852180084318,0.09464673398002765,0,upstream corridor extension
7788->10650;10650->10649;10649->7778,3,84351.92,4987.807727872661,0.09460949276076062,0,two-sided corridor completion
9033->10843,1,19821.600000000002,1482.4802435624424,0.09348893653655875,1,upstream boundary-facing singleton
7483->10900;10900->10895;10895->10889,3,116066.48000000001,6776.466484107962,0.0934149667894877,0,upstream corridor extension
8818->6434,1,4184.56,1945.6673870628654,0.0929926867848885,0,upstream boundary-facing singleton
7587->7586,1,8809.6,4073.6987641931487,0.09248317208938314,0,downstream boundary-facing singleton
10352->4305,1,11012.0,5085.169054770118,0.09235686623265743,0,downstream boundary-facing singleton
12758->10352,1,11012.0,5024.525020562918,0.09125544897498944,0,upstream boundary-facing singleton
11111->8503,1,22244.24,1600.4353448984784,0.08993538017586115,1,downstream boundary-facing singleton
12439->4503;4503->3317;3317->3991,3,112322.40000000001,6285.741260626235,0.08953856058098808,0,downstream corridor extension
10909->2229,1,11232.24,5028.549177257382,0.08953778012680254,0,downstream boundary-facing singleton
10623->10629,1,22024.0,9814.049573946913,0.08912140913500649,0,downstream boundary-facing singleton
12487->7112,1,6827.44,3037.582549180245,0.08898159629905926,0,upstream boundary-facing singleton
7455->8371,1,11232.24,4995.061646386963,0.0889415049248763,0,upstream boundary-facing singleton
12135->10594,1,5506.0,2433.2996667183656,0.08838720184229443,0,upstream boundary-facing singleton
10600->6968,1,10571.52,4669.247437542232,0.08833634969318001,0,upstream boundary-facing singleton
9004->8997,1,4184.56,1832.7651540832658,0.08759655275982496,0,downstream boundary-facing singleton
8399->6186,1,8369.12,3641.5951947811745,0.08702456637689923,0,downstream boundary-facing singleton
6090->6248;6248->6543;6543->6656,3,234335.36,12592.8824320847,0.08598195292138379,0,two-sided corridor completion
6285->6286,1,5506.0,2353.4569785133576,0.08548699522387787,0,downstream boundary-facing singleton
7112->7073,1,6827.44,2916.1440584880816,0.08542423099985008,0,downstream boundary-facing singleton
5921->10573,1,7047.68,3005.4795539117317,0.0852898983470229,0,upstream boundary-facing singleton
10841->12404;12404->12410;12410->12464,3,69595.84,3709.258682950208,0.08527541147172495,0,downstream corridor extension
10165->10612,1,8809.6,3751.407477028576,0.08516635209381984,0,downstream boundary-facing singleton
4430->5794,1,13875.12,5904.572420510651,0.08511021772079305,0,upstream boundary-facing singleton
6286->10585,1,6607.2,2801.9768361856827,0.08481586257978214,0,downstream boundary-facing singleton
7107->7109;7109->10970;10970->10975,3,73119.68000000001,3856.473152218385,0.08438709036403627,0,upstream corridor extension
2261->11039;11039->12803;12803->11036,3,76863.76,3236.0012892726895,0.08420096256734488,1,two-sided corridor completion
12460->12455,1,23345.440000000002,9827.729578027649,0.08419399744042219,0,upstream boundary-facing singleton
1961->2167;2167->10042;10042->2168,3,644862.72,27133.217650776245,0.08415191887903288,1,upstream corridor extension
8482->12322,1,21143.04,8870.2399100321,0.08390694914290565,0,upstream boundary-facing singleton
2450->10585,1,4625.04,1935.1709345445151,0.08368234370057406,0,upstream boundary-facing singleton
12438->12439;12439->4503;4503->3317,3,144036.96000000002,7531.578091863266,0.08366272758728888,0,two-sided corridor completion
10306->10304;10304->10441;10441->2584,3,70697.04,3696.1888761687323,0.08365134101611571,0,two-sided corridor completion
5896->5884,1,5506.0,2301.2281893600825,0.08358983615546978,0,downstream boundary-facing singleton
4468->10833,1,2422.64,161.99217934129817,0.08358246548254082,1,downstream boundary-facing singleton
6261->10582,1,9470.32,3936.7103987951023,0.08313785381687425,0,upstream boundary-facing singleton
3971->3966;3966->12438,2,57262.4,2921.345236693879,0.08290232350770407,1,upstream corridor extension
10581->6256,1,11892.960000000001,4926.156373503249,0.08284155287671444,0,downstream boundary-facing singleton
4468->10827,1,17398.96,7206.736089447714,0.08284099842114373,0,upstream boundary-facing singleton
10612->7450,1,12113.2,5000.33027253111,0.08256002167108789,0,upstream boundary-facing singleton
8918->12035,1,3523.84,232.68768993579695,0.0825405274983388,1,upstream boundary-facing singleton
5344->5335,1,4184.56,1722.3095149319674,0.08231735307568622,0,upstream boundary-facing singleton
11039->12803;12803->11036;11036->12886,3,64310.08,3303.626510999605,0.0821924404012461,0,downstream corridor extension
12661->12743;12743->12744;12744->11041,3,111661.68000000001,5715.117842848219,0.08189191268264234,0,upstream corridor extension
10819->10285,1,10131.04,4107.640121195518,0.08109019648911697,0,downstream boundary-facing singleton
12570->3164;3164->4049;4049->8579,3,246889.04,9979.7518990621,0.08084402530839035,1,two-sided corridor completion
6968->6978,1,11012.0,4442.786831935011,0.08068991703478044,0,downstream boundary-facing singleton
10802->10808,1,1101.2,439.8351865948877,0.07988288895657242,0,upstream boundary-facing singleton
7513->8082,1,3744.0800000000004,1485.805591058593,0.07936826088430765,0,downstream boundary-facing singleton
6305->6287,1,5506.0,2166.2152421802116,0.07868562448892887,0,upstream boundary-facing singleton
4529->12407,1,14315.6,5629.212649652246,0.07864445289966535,0,upstream boundary-facing singleton
3979->12332,1,9910.800000000001,3891.1137678954537,0.07852269782248565,0,upstream boundary-facing singleton
10549->5020,1,6386.959999999999,2507.504337790268,0.07851949402502187,0,upstream boundary-facing singleton
5152->5128,1,2863.12,1112.825499126453,0.07773516297790195,0,upstream boundary-facing singleton
6759->6379,1,5506.0,2140.0470145676018,0.07773508952297864,0,downstream boundary-facing singleton
10567->5802,1,6827.44,2650.611047680051,0.07764582472141979,0,downstream boundary-facing singleton
4431->8371,1,11012.0,4263.713672121473,0.07743758939559522,0,upstream boundary-facing singleton
4503->12439;12439->12438;12438->3966,3,139191.68,6718.746473934204,0.07723158710559946,0,downstream corridor extension
8372->7046,1,11012.0,4242.735934804274,0.07705659162376088,0,downstream boundary-facing singleton
7462->7461,1,2422.64,927.3586250636725,0.07655769120163727,0,downstream boundary-facing singleton
4429->8386,1,11232.24,4282.970456884089,0.07626208942978585,0,upstream boundary-facing singleton
7590->7560,1,9250.08,3512.75769847376,0.07595086093252729,0,upstream boundary-facing singleton
10539->12323,1,5946.4800000000005,2250.098839320667,0.07567834548575518,0,downstream boundary-facing singleton
6389->10344,1,4404.8,1663.3350664904144,0.07552374984064722,0,downstream boundary-facing singleton
10589->6707,1,11672.720000000001,4395.096448017638,0.07530543777316064,0,downstream boundary-facing singleton
6978->8375,1,11232.24,4183.900348366134,0.07449805823889329,0,downstream boundary-facing singleton
4364->7424,1,5726.24,2126.2449709815924,0.07426321533786892,0,upstream boundary-facing singleton
7586->7587,1,8809.6,3258.835034385927,0.07398372308358897,0,downstream boundary-facing singleton
5005->7964;7964->7962;7962->7958,3,151745.36,6976.291082727123,0.0735578717686221,0,downstream corridor extension
10889->10623,1,9250.08,3398.196083886134,0.0734738744721372,0,downstream boundary-facing singleton
6267->10582,1,11452.48,4197.907025330199,0.07331000840569378,0,upstream boundary-facing singleton
10835->6130,1,10791.76,3926.1249287604514,0.07276153155297099,0,upstream boundary-facing singleton
10343->6374,1,11012.0,3981.217521338461,0.07230689286847913,0,upstream boundary-facing singleton
10585->2450,1,4625.04,1667.819954057243,0.07212132020727358,0,downstream boundary-facing singleton
12407->12400,1,14535.84,5240.632356748804,0.07210635720741015,0,downstream boundary-facing singleton
6163->6142,1,11452.48,4120.233172707215,0.07195355368806085,0,upstream boundary-facing singleton
6142->6138,1,11012.0,3913.837981654068,0.07108314532608188,0,downstream boundary-facing singleton
6913->10350,1,2863.12,1014.3880173202799,0.07085892434269468,0,upstream boundary-facing singleton
10575->6255,1,12553.679999999998,4442.327359749548,0.07077330885843112,0,downstream boundary-facing singleton
6286->4428,1,11012.0,3890.8969676693832,0.07066649051342869,0,upstream boundary-facing singleton
6847->10594,1,11672.720000000001,4122.379445262123,0.07063271363079253,0,upstream boundary-facing singleton
10350->6913,1,2863.12,1009.8588106367267,0.07054254174723566,0,downstream boundary-facing singleton
10907->10906,1,22024.0,7744.973537279777,0.07033212438503249,0,downstream boundary-facing singleton
7451->10612,1,8369.12,2932.6291507619367,0.07008213888107559,0,upstream boundary-facing singleton
12916->12878;12878->12796;12796->12795,3,384979.51999999996,16761.04705419038,0.06966000499638167,0,two-sided corridor completion
7589->7586,1,10571.52,3671.723082453591,0.06946443051620942,0,upstream boundary-facing singleton
10623->7670,1,22024.0,7633.469107264734,0.06931955237254571,0,downstream boundary-facing singleton
9005->10344,1,9470.32,3268.113268129564,0.06901801138989104,0,upstream boundary-facing singleton
10630->10624,1,4625.04,1591.3210124575537,0.068813286477849,0,upstream boundary-facing singleton
11107->11106;11106->9892;9892->11105,3,88976.96,3822.316897357342,0.06873360289868014,0,downstream corridor extension
4431->8696,1,11452.48,3918.644090839519,0.0684331095245662,0,downstream boundary-facing singleton
8014->5947,1,1321.44,451.9932370281865,0.0684091955787908,0,downstream boundary-facing singleton
4695->4560;4560->4565;4565->4567,3,107917.6,4607.948408630025,0.06831802647397682,0,downstream corridor extension
2825->2847,1,4184.56,1426.219894838315,0.06816582363920291,0,upstream boundary-facing singleton
10166->10613,1,10791.76,3675.818853577023,0.06812269460360541,0,upstream boundary-facing singleton
7589->7587,1,13654.88,4641.835613760951,0.06798793711495013,0,upstream boundary-facing singleton
6479->6468,1,6607.2,2237.5113319272823,0.0677294869816952,0,downstream boundary-facing singleton
8695->7451,1,4184.56,1409.4723933028138,0.06736538098642696,0,downstream boundary-facing singleton
3956->11056,1,7488.160000000001,2519.2864427120185,0.06728719585884967,0,upstream boundary-facing singleton
7450->10611,1,12113.2,4056.6654209249923,0.06697925273131777,0,downstream boundary-facing singleton
6377->6374,1,15416.8,5157.974720289538,0.06691368792861734,0,upstream boundary-facing singleton
5870->10570,1,11012.0,3666.896136282067,0.06659818627464706,0,downstream boundary-facing singleton
6260->10575,1,11012.0,3662.757112754074,0.06652301330828322,0,upstream boundary-facing singleton
8531->10841,1,11012.0,3650.550182304629,0.06630131097538375,0,upstream boundary-facing singleton
1803->12916;12916->12878;12878->12796,3,425503.68,17632.109030888543,0.06630112916866353,0,upstream corridor extension
5885->5896,1,3744.0800000000004,1241.0786915188826,0.06629552207852837,0,upstream boundary-facing singleton
10589->8381,1,11232.24,3719.145591154655,0.06622268739191213,0,downstream boundary-facing singleton
3317->4503;4503->12439;12439->12438,3,144036.96000000002,5928.4519583899155,0.0658547856982254,0,two-sided corridor completion
12878->12796;12796->12795;12795->2236,3,267811.83999999997,11008.888135589332,0.06577088233643044,0,downstream corridor extension
10601->7043,1,11232.24,3688.802571376056,0.06568240300022181,0,downstream boundary-facing singleton
9624->10629,1,12113.2,3970.0610266256267,0.06554933504979076,0,upstream boundary-facing singleton
12328->12327,1,12994.16,4255.0224759947,0.06549130495537533,0,upstream boundary-facing singleton
6265->6262,1,11232.24,3653.939646717999,0.0650616376914667,0,upstream boundary-facing singleton
4431->10607,1,6827.44,2220.4002093233853,0.06504341918269177,0,upstream boundary-facing singleton
6262->6258,1,11012.0,3561.8918902844584,0.06469109862485395,0,downstream boundary-facing singleton
12332->12331,1,9910.800000000001,3184.169891958611,0.06425656641156335,0,downstream boundary-facing singleton
6272->6266,1,11452.48,3674.300625020735,0.06416602561228198,0,downstream boundary-facing singleton
10583->6267,1,10351.279999999999,3310.7832889555752,0.06396857758568168,0,upstream boundary-facing singleton
7046->8372,1,11012.0,3512.5163614403828,0.06379434001889543,0,upstream boundary-facing singleton
3210->12570;12570->3164;3164->4049,3,239180.64,9536.316051473541,0.06379323043185128,0,upstream corridor extension
3991->3317;3317->4503;4503->12439,3,112322.40000000001,4460.5897966514485,0.0635398075062705,0,upstream corridor extension
2846->7052,1,10571.52,3353.8451727982033,0.06345057612903732,0,upstream boundary-facing singleton
10285->10819,1,10131.04,3210.0524410570006,0.0633706399551675,0,upstream boundary-facing singleton
10606->7041,1,11012.0,3488.2657530670936,0.06335390034629666,0,downstream boundary-facing singleton
10625->10630,1,22244.24,7005.396600914561,0.06298616271820984,0,upstream boundary-facing singleton
5926->5930,1,4404.8,1378.9909289825714,0.06261310066212183,0,upstream boundary-facing singleton
6675->10587,1,8148.88,2550.5436205597102,0.06259863000951567,0,upstream boundary-facing singleton
6955->10599,1,10571.52,3282.6667877755476,0.062103969680340154,0,downstream boundary-facing singleton
2169->10037;10037->2166;2166->1959,3,644862.72,24930.877850932087,0.06185720359441982,0,upstream corridor extension
6186->10577,1,5285.76,1632.1216893113883,0.061755421710837734,0,downstream boundary-facing singleton
4428->6286,1,11012.0,3395.2586819423104,0.06166470544755377,0,downstream boundary-facing singleton
6708->8327,1,8148.88,2503.345134847451,0.06144022576961377,0,downstream boundary-facing singleton
10605->10120,1,6827.44,2097.0801664240594,0.06143093652742637,0,downstream boundary-facing singleton
3164->4049;4049->8579,2,213192.32,8024.621874882346,0.061165479819741214,1,downstream corridor extension
10582->6267,1,11452.48,3493.334553069216,0.061005730690107576,0,downstream boundary-facing singleton
10889->1952,1,22024.0,6707.536302446543,0.06091115421764024,0,downstream boundary-facing singleton
10576->8649,1,11672.720000000001,3551.411730921333,0.060849771620005155,0,downstream boundary-facing singleton
12135->6802,1,5506.0,1663.3090034660654,0.06041805315895624,0,downstream boundary-facing singleton
10346->6375,1,5506.0,1661.5602635497276,0.060354531912449244,0,upstream boundary-facing singleton
10340->5992,1,6607.2,1980.2348872665527,0.05994172682124206,0,downstream boundary-facing singleton
5854->6090;6090->6248;6248->6543,3,276621.44,10193.585518453323,0.058960494275227975,0,upstream corridor extension
1954->12593,1,8809.6,2590.4231658658096,0.058809098389616093,0,upstream boundary-facing singleton
7560->7590,1,9250.08,2718.6110478238534,0.058780271042495925,0,downstream boundary-facing singleton
12660->10909,1,30393.12,8922.07114860855,0.05871112375832787,0,downstream boundary-facing singleton
8696->4431,1,11452.48,3361.4417529342068,0.058702425202824315,0,upstream boundary-facing singleton
10894->12594,1,15416.8,4520.463900145551,0.05864334881616874,0,upstream boundary-facing singleton
8161->8160;8160->8132;8132->8110,3,233454.4,8540.33714855038,0.05853194215949928,0,upstream corridor extension
6258->6675,1,5506.0,1611.312090306281,0.058529316756494046,0,downstream boundary-facing singleton
10620->10619,1,11012.0,3215.488413959961,0.05839971692626155,0,upstream boundary-facing singleton
7585->8366,1,11012.0,3214.2112837841178,0.05837652168151322,0,upstream boundary-facing singleton
10578->8399,1,11012.0,3209.509165915612,0.05829112179287345,0,upstream boundary-facing singleton
8652->6263,1,8809.6,2547.8144623926933,0.05784177402816685,0,upstream boundary-facing singleton
10611->7546,1,12553.679999999998,3628.6982652521588,0.05781090907609815,0,downstream boundary-facing singleton
10630->9625,1,11232.24,3241.016731693293,0.05770917878701476,0,downstream boundary-facing singleton
12462->12460,1,10131.04,2920.306502885192,0.057650675604581404,0,upstream boundary-facing singleton
10648->10647,1,22024.0,6335.211065576632,0.057530067794920384,0,downstream boundary-facing singleton
2148->2150;2150->12717;12717->2165,3,614910.0800000001,21986.510535512607,0.05720904242913072,0,upstream corridor extension
10599->6950,1,11232.24,3194.848863275184,0.056887118923299076,0,downstream boundary-facing singleton
7043->7042,1,11232.24,3193.105375015857,0.05685607456777735,0,downstream boundary-facing singleton
5896->10573,1,9470.32,2688.361060493105,0.056774450292980706,0,upstream boundary-facing singleton
12322->8482,1,21143.04,5985.152549674726,0.05661581825200848,0,downstream boundary-facing singleton
6917->6761,1,8809.6,2491.483137903175,0.056562911775862125,0,upstream boundary-facing singleton
10587->6675,1,8148.88,2304.3951831291092,0.05655734734415305,0,downstream boundary-facing singleton
10906->10907,1,22024.0,6214.675026904494,0.05643547972125404,0,upstream boundary-facing singleton
8164->8161;8161->8160;8160->8132,3,151965.6,5354.83106917843,0.05637940238241739,0,two-sided corridor completion
10583->8385,1,11232.24,3166.0260702303804,0.056373903517559824,0,upstream boundary-facing singleton
2745->3979,1,5946.4800000000005,1676.0568301869453,0.05637139383927786,0,upstream boundary-facing singleton
10334->5614,1,5726.24,1612.5553056822255,0.056321610888898324,0,downstream boundary-facing singleton
10571->5870,1,11232.24,3155.7927534028167,0.05619169023102813,0,upstream boundary-facing singleton
6556->7581,1,12553.679999999998,3512.878146170476,0.05596571118859931,0,upstream boundary-facing singleton
10593->6779,1,12113.2,3379.6135206708955,0.055800507226346385,0,downstream boundary-facing singleton
12797->12877;12877->12917;12917->1804,3,425503.68,11807.056826488468,0.055496849411447946,1,downstream corridor extension
8811->6391,1,2642.88,732.8681414896254,0.0554598121359748,0,upstream boundary-facing singleton
8100->8097,1,6607.200000000001,1828.6044627721558,0.05535187258663748,0,upstream boundary-facing singleton
10099->5173;5173->5180;5180->5186,3,392908.16000000003,10846.207733303083,0.05520988789493749,1,downstream corridor extension
2085->10613,1,11012.0,3038.585972143495,0.05518681387837804,0,downstream boundary-facing singleton
5947->10568,1,6827.44,1882.1142361512423,0.05513381988420967,0,upstream boundary-facing singleton
5206->8164;8164->8161;8161->8160,3,150864.4,5179.213766762339,0.054928412712473874,0,upstream corridor extension
6270->6265,1,11012.0,3019.7642682233973,0.05484497399606606,0,upstream boundary-facing singleton
6759->6761,1,8369.12,2286.38347576763,0.054638563571023716,0,downstream boundary-facing singleton
7047->2825,1,12113.2,3305.566427683687,0.05457792206326465,0,downstream boundary-facing singleton
10284->12358,1,8589.36,2339.8260716264117,0.054481965399666835,0,downstream boundary-facing singleton
4385->7006,1,5506.0,1489.792942820903,0.0541152540072976,0,upstream boundary-facing singleton
5190->5197;5197->5201;5201->2445,3,287192.96,7738.442494647078,0.05389019629622591,1,two-sided corridor completion
10595->6847,1,10791.76,2898.180228622018,0.05371098372502758,0,upstream boundary-facing singleton
5243->10553,1,5726.24,1534.073725368083,0.053580490002797056,0,upstream boundary-facing singleton
6550->10613,1,17619.2,4718.257529232622,0.05355813577497981,0,upstream boundary-facing singleton
5167->10343,1,11012.0,2933.971878021029,0.053286812168925335,0,upstream boundary-facing singleton
8096->8092,1,11232.24,2986.8994119782596,0.05318439442138451,0,upstream boundary-facing singleton
10543->12336,1,3303.6,878.3151976137442,0.05317321695203682,0,downstream boundary-facing singleton
3176->4050;4050->3183;3183->12570,3,249531.92,6634.03952707459,0.05317187097405887,1,two-sided corridor completion
7451->8696,1,3744.0800000000004,994.6661369689818,0.053132739523139565,0,upstream boundary-facing singleton
10594->12135,1,11012.0,2924.6679652709877,0.05311783445824533,0,downstream boundary-facing singleton
8758->4305,1,1982.1599999999999,525.4031238019337,0.05301319003530833,0,upstream boundary-facing singleton
10630->10625,1,22244.24,5890.978213704103,0.05296632488863726,0,downstream boundary-facing singleton
2085->10614,1,11012.0,2906.6373231911775,0.05279036184509949,0,upstream boundary-facing singleton
7586->10621,1,11232.24,2954.5917472176857,0.05260912778248481,0,downstream boundary-facing singleton
6138->6133,1,11012.0,2884.0532388894503,0.052380189591163286,0,downstream boundary-facing singleton
1910->10898,1,6607.2,1728.3275954547112,0.052316490963031585,0,upstream boundary-facing singleton
12774->10892,1,17839.440000000002,4651.793073927104,0.05215178362019327,0,upstream boundary-facing singleton
7042->7040,1,11232.24,2926.5995179286583,0.052110701301408414,0,downstream boundary-facing singleton
8953->4468,1,5726.24,238.7029760532534,0.05210726760781364,1,upstream boundary-facing singleton
8091->8087,1,11892.960000000001,3098.1706561987244,0.05210091778999886,0,downstream boundary-facing singleton
10570->5866,1,11012.0,2863.2205081693387,0.05200182542988266,0,downstream boundary-facing singleton
2235->12794;12794->12797;12797->12877,3,267811.83999999997,8699.942476861299,0.05197644720628513,0,upstream corridor extension
6955->10600,1,11452.48,2971.783032490269,0.051897633219883714,0,upstream boundary-facing singleton
5803->5805,1,4184.56,1079.9823130809204,0.0516174849007265,0,upstream boundary-facing singleton
7670->10623,1,22024.0,5678.668059143087,0.05156799908411811,0,upstream boundary-facing singleton
4434->10575,1,22244.24,5725.670833781983,0.05148003108923463,0,downstream boundary-facing singleton
8324->2050,1,2642.88,679.7643698828608,0.051441183094416754,0,downstream boundary-facing singleton
7965->10621,1,9470.32,2424.3083950108803,0.05119802488217674,0,upstream boundary-facing singleton
2069->10165,1,11012.0,2802.220316502176,0.05089393963861562,0,upstream boundary-facing singleton
5173->5180;5180->5186,2,123334.4,3838.0395871855826,0.050568327483464244,1,downstream corridor extension
8386->6272,1,11012.0,2769.843908029692,0.05030591914329263,0,downstream boundary-facing singleton
5921->5904,1,11012.0,2754.030616229864,0.050018718057207846,0,downstream boundary-facing singleton
6263->6266,1,11012.0,2747.506677785981,0.04990023025401347,0,upstream boundary-facing singleton
10905->10906,1,4404.8,1096.8592693381447,0.049802909069113,0,upstream boundary-facing singleton
5197->5201;5201->2445;2445->2439,3,248210.48,7664.072847710615,0.049403701875670135,0,downstream corridor extension
10587->6673,1,12553.679999999998,3089.754679078196,0.049224684380646894,0,downstream boundary-facing singleton
12336->2745,1,2202.4,540.5928305467662,0.049091248687501476,0,downstream boundary-facing singleton
7546->12591,1,6166.72,1510.456868749282,0.04898736666329206,0,upstream boundary-facing singleton
10906->10905,1,4404.8,1078.8760944442452,0.04898638278442813,0,downstream boundary-facing singleton
7052->7456,1,11012.0,2697.1371528648383,0.04898541868624843,0,upstream boundary-facing singleton
12326->12325,1,1541.68,376.57445310202104,0.04885247951611502,0,downstream boundary-facing singleton
8819->10580,1,9470.32,2311.9828025671727,0.04882586443894552,0,downstream boundary-facing singleton
12204->7509;7509->3277;3277->3974,3,492016.16,15002.527844936256,0.048787106000538705,0,upstream corridor extension
8478->12328,1,11232.24,2739.852402931046,0.04878550321095429,0,upstream boundary-facing singleton
8377->10595,1,11012.0,2684.631147364971,0.04875828455076228,0,upstream boundary-facing singleton
6267->10583,1,10351.279999999999,2522.4219817828857,0.048736426447412995,0,downstream boundary-facing singleton
10352->4051,1,8148.88,1980.001290249057,0.04859566689530481,0,downstream boundary-facing singleton
8351->8352,1,8148.88,1979.4685221882053,0.04858259103553385,0,downstream boundary-facing singleton
7589->7560,1,14976.320000000002,3633.817600083472,0.048527510097052834,0,upstream boundary-facing singleton
8385->10584,1,11232.24,2724.65007079729,0.048514812197696815,0,downstream boundary-facing singleton
7590->7589,1,11012.0,2654.880049193591,0.048217944954478585,0,downstream boundary-facing singleton
2445->2439;2439->12138;12138->8180,3,156370.4,4709.4290828549765,0.04818742250814709,0,upstream corridor extension
4408->10580,1,8809.6,2122.449253890088,0.04818491767821667,0,downstream boundary-facing singleton
7589->7590,1,11012.0,2649.0954124242835,0.04811288435205746,0,upstream boundary-facing singleton
12794->12797;12797->12877;12877->12917,3,384979.51999999996,11559.39565626259,0.04804160244685262,0,two-sided corridor completion
12329->5005;5005->7964;7964->7962,3,235436.56,7061.395149655615,0.04798843577840665,0,two-sided corridor completion
5866->10569,1,11012.0,2640.509851986926,0.0479569533597335,0,downstream boundary-facing singleton
7509->3277;3277->3974;3974->12236,3,466468.31999999995,13890.726667268229,0.04764559931450258,0,two-sided corridor completion
6707->10589,1,11672.720000000001,2770.562763983955,0.04747073114036754,0,upstream boundary-facing singleton
6282->10578,1,9910.800000000001,2349.798075500036,0.04741893844089348,0,downstream boundary-facing singleton
5794->8408,1,11012.0,2609.785025299224,0.0473989289011846,0,downstream boundary-facing singleton
8062->8064;8064->2861;2861->8101,3,331240.96,9781.164660697921,0.047246160188391784,0,upstream corridor extension
5518->5528,1,13214.4,3118.221585606181,0.0471942969125527,0,upstream boundary-facing singleton
6051->8791,1,8589.36,2023.9275780129608,0.04712638841573669,0,downstream boundary-facing singleton
7041->10605,1,11232.24,2640.854385074607,0.04702275565825885,0,downstream boundary-facing singleton
6968->10600,1,10571.52,2479.3168012165543,0.04690558786658029,0,upstream boundary-facing singleton
8381->10589,1,11232.24,2630.8287323323384,0.0468442400150342,0,upstream boundary-facing singleton
6376->6377,1,9910.800000000001,2318.475166784907,0.046786841966035164,0,upstream boundary-facing singleton
7043->10601,1,11232.24,2624.845913635591,0.0467377106193527,0,upstream boundary-facing singleton
7108->10160;10160->12178;12178->12204,3,321550.39999999997,9365.510412193831,0.04660176650226569,0,downstream corridor extension
6237->6071,1,12333.44,2863.5080017770224,0.046434863294863765,0,downstream boundary-facing singleton
7473->2050,1,10791.76,2500.203689214326,0.04633542052852039,0,upstream boundary-facing singleton
2847->7045,1,3303.6,764.4606713120676,0.046280461999761935,0,downstream boundary-facing singleton
6835->6865,1,10791.76,2496.3824594661883,0.04626460298350201,0,upstream boundary-facing singleton
12178->12204;12204->7509;7509->3277,3,213632.8,6158.064721024852,0.04612074341411882,0,two-sided corridor completion
10626->7585,1,10571.52,2437.5124171759476,0.04611470095456373,0,upstream boundary-facing singleton
5190->5197;5197->5201,2,224644.80000000002,6364.536482594425,0.04603877670088932,1,upstream corridor extension
8160->8132;8132->8110;8110->8102,3,219799.52000000002,6309.792138034346,0.04593125326595324,0,two-sided corridor completion
2454->2448;2448->2348;2348->12636,3,191168.32,5478.027935780464,0.0458488346670031,0,downstream corridor extension
6266->6272,1,11452.48,2619.781712448929,0.04575046998464838,0,downstream boundary-facing singleton
8478->12329;12329->5005;5005->7964,3,178174.16,5093.007719616088,0.04573509621925952,0,upstream corridor extension
1952->10889,1,22024.0,5028.526744892262,0.0456640641563046,0,downstream boundary-facing singleton
8788->5922,1,9470.32,2152.601006770127,0.04545994236245717,0,downstream boundary-facing singleton
6374->8828,1,15196.56,3452.72497065508,0.04544087570680576,0,downstream boundary-facing singleton
12593->1954,1,8809.6,1998.898030229589,0.04537999523768591,0,downstream boundary-facing singleton
10987->12241,1,11012.0,2484.470370528202,0.045122963503962984,0,upstream boundary-facing singleton
10613->10166,1,21583.52,4861.934037556601,0.045052280976936115,0,downstream boundary-facing singleton
2299->3099;3099->7108;7108->10160,3,308336.0,8673.231226946285,0.04500664847151827,0,upstream corridor extension
10590->9635,1,2642.88,591.7436008161228,0.044780209530218766,0,downstream boundary-facing singleton
3277->3974;3974->12236;12236->12151,3,543552.32,15195.401553536522,0.04472916698370166,0,downstream corridor extension
3099->7108;7108->10160;10160->12178,3,344675.6,9612.039946096293,0.044619531854747096,0,two-sided corridor completion
2426->6386,1,8589.36,1914.2415780180622,0.04457239137765939,0,upstream boundary-facing singleton
12591->7546,1,6166.72,1372.331123526015,0.0445076515076415,0,downstream boundary-facing singleton
10629->9625,1,11012.0,2444.6696447774625,0.044400102520476985,0,downstream boundary-facing singleton
10643->10644,1,17619.2,3874.055085890541,0.04397538010682143,0,downstream boundary-facing singleton
8402->6163,1,11232.24,2465.1445663770146,0.043894086422245515,0,upstream boundary-facing singleton
7021->7020,1,8589.36,1882.3647718803225,0.043830151999225145,0,upstream boundary-facing singleton
6266->6263,1,11012.0,2412.8261785953614,0.04382176132574213,0,downstream boundary-facing singleton
10095->10099;10099->5173;5173->5180,3,559409.6,15295.26150282535,0.04374686884980265,0,two-sided corridor completion
10827->4468,1,17398.96,3791.7523961335323,0.043585966013296576,0,downstream boundary-facing singleton
7471->12487,1,10351.279999999999,2241.9601772388614,0.04331754482998937,0,upstream boundary-facing singleton
6779->10593,1,12113.2,2617.529247487059,0.043217799549038385,0,upstream boundary-facing singleton
9625->10630,1,11232.24,2419.5663464642016,0.043082525773384506,0,upstream boundary-facing singleton
6138->6142,1,11012.0,2370.1886778490793,0.043047378820361054,0,upstream boundary-facing singleton
8385->10583,1,11232.24,2405.1743080637993,0.04282626275905429,0,upstream boundary-facing singleton
5083->5084,1,3744.0800000000004,797.9660455537119,0.04262548052144782,0,downstream boundary-facing singleton
6274->6270,1,11232.24,2393.6005121801,0.0426201810534693,0,upstream boundary-facing singleton
3176->4050;4050->3183,2,215835.2,5640.443080672325,0.04246628912287026,1,upstream corridor extension
4459->12462,1,6607.2,1399.4998153094305,0.042362871271020425,0,upstream boundary-facing singleton
6379->6386,1,7708.4,1632.0845806467742,0.0423456120763524,0,downstream boundary-facing singleton
10580->4408,1,8809.6,1855.67943842138,0.04212857424676217,0,upstream boundary-facing singleton
7046->7048,1,11452.48,2399.74169117576,0.041907808460276905,0,downstream boundary-facing singleton
6950->10599,1,11232.24,2352.268507904028,0.04188422804185146,0,downstream boundary-facing singleton
10883->7581,1,20922.8,4366.451992846603,0.04173869647319292,0,upstream boundary-facing singleton
6707->6704,1,11232.24,2342.6896182783426,0.04171366741234772,0,downstream boundary-facing singleton
8361->10643,1,23345.440000000002,4862.405386673227,0.041656146867852795,0,upstream boundary-facing singleton
12138->8180;8180->8176;8176->8425,3,238960.40000000002,6218.579881593734,0.041637559238057745,0,downstream corridor extension
6163->8402,1,11232.24,2335.8565594899424,0.041591998737383507,0,downstream boundary-facing singleton
7563->8322,1,7267.92,1510.5930974315124,0.041568787147671205,0,upstream boundary-facing singleton
12360->10285,1,5946.4800000000005,1234.3524438479753,0.04151539881906524,0,upstream boundary-facing singleton
4049->8579,1,75762.56,2507.1142369446243,0.04136466344564889,1,downstream boundary-facing singleton
10343->5167,1,11012.0,2274.6755070987306,0.04131266812747422,0,downstream boundary-facing singleton
10619->10618,1,22244.24,4593.2911728434865,0.04129870180184611,0,downstream boundary-facing singleton
10285->12360,1,5946.4800000000005,1226.1504638378563,0.04123953881415077,0,upstream boundary-facing singleton
10892->12774,1,17839.440000000002,3672.3969565743805,0.041171661852326985,0,downstream boundary-facing singleton
8375->10602,1,10791.76,2221.189076393164,0.04116453806224683,0,downstream boundary-facing singleton
7527->12588,1,9250.08,1889.506332984884,0.04085383765296915,0,downstream boundary-facing singleton
8064->2861;2861->8101;8101->8112,3,314282.48,8020.66324541571,0.04083288763874186,0,two-sided corridor completion
10898->10892,1,15416.8,3139.0219140379318,0.04072209426129848,0,upstream boundary-facing singleton
8398->6186,1,9690.56,1972.3437077386304,0.040706495965942745,0,downstream boundary-facing singleton
10091->10095;10095->10099;10099->5173,3,600814.72,15284.675583995184,0.04070386446988565,0,upstream corridor extension
10608->7455,1,11012.0,2240.7216608315716,0.0406959981989025,0,upstream boundary-facing singleton
8112->8129;8129->8159;8159->8163,3,233454.4,5928.467095748436,0.04063126397787961,0,downstream corridor extension
10605->7041,1,11232.24,2264.2043560034226,0.04031616767454083,0,upstream boundary-facing singleton
7052->10608,1,10571.52,2119.6590813707226,0.04010131147404957,0,downstream boundary-facing singleton
6706->10588,1,11232.24,2251.6400476492395,0.04009244901549895,0,upstream boundary-facing singleton
10588->6706,1,11232.24,2250.8210473802496,0.04007786598897904,0,downstream boundary-facing singleton
5017->10543,1,22904.96,4582.45525469607,0.04001277674963039,0,downstream boundary-facing singleton
10160->12178;12178->12204;12204->7509,3,286312.0,7120.145002191022,0.039789572227170486,0,upstream corridor extension
10987->11050,1,13214.4,2617.1189772461435,0.039610106811450295,0,upstream boundary-facing singleton
12535->11107,1,18059.68,3575.4189708933823,0.039595596055892274,0,upstream boundary-facing singleton
8103->8100,1,3303.6000000000004,652.5969854835876,0.03950823256348151,0,downstream boundary-facing singleton
10566->8408,1,12994.16,2560.198399185373,0.03940536978435502,0,downstream boundary-facing singleton
10383->10378,1,11012.0,2162.9143131719975,0.03928286075503083,0,upstream boundary-facing singleton
8408->10566,1,12994.16,2551.6516248392636,0.039273821852882584,0,downstream boundary-facing singleton
5017->5015,1,11892.960000000001,2334.9519871996226,0.03926612024592066,0,downstream boundary-facing singleton
2861->8101;8101->8112;8112->8129,3,379473.52,9299.615476136243,0.03921060094474574,0,downstream corridor extension
7564->7562,1,8809.6,1726.4844256713209,0.039195523648549786,0,downstream boundary-facing singleton
5992->5972,1,5506.0,1075.3079268101756,0.03905949607011172,0,upstream boundary-facing singleton
5528->5518,1,13214.4,2576.7278262496006,0.03899878656994795,0,downstream boundary-facing singleton
7554->7547,1,11452.48,2213.5823649768254,0.038656821316899494,0,downstream boundary-facing singleton
10641->10907,1,21803.76,4213.277110611124,0.038647252681290975,0,upstream boundary-facing singleton
5528->5794,1,14315.6,2757.3380367730965,0.03852214418917959,0,downstream boundary-facing singleton
1910->1909,1,8809.6,1693.606759281698,0.03844911821834585,0,upstream boundary-facing singleton
10877->10876,1,9250.08,1769.1286613288726,0.038251099694897185,0,upstream boundary-facing singleton
12460->10846,1,4845.28,924.1557394034538,0.03814663917888972,0,upstream boundary-facing singleton
10580->8819,1,9470.32,1802.3666370752603,0.03806347910261238,0,upstream boundary-facing singleton
10120->7036,1,3523.84,666.5725964723355,0.037832171521541016,0,upstream boundary-facing singleton
8371->7045,1,11232.24,2123.6553820988597,0.03781356847964182,0,downstream boundary-facing singleton
5866->10570,1,11012.0,2079.3218084589294,0.03776465325933399,0,upstream boundary-facing singleton
8781->5854;5854->6090;6090->6248,3,197555.28,4634.346800624261,0.037533569748167794,0,upstream corridor extension
1805->1803;1803->12916;12916->12878,3,386741.44,9061.586495209349,0.03748897038893727,0,upstream corridor extension
12661->12660,1,24226.4,4529.38141721377,0.03739211287862637,0,downstream boundary-facing singleton
7048->7046,1,11452.48,2141.0986753696434,0.037391004836850074,0,upstream boundary-facing singleton
3974->12236;12236->12151;12151->2132,3,335645.76,7836.050307854028,0.03735390696598236,0,downstream corridor extension
10042->2168,1,466908.8,13947.637700285095,0.03734036952260564,1,non-interior singleton
10584->8385,1,11232.24,2093.6899446206144,0.03728000727585262,0,downstream boundary-facing singleton
10621->7965,1,9470.32,1761.4936972574794,0.037200299403979585,0,downstream boundary-facing singleton
5794->5528,1,14315.6,2647.965384757764,0.03699412367987041,0,upstream boundary-facing singleton
9625->10629,1,11012.0,2035.2917895630121,0.03696497983223778,0,downstream boundary-facing singleton
8382->6707,1,11452.48,2109.355443592972,0.03683665797439458,0,upstream boundary-facing singleton
8132->8110;8110->8102;8102->2852,3,379473.52,8727.353490851765,0.03679773383229171,0,downstream corridor extension
6950->10593,1,16518.0,3025.3008265066987,0.036630352663841854,0,upstream boundary-facing singleton
10558->5499,1,11232.24,2053.198129649363,0.03655901458033951,0,upstream boundary-facing singleton
10575->6260,1,11012.0,2000.8544326223891,0.03633952838035578,0,downstream boundary-facing singleton
10584->6287,1,11232.24,2037.2110989861442,0.036274351313471655,0,downstream boundary-facing singleton
10850->12502,1,3964.3199999999997,717.9526118971336,0.036220719412011826,0,downstream boundary-facing singleton
5015->10548,1,11452.48,2065.75926581819,0.03607531758742544,0,downstream boundary-facing singleton
7052->2846,1,10571.52,1906.0272088091706,0.036059662353363955,0,upstream boundary-facing singleton
3176->4050,1,78405.44,2261.30472171021,0.03605146405833272,1,upstream boundary-facing singleton
6847->10595,1,10791.76,1942.0157443441342,0.03599071410676543,0,downstream boundary-facing singleton
12588->7527,1,9250.08,1660.7957636255592,0.03590878702942157,0,upstream boundary-facing singleton
10613->6550,1,17619.2,3156.283058407458,0.03582776809852273,0,downstream boundary-facing singleton
8101->8112;8112->8129;8129->8159,3,219799.52000000002,4907.738195855537,0.03572519682194419,0,two-sided corridor completion
2439->12138;12138->8180;8180->8176,3,236758.0,5274.674585804502,0.0356460154980495,0,two-sided corridor completion
10898->1910,1,6607.2,1176.6590769840443,0.035617480233201486,0,downstream boundary-facing singleton
12203->12177;12177->10157;10157->7110,3,321550.39999999997,7151.019227167625,0.03558269796420157,0,upstream corridor extension
6376->7138,1,16297.76,2896.8577195757907,0.03554915178007028,0,downstream boundary-facing singleton
10907->10641,1,21803.76,3869.2152733377443,0.035491266399352635,0,downstream boundary-facing singleton
7581->10883,1,20922.8,3703.031855694557,0.03539709652335784,0,downstream boundary-facing singleton
10157->7110;7110->3094;3094->2300,3,308336.0,6777.013024657099,0.03516689857639509,0,downstream corridor extension
7456->7052,1,11012.0,1935.4837691117373,0.03515226605724187,0,downstream boundary-facing singleton
10166->7555,1,21583.52,3784.650238779079,0.035069814736234675,0,downstream boundary-facing singleton
12146->12149,1,2202.4,385.63915221905785,0.03501990121858498,0,downstream boundary-facing singleton
5045->10091;10091->10095;10095->10099,3,472194.56,10297.744318803412,0.034893224754824495,0,upstream corridor extension
9010->10342,1,8148.88,1411.905877937902,0.034652759101567385,0,upstream boundary-facing singleton
12177->10157;10157->7110;7110->3094,3,344675.6,7436.996044789643,0.03452287795150985,0,two-sided corridor completion
10611->7450,1,12113.2,2089.1035220421936,0.034493007991978894,0,downstream boundary-facing singleton
4050->3183;3183->12570;12570->3210,3,239180.64,5150.472608743399,0.03445411039116476,0,downstream corridor extension
5802->5567,1,11012.0,1891.5541250396739,0.03435441563820694,0,downstream boundary-facing singleton
12359->10806,1,85893.6,14749.390237060486,0.034343397498906754,0,upstream boundary-facing singleton
7670->2086,1,22464.48,3853.133312876931,0.03430422883482664,0,downstream boundary-facing singleton
10606->7044,1,11232.24,1911.2438652827198,0.034031392941794684,0,downstream boundary-facing singleton
10607->8695,1,25107.359999999997,4266.282401259202,0.0339843169593235,0,downstream boundary-facing singleton
6236->6237,1,17619.2,2991.6213517700126,0.03395865137770174,0,downstream boundary-facing singleton
10583->6272,1,11012.0,1862.8133555633822,0.033832425636821324,0,upstream boundary-facing singleton
10593->6950,1,16518.0,2786.072755535525,0.03373377836948208,0,downstream boundary-facing singleton
8380->6882,1,11012.0,1855.9555585147011,0.033707874291948804,0,downstream boundary-facing singleton
10892->10898,1,15416.8,2597.4073671359724,0.033695804150484836,0,downstream boundary-facing singleton
6130->10835,1,10791.76,1818.1511712824793,0.03369517430488594,0,downstream boundary-facing singleton
12641->2894,1,8148.88,1369.9652120955293,0.033623398849793575,0,downstream boundary-facing singleton
7474->7463,1,11012.0,1849.9862741564018,0.033599460119077405,0,upstream boundary-facing singleton
7006->4385,1,5506.0,922.8587086799407,0.033521929120230325,0,downstream boundary-facing singleton
5180->5186,1,35238.4,944.0338190993149,0.03348739652975571,1,downstream boundary-facing singleton
7042->7043,1,11232.24,1879.8192660956859,0.03347185006901003,0,upstream boundary-facing singleton
6133->8648,1,4184.56,699.6626001079485,0.03344019921367831,0,upstream boundary-facing singleton
10584->4429,1,11012.0,1840.4400293914564,0.03342608117311036,0,upstream boundary-facing singleton
6258->10581,1,5946.4800000000005,989.1775746032922,0.03326934840790828,0,upstream boundary-facing singleton
7581->6556,1,25107.359999999997,4174.027773699767,0.033249435812445174,0,downstream boundary-facing singleton
10869->10863,1,10571.52,1751.3961935792454,0.033134236014863434,0,upstream boundary-facing singleton
2446->12359,1,5285.76,873.4503251324767,0.03304918593097215,0,downstream boundary-facing singleton
6944->6940,1,11012.0,1818.9940895206726,0.03303657990411683,0,upstream boundary-facing singleton
2032->7470,1,8148.88,1344.3857095570233,0.03299559472116471,0,downstream boundary-facing singleton
10911->12642,1,18500.16,3049.079971648574,0.03296274163735421,0,upstream boundary-facing singleton
2894->12641,1,8148.88,1342.04071523544,0.032938040939011,0,upstream boundary-facing singleton
7456->7455,1,10571.52,1740.1224105590466,0.03292095007262998,0,downstream boundary-facing singleton
6071->6237,1,12333.44,2029.2002789462167,0.03290566587985536,0,downstream boundary-facing singleton
12250->12249,1,9690.56,1585.3393637587346,0.032719251802965664,0,upstream boundary-facing singleton
2086->7670,1,22464.48,3672.3898784635708,0.032695080219649605,0,upstream boundary-facing singleton
10643->7778,1,4625.04,755.0841116972472,0.03265200351552623,0,upstream boundary-facing singleton
10347->6385,1,11012.0,1795.4106297732546,0.03260825698825381,0,downstream boundary-facing singleton
6071->10342,1,10791.76,1748.270529889613,0.03240010025963538,0,downstream boundary-facing singleton
8649->6260,1,20702.559999999998,3353.7049268275414,0.032398939327576315,0,upstream boundary-facing singleton
8217->8218;8218->5162;5162->8230,3,384979.52,7782.773923850673,0.032345716151760684,0,downstream corridor extension
6257->6672,1,11012.0,1775.7214217831452,0.0322506614926107,0,downstream boundary-facing singleton
4053->6624,1,11232.24,1809.8907392340789,0.032226710597958716,0,upstream boundary-facing singleton
7451->4433,1,7708.4,1235.0496855148133,0.03204425524142009,0,upstream boundary-facing singleton
11050->11056,1,25327.6,4040.4770470044264,0.031905723771730655,0,downstream boundary-facing singleton
2087->10635,1,17839.440000000002,2839.9636352190614,0.031839156780919815,0,upstream boundary-facing singleton
8958->10849,1,8148.88,1297.179646395318,0.031837004506025814,0,upstream boundary-facing singleton
7138->8751,1,2642.88,419.2964016527122,0.031730264079542936,0,downstream boundary-facing singleton
5818->5816,1,11012.0,1746.0900760991408,0.03171249684161171,0,upstream boundary-facing singleton
2167->10042;10042->2168;2168->10044,3,949674.88,14828.543467389087,0.03122867368543872,1,two-sided corridor completion
8366->10624,1,44928.96,7014.671696303122,0.03122561348539171,0,downstream boundary-facing singleton
6556->6563,1,8369.12,1296.060870421172,0.03097245278885168,0,downstream boundary-facing singleton
8366->10619,1,13434.64,2078.6229620507625,0.03094423016993031,0,downstream boundary-facing singleton
1909->2454,1,5285.76,817.2533162973697,0.030922831013794408,0,downstream boundary-facing singleton
6623->4897;4897->4899;4899->6470,3,722166.96,9265.7401975418,0.030793123620748757,2,two-sided corridor completion
7044->2825,1,22904.96,3515.2481898116043,0.03069420937483938,0,upstream boundary-facing singleton
6704->6702,1,11452.48,1752.6455134684527,0.030607266085048004,0,upstream boundary-facing singleton
9989->11200,1,8369.12,1270.4503291652209,0.03036042807762873,0,upstream boundary-facing singleton
8483->10545,1,27530.0,4168.687894297719,0.03028469229420791,0,downstream boundary-facing singleton
5083->8483,1,17619.2,2663.177877539334,0.030230406346932144,0,upstream boundary-facing singleton
12322->12315,1,25768.079999999998,3888.2446559736254,0.030178768895265974,0,downstream boundary-facing singleton
10560->8726,1,4184.56,627.7298764034971,0.030002192651246345,0,downstream boundary-facing singleton
2173->10909,1,11012.0,1638.6235999784021,0.029760690155800986,0,upstream boundary-facing singleton
4454->12453,1,2642.88,78.47317678769066,0.029692296580885496,0,upstream boundary-facing singleton
8080->8078,1,1101.2,162.78197281729524,0.029564470181128812,0,upstream boundary-facing singleton
6471->4898;4898->4896;4896->6622,3,716220.48,10582.513207950267,0.029550993034855047,1,two-sided corridor completion
2084->2069,1,10791.76,1588.0525081933565,0.029430834417988473,0,downstream boundary-facing singleton
12331->8476,1,10131.04,1490.754515506516,0.02942944683875527,0,downstream boundary-facing singleton
8381->8382,1,12553.679999999998,1842.1100559700526,0.029347730003792562,0,downstream boundary-facing singleton
12236->12151;12151->2132;2132->2134,3,295121.6,5399.526754340412,0.029273502200261384,0,downstream corridor extension
5507->5518,1,7488.160000000001,1095.0602302621257,0.029247778633526147,0,upstream boundary-facing singleton
7555->10166,1,21583.52,3155.65989222732,0.02924138316852228,0,upstream boundary-facing singleton
6186->8398,1,9690.56,1409.3075741410019,0.02908619469134915,0,upstream boundary-facing singleton
8696->2069,1,11232.24,1627.1139511634751,0.028972207701464272,0,downstream boundary-facing singleton
4898->4896;4896->6622;6622->4719,3,643541.28,9302.356897308055,0.028909899602114274,1,two-sided corridor completion
7455->10608,1,11012.0,1586.1865716046898,0.02880832857981638,0,downstream boundary-facing singleton
2159->2156;2156->2149;2149->2147,3,426384.64,6139.197902088255,0.028796524668844806,1,downstream corridor extension
6884->6718,1,14756.080000000002,2123.2736311074236,0.028778288422228987,0,downstream boundary-facing singleton
12877->12917;12917->1804,2,251954.56,4458.30040242735,0.028754145802895738,1,downstream corridor extension
2229->10903,1,15637.039999999999,2247.896074655917,0.028750915450186446,0,downstream boundary-facing singleton
10777->12099,1,17398.96,2494.3697850549934,0.0286726308360384,0,downstream boundary-facing singleton
8483->5083,1,17619.2,2523.7019163820923,0.028647179399542456,0,downstream boundary-facing singleton
6272->10577,1,11012.0,1576.5869367951805,0.02863397996358846,0,upstream boundary-facing singleton
10647->10641,1,22904.96,3258.252982567902,0.0284501957878809,0,downstream boundary-facing singleton
10614->2085,1,22024.0,3122.1279518734436,0.028352051869537265,0,downstream boundary-facing singleton
7554->7555,1,22024.0,3107.6997447772,0.028221029284209956,0,upstream boundary-facing singleton
7565->10374,1,12333.44,1732.7238619301077,0.02809798177848366,0,downstream boundary-facing singleton
8102->2852;2852->8068;8068->8061,3,331240.96,5811.330030125943,0.028070586585069397,0,downstream corridor extension
6272->10583,1,11012.0,1544.1014394481053,0.028043978195570387,0,downstream boundary-facing singleton
7956->5530,1,11452.48,1601.4851684208727,0.027967482474029606,0,upstream boundary-facing singleton
8099->8105,1,3303.6000000000004,460.9788698770042,0.027907668596501036,0,upstream boundary-facing singleton
10882->12589,1,13434.64,1869.3370614401347,0.027828614111582217,0,upstream boundary-facing singleton
10819->10818,1,30833.6,4269.717170044695,0.027695223198359556,0,downstream boundary-facing singleton
4433->10606,1,21583.52,2988.7714030792263,0.02769493950087128,0,upstream boundary-facing singleton
6694->5045;5045->10091;10091->10095,3,447527.68000000005,6165.982570877071,0.027555759549340374,1,upstream corridor extension
4971->10547,1,14315.6,1971.046971097821,0.02753705008658835,0,upstream boundary-facing singleton
6386->6379,1,7708.4,1059.7771314572765,0.027496682358395426,0,upstream boundary-facing singleton
10378->10383,1,11012.0,1510.2627873466536,0.027429400424022046,0,downstream boundary-facing singleton
8382->8381,1,12553.679999999998,1721.66485885341,0.027428847299810256,0,upstream boundary-facing singleton
2313->2311;2311->2309;2309->12654,3,335645.76,5748.709168902489,0.027403696892354557,0,downstream corridor extension
10811->5083,1,20702.559999999998,2831.241651942302,0.027351609191735727,0,upstream boundary-facing singleton
6563->6556,1,8369.12,1144.3796842501008,0.027347670585440305,0,upstream boundary-facing singleton
7555->7554,1,22024.0,3002.1176820709666,0.027262238304313176,0,downstream boundary-facing singleton
9969->2315;2315->2313;2313->2311,3,541570.16,7380.461222089591,0.027255789802339146,1,two-sided corridor completion
2061->2877,1,4404.8,598.6846031188285,0.027183282015929372,0,downstream boundary-facing singleton
6999->7048,1,11672.720000000001,1586.39625408282,0.027181261164198573,0,downstream boundary-facing singleton
6702->6698,1,11012.0,1484.405098096391,0.026959772940363076,0,downstream boundary-facing singleton
11056->11050,1,25327.6,3410.2039081076423,0.02692875683529148,0,downstream boundary-facing singleton
12587->2128,1,10791.76,1433.7512826120224,0.026571222536676542,0,downstream boundary-facing singleton
8769->5795,1,8809.6,1165.5267745403453,0.02646037900790831,0,downstream boundary-facing singleton
6763->4051,1,7928.639999999999,1041.862315665458,0.02628098427133678,0,downstream boundary-facing singleton
7778->10648,1,29512.160000000003,3860.837286867065,0.026164382999191278,0,upstream boundary-facing singleton
12455->10841,1,25107.359999999997,3271.8679404429804,0.026063018496910714,0,downstream boundary-facing singleton
6718->6884,1,14756.080000000002,1917.3020597820355,0.02598660429845915,0,upstream boundary-facing singleton
10043->2169;2169->10037;10037->2166,3,949674.88,12315.510982585116,0.02593626775214928,1,two-sided corridor completion
8993->8992,1,4184.56,535.7591851206031,0.025606476433393383,0,downstream boundary-facing singleton
4716->6623;6623->4897;4897->4899,3,649487.76,8307.645043882414,0.02558214505499662,1,two-sided corridor completion
6266->6145,1,14315.6,1828.3500660548702,0.025543463998084194,0,upstream boundary-facing singleton
10618->6550,1,6607.2,843.3152469215368,0.025527159671919625,0,upstream boundary-facing singleton
12774->2157,1,10791.76,1373.765346816697,0.02545952368875322,0,downstream boundary-facing singleton
10641->10635,1,21363.28,2711.5388589471136,0.025385042549150822,0,downstream boundary-facing singleton
6261->8652,1,11012.0,1392.6477617231017,0.02529327573053218,0,downstream boundary-facing singleton
10637->2090,1,8369.12,1053.9770483616533,0.025187284884471802,0,downstream boundary-facing singleton
10374->7565,1,12333.44,1541.8681705041456,0.02500305138719036,0,upstream boundary-facing singleton
10893->10894,1,22904.96,2857.662736864986,0.02495234863422583,0,upstream boundary-facing singleton
10042->2168;2168->10044,2,932055.6799999999,14258.988583005948,0.024859948761199187,1,downstream corridor extension
10332->5617,1,11012.0,1363.3222372056555,0.02476066540511543,0,upstream boundary-facing singleton
12840->12758,1,8809.6,1089.8171078448208,0.024741579818489394,0,upstream boundary-facing singleton
10577->6272,1,11012.0,1361.4057672488195,0.024725858468013433,0,downstream boundary-facing singleton
5904->5902,1,5946.4800000000005,733.6416642897068,0.024674821551227175,0,downstream boundary-facing singleton
4898->4896;4896->6622,2,539808.24,8175.74228011613,0.024611668034538917,1,downstream corridor extension
8890->10803,1,7047.68,863.3823163880606,0.02450117815757982,0,upstream boundary-facing singleton
6256->4458,1,9690.56,1184.706670825925,0.02445073702295688,0,downstream boundary-facing singleton
10841->12455,1,25107.359999999997,3069.310283746334,0.02444948639559344,0,downstream boundary-facing singleton
1952->2457;2457->8217;8217->8218,3,337848.16,5147.119233753111,0.024376011916137058,0,upstream corridor extension
12038->8278,1,8809.6,1073.1072006928002,0.02436222304515075,0,upstream boundary-facing singleton
12218->12319,1,8369.12,1017.1248467099006,0.024306613997885095,0,upstream boundary-facing singleton
10865->10871,1,10351.279999999999,1257.8061416217022,0.024302427170778927,0,downstream boundary-facing singleton
6750->8351,1,11012.0,1337.4626165460195,0.024291002843189604,0,downstream boundary-facing singleton
6656->6660,1,6827.44,828.3612481222226,0.024265647098245396,0,downstream boundary-facing singleton
10613->2085,1,22024.0,2672.0562761426577,0.024264949837837432,0,upstream boundary-facing singleton
8522->5742,1,6607.2,801.1553447792038,0.024250979076740644,0,downstream boundary-facing singleton
8097->8096,1,21803.76,2642.1842038126197,0.024236041891972943,0,upstream boundary-facing singleton
10624->9624,1,24226.4,2935.7475776839574,0.024235937470560687,0,downstream boundary-facing singleton
10545->8483,1,27530.0,3320.663222017091,0.024123960930018826,0,upstream boundary-facing singleton
10871->10865,1,10351.279999999999,1247.4866123522202,0.02410304063559715,0,downstream boundary-facing singleton
11041->12740,1,22024.0,2653.522466639036,0.02409664426660948,0,downstream boundary-facing singleton
10636->10630,1,22684.72,2726.3892249307746,0.024037230566925884,0,downstream boundary-facing singleton
10635->10641,1,21363.28,2564.2207423580467,0.024005871217884583,0,upstream boundary-facing singleton
2315->2313;2313->2311;2311->2309,3,529016.48,7934.420559603232,0.02399749984228312,0,downstream corridor extension
3971->3966,1,13214.4,252.66078160627524,0.023900137502107097,1,upstream boundary-facing singleton
5024->12127,1,6607.2,788.6105425217341,0.023871247806082282,0,downstream boundary-facing singleton
10635->2087,1,17839.440000000002,2126.6000942200153,0.0238415566208358,0,downstream boundary-facing singleton
8092->8091,1,23785.920000000002,2827.6139585782767,0.023775527358860002,0,upstream boundary-facing singleton
9635->10590,1,5285.76,628.171049658861,0.0237684287466272,0,upstream boundary-facing singleton
4403->4402,1,1982.1599999999999,235.21273016267446,0.02373297111864577,0,upstream boundary-facing singleton
6773->6779,1,5506.0,652.0405445504208,0.02368472737197315,0,upstream boundary-facing singleton
10553->8641,1,18059.68,2133.4552386291684,0.023626722495959714,0,downstream boundary-facing singleton
2090->10637,1,8369.12,981.182279291986,0.02344768098179942,0,upstream boundary-facing singleton
6672->6673,1,17178.72,2012.3475720906156,0.02342837617809261,0,upstream boundary-facing singleton
8351->6750,1,11012.0,1288.6331238884068,0.023404161349226422,0,upstream boundary-facing singleton
10578->6282,1,9910.800000000001,1158.2634223977784,0.02337376240864064,0,upstream boundary-facing singleton
7961->8768,1,18940.64,2207.3619566831444,0.023308208768902685,0,upstream boundary-facing singleton
7631->10627,1,21583.52,2508.397371955195,0.02324363562528443,0,upstream boundary-facing singleton
8481->8478,1,5506.0,638.7614496927293,0.023202377395304372,0,upstream boundary-facing singleton
2456->2454;2454->2448;2448->2348,3,466027.84,6749.066825982893,0.023171377318515193,0,two-sided corridor completion
8110->8102;8102->2852;2852->8068,3,314282.48,4535.6351319765445,0.02309074375117083,0,two-sided corridor completion
8087->8085,1,18500.160000000003,2130.3532186816274,0.023030646423399873,0,downstream boundary-facing singleton
10815->10814,1,13434.64,1540.3444905801607,0.022930938091086338,0,downstream boundary-facing singleton
10883->2568,1,3303.6,378.32381174041694,0.022903729975809237,0,downstream boundary-facing singleton
7587->7589,1,27309.76,3124.82598249989,0.02288431668751311,0,upstream boundary-facing singleton
10915->12661,1,27309.76,3121.796435529056,0.0228621301361056,0,upstream boundary-facing singleton
12589->2061,1,22024.0,2513.171098508271,0.022822113135745288,0,downstream boundary-facing singleton
2457->8217;8217->8218;8218->5162,3,424402.48,6052.614107590611,0.022818392984284584,0,two-sided corridor completion
5116->5163,1,12333.44,1392.4810972537634,0.02258057925856474,0,upstream boundary-facing singleton
8652->6261,1,11012.0,1238.0122836080236,0.022484785390628835,0,upstream boundary-facing singleton
2157->12774,1,10791.76,1209.8068356683182,0.02242093663440103,0,upstream boundary-facing singleton
6673->6672,1,17178.72,1924.7261105247949,0.02240825987646105,0,downstream boundary-facing singleton
7037->7035,1,11672.720000000001,1307.1708098193344,0.02239702159941015,0,upstream boundary-facing singleton
8992->9005,1,11012.0,1231.5243277160168,0.022366951102724606,0,upstream boundary-facing singleton
8378->6866,1,11232.24,1248.424664365483,0.022229308924408366,0,upstream boundary-facing singleton
10910->12642,1,17178.72,1906.5193892951042,0.022196291566485796,0,downstream boundary-facing singleton
1956->2164,1,96905.6,10699.878582976897,0.02208309650417911,0,upstream boundary-facing singleton
7555->10164,1,11012.0,1214.270815352809,0.02205359272344368,0,upstream boundary-facing singleton
10841->8531,1,22024.0,2418.4970803105675,0.021962378135766143,0,downstream boundary-facing singleton
12524->12517,1,16518.0,1813.1689230216903,0.02195385546702616,0,upstream boundary-facing singleton
10821->10815,1,21803.76,2388.6192128295766,0.021910158732526653,0,upstream boundary-facing singleton
2846->7047,1,23785.920000000002,2567.3777619322186,0.02158737405937814,0,upstream boundary-facing singleton
6623->4897;4897->4899,2,545754.72,7228.437439794896,0.021522875403930004,1,upstream corridor extension
10596->8377,1,11232.24,1204.0824764531744,0.021439756922095227,0,upstream boundary-facing singleton
5335->5292,1,24226.4,2593.1951670365647,0.0214080108232058,0,upstream boundary-facing singleton
6779->10859,1,11892.960000000001,1270.2983332951276,0.02136218961965949,0,downstream boundary-facing singleton
12531->11188,1,16518.0,1745.0108477992833,0.021128597261160956,0,upstream boundary-facing singleton
5161->5159,1,8809.6,927.3805540126259,0.02105386292255326,0,downstream boundary-facing singleton
4896->6622;6622->4719,2,289395.36,3749.088038058676,0.021051712998595932,1,downstream corridor extension
10882->2127,1,14756.080000000002,1547.7020937971004,0.020977144252363775,0,downstream boundary-facing singleton
10618->10624,1,17398.96,1822.875259358248,0.020953841601546855,0,downstream boundary-facing singleton
2165->1960,1,96905.6,10123.187072766406,0.020892883533596418,0,downstream boundary-facing singleton
2825->7044,1,22904.96,2385.358146887584,0.020828310958740676,0,downstream boundary-facing singleton
11051->4486,1,21803.76,2267.6463080341887,0.020800506958746464,0,upstream boundary-facing singleton
2825->7047,1,24226.4,2518.2186395957697,0.020789045335631952,0,downstream boundary-facing singleton
7958->4695,1,294240.64,30565.612462992303,0.020775928480166645,0,upstream boundary-facing singleton
7047->2846,1,23785.920000000002,2470.6279344007403,0.020773869031769553,0,upstream boundary-facing singleton
7560->7589,1,29952.640000000003,3104.8095690433593,0.020731458522810404,0,upstream boundary-facing singleton
4438->4439,1,9029.84,934.0714148392353,0.02068854852000114,0,upstream boundary-facing singleton
4897->4899;4899->6470,2,530558.16,6738.131296180111,0.020637630672370927,1,downstream corridor extension
10043->2169;2169->10037,2,932055.6799999999,11808.938137359364,0.020588388531905054,1,upstream corridor extension
8364->2441,1,22024.0,2266.8414916033344,0.020585193349104018,0,downstream boundary-facing singleton
10625->8366,1,17619.2,1812.5836743718385,0.020575096194740267,0,downstream boundary-facing singleton
10641->10647,1,22904.96,2344.4154783173685,0.02047081049971158,0,upstream boundary-facing singleton
10678->10677,1,22464.48,2296.915146637928,0.020449306163667517,0,upstream boundary-facing singleton
10818->10819,1,30833.6,3128.154203771666,0.020290554484534186,0,upstream boundary-facing singleton
7586->10620,1,22464.48,2269.873915505881,0.02020855960615052,0,upstream boundary-facing singleton
12884->10087;10087->12735;12735->12736,3,551040.48,4626.888741093677,0.020151936893320115,2,two-sided corridor completion
7472->12573,1,7488.160000000001,753.6804194047132,0.02012992295583196,0,upstream boundary-facing singleton
11056->11049,1,23785.920000000002,2391.697413553258,0.020110194716481497,0,downstream boundary-facing singleton
12508->10858,1,11012.0,1105.9631904897428,0.020086509089897255,0,downstream boundary-facing singleton
12455->12460,1,23345.440000000002,2339.4140433393673,0.02004172158108279,0,downstream boundary-facing singleton
10892->10893,1,12773.919999999998,1277.1356414248576,0.019995986219184993,0,upstream boundary-facing singleton
2441->8364,1,22024.0,2190.435543718319,0.019891350742084264,0,upstream boundary-facing singleton
4900->6471;6471->4898;4898->4896,3,810703.4400000001,10056.267059353368,0.01984699521561841,0,upstream corridor extension
4716->6623;6623->4897,2,295341.83999999997,3606.8165054492065,0.019845060968520276,1,upstream corridor extension
12317->12318,1,5506.0,543.7523659944164,0.0197512664727358,0,downstream boundary-facing singleton
5795->8769,1,8809.6,861.4994984347574,0.019558197839510474,0,upstream boundary-facing singleton
10545->8484,1,16518.0,1614.967236064388,0.01955402876939567,0,downstream boundary-facing singleton
10629->2086,1,22024.0,2136.63242393475,0.01940276447452552,0,upstream boundary-facing singleton
9969->2315;2315->2313,2,395330.80000000005,4687.425906531301,0.019267578185442072,1,upstream corridor extension
10913->10907,1,22464.48,2163.91497755312,0.019265213150298784,0,downstream boundary-facing singleton
12241->10987,1,22024.0,2119.1109346445564,0.019243651785729718,0,downstream boundary-facing singleton
10358->1898,1,8369.12,805.2328468366918,0.019242951393615856,0,downstream boundary-facing singleton
11113->12535,1,11012.0,1055.3042561492566,0.019166441266786353,0,upstream boundary-facing singleton
11861->2058,1,5726.24,548.50568074892,0.01915762108290676,0,upstream boundary-facing singleton
6879->11862,1,5065.52,484.59807122074926,0.019133201377973013,0,upstream boundary-facing singleton
10569->5862,1,12553.679999999998,1198.235759332717,0.019089792942511154,0,downstream boundary-facing singleton
10547->4971,1,14315.6,1364.6017072140414,0.01906454088147254,0,downstream boundary-facing singleton
12185->4386,1,5506.0,523.9690620595792,0.01903265753939627,0,upstream boundary-facing singleton
6954->6955,1,11012.0,1047.5815749363992,0.01902618189132581,0,upstream boundary-facing singleton
8364->10636,1,44048.0,4172.011211929017,0.01894302221180992,0,upstream boundary-facing singleton
6866->6838,1,11232.24,1059.6988254463872,0.01886887789873413,0,downstream boundary-facing singleton
4532->10912,1,20041.84,1872.0615432450352,0.01868153366402521,0,upstream boundary-facing singleton
12368->4529,1,22904.96,2115.6110622817077,0.01847295138067657,0,upstream boundary-facing singleton
10840->12402,1,9690.56,894.6304684349257,0.018463958087766356,0,upstream boundary-facing singleton
3967->3308;3308->7510;7510->12203,3,461182.55999999994,5285.883702988618,0.018338538050488705,0,downstream corridor extension
12529->11187,1,5726.24,524.6791410929949,0.01832543313214238,0,downstream boundary-facing singleton
8772->5798,1,9250.08,840.1775544316145,0.01816584406689703,0,downstream boundary-facing singleton
12740->12656,1,42286.08,3814.1987472077217,0.018039973188376513,0,downstream boundary-facing singleton
10087->12735;12735->12736,2,418896.48,3832.0290576703273,0.017838432689759386,2,downstream corridor extension
5154->5152,1,4404.8,392.78604824457483,0.017834455514192462,0,downstream boundary-facing singleton
7592->10622,1,22024.0,1961.476363452885,0.017812171843923762,0,upstream boundary-facing singleton
11080->2753,1,6386.959999999999,566.3302241269704,0.017733952432048127,0,downstream boundary-facing singleton
4896->6622,1,185662.32,2622.473420866752,0.017656203887161593,1,downstream boundary-facing singleton
4532->10906,1,4404.8,385.27022462948815,0.017493199447397755,0,downstream boundary-facing singleton
5049->5046;5046->5042;5042->4900,3,510736.56,4461.774961502777,0.01747192314371533,1,two-sided corridor completion
2569->10883,1,4625.04,402.64920287599085,0.017411706833929688,0,upstream boundary-facing singleton
8366->10625,1,17619.2,1529.3391446761018,0.017359915826781033,0,upstream boundary-facing singleton
2425->6375,1,11012.0,952.9552254948213,0.017307577651558687,0,downstream boundary-facing singleton
7547->7554,1,22904.96,1981.145884328509,0.017298837320200596,0,upstream boundary-facing singleton
5190->5197,1,68714.88,944.1033280628818,0.017174288306675386,1,upstream boundary-facing singleton
12903->10445,1,20262.08,1733.6046395895269,0.017111813195777797,0,upstream boundary-facing singleton
7564->10622,1,13654.88,1162.5094523496605,0.017027018213996176,0,upstream boundary-facing singleton
8408->10565,1,21583.52,1835.971955105621,0.017012720400616962,0,downstream boundary-facing singleton
12884->10087;10087->12735,2,387181.92000000004,3369.9425542860345,0.016972352378586703,2,upstream corridor extension
5870->10571,1,22464.48,1898.632376780149,0.016903417099172997,0,downstream boundary-facing singleton
10907->10913,1,22464.48,1893.2612050745497,0.01685559786003994,0,upstream boundary-facing singleton
12917->1804,1,80167.36,1079.7908064642654,0.016836509373395002,1,downstream boundary-facing singleton
12152->2698,1,4845.28,81.51061533608086,0.016822684207327722,0,upstream boundary-facing singleton
8214->2456;2456->2454;2454->2448,3,554784.56,5830.244924687716,0.016814440328873508,0,upstream corridor extension
7905->7965,1,6607.2,552.3507849637806,0.016719662942359263,0,downstream boundary-facing singleton
9626->9625,1,22024.0,1831.3564945823675,0.01663055298385732,0,downstream boundary-facing singleton
2164->2159,1,232573.44,19338.001246993335,0.01662958697862777,0,downstream boundary-facing singleton
12660->10910,1,33036.0,2745.0119347027303,0.016618306905816265,0,downstream boundary-facing singleton
2146->2148;2148->2150;2150->12717,3,517123.52,4289.719336731468,0.016590695146612044,1,two-sided corridor completion
5046->5042;5042->4900;4900->6471,3,784054.4,6501.709484043647,0.016584842796733612,1,downstream corridor extension
12400->12406,1,13875.12,1148.1986015426642,0.01655046733351011,0,downstream boundary-facing singleton
12642->10910,1,34357.44,2840.045030951899,0.016532343684232,0,upstream boundary-facing singleton
6623->4897,1,191608.8,2527.6089013616875,0.016489384238626354,1,upstream boundary-facing singleton
3252->3967;3967->3308;3308->7510,3,466468.31999999995,3839.7980392151003,0.016463274673037178,1,two-sided corridor completion
10980->12235,1,7267.92,598.0847940662405,0.016458210714103638,0,downstream boundary-facing singleton
6255->12464,1,18500.16,1518.2152107845216,0.016412995463655683,0,downstream boundary-facing singleton
10895->7670,1,14976.320000000002,1227.4526656096837,0.016391912907973167,0,downstream boundary-facing singleton
12454->10839,1,28190.72,2305.2981850656097,0.016355014593920338,0,downstream boundary-facing singleton
8482->4972,1,22024.0,1799.0260866296505,0.01633696046703279,0,downstream boundary-facing singleton
8114->8109,1,6607.200000000001,539.337949773279,0.01632576431085116,0,upstream boundary-facing singleton
4353->8414,1,27089.52,2183.0498616962227,0.016117301906392014,0,downstream boundary-facing singleton
6550->10618,1,6607.2,530.6716270734926,0.016063434649276325,0,downstream boundary-facing singleton
2058->11861,1,5726.24,459.2118586978169,0.016038861755630813,0,downstream boundary-facing singleton
8278->12038,1,8809.6,700.8239806408836,0.015910460875428706,0,downstream boundary-facing singleton
10905->7483,1,9250.08,733.5107841251812,0.0158595554660107,0,upstream boundary-facing singleton
5049->5046;5046->5042,2,264067.76,2574.3694763420567,0.01584195813625958,1,upstream corridor extension
9116->10776,1,14315.6,1132.8402380275943,0.015826653972276318,0,upstream boundary-facing singleton
8371->10614,1,44048.0,3474.51871578116,0.01577605664630022,0,upstream boundary-facing singleton
12826->12825,1,19381.12,1525.9126992388583,0.01574638307011007,0,downstream boundary-facing singleton
12717->2165,1,232573.44,18160.075687215663,0.015616637641181784,0,upstream boundary-facing singleton
2584->10441,1,10571.52,823.279289549797,0.015575419420287659,0,upstream boundary-facing singleton
10865->10864,1,22024.0,1708.5978920113125,0.015515781801773635,0,upstream boundary-facing singleton
12307->3938,1,27750.24,2142.404022185892,0.015440616168983705,0,downstream boundary-facing singleton
4972->8486,1,24446.640000000003,1864.5690184697619,0.015254194592547374,0,downstream boundary-facing singleton
10087->12735,1,255037.92,2575.082870862685,0.015145294104868905,2,non-interior singleton
10923->12085,1,16297.76,1230.182965593741,0.01509634410610711,0,downstream boundary-facing singleton
7040->10122,1,17619.2,1326.8266687152818,0.015061145440375066,0,downstream boundary-facing singleton
12524->10865,1,23565.68,1774.0404319782485,0.015056136143563423,0,downstream boundary-facing singleton
10655->10656,1,21803.76,1640.0159738310094,0.015043423463026648,0,upstream boundary-facing singleton
8648->8649,1,8369.12,629.2297885603471,0.015036940289070941,0,downstream boundary-facing singleton
8891->10810,1,16297.76,1219.6796669305647,0.014967451563043813,0,downstream boundary-facing singleton
10806->8893,1,107036.64000000001,8009.3291168872165,0.014965583966176846,0,downstream boundary-facing singleton
12336->10543,1,6607.2,484.5455403045532,0.014667197611834158,0,upstream boundary-facing singleton
5518->5507,1,7488.160000000001,547.5319380211597,0.014623938004026614,0,downstream boundary-facing singleton
12661->12743,1,33036.0,2414.7881294029366,0.014619131428762179,0,upstream boundary-facing singleton
1959->1956,1,4404.8,321.08077038085605,0.014578676461172177,0,downstream boundary-facing singleton
8828->8357,1,18940.64,1375.0596450748583,0.014519674573560959,0,downstream boundary-facing singleton
8358->5167,1,22024.0,1597.5992925509179,0.014507803237839793,0,upstream boundary-facing singleton
4899->6470,1,176412.24,2037.3027577469031,0.014435667543157036,1,downstream boundary-facing singleton
4386->7895,1,5506.0,393.9162745628473,0.014308618763634122,0,downstream boundary-facing singleton
3938->12307,1,27750.24,1982.801187870262,0.01429033541958745,0,upstream boundary-facing singleton
2086->10629,1,22024.0,1572.929414810062,0.014283776015347457,0,downstream boundary-facing singleton
7592->10628,1,22024.0,1555.2502403975418,0.014123231387554867,0,downstream boundary-facing singleton
7965->7905,1,6607.2,466.50930842296793,0.014121240719910642,0,upstream boundary-facing singleton
8484->10545,1,16518.0,1159.943275134069,0.014044597107810497,0,upstream boundary-facing singleton
6262->8687,1,6166.72,425.64237850585164,0.013804498291015375,0,upstream boundary-facing singleton
10648->10649,1,22024.0,1517.6647254095558,0.013781917230381,0,downstream boundary-facing singleton
1960->1961,1,4404.8,302.57804785480675,0.013738560109644332,0,upstream boundary-facing singleton
10614->8371,1,44048.0,3020.957971277386,0.013716663509250755,0,downstream boundary-facing singleton
8972->10868,1,11012.0,755.1118270318173,0.013714344842568421,0,upstream boundary-facing singleton
6248->6543,1,82810.23999999999,5608.820387998892,0.013546200054483343,0,downstream boundary-facing singleton
10975->7522,1,32375.28,2191.201406534985,0.013536262275013436,0,downstream boundary-facing singleton
10845->10844,1,23125.2,1557.2263183594728,0.01346778681576352,0,downstream boundary-facing singleton
12305->10979,1,16738.24,1119.979058199755,0.013382279835869898,0,upstream boundary-facing singleton
11049->3950,1,33476.48,2239.346217923167,0.013378624144014943,0,downstream boundary-facing singleton
12656->12657,1,41845.6,2787.3765956170364,0.01332219681695106,0,downstream boundary-facing singleton
11193->10912,1,22244.24,1473.3918594527854,0.013247401209956246,0,upstream boundary-facing singleton
9969->2315,1,172888.40000000002,1808.9163952815386,0.013078642026312483,1,upstream boundary-facing singleton
12454->10846,1,22464.48,1469.0123710880746,0.013078534389294343,0,downstream boundary-facing singleton
8406->10572,1,21583.52,1400.5621270428069,0.012978069629446976,0,downstream boundary-facing singleton
7670->2087,1,16297.76,1054.2841868770129,0.01293778024559219,0,upstream boundary-facing singleton
12439->4503,1,47571.840000000004,3068.103207316091,0.012898820845761237,0,downstream boundary-facing singleton
12569->8319,1,9250.08,591.4639241147696,0.012788298568547941,0,downstream boundary-facing singleton
10643->8361,1,23345.440000000002,1487.1315660312814,0.012740231634368694,0,downstream boundary-facing singleton
12318->10811,1,22904.96,1456.4812629151913,0.012717605819134295,0,upstream boundary-facing singleton
8760->5614,1,12333.44,774.0244033021602,0.012551638525863995,0,downstream boundary-facing singleton
3252->3967;3967->3308,2,433432.31999999995,3330.94598091189,0.012488194740488715,1,upstream corridor extension
8406->10571,1,22024.0,1374.371356556603,0.012480669783478051,0,upstream boundary-facing singleton
5164->5166,1,22684.72,1414.646492007514,0.012472241156227753,0,downstream boundary-facing singleton
12315->10798,1,16738.24,1035.8031489583336,0.012376488196588573,0,downstream boundary-facing singleton
2159->2156,1,44048.0,2717.874498904096,0.012340512617617582,0,downstream boundary-facing singleton
5046->5042,1,257240.32,2518.0767266130733,0.012236013033518001,1,non-interior singleton
12438->12439,1,47571.840000000004,2909.3387199879307,0.012231348293393448,0,upstream boundary-facing singleton
4458->8531,1,11012.0,672.5706945209481,0.012215232374154526,0,upstream boundary-facing singleton
2146->2148;2148->2150,2,404360.64,3039.4169565786137,0.01221447407551894,1,upstream corridor extension
11862->6879,1,10131.04,616.051919665405,0.012161671845445383,0,downstream boundary-facing singleton
3966->12438,1,44048.0,2668.684455087604,0.012117165161131512,0,upstream boundary-facing singleton
4972->8482,1,22024.0,1331.504478521627,0.012091395555045653,0,upstream boundary-facing singleton
10864->10865,1,22024.0,1328.354118926882,0.012062787131555413,0,downstream boundary-facing singleton
7073->8872,1,24226.4,1453.8287947984325,0.012002020892897272,0,downstream boundary-facing singleton
10588->6806,1,18500.16,1110.1204535712886,0.012001198406622308,0,upstream boundary-facing singleton
8893->12358,1,5946.4800000000005,353.4197572361297,0.011886687829981089,0,downstream boundary-facing singleton
10794->12244,1,27309.76,1621.165477512299,0.011872425664028532,0,upstream boundary-facing singleton
12570->3164,1,33696.72,1955.1300241797528,0.011604274980946233,0,upstream boundary-facing singleton
12745->10915,1,34577.68,2002.3749131555555,0.011581892788385777,0,upstream boundary-facing singleton
12517->12524,1,16518.0,951.8082630146575,0.011524497675440823,0,downstream boundary-facing singleton
12244->10794,1,27309.76,1567.0424389299876,0.01147606159065468,0,downstream boundary-facing singleton
12555->11790,1,26428.8,1491.799971425534,0.011289199444738574,0,upstream boundary-facing singleton
12878->12796,1,173549.12,9769.650277986184,0.011258657235468766,0,downstream boundary-facing singleton
5128->5154,1,9690.56,538.7512313246264,0.011119093867116583,0,upstream boundary-facing singleton
12358->2446,1,13875.12,770.5849925231564,0.011107435359451398,0,upstream boundary-facing singleton
12238->12239,1,32155.04,1750.6903185644594,0.010889057009815316,0,downstream boundary-facing singleton
10557->4439,1,9690.56,527.2284011576746,0.01088127829883257,0,downstream boundary-facing singleton
12657->4551,1,26428.8,1435.8638274657387,0.010865902556799693,0,downstream boundary-facing singleton
12743->12740,1,72458.96,3889.943325635213,0.010736955997257519,0,upstream boundary-facing singleton
11038->12742,1,29732.4,1577.6089151466879,0.010612052273928023,0,downstream boundary-facing singleton
11050->10987,1,26428.8,1378.6170748149523,0.01043268763481469,0,downstream boundary-facing singleton
10441->2584,1,10571.52,549.1239551956835,0.010388741736206023,0,downstream boundary-facing singleton
10818->12355,1,34137.200000000004,1761.4273437069105,0.010319694314161153,0,downstream boundary-facing singleton
6543->6656,1,59024.32000000001,3039.921036111738,0.01030057114122361,0,downstream boundary-facing singleton
12367->12364,1,20922.8,1077.3727190296677,0.010298552000971836,0,upstream boundary-facing singleton
8107->8113,1,6607.200000000001,338.4671513611055,0.010245403540413653,0,downstream boundary-facing singleton
10900->10895,1,29952.640000000003,1521.666879176349,0.010160485881554007,0,upstream boundary-facing singleton
2122->12359,1,33036.0,1670.1014595741913,0.010110797067285335,0,upstream boundary-facing singleton
11107->11106,1,55060.0,2682.893117276123,0.009745343687890023,0,downstream boundary-facing singleton
4452->12452,1,11012.0,534.9929312832874,0.00971654433859948,0,upstream boundary-facing singleton
12743->12744,1,15416.8,743.602518463623,0.009646651944159918,0,upstream boundary-facing singleton
10644->8361,1,33036.0,1572.5797861285682,0.009520400690934546,0,upstream boundary-facing singleton
10616->8324,1,11452.48,537.6742732630821,0.009389656620453948,0,downstream boundary-facing singleton
10844->10843,1,23565.68,1101.3258072369117,0.009346862108260077,0,downstream boundary-facing singleton
10915->10911,1,44488.48,2066.563527527105,0.009290331013903396,0,upstream boundary-facing singleton
10630->10636,1,45369.44,2102.116525174771,0.009266662868991865,0,upstream boundary-facing singleton
8160->8132,1,33036.0,1524.4055955241981,0.009228754059354633,0,upstream boundary-facing singleton
12548->10867,1,22904.96,1036.7789215646783,0.009052876945121741,0,downstream boundary-facing singleton
4695->4560,1,89197.20000000001,4027.4907608129515,0.00903053181223839,0,downstream boundary-facing singleton
10649->7778,1,19601.36,882.5048681481284,0.009004526911889056,0,downstream boundary-facing singleton
7509->3277,1,33036.0,1459.290719307491,0.008834548488361127,0,upstream boundary-facing singleton
6213->8801,1,18940.64,835.3447027890626,0.008820659732607374,0,upstream boundary-facing singleton
8512->8511,1,6607.2,284.98097330752466,0.008626376477404185,0,downstream boundary-facing singleton
10834->10835,1,49333.76,2116.191990637634,0.008579082521330763,0,upstream boundary-facing singleton
6090->6248,1,92500.8,3944.1410079740695,0.008527798695738997,0,upstream boundary-facing singleton
12439->12438,1,47571.840000000004,2027.075169908903,0.008522164246364669,0,downstream boundary-facing singleton
12797->12877,1,173549.12,7348.756424061118,0.008468791341680234,0,upstream boundary-facing singleton
8064->2861,1,44928.96,1867.2806887535735,0.008312147393367546,0,upstream boundary-facing singleton
7962->7958,1,50214.719999999994,2059.0542018343936,0.008200998439638393,0,upstream boundary-facing singleton
8164->8161,1,28631.2,1171.1621628323971,0.008181020445055724,0,upstream boundary-facing singleton
12744->11041,1,63208.880000000005,2556.727194981659,0.008089772180686192,0,upstream boundary-facing singleton
2261->11039,1,30613.359999999997,195.93915509274785,0.008000557399316339,1,upstream boundary-facing singleton
12323->10539,1,11892.960000000001,474.30958118177136,0.007976308356906462,0,upstream boundary-facing singleton
10868->10874,1,15857.279999999999,628.6411892524162,0.007928739219493082,0,downstream boundary-facing singleton
11056->3956,1,14976.320000000002,588.0428521280361,0.007852968581441048,0,upstream boundary-facing singleton
12601->10013,1,18059.68,703.5572985864278,0.007791470265103566,0,downstream boundary-facing singleton
7109->10970,1,9910.800000000001,376.67635710583147,0.007601331014768363,0,upstream boundary-facing singleton
7036->7035,1,22024.0,831.9785405222639,0.007555199241938467,0,downstream boundary-facing singleton
4559->12808,1,3303.6,24.925408804454314,0.007544923357686861,0,upstream boundary-facing singleton
12355->3956,1,33036.0,1235.403009428172,0.007479131913235089,0,upstream boundary-facing singleton
7788->10650,1,42726.56,1587.050456070138,0.0074288707355337665,0,downstream boundary-facing singleton
7964->7962,1,62548.159999999996,2269.2970150600527,0.007256159142203553,0,downstream boundary-facing singleton
10867->12548,1,22904.96,825.5347472552728,0.007208349172015781,0,upstream boundary-facing singleton
12916->12878,1,171787.19999999998,6082.119395410916,0.00708099252495054,0,upstream boundary-facing singleton
8129->8159,1,33036.0,1144.4655411414317,0.0069285963260771995,0,downstream boundary-facing singleton
12382->12381,1,22024.0,725.7576000003522,0.0065906066109730505,0,downstream boundary-facing singleton
5173->5180,1,88096.0,2894.005768086268,0.0065701184346310115,0,downstream boundary-facing singleton
2167->10042,1,17619.2,569.5548843831377,0.006465161691599365,0,downstream boundary-facing singleton
4560->4565,1,9910.8,316.54309988090574,0.006387841544192311,0,downstream boundary-facing singleton
4503->3317,1,48893.280000000006,1554.1361645592442,0.006357258766682228,0,downstream boundary-facing singleton
3277->3974,1,304812.16,9449.805874029818,0.006200412656784966,0,upstream boundary-facing singleton
10650->7788,1,42726.56,1322.3900328433374,0.00619001404673504,0,downstream boundary-facing singleton
3183->12570,1,33696.72,993.5964464022652,0.005897288794887249,0,downstream boundary-facing singleton
12355->10818,1,34137.200000000004,997.0905231422034,0.005841665532862703,0,upstream boundary-facing singleton
10037->2166,1,17619.2,506.57284522575173,0.005750236619435068,0,upstream boundary-facing singleton
11106->9892,1,23345.440000000002,665.95205605423,0.005705200296539537,0,downstream boundary-facing singleton
12740->12743,1,72458.96,2048.839896937499,0.005655173347609458,0,upstream boundary-facing singleton
8511->8512,1,6607.2,185.39721167470753,0.005611975168746445,0,upstream boundary-facing singleton
11052->12352,1,4845.28,133.73655645674236,0.005520281860150182,0,downstream boundary-facing singleton
3317->4503,1,48893.280000000006,1331.7667997477279,0.005447647610255347,0,upstream boundary-facing singleton
2448->2348,1,46690.880000000005,1267.0006454466127,0.0054271868315466,0,downstream boundary-facing singleton
10095->10099,1,201739.84,5393.087588621582,0.005346576649036285,0,upstream boundary-facing singleton
10977->6983,1,11892.960000000001,310.76884719489163,0.0052260975769680825,0,upstream boundary-facing singleton
10099->5173,1,269573.76,7008.168146117499,0.005199443852485865,0,downstream boundary-facing singleton
6498->9011,1,4404.8,113.99123968127451,0.005175773686944902,0,upstream boundary-facing singleton
12803->11036,1,26428.8,133.85562403264154,0.00506476359246888,0,downstream boundary-facing singleton
12236->12151,1,110120.0,2763.9656055757832,0.0050199157384231445,0,downstream boundary-facing singleton
12381->12382,1,22024.0,520.7725682174926,0.004729137016141415,0,upstream boundary-facing singleton
3974->12236,1,128620.16,2981.630073930919,0.004636333952517116,0,downstream boundary-facing singleton
12796->12795,1,39643.200000000004,909.2773807932828,0.004587305670547699,0,downstream boundary-facing singleton
10160->12178,1,105715.2,2421.371000473661,0.0045809325441822195,0,downstream boundary-facing singleton
12178->12204,1,26428.8,605.3427501184152,0.0045809325441822195,0,upstream boundary-facing singleton
10091->10095,1,129501.12,2883.4198492561018,0.004453119554882772,0,upstream boundary-facing singleton
1803->12916,1,80167.36,1780.3393574914442,0.0044415566572017446,0,upstream boundary-facing singleton
5201->2445,1,62548.159999999996,1373.906012052653,0.004393114080582557,0,downstream boundary-facing singleton
3252->3967,1,128620.16,451.4659057032014,0.0043875888673206576,1,upstream boundary-facing singleton
12151->2132,1,96905.6,2090.454628347326,0.004314414498950166,0,downstream boundary-facing singleton
8218->5162,1,96024.64000000001,2064.219945456522,0.004299354718656632,0,downstream boundary-facing singleton
2146->2148,1,134786.88,463.2844884345239,0.004296453857698574,1,upstream boundary-facing singleton
12794->12797,1,39643.200000000004,832.1296362383873,0.004198095190289317,0,upstream boundary-facing singleton
10645->10644,1,44488.48,905.1324980039143,0.004069064611800242,0,upstream boundary-facing singleton
2439->12138,1,51756.399999999994,1024.520646396267,0.003959010465937613,0,upstream boundary-facing singleton
12877->12917,1,171787.19999999998,3378.5095959630844,0.003933365927104097,0,downstream boundary-facing singleton
2313->2311,1,146239.36,2693.03531555829,0.0036830512873665348,0,downstream boundary-facing singleton
11203->7049,1,26428.8,481.6694409575074,0.0036450345150556016,0,upstream boundary-facing singleton
12177->10157,1,105715.2,1902.352099020212,0.003599013385057612,0,upstream boundary-facing singleton
3099->7108,1,49554.0,851.8722840208754,0.0034381575009923542,0,upstream boundary-facing singleton
12329->5005,1,133905.92,2144.158268762886,0.0032024846530502703,0,upstream boundary-facing singleton
4036->11111,1,22024.0,348.49664917195264,0.00316469895724621,0,downstream boundary-facing singleton
12404->12410,1,19601.36,303.02742461247493,0.003091902037536936,0,downstream boundary-facing singleton
3308->7510,1,33036.0,508.85205830321064,0.00308059122353318,0,downstream boundary-facing singleton
7110->3094,1,49554.0,761.5648423770706,0.003073676564463295,0,downstream boundary-facing singleton
2311->2309,1,160334.72,2362.87573279518,0.002947428645268074,0,downstream boundary-facing singleton
5045->10091,1,140953.6,2021.2368809257282,0.0028679464461010265,0,upstream boundary-facing singleton
6471->4898,1,176412.24,2406.7709278341363,0.002728575894545794,0,upstream boundary-facing singleton
8180->8176,1,110120.0,1434.9791840759442,0.0026062099238575087,0,downstream boundary-facing singleton
2315->2313,1,222442.4,2878.509511249762,0.0025880942763158122,0,upstream boundary-facing singleton
2150->12717,1,112762.88,1250.3023801528536,0.0022175779479077754,0,upstream boundary-facing singleton
2156->2149,1,112762.88,1099.3744176001455,0.0019498870862470798,0,downstream boundary-facing singleton
10075->9223,1,44048.0,426.32777580321203,0.0019357418080421908,0,upstream boundary-facing singleton
10043->2169,1,465146.88,720.1038366223271,0.001935151743419001,1,upstream boundary-facing singleton
10306->10304,1,14315.6,132.19903556059322,0.001846922735485669,0,upstream boundary-facing singleton
8101->8112,1,76643.52,617.039735239998,0.0016101550013360505,0,downstream boundary-facing singleton
9223->10075,1,44048.0,343.76917408315137,0.001560884371972173,0,downstream boundary-facing singleton
2456->2454,1,306574.08,2055.602678820166,0.0013410153127232192,0,upstream boundary-facing singleton
5854->6090,1,101310.4,640.6241224803618,0.0012646759315536448,0,upstream boundary-facing singleton
8110->8102,1,76643.52,428.7183003058012,0.0011187333261984866,0,downstream boundary-facing singleton
2457->8217,1,135447.6,713.8518171768272,0.001054063441769108,0,upstream boundary-facing singleton
10304->10306,1,28631.2,123.0231918040195,0.0008593645519853831,0,downstream boundary-facing singleton
2852->8068,1,44928.96,164.94988332912686,0.0007342697597679843,0,downstream boundary-facing singleton
