road_component_id,source_init_node,source_term_node,edge_count,edge_indices,length_miles,lanes,lane_miles,max_flood_depth_mm,minimum_capacity_retention_ratio,contains_closed_edge,repair_cost_usd,baseline_component_flow_veh_per_period,same_flow_vehicle_min_saving,capacity_loss_proxy_vehicle_min,closed_link_proxy_vehicle_min,impact_score,impact_per_dollar,severity_index,boundary_end_count,interior_severe_segment,warmstart_singleton_score,checkpoint_status,checkpoint_stage,checkpoint_generation
4744->2560,4744,2560,1,"(7732,)",0.02,1,0.02,127.0,0.564,False,440.48,1550.9104251127937,30.123803374859573,28.979869086393347,0.0,32.442192901771044,0.07365190905778024,0.41585760821322243,0,True,0.014730381811556049,completed,completed,30
4428->6282,4428,6282,1,"(6760,)",0.03,1,0.03,127.0,0.564,False,660.72,5074.343158928512,508.7955977156069,159.29378044508385,0.0,521.5391001512136,0.7893496490967634,0.5100239386372465,0,True,0.1578699298193527,completed,completed,30
6282->4428,6282,4428,1,"(11036,)",0.03,1,0.03,127.0,0.564,False,660.72,5284.539777674325,603.9738171881909,165.89227270075241,0.0,617.245199004251,0.9342008702691776,0.5154373706592289,0,True,0.18684017405383554,completed,completed,30
6763->4305,6763,4305,1,"(12022,)",0.03,1,0.03,127.0,0.564,False,660.72,4678.2111406133035,404.32841872486574,131.1235751126186,0.0,414.8183047338752,0.6278276800064705,0.5023856813778294,0,True,0.1255655360012941,completed,completed,30
2815->2817,2815,2817,1,"(4247,)",0.04,1,0.04,127.0,0.564,False,880.96,5196.203553972731,869.9897512185885,169.91585621490833,0.0,883.5830197157811,1.0029774560885638,0.5258417428386624,0,True,0.20059549121771278,completed,completed,30
7048->2846,7048,2846,1,"(12485,)",0.04,1,0.04,177.8,0.509,False,880.96,2251.896668500153,319.6512368582085,106.1454013664232,0.0,328.14286896752236,0.3724832784320768,0.5406244591420202,0,True,0.07449665568641536,completed,completed,30
10802->10808,10802,10808,1,"(21165,)",0.05,1,0.05,88.9,0.637,False,1101.2,5067.249928377233,428.51572983180506,141.49320953853353,0.0,439.8351865948877,0.39941444478286203,0.45403320640813216,0,True,0.07988288895657242,completed,completed,30
12331->8481,12331,8481,1,"(25830,)",0.05,1,0.05,127.0,0.564,False,1101.2,3636.785502162574,389.47264953745025,132.13653991190685,0.0,400.0435727304028,0.3632796701147864,0.4985716015754037,0,True,0.07265593402295728,completed,completed,30
5797->8771,5797,8771,1,"(10249,)",0.05,1,0.05,127.0,0.564,False,1101.2,4361.596043040879,525.2190550143937,203.74884372490965,0.0,541.5189625123865,0.49175350754848024,0.5094831496992254,0,True,0.09835070150969605,completed,completed,30
6377->2425,6377,2425,1,"(11254,)",0.05,1,0.05,127.0,0.564,False,1101.2,4249.330765747775,540.5101003831177,173.69139504994035,0.0,554.4054119871129,0.5034556955930919,0.5098927656780268,0,True,0.10069113911861838,completed,completed,30
8080->8078,8080,8078,1,"(15032,)",0.05,1,0.05,127.0,0.564,False,1101.2,2478.571735431773,154.13671460410922,108.06572766482532,0.0,162.78197281729524,0.14782235090564405,0.46792375748972315,0,True,0.029564470181128812,completed,completed,30
8771->5797,8771,5797,1,"(15976,)",0.05,1,0.05,127.0,0.564,False,1101.2,4699.652062077878,685.354174424198,219.54088918563804,0.0,702.917445559049,0.6383195110416355,0.5179945340796892,0,True,0.1276639022083271,completed,completed,30
2426->6377,2426,6377,1,"(3223,)",0.06,1,0.06,127.0,0.564,False,1321.44,4559.626390614657,757.997477400249,246.7858476796126,0.0,777.740345214618,0.58855517103661,0.5206505414102479,0,True,0.11771103420732201,completed,completed,30
2812->6916,2812,6916,1,"(4239,)",0.06,1,0.06,127.0,0.564,False,1321.44,4523.160121162802,736.9319975268545,244.81214228197013,0.0,756.5169689094121,0.572494376520623,0.5197463130799314,0,True,0.1144988753041246,completed,completed,30
4332->2812,4332,2812,1,"(6474,)",0.06,1,0.06,127.0,0.564,False,1321.44,3362.8733498355,310.56926620306626,182.0126210310966,0.0,325.130275885554,0.24604240516826642,0.49160659926690853,0,True,0.04920848103365329,completed,completed,30
6377->2426,6377,2426,1,"(11255,)",0.06,1,0.06,127.0,0.564,False,1321.44,3663.210352566785,384.7140305417517,198.26810239271813,0.0,400.5754787331691,0.3031355784092877,0.49868968667337044,0,True,0.06062711568185754,completed,completed,30
8014->5947,8014,5947,1,"(14954,)",0.06,1,0.06,127.0,0.564,False,1321.44,3652.5538736386875,438.0949374886392,173.72874424434195,0.0,451.9932370281865,0.34204597789395397,0.5022189712536999,0,True,0.0684091955787908,completed,completed,30
8476->8475,8476,8475,1,"(15521,)",0.06,1,0.06,127.0,0.564,False,1321.44,2603.6141087121555,219.15339491433608,127.70727203233122,0.0,229.36997667692256,0.17357577845147912,0.4785434242039743,0,True,0.034715155690295825,completed,completed,30
8756->10347,8756,10347,1,"(15938,)",0.06,1,0.06,127.0,0.564,False,1321.44,5506.362228288662,1566.5271355450884,298.0271087421339,0.0,1590.369304244459,1.2035123079704406,0.5438303889267985,0,True,0.24070246159408815,completed,completed,30
12326->12325,12326,12325,1,"(25813,)",0.07,1,0.07,88.9,0.637,False,1541.68,4392.687489461924,362.47531342531863,176.2392459587803,0.0,376.57445310202104,0.2442623975805751,0.4478976018625608,0,True,0.04885247951611502,completed,completed,30
12335->2745,12335,2745,1,"(25845,)",0.07,1,0.07,127.0,0.564,False,1541.68,4849.86977029517,1079.8065895688753,317.18148297730414,0.0,1105.1811082070597,0.7168680324107853,0.5316973430699139,0,True,0.14337360648215708,completed,completed,30
10444->12903,10444,12903,1,"(19554,)",0.08,1,0.08,88.9,0.637,False,1761.92,3472.1252478195556,72.76294750316112,252.07629299169977,0.0,92.9290509424971,0.052743059243607594,0.4042141784862966,0,True,0.01054861184872152,completed,completed,30
10827->12400,10827,12400,1,"(21279,)",0.08,1,0.08,63.5,0.637,False,1761.92,7540.305406557198,2635.963032450022,410.56962938703947,0.0,2668.808602800985,1.514716106747744,0.4946668129953595,0,True,0.3029432213495488,completed,completed,30
12400->10827,12400,10827,1,"(26028,)",0.08,1,0.08,63.5,0.637,False,1761.92,8043.864472002769,3641.81899003749,437.9884205005508,0.0,3676.858063677534,2.0868473390832354,0.5048392453623796,0,True,0.4173694678166471,completed,completed,30
9223->8361,9223,8361,1,"(17208,)",0.04,2,0.08,88.9,0.637,False,1761.92,3901.065111937482,46.55432959880265,106.20649767249795,0.0,55.05084941260249,0.03124480646828601,0.3902242609548906,0,False,0.03124480646828601,completed,completed,30
12587->10882,12587,10882,1,"(26665,)",0.09,1,0.09,127.0,0.564,False,1982.1599999999999,3041.142626398587,485.8241378517879,198.8907277664676,0.0,501.7353960731053,0.2531255781940435,0.5033017092312888,0,True,0.050625115638808706,completed,completed,30
4305->8758,4305,8758,1,"(6405,)",0.09,1,0.09,127.0,0.564,False,1982.1599999999999,4685.169703993149,1219.6501556010364,393.9558411100525,0.0,1251.1666228898407,0.6312137379877714,0.5349846376613433,0,True,0.12624274759755427,completed,completed,30
4403->4402,4403,4402,1,"(6679,)",0.09,1,0.09,127.0,0.564,False,1982.1599999999999,2301.1510323191605,219.73321590412522,193.4939282318654,0.0,235.21273016267446,0.11866485559322884,0.4779378868985025,0,True,0.02373297111864577,completed,completed,30
8758->4305,8758,4305,1,"(15942,)",0.09,1,0.09,127.0,0.564,False,1982.1599999999999,3533.8538096039315,501.63139406098657,297.1466217618391,0.0,525.4031238019337,0.2650659501765416,0.506297997523782,0,True,0.05301319003530833,completed,completed,30
10627->7587,10627,7587,1,"(20369,)",0.1,1,0.1,127.0,0.564,False,2202.4,5571.346170447567,2694.466486641688,520.5229136389584,0.0,2736.1083197328044,1.2423303304271722,0.5599870776467805,0,True,0.24846606608543445,completed,completed,30
12146->12149,12146,12149,1,"(25254,)",0.05,2,0.1,63.5,0.637,False,2202.4,9624.326836039352,362.3482812758426,291.13588679019045,0.0,385.63915221905785,0.1750995060929249,0.4402155807499497,0,True,0.03501990121858498,completed,completed,30
12336->2745,12336,2745,1,"(25849,)",0.1,1,0.1,127.0,0.564,False,2202.4,3182.172648402081,519.7814214262166,260.1426140068702,0.0,540.5928305467662,0.24545624343750735,0.5059962827090126,0,True,0.049091248687501476,completed,completed,30
2817->2818,2817,2818,1,"(4256,)",0.05,2,0.1,127.0,0.564,False,2202.4,5901.542785564709,449.85387003299263,241.2255613599575,0.0,469.15191494178924,0.21301848662449566,0.5085476231833314,0,True,0.04260369732489913,completed,completed,30
8726->8723,8726,8723,1,"(15857,)",0.1,1,0.1,127.0,0.564,False,2202.4,3098.151172180391,328.13765235771945,324.1905386569561,0.0,354.07289545027595,0.16076684319391388,0.49322606378620554,0,True,0.03215336863878278,completed,completed,30
8751->6215,8751,6215,1,"(15919,)",0.05,2,0.1,127.0,0.564,False,2202.4,6618.974024725664,473.90772089919125,309.20064372647033,0.0,498.64377239730885,0.2264092682515932,0.5115964510375327,0,True,0.04528185365031864,completed,completed,30
8872->10604,8872,10604,1,"(16198,)",0.1,1,0.1,127.0,0.564,False,2202.4,3838.715671868069,700.2492530656268,358.6457213431025,0.0,728.9409107730751,0.3309757132097144,0.5168618946060098,0,True,0.06619514264194289,completed,completed,30
4468->10833,4468,10833,1,"(6889,)",0.11,1,0.11,63.5,0.637,False,2422.64,3807.203205016451,135.93132951678842,325.76062280637194,0.0,161.99217934129817,0.06686597238603266,0.4045755318972725,1,False,0.08358246548254082,completed,completed,30
7462->7461,7462,7461,1,"(13400,)",0.11,1,0.11,127.0,0.564,False,2422.64,4033.0778145702698,894.1998115802228,414.4851685431218,0.0,927.3586250636725,0.38278845600818634,0.524507293308099,0,True,0.07655769120163727,completed,completed,30
10590->9635,10590,9635,1,"(20196,)",0.12,1,0.12,177.8,0.509,False,2642.88,1358.136669660261,578.0256443744572,171.4744555208198,0.0,591.7436008161228,0.2239010476510938,0.5525019678720323,0,True,0.044780209530218766,completed,completed,30
12498->8958,12498,8958,1,"(26355,)",0.12,1,0.12,88.9,0.637,False,2642.88,4503.853102328759,349.03554658443693,420.40251672308733,0.0,382.6677479222839,0.14479194966184009,0.4486431957186689,0,True,0.028958389932368017,completed,completed,30
2040->7167,2040,7167,1,"(2215,)",0.12,1,0.12,127.0,0.564,False,2642.88,4278.832482398893,1325.3690932936486,419.75346652333144,0.0,1358.9493706155151,0.5141926120805769,0.5364363140980257,0,True,0.10283852241611538,completed,completed,30
4454->12453,4454,12453,1,"(6848,)",0.12,1,0.12,88.9,0.637,False,2642.88,3031.0763163509755,53.12270939436295,316.8808424165964,0.0,78.47317678769066,0.029692296580885496,0.39779401528990443,0,False,0.029692296580885496,completed,completed,30
7138->8751,7138,8751,1,"(12730,)",0.06,2,0.12,127.0,0.564,False,2642.88,4895.915638905864,400.08482868564556,240.14466208833264,0.0,419.2964016527122,0.15865132039771468,0.5031980912590752,0,True,0.031730264079542936,completed,completed,30
7462->10374,7462,10374,1,"(13402,)",0.12,1,0.12,127.0,0.564,False,2642.88,3401.214194983325,805.337657305855,296.58587780254595,0.0,829.0645275300587,0.31369737843945195,0.5193422018094546,0,True,0.06273947568789039,completed,completed,30
8324->2050,8324,2050,1,"(15277,)",0.12,1,0.12,127.0,0.564,False,2642.88,3491.582650364641,648.4478662942189,391.4562948580243,0.0,679.7643698828608,0.25720591547208377,0.5137673021684662,0,True,0.051441183094416754,completed,completed,30
8811->6391,8811,6391,1,"(16111,)",0.06,2,0.12,177.8,0.509,False,2642.88,3117.84521880597,719.0903834677218,172.22197527379475,0.0,732.8681414896254,0.277299060679874,0.5678701254518626,0,True,0.0554598121359748,completed,completed,30
10350->6913,10350,6913,1,"(19131,)",0.13,1,0.13,127.0,0.564,False,2863.12,3698.962087516789,979.3632221101155,381.1948565826393,0.0,1009.8588106367267,0.35271270873617827,0.526081090323807,0,True,0.07054254174723566,completed,completed,30
5152->5128,5152,5128,1,"(8971,)",0.13,1,0.13,127.0,0.564,False,2863.12,4006.5507160202333,1075.2379745056485,469.8440577600556,0.0,1112.825499126453,0.3886758148895097,0.5298187477709488,0,True,0.07773516297790195,completed,completed,30
6913->10350,6913,10350,1,"(12239,)",0.13,1,0.13,127.0,0.564,False,2863.12,3705.699999524546,983.836878996927,381.8892290419115,0.0,1014.3880173202799,0.3542946217134734,0.5262330611314392,0,True,0.07085892434269468,completed,completed,30
2745->10542,2745,10542,1,"(4055,)",0.14,1,0.14,127.0,0.564,False,3083.36,4896.384993007774,2049.2296816175194,717.300815935667,0.0,2106.6137468923725,0.683220171141992,0.550854887137505,0,True,0.1366440342283984,completed,completed,30
7561->7560,7561,7560,1,"(13703,)",0.14,1,0.14,127.0,0.564,False,3083.36,3657.8881625837384,855.3952130961561,478.451771665953,0.0,893.6713548294324,0.289836851625964,0.5223505384513447,0,True,0.05796737032519281,completed,completed,30
10122->10121,10122,10121,1,"(18615,)",0.15,1,0.15,177.8,0.509,False,3303.6,906.589846361838,443.01392779528913,160.2488212429185,0.0,455.8338334947226,0.13798094003351574,0.5404015705875242,0,True,0.02759618800670315,completed,completed,30
10543->12336,10543,12336,1,"(19969,)",0.15,1,0.15,127.0,0.564,False,3303.6,3309.040200825528,845.8535132436458,405.77105462623035,0.0,878.3151976137442,0.2658660847601841,0.5207463968336252,0,True,0.05317321695203682,completed,completed,30
10883->2568,10883,2568,1,"(21533,)",0.15,1,0.15,127.0,0.564,False,3303.6,1666.1515370819495,363.79497033706235,181.61051754193252,0.0,378.32381174041694,0.11451864987904618,0.4884190694285946,0,True,0.022903729975809237,completed,completed,30
2568->12590,2568,12590,1,"(3603,)",0.15,1,0.15,127.0,0.564,False,3303.6,1741.3775056671602,381.816069354504,189.8101481177205,0.0,397.00088120392167,0.1201722003886432,0.49032085583451157,0,True,0.02403444007772864,completed,completed,30
2847->7045,2847,7045,1,"(4351,)",0.15,1,0.15,228.6,0.463,False,3303.6,477.0424777577837,757.8733961834865,82.34093910726315,0.0,764.4606713120676,0.23140230999880967,0.5986345975407049,0,True,0.046280461999761935,completed,completed,30
7045->2847,7045,2847,1,"(12473,)",0.15,1,0.15,228.6,0.463,False,3303.6,564.1013338804742,896.346598712255,97.36791952301184,0.0,904.1360322740959,0.27368205360034387,0.6054125743072539,0,True,0.054736410720068775,completed,completed,30
8099->8105,8099,8105,1,"(15055,)",0.05,3,0.15000000000000002,127.0,0.564,False,3303.6000000000004,4609.005637912579,451.70413237794315,115.93421873826257,0.0,460.9788698770042,0.13953834298250517,0.505334681863411,0,True,0.027907668596501036,completed,completed,30
8103->8100,8103,8100,1,"(15061,)",0.05,3,0.15000000000000002,107.95,0.564,False,3303.6000000000004,8046.961466577438,636.4040230246902,202.41203073621713,0.0,652.5969854835876,0.19754116281740752,0.5089648121011392,0,True,0.03950823256348151,completed,completed,30
10120->7036,10120,7036,1,"(18606,)",0.16,1,0.16,177.8,0.509,False,3523.84,1153.45398387372,651.0385373340864,194.1757392281131,0.0,666.5725964723355,0.18916085760770507,0.5542363084434653,0,True,0.037832171521541016,completed,completed,30
7560->4378,7560,4378,1,"(13698,)",0.08,2,0.16,127.0,0.564,False,3523.84,5230.698580715632,325.1913848172099,456.11691623840306,0.0,361.68073811628216,0.10263824070226858,0.49956132801871517,0,True,0.020527648140453717,completed,completed,30
8081->2863,8081,2863,1,"(15034,)",0.16,1,0.16,127.0,0.564,False,3523.84,4720.378003894329,2344.716203703584,658.5871391033368,0.0,2397.403174831851,0.6803382602024641,0.5542759513732924,0,True,0.13606765204049284,completed,completed,30
8757->8758,8757,8758,1,"(15939,)",0.16,1,0.16,127.0,0.564,False,3523.84,4501.573421188687,1876.3259093278625,672.9209182759774,0.0,1930.1595827899407,0.5477432524717185,0.5473541917652218,0,True,0.1095486504943437,completed,completed,30
8758->8757,8758,8757,1,"(15944,)",0.16,1,0.16,127.0,0.564,False,3523.84,4001.9802969392517,1269.7803563829139,598.238883245319,0.0,1317.6394670425393,0.3739214797046799,0.534795474171098,0,True,0.07478429594093598,completed,completed,30
10566->4430,10566,4430,1,"(20075,)",0.17,1,0.17,127.0,0.564,False,3744.0800000000004,4411.250733208556,1915.204395728085,676.4729055422446,0.0,1969.3222281714645,0.525982945923021,0.547726653534688,0,True,0.1051965891846042,completed,completed,30
5083->5084,5083,5084,1,"(8786,)",0.17,1,0.17,127.0,0.564,False,3744.0800000000004,3221.31822679877,757.0350557873704,511.63737207926755,0.0,797.9660455537119,0.2131274026072391,0.5176212940203285,0,True,0.04262548052144782,completed,completed,30
5885->5896,5885,5896,1,"(10449,)",0.17,1,0.17,127.0,0.564,False,3744.0800000000004,4018.1129343291555,1183.896765625927,714.774073661945,0.0,1241.0786915188826,0.33147761039264184,0.5330714171997237,0,True,0.06629552207852837,completed,completed,30
7451->8696,7451,8696,1,"(13372,)",0.17,1,0.17,228.6,0.463,False,3744.0800000000004,577.7974097025608,983.1576732166008,143.8557969047639,0.0,994.6661369689818,0.2656636976156978,0.6084912049732536,0,True,0.053132739523139565,completed,completed,30
7513->8082,7513,8082,1,"(13554,)",0.17,1,0.17,127.0,0.564,False,3744.0800000000004,3991.274090615202,1438.4722733631693,591.6664711927978,0.0,1485.805591058593,0.39684130442153825,0.5383139463281845,0,True,0.07936826088430765,completed,completed,30
10850->12502,10850,12502,1,"(21385,)",0.18,1,0.18,88.9,0.637,False,3964.3199999999997,4726.444172678018,665.0110355126567,661.7697048059607,0.0,717.9526118971336,0.18110359706005913,0.4677311600775754,0,True,0.036220719412011826,completed,completed,30
10560->8726,10560,8726,1,"(20046,)",0.19,1,0.19,127.0,0.564,False,4184.56,3003.689079560827,579.9553605601399,597.1814480419654,0.0,627.7298764034971,0.15001096325623173,0.5097766365958684,0,True,0.030002192651246345,completed,completed,30
12491->7471,12491,7471,1,"(26339,)",0.19,1,0.19,127.0,0.564,False,4184.56,3244.9304790091246,860.2426056749954,576.0215161738198,0.0,906.324326968901,0.21658772414994668,0.5214599567220991,0,True,0.04331754482998934,completed,completed,30
12491->7473,12491,7473,1,"(26340,)",0.19,1,0.19,127.0,0.564,False,4184.56,3660.9804245328123,1163.5765282605785,649.8763250749247,0.0,1215.5666342665725,0.2904885183308573,0.5314434460197711,0,True,0.058097703666171466,completed,completed,30
2450->6305,2450,6305,1,"(3284,)",0.19,1,0.19,127.0,0.564,False,4184.56,4410.0142434618465,1846.201054674352,876.7813918281106,0.0,1916.343566020601,0.45795581041270783,0.5469179883388455,0,True,0.09159116208254157,completed,completed,30
2825->2847,2825,2847,1,"(4280,)",0.19,1,0.19,228.6,0.463,False,4184.56,673.5176945759325,1417.057360121304,114.5316839626373,0.0,1426.219894838315,0.3408291181960146,0.6208023151904165,0,True,0.06816582363920291,completed,completed,30
5344->5335,5344,5335,1,"(9462,)",0.19,1,0.19,127.0,0.564,False,4184.56,4465.317365176299,1641.6025569978865,1008.8369741760126,0.0,1722.3095149319674,0.41158676537843103,0.5439003068491445,0,True,0.08231735307568622,completed,completed,30
5803->5805,5803,5805,1,"(10269,)",0.19,1,0.19,127.0,0.564,False,4184.56,3496.400111644631,1030.329435609725,620.6609683899457,0.0,1079.9823130809204,0.2580874245036325,0.5274496097116523,0,True,0.0516174849007265,completed,completed,30
5884->5885,5884,5885,1,"(10444,)",0.19,1,0.19,127.0,0.564,False,4184.56,3528.5654855274474,878.7013741255179,701.5352755706251,0.0,934.8241961711678,0.22339844479973228,0.5232874133020009,0,True,0.04467968895994646,completed,completed,30
6133->8648,6133,8648,1,"(10835,)",0.19,1,0.19,127.0,0.564,False,4184.56,3151.01314707569,649.5448537200284,626.4718298490005,0.0,699.6626001079485,0.16720099606839153,0.513500231799681,0,True,0.03344019921367831,completed,completed,30
6305->2450,6305,2450,1,"(11059,)",0.19,1,0.19,127.0,0.564,False,4184.56,3747.895959337701,1053.75563936316,745.1416830516844,0.0,1113.3669740072949,0.2660654821551835,0.5291057060527031,0,True,0.0532130964310367,completed,completed,30
6916->2815,6916,2815,1,"(12249,)",0.19,1,0.19,127.0,0.564,False,4184.56,4639.540235201395,2483.929376361127,823.5846708944649,0.0,2549.816150032684,0.609339130047767,0.5559086575548132,0,True,0.1218678260095534,completed,completed,30
8695->7451,8695,7451,1,"(15827,)",0.19,1,0.19,228.6,0.463,False,4184.56,665.6309932444365,1400.4171492707164,113.1905504012164,0.0,1409.4723933028138,0.33682690493213474,0.6203252079685846,0,True,0.06736538098642696,completed,completed,30
8811->6389,8811,6389,1,"(16110,)",0.19,1,0.19,177.8,0.509,False,4184.56,3012.4881477712934,2711.89991152874,526.9406611979699,0.0,2754.055164424578,0.6581468934426983,0.6065949084249999,0,True,0.13162937868853966,completed,completed,30
8818->6434,8818,6434,1,"(16115,)",0.19,1,0.19,152.4,0.509,False,4184.56,3450.198586624124,1883.8685340428017,772.4856627507949,0.0,1945.6673870628654,0.4649634339244425,0.5808746341861006,0,True,0.0929926867848885,completed,completed,30
8993->8992,8993,8992,1,"(16572,)",0.19,1,0.19,127.0,0.564,False,4184.56,2781.486129921626,491.5188694080832,553.003946406498,0.0,535.7591851206031,0.1280323821669669,0.504264547992163,0,True,0.025606476433393383,completed,completed,30
9004->8997,9004,8997,1,"(16612,)",0.19,1,0.19,177.8,0.509,False,4184.56,2526.667322891774,1787.5082975291716,565.7107069261766,0.0,1832.7651540832658,0.43798276379912476,0.5926466997444734,0,True,0.08759655275982496,completed,completed,30
10888->2569,10888,2569,1,"(21557,)",0.2,1,0.2,127.0,0.564,False,4404.8,1059.1893173723552,302.75242459607585,153.9355141247823,0.0,315.06726572605845,0.0715281660293449,0.4780916386844736,0,True,0.014305633205868981,completed,completed,30
10905->10906,10905,10906,1,"(21631,)",0.2,1,0.2,127.0,0.564,False,4404.8,2931.5405536900334,1064.5691215972895,403.62684676069097,0.0,1096.8592693381447,0.249014545345565,0.5259870064444131,0,True,0.049802909069113,completed,completed,30
10906->10905,10906,10905,1,"(21635,)",0.2,1,0.2,127.0,0.564,False,4404.8,2902.1231559910543,1046.9099715976238,399.5765355827683,0.0,1078.8760944442452,0.24493191392214064,0.5253889326710305,0,True,0.04898638278442813,completed,completed,30
2061->2877,2061,2877,1,"(2264,)",0.2,1,0.2,127.0,0.564,False,4404.8,1942.993658974394,576.0940635104862,282.38174510427865,0.0,598.6846031188285,0.13591641007964686,0.5036313687815375,0,True,0.027183282015929372,completed,completed,30
4532->10906,4532,10906,1,"(7049,)",0.1,2,0.2,127.0,0.564,False,4404.8,2579.6525433143747,370.27384451102057,187.45475148084458,0.0,385.27022462948815,0.08746599723698877,0.4937190453623407,0,True,0.017493199447397755,completed,completed,30
5926->5930,5926,5930,1,"(10503,)",0.2,1,0.2,127.0,0.564,False,4404.8,4169.80761160117,1299.658443804763,991.6560647226056,0.0,1378.9909289825714,0.3130655033106092,0.5365873803815921,0,True,0.06261310066212183,completed,completed,30
5933->5947,5933,5947,1,"(10511,)",0.2,1,0.2,127.0,0.564,False,4404.8,3185.476666220111,702.3803381635846,666.656556706545,0.0,755.7128627001082,0.17156576069290505,0.515893396776085,0,True,0.034313152138581014,completed,completed,30
6389->10344,6389,10344,1,"(11298,)",0.2,1,0.2,177.8,0.509,False,4404.8,2275.124423710248,1620.438960556012,536.2013241800312,0.0,1663.3350664904144,0.37761874920323607,0.5886384729006459,0,True,0.07552374984064722,completed,completed,30
6468->6463,6468,6463,1,"(11509,)",0.2,1,0.2,127.0,0.564,False,4404.8,3248.075844700372,907.5249548262105,606.9261721240124,0.0,956.0790485961315,0.21705390678263065,0.5230484297131626,0,True,0.04341078135652613,completed,completed,30
6498->9011,6498,9011,1,"(11583,)",0.1,2,0.2,127.0,0.564,False,4404.8,1114.3415845121474,105.66233229532085,104.11134232442063,0.0,113.99123968127451,0.025878868434724506,0.4487598137096605,0,True,0.005175773686944902,completed,completed,30
7562->7564,7562,7564,1,"(13708,)",0.2,1,0.2,152.4,0.509,False,4404.8,3082.438430185888,1445.2524808442893,756.7386346106355,0.0,1505.7915716131401,0.34185242726415277,0.5720756371123082,0,True,0.06837048545283056,completed,completed,30
10585->2450,10585,2450,1,"(20169,)",0.21,1,0.21,127.0,0.564,False,4625.04,4120.6001350768465,1595.3817815706568,905.4771560823267,0.0,1667.819954057243,0.3606066010363679,0.5420749322982586,0,True,0.07212132020727358,completed,completed,30
10630->10624,10630,10624,1,"(20383,)",0.21,1,0.21,177.8,0.509,False,4625.04,1894.7777848789262,1562.015431847724,366.3197576228739,0.0,1591.3210124575537,0.344066432389245,0.5853376136880749,0,True,0.068813286477849,completed,completed,30
10643->7778,10643,7778,1,"(20441,)",0.21,1,0.21,107.95,0.564,False,4625.04,3162.664768759009,712.9643173368727,526.4974295046816,0.0,755.0841116972472,0.16326001757763114,0.5030904961066754,0,True,0.03265200351552623,completed,completed,30
2450->10585,2450,10585,1,"(3286,)",0.21,1,0.21,127.0,0.564,False,4625.04,4300.770703399358,1859.565449948692,945.0685574477887,0.0,1935.1709345445151,0.4184117185028703,0.5469333909481635,0,True,0.08368234370057406,completed,completed,30
2569->10883,2569,10883,1,"(3605,)",0.21,1,0.21,127.0,0.564,False,4625.04,1283.993018773021,386.9742161028098,195.93733466476303,0.0,402.64920287599085,0.08705853416964844,0.48741756617110427,0,True,0.017411706833929688,completed,completed,30
12152->2698,12152,2698,1,"(25266,)",0.11,2,0.22,63.5,0.637,False,4845.28,5316.616865878887,45.11761337244475,454.91252454545145,0.0,81.51061533608086,0.016822684207327722,0.388094092901704,0,False,0.016822684207327722,completed,completed,30
12460->10846,12460,10846,1,"(26229,)",0.22,1,0.22,127.0,0.564,False,4845.28,3641.4673617654107,847.9471104564273,952.6078618378315,0.0,924.1557394034538,0.1907331958944486,0.5232918138538754,0,True,0.03814663917888972,completed,completed,30
12323->12322,12323,12322,1,"(25801,)",0.23,1,0.23,88.9,0.637,False,5065.52,5916.901116245431,2597.838735403349,1058.5758732757095,0.0,2682.5248052654056,0.5295655342917224,0.50910867714926,0,True,0.10591310685834449,completed,completed,30
5798->5803,5798,5803,1,"(10251,)",0.23,1,0.23,127.0,0.564,False,5065.52,2681.0544607562124,713.0495860732882,576.1203028384994,0.0,759.1392103003682,0.1498640238910059,0.5141480566543151,0,True,0.02997280477820118,completed,completed,30
6287->6286,6287,6286,1,"(11048,)",0.23,1,0.23,127.0,0.564,False,5065.52,4324.172423040173,2077.610377440482,1040.707225397925,0.0,2160.866955472316,0.42658344167475715,0.5502514566277401,0,True,0.08531668833495143,completed,completed,30
7470->2040,7470,2040,1,"(13431,)",0.23,1,0.23,127.0,0.564,False,5065.52,3002.730486858994,881.181885724644,645.2438854761856,0.0,932.8013965627388,0.18414721421744237,0.5214646576625653,0,True,0.03682944284348848,completed,completed,30
10597->12185,10597,12185,1,"(20231,)",0.24,1,0.24,177.8,0.509,False,5285.76,2206.80041776278,1867.1983293809462,624.1184669499983,0.0,1917.127806736946,0.36269671849212715,0.5925009900596089,0,True,0.07253934369842543,completed,completed,30
12149->12152,12149,12152,1,"(25261,)",0.12,2,0.24,63.5,0.637,False,5285.76,7546.929579461709,299.6639205352144,547.90708746892,0.0,343.496487532728,0.06498525993097076,0.43415382439844574,0,True,0.012997051986194153,completed,completed,30
1909->2454,1909,2454,1,"(1789,)",0.24,1,0.24,127.0,0.564,False,5285.76,2554.344575197008,774.4874576815913,534.5732326972299,0.0,817.2533162973697,0.15461415506897203,0.5157978674859773,0,True,0.030922831013794408,completed,completed,30
2446->12359,2446,12359,1,"(3273,)",0.24,1,0.24,88.9,0.637,False,5285.76,4017.5652379173953,825.4489148201526,600.0176289040517,0.0,873.4503251324767,0.16524592965486073,0.47174713017130504,0,True,0.03304918593097215,completed,completed,30
4304->4053,4304,4053,1,"(6401,)",0.24,1,0.24,127.0,0.564,False,5285.76,1750.7831588772303,550.8008775380772,333.09445408166073,0.0,577.44843386461,0.10924605617065664,0.5014306504852784,0,True,0.02184921123413133,completed,completed,30
5020->5019,5020,5019,1,"(8618,)",0.24,1,0.24,127.0,0.564,False,5285.76,4356.1132591054475,3033.5333255166897,759.7061523879901,0.0,3094.309817707729,0.5854049025509537,0.5609400336904464,0,True,0.11708098051019074,completed,completed,30
5805->10567,5805,10567,1,"(10279,)",0.24,1,0.24,127.0,0.564,False,5285.76,4875.717648474244,3778.0732555645495,1093.2752030064535,0.0,3865.535271805066,0.7313111590017454,0.5687438436343261,0,True,0.14626223180034909,completed,completed,30
5922->5904,5922,5904,1,"(10486,)",0.24,1,0.24,127.0,0.564,False,5285.76,1708.8517188279748,297.2485204824729,429.1541852595823,0.0,331.58085530323945,0.06273097062735339,0.4848078805732118,0,True,0.012546194125470679,completed,completed,30
6186->10577,6186,10577,1,"(10874,)",0.12,2,0.24,127.0,0.564,False,5285.76,7489.200372798591,1564.9499812819902,839.6463503674763,0.0,1632.1216893113883,0.30877710855418866,0.5479485074734864,0,True,0.061755421710837734,completed,completed,30
6919->6917,6919,6917,1,"(12262,)",0.12,2,0.24,127.0,0.564,False,5285.76,4252.22340735919,525.7191259441686,476.7349900136417,0.0,563.85792514526,0.10667490108239117,0.5103989792183852,0,True,0.021334980216478235,completed,completed,30
7562->7563,7562,7563,1,"(13707,)",0.24,1,0.24,152.4,0.509,False,5285.76,2790.8435022014887,1472.9441711017846,789.2951959186161,0.0,1536.0877867752738,0.2906086895309802,0.571580925215479,0,True,0.05812173790619604,completed,completed,30
8997->6236,8997,6236,1,"(16587,)",0.24,1,0.24,177.8,0.509,False,5285.76,2922.590048953481,2874.1687693934273,826.5552272848277,0.0,2940.2931875762133,0.5562668731792993,0.6081980718072202,0,True,0.11125337463585988,completed,completed,30
9635->10590,9635,10590,1,"(17603,)",0.12,2,0.24,177.8,0.509,False,5285.76,1456.3354258277518,613.4612296663288,183.87274990665242,0.0,628.171049658861,0.118842143733136,0.5550253275945963,0,True,0.0237684287466272,completed,completed,30
10344->8811,10344,8811,1,"(19106,)",0.25,1,0.25,177.8,0.509,False,5506.0,2992.593726232819,3128.6237526949185,881.6181117481884,0.0,3199.1532016347737,0.5810303671694104,0.6109491371887584,0,True,0.11620607343388208,completed,completed,30
10346->6375,10346,6375,1,"(19113,)",0.25,1,0.25,127.0,0.564,False,5506.0,3459.9494576685875,1606.704337602691,685.6990743379564,0.0,1661.5602635497276,0.3017726595622462,0.5400591957611163,0,True,0.060354531912449244,completed,completed,30
12086->6954,12086,6954,1,"(25049,)",0.25,1,0.25,203.2,0.463,False,5506.0,310.62142445070714,451.44565580202067,100.08222295801782,0.0,459.4522336386621,0.08344573803826047,0.5620132077614668,0,True,0.016689147607652093,completed,completed,30
12135->10594,12135,10594,1,"(25227,)",0.25,1,0.25,228.6,0.463,False,5506.0,908.9668760764705,2412.38044332752,261.4902923855703,0.0,2433.2996667183656,0.44193600921147214,0.6398478718585446,0,True,0.08838720184229443,completed,completed,30
12135->6802,12135,6802,1,"(25226,)",0.25,1,0.25,203.2,0.463,False,5506.0,1073.8329196941352,1638.595505842819,308.9187202905806,0.0,1663.3090034660654,0.3020902657947812,0.6134910508470104,0,True,0.06041805315895624,completed,completed,30
12185->4386,12185,4386,1,"(25370,)",0.25,1,0.25,152.4,0.509,False,5506.0,1025.1159422295543,502.3976937323773,269.64210409002385,0.0,523.9690620595792,0.09516328769698133,0.5289154134554772,0,True,0.01903265753939627,completed,completed,30
12317->12318,12317,12318,1,"(25777,)",0.25,1,0.25,107.95,0.564,False,5506.0,2947.1132073454037,488.68345063430513,688.3614420013907,0.0,543.7523659944164,0.09875633236367898,0.4926318403193448,0,True,0.0197512664727358,completed,completed,30
1898->7021,1898,7021,1,"(1753,)",0.25,1,0.25,127.0,0.564,False,5506.0,3561.8120731302733,1422.3926752139348,831.9375342239996,0.0,1488.9476779518548,0.2704227529879867,0.537135512438058,0,True,0.05408455059759734,completed,completed,30
2425->6379,2425,6379,1,"(3220,)",0.25,1,0.25,127.0,0.564,False,5506.0,5104.9519176662425,5082.619653090611,1043.3245481730385,0.0,5166.085616944454,0.9382647324635769,0.5778146058396121,0,True,0.18765294649271538,completed,completed,30
2753->2867,2753,2867,1,"(4084,)",0.25,1,0.25,63.5,0.637,False,5506.0,2297.5862411803937,21.637334720637078,390.94865885085136,0.0,52.913227428705184,0.009610103056430291,0.3663718971750368,1,False,0.012012628820537864,completed,completed,30
4384->4385,4384,4385,1,"(6613,)",0.25,1,0.25,127.0,0.564,False,5506.0,3336.8298863942964,1208.0716380788774,779.3881234649535,0.0,1270.4226879560738,0.2307342331921674,0.5317365239502566,0,True,0.046146846638433485,completed,completed,30
4385->4384,4385,4384,1,"(6616,)",0.25,1,0.25,127.0,0.564,False,5506.0,2806.2559131166486,840.5493530686805,655.4612025636744,0.0,892.9862492737744,0.16218420800468114,0.5194392414142351,0,True,0.03243684160093623,completed,completed,30
4385->7006,4385,7006,1,"(6617,)",0.25,1,0.25,127.0,0.564,False,5506.0,3562.603551052333,1423.2231507526678,832.1224008529379,0.0,1489.792942820903,0.270576270036488,0.5371546972678058,0,True,0.0541152540072976,completed,completed,30
4386->7895,4386,7895,1,"(6623,)",0.25,1,0.25,152.4,0.509,False,5506.0,773.0375340905514,377.64935616691326,203.33647994917536,0.0,393.9162745628473,0.0715430938181706,0.5174280419307572,0,True,0.014308618763634122,completed,completed,30
4971->8703,4971,8703,1,"(8455,)",0.25,1,0.25,127.0,0.564,False,5506.0,638.0695076968626,194.0285844998846,130.40545563554633,0.0,204.4610209507283,0.03713422102265316,0.45984285128268154,0,True,0.007426844204530632,completed,completed,30
5896->5884,5896,5884,1,"(10451,)",0.25,1,0.25,127.0,0.564,False,5506.0,4104.695876270584,2227.1738141026767,925.6796907175733,0.0,2301.2281893600825,0.4179491807773488,0.5515429565458276,0,True,0.08358983615546978,completed,completed,30
5992->5972,5992,5972,1,"(10612,)",0.25,1,0.25,127.0,0.564,False,5506.0,2805.1570856486755,1029.4436084598196,573.3039793794482,0.0,1075.3079268101756,0.19529748035055858,0.5249207360311187,0,True,0.03905949607011172,completed,completed,30
6258->6675,6258,6675,1,"(10985,)",0.25,1,0.25,203.2,0.463,False,5506.0,1083.08897523409,1583.3943888806473,348.97126782042375,0.0,1611.312090306281,0.2926465837824702,0.6126463852709058,0,True,0.058529316756494046,completed,completed,30
6285->6286,6285,6286,1,"(11042,)",0.25,1,0.25,127.0,0.564,False,5506.0,4326.584940281081,2262.910208883155,1131.8346203775309,0.0,2353.4569785133576,0.4274349761193893,0.5527798420670893,0,True,0.08548699522387787,completed,completed,30
6286->6285,6286,6285,1,"(11045,)",0.25,1,0.25,127.0,0.564,False,5506.0,4493.623116301131,2607.85034727318,1175.5318072243758,0.0,2701.89289185113,0.49071792441902107,0.5572719374895608,0,True,0.09814358488380422,completed,completed,30
6305->6287,6305,6287,1,"(11060,)",0.25,1,0.25,127.0,0.564,False,5506.0,4226.240197267166,2077.7684873318044,1105.5844356050907,0.0,2166.2152421802116,0.3934281224446443,0.5500747894240607,0,True,0.07868562448892887,completed,completed,30
6379->2425,6379,2425,1,"(11261,)",0.25,1,0.25,127.0,0.564,False,5506.0,4205.990954657599,2618.871117421829,859.5994013581469,0.0,2687.6390695304804,0.4881291444842863,0.5563946245784297,0,True,0.09762582889685727,completed,completed,30
6379->6759,6379,6759,1,"(11263,)",0.25,1,0.25,127.0,0.564,False,5506.0,4262.264806218305,2429.282864715512,995.5432797381328,0.0,2508.9263270945626,0.45567132711488606,0.5545065337865782,0,True,0.09113426542297721,completed,completed,30
6743->10346,6743,10346,1,"(11970,)",0.25,1,0.25,127.0,0.564,False,5506.0,3720.615426923825,1911.2065953136098,737.3583300630854,0.0,1970.1952617186566,0.35782696362489225,0.5458838348372401,0,True,0.07156539272497846,completed,completed,30
6759->6379,6759,6379,1,"(12009,)",0.25,1,0.25,127.0,0.564,False,5506.0,4053.288168734352,2064.308429928966,946.7323079829524,0.0,2140.0470145676018,0.38867544761489314,0.5492602865320554,0,True,0.07773508952297864,completed,completed,30
6773->6779,6773,6779,1,"(12028,)",0.25,1,0.25,177.8,0.509,False,5506.0,725.6126804091178,636.7715805755261,190.862049686184,0.0,652.0405445504208,0.11842363685986575,0.5485380276789054,0,True,0.02368472737197315,completed,completed,30
6802->12135,6802,12135,1,"(12055,)",0.25,1,0.25,203.2,0.463,False,5506.0,1001.81736666045,1526.678641409175,288.20138887321156,0.0,1549.7347525190319,0.28146290456211986,0.6106458375562743,0,True,0.05629258091242398,completed,completed,30
7006->4385,7006,4385,1,"(12351,)",0.25,1,0.25,127.0,0.564,False,5506.0,2857.7425482059657,869.4597479220349,667.487009473822,0.0,922.8587086799407,0.1676096456011516,0.5206088800722091,0,True,0.033521929120230325,completed,completed,30
8300->5795,8300,5795,1,"(15252,)",0.25,1,0.25,127.0,0.564,False,5506.0,2566.2638478397384,720.38749568562,599.405913031139,0.0,768.3399687281111,0.1395459441932639,0.5140267596516825,0,True,0.027909188838652784,completed,completed,30
8481->8478,8481,8478,1,"(15532,)",0.25,1,0.25,127.0,0.564,False,5506.0,1912.9876527655822,607.4841015700121,390.9668515339659,0.0,638.7614496927293,0.11601188697652186,0.5053738390285729,0,True,0.023202377395304372,completed,completed,30
10334->5614,10334,5614,1,"(19051,)",0.26,1,0.26,127.0,0.564,False,5726.24,3818.1749810717365,1529.4522690382014,1038.7879580503013,0.0,1612.5553056822255,0.2816080544444916,0.5402487070976292,0,True,0.056321610888898324,completed,completed,30
10859->12522,10859,12522,1,"(21427,)",0.26,1,0.26,127.0,0.564,False,5726.24,1751.6979677227398,331.7106172144518,476.57395589051964,0.0,369.8365336856934,0.06458627889953851,0.4882957973788087,0,True,0.012917255779907703,completed,completed,30
11861->2058,11861,2058,1,"(24596,)",0.13,2,0.26,127.0,0.564,False,5726.24,3902.8247004047585,510.5836057742443,474.0259371834466,0.0,548.50568074892,0.0957881054145338,0.5086499691747074,0,True,0.01915762108290676,completed,completed,30
4364->7424,4364,7424,1,"(6555,)",0.26,1,0.26,127.0,0.564,False,5726.24,3814.706436394718,2061.3797027371365,810.8158530556975,0.0,2126.2449709815924,0.3713160766893446,0.5484079025751846,0,True,0.07426321533786892,completed,completed,30
5243->10553,5243,10553,1,"(9230,)",0.26,1,0.26,127.0,0.564,False,5726.24,3548.741223042857,1465.1105302176593,862.0399393802965,0.0,1534.073725368083,0.26790245001398527,0.5379773353049344,0,True,0.053580490002797056,completed,completed,30
5292->10550,5292,10550,1,"(9408,)",0.26,1,0.26,127.0,0.564,False,5726.24,4772.325978370616,4130.453583394658,1014.3578867026746,0.0,4211.602214330872,0.7354917387903532,0.5710438615370956,0,True,0.14709834775807065,completed,completed,30
8953->4468,8953,4468,1,"(16448,)",0.26,1,0.26,63.5,0.637,False,5726.24,3404.1799590630935,183.62528956130345,688.4710811493745,0.0,238.7029760532534,0.04168581408625091,0.4147559352523739,1,False,0.05210726760781364,completed,completed,30
10285->12360,10285,12360,1,"(18857,)",0.27,1,0.27,63.5,0.637,False,5946.4800000000005,4877.298591013231,1165.7684804814091,754.7747919555899,0.0,1226.1504638378563,0.2061976940707538,0.4669429094357251,0,True,0.04123953881415077,completed,completed,30
10539->12323,10539,12323,1,"(19953,)",0.27,1,0.27,88.9,0.637,False,5946.4800000000005,5290.728493462889,2172.3171943740226,972.2705618330585,0.0,2250.098839320667,0.37839172742877586,0.5026958849628742,0,True,0.07567834548575518,completed,completed,30
10595->6866,10595,6866,1,"(20219,)",0.27,1,0.27,228.6,0.463,False,5946.4800000000005,1261.4245736296311,3234.6209157341295,609.6464964352008,0.0,3283.3926354489454,0.5521573494653887,0.6522700607777443,0,True,0.11043146989307775,completed,completed,30
12360->10285,12360,10285,1,"(25931,)",0.27,1,0.27,63.5,0.637,False,5946.4800000000005,4885.217844232137,1173.8724184694668,756.0003172313557,0.0,1234.3524438479753,0.20757699409532618,0.46715748640607574,0,True,0.04151539881906524,completed,completed,30
12588->4518,12588,4518,1,"(26666,)",0.27,1,0.27,127.0,0.564,False,5946.4800000000005,2192.519703143104,870.8372352456825,442.46300477829647,0.0,906.2342756279462,0.15239844002299616,0.5171843662573611,0,True,0.030479688004599232,completed,completed,30
2745->3979,2745,3979,1,"(4054,)",0.27,1,0.27,127.0,0.564,False,5946.4800000000005,3400.2386250007867,1616.0154165466813,750.5176705032989,0.0,1676.0568301869453,0.2818569691963893,0.5401260552922689,0,True,0.05637139383927786,completed,completed,30
4518->12588,4518,12588,1,"(7014,)",0.27,1,0.27,127.0,0.564,False,5946.4800000000005,2148.203083316121,848.9285530981304,433.5196576593837,0.0,883.610125710881,0.14859381107998024,0.5162154260220231,0,True,0.02971876221599605,completed,completed,30
5904->5902,5904,5902,1,"(10466,)",0.27,1,0.27,127.0,0.564,False,5946.4800000000005,2728.227763716105,671.977605599532,770.8007336271841,0.0,733.6416642897068,0.12337410775613586,0.5133297129791893,0,True,0.024674821551227175,completed,completed,30
6258->10581,6258,10581,1,"(10986,)",0.27,1,0.27,152.4,0.509,False,5946.4800000000005,1925.4910296643159,940.1672042091933,612.6296299262361,0.0,989.1775746032922,0.1663467420395414,0.5545381920461034,0,True,0.03326934840790828,completed,completed,30
6866->10595,6866,10595,1,"(12113,)",0.27,1,0.27,228.6,0.463,False,5946.4800000000005,1280.8557769957133,3286.595117247478,619.0375970220283,0.0,3336.11812500924,0.5610240217757799,0.6529073096678679,0,True,0.112204804355156,completed,completed,30
12591->7546,12591,7546,1,"(26678,)",0.28,1,0.28,177.8,0.509,False,6166.72,1350.2115029795602,1340.5093388237929,397.7723087777784,0.0,1372.331123526015,0.2225382575382075,0.5772726921328104,0,True,0.0445076515076415,completed,completed,30
5902->10573,5902,10573,1,"(10461,)",0.28,1,0.28,127.0,0.564,False,6166.72,3309.7529626845894,1084.8267604397545,969.7311400428833,0.0,1162.4052516431852,0.1884965186749496,0.5290235237721665,0,True,0.03769930373498992,completed,completed,30
6262->8687,6262,8687,1,"(10996,)",0.28,1,0.28,152.4,0.509,False,6166.72,720.9488869433716,409.2369628406972,205.0676958144305,0.0,425.64237850585164,0.06902249145507687,0.51895241774555,0,True,0.013804498291015375,completed,completed,30
7546->12591,7546,12591,1,"(13655,)",0.28,1,0.28,177.8,0.509,False,6166.72,1479.1601036686545,1475.5960234260192,435.7605665407856,0.0,1510.456868749282,0.24493683331646027,0.5810990025883416,0,True,0.04898736666329206,completed,completed,30
10549->5020,10549,5020,1,"(19996,)",0.29,1,0.29,127.0,0.564,False,6386.959999999999,3758.1771687068863,2444.1464816287616,791.9732020188311,0.0,2507.504337790268,0.3925974701251093,0.5531178577686181,0,True,0.07851949402502187,completed,completed,30
11080->2753,11080,2753,1,"(22410,)",0.29,1,0.29,63.5,0.637,False,6386.959999999999,4091.3505019181493,508.90402848204724,717.8274455615393,0.0,566.3302241269704,0.08866976216024063,0.44222435152808776,0,True,0.017733952432048127,completed,completed,30
10340->5992,10340,5992,1,"(19082,)",0.3,1,0.3,127.0,0.564,False,6607.2,3647.1700017127305,1901.2749143743004,986.9996611531557,0.0,1980.2348872665527,0.2997086341062103,0.5458166782138384,0,True,0.05994172682124206,completed,completed,30
10585->6286,10585,6286,1,"(20170,)",0.3,1,0.3,127.0,0.564,False,6607.2,4478.129076965935,3088.5711355455483,1405.7742798411466,0.0,3201.03307793284,0.48447649199855314,0.5622430608537772,0,True,0.09689529839971063,completed,completed,30
10618->6550,10618,6550,1,"(20328,)",0.15,2,0.3,177.8,0.509,False,6607.2,1727.4636896863178,817.8697067724573,318.06925186349326,0.0,843.3152469215368,0.12763579835959812,0.5655788506876727,0,True,0.025527159671919625,completed,completed,30
10898->1910,10898,1910,1,"(21603,)",0.3,1,0.3,107.95,0.564,False,6607.2,3000.4564002579996,1127.0852205014658,619.6732060322311,0.0,1176.6590769840443,0.17808740116600744,0.5156141444167692,0,True,0.035617480233201486,completed,completed,30
12336->10543,12336,10543,1,"(25851,)",0.15,2,0.3,127.0,0.564,False,6607.2,2502.0717821788803,460.00021612137834,306.8165522896852,0.0,484.5455403045532,0.07333598805917078,0.5001469326669007,0,True,0.014667197611834158,completed,completed,30
1910->10898,1910,10898,1,"(1795,)",0.3,1,0.3,107.95,0.564,False,6607.2,3600.3492116629245,1668.8422467954888,743.5668582402798,0.0,1728.3275954547112,0.2615824548151579,0.5289565049239446,0,True,0.052316490963031585,completed,completed,30
1952->1954,1952,1954,1,"(1944,)",0.3,1,0.3,127.0,0.564,False,6607.2,4396.654980844161,4442.602433205946,734.1478359503187,0.0,4501.3342600819715,0.6812771310210031,0.5721161325625604,0,True,0.1362554262042006,completed,completed,30
1954->1952,1954,1952,1,"(1952,)",0.3,1,0.3,127.0,0.564,False,6607.2,5040.376349776639,6802.127675240053,841.6356083627035,0.0,6869.458523909069,1.0396928387076325,0.586097188649815,0,True,0.20793856774152653,completed,completed,30
4459->12462,4459,12462,1,"(6864,)",0.3,1,0.3,127.0,0.564,False,6607.2,2941.352296080151,1341.7904832603379,721.366650613657,0.0,1399.4998153094305,0.2118143563551021,0.5332194994335445,0,True,0.042362871271020425,completed,completed,30
5024->12127,5024,12127,1,"(8634,)",0.15,2,0.3,127.0,0.564,False,6607.2,3919.9482749672793,750.1558499443051,480.6836572178627,0.0,788.6105425217341,0.1193562390304114,0.5194125950027785,0,True,0.023871247806082282,completed,completed,30
6286->10585,6286,10585,1,"(11047,)",0.3,1,0.3,127.0,0.564,False,6607.2,4317.049651353823,2693.5601780614434,1355.208226552992,0.0,2801.9768361856827,0.4240793128989107,0.557909646649601,0,True,0.08481586257978214,completed,completed,30
6479->6468,6479,6468,1,"(11539,)",0.3,1,0.3,127.0,0.564,False,6607.2,3637.3978785101745,2168.3081839259544,865.0393500166015,0.0,2237.5113319272823,0.338647434908476,0.5493960312204323,0,True,0.0677294869816952,completed,completed,30
6550->10618,6550,10618,1,"(11609,)",0.15,2,0.3,177.8,0.509,False,6607.2,1088.858209939677,514.6327456410811,200.486017905143,0.0,530.6716270734926,0.08031717324638162,0.546880787608853,0,True,0.016063434649276325,completed,completed,30
7905->7965,7905,7965,1,"(14783,)",0.15,2,0.3,127.0,0.564,False,6607.2,3475.9373303751013,513.3805618655181,487.12778872828216,0.0,552.3507849637806,0.08359831471179631,0.5075934975539326,0,True,0.016719662942359263,completed,completed,30
7965->7905,7965,7905,1,"(14907,)",0.15,2,0.3,127.0,0.564,False,6607.2,2983.1723230487282,433.0636850068445,418.0702927015433,0.0,466.50930842296793,0.0706062035995532,0.5009448112028104,0,True,0.014121240719910642,completed,completed,30
8322->8324,8322,8324,1,"(15276,)",0.3,1,0.3,127.0,0.564,False,6607.2,4119.773050387499,2608.3359492717786,1154.7135321228964,0.0,2700.7130318416102,0.4087530318200766,0.5563122425415151,0,True,0.08175060636401532,completed,completed,30
8324->8322,8324,8322,1,"(15279,)",0.3,1,0.3,127.0,0.564,False,6607.2,3541.213333261924,1681.1745212735134,992.5515085514139,0.0,1760.5786419576266,0.26646365207010936,0.5420221329309169,0,True,0.053292730414021876,completed,completed,30
8512->8511,8512,8511,1,"(15594,)",0.3,1,0.3,88.9,0.637,False,6607.2,1737.2133675777568,259.75663521029566,315.3042262153629,0.0,284.98097330752466,0.043131882387020926,0.42957543156676836,0,True,0.008626376477404185,completed,completed,30
8522->5742,8522,5742,1,"(15613,)",0.15,2,0.3,127.0,0.564,False,6607.2,4673.333695317434,748.7605978637021,654.9343364437719,0.0,801.1553447792038,0.12125489538370321,0.5217946401607947,0,True,0.024250979076740644,completed,completed,30
8098->8099,8098,8099,1,"(15054,)",0.1,3,0.30000000000000004,127.0,0.564,False,6607.200000000001,5311.588806874614,1050.561706054143,267.21377536123066,0.0,1071.9388080830415,0.16223798403000383,0.531786778277216,0,True,0.03244759680600077,completed,completed,30
8100->8097,8100,8097,1,"(15057,)",0.1,3,0.30000000000000004,127.0,0.564,False,6607.200000000001,8251.462453354894,1795.3955000368076,415.112034191854,0.0,1828.6044627721558,0.27675936293318737,0.5523629712010242,0,True,0.05535187258663748,completed,completed,30
8114->8109,8114,8109,1,"(15072,)",0.1,3,0.30000000000000004,88.9,0.637,False,6607.200000000001,5161.972728592068,522.0413703842428,216.2072423629524,0.0,539.337949773279,0.0816288215542558,0.46025057271413417,0,True,0.01632576431085116,completed,completed,30
10567->5802,10567,5802,1,"(20080,)",0.31,1,0.31,127.0,0.564,False,6827.44,3842.114153858958,2575.0764805476033,944.1820891555943,0.0,2650.611047680051,0.3882291236070989,0.5549984434553507,0,True,0.07764582472141979,completed,completed,30
10605->10120,10605,10120,1,"(20270,)",0.31,1,0.31,177.8,0.509,False,6827.44,1819.062112431321,2049.6151188583726,593.3130945710816,0.0,2097.0801664240594,0.30715468263713186,0.5930458591540138,0,True,0.06143093652742637,completed,completed,30
10622->7564,10622,7564,1,"(20345,)",0.31,1,0.31,127.0,0.564,False,6827.44,4462.896629738323,3004.3976100120603,1508.0127711885798,0.0,3125.0386317071466,0.4577174800081944,0.5614959883491605,0,True,0.09154349600163889,completed,completed,30
12487->7112,12487,7112,1,"(26324,)",0.31,1,0.31,127.0,0.564,False,6827.44,4231.014384415404,2939.5487370320875,1225.4226518519702,0.0,3037.582549180245,0.44490798149529626,0.5600757181718381,0,True,0.08898159629905926,completed,completed,30
2127->9206,2127,9206,1,"(2392,)",0.31,1,0.31,127.0,0.564,False,6827.44,2136.880558546067,512.7639443514188,693.1698631034076,0.0,568.2175333996914,0.08322556234836065,0.5031267609749925,0,True,0.01664511246967213,completed,completed,30
4431->10607,4431,10607,1,"(6773,)",0.31,1,0.31,228.6,0.463,False,6827.44,736.7887516126268,2189.4141318124075,387.32596888722304,0.0,2220.4002093233853,0.3252170959134588,0.6348559836835419,0,True,0.06504341918269177,completed,completed,30
4434->8648,4434,8648,1,"(6781,)",0.31,1,0.31,127.0,0.564,False,6827.44,5060.229188045346,5196.846176942136,1641.457384934902,0.0,5328.162767736928,0.7804041877683184,0.578631557870967,0,True,0.1560808375536637,completed,completed,30
5930->5921,5930,5921,1,"(10507,)",0.31,1,0.31,127.0,0.564,False,6827.44,5220.147378528141,6515.686933588825,1459.7692131348904,0.0,6632.4684706396165,0.9714429523569035,0.5854416643596526,0,True,0.1942885904713807,completed,completed,30
5947->10568,5947,10568,1,"(10537,)",0.31,1,0.31,127.0,0.564,False,6827.44,3791.836448651693,1783.7133501864878,1230.011074559431,0.0,1882.1142361512423,0.27566909942104834,0.5447393777509255,0,True,0.05513381988420967,completed,completed,30
7112->7073,7112,7073,1,"(12648,)",0.31,1,0.31,127.0,0.564,False,6827.44,4177.556546266326,2819.348879723506,1209.939734557193,0.0,2916.1440584880816,0.42712115499925035,0.5587316217375125,0,True,0.08542423099985008,completed,completed,30
8648->4434,8648,4434,1,"(15800,)",0.31,1,0.31,127.0,0.564,False,6827.44,5702.8604505140065,8699.532628815808,1849.9166843795358,0.0,8847.525963566171,1.2958775124448068,0.594921695408112,0,True,0.2591755024889614,completed,completed,30
8735->5803,8735,5803,1,"(15878,)",0.31,1,0.31,127.0,0.564,False,6827.44,2366.1847172075795,842.4801836033942,661.6831580229859,0.0,895.414836245233,0.1311494258822096,0.5176604717990702,0,True,0.02622988517644192,completed,completed,30
10347->6386,10347,6386,1,"(19119,)",0.32,1,0.32,152.4,0.509,False,7047.68,3728.1713765951035,4345.648324878232,1211.938524187495,0.0,4442.603406813232,0.6303639505217649,0.6061137023792142,0,True,0.126072790104353,completed,completed,30
10573->5921,10573,5921,1,"(20112,)",0.32,1,0.32,127.0,0.564,False,7047.68,4721.701571499498,4582.5985950771865,1362.9761446667792,0.0,4691.636686650529,0.6656994481376182,0.5741171956819405,0,True,0.13313988962752363,completed,completed,30
12593->12594,12593,12594,1,"(26685,)",0.32,1,0.32,127.0,0.564,False,7047.68,6589.280639076656,19314.35116718425,1532.227391273292,0.0,19436.92935848611,2.757918826973715,0.6197569775847909,0,True,0.551583765394743,completed,completed,30
12594->12593,12594,12593,1,"(26689,)",0.32,1,0.32,127.0,0.564,False,7047.68,5701.101870676991,10506.571344452721,1325.6962216614231,0.0,10612.627042185635,1.5058327055407785,0.6002943340414928,0,True,0.3011665411081557,completed,completed,30
5921->10573,5921,10573,1,"(10485,)",0.32,1,0.32,127.0,0.564,False,7047.68,4131.7750911521625,2910.064614206758,1192.686746312172,0.0,3005.4795539117317,0.4264494917351145,0.5595030802553068,0,True,0.0852898983470229,completed,completed,30
6386->10347,6386,10347,1,"(11288,)",0.32,1,0.32,152.4,0.509,False,7047.68,2972.5681856878864,2548.087767715663,966.3101655212704,0.0,2625.3925809573648,0.37251869848763913,0.5881025990057246,0,True,0.07450373969752783,completed,completed,30
10546->5116,10546,5116,1,"(19985,)",0.33,1,0.33,127.0,0.564,False,7267.92,1086.2888788534192,437.82210417528484,293.0535822926812,0.0,461.26639075869934,0.0634660798080743,0.4896038602522849,0,True,0.01269321596161486,completed,completed,30
7563->8322,7563,8322,1,"(13713,)",0.33,1,0.33,127.0,0.564,False,7267.92,3184.332362658672,1432.051084801913,981.7751578699925,0.0,1510.5930974315124,0.20784393573835602,0.5363407954697584,0,True,0.041568787147671205,completed,completed,30
5507->5518,5507,5518,1,"(9784,)",0.34,1,0.34,127.0,0.564,False,7488.160000000001,2968.553827872255,1010.5690137289193,1056.1402066650796,0.0,1095.0602302621257,0.14623889316763072,0.5260752791596417,0,True,0.029247778633526147,completed,completed,30
5518->5507,5518,5507,1,"(9799,)",0.34,1,0.34,127.0,0.564,False,7488.160000000001,1938.2806001257886,492.3644405179314,689.5937187903527,0.0,547.5319380211597,0.07311969002013306,0.5009696797929786,0,True,0.014623938004026614,completed,completed,30
7472->12573,7472,12573,1,"(13437,)",0.34,1,0.34,127.0,0.564,False,7488.160000000001,2031.306835735317,702.0596893482441,645.2591257058646,0.0,753.6804194047132,0.10064961477915979,0.510910537551612,0,True,0.02012992295583196,completed,completed,30
7547->12591,7547,12591,1,"(13659,)",0.34,1,0.34,177.8,0.509,False,7488.160000000001,946.4997884957546,1131.6059095402102,338.59001719603134,0.0,1158.6931109158927,0.15473669244726243,0.5684054859780128,0,True,0.030947338489452487,completed,completed,30
10121->10605,10121,10605,1,"(18612,)",0.35,1,0.35,177.8,0.509,False,7708.4,1632.4275377303827,1716.7879032899214,765.0891064335443,0.0,1777.9950318046049,0.23065682006701843,0.5869902239767049,0,True,0.04613136401340369,completed,completed,30
10567->8772,10567,8772,1,"(20083,)",0.35,1,0.35,127.0,0.564,False,7708.4,3831.71382195798,2437.8504714571427,1252.9704197802598,0.0,2538.0881050395633,0.32926263622017066,0.5536872503868692,0,True,0.06585252724403413,completed,completed,30
5019->5017,5019,5017,1,"(8613,)",0.35,1,0.35,127.0,0.564,False,7708.4,4680.07362633977,4724.088464573925,1530.384075813105,0.0,4846.519190638974,0.6287321870477627,0.5749804473633543,0,True,0.12574643740955255,completed,completed,30
6379->6386,6379,6386,1,"(11262,)",0.35,1,0.35,152.4,0.509,False,7708.4,2116.5849466766017,1569.7299881176814,779.4324066136586,0.0,1632.0845806467742,0.211728060381762,0.5703577479500925,0,True,0.0423456120763524,completed,completed,30
6386->6379,6386,6379,1,"(11286,)",0.35,1,0.35,152.4,0.509,False,7708.4,1460.4198468296938,1016.7531627696736,537.7996085950348,0.0,1059.7771314572765,0.13748341179197712,0.5535615530130077,0,True,0.027496682358395426,completed,completed,30
6865->10589,6865,10589,1,"(12109,)",0.35,1,0.35,203.2,0.463,False,7708.4,943.756168661384,1618.4284444714042,591.263239666357,0.0,1665.7295036447128,0.2160927694002274,0.6121276440562651,0,True,0.04321855388004548,completed,completed,30
6918->12840,6918,12840,1,"(12260,)",0.35,1,0.35,127.0,0.564,False,7708.4,2198.5297556425357,603.3606613259849,805.1895377065223,0.0,667.7758243425067,0.08662962798278588,0.5082008357930662,0,True,0.017325925596557178,completed,completed,30
7451->4433,7451,4433,1,"(13370,)",0.35,1,0.35,228.6,0.463,False,7708.4,341.266872903457,1222.2214637623724,160.35277190551182,0.0,1235.0496855148133,0.16022127620710047,0.6091554543044695,0,True,0.03204425524142009,completed,completed,30
6763->4051,6763,4051,1,"(12021,)",0.36,1,0.36,127.0,0.564,False,7928.639999999999,2951.829102904694,949.1984964670738,1158.297739979802,0.0,1041.862315665458,0.13140492135668388,0.5245431688183348,0,True,0.02628098427133678,completed,completed,30
10352->4051,10352,4051,1,"(19141,)",0.37,1,0.37,127.0,0.564,False,8148.88,3410.9549230908874,1885.6718191302532,1179.1183889850472,0.0,1980.001290249057,0.24297833447652403,0.5450833726303139,0,True,0.04859566689530481,completed,completed,30
10587->6675,10587,6675,1,"(20180,)",0.37,1,0.37,228.6,0.463,False,8148.88,596.5517746425671,2281.637639685193,284.46929304895593,0.0,2304.3951831291092,0.2827867367207652,0.6336545197111738,0,True,0.05655734734415305,completed,completed,30
12127->12112,12127,12112,1,"(25198,)",0.37,1,0.37,127.0,0.564,False,8148.88,2853.618371739308,660.4434027506851,1255.488315624505,0.0,760.8824680006455,0.09337264360263564,0.5148955928282642,0,True,0.01867452872052713,completed,completed,30
12641->2894,12641,2894,1,"(26851,)",0.37,1,0.37,127.0,0.564,False,8148.88,2221.1475648076917,1324.704303654926,565.7613555075424,0.0,1369.9652120955293,0.16811699424896787,0.5295287891896336,0,True,0.033623398849793575,completed,completed,30
2032->7470,2032,7470,1,"(2196,)",0.37,1,0.37,127.0,0.564,False,8148.88,2833.0298044496285,1266.0386750335124,979.3379315438874,0.0,1344.3857095570233,0.16497797360582353,0.5316238930076493,0,True,0.03299559472116471,completed,completed,30
2894->12641,2894,12641,1,"(4504,)",0.37,1,0.37,127.0,0.564,False,8148.88,2184.35698838419,1297.529498052349,556.3902147886382,0.0,1342.04071523544,0.16469020469505502,0.5287385312053441,0,True,0.032938040939011,completed,completed,30
5499->10557,5499,10557,1,"(9764,)",0.37,1,0.37,127.0,0.564,False,8148.88,3815.329843091421,2652.7171047378965,1273.425538525879,0.0,2754.591147819967,0.33803309753241756,0.556059078351756,0,True,0.06760661950648351,completed,completed,30
6675->10587,6675,10587,1,"(11786,)",0.37,1,0.37,228.6,0.463,False,8148.88,660.1175562207832,2525.3611391685727,314.78101738921777,0.0,2550.5436205597102,0.31299315004757833,0.6377550868027796,0,True,0.06259863000951567,completed,completed,30
6708->8327,6708,8327,1,"(11877,)",0.37,1,0.37,127.0,0.564,False,8148.88,3737.624030176964,2399.981676239197,1292.0432326031741,0.0,2503.345134847451,0.3072011288480688,0.5530090380592126,0,True,0.06144022576961377,completed,completed,30
8351->8352,8351,8352,1,"(15313,)",0.37,1,0.37,177.8,0.509,False,8148.88,1467.630003938739,1933.7614919912537,571.3378774618943,0.0,1979.4685221882053,0.24291295517766923,0.5890017125990988,0,True,0.04858259103553385,completed,completed,30
8352->8351,8352,8351,1,"(15316,)",0.37,1,0.37,177.8,0.509,False,8148.88,1571.6409312152164,2080.7150455635997,611.8285885154321,0.0,2129.661332644834,0.2613440537404937,0.591908297831587,0,True,0.05226881074809874,completed,completed,30
8791->6071,8791,6071,1,"(16049,)",0.37,1,0.37,127.0,0.564,False,8148.88,2406.8048999093417,734.563587651509,931.8378394881001,0.0,809.1106148105571,0.09929102095141382,0.5148538735031589,0,True,0.019858204190282766,completed,completed,30
8958->10849,8958,10849,1,"(16466,)",0.37,1,0.37,76.2,0.637,False,8148.88,4610.671846097536,1191.020903141142,1326.9842906772003,0.0,1297.179646395318,0.15918502253012906,0.4764598875647761,0,True,0.031837004506025814,completed,completed,30
9010->10342,9010,10342,1,"(16635,)",0.37,1,0.37,177.8,0.509,False,8148.88,1247.941210374382,1362.4411187330916,618.3094900601291,0.0,1411.905877937902,0.1732637955078369,0.5772542831818998,0,True,0.034652759101567385,completed,completed,30
10344->8993,10344,8993,1,"(19107,)",0.38,1,0.38,152.4,0.509,False,8369.12,3093.699974280398,2888.0648842980213,1385.334098882968,0.0,2998.891612208659,0.358328188890667,0.5924679205608598,0,True,0.0716656377781334,completed,completed,30
10358->1898,10358,1898,1,"(19166,)",0.19,2,0.38,127.0,0.564,False,8369.12,3917.090832924964,749.6056803339196,695.3395812846516,0.0,805.2328468366918,0.09621475696807928,0.5200203936555541,0,True,0.019242951393615856,completed,completed,30
10612->7451,10612,7451,1,"(20305,)",0.38,1,0.38,228.6,0.463,False,8369.12,437.68920097101386,1840.6646561673829,148.8580972502418,0.0,1852.573303947402,0.22135819583748373,0.623837685395566,0,True,0.04427163916749675,completed,completed,30
10637->2090,10637,2090,1,"(20413,)",0.19,2,0.38,127.0,0.564,False,8369.12,4099.912077736874,1003.0315408836949,636.8188434744801,0.0,1053.9770483616533,0.125936424422359,0.5284654445802811,0,True,0.025187284884471802,completed,completed,30
12218->12319,12218,12319,1,"(25461,)",0.38,1,0.38,127.0,0.564,False,8369.12,1808.5328819547433,976.0316726003332,513.6646763695919,0.0,1017.1248467099006,0.12153306998942547,0.5184946814996682,0,True,0.024306613997885095,completed,completed,30
2090->10637,2090,10637,1,"(2329,)",0.19,2,0.38,127.0,0.564,False,8369.12,3860.632617223081,933.210058390372,599.6527612701752,0.0,981.182279291986,0.1172384049089971,0.5256967644804328,0,True,0.02344768098179942,completed,completed,30
4449->4454,4449,4454,1,"(6833,)",0.38,1,0.38,107.95,0.564,False,8369.12,1812.2153815765134,133.01841512949065,720.5948266070322,0.0,190.66600125805323,0.022782084766146644,0.45645827407264844,0,True,0.004556416953229329,completed,completed,30
6556->6563,6556,6563,1,"(11610,)",0.19,2,0.38,177.8,0.509,False,8369.12,1894.5199461394566,1265.7626248596835,378.72806951860696,0.0,1296.060870421172,0.1548622639442584,0.5792742966655691,0,True,0.03097245278885168,completed,completed,30
6563->6556,6563,6556,1,"(11617,)",0.19,2,0.38,177.8,0.509,False,8369.12,1674.5005248511206,1117.600114999239,334.74461563577364,0.0,1144.3796842501008,0.13673835292720152,0.5742533188719914,0,True,0.027347670585440305,completed,completed,30
6759->6761,6759,6761,1,"(12011,)",0.38,1,0.38,127.0,0.564,False,8369.12,3351.6495526367767,2203.088281085501,1041.1899335266148,0.0,2286.38347576763,0.27319281785511856,0.5491426339669518,0,True,0.054638563571023716,completed,completed,30
6761->6759,6761,6759,1,"(12017,)",0.38,1,0.38,127.0,0.564,False,8369.12,3770.1406048791996,2920.8360208713843,1171.1941789057234,0.0,3014.531555183842,0.360196956810733,0.5585935712029637,0,True,0.0720393913621466,completed,completed,30
7451->10612,7451,10612,1,"(13373,)",0.38,1,0.38,228.6,0.463,False,8369.12,692.3935107790184,2913.7905081206613,235.4830330159441,0.0,2932.6291507619367,0.3504106944053779,0.6423991591006292,0,True,0.07008213888107559,completed,completed,30
8399->6186,8399,6186,1,"(15405,)",0.38,1,0.38,127.0,0.564,False,8369.12,4201.895289960182,3522.251764214214,1491.7928820870063,0.0,3641.5951947811745,0.43512283188449613,0.5653592226435035,0,True,0.08702456637689923,completed,completed,30
8511->10809,8511,10809,1,"(15591,)",0.38,1,0.38,88.9,0.637,False,8369.12,4683.890633788481,2414.6513072628522,1020.1513800391311,0.0,2496.2634176659826,0.2982707163556004,0.504435230740576,0,True,0.05965414327112008,completed,completed,30
8648->8649,8648,8649,1,"(15802,)",0.19,2,0.38,127.0,0.564,False,8369.12,3160.847148802856,584.3421466506051,561.0955238717756,0.0,629.2297885603471,0.0751847014453547,0.5104029015893607,0,True,0.015036940289070941,completed,completed,30
10284->12358,10284,12358,1,"(18854,)",0.39,1,0.39,88.9,0.637,False,8589.36,4377.921287519416,2268.9938068636548,885.4033095344627,0.0,2339.8260716264117,0.27240982699833416,0.5017868007453441,0,True,0.054481965399666835,completed,completed,30
12358->12359,12358,12359,1,"(25926,)",0.39,1,0.39,88.9,0.637,False,8589.36,3085.0677066371804,700.365926521328,748.7194889633583,0.0,760.2634856383967,0.08851223905371257,0.4647715289746126,0,True,0.017702447810742514,completed,completed,30
2426->6386,2426,6386,1,"(3224,)",0.39,1,0.39,152.4,0.509,False,8589.36,2148.3845118045087,1846.148753163092,851.1603106871285,0.0,1914.2415780180622,0.22286195688829694,0.5752307944230156,0,True,0.04457239137765939,completed,completed,30
6051->8791,6051,8791,1,"(10721,)",0.39,1,0.39,127.0,0.564,False,8589.36,3596.0057850563535,1906.5263318642922,1467.515576858358,0.0,2023.9275780129608,0.23563194207868346,0.5463074291462797,0,True,0.04712638841573669,completed,completed,30
6386->2426,6386,2426,1,"(11285,)",0.39,1,0.39,152.4,0.509,False,8589.36,4193.694724030203,7547.707399744134,1661.4840055956076,0.0,7680.626120191782,0.894202375985147,0.6235745292170377,0,True,0.1788404751970294,completed,completed,30
7021->7020,7021,7020,1,"(12410,)",0.39,1,0.39,127.0,0.564,False,8589.36,2997.7426929609856,1805.9043467536596,955.7553140832864,0.0,1882.3647718803225,0.2191507599961257,0.5421820677400925,0,True,0.043830151999225145,completed,completed,30
8381->9635,8381,9635,1,"(15383,)",0.39,1,0.39,177.8,0.509,False,8589.36,1165.886794046493,1604.4224080098327,478.40499041134916,0.0,1642.6948072427406,0.1912476374540991,0.5809852499553276,0,True,0.03824952749081982,completed,completed,30
9635->8381,9635,8381,1,"(17601,)",0.39,1,0.39,177.8,0.509,False,8589.36,986.5984136514639,1353.659171391422,404.8365647788261,0.0,1386.0460965737282,0.16136779650331667,0.5741486559150795,0,True,0.032273559300663335,completed,completed,30
10165->10612,10165,10612,1,"(18699,)",0.4,1,0.4,203.2,0.463,False,8809.6,1570.1941448510186,3683.951936565776,843.1942557849968,0.0,3751.407477028576,0.42583176046909915,0.641659647101376,0,True,0.08516635209381984,completed,completed,30
10350->6750,10350,6750,1,"(19130,)",0.4,1,0.4,127.0,0.564,False,8809.6,3510.7713492693697,2657.82918756562,1113.2336787501422,0.0,2746.8878818656312,0.3118061979960079,0.5550695855288241,0,True,0.06236123959920158,completed,completed,30
10568->8788,10568,8788,1,"(20087,)",0.4,1,0.4,127.0,0.564,False,8809.6,5120.31659600362,7044.906936446565,2143.1597144232755,0.0,7216.359713600427,0.8191472613513017,0.5877246254935365,0,True,0.16382945227026036,completed,completed,30
10580->4408,10580,4408,1,"(20145,)",0.4,1,0.4,127.0,0.564,False,8809.6,3453.557003323201,1740.0377728765031,1445.5208193109593,0.0,1855.67943842138,0.2106428712338108,0.5433030102977437,0,True,0.04212857424676217,completed,completed,30
10607->2847,10607,2847,1,"(20278,)",0.4,1,0.4,228.6,0.463,False,8809.6,605.0182087085913,2679.187237043992,216.59651871767562,0.0,2696.514958541406,0.30608823993613854,0.6384506379112725,0,True,0.06121764798722771,completed,completed,30
12593->1954,12593,1954,1,"(26684,)",0.2,2,0.4,127.0,0.564,False,8809.6,5701.101870676991,1932.6132191465178,828.5601385383894,0.0,1998.898030229589,0.22689997618842955,0.5509629834531578,0,True,0.04537999523768591,completed,completed,30
12840->12758,12840,12758,1,"(27543,)",0.4,1,0.4,127.0,0.564,False,8809.6,2369.582181570691,1018.9733708506616,885.5467124269896,0.0,1089.8171078448208,0.12370789909244696,0.5234774644413972,0,True,0.024741579818489394,completed,completed,30
12879->2584,12879,2584,1,"(27673,)",0.2,2,0.4,88.9,0.637,False,8809.6,3329.0568905826,441.39802500077167,362.53429538444516,0.0,470.4007686315273,0.053396382200273255,0.4514354683722693,0,True,0.010679276440054652,completed,completed,30
1909->1910,1909,1910,1,"(1788,)",0.4,1,0.4,127.0,0.564,False,8809.6,1256.5094021028312,764.9552930387355,346.00301009484286,0.0,792.6355338463229,0.08997406622846928,0.5071644734719262,0,True,0.017994813245693856,completed,completed,30
1910->1909,1910,1909,1,"(1792,)",0.4,1,0.4,127.0,0.564,False,8809.6,2463.8233234604904,1639.330028214981,678.4591383339625,0.0,1693.606759281698,0.19224559109172926,0.5369229113600218,0,True,0.03844911821834585,completed,completed,30
1954->12593,1954,12593,1,"(1955,)",0.2,2,0.4,127.0,0.564,False,8809.6,6589.280639076656,2513.811796302145,957.6421195458075,0.0,2590.4231658658096,0.29404549194808044,0.5601997110085691,0,True,0.058809098389616093,completed,completed,30
2847->10607,2847,10607,1,"(4352,)",0.4,1,0.4,228.6,0.463,False,8809.6,1232.3828034190649,5499.24316842485,441.1930436240251,0.0,5534.538611914772,0.6282394900920328,0.6674451157020518,0,True,0.12564789801840656,completed,completed,30
4408->10580,4408,10580,1,"(6699,)",0.4,1,0.4,127.0,0.564,False,8809.6,3623.955247801975,2001.1018372084884,1516.8427085199949,0.0,2122.449253890088,0.24092458839108336,0.5477959906226436,0,True,0.04818491767821667,completed,completed,30
5161->5159,5161,5159,1,"(8993,)",0.2,2,0.4,177.8,0.509,False,8809.6,1204.36853224832,909.6402055326082,221.75435600022192,0.0,927.3805540126259,0.10526931461276628,0.5644544421768293,0,True,0.02105386292255326,completed,completed,30
5795->8769,5795,8769,1,"(10242,)",0.4,1,0.4,127.0,0.564,False,8809.6,2383.7450376501324,781.6802725980502,997.7403229588396,0.0,861.4994984347574,0.09779098919755237,0.5166010876929693,0,True,0.019558197839510474,completed,completed,30
6263->8652,6263,8652,1,"(10998,)",0.4,1,0.4,177.8,0.509,False,8809.6,1741.954513996962,2518.414349701789,733.1139997478643,0.0,2577.0634696816182,0.2925289990103544,0.5986630408980091,0,True,0.05850579980207088,completed,completed,30
6750->10350,6750,10350,1,"(11986,)",0.4,1,0.4,127.0,0.564,False,8809.6,3525.964332496033,2684.5695359762135,1118.0512356132876,0.0,2774.0136348252763,0.3148853108909912,0.5554069893855129,0,True,0.06297706217819825,completed,completed,30
6761->6917,6761,6917,1,"(12018,)",0.4,1,0.4,127.0,0.564,False,8809.6,3086.8201481082892,1622.728536916422,1153.588786778755,0.0,1715.0156398587224,0.19467576732867806,0.5397508191735962,0,True,0.03893515346573562,completed,completed,30
6917->6761,6917,6761,1,"(12252,)",0.4,1,0.4,127.0,0.564,False,8809.6,3624.0385439255747,2383.1347398356397,1354.3549758441864,0.0,2491.483137903175,0.2828145588793106,0.5525323345361781,0,True,0.056562911775862125,completed,completed,30
7461->2056,7461,2056,1,"(13396,)",0.4,1,0.4,127.0,0.564,False,8809.6,3560.0678561319537,2272.9032532168894,1330.4482159487418,0.0,2379.3391104927887,0.2700848064035585,0.5509775343901877,0,True,0.0540169612807117,completed,completed,30
7564->7562,7564,7562,1,"(13715,)",0.2,2,0.4,152.4,0.509,False,8809.6,4521.332773503978,1637.6854499997028,1109.9871958952267,0.0,1726.4844256713209,0.19597761824274892,0.5802910447786309,0,True,0.039195523648549786,completed,completed,30
7586->7587,7586,7587,1,"(13792,)",0.4,1,0.4,127.0,0.564,False,8809.6,3987.6730643023893,3139.6150031148977,1490.2503908878643,0.0,3258.835034385927,0.36991861541794485,0.561507478214032,0,True,0.07398372308358897,completed,completed,30
7587->7586,7587,7586,1,"(13797,)",0.4,1,0.4,127.0,0.564,False,8809.6,4281.4494619742645,3945.6956579928665,1600.0388275035252,0.0,4073.6987641931487,0.4624158604469157,0.568876978253342,0,True,0.09248317208938314,completed,completed,30
8278->12038,8278,12038,1,"(15222,)",0.4,1,0.4,63.5,0.637,False,8809.6,3872.3824058099026,627.880855193498,911.789068092321,0.0,700.8239806408836,0.07955230437714353,0.44791272417366557,0,True,0.015910460875428706,completed,completed,30
8652->6263,8652,6263,1,"(15809,)",0.4,1,0.4,177.8,0.509,False,8809.6,1724.1933870635796,2489.7633341836727,725.6391026127578,0.0,2547.8144623926933,0.28920887014083424,0.5982141239022213,0,True,0.05784177402816685,completed,completed,30
8769->5795,8769,5795,1,"(15970,)",0.4,1,0.4,127.0,0.564,False,8809.6,2828.2167512610645,1070.8245022677188,1183.778403407831,0.0,1165.5267745403453,0.13230189503954154,0.5273891020712196,0,True,0.02646037900790831,completed,completed,30
10445->5164,10445,5164,1,"(19558,)",0.41,1,0.41,88.9,0.637,False,9029.84,5387.973547200023,3567.2437128331517,1503.5476931808366,0.0,3687.5275282876187,0.4083713031778657,0.5174897693912276,0,True,0.08167426063557315,completed,completed,30
4438->4439,4438,4439,1,"(6793,)",0.41,1,0.41,127.0,0.564,False,9029.84,2468.5573055193936,849.3457884837832,1059.0703294431523,0.0,934.0714148392353,0.10344274260000569,0.5193699310460573,0,True,0.02068854852000114,completed,completed,30
10623->10889,10623,10889,1,"(20351,)",0.42,1,0.42,152.4,0.509,False,9250.08,3836.0435843700607,5633.913068251509,1898.5653791251054,0.0,5785.798298581517,0.6254862983435296,0.6142309196656282,0,True,0.12509725966870594,completed,completed,30
10877->10876,10877,10876,1,"(21507,)",0.42,1,0.42,177.8,0.509,False,9250.08,1249.0125679368255,1719.6749579509656,618.1712922238372,0.0,1769.1286613288726,0.19125549847448592,0.5839258170527046,0,True,0.038251099694897185,completed,completed,30
10889->10623,10889,10623,1,"(21562,)",0.42,1,0.42,152.4,0.509,False,9250.08,3128.701767340225,3274.3175152216413,1548.482108306163,0.0,3398.196083886134,0.36736937236068595,0.596284024060832,0,True,0.0734738744721372,completed,completed,30
12569->8319,12569,8319,1,"(26596,)",0.21,2,0.42,127.0,0.564,False,9250.08,2717.7849305294963,548.8055718451786,533.2294033698872,0.0,591.4639241147696,0.0639414928427397,0.5069304863103614,0,True,0.012788298568547941,completed,completed,30
12588->7527,12588,7527,1,"(26667,)",0.42,1,0.42,152.4,0.509,False,9250.08,1755.7429038770827,1602.8646753635542,724.1386032750639,0.0,1660.7957636255592,0.17954393514710784,0.5688361069921454,0,True,0.03590878702942157,completed,completed,30
7527->12588,7527,12588,1,"(13601,)",0.42,1,0.42,152.4,0.509,False,9250.08,1959.3468202066072,1824.857292782803,808.113002526013,0.0,1889.506332984884,0.20426918826484572,0.5738428935959126,0,True,0.04085383765296915,completed,completed,30
7560->7590,7560,7590,1,"(13701,)",0.42,1,0.42,127.0,0.564,False,9250.08,3943.3344218522775,2574.1903679579355,1805.2584983239728,0.0,2718.6110478238534,0.2939013552124796,0.5560302983895166,0,True,0.058780271042495925,completed,completed,30
7590->7560,7590,7560,1,"(13807,)",0.42,1,0.42,127.0,0.564,False,9250.08,4244.000598867666,3357.3254205408302,1942.9034741616179,0.0,3512.75769847376,0.37975430466263643,0.5644035563578644,0,True,0.07595086093252729,completed,completed,30
8768->10560,8768,10560,1,"(15968,)",0.42,1,0.42,127.0,0.564,False,9250.08,3817.450590146325,2469.1510041364036,1677.7237249622283,0.0,2603.3689021333817,0.2814428526167754,0.5543969088432223,0,True,0.05628857052335508,completed,completed,30
8772->5798,8772,5798,1,"(15981,)",0.42,1,0.42,127.0,0.564,False,9250.08,1866.807798024634,781.5747240360251,732.5353799448665,0.0,840.1775544316145,0.09082922033448515,0.5131974420339596,0,True,0.01816584406689703,completed,completed,30
10342->6238,10342,6238,1,"(19097,)",0.43,1,0.43,152.4,0.509,False,9470.32,1701.41218635433,1478.7217984960355,769.7553319392637,0.0,1540.3022250511765,0.16264521421147085,0.5662688348783386,0,True,0.03252904284229417,completed,completed,30
10573->5896,10573,5896,1,"(20109,)",0.43,1,0.43,127.0,0.564,False,9470.32,4798.000867165359,6532.153376042276,1861.0949018817134,0.0,6681.040968192813,0.7054715118594528,0.5847381106392017,0,True,0.14109430237189055,completed,completed,30
10580->8819,10580,8819,1,"(20147,)",0.43,1,0.43,127.0,0.564,False,9470.32,3052.716778593086,1704.2540642208662,1226.4071606799255,0.0,1802.3666370752603,0.1903173955130619,0.5410972297300226,0,True,0.03806347910261238,completed,completed,30
10582->6261,10582,6261,1,"(20154,)",0.43,1,0.43,177.8,0.509,False,9470.32,2680.4718942424993,4735.76907555535,1212.7029236387548,0.0,4832.785309446451,0.5103085544571304,0.6219387646876597,0,True,0.10206171089142609,completed,completed,30
10621->7965,10621,7965,1,"(20341,)",0.43,1,0.43,127.0,0.564,False,9470.32,3017.9700221645385,1664.4978652994096,1212.4478994758738,0.0,1761.4936972574794,0.1860014970198979,0.5402948592542558,0,True,0.037200299403979585,completed,completed,30
12452->10850,12452,10850,1,"(26203,)",0.43,1,0.43,88.9,0.637,False,9470.32,5259.970832760072,2702.836915816874,1759.3475298975425,0.0,2843.5847182086773,0.3002627913532676,0.5095485513992404,0,True,0.060052558270653526,completed,completed,30
5896->10573,5896,10573,1,"(10454,)",0.43,1,0.43,127.0,0.564,False,9470.32,3570.101097274163,2577.5766378089183,1384.8052835523313,0.0,2688.361060493105,0.2838722514649035,0.5546159170042063,0,True,0.056774450292980706,completed,completed,30
6261->10582,6261,10582,1,"(10992,)",0.43,1,0.43,177.8,0.509,False,9470.32,2327.5858903847566,3852.4664201030564,1053.0497336505723,0.0,3936.7103987951023,0.4156892690843712,0.6143403434662841,0,True,0.08313785381687425,completed,completed,30
7965->10621,7965,10621,1,"(14909,)",0.43,1,0.43,127.0,0.564,False,9470.32,3484.905632724006,2312.305519349778,1400.0359457637787,0.0,2424.3083950108803,0.2559901244108837,0.5512981292389282,0,True,0.05119802488217674,completed,completed,30
8736->5926,8736,5926,1,"(15882,)",0.43,1,0.43,127.0,0.564,False,9470.32,2927.3167700504946,822.792621666107,1496.763676497455,0.0,942.5337157859035,0.09952501243737313,0.5214938886720321,0,True,0.019905002487474628,completed,completed,30
8788->5922,8788,5922,1,"(16037,)",0.43,1,0.43,127.0,0.564,False,9470.32,3828.3533975495425,1996.003255139744,1957.4718953797862,0.0,2152.601006770127,0.22729971181228584,0.5488107761530233,0,True,0.04545994236245717,completed,completed,30
8819->10580,8819,10580,1,"(16121,)",0.43,1,0.43,127.0,0.564,False,9470.32,3417.687930709069,2202.1402654387152,1373.0317141057208,0.0,2311.9828025671727,0.2441293221947276,0.5496842453883366,0,True,0.04882586443894552,completed,completed,30
8990->8992,8990,8992,1,"(16562,)",0.43,1,0.43,152.4,0.509,False,9470.32,852.5267172975451,622.6013618675399,431.9855179752737,0.0,657.1602033055618,0.06939155206007419,0.5335906376884487,0,True,0.013878310412014839,completed,completed,30
9005->10344,9005,10344,1,"(16618,)",0.43,1,0.43,177.8,0.509,False,9470.32,2122.889167341783,3182.057794868597,1075.6934157620894,0.0,3268.113268129564,0.34509005694945516,0.6078372480192074,0,True,0.06901801138989104,completed,completed,30
10557->4439,10557,4439,1,"(20033,)",0.22,2,0.44,127.0,0.564,False,9690.56,2326.8011530873687,488.9678125969648,478.2573570088723,0.0,527.2284011576746,0.05440639149416284,0.501845783494536,0,True,0.01088127829883257,completed,completed,30
10840->12402,10840,12402,1,"(21336,)",0.44,1,0.44,88.9,0.637,False,9690.56,3528.6699609885522,810.0905935095619,1056.7484365670468,0.0,894.6304684349257,0.09231979043883178,0.471040205901806,0,True,0.018463958087766356,completed,completed,30
10905->2894,10905,2894,1,"(21629,)",0.22,2,0.44,127.0,0.564,False,9690.56,5662.979594515305,2213.004453277882,857.6731621672232,0.0,2281.61830625126,0.23544751864198354,0.554798037681188,0,True,0.04708950372839671,completed,completed,30
2128->9210,2128,9210,1,"(2395,)",0.44,1,0.44,127.0,0.564,False,9690.56,2401.337568832784,870.2667192829634,1105.6142380917154,0.0,958.7158583303006,0.09893296758188388,0.519837954539228,0,True,0.01978659351637678,completed,completed,30
2894->10905,2894,10905,1,"(4503,)",0.22,2,0.44,127.0,0.564,False,9690.56,4941.660119569219,1810.275012251633,748.427429477494,0.0,1870.1492066098324,0.19298670114109323,0.5474378650208711,0,True,0.038597340228218646,completed,completed,30
5128->5154,5128,5154,1,"(8944,)",0.22,2,0.44,127.0,0.564,False,9690.56,1650.1362577026746,517.6470886794476,263.80178306473425,0.0,538.7512313246264,0.05559546933558292,0.4987390045234127,0,True,0.011119093867116583,completed,completed,30
5163->5152,5163,5152,1,"(8999,)",0.44,1,0.44,127.0,0.564,False,9690.56,3719.48833357732,2939.5653485461035,1476.3033970623583,0.0,3057.6696203110923,0.31553074541730225,0.5588659617020798,0,True,0.06310614908346045,completed,completed,30
6186->8398,6186,8398,1,"(10872,)",0.44,1,0.44,127.0,0.564,False,9690.56,2960.8817219934926,1300.2485886279333,1363.2373189133561,0.0,1409.3075741410019,0.14543097345674574,0.5334978897353478,0,True,0.02908619469134915,completed,completed,30
6256->4458,6256,4458,1,"(10975,)",0.44,1,0.44,127.0,0.564,False,9690.56,2715.0430815563004,1084.7027287908988,1250.0492754378258,0.0,1184.706670825925,0.12225368511478439,0.5274260330859943,0,True,0.02445073702295688,completed,completed,30
8398->6186,8398,6186,1,"(15401,)",0.44,1,0.44,127.0,0.564,False,9690.56,3409.4098565472486,1846.7639598576657,1569.7468485120582,0.0,1972.3437077386304,0.2035324798297137,0.5449639613518761,0,True,0.040706495965942745,completed,completed,30
10578->6282,10578,6282,1,"(20136,)",0.45,1,0.45,127.0,0.564,False,9910.800000000001,3109.0738232510735,1025.1724513166453,1663.6371385141654,0.0,1158.2634223977784,0.11686881204320321,0.5282363830520167,0,True,0.02337376240864064,completed,completed,30
12325->8886,12325,8886,1,"(25807,)",0.45,1,0.45,88.9,0.637,False,9910.800000000001,2676.3759516348296,682.5635392622266,728.6433528325824,0.0,740.8550074888333,0.07475229118626481,0.46245938267770176,0,True,0.014950458237252962,completed,completed,30
12332->12331,12332,12331,1,"(25836,)",0.45,1,0.45,127.0,0.564,False,9910.800000000001,3600.151131401682,3078.2174441614598,1324.4055974643938,0.0,3184.169891958611,0.32128283205781677,0.5597083242511409,0,True,0.06425656641156335,completed,completed,30
12336->5015,12336,5015,1,"(25850,)",0.45,1,0.45,127.0,0.564,False,9910.800000000001,3748.7100093779,2497.4360271178625,1765.192569215866,0.0,2638.651432655132,0.2662400041021039,0.5545965795620021,0,True,0.053248000820420784,completed,completed,30
2698->11080,2698,11080,1,"(3920,)",0.45,1,0.45,63.5,0.637,False,9910.800000000001,5262.66420328031,2806.3213796344835,1842.120423441083,0.0,2953.69101350977,0.29802750671083766,0.49374327194810075,0,True,0.059605501342167536,completed,completed,30
3979->12332,3979,12332,1,"(5883,)",0.45,1,0.45,127.0,0.564,False,9910.800000000001,3895.829876605991,3776.4594946269394,1433.1784158564292,0.0,3891.1137678954537,0.3926134891124282,0.5664931839085003,0,True,0.07852269782248565,completed,completed,30
4428->6285,4428,6285,1,"(6761,)",0.45,1,0.45,127.0,0.564,False,9910.800000000001,4216.881115221177,4751.32732050442,1551.2851402619908,0.0,4875.430131725379,0.4919310380317814,0.57402021345853,0,True,0.09838620760635629,completed,completed,30
5015->12336,5015,12336,1,"(8602,)",0.45,1,0.45,127.0,0.564,False,9910.800000000001,3876.5579004913907,2780.397393546306,1825.393584183386,0.0,2926.428880280977,0.2952767566978424,0.5580205656678888,0,True,0.05905535133956849,completed,completed,30
6282->10578,6282,10578,1,"(11039,)",0.45,1,0.45,127.0,0.564,False,9910.800000000001,3873.251415321191,2183.9947458230863,2072.541620961867,0.0,2349.798075500036,0.2370946922044674,0.5515274272040476,0,True,0.04741893844089348,completed,completed,30
6285->4428,6285,4428,1,"(11040,)",0.45,1,0.45,127.0,0.564,False,9910.800000000001,4922.08718541658,7988.966780400965,1810.7128233351245,0.0,8133.823806267775,0.820703051849273,0.590831134939984,0,True,0.1641406103698546,completed,completed,30
6376->6377,6376,6377,1,"(11251,)",0.45,1,0.45,127.0,0.564,False,9910.800000000001,3104.5789717626244,2227.1074076459327,1142.0969892371756,0.0,2318.475166784907,0.23393420983017582,0.5487198283538359,0,True,0.046786841966035164,completed,completed,30
6377->6376,6377,6376,1,"(11257,)",0.45,1,0.45,127.0,0.564,False,9910.800000000001,4831.894222713378,7471.834413896206,1777.5330871806843,0.0,7614.037060870661,0.7682565545536849,0.5886779386452491,0,True,0.153651310910737,completed,completed,30
6438->8818,6438,8818,1,"(11452,)",0.45,1,0.45,177.8,0.509,False,9910.800000000001,1579.6739719044836,2361.6228293040695,837.6695138215096,0.0,2428.6363904097902,0.2450494804062023,0.595844909744329,0,True,0.04900989608124046,completed,completed,30
10285->10819,10285,10819,1,"(18856,)",0.46,1,0.46,63.5,0.637,False,10131.04,5397.733466349476,3096.202310419817,1423.126632964793,0.0,3210.0524410570006,0.3168531997758375,0.4964787634188179,0,True,0.0633706399551675,completed,completed,30
10819->10285,10819,10285,1,"(21242,)",0.46,1,0.46,63.5,0.637,False,10131.04,5707.808793462324,3987.2498164798544,1504.8788089457985,0.0,4107.640121195518,0.4054509824455848,0.504373152476502,0,True,0.08109019648911697,completed,completed,30
12331->8476,12331,8476,1,"(25829,)",0.46,1,0.46,127.0,0.564,False,10131.04,2249.7772881556534,1425.1231943556072,820.3915143863599,0.0,1490.754515506516,0.14714723419377634,0.5321640631011465,0,True,0.02942944683875527,completed,completed,30
12462->12460,12462,12460,1,"(26238,)",0.46,1,0.46,127.0,0.564,False,10131.04,3650.340191034546,2794.8015493913827,1568.8119186726185,0.0,2920.306502885192,0.288253378022907,0.557303319498463,0,True,0.057650675604581404,completed,completed,30
5159->10614,5159,10614,1,"(8990,)",0.23,2,0.46,177.8,0.509,False,10131.04,1259.6969060668189,1094.2308518639093,266.732946753986,0.0,1115.5694876042282,0.11011401471164146,0.5703991528854782,0,True,0.022022802942328293,completed,completed,30
10583->6267,10583,6267,1,"(20159,)",0.47,1,0.47,177.8,0.509,False,10351.279999999999,1996.2718373809278,3222.3327957883953,1105.631164589752,0.0,3310.7832889555752,0.3198428879284084,0.6075503944686395,0,True,0.06396857758568168,completed,completed,30
10871->10865,10871,10865,1,"(21482,)",0.47,1,0.47,177.8,0.509,False,10351.279999999999,738.3802889885195,1218.2758661882406,365.13432704974423,0.0,1247.4866123522202,0.12051520317798575,0.5678820875136491,0,True,0.02410304063559715,completed,completed,30
4425->6718,4425,6718,1,"(6752,)",0.47,1,0.47,152.4,0.509,False,10351.279999999999,946.8195100867157,611.1514332817596,595.9023772983038,0.0,658.823623465624,0.06364658510499417,0.5348076942104758,0,True,0.012729317020998835,completed,completed,30
6267->10583,6267,10583,1,"(11011,)",0.47,1,0.47,177.8,0.509,False,10351.279999999999,1571.5398068796922,2452.7904474660295,870.3941789607037,0.0,2522.4219817828857,0.24368213223706497,0.5969080985143312,0,True,0.048736426447412995,completed,completed,30
6704->6706,6704,6706,1,"(11863,)",0.47,1,0.47,203.2,0.463,False,10351.279999999999,414.5873465612934,1182.9910779634222,224.22364371129603,0.0,1200.9289694603258,0.11601743643881007,0.5935109566710792,0,True,0.023203487287762017,completed,completed,30
6706->6704,6706,6704,1,"(11868,)",0.47,1,0.47,203.2,0.463,False,10351.279999999999,548.855229107087,1566.5096582887634,296.8405098735807,0.0,1590.25689907865,0.15362901004307197,0.6048567619517247,0,True,0.030725802008614397,completed,completed,30
6718->4425,6718,4425,1,"(11882,)",0.47,1,0.47,152.4,0.509,False,10351.279999999999,1140.1708070132718,739.8878900948152,717.5924103666893,0.0,797.2952829241503,0.07702383501597392,0.5424624353387895,0,True,0.015404767003194784,completed,completed,30
7471->12487,7471,12487,1,"(13433,)",0.47,1,0.47,127.0,0.564,False,10351.279999999999,3244.9304790091246,2127.9685508802527,1424.895329482607,0.0,2241.9601772388614,0.21658772414994684,0.5482102802530637,0,True,0.04331754482998937,completed,completed,30
10600->6968,10600,6968,1,"(20245,)",0.48,1,0.48,228.6,0.463,False,10571.52,957.9285150114838,4615.374931208553,673.4063291709817,0.0,4669.247437542232,0.4416817484659,0.6596769968571488,0,True,0.08833634969318001,completed,completed,30
10608->7052,10608,7052,1,"(20285,)",0.48,1,0.48,177.8,0.509,False,10571.52,1321.0532211709283,1875.593751860096,849.1249722697208,0.0,1943.5237496416737,0.1838452511693374,0.5873140026804683,0,True,0.03676905023386748,completed,completed,30
10626->7585,10626,7585,1,"(20363,)",0.48,1,0.48,127.0,0.564,False,10571.52,3568.617162237295,2294.1190988310477,1792.4164793112507,0.0,2437.5124171759476,0.23057350477281863,0.5517173302484678,0,True,0.04611470095456373,completed,completed,30
10869->10863,10869,10863,1,"(21473,)",0.48,1,0.48,107.95,0.564,False,10571.52,3484.008133089113,1630.7120740604223,1508.5514939852887,0.0,1751.3961935792454,0.16567118007431716,0.5289901532069482,0,True,0.033134236014863434,completed,completed,30
2584->10441,2584,10441,1,"(3653,)",0.24,2,0.48,88.9,0.637,False,10571.52,4629.076056734602,774.8850768222708,604.927659094078,0.0,823.279289549797,0.0778770971014383,0.47154507277418034,0,True,0.015575419420287659,completed,completed,30
2846->7052,2846,7052,1,"(4349,)",0.48,1,0.48,177.8,0.509,False,10571.52,1982.864348310634,3264.119450633112,1121.5715270636406,0.0,3353.8451727982033,0.3172528806451866,0.6078587972128413,0,True,0.06345057612903732,completed,completed,30
2863->4364,2863,4364,1,"(4399,)",0.24,2,0.48,127.0,0.564,False,10571.52,3814.706436394718,1162.3482091926385,748.4454028206436,0.0,1222.22384141829,0.11561476887129665,0.5320530752384046,0,True,0.023122953774259332,completed,completed,30
6955->10599,6955,10599,1,"(12297,)",0.48,1,0.48,203.2,0.463,False,10571.52,1209.0220990030555,3214.6731435052143,849.9205533791659,0.0,3282.6667877755476,0.31051984840170077,0.6348679748610829,0,True,0.062103969680340154,completed,completed,30
6968->10600,6968,10600,1,"(12310,)",0.48,1,0.48,228.6,0.463,False,10571.52,510.16546794681517,2450.6258373580877,358.6370482308301,0.0,2479.3168012165543,0.23452793933290145,0.6341137139577284,0,True,0.04690558786658029,completed,completed,30
7052->10608,7052,10608,1,"(12501,)",0.48,1,0.48,177.8,0.509,False,10571.52,1434.3470170925582,2045.903393009623,921.9461045137474,0.0,2119.6590813707226,0.20050655737024783,0.5907732733150779,0,True,0.04010131147404957,completed,completed,30
7052->2846,7052,2846,1,"(12498,)",0.48,1,0.48,177.8,0.509,False,10571.52,1179.4807829271917,1852.6550428724768,667.1520742086732,0.0,1906.0272088091706,0.18029831176681976,0.585503619677471,0,True,0.036059662353363955,completed,completed,30
7456->7455,7456,7455,1,"(13378,)",0.48,1,0.48,152.4,0.509,False,10571.52,1909.171182786551,1653.7313454020928,1079.8883144619224,0.0,1740.1224105590466,0.1646047503631499,0.571127256242342,0,True,0.03292095007262998,completed,completed,30
7589->7586,7589,7586,1,"(13804,)",0.48,1,0.48,127.0,0.564,False,10571.52,4074.9788246609696,3507.9832613159815,2046.7477642201145,0.0,3671.723082453591,0.3473221525810471,0.5652683779999048,0,True,0.06946443051620942,completed,completed,30
10166->10613,10166,10613,1,"(18702,)",0.49,1,0.49,177.8,0.509,False,10791.76,1928.4784271420099,3601.583233611248,927.9452495721923,0.0,3675.818853577023,0.340613473018027,0.6102643818116897,0,True,0.06812269460360541,completed,completed,30
10342->6071,10342,6071,1,"(19095,)",0.49,1,0.49,152.4,0.509,False,10791.76,2796.812903731634,3019.634618028932,1614.924519621105,0.0,3148.8285795986203,0.2917808197734772,0.5928098990792444,0,True,0.05835616395469544,completed,completed,30
10572->8406,10572,8406,1,"(20107,)",0.49,1,0.49,127.0,0.564,False,10791.76,3544.914970377473,2119.124648908899,1893.3390856786084,0.0,2270.591775763188,0.21040050703158591,0.5495489095251699,0,True,0.04208010140631718,completed,completed,30
10595->6847,10595,6847,1,"(20218,)",0.49,1,0.49,228.6,0.463,False,10791.76,566.5790743476873,2869.556109870062,357.8014843994566,0.0,2898.180228622018,0.2685549186251379,0.6398671425705486,0,True,0.05371098372502758,completed,completed,30
10808->10284,10808,10284,1,"(21190,)",0.49,1,0.49,88.9,0.637,False,10791.76,4893.797146592034,4004.0686165786283,1243.513854949036,0.0,4103.549724974551,0.3802484233317412,0.5195998217545282,0,True,0.07604968466634825,completed,completed,30
10835->6130,10835,6130,1,"(21313,)",0.49,1,0.49,127.0,0.564,False,10791.76,4131.331532981581,3756.662336368864,2118.282404894844,0.0,3926.1249287604514,0.36380765776485496,0.5673976148839566,0,True,0.07276153155297099,completed,completed,30
12587->2128,12587,2128,1,"(26662,)",0.49,1,0.49,127.0,0.564,False,10791.76,2486.4051824001363,1342.6891792117997,1138.2762925027826,0.0,1433.7512826120224,0.1328561126833827,0.5321023613581248,0,True,0.026571222536676542,completed,completed,30
12774->2157,12774,2157,1,"(27306,)",0.49,1,0.49,127.0,0.564,False,10791.76,1834.1255580459786,1321.5196689205713,653.0709737015715,0.0,1373.765346816697,0.12729761844376608,0.5275242750832871,0,True,0.02545952368875322,completed,completed,30
2084->2069,2084,2069,1,"(2307,)",0.49,1,0.49,177.8,0.509,False,10791.76,1064.4838490257914,1532.1752349052588,698.465916101223,0.0,1588.0525081933565,0.14715417208994236,0.5789948211283161,0,True,0.029430834417988473,completed,completed,30
2157->12774,2157,12774,1,"(2462,)",0.49,1,0.49,127.0,0.564,False,10791.76,1633.6187565688895,1163.2726608478679,581.6771852556293,0.0,1209.8068356683182,0.11210468317200514,0.5225092291474207,0,True,0.02242093663440103,completed,completed,30
4051->6438,4051,6438,1,"(5998,)",0.49,1,0.49,152.4,0.509,False,10791.76,1863.8820930370684,1638.8870172657992,1076.235342633092,0.0,1724.9858446764465,0.1598428657305617,0.5706075724231214,0,True,0.03196857314611234,completed,completed,30
4386->7006,4386,7006,1,"(6621,)",0.49,1,0.49,127.0,0.564,False,10791.76,3933.724206512285,3689.687998754922,1800.8589417413245,0.0,3833.756714094228,0.35524851498682586,0.5661598823734615,0,True,0.07104970299736517,completed,completed,30
5747->4438,5747,4438,1,"(10196,)",0.49,1,0.49,127.0,0.564,False,10791.76,3049.7652489053066,1549.1622870216731,1563.7244346627115,0.0,1674.26024179469,0.15514246441680413,0.5389087514648097,0,True,0.031028492883360827,completed,completed,30
6071->10342,6071,10342,1,"(10751,)",0.49,1,0.49,152.4,0.509,False,10791.76,1884.525519884996,1661.21811488242,1088.1551875899147,0.0,1748.270529889613,0.16200050129817686,0.5711236692990447,0,True,0.03240010025963538,completed,completed,30
6130->10835,6130,10835,1,"(10829,)",0.49,1,0.49,127.0,0.564,False,10791.76,3161.191834481205,1688.4826227669148,1620.8568564445552,0.0,1818.1511712824793,0.16847587152442967,0.5417353725217577,0,True,0.03369517430488594,completed,completed,30
6391->9004,6391,9004,1,"(11305,)",0.49,1,0.49,177.8,0.509,False,10791.76,1886.20081121429,3139.6011074078424,1089.1225276081104,0.0,3226.7309096164913,0.29899950606912046,0.6061725296099157,0,True,0.05979990121382409,completed,completed,30
6835->6865,6835,6865,1,"(12078,)",0.49,1,0.49,203.2,0.463,False,10791.76,859.1367807269642,2452.9780445325528,542.5551866704465,0.0,2496.3824594661883,0.23132301491751003,0.6230567210749495,0,True,0.04626460298350201,completed,completed,30
6847->10595,6847,10595,1,"(12085,)",0.49,1,0.49,228.6,0.463,False,10791.76,379.77069854599495,1922.82936407372,239.82975338017832,0.0,1942.0157443441342,0.17995357053382713,0.6236868366846952,0,True,0.03599071410676543,completed,completed,30
6913->8344,6913,8344,1,"(12238,)",0.49,1,0.49,127.0,0.564,False,10791.76,2045.7883288711985,1020.9904732473817,936.5618969572348,0.0,1095.9154250039605,0.1015511302145304,0.5220410528440553,0,True,0.020310226042906082,completed,completed,30
7006->4386,7006,4386,1,"(12352,)",0.49,1,0.49,127.0,0.564,False,10791.76,3844.182769179982,3445.5322192893527,1759.8668717305961,0.0,3586.3215690278003,0.3323203600735932,0.5639374742716832,0,True,0.06646407201471864,completed,completed,30
7473->2050,7473,2050,1,"(13438,)",0.49,1,0.49,127.0,0.564,False,10791.76,3660.9804245328123,2343.777317634888,1955.3296447429752,0.0,2500.203689214326,0.23167710264260194,0.5527461082585658,0,True,0.04633542052852039,completed,completed,30
8375->10602,8375,10602,1,"(15364,)",0.49,1,0.49,203.2,0.463,False,10791.76,807.4896934965681,2174.830946273218,579.4766264993233,0.0,2221.189076393164,0.20582269031123415,0.6189308427415726,0,True,0.04116453806224683,completed,completed,30
10120->10121,10120,10121,1,"(18607,)",0.5,1,0.5,177.8,0.509,False,11012.0,844.2844523881637,1374.4047420093539,497.452399347106,0.0,1414.2009339571223,0.12842362277126065,0.5730461303533589,0,True,0.025684724554252133,completed,completed,30
10164->10165,10164,10165,1,"(18695,)",0.5,1,0.5,177.8,0.509,False,11012.0,1535.7398228319316,2468.27010177067,942.560316263098,0.0,2543.674927071718,0.23099118480491443,0.5969049168845287,0,True,0.04619823696098289,completed,completed,30
10332->5617,10332,5617,1,"(19043,)",0.5,1,0.5,127.0,0.564,False,11012.0,1954.0003864092507,1301.3626613166057,774.4946986131213,0.0,1363.3222372056555,0.12380332702557714,0.527988783990804,0,True,0.02476066540511543,completed,completed,30
10343->5167,10343,5167,1,"(19100,)",0.5,1,0.5,127.0,0.564,False,11012.0,3175.1916319733946,2156.014059823839,1483.2680909361432,0.0,2274.6755070987306,0.2065633406373711,0.5484014790380763,0,True,0.04131266812747422,completed,completed,30
10343->6374,10343,6374,1,"(19101,)",0.5,1,0.5,127.0,0.564,False,11012.0,3736.0810442477464,3862.749787862678,1480.8466684472887,0.0,3981.217521338461,0.36153446434239567,0.5667132654681248,0,True,0.07230689286847913,completed,completed,30
10347->6385,10347,6385,1,"(19118,)",0.5,1,0.5,152.4,0.509,False,11012.0,1705.0663124109146,1723.6516961109326,896.9866707790275,0.0,1795.4106297732546,0.16304128494126904,0.5708191983589005,0,True,0.03260825698825381,completed,completed,30
10352->4305,10352,4305,1,"(19143,)",0.5,1,0.5,127.0,0.564,False,11012.0,4238.345499392864,4932.237857164439,1911.6399700709887,0.0,5085.169054770118,0.46178433116328715,0.575320230355536,0,True,0.09235686623265743,completed,completed,30
10378->10383,10378,10383,1,"(19253,)",0.5,1,0.5,127.0,0.564,False,11012.0,1958.2267804057678,1453.3436622628592,711.489063547429,0.0,1510.2627873466536,0.13714700212011022,0.5310356157874854,0,True,0.027429400424022046,completed,completed,30
10383->10378,10383,10378,1,"(19276,)",0.5,1,0.5,127.0,0.564,False,11012.0,2593.6686201987436,2087.5250119448874,942.3662653388769,0.0,2162.9143131719975,0.19641430377515415,0.544708297712732,0,True,0.03928286075503083,completed,completed,30
10383->7638,10383,7638,1,"(19275,)",0.5,1,0.5,127.0,0.564,False,11012.0,2151.698477902772,1626.64726316532,781.783780304674,0.0,1689.1899655896939,0.15339538372590755,0.5353695895516934,0,True,0.030679076745181513,completed,completed,30
10548->5254,10548,5254,2,"(27997, 28001)",0.5,1,0.5,127.0,0.564,False,11012.0,4297.194346872401,1399.2691145793997,878.2390946420471,0.0,1469.5282421507634,0.133447897035122,0.5387935594914187,0,True,0.026689579407024402,completed,completed,30
10561->8771,10561,8771,1,"(20053,)",0.5,1,0.5,127.0,0.564,False,11012.0,2840.4763126465077,1719.257440736815,1326.9082203362973,0.0,1825.4100983637188,0.1657655374467598,0.54068713887532,0,True,0.033153107489351956,completed,completed,30
10569->5866,10569,5866,1,"(20092,)",0.5,1,0.5,127.0,0.564,False,11012.0,3552.278423497654,2357.8125288004962,1858.5520711739728,0.0,2506.496694494414,0.22761502855924573,0.5524918475628627,0,True,0.04552300571184915,completed,completed,30
10570->5866,10570,5866,1,"(20094,)",0.5,1,0.5,127.0,0.564,False,11012.0,3719.273421990879,2707.5465998184886,1945.9238543856281,0.0,2863.2205081693387,0.26000912714941327,0.5569239365621417,0,True,0.05200182542988266,completed,completed,30
10570->5870,10570,5870,1,"(20096,)",0.5,1,0.5,127.0,0.564,False,11012.0,3760.0761502197843,3298.6028909495813,1756.4927158883852,0.0,3439.122308220652,0.312306784255417,0.5624579632389761,0,True,0.06246135685108341,completed,completed,30
10571->8406,10571,8406,1,"(20102,)",0.5,1,0.5,127.0,0.564,False,11012.0,3915.3134366819263,2989.68656249192,2133.84582299165,0.0,3160.394228331252,0.28699548023349547,0.5604015660437066,0,True,0.0573990960466991,completed,completed,30
10575->6260,10575,6260,1,"(20121,)",0.5,1,0.5,152.4,0.509,False,11012.0,2063.562898632372,1903.5863318324537,1215.8512598741934,0.0,2000.8544326223891,0.1816976419017789,0.5760991222575969,0,True,0.03633952838035578,completed,completed,30
10577->6272,10577,6272,1,"(20132,)",0.5,1,0.5,152.4,0.509,False,11012.0,1488.582685080228,1291.2399338048779,877.0729180492702,0.0,1361.4057672488195,0.12362929234006716,0.5611662233667107,0,True,0.024725858468013433,completed,completed,30
10578->8399,10578,8399,1,"(20137,)",0.5,1,0.5,127.0,0.564,False,11012.0,3665.554455686691,3072.522159400235,1712.3375814422116,0.0,3209.509165915612,0.29145560896436723,0.5601387622200615,0,True,0.05829112179287345,completed,completed,30
10580->4406,10580,4406,1,"(20144,)",0.5,1,0.5,127.0,0.564,False,11012.0,2644.794007755031,1172.115756393163,1383.7562248574325,0.0,1282.8162543817577,0.1164925766783289,0.529490033907857,0,True,0.02329851533566578,completed,completed,30
10583->6272,10583,6272,1,"(20160,)",0.5,1,0.5,177.8,0.509,False,11012.0,1487.9915980114397,1765.3995056135666,1217.673124372695,0.0,1862.8133555633822,0.1691621281841066,0.5873574790283234,0,True,0.033832425636821324,completed,completed,30
10584->4429,10584,4429,1,"(20165,)",0.5,1,0.5,152.4,0.509,False,11012.0,2204.804541279204,1722.3426806894831,1476.216858774667,0.0,1840.4400293914564,0.1671304058655518,0.5743518330075168,0,True,0.03342608117311036,completed,completed,30
10589->6706,10589,6706,1,"(20189,)",0.5,1,0.5,228.6,0.463,False,11012.0,391.8917416512338,2075.1012371649567,225.47771278576343,0.0,2093.1394541878176,0.19007804705664888,0.6262423251438155,0,True,0.03801560941132978,completed,completed,30
10590->6884,10590,6884,1,"(20195,)",0.5,1,0.5,177.8,0.509,False,11012.0,1873.2883813080964,3419.2822036330645,985.4834948810093,0.0,3498.120883223545,0.3176644463515751,0.6084838574082475,0,True,0.06353288927031502,completed,completed,30
10594->12135,10594,12135,1,"(20216,)",0.25,2,0.5,228.6,0.463,False,11012.0,1094.8870883068457,2899.4699209958117,314.97555343970146,0.0,2924.6679652709877,0.26558917229122664,0.6473091816675763,0,True,0.05311783445824533,completed,completed,30
10601->8372,10601,8372,1,"(20250,)",0.5,1,0.5,228.6,0.463,False,11012.0,1515.733136719174,7910.643898368748,1017.4358680227454,0.0,7992.038767810567,0.7257572437169059,0.6805583407895321,0,True,0.14515144874338118,completed,completed,30
10606->7041,10606,7041,1,"(20274,)",0.5,1,0.5,228.6,0.463,False,11012.0,668.0588335323005,3453.8259840808364,430.49711232821437,0.0,3488.2657530670936,0.31676950173148327,0.6471362942416018,0,True,0.06335390034629666,completed,completed,30
10608->7045,10608,7045,1,"(20283,)",0.5,1,0.5,203.2,0.463,False,11012.0,568.9536548645635,1561.3699267666373,416.6292445394599,0.0,1594.700266329794,0.14481477173354468,0.6053305823009436,0,True,0.02896295434670894,completed,completed,30
10608->7455,10608,7455,1,"(20286,)",0.5,1,0.5,177.8,0.509,False,11012.0,1325.8471812150472,2178.226528097819,781.1891591719058,0.0,2240.7216608315716,0.2034799909945125,0.5915572252930064,0,True,0.0406959981989025,completed,completed,30
10620->10619,10620,10619,1,"(20339,)",0.5,1,0.5,152.4,0.509,False,11012.0,2468.931239106198,3124.570021079875,1136.4799110010717,0.0,3215.488413959961,0.29199858463130773,0.592069900596166,0,True,0.05839971692626155,completed,completed,30
10622->7592,10622,7592,1,"(20346,)",0.5,1,0.5,127.0,0.564,False,11012.0,3393.764093567581,2516.8147554052152,1585.3726551379984,0.0,2643.644567816255,0.24006943042283463,0.553568238555558,0,True,0.04801388608456693,completed,completed,30
10628->7592,10628,7592,1,"(20374,)",0.5,1,0.5,127.0,0.564,False,11012.0,3117.1362516859836,2071.099981859289,1456.1479347161667,0.0,2187.5918166365823,0.19865526849224321,0.5470470946909177,0,True,0.03973105369844865,completed,completed,30
10629->9625,10629,9625,1,"(20379,)",0.5,1,0.5,177.8,0.509,False,11012.0,1440.503929857335,2376.7700515397073,848.7449154719417,0.0,2444.6696447774625,0.2220005126023849,0.5950344866031732,0,True,0.044400102520476985,completed,completed,30
12324->12323,12324,12323,1,"(25804,)",0.5,1,0.5,88.9,0.637,False,11012.0,4643.456004715835,1691.863902683836,1805.9727104055517,0.0,1836.3417195162801,0.16675823824158012,0.4952704983445172,0,True,0.033351647648316024,completed,completed,30
12508->10858,12508,10858,1,"(26383,)",0.5,1,0.5,107.95,0.564,False,11012.0,2845.1617603658015,1003.301905453647,1283.2660629511963,0.0,1105.9631904897428,0.10043254544948627,0.5132051298104738,0,True,0.020086509089897255,completed,completed,30
12589->12594,12589,12594,1,"(26672,)",0.5,1,0.5,127.0,0.564,False,11012.0,3059.082043351101,2727.7245682116495,1111.4664757509004,0.0,2816.6418862717214,0.255779321310545,0.5543094523527885,0,True,0.051155864262108997,completed,completed,30
12594->12589,12594,12589,1,"(26688,)",0.5,1,0.5,127.0,0.564,False,11012.0,4327.216722742916,6193.9497062098235,1572.2220759299266,0.0,6319.727472284218,0.5738946124486213,0.5819693665196701,0,True,0.11477892248972427,completed,completed,30
12758->10352,12758,10352,1,"(27247,)",0.5,1,0.5,127.0,0.564,False,11012.0,4264.000608781952,4865.1732263832955,1991.8974272452836,0.0,5024.525020562918,0.45627724487494714,0.5750314786088148,0,True,0.09125544897498944,completed,completed,30
2069->10165,2069,10165,1,"(2282,)",0.5,1,0.5,177.8,0.509,False,11012.0,1677.9371590464507,2719.833601992995,1029.833931364759,0.0,2802.220316502176,0.2544696981930781,0.6007298497713917,0,True,0.05089393963861562,completed,completed,30
2085->10613,2085,10613,1,"(2311,)",0.5,1,0.5,177.8,0.509,False,11012.0,1551.748981692323,2981.4428158926753,714.2894531352474,0.0,3038.585972143495,0.2759340693918902,0.6022706733147041,0,True,0.05518681387837804,completed,completed,30
2085->10614,2085,10614,1,"(2312,)",0.5,1,0.5,177.8,0.509,False,11012.0,1488.326677619696,2851.829693287832,685.0953737918163,0.0,2906.6373231911775,0.26395180922549744,0.6005042666797137,0,True,0.05279036184509949,completed,completed,30
2086->9626,2086,9626,1,"(2315,)",0.5,1,0.5,127.0,0.564,False,11012.0,3624.088201835445,2501.652504987584,1896.122947200305,0.0,2653.3423407636083,0.24095008543076718,0.5543921149017046,0,True,0.04819001708615344,completed,completed,30
2173->10909,2173,10909,1,"(2502,)",0.5,1,0.5,127.0,0.564,False,11012.0,2269.3048857136178,1566.6660050568648,899.4699365192158,0.0,1638.6235999784021,0.14880345077900492,0.5350517573725314,0,True,0.029760690155800986,completed,completed,30
2425->6375,2425,6375,1,"(3218,)",0.5,1,0.5,127.0,0.564,False,11012.0,2196.901492071393,861.0017166426811,1149.418860651753,0.0,952.9552254948213,0.08653788825779343,0.5186903423057425,0,True,0.017307577651558687,completed,completed,30
2435->10840,2435,10840,1,"(3246,)",0.5,1,0.5,88.9,0.637,False,11012.0,4469.483394208818,2032.7036721536836,1521.0210675916887,0.0,2154.3853575610187,0.19563978909925706,0.49957297846389725,0,True,0.039127957819851414,completed,completed,30
4305->10352,4305,10352,1,"(6406,)",0.5,1,0.5,127.0,0.564,False,11012.0,3705.6161449894616,3306.669392841068,1671.3606612573162,0.0,3440.3782457416537,0.3124208359736336,0.5623097298074587,0,True,0.06248416719472673,completed,completed,30
4406->10580,4406,10580,1,"(6693,)",0.5,1,0.5,127.0,0.564,False,11012.0,1730.0148078232999,628.42575101527,905.1437474531505,0.0,700.837250811522,0.06364304856624792,0.5070154687828454,0,True,0.012728609713249584,completed,completed,30
4428->6286,4428,6286,1,"(6762,)",0.5,1,0.5,127.0,0.564,False,11012.0,3929.616063326999,3230.7806719956957,2055.975124332686,0.0,3395.2586819423104,0.30832352723776885,0.5625593801237657,0,True,0.06166470544755377,completed,completed,30
4431->8371,4431,8371,1,"(6771,)",0.5,1,0.5,203.2,0.463,False,11012.0,1489.216270888116,4176.4726753069,1090.5124601821612,0.0,4263.713672121473,0.3871879469779761,0.6448653284851761,0,True,0.07743758939559522,completed,completed,30
4452->12452,4452,12452,1,"(6842,)",0.5,1,0.5,88.9,0.637,False,11012.0,3437.4435120042517,415.20489977696315,1497.3503938290523,0.0,534.9929312832874,0.0485827216929974,0.4555801145759474,0,True,0.00971654433859948,completed,completed,30
4458->8531,4458,8531,1,"(6860,)",0.5,1,0.5,127.0,0.564,False,11012.0,1219.7197745813814,628.5598403098461,550.135677638775,0.0,672.5706945209481,0.061076161870772624,0.5019925274966109,0,True,0.012215232374154526,completed,completed,30
5167->10343,5167,10343,1,"(9014,)",0.5,1,0.5,127.0,0.564,False,11012.0,3541.0580007421727,2801.6374818790073,1654.1799517752722,0.0,2933.971878021029,0.2664340608446267,0.5571099689336375,0,True,0.053286812168925335,completed,completed,30
5267->10549,5267,10549,1,"(9317,)",0.5,1,0.5,127.0,0.564,False,11012.0,2715.1120753409127,1685.5462648079642,1224.6091705330741,0.0,1783.5149984506102,0.16196104235839176,0.5395093076790031,0,True,0.032392208471678355,completed,completed,30
5514->10558,5514,10558,1,"(9796,)",0.5,1,0.5,127.0,0.564,False,11012.0,3002.856231008011,1525.2332591045345,1571.0943800633916,0.0,1650.9208095096058,0.1499201606892123,0.5383251360396585,0,True,0.02998403213784246,completed,completed,30
5617->8760,5617,8760,1,"(9928,)",0.5,1,0.5,127.0,0.564,False,11012.0,3125.0261911740686,2596.5775932616584,1238.6467448653582,0.0,2695.6693328508873,0.24479380065845327,0.5532448721966317,0,True,0.048958760131690655,completed,completed,30
5794->8408,5794,8408,1,"(10238,)",0.5,1,0.5,127.0,0.564,False,11012.0,3125.647289616513,2507.576358928764,1277.6083296307497,0.0,2609.785025299224,0.23699464450592297,0.5522903926249262,0,True,0.0473989289011846,completed,completed,30
5802->5567,5802,5567,1,"(10264,)",0.5,1,0.5,127.0,0.564,False,11012.0,2520.8245036917506,1811.6210716862481,999.1631669178212,0.0,1891.5541250396739,0.17177207819103468,0.540437492346066,0,True,0.03435441563820694,completed,completed,30
5816->10334,5816,10334,1,"(10318,)",0.5,1,0.5,127.0,0.564,False,11012.0,3051.4404564173533,2481.4350800315997,1209.4800354526965,0.0,2578.1934828678154,0.23412581573445473,0.5516686855103144,0,True,0.04682516314689095,completed,completed,30
5818->5816,5818,5816,1,"(10321,)",0.5,1,0.5,127.0,0.564,False,11012.0,2380.5025056536088,1670.6065057380517,943.5446295136123,0.0,1746.0900760991408,0.15856248420805855,0.537449492623034,0,True,0.03171249684161171,completed,completed,30
5866->10569,5866,10569,1,"(10411,)",0.5,1,0.5,127.0,0.564,False,11012.0,3617.995321888558,2489.0750397939587,1892.9351524120939,0.0,2640.509851986926,0.23978476679866748,0.5542305358931472,0,True,0.0479569533597335,completed,completed,30
5866->10570,5866,10570,1,"(10412,)",0.5,1,0.5,127.0,0.564,False,11012.0,3312.01788016172,1940.6939880668806,1732.8477549006118,0.0,2079.3218084589294,0.18882326629666993,0.5462084727308721,0,True,0.03776465325933399,completed,completed,30
5870->10570,5870,10570,1,"(10423,)",0.5,1,0.5,127.0,0.564,False,11012.0,3846.8997889981492,3523.131995596079,1797.0517585748498,0.0,3666.896136282067,0.33299093137323527,0.5646016999088699,0,True,0.06659818627464706,completed,completed,30
5921->5904,5921,5904,1,"(10481,)",0.5,1,0.5,127.0,0.564,False,11012.0,3386.867425276853,2631.8230964433224,1527.593997331767,0.0,2754.030616229864,0.2500935902860392,0.5547546948154474,0,True,0.050018718057207846,completed,completed,30
5997->5818,5997,5818,1,"(10616,)",0.5,1,0.5,127.0,0.564,False,11012.0,2266.0077957923218,1563.6785222472495,898.163089968593,0.0,1635.531569444737,0.14852266340762232,0.5349801213091832,0,True,0.029704532681524468,completed,completed,30
6133->6138,6133,6138,1,"(10834,)",0.5,1,0.5,127.0,0.564,False,11012.0,3269.125494409398,1875.5974732522432,1710.406458674997,0.0,2012.429989946243,0.18274881855668754,0.5451004027477081,0,True,0.03654976371133751,completed,completed,30
6138->6133,6138,6133,1,"(10850,)",0.5,1,0.5,127.0,0.564,False,11012.0,3728.293092349752,2728.001803216059,1950.6429459173905,0.0,2884.0532388894503,0.2619009479558164,0.5571645380638748,0,True,0.052380189591163286,completed,completed,30
6138->6142,6138,6142,1,"(10851,)",0.5,1,0.5,127.0,0.564,False,11012.0,3481.1648207632197,2224.481043111214,1821.3454342233167,0.0,2370.1886778490793,0.21523689410180524,0.5506194085153306,0,True,0.043047378820361054,completed,completed,30
6142->6138,6142,6138,1,"(10855,)",0.5,1,0.5,127.0,0.564,False,11012.0,4102.985651569776,3742.1034142219632,2146.682092901307,0.0,3913.837981654068,0.3554157266304094,0.5672299505718359,0,True,0.07108314532608188,completed,completed,30
6195->10578,6195,10578,1,"(10901,)",0.5,1,0.5,127.0,0.564,False,11012.0,3139.964264539273,2103.9847421708914,1466.8118778633461,0.0,2221.329692399959,0.20171900584816194,0.5475787720240053,0,True,0.04034380116963239,completed,completed,30
6195->6285,6195,6285,1,"(10900,)",0.5,1,0.5,127.0,0.564,False,11012.0,3125.327503416335,1675.5502999919408,1635.1713497874264,0.0,1806.364007974935,0.16403596149427307,0.5414188781786626,0,True,0.032807192298854614,completed,completed,30
6236->6051,6236,6051,1,"(10954,)",0.5,1,0.5,152.4,0.509,False,11012.0,2960.5052056488253,3454.2539531149464,1744.3296671682876,0.0,3593.8003264884096,0.3263530990272802,0.5973354466182029,0,True,0.06527061980545605,completed,completed,30
6257->6672,6257,6672,1,"(10981,)",0.25,2,0.5,152.4,0.509,False,11012.0,3377.0679966688785,1704.6582623675272,888.2894926952246,0.0,1775.7214217831452,0.1612533074630535,0.5779411508773649,0,True,0.0322506614926107,completed,completed,30
6260->10575,6260,10575,1,"(10989,)",0.5,1,0.5,152.4,0.509,False,11012.0,2987.8378492086745,3521.922387893774,1760.434060753751,0.0,3662.757112754074,0.3326150665414161,0.5979972059914822,0,True,0.06652301330828322,completed,completed,30
6261->8652,6261,8652,1,"(10990,)",0.5,1,0.5,177.8,0.509,False,11012.0,759.7491635439916,1361.7757474361968,385.90017858631023,0.0,1392.6477617231017,0.1264663786526609,0.5714437282552113,0,True,0.02529327573053218,completed,completed,30
6262->6258,6262,6258,1,"(10993,)",0.5,1,0.5,177.8,0.509,False,11012.0,2014.843550688065,3466.9202246792256,1187.1458200654079,0.0,3561.8918902844584,0.32345549312426974,0.6098114755969775,0,True,0.06469109862485395,completed,completed,30
6263->6266,6263,6266,1,"(10997,)",0.5,1,0.5,177.8,0.509,False,11012.0,1505.067597172508,2684.1648329106924,791.7730609411086,0.0,2747.506677785981,0.2495011512700673,0.5989625930711049,0,True,0.04990023025401347,completed,completed,30
6266->6263,6266,6263,1,"(11005,)",0.5,1,0.5,177.8,0.509,False,11012.0,1330.2259950148946,2356.8426674337347,699.7938895203355,0.0,2412.8261785953614,0.21910880662871063,0.5937794224912835,0,True,0.04382176132574213,completed,completed,30
6270->6265,6270,6265,1,"(11012,)",0.5,1,0.5,177.8,0.509,False,11012.0,1642.9096645009806,2950.62124148597,864.2878342178373,0.0,3019.7642682233973,0.2742248699803303,0.6027090799269111,0,True,0.05484497399606606,completed,completed,30
6272->10577,6272,10577,1,"(11018,)",0.5,1,0.5,152.4,0.509,False,11012.0,1697.6274037816609,1496.567571490528,1000.2420663081546,0.0,1576.5869367951805,0.1431698998179423,0.566932316786801,0,True,0.02863397996358846,completed,completed,30
6272->10583,6272,10583,1,"(11019,)",0.5,1,0.5,177.8,0.509,False,11012.0,1247.6014547543373,1462.4251308768546,1020.9538571406326,0.0,1544.1014394481053,0.14021989097785192,0.5798948978056093,0,True,0.028043978195570387,completed,completed,30
6285->6195,6285,6195,1,"(11041,)",0.5,1,0.5,127.0,0.564,False,11012.0,2778.446330470382,1290.6057227936938,1453.6831201021039,0.0,1406.9003724018621,0.1277606585907975,0.5327542882356857,0,True,0.0255521317181595,completed,completed,30
6286->4428,6286,4428,1,"(11044,)",0.5,1,0.5,127.0,0.564,False,11012.0,4095.840876947273,3719.461451923878,2142.9439468188134,0.0,3890.8969676693832,0.3533324525671434,0.5670372412876089,0,True,0.07066649051342869,completed,completed,30
6374->10343,6374,10343,1,"(11245,)",0.5,1,0.5,127.0,0.564,False,11012.0,3130.160104310047,2604.8571132418583,1240.6816413447098,0.0,2704.111644549435,0.2455604471984594,0.553355149825581,0,True,0.049112089439691885,completed,completed,30
6375->6374,6375,6374,1,"(11247,)",0.5,1,0.5,127.0,0.564,False,11012.0,3096.366007882486,2550.9557605304612,1227.2868903970582,0.0,2649.1387117622257,0.24056835377426677,0.5526300065290942,0,True,0.04811367075485336,completed,completed,30
6389->6380,6389,6380,1,"(11296,)",0.5,1,0.5,152.4,0.509,False,11012.0,1382.2333832550971,1554.7645673215134,636.2593042296119,0.0,1605.6653116598823,0.14581050777877608,0.5652327996581239,0,True,0.029162101555755215,completed,completed,30
6702->6698,6702,6698,1,"(11855,)",0.5,1,0.5,203.2,0.463,False,11012.0,529.6644198522766,1453.3763933552266,387.85880926455343,0.0,1484.405098096391,0.13479886470181537,0.6024348629301772,0,True,0.026959772940363076,completed,completed,30
6706->10589,6706,10589,1,"(11871,)",0.5,1,0.5,228.6,0.463,False,11012.0,311.8830479882613,1651.362119297473,179.44413939610317,0.0,1665.7176504491613,0.15126386219116975,0.6170123704244538,0,True,0.03025277243823395,completed,completed,30
6750->8351,6750,8351,1,"(11985,)",0.5,1,0.5,152.4,0.509,False,11012.0,1464.4724489491575,1268.433243192352,862.8671669208435,0.0,1337.4626165460195,0.12145501421594801,0.5604642592274757,0,True,0.024291002843189604,completed,completed,30
6802->11952,6802,11952,1,"(12054,)",0.25,2,0.5,177.8,0.509,False,11012.0,1044.227796590538,915.759313256918,274.6692043531897,0.0,937.7328496051731,0.08515554391619806,0.5632280359811533,0,True,0.01703110878323961,completed,completed,30
6887->10596,6887,10596,1,"(12158,)",0.5,1,0.5,177.8,0.509,False,11012.0,1173.0486768007795,1919.0395118893116,691.1602803710192,0.0,1974.3323343189932,0.1792891694804752,0.5864841830323325,0,True,0.035857833896095044,completed,completed,30
6944->6940,6944,6940,1,"(12284,)",0.5,1,0.5,177.8,0.509,False,11012.0,943.0262471018868,1784.2671479711455,434.0867693690873,0.0,1818.9940895206726,0.16518289952058415,0.581685982816041,0,True,0.03303657990411683,completed,completed,30
6954->6955,6954,6955,1,"(12292,)",0.5,1,0.5,228.6,0.463,False,11012.0,206.98950968334861,1035.4557531145856,151.57277277267025,0.0,1047.5815749363992,0.09513090945662905,0.5988633056592696,0,True,0.01902618189132581,completed,completed,30
6968->6978,6968,6978,1,"(12308,)",0.5,1,0.5,228.6,0.463,False,11012.0,875.8622959139619,4391.47722616347,641.3700721442693,0.0,4442.786831935011,0.40344958517390217,0.6572324626539024,0,True,0.08068991703478044,completed,completed,30
6978->6968,6978,6968,1,"(12315,)",0.5,1,0.5,228.6,0.463,False,11012.0,395.8693162098717,1980.4938596638935,289.8843038245924,0.0,2003.684603969861,0.18195464983380502,0.6250618208503176,0,True,0.03639092996676101,completed,completed,30
7041->10606,7041,10606,1,"(12460,)",0.5,1,0.5,228.6,0.463,False,11012.0,703.4321465360659,3637.330742162086,453.2916752278408,0.0,3673.5940761803136,0.3335991714657023,0.6492275922610385,0,True,0.06671983429314046,completed,completed,30
7045->10608,7045,10608,1,"(12475,)",0.5,1,0.5,203.2,0.463,False,11012.0,543.9960954219941,1492.762236106944,398.35350442037833,0.0,1524.6305164605744,0.13845173596627083,0.6035151648422309,0,True,0.027690347193254167,completed,completed,30
7046->8372,7046,8372,1,"(12478,)",0.5,1,0.5,203.2,0.463,False,11012.0,1132.3977935521964,3460.393708714309,651.5331590759243,0.0,3512.5163614403828,0.3189717000944772,0.6361544492744452,0,True,0.06379434001889543,completed,completed,30
7052->7456,7052,7456,1,"(12500,)",0.5,1,0.5,152.4,0.509,False,11012.0,2531.9898897723265,2577.7892774205297,1491.8484430538547,0.0,2697.1371528648383,0.24492709343124214,0.5871508011051986,0,True,0.04898541868624843,completed,completed,30
7424->7513,7424,7513,1,"(13303,)",0.5,1,0.5,127.0,0.564,False,11012.0,3801.2560429965024,3927.210785796574,1553.7634075748206,0.0,4051.5118584025595,0.367917894878547,0.5674189528950417,0,True,0.0735835789757094,completed,completed,30
7455->10608,7455,10608,1,"(13376,)",0.5,1,0.5,177.8,0.509,False,11012.0,946.0000312658051,1541.5959141309447,557.3832184218123,0.0,1586.1865716046898,0.1440416428990819,0.5776748432083836,0,True,0.02880832857981638,completed,completed,30
7474->7463,7474,7463,1,"(13440,)",0.5,1,0.5,127.0,0.564,False,11012.0,2861.342197919766,1743.0538285884288,1336.6555695996624,0.0,1849.9862741564018,0.167997300595387,0.5411619700376077,0,True,0.033599460119077405,completed,completed,30
7555->10164,7555,10164,1,"(13683,)",0.5,1,0.5,177.8,0.509,False,11012.0,800.314446945212,1171.403063340071,535.846900159226,0.0,1214.270815352809,0.1102679636172184,0.5679621007482928,0,True,0.02205359272344368,completed,completed,30
7585->8366,7585,8366,1,"(13789,)",0.5,1,0.5,152.4,0.509,False,11012.0,2468.268218682221,3123.317306631145,1136.1747144121598,0.0,3214.2112837841178,0.2918826084075661,0.5920552355292072,0,True,0.05837652168151322,completed,completed,30
7589->7590,7589,7590,1,"(13806,)",0.5,1,0.5,127.0,0.564,False,11012.0,3622.075458578437,2497.4898220300242,1895.0698799282386,0.0,2649.0954124242835,0.24056442176028728,0.5543387314938919,0,True,0.04811288435205746,completed,completed,30
7590->7589,7590,7589,1,"(13808,)",0.5,1,0.5,127.0,0.564,False,11012.0,3624.8160672030835,2503.1597478847384,1896.5037663606536,0.0,2654.880049193591,0.2410897247723929,0.5544114215180087,0,True,0.048217944954478585,completed,completed,30
7590->7592,7590,7592,1,"(13810,)",0.5,1,0.5,127.0,0.564,False,11012.0,1553.7542030790373,812.0616404285878,700.7967233197867,0.0,868.1253782941708,0.0788344876765502,0.5121634375582478,0,True,0.01576689753531004,completed,completed,30
7591->7590,7591,7590,1,"(13811,)",0.5,1,0.5,127.0,0.564,False,11012.0,2531.2946204961595,954.6574903849486,1379.555568170407,0.0,1065.0219358385812,0.0967146690736089,0.5235173266817391,0,True,0.019342933814721783,completed,completed,30
7638->10383,7638,10383,1,"(13962,)",0.5,1,0.5,127.0,0.564,False,11012.0,2338.4997641342416,1808.5068919643431,849.654914302108,0.0,1876.4792851085117,0.17040313159358078,0.5393829319999187,0,True,0.03408062631871616,completed,completed,30
8327->10366,8327,10366,1,"(15282,)",0.5,1,0.5,127.0,0.564,False,11012.0,2968.265858054826,1871.6517811420267,1386.604193691326,0.0,1982.5801166373328,0.18003815080251842,0.543606686916971,0,True,0.036007630160503686,completed,completed,30
8351->6750,8351,6750,1,"(15311,)",0.5,1,0.5,152.4,0.509,False,11012.0,1414.828320096376,1221.943776192344,833.6168462007847,0.0,1288.6331238884068,0.1170208067461321,0.5589900841406303,0,True,0.023404161349226422,completed,completed,30
8371->4431,8371,4431,1,"(15353,)",0.5,1,0.5,203.2,0.463,False,11012.0,1878.86180366969,5446.450795861915,1375.8392571417592,0.0,5556.517936433256,0.5045875350920138,0.6552236585787734,0,True,0.10091750701840277,completed,completed,30
8372->10601,8372,10601,1,"(15360,)",0.5,1,0.5,228.6,0.463,False,11012.0,1355.5736966472941,7024.483683288631,909.928843874496,0.0,7097.2779907985905,0.6445039948055385,0.6758327187828903,0,True,0.1289007989611077,completed,completed,30
8372->7046,8372,7046,1,"(15358,)",0.5,1,0.5,203.2,0.463,False,11012.0,1358.1546305638285,4180.222017380322,781.4239677994027,0.0,4242.735934804274,0.38528295811880436,0.6437159109930369,0,True,0.07705659162376088,completed,completed,30
8377->10595,8377,10595,1,"(15370,)",0.5,1,0.5,228.6,0.463,False,11012.0,514.3982466689033,2658.112888952696,331.47823015344125,0.0,2684.631147364971,0.2437914227538114,0.6365542492831135,0,True,0.04875828455076228,completed,completed,30
8380->6882,8380,6882,1,"(15378,)",0.5,1,0.5,177.8,0.509,False,11012.0,1104.2649004035472,1803.9049281692796,650.63287931777,0.0,1855.9555585147011,0.16853937145974401,0.5839994083457349,0,True,0.033707874291948804,completed,completed,30
8383->6274,8383,6274,1,"(15390,)",0.5,1,0.5,177.8,0.509,False,11012.0,990.5528413463879,1742.5046735078827,521.101548322582,0.0,1784.1927973736892,0.16202259329583085,0.5816508521243947,0,True,0.03240451865916617,completed,completed,30
8386->6272,8386,6272,1,"(15398,)",0.5,1,0.5,152.4,0.509,False,11012.0,2396.8171794988702,2668.972145018211,1260.8970376435127,0.0,2769.843908029692,0.25152959571646316,0.587338809496023,0,True,0.05030591914329263,completed,completed,30
8531->10841,8531,10841,1,"(15627,)",0.5,1,0.5,127.0,0.564,False,11012.0,3647.125057905878,3531.2891929111065,1490.762367419028,0.0,3650.550182304629,0.3315065548769187,0.5638884255327445,0,True,0.06630131097538375,completed,completed,30
8652->6261,8652,6261,1,"(15808,)",0.5,1,0.5,177.8,0.509,False,11012.0,675.6571651779728,1210.5573041788607,343.18724286453585,0.0,1238.0122836080236,0.11242392695314417,0.5666904500726675,0,True,0.022484785390628835,completed,completed,30
8771->10561,8771,10561,1,"(15979,)",0.5,1,0.5,127.0,0.564,False,11012.0,2520.6786918912835,1399.9196714540403,1177.517046069214,0.0,1494.1210351395775,0.1356811691917524,0.5334697579783683,0,True,0.027136233838350482,completed,completed,30
8972->10868,8972,10868,1,"(16500,)",0.5,1,0.5,88.9,0.637,False,11012.0,3809.5100365003555,636.5816433247062,1481.6272963388885,0.0,755.1118270318173,0.0685717242128421,0.4668698051057087,0,True,0.013714344842568421,completed,completed,30
8992->9005,8992,9005,1,"(16570,)",0.25,2,0.5,152.4,0.509,False,11012.0,2853.066369275465,1161.4815483503041,875.5347420714083,0.0,1231.5243277160168,0.11183475551362303,0.5652943871963705,0,True,0.022366951102724606,completed,completed,30
9625->10629,9625,10629,1,"(17569,)",0.5,1,0.5,177.8,0.509,False,11012.0,1208.275457192278,1978.338517612797,711.9158993776903,0.0,2035.2917895630121,0.18482489916118888,0.5877048359720692,0,True,0.03696497983223778,completed,completed,30
10558->5499,10558,5499,1,"(20038,)",0.51,1,0.51,127.0,0.564,False,11232.24,3269.4585359778994,1913.6147440378345,1744.79232014411,0.0,2053.198129649363,0.18279507290169755,0.5456940013620464,0,True,0.03655901458033951,completed,completed,30
10565->5792,10565,5792,1,"(20070,)",0.51,1,0.51,127.0,0.564,False,11232.24,3180.71024298849,2207.5948914602263,1515.5629920662586,0.0,2328.839930825527,0.20733530718944104,0.5491156565392155,0,True,0.04146706143788821,completed,completed,30
10571->5870,10571,5870,1,"(20099,)",0.51,1,0.51,127.0,0.564,False,11232.24,3890.2304160423814,2982.78642634058,2162.57908827796,0.0,3155.7927534028167,0.2809584511551406,0.5602884615328153,0,True,0.05619169023102813,completed,completed,30
10583->8385,10583,8385,1,"(20162,)",0.51,1,0.51,177.8,0.509,False,11232.24,1792.112403833801,3079.863599757928,1077.030880905653,0.0,3166.0260702303804,0.2818695175877991,0.6050537783564613,0,True,0.056373903517559824,completed,completed,30
10584->6287,10584,6287,1,"(20166,)",0.51,1,0.51,152.4,0.509,False,11232.24,2060.7383646645667,1938.1334361581785,1238.47078534957,0.0,2037.2110989861442,0.18137175656735827,0.5766161733456168,0,True,0.036274351313471655,completed,completed,30
10584->8385,10584,8385,1,"(20167,)",0.51,1,0.51,177.8,0.509,False,11232.24,1218.2726638734575,2035.1169543305884,732.162378625326,0.0,2093.6899446206144,0.1864000363792631,0.5886303172896494,0,True,0.03728000727585262,completed,completed,30
10588->6706,10588,6706,1,"(20186,)",0.51,1,0.51,228.6,0.463,False,11232.24,422.8802699917158,2228.5847172280646,277.95412690231484,0.0,2250.8210473802496,0.2003893299448952,0.6292157267221401,0,True,0.04007786598897904,completed,completed,30
10589->8381,10589,8381,1,"(20192,)",0.51,1,0.51,203.2,0.463,False,11232.24,1174.281596738952,3664.014076714844,689.143930497636,0.0,3719.145591154655,0.33111343695956064,0.6382391086962131,0,True,0.06622268739191213,completed,completed,30
10596->8377,10596,8377,1,"(20225,)",0.51,1,0.51,203.2,0.463,False,11232.24,399.01351945431657,1183.1011325991674,262.2667981750888,0.0,1204.0824764531744,0.10719878461047613,0.5931719854334713,0,True,0.021439756922095227,completed,completed,30
10599->6950,10599,6950,1,"(20239,)",0.51,1,0.51,177.8,0.509,False,11232.24,1957.7753498893564,3087.8859850135564,1337.0359782703465,0.0,3194.848863275184,0.28443559461649537,0.6062849764572851,0,True,0.056887118923299076,completed,completed,30
10599->7037,10599,7037,1,"(20241,)",0.51,1,0.51,177.8,0.509,False,11232.24,1619.3633027492235,2479.4381752670793,1105.9220853857264,0.0,2567.9119420979373,0.22861975368207388,0.597762796779985,0,True,0.045723950736414776,completed,completed,30
10601->7043,10601,7043,1,"(20249,)",0.51,1,0.51,228.6,0.463,False,11232.24,698.9149876169698,3650.520201844324,478.52961914664877,0.0,3688.802571376056,0.328412015001109,0.6492795320330949,0,True,0.06568240300022181,completed,completed,30
10602->6999,10602,6999,1,"(20254,)",0.51,1,0.51,177.8,0.509,False,11232.24,1725.4031716453096,2662.0228751091304,1178.3405678500962,0.0,2756.290120537138,0.24539095679375958,0.6005455131697703,0,True,0.04907819135875192,completed,completed,30
10605->7041,10605,7041,1,"(20269,)",0.51,1,0.51,203.2,0.463,False,11232.24,719.6481633362542,2230.417491576068,422.33580534192845,0.0,2264.2043560034226,0.20158083837270416,0.6182435299319589,0,True,0.04031616767454083,completed,completed,30
10606->7044,10606,7044,1,"(20276,)",0.51,1,0.51,228.6,0.463,False,11232.24,370.2099357652219,1889.122542713697,276.5165321127854,0.0,1911.2438652827198,0.17015696470897343,0.622937748473585,0,True,0.034031392941794684,completed,completed,30
10621->7586,10621,7586,2,"(28027, 28031)",0.51,1,0.51,127.0,0.564,False,11232.24,6994.298743087733,2767.136173676341,1666.3417162639164,0.0,2900.4435109774545,0.2582248519420396,0.5641899048779144,0,True,0.05164497038840792,completed,completed,30
10630->9625,10630,9625,1,"(20382,)",0.51,1,0.51,177.8,0.509,False,11232.24,1829.1621890626166,3153.0729549707644,1099.2972090316075,0.0,3241.016731693293,0.2885458939350738,0.6059684570677182,0,True,0.05770917878701476,completed,completed,30
10632->10626,10632,10626,1,"(20392,)",0.51,1,0.51,127.0,0.564,False,11232.24,3166.0791062563117,1764.1145642785907,1689.6224401611685,0.0,1899.284359491484,0.16909221664525367,0.54304187206198,0,True,0.033818443329050735,completed,completed,30
10909->2229,10909,2229,1,"(21649,)",0.51,1,0.51,127.0,0.564,False,11232.24,4050.236464489926,4897.55127467644,1637.4737822617822,0.0,5028.549177257382,0.4476889006340127,0.5744945244747997,0,True,0.08953778012680254,completed,completed,30
12099->7003,12099,7003,1,"(25093,)",0.51,1,0.51,63.5,0.637,False,11232.24,4097.441809906213,796.2304731500466,1422.2988792523824,0.0,910.0143834902372,0.08101806794461631,0.45623911623302965,0,True,0.016203613588923263,completed,completed,30
12220->12331,12220,12331,1,"(25467,)",0.51,1,0.51,127.0,0.564,False,11232.24,2165.5232508300815,1672.3613282249696,802.5429167576284,0.0,1736.5647615655798,0.1546053825030074,0.5362564368745444,0,True,0.030921076500601483,completed,completed,30
12331->12220,12331,12220,1,"(25831,)",0.51,1,0.51,127.0,0.564,False,11232.24,1585.3972266719495,1172.3449041074373,587.5482122046246,0.0,1219.3487610838072,0.10855793333153559,0.5224147745139454,0,True,0.02171158666630712,completed,completed,30
4053->6624,4053,6624,1,"(6008,)",0.51,1,0.51,127.0,0.564,False,11232.24,2408.7156582715565,1731.9849917761496,973.8218432241152,0.0,1809.8907392340789,0.16113355298979357,0.5386380107661695,0,True,0.032226710597958716,completed,completed,30
4429->8386,4429,8386,1,"(6765,)",0.51,1,0.51,127.0,0.564,False,11232.24,4027.949907872106,4129.429609767328,1919.2605889595177,0.0,4282.970456884089,0.38131044714892925,0.5696920103929873,0,True,0.07626208942978585,completed,completed,30
4431->2084,4431,2084,1,"(6770,)",0.51,1,0.51,203.2,0.463,False,11232.24,1087.986232809752,2727.093592185141,993.2226319320226,0.0,2806.551402739703,0.24986569043571924,0.6290889436093287,0,True,0.04997313808714385,completed,completed,30
4432->5507,4432,5507,1,"(6775,)",0.51,1,0.51,127.0,0.564,False,11232.24,1947.4157498715824,1072.5413006219665,895.9186885685073,0.0,1144.2147957074471,0.10186879871757078,0.5227776449201113,0,True,0.020373759743514158,completed,completed,30
5344->10332,5344,10332,1,"(9465,)",0.51,1,0.51,127.0,0.564,False,11232.24,2803.653228219024,868.8334209041086,1700.2372686184972,0.0,1004.8524023935884,0.08946144334465685,0.5229138675610194,0,True,0.01789228866893137,completed,completed,30
5567->5565,5567,5565,1,"(9876,)",0.51,1,0.51,127.0,0.564,False,11232.24,2238.198821072477,1569.4577997912895,904.883436097593,0.0,1641.8484746790969,0.14617284483585616,0.5349594216845587,0,True,0.029234568967171234,completed,completed,30
6145->10576,6145,10576,1,"(10860,)",0.51,1,0.51,127.0,0.564,False,11232.24,4589.524137422652,5769.969090709243,2449.2638092735224,0.0,5965.910195451124,0.5311416240617298,0.5809082437384463,0,True,0.10622832481234597,completed,completed,30
6163->8402,6163,8402,1,"(10865,)",0.51,1,0.51,127.0,0.564,False,11232.24,3185.1573069578853,2214.442003128487,1517.6819545181904,0.0,2335.8565594899424,0.2079599936869175,0.549219764538827,0,True,0.041591998737383507,completed,completed,30
6265->6262,6265,6262,1,"(11000,)",0.51,1,0.51,177.8,0.509,False,11232.24,2024.3092902425,3556.6134471590312,1216.5774944870986,0.0,3653.939646717999,0.32530818845733345,0.610616453873124,0,True,0.0650616376914667,completed,completed,30
6274->6270,6274,6270,1,"(11020,)",0.51,1,0.51,177.8,0.509,False,11232.24,1295.0751427982996,2338.0062664929933,694.9280710888333,0.0,2393.6005121801,0.21310090526734649,0.5932513168309886,0,True,0.0426201810534693,completed,completed,30
6287->10584,6287,10584,1,"(11051,)",0.51,1,0.51,152.4,0.509,False,11232.24,2419.846777535786,2442.8971581656224,1454.2891957505667,0.0,2559.240293825668,0.22784772172119433,0.5851065430993023,0,True,0.04556954434423887,completed,completed,30
6706->10588,6706,10588,1,"(11870,)",0.51,1,0.51,228.6,0.463,False,11232.24,423.03406867102586,2229.395630294948,278.0552169286412,0.0,2251.6400476492395,0.20046224507749474,0.6292304298179082,0,True,0.04009244901549895,completed,completed,30
6707->6704,6707,6704,1,"(11873,)",0.51,1,0.51,177.8,0.509,False,11232.24,1488.2524252310982,2261.3790823215163,1016.3816994603253,0.0,2342.6896182783426,0.20856833706173858,0.5941308784265745,0,True,0.04171366741234772,completed,completed,30
6866->6838,6866,6838,1,"(12110,)",0.51,1,0.51,228.6,0.463,False,11232.24,194.52947617705152,1050.5658332794258,114.16240208701949,0.0,1059.6988254463872,0.09434438949367065,0.5985293773935678,0,True,0.01886887789873413,completed,completed,30
6882->6885,6882,6885,1,"(12137,)",0.51,1,0.51,177.8,0.509,False,11232.24,1050.776013964381,1749.1892865573395,631.4995719763696,0.0,1799.709252315449,0.16022710094473133,0.5825494917469874,0,True,0.032045420188946266,completed,completed,30
6883->8378,6883,8378,1,"(12142,)",0.51,1,0.51,177.8,0.509,False,11232.24,648.966472854426,1161.4144516075448,348.23077385887893,0.0,1189.2729135162551,0.10588029756453345,0.5650655221722656,0,True,0.02117605951290669,completed,completed,30
6950->10599,6950,10599,1,"(12289,)",0.51,1,0.51,177.8,0.509,False,11232.24,1493.9168889825783,2270.648494485091,1020.2501677367111,0.0,2352.268507904028,0.20942114020925728,0.5942928231910064,0,True,0.04188422804185146,completed,completed,30
6978->8375,6978,8375,1,"(12317,)",0.51,1,0.51,228.6,0.463,False,11232.24,809.1486842801274,4135.550919239487,604.3678640830867,0.0,4183.900348366134,0.3724902911944664,0.6545956087064938,0,True,0.07449805823889329,completed,completed,30
7040->7042,7040,7042,1,"(12455,)",0.51,1,0.51,228.6,0.463,False,11232.24,359.7902980146847,1877.6413506054844,246.33942229320425,0.0,1897.3485043889407,0.16891986855595506,0.6224117846018766,0,True,0.03378397371119101,completed,completed,30
7041->10605,7041,10605,1,"(12459,)",0.51,1,0.51,203.2,0.463,False,11232.24,838.589560188151,2601.4833240148246,492.13826324727626,0.0,2640.854385074607,0.23511377829129423,0.6244553219615195,0,True,0.04702275565825885,completed,completed,30
7042->7040,7042,7040,1,"(12461,)",0.51,1,0.51,228.6,0.463,False,11232.24,554.8017987480797,2896.210804204031,379.8589215578414,0.0,2926.5995179286583,0.26055350650704207,0.639926853299321,0,True,0.052110701301408414,completed,completed,30
7042->7043,7042,7043,1,"(12462,)",0.51,1,0.51,228.6,0.463,False,11232.24,356.46708581502287,1860.2941379372537,244.06410198040075,0.0,1879.8192660956859,0.16735925034505014,0.622036704036119,0,True,0.03347185006901003,completed,completed,30
7043->10601,7043,10601,1,"(12468,)",0.51,1,0.51,228.6,0.463,False,11232.24,497.66042425698527,2597.587061557339,340.73565097815134,0.0,2624.845913635591,0.2336885530967635,0.6355289064161426,0,True,0.0467377106193527,completed,completed,30
7043->7042,7043,7042,1,"(12466,)",0.51,1,0.51,228.6,0.463,False,11232.24,605.2338555214174,3159.954295813527,414.3884900291264,0.0,3193.105375015857,0.28428037283888674,0.6434488880510474,0,True,0.05685607456777735,completed,completed,30
7044->10606,7044,10606,1,"(12471,)",0.51,1,0.51,228.6,0.463,False,11232.24,248.97129146164704,1270.3870240170293,185.96118434345797,0.0,1285.263918764506,0.11442632268937504,0.6069063655023574,0,True,0.02288526453787501,completed,completed,30
7455->8371,7455,8371,1,"(13375,)",0.51,1,0.51,177.8,0.509,False,11232.24,2594.961727383682,4865.100773156133,1624.5109153853698,0.0,4995.061646386963,0.4447075246243815,0.6225613889057549,0,True,0.0889415049248763,completed,completed,30
7562->10616,7562,10616,1,"(13709,)",0.51,1,0.51,152.4,0.509,False,11232.24,2542.558031530723,2517.3338326115468,1591.704891689021,0.0,2644.6702239466686,0.23545350027658496,0.5866157848198011,0,True,0.04709070005531699,completed,completed,30
7566->7474,7566,7474,1,"(13722,)",0.51,1,0.51,127.0,0.564,False,11232.24,2147.883930557102,1132.3507981421938,1023.4360088543084,0.0,1214.2256788505383,0.108101828206176,0.5255991768837986,0,True,0.021620365641235203,completed,completed,30
7586->10621,7586,10621,1,"(13795,)",0.51,1,0.51,127.0,0.564,False,11232.24,3523.1335157933577,2820.2939240339465,1678.7227897967384,0.0,2954.5917472176857,0.26304563891242405,0.5572615833834449,0,True,0.05260912778248481,completed,completed,30
7895->7007,7895,7007,1,"(14757,)",0.51,1,0.51,152.4,0.509,False,11232.24,2135.2846754734833,1923.9982919001297,1336.7415889632875,0.0,2030.9376190171927,0.18081323217961803,0.5769123044295832,0,True,0.03616264643592361,completed,completed,30
8082->8083,8082,8083,1,"(15036,)",0.17,3,0.51,127.0,0.564,False,11232.24,5262.308918563909,1768.041466767203,450.0488504353351,0.0,1804.0453748020298,0.16061314348714323,0.5470600923828911,0,True,0.03212262869742865,completed,completed,30
8085->8081,8085,8081,1,"(15039,)",0.17,3,0.51,127.0,0.564,False,11232.24,7653.272294598115,2750.066464062193,654.5313951641682,0.0,2802.4289756753265,0.24949867307637003,0.5641556980290282,0,True,0.049899734615274006,completed,completed,30
8096->8092,8096,8092,1,"(15051,)",0.17,3,0.51,127.0,0.564,False,11232.24,8021.0205564179505,2932.0208233344106,685.9823580481138,0.0,2986.8994119782596,0.26592197210692253,0.5665508830316077,0,True,0.05318439442138451,completed,completed,30
8352->4403,8352,4403,1,"(15314,)",0.51,1,0.51,152.4,0.509,False,11232.24,1936.5331184588215,1464.7996731000726,1322.5288859816549,0.0,1570.601983978605,0.13982980990244198,0.5682546970004477,0,True,0.027965961980488396,completed,completed,30
8371->7045,8371,7045,1,"(15354,)",0.51,1,0.51,203.2,0.463,False,11232.24,648.2789931010485,2097.023756922772,332.89531470109523,0.0,2123.6553820988597,0.18906784239820906,0.6152132538135683,0,True,0.03781356847964182,completed,completed,30
8378->6866,8378,6866,1,"(15373,)",0.51,1,0.51,203.2,0.463,False,11232.24,397.18878390456274,1229.776991408693,233.095911959877,0.0,1248.424664365483,0.11114654462204182,0.5941901730252526,0,True,0.022229308924408366,completed,completed,30
8381->10589,8381,10589,1,"(15384,)",0.51,1,0.51,203.2,0.463,False,11232.24,835.4311173795536,2591.605957455183,490.2846859644393,0.0,2630.8287323323384,0.23422120007517097,0.6243018514885249,0,True,0.0468442400150342,completed,completed,30
8385->10583,8385,10583,1,"(15395,)",0.51,1,0.51,177.8,0.509,False,11232.24,1392.0665940083275,2338.2455280691192,836.6097499335007,0.0,2405.1743080637993,0.21413131379527142,0.5941806332653006,0,True,0.04282626275905429,completed,completed,30
8385->10584,8385,10584,1,"(15396,)",0.51,1,0.51,177.8,0.509,False,11232.24,1564.9361770212865,2649.409942524413,940.5016034109609,0.0,2724.65007079729,0.24257406098848405,0.5991407736933071,0,True,0.048514812197696815,completed,completed,30
8402->6163,8402,6163,1,"(15409,)",0.51,1,0.51,127.0,0.564,False,11232.24,3264.247421061044,2340.715185254649,1555.3672640295727,0.0,2465.1445663770146,0.21947043211122755,0.5510787028026068,0,True,0.043894086422245515,completed,completed,30
8478->12328,8478,12328,1,"(15529,)",0.51,1,0.51,107.95,0.564,False,11232.24,3579.880856474914,2633.7160952982777,1326.7038454096034,0.0,2739.852402931046,0.24392751605477145,0.5425062858029308,0,True,0.04878550321095429,completed,completed,30
8696->2069,8696,2069,1,"(15830,)",0.51,1,0.51,203.2,0.463,False,11232.24,547.9113650430477,1597.1026540546072,375.14121386084867,0.0,1627.1139511634751,0.14486103850732135,0.6055148212204378,0,True,0.028972207701464272,completed,completed,30
9625->10630,9625,10630,1,"(17570,)",0.51,1,0.51,177.8,0.509,False,11232.24,1399.9827411557505,2352.256968247342,841.3672277107476,0.0,2419.5663464642016,0.2154126288669225,0.594418672683064,0,True,0.043082525773384506,completed,completed,30
10543->5017,10543,5017,1,"(19968,)",0.52,1,0.52,127.0,0.564,False,11452.48,3573.000778314985,3492.3002197834744,1518.8826308617004,0.0,3613.8108302524106,0.31554832056047344,0.56336573594906,0,True,0.06310966411209469,completed,completed,30
10582->6267,10582,6267,1,"(20157,)",0.52,1,0.52,177.8,0.509,False,11452.48,1918.5465719329216,3399.2846374060005,1175.6239457901927,0.0,3493.334553069216,0.30502865345053787,0.6087035347065162,0,True,0.061005730690107576,completed,completed,30
10599->6944,10599,6944,1,"(20238,)",0.52,1,0.52,177.8,0.509,False,11452.48,857.204982737962,1305.5284416133566,596.895207798154,0.0,1353.2800582372088,0.11816480432510765,0.5719109807768559,0,True,0.02363296086502153,completed,completed,30
10600->6955,10600,6955,1,"(20243,)",0.52,1,0.52,228.6,0.463,False,11452.48,1216.684801171237,6383.868699462162,926.582901488335,0.0,6457.995331581229,0.5638949233337434,0.6718656108251535,0,True,0.11277898466674868,completed,completed,30
10616->8324,10616,8324,1,"(20323,)",0.52,1,0.52,127.0,0.564,False,11452.48,1483.1531377339768,470.4221773856727,840.6511984676181,0.0,537.6742732630821,0.04694828310226974,0.4975175470338093,0,True,0.009389656620453948,completed,completed,30
4431->8696,4431,8696,1,"(6772,)",0.52,1,0.52,228.6,0.463,False,11452.48,743.626536969526,3873.338576472238,566.3189295910103,0.0,3918.644090839519,0.34216554762283097,0.6517407096035611,0,True,0.0684331095245662,completed,completed,30
5015->10548,5015,10548,1,"(8601,)",0.52,1,0.52,127.0,0.564,False,11452.48,2888.231881409198,1957.375277048023,1354.7998596270902,0.0,2065.75926581819,0.1803765879371272,0.5445229272746089,0,True,0.03607531758742544,completed,completed,30
6142->6163,6142,6163,1,"(10857,)",0.52,1,0.52,127.0,0.564,False,11452.48,3530.8989095561187,2409.4713401282743,1921.2609618589522,0.0,2563.1722170769904,0.2238093598135068,0.5530866652245756,0,True,0.044761871962701365,completed,completed,30
6163->6142,6163,6142,1,"(10864,)",0.52,1,0.52,127.0,0.564,False,11452.48,4117.77161909065,3940.9855858630103,2240.5948355525584,0.0,4120.233172707215,0.3597677684403042,0.5687877374211235,0,True,0.07195355368806085,completed,completed,30
6266->6272,6266,6272,1,"(11007,)",0.52,1,0.52,177.8,0.509,False,11452.48,1386.2695302075892,2559.1058833427687,758.4478638270036,0.0,2619.781712448929,0.22875234992324187,0.5966603310835048,0,True,0.04575046998464838,completed,completed,30
6267->10582,6267,10582,1,"(11010,)",0.52,1,0.52,177.8,0.509,False,11452.48,2224.6872784861744,4088.849651389126,1363.2171742634164,0.0,4197.907025330199,0.36655004202846886,0.6157458698065787,0,True,0.07331000840569378,completed,completed,30
6272->6266,6272,6266,1,"(11016,)",0.52,1,0.52,177.8,0.509,False,11452.48,1889.4223559370073,3591.602228006249,1033.7299626810786,0.0,3674.300625020735,0.32083012806140987,0.6100292233246326,0,True,0.06416602561228198,completed,completed,30
6624->6479,6624,6479,1,"(11662,)",0.52,1,0.52,127.0,0.564,False,11452.48,2958.9557779916836,2675.068058092281,1118.0907566437909,0.0,2764.515318623784,0.24139010228559962,0.5533948306398606,0,True,0.04827802045711993,completed,completed,30
6704->6702,6704,6702,1,"(11862,)",0.52,1,0.52,177.8,0.509,False,11452.48,1106.1382662524995,1691.0267740925426,770.2342421988769,0.0,1752.6455134684527,0.15303633042524,0.5823260011657312,0,True,0.030607266085048004,completed,completed,30
6707->8382,6707,8382,1,"(11874,)",0.52,1,0.52,177.8,0.509,False,11452.48,1211.8051386830525,2000.6324433515283,773.4952200213925,0.0,2062.5120609532396,0.18009305067140388,0.5881290959106358,0,True,0.03601861013428078,completed,completed,30
6838->6831,6838,6831,1,"(12079,)",0.52,1,0.52,228.6,0.463,False,11452.48,215.14977672093576,1184.7127464218147,128.7394792533302,0.0,1195.011904762081,0.10434525140075172,0.603171185352511,0,True,0.020869050280150347,completed,completed,30
6865->8380,6865,8380,1,"(12108,)",0.52,1,0.52,177.8,0.509,False,11452.48,1488.8273597128439,2560.226791252168,912.30576355652,0.0,2633.2112523366895,0.22992498151812443,0.5975890016300072,0,True,0.04598499630362489,completed,completed,30
6955->10600,6955,10600,1,"(12298,)",0.52,1,0.52,228.6,0.463,False,11452.48,564.3878294863212,2937.39765267083,429.81724774298266,0.0,2971.783032490269,0.25948816609941855,0.6405659717024114,0,True,0.051897633219883714,completed,completed,30
7046->7048,7046,7048,1,"(12477,)",0.52,1,0.52,177.8,0.509,False,11452.48,1274.1557166692594,2343.972987590618,697.1087948142757,0.0,2399.74169117576,0.2095390423013845,0.5931496111404968,0,True,0.041907808460276905,completed,completed,30
7048->7046,7048,7046,1,"(12487,)",0.52,1,0.52,177.8,0.509,False,11452.48,1140.295579610262,2091.188915246313,623.8720015416259,0.0,2141.0986753696434,0.18695502418425036,0.588571255227319,0,True,0.037391004836850074,completed,completed,30
7554->7547,7554,7547,1,"(13678,)",0.52,1,0.52,177.8,0.509,False,11452.48,1178.0049942093663,2162.0220960988477,644.5033609747187,0.0,2213.5823649768254,0.19328410658449746,0.5899092435287602,0,True,0.038656821316899494,completed,completed,30
7956->5530,7956,5530,1,"(14891,)",0.26,2,0.52,127.0,0.564,False,11452.48,5139.284565224102,1501.6127172813633,1248.4056392438663,0.0,1601.4851684208727,0.13983741237014802,0.5432840973700366,0,True,0.027967482474029606,completed,completed,30
8382->6707,8382,6707,1,"(15385,)",0.52,1,0.52,177.8,0.509,False,11452.48,1238.4661747970345,2046.114406843136,790.5129593729471,0.0,2109.355443592972,0.18418328987197288,0.5890296280963137,0,True,0.03683665797439458,completed,completed,30
8696->4431,8696,4431,1,"(15831,)",0.52,1,0.52,228.6,0.463,False,11452.48,638.2316959634765,3322.5574288365688,486.05405122047586,0.0,3361.4417529342068,0.2935121260141216,0.6455447789334755,0,True,0.058702425202824315,completed,completed,30
10550->5024,10550,5024,1,"(20002,)",0.53,1,0.53,127.0,0.564,False,11672.720000000001,4344.933340996732,6143.013154347242,1882.5509933203596,0.0,6293.617233812871,0.5391731519142814,0.5818915544267469,0,True,0.10783463038285629,completed,completed,30
10576->8649,10576,8649,1,"(20127,)",0.53,1,0.53,127.0,0.564,False,11672.720000000001,3913.3091877373554,3377.788533397682,2170.2899690456356,0.0,3551.411730921333,0.3042488581000258,0.5638426952161765,0,True,0.060849771620005155,completed,completed,30
10589->6707,10589,6707,1,"(20190,)",0.53,1,0.53,203.2,0.463,False,11672.720000000001,1599.0339368884365,4273.736168343553,1517.0034959260595,0.0,4395.096448017638,0.37652718886580316,0.6465373466053398,0,True,0.07530543777316064,completed,completed,30
10594->6847,10594,6847,1,"(20214,)",0.53,1,0.53,228.6,0.463,False,11672.720000000001,575.5174934812015,3312.991101391547,307.1213134119089,0.0,3337.5608064645,0.28592828462127934,0.6442082975888878,0,True,0.05718565692425587,completed,completed,30
12550->10869,12550,10869,1,"(26527,)",0.53,1,0.53,107.95,0.564,False,11672.720000000001,3443.0103842054045,1600.8483081410623,1704.8803705332534,0.0,1737.2387377837226,0.14882895655714543,0.5286213790877854,0,True,0.029765791311429087,completed,completed,30
6698->6675,6698,6675,1,"(11844,)",0.53,1,0.53,228.6,0.463,False,11672.720000000001,266.81224042170356,1414.8170794155415,207.1020865811483,0.0,1431.3852463420333,0.12262653831686472,0.6108382646649685,0,True,0.024525307663372947,completed,completed,30
6707->10589,6707,10589,1,"(11875,)",0.53,1,0.53,203.2,0.463,False,11672.720000000001,1034.803114800347,2692.025346783068,981.717715011089,0.0,2770.562763983955,0.23735365570183767,0.6281617289159286,0,True,0.04747073114036754,completed,completed,30
6806->6835,6806,6835,1,"(12057,)",0.53,1,0.53,228.6,0.463,False,11672.720000000001,467.21904437832666,2558.960976301719,319.14050932923726,0.0,2584.4922170480577,0.22141302259011245,0.6343844134015589,0,True,0.04428260451802249,completed,completed,30
6847->10594,6847,10594,1,"(12084,)",0.53,1,0.53,228.6,0.463,False,11672.720000000001,710.480500413064,4092.047966978739,379.1434785423039,0.0,4122.379445262123,0.35316356815396266,0.6527419661192819,0,True,0.07063271363079253,completed,completed,30
6999->7048,6999,7048,1,"(12333,)",0.53,1,0.53,177.8,0.509,False,11672.720000000001,893.0805673933211,1541.7742337206894,557.7752545266335,0.0,1586.39625408282,0.13590630582099286,0.5770518148843313,0,True,0.027181261164198573,completed,completed,30
7037->7035,7037,7035,1,"(12449,)",0.53,1,0.53,177.8,0.509,False,11672.720000000001,615.8787994235705,1285.190904908615,274.7488113839927,0.0,1307.1708098193344,0.11198510799705075,0.567287428335113,0,True,0.02239702159941015,completed,completed,30
8687->10581,8687,10581,1,"(15821,)",0.53,1,0.53,127.0,0.564,False,11672.720000000001,3315.2517181208655,2522.028721265215,1641.6179293357923,0.0,2653.3581556120785,0.22731275620524422,0.5534214886856618,0,True,0.045462551241048844,completed,completed,30
10581->6256,10581,6256,1,"(20149,)",0.54,1,0.54,127.0,0.564,False,11892.960000000001,4137.22177127761,4759.173374561032,2087.287486777716,0.0,4926.156373503249,0.41420776438357215,0.5741182074447142,0,True,0.08284155287671444,completed,completed,30
12323->10539,12323,10539,1,"(25800,)",0.27,2,0.54,88.9,0.637,False,11892.960000000001,4662.831501458328,405.7589638630817,856.8827164836204,0.0,474.30958118177136,0.03988154178453231,0.4553520457935306,0,True,0.007976308356906462,completed,completed,30
12502->12504,12502,12504,1,"(26365,)",0.54,1,0.54,88.9,0.637,False,11892.960000000001,2814.282412459956,171.82071624238696,1379.139096226002,0.0,282.15184394046713,0.023724274187457716,0.43453884913002544,0,True,0.004744854837491544,completed,completed,30
4446->10877,4446,10877,1,"(6821,)",0.54,1,0.54,177.8,0.509,False,11892.960000000001,324.16618015995107,568.9134339831187,206.27861041826267,0.0,585.4157228165797,0.049223719142802096,0.5365911399770312,0,True,0.00984474382856042,completed,completed,30
5017->5015,5017,5015,1,"(8606,)",0.54,1,0.54,127.0,0.564,False,11892.960000000001,2814.078576988624,2235.5699881746923,1242.2749878116283,0.0,2334.9519871996226,0.19633060122960327,0.5478583066095382,0,True,0.03926612024592066,completed,completed,30
5540->7956,5540,7956,1,"(9843,)",0.27,2,0.54,127.0,0.564,False,11892.960000000001,4624.836050108218,1327.6424855741607,1166.6479281830132,0.0,1420.9743198288018,0.11948029084675317,0.5386021073184223,0,True,0.023896058169350635,completed,completed,30
6779->10859,6779,10859,1,"(12035,)",0.54,1,0.54,152.4,0.509,False,11892.960000000001,1298.3045721704348,1204.205698236196,826.1579382366459,0.0,1270.2983332951276,0.10681094809829744,0.5576304864026731,0,True,0.02136218961965949,completed,completed,30
8091->8087,8091,8087,1,"(15045,)",0.18,3,0.54,127.0,0.564,False,11892.960000000001,7902.224307493174,3040.924511861611,715.5768042139204,0.0,3098.1706561987244,0.2605045889499943,0.5674689306825447,0,True,0.05210091778999886,completed,completed,30
10593->6779,10593,6779,1,"(20208,)",0.55,1,0.55,177.8,0.509,False,12113.2,1669.022809214611,3302.3473018774544,965.8277349180122,0.0,3379.6135206708955,0.2790025361317319,0.606207428982836,0,True,0.055800507226346385,completed,completed,30
10611->7450,10611,7450,1,"(20299,)",0.55,1,0.55,177.8,0.509,False,12113.2,1053.477760266096,2040.333521614789,609.6250053425555,0.0,2089.1035220421936,0.17246503995989446,0.5869823813462431,0,True,0.034493007991978894,completed,completed,30
10612->7450,10612,7450,1,"(20304,)",0.55,1,0.55,203.2,0.463,False,12113.2,1395.662247511473,4938.498945810733,772.8915840047127,0.0,5000.33027253111,0.41280010835543945,0.6488676823660089,0,True,0.08256002167108789,completed,completed,30
4434->6130,4434,6130,1,"(6780,)",0.55,1,0.55,127.0,0.564,False,12113.2,3981.1840467114766,3712.283386481742,2291.2510425633895,0.0,3895.5834698868134,0.3215982126842464,0.5667633337824849,0,True,0.06431964253684928,completed,completed,30
6130->4434,6130,4434,1,"(10826,)",0.55,1,0.55,127.0,0.564,False,12113.2,4654.3890940107285,6572.751320612233,2678.694011385055,0.0,6787.046841523037,0.5603017238651253,0.5848720815435399,0,True,0.11206034477302507,completed,completed,30
6258->6257,6258,6257,1,"(10983,)",0.55,1,0.55,152.4,0.509,False,12113.2,2379.339604590709,2566.0024195720375,1542.0975845273301,0.0,2689.370226334224,0.22201979875955352,0.5863879227409985,0,True,0.04440395975191071,completed,completed,30
6385->6438,6385,6438,1,"(11282,)",0.55,1,0.55,177.8,0.509,False,12113.2,534.5259378277564,1031.307381941418,309.3187060936835,0.0,1056.0528784289127,0.08718198976562036,0.5594456913932788,0,True,0.017436397953124072,completed,completed,30
6672->6675,6672,6675,1,"(11777,)",0.55,1,0.55,203.2,0.463,False,12113.2,280.81361416916496,847.3145406425405,226.19536621326233,0.0,865.4101699396015,0.07144356321530243,0.5796012620089875,0,True,0.014288712643060487,completed,completed,30
6675->6672,6675,6672,1,"(11784,)",0.55,1,0.55,203.2,0.463,False,12113.2,1003.764370828306,3042.644240437664,808.5322007022005,0.0,3107.32681649384,0.25652402474109565,0.6312193889693628,0,True,0.05130480494821913,completed,completed,30
6779->10593,6779,10593,1,"(12034,)",0.55,1,0.55,177.8,0.509,False,12113.2,1312.5794206019264,2556.7643207670217,759.5615840004647,0.0,2617.529247487059,0.2160889977451919,0.5960398372191538,0,True,0.043217799549038385,completed,completed,30
7047->2825,7047,2825,1,"(12480,)",0.55,1,0.55,203.2,0.463,False,12113.2,933.5592630700161,3264.2074184315275,516.9876156519922,0.0,3305.566427683687,0.27288961031632325,0.6322570435560001,0,True,0.05457792206326465,completed,completed,30
7450->10611,7450,10611,1,"(13368,)",0.55,1,0.55,177.8,0.509,False,12113.2,1959.9656181319206,3965.9302126090165,1134.1901039496968,0.0,4056.6654209249923,0.33489626365658887,0.6133539664951655,0,True,0.06697925273131777,completed,completed,30
7450->10612,7450,10612,1,"(13369,)",0.55,1,0.55,203.2,0.463,False,12113.2,445.3411021095519,1552.7101513762225,246.62155220260527,0.0,1572.439875552431,0.1298120955282197,0.6022499892517768,0,True,0.025962419105643942,completed,completed,30
9624->10629,9624,10629,1,"(17566,)",0.55,1,0.55,177.8,0.509,False,12113.2,1924.3450373723497,3880.9748476526433,1113.5772371622922,0.0,3970.0610266256267,0.32774667524895373,0.6125164330130342,0,True,0.06554933504979076,completed,completed,30
10374->7565,10374,7565,1,"(19233,)",0.56,1,0.56,127.0,0.564,False,12333.44,1804.6780352521569,1483.1174786258566,734.3836484786111,0.0,1541.8681705041456,0.1250152569359518,0.5307575674704322,0,True,0.02500305138719036,completed,completed,30
10577->6145,10577,6145,1,"(20129,)",0.56,1,0.56,127.0,0.564,False,12333.44,4977.676509945227,8769.257489035619,2916.8387920037444,0.0,9002.60459239592,0.729934599949075,0.5939526953596793,0,True,0.145986919989815,completed,completed,30
2090->8364,2090,8364,1,"(2328,)",0.28,2,0.56,127.0,0.564,False,12333.44,3458.63932437165,952.8368007447808,904.7800472556237,0.0,1025.2192045252307,0.0831251625276671,0.525794640401674,0,True,0.016625032505533422,completed,completed,30
5116->5163,5116,5163,1,"(8904,)",0.56,1,0.56,127.0,0.564,False,12333.44,1868.5679761858703,1324.046663693932,855.4304194978915,0.0,1392.4810972537634,0.11290289629282368,0.5281266662343234,0,True,0.02258057925856474,completed,completed,30
5614->8760,5614,8760,1,"(9918,)",0.56,1,0.56,127.0,0.564,False,12333.44,2906.2214400138682,1050.3514147388776,1935.226436710326,0.0,1205.1695296757036,0.09771560324416413,0.5286733802801089,0,True,0.01954312064883283,completed,completed,30
6071->6237,6071,6237,1,"(10749,)",0.56,1,0.56,152.4,0.509,False,12333.44,1908.4521890098142,1928.4486602793102,1259.3952333363327,0.0,2029.2002789462167,0.1645283293992768,0.5756631895926527,0,True,0.03290566587985536,completed,completed,30
6145->10577,6145,10577,1,"(10861,)",0.56,1,0.56,127.0,0.564,False,12333.44,3601.2735774818734,2749.5067709143846,2110.2886960271385,0.0,2918.329866596556,0.23661929409771773,0.5571358121845968,0,True,0.04732385881954355,completed,completed,30
6237->6071,6237,6071,1,"(10959,)",0.56,1,0.56,152.4,0.509,False,12333.44,2449.1603320018476,2734.211145798675,1616.2106997293472,0.0,2863.5080017770224,0.2321743164743188,0.5885568486598358,0,True,0.046434863294863765,completed,completed,30
7565->10374,7565,10374,1,"(13720,)",0.56,1,0.56,127.0,0.564,False,12333.44,1999.203376542678,1667.6404624078864,813.5424940277671,0.0,1732.7238619301077,0.1404899088924183,0.5353201887363686,0,True,0.02809798177848366,completed,completed,30
8760->5614,8760,5614,1,"(15950,)",0.56,1,0.56,127.0,0.564,False,12333.44,2369.9203925255597,647.7757277300058,1578.1084446519294,0.0,774.0244033021602,0.06275819262931998,0.513376907875206,0,True,0.012551638525863995,completed,completed,30
10569->5862,10569,5862,1,"(20091,)",0.57,1,0.57,127.0,0.564,False,12553.679999999998,2346.911886256905,1086.2508872739843,1399.8109007341584,0.0,1198.235759332717,0.09544896471255576,0.5261734142674549,0,True,0.019089792942511154,completed,completed,30
10575->6255,10575,6255,1,"(20120,)",0.57,1,0.57,127.0,0.564,False,12553.679999999998,3928.5140351938126,4274.959192659314,2092.102088627928,0.0,4442.327359749548,0.35386654429215564,0.5704990608959922,0,True,0.07077330885843112,completed,completed,30
10587->6673,10587,6673,1,"(20179,)",0.57,1,0.57,177.8,0.509,False,12553.679999999998,1586.0512644039773,3004.528150943398,1065.3316016849788,0.0,3089.754679078196,0.24612342190323447,0.603002322201274,0,True,0.049224684380646894,completed,completed,30
10611->7546,10611,7546,1,"(20300,)",0.57,1,0.57,177.8,0.509,False,12553.679999999998,1723.3655669728373,3546.015124470098,1033.5392597757598,0.0,3628.6982652521588,0.28905454538049075,0.6086578024930024,0,True,0.05781090907609815,completed,completed,30
10619->5161,10619,5161,1,"(20332,)",0.57,1,0.57,177.8,0.509,False,12553.679999999998,1204.2240064878054,2607.9885351742473,631.9240738045164,0.0,2658.5424610786085,0.21177395481473232,0.5955605806599729,0,True,0.04235479096294647,completed,completed,30
12453->10845,12453,10845,1,"(26206,)",0.57,1,0.57,88.9,0.637,False,12553.679999999998,5151.319071149581,3577.5171535529853,2558.0626296277433,0.0,3782.162163923205,0.3012791598896264,0.5177489124878158,0,True,0.06025583197792528,completed,completed,30
5884->10566,5884,10566,1,"(10446,)",0.57,1,0.57,127.0,0.564,False,12553.679999999998,4341.456767046805,6085.640804860295,2232.287246372011,0.0,6264.2237845700565,0.4989950185579095,0.5817444877169117,0,True,0.0997990037115819,completed,completed,30
6556->7581,6556,7581,1,"(11611,)",0.57,1,0.57,177.8,0.509,False,12553.679999999998,1673.5192876112712,3432.5865159378304,1003.6453779080709,0.0,3512.878146170476,0.27982855594299655,0.6073794971818601,0,True,0.05596571118859931,completed,completed,30
6673->10587,6673,10587,1,"(11781,)",0.57,1,0.57,177.8,0.509,False,12553.679999999998,1776.8575668628955,3408.8190225067765,1193.4939053710045,0.0,3504.2985349364567,0.27914512198307245,0.6079601194614168,0,True,0.055829024396614496,completed,completed,30
6783->6773,6783,6773,1,"(12040,)",0.57,1,0.57,177.8,0.509,False,12553.679999999998,490.62843648107344,909.0444447832635,329.5492332430992,0.0,935.4083834427115,0.07451268340779052,0.5549313133874079,0,True,0.014902536681558104,completed,completed,30
7546->10611,7546,10611,1,"(13654,)",0.57,1,0.57,177.8,0.509,False,12553.679999999998,1416.2908036283516,2869.032626005604,849.3799440245715,0.0,2936.9830215275697,0.2339539498798416,0.60027062176059,0,True,0.046790789975968326,completed,completed,30
8381->8382,8381,8382,1,"(15382,)",0.57,1,0.57,177.8,0.509,False,12553.679999999998,898.0195815027048,1799.025129065739,538.5615863039185,0.0,1842.1100559700526,0.1467386500189628,0.5815264406343871,0,True,0.029347730003792562,completed,completed,30
8382->8381,8382,8381,1,"(15386,)",0.57,1,0.57,177.8,0.509,False,12553.679999999998,839.719646228566,1681.3770295865547,503.59786583569024,0.0,1721.66485885341,0.13714423649905128,0.5787979627800982,0,True,0.027428847299810256,completed,completed,30
10892->10893,10892,10893,1,"(21575,)",0.58,1,0.58,127.0,0.564,False,12773.919999999998,1329.7671201829114,1236.783060302635,504.407264027782,0.0,1277.1356414248576,0.09997993109592496,0.5218665480512477,0,True,0.019995986219184993,completed,completed,30
10566->8408,10566,8408,1,"(20078,)",0.59,1,0.59,127.0,0.564,False,12994.16,3026.944335758668,2431.3182070313496,1611.0024019252962,0.0,2560.198399185373,0.1970268489217751,0.5513738981684643,0,True,0.03940536978435502,completed,completed,30
10844->10849,10844,10849,1,"(21356,)",0.59,1,0.59,63.5,0.637,False,12994.16,4389.163018775187,1484.7630838261528,2014.3436651380325,0.0,1645.9105770371953,0.12666540792457498,0.47448921279364165,0,True,0.025333081584915,completed,completed,30
10849->10844,10849,10844,1,"(21379,)",0.59,1,0.59,63.5,0.637,False,12994.16,5067.798171035909,3046.8084851584763,2325.7935734802013,0.0,3232.8719710368923,0.24879422533175613,0.49600054405253474,0,True,0.049758845066351226,completed,completed,30
12312->10802,12312,10802,1,"(25756,)",0.59,1,0.59,88.9,0.637,False,12994.16,2875.794381295752,1158.8188807175825,972.4877094349125,0.0,1236.6178974723755,0.0951672056887383,0.47836942642509,0,True,0.01903344113774766,completed,completed,30
12328->12327,12328,12327,1,"(25822,)",0.59,1,0.59,88.9,0.637,False,12994.16,5108.061925384936,4090.923432610746,2051.2380422994224,0.0,4255.0224759947,0.32745652477687665,0.5211380240856548,0,True,0.06549130495537533,completed,completed,30
4408->8819,4408,8819,1,"(6698,)",0.59,1,0.59,127.0,0.564,False,12994.16,3452.453697074652,3252.168592588145,1837.4672876596212,0.0,3399.165975600915,0.261591820910387,0.5611823396768671,0,True,0.05231836418207741,completed,completed,30
6282->8398,6282,8398,1,"(11038,)",0.59,1,0.59,127.0,0.564,False,12994.16,3806.9734289417947,3438.1923963766953,2350.3340276663694,0.0,3626.2191185900047,0.27906529691723087,0.5641583672698625,0,True,0.055813059383446176,completed,completed,30
8398->6282,8398,6282,1,"(15402,)",0.59,1,0.59,127.0,0.564,False,12994.16,4202.124360977439,4803.969015054941,2594.290729482808,0.0,5011.512273413566,0.38567420082664566,0.5747955152902413,0,True,0.07713484016532914,completed,completed,30
8408->10566,8408,10566,1,"(15424,)",0.59,1,0.59,127.0,0.564,False,12994.16,3021.7456935476566,2422.992778680665,1608.2355769824812,0.0,2551.6516248392636,0.1963691092644129,0.5512563673925627,0,True,0.039273821852882584,completed,completed,30
8819->4408,8819,4408,1,"(16118,)",0.59,1,0.59,127.0,0.564,False,12994.16,3880.460276414118,4439.731831099828,2065.2612444926235,0.0,4604.952730659238,0.3543863343732291,0.5714273576408302,0,True,0.07087726687464582,completed,completed,30
10987->11050,10987,11050,1,"(21998,)",0.6,1,0.6,88.9,0.637,False,13214.4,4203.687072046348,2495.0439046739175,1525.9384071528243,0.0,2617.1189772461435,0.19805053405725145,0.5046530645263381,0,True,0.039610106811450295,completed,completed,30
12591->7527,12591,7527,1,"(26677,)",0.6,1,0.6,177.8,0.509,False,13214.4,2410.6920497451215,5268.29777087357,1704.4557068517906,0.0,5404.654227421713,0.4089973231793886,0.6240875844854283,0,True,0.08179946463587773,completed,completed,30
5518->5528,5518,5528,1,"(9800,)",0.6,1,0.6,127.0,0.564,False,13214.4,3301.055132199095,2975.2881749717067,1786.6676329309312,0.0,3118.221585606181,0.23597148456276346,0.5581445898140084,0,True,0.0471942969125527,completed,completed,30
5528->5518,5528,5518,1,"(9827,)",0.6,1,0.6,127.0,0.564,False,13214.4,3010.8059722691273,2446.3620040682595,1629.5727772667665,0.0,2576.7278262496006,0.19499393284973973,0.5515057737460347,0,True,0.03899878656994795,completed,completed,30
7527->12591,7527,12591,1,"(13602,)",0.6,1,0.6,177.8,0.509,False,13214.4,1814.8042158238384,3675.9848409951355,1283.1391727560865,0.0,3778.6359748156224,0.2859483574597123,0.6104175305322318,0,True,0.05718967149194246,completed,completed,30
8769->5797,8769,5797,1,"(15971,)",0.6,1,0.6,127.0,0.564,False,13214.4,4358.949924892311,6289.543419663943,2443.5027864682047,0.0,6485.023642581399,0.4907543015635518,0.5828120250978015,0,True,0.09815086031271036,completed,completed,30
10301->11861,10301,11861,1,"(18907,)",0.61,1,0.61,127.0,0.564,False,13434.64,2058.7573477755313,1281.359231032054,1173.3152233165295,0.0,1375.2244488973763,0.10236407145240783,0.5288146051225124,0,True,0.020472814290481568,completed,completed,30
10882->12589,10882,12589,1,"(21531,)",0.61,1,0.61,127.0,0.564,False,13434.64,1982.7656575073565,1799.0255475373804,878.8939237844277,0.0,1869.3370614401347,0.13914307055791109,0.5374720075681483,0,True,0.027828614111582217,completed,completed,30
12589->10882,12589,10882,1,"(26670,)",0.61,1,0.61,127.0,0.564,False,13434.64,2534.137368251347,2462.863700221279,1123.2986241002138,0.0,2552.7275901492962,0.1900108666960407,0.5493508682249457,0,True,0.03800217333920814,completed,completed,30
4439->8522,4439,8522,1,"(6799,)",0.61,1,0.61,127.0,0.564,False,13434.64,3349.490799608085,2974.4835757465207,1908.9226565652139,0.0,3127.197388271738,0.23277120847836177,0.5583882802950129,0,True,0.046554241695672356,completed,completed,30
8366->10619,8366,10619,1,"(15350,)",0.61,1,0.61,177.8,0.509,False,13434.64,883.7846150362501,2038.9176125433362,496.3168688428261,0.0,2078.6229620507625,0.15472115084965155,0.5849208724945026,0,True,0.03094423016993031,completed,completed,30
8476->12332,8476,12332,1,"(15524,)",0.61,1,0.61,127.0,0.564,False,13434.64,3083.5906157879945,2979.501769710244,1537.7095503280784,0.0,3102.51853373649,0.23093425158668116,0.5572526680518564,0,True,0.046186850317336235,completed,completed,30
10554->7961,10554,7961,1,"(20020,)",0.31,2,0.62,127.0,0.564,False,13654.88,3438.688167533802,1047.9609635754869,995.9423415511473,0.0,1127.6363508995787,0.0825811981430506,0.5285432751693293,0,True,0.01651623962861012,completed,completed,30
12038->12039,12038,12039,1,"(24875,)",0.62,1,0.62,63.5,0.637,False,13654.88,4570.358198981621,1775.288751862088,1714.3413604380066,0.0,1912.4360606971286,0.14005513491858798,0.4793636415013267,0,True,0.0280110269837176,completed,completed,30
4402->8351,4402,8351,1,"(6677,)",0.62,1,0.62,152.4,0.509,False,13654.88,2272.9191560948684,2700.312520363169,1660.6129187961599,0.0,2833.1615538668616,0.2074834457620178,0.5874281948935656,0,True,0.041496689152403565,completed,completed,30
5530->5243,5530,5243,1,"(9832,)",0.31,2,0.62,127.0,0.564,False,13654.88,6056.668532889747,2416.89547734835,1754.1842547972396,0.0,2557.2302177321294,0.18727592023746306,0.5588999113588045,0,True,0.037455184047492616,completed,completed,30
6759->8756,6759,8756,1,"(12012,)",0.62,1,0.62,127.0,0.564,False,13654.88,2872.250464556189,1534.865965771514,1941.066863947073,0.0,1690.15131488728,0.12377635796779467,0.5385342043366562,0,True,0.024755271593558933,completed,completed,30
7020->10358,7020,10358,1,"(12407,)",0.62,1,0.62,127.0,0.564,False,13654.88,4482.43219307505,7162.0079100690455,2596.480865211531,0.0,7369.726379285968,0.5397137418480402,0.5868958271005056,0,True,0.10794274836960804,completed,completed,30
7564->10622,7564,10622,1,"(13717,)",0.31,2,0.62,127.0,0.564,False,13654.88,4694.391656852398,1035.6106570816264,1586.2349408504256,0.0,1162.5094523496605,0.08513509106998088,0.5328355914424436,0,True,0.017027018213996176,completed,completed,30
7589->7587,7589,7587,1,"(13805,)",0.62,1,0.62,127.0,0.564,False,13654.88,3684.5718278699774,4492.4335952844785,1867.5252309558985,0.0,4641.835613760951,0.3399396855747506,0.5710984971775994,0,True,0.06798793711495013,completed,completed,30
8641->8642,8641,8642,1,"(15789,)",0.62,1,0.62,127.0,0.564,False,13654.88,1341.2632961824072,1021.8969736432325,679.8193016700533,0.0,1076.2825177768368,0.07882035710140528,0.5169072950585463,0,True,0.015764071420281058,completed,completed,30
10847->4459,10847,4459,1,"(21369,)",0.63,1,0.63,127.0,0.564,False,13875.12,1568.0456887835096,706.1785497321076,1033.7058955081304,0.0,788.875021372758,0.05685536567415331,0.5094372049380266,0,True,0.011371073134830663,completed,completed,30
12358->2446,12358,2446,1,"(25923,)",0.63,1,0.63,88.9,0.637,False,13875.12,1418.2032427617999,735.9899099005222,432.43853278292806,0.0,770.5849925231564,0.05553717679725699,0.456700442009526,0,True,0.011107435359451398,completed,completed,30
12400->12406,12400,12406,1,"(26029,)",0.63,1,0.63,63.5,0.637,False,13875.12,4020.3437192580454,1025.610280855048,1532.3540085952038,0.0,1148.1986015426642,0.08275233666755055,0.46289694410144433,0,True,0.01655046733351011,completed,completed,30
12406->10834,12406,10834,1,"(26048,)",0.63,1,0.63,76.2,0.637,False,13875.12,4106.370716376967,1170.5259382677566,1760.7860983654662,0.0,1311.3888261369939,0.09451369257613583,0.4755190442085606,0,True,0.01890273851522717,completed,completed,30
4430->5794,4430,5794,1,"(6767,)",0.63,1,0.63,127.0,0.564,False,13875.12,4128.941232899579,5716.8530972798335,2346.49154038522,0.0,5904.572420510651,0.42555108860396523,0.5794500993956012,0,True,0.08511021772079305,completed,completed,30
2022->7021,2022,7021,1,"(2164,)",0.64,1,0.64,127.0,0.564,False,14095.36,2413.4034480237597,1675.4544285725476,1443.07735314975,0.0,1790.9006168245276,0.1270560394927499,0.5383476134547316,0,True,0.025411207898549983,completed,completed,30
3900->9116,3900,9116,1,"(5622,)",0.64,1,0.64,63.5,0.637,False,14095.36,3954.2308457290283,1200.7604725480426,1450.495121178581,0.0,1316.8000822423292,0.0934208194925372,0.4667624875750238,0,True,0.01868416389850744,completed,completed,30
10547->4971,10547,4971,1,"(19987,)",0.65,1,0.65,127.0,0.564,False,14315.6,1840.9964590989157,1278.2450071022677,1079.4587513971712,0.0,1364.6017072140414,0.0953227044073627,0.5273673465956247,0,True,0.01906454088147254,completed,completed,30
4529->12407,4529,12407,1,"(7041,)",0.65,1,0.65,76.2,0.637,False,14315.6,5574.128974048227,5403.747095693387,2818.3194244857414,0.0,5629.212649652246,0.3932222644983267,0.5218934654993538,0,True,0.07864445289966535,completed,completed,30
5528->5794,5528,5794,1,"(9829,)",0.65,1,0.65,127.0,0.564,False,14315.6,2991.6171981589064,2617.008495152423,1754.1192702584156,0.0,2757.3380367730965,0.19261072094589793,0.5534376678083294,0,True,0.03852214418917959,completed,completed,30
5794->5528,5794,5528,1,"(10234,)",0.65,1,0.65,127.0,0.564,False,14315.6,2928.0487156676872,2510.617687209589,1716.846219352185,0.0,2647.965384757764,0.18497061839935203,0.552007743618844,0,True,0.03699412367987041,completed,completed,30
5972->8014,5972,8014,1,"(10576,)",0.65,1,0.65,127.0,0.564,False,14315.6,3508.3854844955936,2956.824750403954,2386.263471134523,0.0,3147.725828094716,0.2198808172968451,0.5590867695712098,0,True,0.04397616345936903,completed,completed,30
6266->6145,6266,6145,1,"(11004,)",0.65,1,0.65,152.4,0.509,False,14315.6,1319.5530199938075,1758.6449052828386,871.3145096503938,0.0,1828.3500660548702,0.12771731999042096,0.5685636681512396,0,True,0.025543463998084194,completed,completed,30
9116->10776,9116,10776,1,"(16966,)",0.65,1,0.65,63.5,0.637,False,14315.6,3760.5298556846715,1020.7606145182723,1400.9952938665238,0.0,1132.8402380275943,0.07913326986138158,0.4617710870149012,0,True,0.015826653972276318,completed,completed,30
10607->10601,10607,10601,1,"(20281,)",0.66,1,0.66,228.6,0.463,False,14535.84,386.9338304078506,2555.222167469436,374.01024047222836,0.0,2585.1429867072143,0.177846136632435,0.6323410635723293,0,True,0.035569227326487006,completed,completed,30
12407->12400,12407,12400,1,"(26054,)",0.66,1,0.66,63.5,0.637,False,14535.84,5643.894694548161,5060.343784626158,2253.607151533081,0.0,5240.632356748804,0.36053178603705077,0.511448660765943,0,True,0.07210635720741015,completed,completed,30
12581->8972,12581,8972,1,"(26641,)",0.66,1,0.66,88.9,0.637,False,14535.84,4183.381812786595,1332.518053322893,2147.6884600873127,0.0,1504.3331301298779,0.10349131045263829,0.4882423835147609,0,True,0.02069826209052766,completed,completed,30
10882->2127,10882,2127,1,"(21528,)",0.67,1,0.67,127.0,0.564,False,14756.080000000002,1994.8966685395894,1451.2470513451635,1205.6880306492103,0.0,1547.7020937971004,0.10488572126181887,0.5319610878925493,0,True,0.020977144252363775,completed,completed,30
6718->6884,6718,6884,1,"(11885,)",0.67,1,0.67,152.4,0.509,False,14756.080000000002,1557.56822302191,1818.9225618631522,1229.7437239860426,0.0,1917.3020597820355,0.12993302149229574,0.5717737506910229,0,True,0.02598660429845915,completed,completed,30
6884->6718,6884,6718,1,"(12144,)",0.67,1,0.67,152.4,0.509,False,14756.080000000002,1705.063476428492,2015.578002594013,1346.1953564176347,0.0,2123.2736311074236,0.14389144211114493,0.5757740420731954,0,True,0.028778288422228987,completed,completed,30
10895->7670,10895,7670,1,"(21589,)",0.68,1,0.68,127.0,0.564,False,14976.320000000002,2113.2959941984145,1107.155066308574,1503.7199912638705,0.0,1227.4526656096837,0.08195956453986583,0.5257422322214677,0,True,0.016391912907973167,completed,completed,30
7589->7560,7589,7560,1,"(13803,)",0.68,1,0.68,127.0,0.564,False,14976.320000000002,3408.9539719283016,3460.5570274667916,2165.7571577085064,0.0,3633.817600083472,0.24263755048526417,0.5630165941263774,0,True,0.048527510097052834,completed,completed,30
10909->12660,10909,12660,1,"(21650,)",0.69,1,0.69,127.0,0.564,False,15196.56,4160.916477861259,7619.826147856034,2086.2835219996355,0.0,7786.728829616005,0.5124007558036823,0.5877111250290448,0,True,0.10248015116073646,completed,completed,30
6374->8828,6374,8828,1,"(11244,)",0.69,1,0.69,127.0,0.564,False,15196.56,3244.5209772482335,3291.1666218337796,2019.4793602662592,0.0,3452.72497065508,0.22720437853402878,0.5609672465208619,0,True,0.04544087570680576,completed,completed,30
10892->10898,10892,10898,1,"(21576,)",0.7,1,0.7,107.95,0.564,False,15416.8,2909.187048474885,2485.253612964031,1401.9219271492661,0.0,2597.4073671359724,0.16847902075242416,0.5386677392457279,0,True,0.033695804150484836,completed,completed,30
10894->12594,10894,12594,1,"(21587,)",0.7,1,0.7,127.0,0.564,False,15416.8,3289.9515081446903,4386.584806774116,1673.4886671429326,0.0,4520.463900145551,0.2932167440808437,0.5690808517354361,0,True,0.05864334881616874,completed,completed,30
10898->10892,10898,10892,1,"(21604,)",0.7,1,0.7,107.95,0.564,False,15416.8,3215.854857819134,3015.0456316034392,1549.7035304311578,0.0,3139.0219140379318,0.2036104713064924,0.545356029347372,0,True,0.04072209426129848,completed,completed,30
12319->12317,12319,12317,1,"(25788,)",0.7,1,0.7,107.95,0.564,False,15416.8,3811.493986660428,2959.268393530594,2492.7170672759203,0.0,3158.6857589126676,0.2048859529158235,0.5473926674395495,0,True,0.04097719058316471,completed,completed,30
6374->6377,6374,6377,1,"(11242,)",0.7,1,0.7,127.0,0.564,False,15416.8,4674.281885531577,9663.35624229049,2951.5672375122153,0.0,9899.481621291468,0.6421229841012057,0.5960738551248135,0,True,0.12842459682024115,completed,completed,30
6377->6374,6377,6374,1,"(11256,)",0.7,1,0.7,127.0,0.564,False,15416.8,3801.0645916821218,4965.960665660895,2400.175682858035,0.0,5157.974720289538,0.33456843964308663,0.5745534140121309,0,True,0.06691368792861734,completed,completed,30
7463->7462,7463,7462,1,"(13403,)",0.7,1,0.7,127.0,0.564,False,15416.8,2937.7247074958304,2567.2423174639935,1921.2719587022734,0.0,2720.944074160175,0.17649214325671833,0.5528469685930536,0,True,0.035298428651343666,completed,completed,30
8801->10340,8801,10340,1,"(16087,)",0.7,1,0.7,127.0,0.564,False,15416.8,3200.938828944215,2488.30972983672,2344.6236734250588,0.0,2675.879623710725,0.17356906904874714,0.5532887635883411,0,True,0.03471381380974943,completed,completed,30
2229->10903,2229,10903,1,"(2622,)",0.71,1,0.71,107.95,0.564,False,15637.039999999999,2764.071300508755,2133.8099530845184,1426.0765196424836,0.0,2247.896074655917,0.14375457725093221,0.5338403276958845,0,True,0.028750915450186446,completed,completed,30
10623->6563,10623,6563,1,"(20348,)",0.36,2,0.72,177.8,0.509,False,15857.279999999999,1710.155494239671,2162.957132797517,647.7580396324377,0.0,2214.7777759681117,0.13966946260443858,0.5939863776179198,0,True,0.027933892520887717,completed,completed,30
6563->10623,6563,10623,1,"(11619,)",0.36,2,0.72,177.8,0.509,False,15857.279999999999,1896.965158261708,2401.41564371245,718.5162029450131,0.0,2458.896939948051,0.15506423169345887,0.5982051750703921,0,True,0.031012846338691776,completed,completed,30
12384->6913,12384,6913,1,"(25991,)",0.37,2,0.74,127.0,0.564,False,16297.76,2400.8697581664924,849.4099071969118,829.9463772587541,0.0,915.8056173776122,0.05619211581086064,0.5184838560741052,0,True,0.011238423162172129,completed,completed,30
6376->7138,6376,7138,1,"(11252,)",0.37,2,0.74,127.0,0.564,False,16297.76,5288.973863666155,2768.8751300227973,1599.7823694124204,0.0,2896.8577195757907,0.17774575890035138,0.561106904764774,0,True,0.03554915178007028,completed,completed,30
7138->6376,7138,6376,1,"(12729,)",0.37,2,0.74,127.0,0.564,False,16297.76,3058.355683617614,1400.8525681514277,925.0761354022379,0.0,1474.8586589836068,0.09049456238057296,0.5351937330685892,0,True,0.018098912476114594,completed,completed,30
7587->6742,7587,6742,1,"(13796,)",0.37,2,0.74,127.0,0.564,False,16297.76,2410.997138556652,1092.138592317563,729.2663594849233,0.0,1150.479901076357,0.07059128991200982,0.5252659264697346,0,True,0.014118257982401964,completed,completed,30
7670->2087,7670,2087,1,"(14070,)",0.37,2,0.74,127.0,0.564,False,16297.76,1918.0113463008877,1013.0290414923116,515.6893173087655,0.0,1054.2841868770129,0.06468890122796095,0.520194647896523,0,True,0.01293778024559219,completed,completed,30
10545->8484,10545,8484,1,"(19980,)",0.75,1,0.75,127.0,0.564,False,16518.0,2101.795160025663,1492.7828774282295,1527.304482951982,0.0,1614.967236064388,0.09777014384697834,0.5337865645918541,0,True,0.01955402876939567,completed,completed,30
10593->6950,10593,6950,1,"(20210,)",0.75,1,0.75,177.8,0.509,False,16518.0,1052.5669767163995,2717.1647041264914,861.3506426129202,0.0,2786.072755535525,0.1686688918474104,0.5954787292177338,0,True,0.03373377836948208,completed,completed,30
10910->12660,10910,12660,1,"(21654,)",0.75,1,0.75,127.0,0.564,False,16518.0,4159.556419888527,7955.837792721451,2400.3087340650854,0.0,8147.862491446657,0.49327173334826596,0.5890473385263244,0,True,0.0986543466696532,completed,completed,30
12524->12517,12524,12517,1,"(26434,)",0.75,1,0.75,152.4,0.509,False,16518.0,1004.3234146228804,1760.9559210308844,652.6625248850747,0.0,1813.1689230216903,0.10976927733513078,0.5653437841361295,0,True,0.02195385546702616,completed,completed,30
6950->10593,6950,10593,1,"(12288,)",0.75,1,0.75,177.8,0.509,False,16518.0,1141.182118813268,2950.59143712839,933.8673672288577,0.0,3025.3008265066987,0.18315176331920927,0.5987931777833235,0,True,0.036630352663841854,completed,completed,30
7167->12569,7167,12569,1,"(12757,)",0.75,1,0.75,127.0,0.564,False,16518.0,2717.7849305294963,2380.7921264526803,1904.390726321026,0.0,2533.1433845583624,0.15335654344099542,0.5498858236356505,0,True,0.030671308688199086,completed,completed,30
10637->9223,10637,9223,1,"(20414,)",0.76,1,0.76,107.95,0.564,False,16738.24,4022.8465825897706,5101.433977208494,2352.371371071082,0.0,5289.6236868941805,0.31602030362177747,0.5632163021531971,0,True,0.0632040607243555,completed,completed,30
12315->10798,12315,10798,1,"(25768,)",0.76,1,0.76,88.9,0.637,False,16738.24,2345.498558371445,949.5263299871984,1078.4602371391907,0.0,1035.8031489583336,0.06188244098294286,0.4709150997761914,0,True,0.012376488196588573,completed,completed,30
6940->12524,6940,12524,1,"(12283,)",0.76,1,0.76,177.8,0.509,False,16738.24,913.7722892410702,2703.796020244887,601.7351778585844,0.0,2751.934834473574,0.16441004756017202,0.5935743496764637,0,True,0.032882009512034405,completed,completed,30
9223->10637,9223,10637,1,"(17210,)",0.76,1,0.76,107.95,0.564,False,16738.24,4457.537650549237,7157.241778516371,2606.558251563521,0.0,7365.766438641453,0.4400562089348373,0.5741192375555707,0,True,0.08801124178696747,completed,completed,30
10776->10777,10776,10777,1,"(21050,)",0.78,1,0.78,63.5,0.637,False,17178.72,5308.358073515096,5565.806935770779,2147.1550070500925,0.0,5737.579336334787,0.33399341373133656,0.5134577505493632,0,True,0.06679868274626731,completed,completed,30
10910->12642,10910,12642,1,"(21653,)",0.78,1,0.78,127.0,0.564,False,17178.72,1717.5468500011787,1824.0577423188595,1030.7705872030606,0.0,1906.5193892951042,0.11098145783242896,0.536489118088677,0,True,0.022196291566485796,completed,completed,30
6672->6673,6672,6673,1,"(11776,)",0.39,2,0.78,152.4,0.509,False,17178.72,2509.6330415552743,1929.9642067544864,1029.792066701613,0.0,2012.3475720906156,0.11714188089046305,0.5784010497256473,0,True,0.02342837617809261,completed,completed,30
6673->6672,6673,6672,1,"(11779,)",0.39,2,0.78,152.4,0.509,False,17178.72,2404.1837492632612,1845.8043140425511,986.5224560280469,0.0,1924.7261105247949,0.11204129938230524,0.5766180906617158,0,True,0.02240825987646105,completed,completed,30
10618->10624,10618,10624,1,"(20330,)",0.79,1,0.79,177.8,0.509,False,17398.96,629.755516594718,1782.4433916619294,505.3983462039831,0.0,1822.875259358248,0.10476920800773426,0.5773526429125488,0,True,0.020953841601546855,completed,completed,30
10777->12099,10777,12099,1,"(21056,)",0.79,1,0.79,63.5,0.637,False,17398.96,4012.894414816322,2371.6201603790596,1534.3703084491692,0.0,2494.3697850549934,0.143363154180192,0.48579415118284175,0,True,0.0286726308360384,completed,completed,30
10827->4468,10827,4468,1,"(21277,)",0.79,1,0.79,63.5,0.637,False,17398.96,5133.705394966289,3583.9134272703113,2597.987110790264,0.0,3791.7523961335323,0.21792983006648287,0.5008530745914043,0,True,0.043585966013296576,completed,completed,30
12573->2032,12573,2032,1,"(26609,)",0.79,1,0.79,127.0,0.564,False,17398.96,2787.9989120817227,2448.345159832718,2133.996322838731,0.0,2619.0648656598164,0.15052996648419312,0.5511493338892748,0,True,0.030105993296838624,completed,completed,30
4468->10827,4468,10827,1,"(6888,)",0.79,1,0.79,63.5,0.637,False,17398.96,5864.049583102372,6969.329007243536,2967.588527552237,0.0,7206.736089447714,0.41420499210571865,0.5212802361503158,0,True,0.08284099842114373,completed,completed,30
10613->6550,10613,6550,1,"(20310,)",0.8,1,0.8,177.8,0.509,False,17619.2,1172.0901183323094,3067.8868346991194,1104.9527963542346,0.0,3156.283058407458,0.17913884049261364,0.600336626501727,0,True,0.03582776809852273,completed,completed,30
10625->8366,10625,8366,1,"(20359,)",0.4,2,0.8,152.4,0.509,False,17619.2,1969.7452116468971,1754.5549804367208,725.3586741889698,0.0,1812.5836743718385,0.10287548097370132,0.5726727912556103,0,True,0.020575096194740267,completed,completed,30
10643->10644,10643,10644,1,"(20443,)",0.8,1,0.8,107.95,0.564,False,17619.2,3527.966551863767,3700.329711779,2171.567176394263,0.0,3874.055085890541,0.21987690053410713,0.5525822758124147,0,True,0.04397538010682143,completed,completed,30
5083->8483,5083,8483,1,"(8788,)",0.8,1,0.8,127.0,0.564,False,17619.2,2602.048476020418,2512.955338212009,1877.7817415915626,0.0,2663.177877539334,0.1511520317346607,0.5508905541033268,0,True,0.030230406346932144,completed,completed,30
6236->6237,6236,6237,1,"(10956,)",0.4,2,0.8,177.8,0.509,False,17619.2,2074.8079177532386,2921.765533190572,873.1977322430058,0.0,2991.6213517700126,0.1697932568885087,0.6049756998773275,0,True,0.03395865137770174,completed,completed,30
6237->6236,6237,6236,1,"(10960,)",0.4,2,0.8,177.8,0.509,False,17619.2,1632.0543551536246,2292.8362345551154,686.8617328975112,0.0,2347.7851731869164,0.1332515195461154,0.5952000444573247,0,True,0.02665030390922308,completed,completed,30
6550->10613,6550,10613,1,"(11608,)",0.8,1,0.8,177.8,0.509,False,17619.2,1712.4529035637586,4589.108441132812,1614.3636012476265,0.0,4718.257529232622,0.26779067887489905,0.6163472717973246,0,True,0.05355813577497981,completed,completed,30
7040->10122,7040,10122,1,"(12456,)",0.4,2,0.8,203.2,0.463,False,17619.2,569.8660184566071,1302.345224562386,306.018051911198,0.0,1326.8266687152818,0.07530572720187532,0.5999164153382043,0,True,0.015061145440375066,completed,completed,30
8366->10625,8366,10625,1,"(15352,)",0.4,2,0.8,152.4,0.509,False,17619.2,1664.7430080080603,1480.2958156601844,613.0416126989682,0.0,1529.3391446761018,0.08679957913390515,0.5658204485642975,0,True,0.017359915826781033,completed,completed,30
8483->5083,8483,5083,1,"(15540,)",0.8,1,0.8,127.0,0.564,False,17619.2,2513.0997859878157,2378.614599634084,1813.591459350104,0.0,2523.7019163820923,0.14323589699771228,0.5489221519003932,0,True,0.028647179399542456,completed,completed,30
10635->2087,10635,2087,1,"(20403,)",0.81,1,0.81,127.0,0.564,False,17839.440000000002,1644.1081329714418,2053.256949600201,916.7893077476754,0.0,2126.6000942200153,0.119207783104179,0.5392402931936158,0,True,0.0238415566208358,completed,completed,30
10892->12774,10892,12774,1,"(21578,)",0.81,1,0.81,127.0,0.564,False,17839.440000000002,2588.437929184337,3556.9275579549185,1443.3674827432744,0.0,3672.3969565743805,0.2058583092616349,0.5603276327863328,0,True,0.041171661852326985,completed,completed,30
12327->12326,12327,12326,1,"(25817,)",0.81,1,0.81,88.9,0.637,False,17839.440000000002,5822.562219785149,10519.393962447946,3021.190534382519,0.0,10761.089205198548,0.6032190026816171,0.549984700952135,0,True,0.12064380053632343,completed,completed,30
12774->10892,12774,10892,1,"(27308,)",0.81,1,0.81,127.0,0.564,False,17839.440000000002,3013.0422702273518,4517.382209739295,1680.1358023476184,0.0,4651.793073927104,0.26075891810096635,0.5689688384143929,0,True,0.05215178362019327,completed,completed,30
2087->10635,2087,10635,1,"(2319,)",0.81,1,0.81,127.0,0.564,False,17839.440000000002,2124.1597728816696,2745.205538538107,1184.4762085119323,0.0,2839.9636352190614,0.15919578390459907,0.5505780693591659,0,True,0.031839156780919815,completed,completed,30
10553->8641,10553,8641,1,"(20016,)",0.82,1,0.82,127.0,0.564,False,18059.68,2961.7969590647876,1912.46706844381,2762.3521273169813,0.0,2133.4552386291684,0.11813361247979856,0.545749652402569,0,True,0.023626722495959714,completed,completed,30
10547->5128,10547,5128,1,"(19989,)",0.83,1,0.83,127.0,0.564,False,18279.92,2210.4519576564703,2611.847051085961,1411.620625476571,0.0,2724.7767011240867,0.14905845874183732,0.5497886691153808,0,True,0.029811691748367466,completed,completed,30
5128->10547,5128,10547,1,"(8945,)",0.83,1,0.83,127.0,0.564,False,18279.92,4137.197668231643,8667.471167108983,2642.063103846471,0.0,8878.8362154167,0.4857152665556907,0.5915276497389914,0,True,0.09714305331113815,completed,completed,30
10588->6806,10588,6806,1,"(20187,)",0.42,2,0.84,228.6,0.463,False,18500.16,246.63286494056388,1096.8973655712887,165.28859999999997,0.0,1110.1204535712886,0.060005992033111535,0.6024775977475434,0,True,0.012001198406622308,completed,completed,30
10911->12642,10911,12642,1,"(21659,)",0.84,1,0.84,127.0,0.564,False,18500.16,1947.7760917554228,2972.9889299584934,951.1380211260081,0.0,3049.079971648574,0.16481370818677105,0.5517326599859195,0,True,0.03296274163735421,completed,completed,30
6255->12464,6255,12464,1,"(10974,)",0.42,2,0.84,127.0,0.564,False,18500.16,3419.6913636815443,1410.8642594958305,1341.886891108638,0.0,1518.2152107845216,0.08206497731827841,0.5372666594612925,0,True,0.016412995463655683,completed,completed,30
8087->8085,8087,8085,1,"(15041,)",0.28,3,0.8400000000000001,127.0,0.564,False,18500.160000000003,3826.912414929136,2087.228037055669,539.0647703244796,0.0,2130.3532186816274,0.11515323211699936,0.5484997492504827,0,True,0.023030646423399873,completed,completed,30
10894->2157,10894,2157,1,"(21585,)",0.85,1,0.85,127.0,0.564,False,18720.399999999998,1811.5302517419068,2396.0086028961196,1060.0312283613957,0.0,2480.8111011650312,0.1325191289270011,0.5448484938620715,0,True,0.026503825785400222,completed,completed,30
2157->10894,2157,10894,1,"(2461,)",0.85,1,0.85,127.0,0.564,False,18720.399999999998,1627.6605644809947,2131.4571527725093,952.438429257879,0.0,2207.65222711314,0.11792762051628919,0.540235802828799,0,True,0.02358552410325784,completed,completed,30
6213->8801,6213,8801,1,"(10932,)",0.43,2,0.86,127.0,0.564,False,18940.64,1893.797199457067,774.4791429683407,760.8194977590235,0.0,835.3447027890626,0.04410329866303687,0.5131835514176932,0,True,0.008820659732607374,completed,completed,30
7961->8768,7961,8768,1,"(14900,)",0.43,2,0.86,127.0,0.564,False,18940.64,4542.866418622995,2061.356825912269,1825.0641346359416,0.0,2207.3619566831444,0.11654104384451341,0.5514181721260247,0,True,0.023308208768902685,completed,completed,30
8828->8357,8828,8357,1,"(16124,)",0.43,2,0.86,127.0,0.564,False,18940.64,3060.9801923620025,1276.681490823882,1229.7269281372037,0.0,1375.0596450748583,0.0725983728678048,0.5331336453550143,0,True,0.014519674573560959,completed,completed,30
12360->2446,12360,2446,1,"(25930,)",0.87,1,0.87,76.2,0.637,False,19160.88,5208.0529793227315,7622.068836404121,2193.0069485332165,0.0,7797.509392286778,0.40694944033294805,0.5307821254285735,0,True,0.08138988806658962,completed,completed,30
2446->12360,2446,12360,1,"(3274,)",0.87,1,0.87,76.2,0.637,False,19160.88,3635.7866309472884,2702.130231309504,1530.9570345592845,0.0,2824.606794074247,0.14741529585667498,0.49685864216316483,0,True,0.029483059171334997,completed,completed,30
5154->10553,5154,10553,1,"(8979,)",0.87,1,0.87,127.0,0.564,False,19160.88,3097.562881367678,3757.269994602449,2430.9673492973543,0.0,3951.7473825462375,0.20624039097088637,0.5644509451936108,0,True,0.04124807819417728,completed,completed,30
5742->12368,5742,12368,1,"(10191,)",0.45,2,0.9,127.0,0.564,False,19821.600000000002,4913.882039341407,2421.0569950591726,2065.9364059688232,0.0,2586.3319075366785,0.13048048126976017,0.5569549812808213,0,True,0.026096096253952036,completed,completed,30
8759->5344,8759,5344,1,"(15946,)",0.45,2,0.9,127.0,0.564,False,19821.600000000002,4376.054457810232,2048.617663330597,1839.8183241907877,0.0,2195.80312926586,0.11077829888938633,0.5508552818560256,0,True,0.022155659777877267,completed,completed,30
9033->10843,9033,10843,1,"(16704,)",0.9,1,0.9,63.5,0.637,False,19821.600000000002,3273.850247448281,1360.2440291805735,1527.9526797733624,0.0,1482.4802435624424,0.074791149229247,0.4682047564087378,1,False,0.09348893653655875,completed,completed,30
10876->12587,10876,12587,1,"(21502,)",0.91,1,0.91,152.4,0.509,False,20041.84,1690.5776147558308,3766.8307162158576,1294.914829798376,0.0,3870.4239025997276,0.1931171939602216,0.5934207692250412,0,True,0.03862343879204432,completed,completed,30
10912->4532,10912,4532,1,"(21662,)",0.91,1,0.91,107.95,0.564,False,20041.84,2578.3319183172152,2439.4799535068887,1704.9649531858975,0.0,2575.8771497617604,0.12852498322318512,0.5371060172269124,0,True,0.025704996644637025,completed,completed,30
12903->10445,12903,10445,1,"(27752,)",0.92,1,0.92,88.9,0.637,False,20262.08,3924.5239017959593,1481.9629111587212,3145.5216053850695,0.0,1733.6046395895269,0.08555906597888897,0.4917362657098304,0,True,0.017111813195777797,completed,completed,30
10588->6702,10588,6702,1,"(20185,)",0.47,2,0.94,203.2,0.463,False,20702.559999999998,1684.5315436977153,4816.084104322112,911.0548206725706,0.0,4888.968489975918,0.23615284727955954,0.6502517583143053,0,True,0.04723056945591191,completed,completed,30
10811->5083,10811,5083,1,"(21204,)",0.94,1,0.94,127.0,0.564,False,20702.559999999998,2190.675978414098,2696.5676554933166,1683.4249556123139,0.0,2831.241651942302,0.13675804595867863,0.5508232006217142,0,True,0.027351609191735727,completed,completed,30
6260->8649,6260,8649,1,"(10987,)",0.94,1,0.94,152.4,0.509,False,20702.559999999998,928.5888808623487,1639.2251584472315,952.402026829352,0.0,1715.4173205935797,0.08286015452164273,0.5628527775977132,0,True,0.016572030904328548,completed,completed,30
6702->10588,6702,10588,1,"(11857,)",0.47,2,0.94,203.2,0.463,False,20702.559999999998,1227.1259710639376,3503.1270194845456,663.6735510789154,0.0,3556.220903570859,0.17177686738117698,0.637394978463325,0,True,0.0343553734762354,completed,completed,30
8649->6260,8649,6260,1,"(15804,)",0.94,1,0.94,152.4,0.509,False,20702.559999999998,1751.010706139251,3210.031774594384,1795.9144029144666,0.0,3353.7049268275414,0.16199469663788157,0.5895692298396764,0,True,0.032398939327576315,completed,completed,30
10539->4972,10539,4972,1,"(19952,)",0.95,1,0.95,107.95,0.564,False,20922.8,3352.3637847668383,3870.8789309550602,2450.380728794867,0.0,4066.9093892586498,0.19437691844584137,0.553461344608549,0,True,0.03887538368916828,completed,completed,30
10883->7581,10883,7581,1,"(21536,)",0.95,1,0.95,152.4,0.509,False,20922.8,1650.7395892797085,4278.453423541516,1099.9821163136,0.0,4366.451992846603,0.20869348236596458,0.5967242091389152,0,True,0.04173869647319292,completed,completed,30
10903->10897,10903,10897,1,"(21624,)",0.95,1,0.95,88.9,0.637,False,20922.8,2772.5152245779404,1525.9015139955459,1593.5031253261714,0.0,1653.3817640216396,0.07902296843738121,0.48654931432343396,0,True,0.015804593687476245,completed,completed,30
7581->10883,7581,10883,1,"(13778,)",0.95,1,0.95,152.4,0.509,False,20922.8,1414.6420262949996,3627.619310189951,942.6568188075751,0.0,3703.031855694557,0.1769854826167892,0.590172838843239,0,True,0.03539709652335784,completed,completed,30
12322->8482,12322,8482,1,"(25795,)",0.96,1,0.96,107.95,0.564,False,21143.04,3875.43927430441,5756.1496514178525,2862.5362282109186,0.0,5985.152549674726,0.2830790912600424,0.5664600309198878,0,True,0.05661581825200848,completed,completed,30
8482->12322,8482,12322,1,"(15539,)",0.96,1,0.96,107.95,0.564,False,21143.04,4395.3694978496815,8610.513906688106,3246.5750417999343,0.0,8870.2399100321,0.41953474571452826,0.579458832455966,0,True,0.08390694914290565,completed,completed,30
10635->10641,10635,10641,1,"(20405,)",0.97,1,0.97,127.0,0.564,False,21363.28,1654.6335406363908,2475.827780209928,1104.912026851488,0.0,2564.2207423580467,0.12002935608942292,0.544838399195676,0,True,0.024005871217884583,completed,completed,30
10641->10635,10641,10635,1,"(20431,)",0.97,1,0.97,127.0,0.564,False,21363.28,1742.0063368989581,2618.478313262738,1163.256821054696,0.0,2711.5388589471136,0.1269252127457541,0.5470495525486028,0,True,0.025385042549150822,completed,completed,30
10166->7555,10166,7555,1,"(18700,)",0.49,2,0.98,177.8,0.509,False,21583.52,2064.2464755715905,3705.1883092498356,993.2741191155379,0.0,3784.650238779079,0.17534907368117336,0.6118679149521997,0,True,0.035069814736234675,completed,completed,30
10613->10166,10613,10166,1,"(20311,)",0.49,2,0.98,177.8,0.509,False,21583.52,2636.3230157415965,4760.450364859437,1268.5459087145414,0.0,4861.934037556601,0.22526140488468058,0.6219354637834088,0,True,0.045052280976936115,completed,completed,30
4433->10606,4433,10606,1,"(6778,)",0.49,2,0.98,228.6,0.463,False,21583.52,589.9078712364237,2957.7269114475384,388.05614539610036,0.0,2988.7714030792263,0.1384746975043564,0.641215725175918,0,True,0.02769493950087128,completed,completed,30
7555->10166,7555,10166,1,"(13684,)",0.49,2,0.98,177.8,0.509,False,21583.52,1724.3121978832428,3089.2835287571233,829.7045433774588,0.0,3155.65989222732,0.1462069158426114,0.6045366380866679,0,True,0.02924138316852228,completed,completed,30
7631->10627,7631,10627,1,"(13938,)",0.49,2,0.98,127.0,0.564,False,21583.52,4533.7357908359345,2342.3538323516195,2075.5442450446913,0.0,2508.397371955195,0.11621817812642214,0.5551733366698939,0,True,0.02324363562528443,completed,completed,30
8408->10565,8408,10565,1,"(15423,)",0.49,2,0.98,127.0,0.564,False,21583.52,3529.173287123071,1706.7195126380257,1615.6555308449422,0.0,1835.971955105621,0.0850636020030848,0.5432236782122817,0,True,0.017012720400616962,completed,completed,30
10641->10907,10641,10907,1,"(20433,)",0.99,1,0.99,127.0,0.564,False,21803.76,2473.1836556844855,4078.4318483198,1685.565778641555,0.0,4213.277110611124,0.19323626340645486,0.563891177020473,0,True,0.038647252681290975,completed,completed,30
10907->10641,10907,10641,1,"(21638,)",0.99,1,0.99,127.0,0.564,False,21803.76,2318.466329878275,3742.8056556583347,1580.120220992619,0.0,3869.2152733377443,0.17745633199676317,0.5606698802802237,0,True,0.035491266399352635,completed,completed,30
12402->12454,12402,12454,1,"(26037,)",0.99,1,0.99,88.9,0.637,False,21803.76,3904.4760517170002,2932.564737942791,2476.149809480362,0.0,3130.65672270122,0.143583341712678,0.5091420148437523,0,True,0.0287166683425356,completed,completed,30
6434->6763,6434,6763,1,"(11437,)",0.99,1,0.99,127.0,0.564,False,21803.76,2513.1267049205294,2943.5843022198965,2244.343470852202,0.0,3123.1317798880727,0.1432382203752047,0.5552188282369248,0,True,0.028647644075040942,completed,completed,30
8097->8096,8097,8096,1,"(15053,)",0.33,3,0.99,127.0,0.564,False,21803.76,4022.2775783597676,2588.7634070765207,667.7599592012348,0.0,2642.1842038126197,0.12118020945986471,0.5554038512462243,0,True,0.024236041891972943,completed,completed,30
10378->7565,10378,7565,1,"(19251,)",1.0,1,1.0,127.0,0.564,False,22024.0,2023.2664184029427,3198.1765379980093,1392.8591975110787,0.0,3309.6052737988957,0.15027266953318633,0.5545695816681265,0,True,0.030054533906637267,completed,completed,30
10613->2085,10613,2085,1,"(20309,)",0.5,2,1.0,177.8,0.509,False,22024.0,1387.6336016968708,2620.9566687601705,638.7450922810908,0.0,2672.0562761426577,0.12132474918918715,0.5972547861027029,0,True,0.024264949837837432,completed,completed,30
10614->2085,10614,2085,1,"(20313,)",0.5,2,1.0,177.8,0.509,False,22024.0,1620.3818253117963,3062.4573911563366,745.8820089638363,0.0,3122.1279518734436,0.14176025934768632,0.6035436215403767,0,True,0.028352051869537265,completed,completed,30
10623->10629,10623,10629,1,"(20350,)",1.0,1,1.0,177.8,0.509,False,22024.0,2417.034224640751,9617.619702890592,2455.373388204018,0.0,9814.049573946913,0.4456070456750324,0.6417459299651599,0,True,0.08912140913500649,completed,completed,30
10623->7670,10623,7670,1,"(20349,)",1.0,1,1.0,152.4,0.509,False,22024.0,2689.094345479378,7447.067414516916,2330.0211593477193,0.0,7633.469107264734,0.34659776186272856,0.6185491208556126,0,True,0.06931955237254571,completed,completed,30
10629->10623,10629,10623,1,"(20380,)",1.0,1,1.0,177.8,0.509,False,22024.0,3234.619677287256,15714.022259740954,3285.9274376856056,0.0,15976.896454755803,0.7254311866489195,0.659324127392662,0,True,0.1450862373297839,completed,completed,30
10629->2086,10629,2086,1,"(20377,)",1.0,1,1.0,152.4,0.509,False,22024.0,1324.4060305291619,2000.9211138151356,1696.3913764951785,0.0,2136.63242393475,0.0970138223726276,0.5732067627922746,0,True,0.01940276447452552,completed,completed,30
10636->8364,10636,8364,1,"(20409,)",1.0,1,1.0,127.0,0.564,False,22024.0,3022.7918469056103,4109.602179947157,2726.766714312096,0.0,4327.743517092125,0.19650124941391778,0.5668703404847683,0,True,0.03930024988278356,completed,completed,30
10647->10648,10647,10648,1,"(20461,)",1.0,1,1.0,76.2,0.637,False,22024.0,4414.14263953347,3963.14817511925,2530.0007023431313,0.0,4165.5482313067005,0.18913677040077645,0.5104518543942287,0,True,0.03782735408015529,completed,completed,30
10648->10647,10648,10647,1,"(20467,)",1.0,1,1.0,76.2,0.637,False,22024.0,4968.831305409274,6107.377074351761,2847.924890310895,0.0,6335.211065576632,0.2876503389746019,0.5241320796395582,0,True,0.057530067794920384,completed,completed,30
10841->8531,10841,8531,1,"(21340,)",0.5,2,1.0,127.0,0.564,False,22024.0,3647.4296041293414,2299.2261322555382,1490.8868506878684,0.0,2418.4970803105675,0.10981189067883071,0.55172404159418,0,True,0.021962378135766143,completed,completed,30
10863->12508,10863,12508,1,"(21445,)",1.0,1,1.0,107.95,0.564,False,22024.0,3286.35911141723,3888.3314359332308,2528.5633633727866,0.0,4090.6165050030536,0.18573449441532208,0.5534163595000265,0,True,0.03714689888306442,completed,completed,30
10889->1952,10889,1952,1,"(21561,)",0.5,2,1.0,127.0,0.564,False,22024.0,6705.416256685103,6512.632203252229,2436.301239928921,0.0,6707.536302446543,0.3045557710882012,0.5885036953136296,0,True,0.06091115421764024,completed,completed,30
10906->10907,10906,10907,1,"(21636,)",1.0,1,1.0,127.0,0.564,False,22024.0,3021.543226881205,6064.115844399328,1881.9897813145794,0.0,6214.675026904494,0.28217739860627017,0.5775593547608716,0,True,0.05643547972125404,completed,completed,30
10907->10906,10907,10906,1,"(21640,)",1.0,1,1.0,127.0,0.564,False,22024.0,3409.9216377508874,7575.062013387275,2123.8940486562674,0.0,7744.973537279777,0.3516606219251624,0.5853826896551989,0,True,0.07033212438503249,completed,completed,30
10908->2173,10908,2173,1,"(21643,)",1.0,1,1.0,127.0,0.564,False,22024.0,912.800062575277,1302.4328679320415,663.3013788047015,0.0,1355.4969782364176,0.06154635752980465,0.519526999195811,0,True,0.01230927150596093,completed,completed,30
12241->10987,12241,10987,1,"(25533,)",0.5,2,1.0,88.9,0.637,False,22024.0,6209.6463391641,1968.8374932367851,1878.4180175971405,0.0,2119.1109346445564,0.09621825892864859,0.5026696797096648,0,True,0.019243651785729718,completed,completed,30
12589->2061,12589,2061,1,"(26669,)",0.5,2,1.0,127.0,0.564,False,22024.0,3321.3373294871744,2416.6308934645103,1206.752563047007,0.0,2513.171098508271,0.11411056567872643,0.5518377408185242,0,True,0.022822113135745288,completed,completed,30
1952->10889,1952,10889,1,"(1947,)",0.5,2,1.0,127.0,0.564,False,22024.0,5723.074513501461,4862.17604569982,2079.3837399055315,0.0,5028.526744892262,0.22832032078152298,0.5782629597512788,0,True,0.0456640641563046,completed,completed,30
2086->10629,2086,10629,1,"(2316,)",1.0,1,1.0,152.4,0.509,False,22024.0,985.8005188229401,1471.9148642551966,1262.6818819358182,0.0,1572.929414810062,0.07141888007673729,0.5609424429262547,0,True,0.014283776015347457,completed,completed,30
2089->2090,2089,2090,1,"(2323,)",1.0,1,1.0,127.0,0.564,False,22024.0,1357.8337999813602,1405.9847918122384,1224.8597312935308,0.0,1503.973570315721,0.06828793908080825,0.5269228569643322,0,True,0.013657587816161651,completed,completed,30
4972->8482,4972,8482,1,"(8457,)",1.0,1,1.0,127.0,0.564,False,22024.0,1385.8213256259087,1224.08792777089,1342.706884384214,0.0,1331.504478521627,0.06045697777522826,0.5235476390174358,0,True,0.012091395555045653,completed,completed,30
5167->8358,5167,8358,1,"(9011,)",0.5,2,1.0,127.0,0.564,False,22024.0,3025.3965491727467,1465.7253399268438,1413.2923879706975,0.0,1578.7887309644996,0.07168492240122137,0.5370870061383296,0,True,0.014336984480244275,completed,completed,30
6884->10590,6884,10590,1,"(12147,)",0.5,2,1.0,177.8,0.509,False,22024.0,2476.7531356626455,4376.966069201571,1302.949060296813,0.0,4481.201994025317,0.20346903351004889,0.618845327600791,0,True,0.04069380670200978,completed,completed,30
7554->7555,7554,7555,1,"(13679,)",0.5,2,1.0,177.8,0.509,False,22024.0,1727.610387606194,3034.9920276073735,908.8464646228299,0.0,3107.6997447772,0.14110514642104977,0.6041049496433566,0,True,0.028221029284209956,completed,completed,30
7555->7554,7555,7554,1,"(13682,)",0.5,2,1.0,177.8,0.509,False,22024.0,1669.302351977352,2931.863900229177,878.1722730223712,0.0,3002.1176820709666,0.13631119152156587,0.6027095591231728,0,True,0.027262238304313176,completed,completed,30
7565->10378,7565,10378,1,"(13721,)",1.0,1,1.0,127.0,0.564,False,22024.0,1678.1527361414971,2591.6870278592387,1155.275673091094,0.0,2684.109081706526,0.12187200697904677,0.5463422414177066,0,True,0.024374401395809354,completed,completed,30
7592->10622,7592,10622,1,"(13816,)",0.5,2,1.0,127.0,0.564,False,22024.0,3671.7789132171874,1824.2567400675111,1715.245292317172,0.0,1961.476363452885,0.08906085921961882,0.5456087963735935,0,True,0.017812171843923762,completed,completed,30
7670->10623,7670,10623,1,"(14071,)",1.0,1,1.0,152.4,0.509,False,22024.0,2190.5310458406702,5526.825601236108,1898.0307238372393,0.0,5678.668059143087,0.25783999542059055,0.6075720663172057,0,True,0.05156799908411811,completed,completed,30
8358->5167,8358,5167,1,"(15331,)",0.5,2,1.0,127.0,0.564,False,22024.0,3058.6727932136682,1483.2923207359613,1428.8371476869565,0.0,1597.5992925509179,0.07253901618919896,0.5375560821691467,0,True,0.014507803237839793,completed,completed,30
8399->8402,8399,8402,1,"(15407,)",0.5,2,1.0,127.0,0.564,False,22024.0,2773.8210485194472,1335.2449454705945,1295.7706898083704,0.0,1438.9066006552641,0.06533357249615257,0.5334005273959864,0,True,0.013066714499230515,completed,completed,30
8402->8399,8402,8399,1,"(15411,)",0.5,2,1.0,127.0,0.564,False,22024.0,3075.0616676598975,1491.9734448152228,1436.4930933211238,0.0,1606.8928922809127,0.07296099220309266,0.5377856578063429,0,True,0.014592198440618532,completed,completed,30
8406->10571,8406,10571,1,"(15415,)",0.5,2,1.0,127.0,0.564,False,22024.0,3773.7423701675334,1209.8361892172984,2056.689591741306,0.0,1374.371356556603,0.06240334891739025,0.5354004409740366,0,True,0.012480669783478051,completed,completed,30
8482->4972,8482,4972,1,"(15536,)",1.0,1,1.0,127.0,0.564,False,22024.0,1817.435168519257,1658.1546673453133,1760.892741054214,0.0,1799.0260866296505,0.08168480233516394,0.5353907222347338,0,True,0.01633696046703279,completed,completed,30
9011->9010,9011,9010,1,"(16638,)",1.0,1,1.0,152.4,0.509,False,22024.0,1168.80614445537,2855.443725523832,956.4730282126445,0.0,2931.961567780844,0.13312575226029985,0.5811944266876592,0,True,0.026625150452059973,completed,completed,30
9626->9625,9626,9625,1,"(17572,)",1.0,1,1.0,152.4,0.509,False,22024.0,867.5209212403579,1760.8539667485993,881.2815979221016,0.0,1831.3564945823675,0.08315276491928658,0.5640438730845495,0,True,0.01663055298385732,completed,completed,30
10619->10618,10619,10618,1,"(20334,)",1.01,1,1.01,177.8,0.509,False,22244.24,1282.3603788207026,4480.236002094869,1413.1896343577214,0.0,4593.2911728434865,0.20649350900923052,0.6124029055475206,0,True,0.04129870180184611,completed,completed,30
10625->10630,10625,10630,1,"(20361,)",1.01,1,1.01,152.4,0.509,False,22244.24,2710.956426247363,6782.876810347885,2781.497382083441,0.0,7005.396600914561,0.3149308135910492,0.6160999297928004,0,True,0.06298616271820984,completed,completed,30
10630->10625,10630,10625,1,"(20384,)",1.01,1,1.01,152.4,0.509,False,22244.24,2431.390215803858,5691.405680420909,2494.656666039913,0.0,5890.978213704103,0.2648316244431863,0.6097936211418518,0,True,0.05296632488863726,completed,completed,30
10647->10913,10647,10913,1,"(20463,)",1.01,1,1.01,88.9,0.637,False,22244.24,3936.7923133339373,3830.1049638399422,2278.967630269929,0.0,4012.422374261537,0.1803802860543465,0.5165643424122158,0,True,0.0360760572108693,completed,completed,30
10843->12146,10843,12146,1,"(21351,)",1.01,1,1.01,63.5,0.637,False,22244.24,4663.915747089116,3611.8247762533847,2699.8917321399204,0.0,3827.816114824578,0.1720812270873079,0.5000866585381412,0,True,0.03441624541746158,completed,completed,30
10912->10913,10912,10913,1,"(21663,)",1.01,1,1.01,88.9,0.637,False,22244.24,3330.003939299016,2596.480723014595,1927.7042277871556,0.0,2750.697061237567,0.12365884657050845,0.5035843632527157,0,True,0.02473176931410169,completed,completed,30
10913->10647,10913,10647,1,"(21666,)",1.01,1,1.01,88.9,0.637,False,22244.24,4017.205123777781,4042.282000193356,2325.5177597852335,0.0,4228.323420976175,0.19008621652059926,0.5183334403318367,0,True,0.038017243304119853,completed,completed,30
4434->10575,4434,10575,1,"(6783,)",1.01,1,1.01,127.0,0.564,False,22244.24,3560.013394589527,5446.97083405906,3483.7499965365428,0.0,5725.670833781983,0.2574001554461731,0.5769249195183132,0,True,0.05148003108923463,completed,completed,30
7035->10865,7035,10865,1,"(12444,)",1.01,1,1.01,177.8,0.509,False,22244.24,729.387154761335,2901.7221065165218,620.0749438589033,0.0,2951.328102025234,0.1326783069246346,0.5931869721931557,0,True,0.02653566138492692,completed,completed,30
10846->12454,10846,12454,1,"(21364,)",1.02,1,1.02,107.95,0.564,False,22464.48,3718.2837905318825,3649.2943027399333,3674.655927389642,0.0,3943.2667769311047,0.17553340994009675,0.5536781922254951,0,True,0.035106681988019355,completed,completed,30
10907->10913,10907,10913,1,"(21641,)",1.02,1,1.02,107.95,0.564,False,22464.48,2034.7480118096566,1765.5115859010923,1596.8702396682188,0.0,1893.2612050745497,0.08427798930019968,0.5254296904381586,0,True,0.01685559786003994,completed,completed,30
10913->10907,10913,10907,1,"(21667,)",1.02,1,1.02,107.95,0.564,False,22464.48,2254.026267852869,2022.3981923522454,1768.9598150109316,0.0,2163.91497755312,0.09632606575149391,0.5304923632476939,0,True,0.019265213150298784,completed,completed,30
12517->10864,12517,10864,1,"(26409,)",1.02,1,1.02,127.0,0.564,False,22464.48,1777.5482277296808,2958.7546655446345,1185.7668717539157,0.0,3053.616015284948,0.13593085685869194,0.5507800444811295,0,True,0.02718617137173839,completed,completed,30
2086->7670,2086,7670,1,"(2314,)",1.02,1,1.02,127.0,0.564,False,22464.48,2913.264811957705,3442.063278077112,2879.082504830735,0.0,3672.3898784635708,0.163475401098248,0.5616160055144003,0,True,0.032695080219649605,completed,completed,30
5870->10571,5870,10571,1,"(10424,)",0.51,2,1.02,127.0,0.564,False,22464.48,4673.077980289326,1690.8112528407219,2597.764049242837,0.0,1898.632376780149,0.08451708549586498,0.5472752497458868,0,True,0.016903417099172997,completed,completed,30
7036->10871,7036,10871,1,"(12448,)",1.02,1,1.02,177.8,0.509,False,22464.48,799.66675768466,3172.8887733821502,706.7454804417025,0.0,3229.4284118174864,0.1437570961721565,0.5968493050274252,0,True,0.028751419234431305,completed,completed,30
7586->10620,7586,10620,1,"(13794,)",0.51,2,1.02,127.0,0.564,False,22464.48,3385.7900716016757,2156.9442734576787,1411.620525602529,0.0,2269.873915505881,0.1010427980307526,0.5490389912197456,0,True,0.02020855960615052,completed,completed,30
7632->7631,7632,7631,1,"(13939,)",0.51,2,1.02,127.0,0.564,False,22464.48,4087.9651003105478,2122.9314271214676,1947.8569707965432,0.0,2278.759984785191,0.10143835890192834,0.5512085675096887,0,True,0.02028767178038567,completed,completed,30
7670->2086,7670,2086,1,"(14069,)",1.02,1,1.02,127.0,0.564,False,22464.48,2985.044555981996,3617.1317102215867,2950.0200331918077,0.0,3853.133312876931,0.17152114417413317,0.5633009313549193,0,True,0.03430422883482664,completed,completed,30
8371->7455,8371,7455,1,"(15355,)",0.51,2,1.02,177.8,0.509,False,22464.48,1864.7042573387375,3003.875069502564,1167.351482700483,0.0,3097.263188118603,0.13787379846400197,0.6048376468103844,0,True,0.027574759692800394,completed,completed,30
10636->10630,10636,10630,1,"(20411,)",1.03,1,1.03,152.4,0.509,False,22684.72,1450.3305232756888,2585.5618990678217,1760.3415732869137,0.0,2726.3892249307746,0.12018615283462941,0.5813976647473087,0,True,0.024037230566925884,completed,completed,30
5164->5166,5164,5166,1,"(9002,)",1.03,1,1.03,76.2,0.637,False,22684.72,3699.6805313227546,1207.1554589290743,2593.637913480497,0.0,1414.646492007514,0.06236120578113876,0.4766208163060241,0,True,0.012472241156227753,completed,completed,30
10441->10304,10441,10304,1,"(19541,)",1.04,1,1.04,88.9,0.637,False,22904.96,3993.2705204489916,5396.9094098220985,1924.518493889239,0.0,5550.870889333238,0.2423436185583052,0.5263104674192177,0,True,0.04846872371166104,completed,completed,30
10641->10647,10641,10647,1,"(20432,)",1.04,1,1.04,107.95,0.564,False,22904.96,2059.1099368149135,2226.476597085871,1474.2360153937177,0.0,2344.4154783173685,0.10235405249855789,0.5318736887346858,0,True,0.02047081049971158,completed,completed,30
10644->2091,10644,2091,1,"(20445,)",0.52,2,1.04,88.9,0.637,False,22904.96,2630.9285427631085,383.19558072517617,931.1513844974334,0.0,457.68769148497086,0.019982034087157142,0.4480623427170402,0,True,0.003996406817431428,completed,completed,30
10647->10641,10647,10641,1,"(20460,)",1.04,1,1.04,107.95,0.564,False,22904.96,2624.085313627652,3107.9542148275245,1878.73459675472,0.0,3258.252982567902,0.1422509789394045,0.5442411642280626,0,True,0.0284501957878809,completed,completed,30
10893->10894,10893,10894,1,"(21582,)",1.04,1,1.04,127.0,0.564,False,22904.96,1714.786292071285,2759.44555417739,1227.7147835949531,0.0,2857.662736864986,0.12476174317112915,0.5484287529325242,0,True,0.02495234863422583,completed,completed,30
12368->4529,12368,4529,1,"(25944,)",0.52,2,1.04,107.95,0.564,False,22904.96,5724.712540823126,1893.1127490379215,2781.228915547327,0.0,2115.6110622817077,0.09236475690338285,0.5399844909059595,0,True,0.01847295138067657,completed,completed,30
12548->10867,12548,10867,1,"(26520,)",1.04,1,1.04,63.5,0.637,False,22904.96,3083.1524234541034,889.7534433033234,1837.818478266937,0.0,1036.7789215646783,0.0452643847256087,0.45698981522997506,0,True,0.009052876945121741,completed,completed,30
2825->7044,2825,7044,1,"(4281,)",1.04,1,1.04,228.6,0.463,False,22904.96,213.31753986774245,2365.639485425735,246.48326827311064,0.0,2385.358146887584,0.10414155479370338,0.6234954106302247,0,True,0.020828310958740676,completed,completed,30
5017->10543,5017,10543,1,"(8609,)",0.52,2,1.04,127.0,0.564,False,22904.96,5691.706365893544,4388.891704604763,2419.544376141346,0.0,4582.45525469607,0.20006388374815195,0.5754580389403187,0,True,0.04001277674963039,completed,completed,30
7044->2825,7044,2825,1,"(12469,)",1.04,1,1.04,228.6,0.463,False,22904.96,314.3524291837279,3486.190058283241,363.22664410454144,0.0,3515.2481898116043,0.15347104687419688,0.6391632719679604,0,True,0.03069420937483938,completed,completed,30
10845->10844,10845,10844,1,"(21358,)",1.05,1,1.05,76.2,0.637,False,23125.2,3844.1204389885947,1314.7126898926308,3031.420355835524,0.0,1557.2263183594728,0.0673389340788176,0.4798745703231119,0,True,0.01346778681576352,completed,completed,30
10868->12548,10868,12548,1,"(21470,)",1.05,1,1.05,76.2,0.637,False,23125.2,4800.809735883475,5626.679839634454,2889.2031013136634,0.0,5857.816087739547,0.25330877517770856,0.5214418320474961,0,True,0.05066175503554171,completed,completed,30
12455->12460,12455,12460,1,"(26214,)",1.06,1,1.06,107.95,0.564,False,23345.440000000002,2319.205480344094,2188.094889721133,1891.4894202279295,0.0,2339.4140433393673,0.10020860790541394,0.533106869696564,0,True,0.02004172158108279,completed,completed,30
12460->12455,12460,12455,1,"(26230,)",1.06,1,1.06,107.95,0.564,False,23345.440000000002,4399.8192241264815,9540.658455304501,3588.389034039344,0.0,9827.729578027649,0.42096998720211093,0.5824992766502428,0,True,0.08419399744042219,completed,completed,30
8361->10643,8361,10643,1,"(15339,)",1.06,1,1.06,107.95,0.564,False,23345.440000000002,3451.3486669183358,4637.218285510454,2814.8387645346675,0.0,4862.405386673227,0.20828073433926397,0.5590576178062031,0,True,0.041656146867852795,completed,completed,30
10844->10843,10844,10843,1,"(21354,)",1.07,1,1.07,63.5,0.637,False,23565.68,3665.1386299513997,900.3503020238168,2512.193815163688,0.0,1101.3258072369117,0.04673431054130039,0.4606578917181128,0,True,0.009346862108260077,completed,completed,30
10815->8512,10815,8512,1,"(21222,)",1.08,1,1.08,88.9,0.637,False,23785.920000000002,3860.323280087216,3892.7151707827747,2389.5807453558828,0.0,4083.881630411245,0.17169323828597946,0.5168721683343587,0,True,0.034338647657195895,completed,completed,30
11056->11049,11056,11049,1,"(22301,)",1.08,1,1.08,88.9,0.637,False,23785.920000000002,2424.70306096778,2290.3021508309316,1267.4407840290783,0.0,2391.697413553258,0.10055097358240747,0.4959946698006515,0,True,0.020110194716481497,completed,completed,30
2846->7047,2846,7047,1,"(4347,)",0.54,2,1.08,177.8,0.509,False,23785.920000000002,1323.082687051423,2507.2402515931076,751.7188792388878,0.0,2567.3777619322186,0.1079368702968907,0.5955550898687727,0,True,0.02158737405937814,completed,completed,30
7047->2846,7047,2846,1,"(12481,)",0.54,2,1.08,177.8,0.509,False,23785.920000000002,1273.3356786620122,2412.751553513807,723.4547610866699,0.0,2470.6279344007403,0.10386934515884776,0.594002675829805,0,True,0.020773869031769553,completed,completed,30
8092->8091,8092,8091,1,"(15047,)",0.36,3,1.08,127.0,0.564,False,23785.920000000002,3947.7779654980736,2770.4161220123156,714.9729570745127,0.0,2827.6139585782767,0.11887763679430001,0.557204090743705,0,True,0.023775527358860002,completed,completed,30
10624->9624,10624,9624,1,"(20354,)",0.55,2,1.1,177.8,0.509,False,24226.4,1348.9599883169567,2884.3188748823113,642.8587850205779,0.0,2935.7475776839574,0.12117968735280343,0.5997275383775706,0,True,0.024235937470560687,completed,completed,30
12660->12661,12660,12661,1,"(26917,)",1.1,1,1.1,127.0,0.564,False,24226.4,1532.3387097611846,2438.400197917016,1224.849408669107,0.0,2536.388150610545,0.10469521474963447,0.5436793358009249,0,True,0.020939042949926896,completed,completed,30
12661->12660,12661,12660,1,"(26920,)",1.1,1,1.1,127.0,0.564,False,24226.4,2505.043699247796,4369.192222792538,2002.3649302654055,0.0,4529.38141721377,0.18696056439313186,0.5661684501435329,0,True,0.03739211287862637,completed,completed,30
2825->7047,2825,7047,1,"(4283,)",0.55,2,1.1,203.2,0.463,False,24226.4,713.2660232647629,2486.6191716000826,394.9933499460894,0.0,2518.2186395957697,0.10394522667815975,0.6212879417378127,0,True,0.020789045335631952,completed,completed,30
5335->5292,5335,5292,1,"(9454,)",0.55,2,1.1,127.0,0.564,False,24226.4,4263.415786993617,2417.9322346272384,2190.7866551165775,0.0,2593.1951670365647,0.10704005411602899,0.5554855245841017,0,True,0.0214080108232058,completed,completed,30
7073->8872,7073,8872,1,"(12534,)",0.55,2,1.1,127.0,0.564,False,24226.4,2557.9956414735966,1348.6732482569407,1314.4443317686469,0.0,1453.8287947984325,0.06001010446448636,0.5328224599861343,0,True,0.012002020892897272,completed,completed,30
10835->10834,10835,10834,1,"(21314,)",1.12,1,1.12,107.95,0.564,False,24666.88,2745.0130027573628,2079.5516830193283,2773.3339644961566,0.0,2301.418400179021,0.09329993903481189,0.5344601117863159,0,True,0.01865998780696238,completed,completed,30
10607->8695,10607,8695,1,"(20280,)",0.57,2,1.14,228.6,0.463,False,25107.359999999997,672.0248295719025,4238.855723914713,342.83346680610595,0.0,4266.282401259202,0.1699215847966175,0.6531500717718962,0,True,0.0339843169593235,completed,completed,30
10841->12455,10841,12455,1,"(21342,)",0.57,2,1.14,107.95,0.564,False,25107.359999999997,4988.491399446324,2904.0116327342803,2066.2331376506672,0.0,3069.310283746334,0.12224743197796718,0.5494779093305573,0,True,0.02444948639559344,completed,completed,30
12455->10841,12455,10841,1,"(26212,)",0.57,2,1.14,107.95,0.564,False,25107.359999999997,5202.925205154112,3099.463810844994,2155.0516199748326,0.0,3271.8679404429804,0.13031509248455356,0.551824998190191,0,True,0.026063018496910714,completed,completed,30
2050->6708,2050,6708,1,"(2240,)",0.57,2,1.14,127.0,0.564,False,25107.359999999997,4852.111493152157,3008.052430125698,2583.9573177389443,0.0,3214.7690155448136,0.12804090177321764,0.5632438727792626,0,True,0.02560818035464353,completed,completed,30
7581->6556,7581,6556,1,"(13775,)",0.57,2,1.14,177.8,0.509,False,25107.359999999997,2032.0839916303237,4076.533028544753,1218.6843144376685,0.0,4174.027773699767,0.16624717906222586,0.6145904887129895,0,True,0.033249435812445174,completed,completed,30
11050->11056,11050,11056,1,"(22275,)",1.15,1,1.15,88.9,0.637,False,25327.6,3486.9490290640447,3874.1196901835365,2079.466960261122,0.0,4040.4770470044264,0.15952861885865327,0.5154476806833194,0,True,0.031905723771730655,completed,completed,30
12641->1909,12641,1909,1,"(26850,)",1.16,1,1.16,127.0,0.564,False,25547.839999999997,5017.969857611521,25548.630028787575,3383.8512469141374,0.0,25819.338128540705,1.010627048256945,0.6251796428762212,0,True,0.20212540965138903,completed,completed,30
1909->12641,1909,12641,1,"(1791,)",1.16,1,1.16,127.0,0.564,False,25547.839999999997,4472.965807897734,17739.650076983045,3016.3295826698104,0.0,17980.95644359663,0.7038151344143627,0.6132329808871486,0,True,0.14076302688287254,completed,completed,30
12322->12315,12322,12315,1,"(25797,)",1.17,1,1.17,88.9,0.637,False,25768.079999999998,4448.202167452155,3525.5190350062135,4534.070262092651,0.0,3888.2446559736254,0.15089384447632986,0.5169666474426265,0,True,0.030178768895265974,completed,completed,30
5797->8769,5797,8769,1,"(10248,)",0.6,2,1.2,127.0,0.564,False,26428.8,4585.449090356856,2914.5122602283936,2570.471747222901,0.0,3120.1500000062256,0.118058708681674,0.5617450156801217,0,True,0.0236117417363348,completed,completed,30
8105->8107,8105,8107,1,"(15063,)",0.4,3,1.2000000000000002,107.95,0.564,False,26428.800000000003,5695.772092500989,3300.8009947808837,1146.1645995371223,0.0,3392.4941627438534,0.12836353382461002,0.5538812921707174,0,True,0.025672706764922004,completed,completed,30
8109->8103,8109,8103,1,"(15066,)",0.4,3,1.2000000000000002,88.9,0.637,False,26428.800000000003,8834.20438944582,3970.8367716353246,1480.0690123240768,0.0,4089.2422926212507,0.15472674857054616,0.5259353580232504,0,True,0.030945349714109234,completed,completed,30
10915->12661,10915,12661,1,"(21677,)",1.24,1,1.24,127.0,0.564,False,27309.76,1454.8561507771367,3031.90461503121,1123.6477562230732,0.0,3121.796435529056,0.114310650680528,0.5492497787131589,0,True,0.0228621301361056,completed,completed,30
7587->7589,7587,7589,1,"(13798,)",0.62,2,1.24,127.0,0.564,False,27309.76,3780.7085643548166,2971.5258116324308,1916.2521358432393,0.0,3124.82598249989,0.11442158343756555,0.5596858290665804,0,True,0.02288431668751311,completed,completed,30
10545->8483,10545,8483,1,"(19979,)",1.25,1,1.25,127.0,0.564,False,27530.0,2226.2624457530815,3119.8389958760545,2510.3028267629575,0.0,3320.663222017091,0.12061980465009411,0.5557100541629647,0,True,0.024123960930018826,completed,completed,30
8483->10545,8483,10545,1,"(15542,)",1.25,1,1.25,127.0,0.564,False,27530.0,2605.0028219577675,3933.6986742204253,2937.365250966173,0.0,4168.687894297719,0.15142346147103955,0.564142706123829,0,True,0.03028469229420791,completed,completed,30
10841->12404,10841,12404,1,"(21341,)",1.27,1,1.27,107.95,0.564,False,27970.48,2248.5259031664154,2509.5437367182103,2197.153699590543,0.0,2685.3160326854536,0.09600536110518852,0.5368437628693193,0,True,0.019201072221037705,completed,completed,30
7778->10648,7778,10648,1,"(14402,)",1.34,1,1.34,76.2,0.637,False,29512.160000000003,3916.5368595976447,3620.195367804477,3008.023988282348,0.0,3860.837286867065,0.13082191499595638,0.5069034796874226,0,True,0.026164382999191278,completed,completed,30
7560->7589,7560,7589,1,"(13700,)",0.68,2,1.36,127.0,0.564,False,29952.640000000003,4158.42661956117,2893.456942043217,2641.9078375017766,0.0,3104.8095690433593,0.10365729261405202,0.5605338912016993,0,True,0.020731458522810404,completed,completed,30
12660->10909,12660,10909,1,"(26914,)",0.69,2,1.38,127.0,0.564,False,30393.12,6583.7415216309755,8657.984108692888,3301.0879989457712,0.0,8922.07114860855,0.29355561879163933,0.5967353929625412,0,True,0.05871112375832787,completed,completed,30
12382->8278,12382,8278,1,"(25986,)",1.39,1,1.39,63.5,0.637,False,30613.359999999997,4221.292977516445,4652.209620480726,2904.4606331801897,0.0,4884.566471135141,0.15955669260529198,0.5062036028703363,0,True,0.031911338521058395,completed,completed,30
10818->10819,10818,10819,1,"(21237,)",1.4,1,1.4,63.5,0.637,False,30833.6,3156.131094068663,2974.175404859119,1924.7349864068335,0.0,3128.154203771666,0.10145277242267092,0.489865903634069,0,True,0.020290554484534186,completed,completed,30
10819->10818,10819,10818,1,"(21243,)",1.4,1,1.4,63.5,0.637,False,30833.6,3697.6560057027623,4089.318886963273,2254.978538517773,0.0,4269.717170044695,0.13847611599179777,0.500784531369541,0,True,0.027695223198359556,completed,completed,30
12660->10910,12660,10910,1,"(26915,)",0.75,2,1.5,127.0,0.564,False,33036.0,2615.274646488525,2624.278549846013,1509.1673107089666,0.0,2745.0119347027303,0.08309153452908132,0.5518400217151975,0,True,0.016618306905816265,completed,completed,30
12661->12743,12661,12743,1,"(26921,)",1.5,1,1.5,127.0,0.564,False,33036.0,891.1658279962413,2352.620401241919,777.0966020127225,0.0,2414.7881294029366,0.07309565714381089,0.536323523947997,0,True,0.014619131428762179,completed,completed,30
12743->12661,12743,12661,1,"(27189,)",1.5,1,1.5,127.0,0.564,False,33036.0,1127.6269553920586,2983.7860225311674,983.2907051018752,0.0,3062.4492789393175,0.09270036562959552,0.5459069533900629,0,True,0.018540073125919106,completed,completed,30
6263->10576,6263,10576,1,"(10999,)",0.77,2,1.54,152.4,0.509,False,33916.96,1559.5831747656437,2435.511715734829,1219.9274707937523,0.0,2533.1059133983294,0.07468552350795382,0.5800164279999678,0,True,0.014937104701590764,completed,completed,30
12642->10910,12642,10910,1,"(26854,)",0.78,2,1.56,127.0,0.564,False,34357.44,2602.188033644413,2715.1106159191754,1561.680187909045,0.0,2840.045030951899,0.08266171842115999,0.5527909363047434,0,True,0.016532343684232,completed,completed,30
7456->7905,7456,7905,1,"(13379,)",0.87,2,1.74,127.0,0.564,False,38321.76,3440.9667059076837,3164.7610706636956,2700.4706707963505,0.0,3380.7987243274038,0.08822138451697949,0.5609859206703336,0,True,0.017644276903395897,completed,completed,30
4972->10539,4972,10539,1,"(8460,)",0.95,2,1.9,107.95,0.564,False,41845.6,4007.5696489804877,3225.6789590130475,2929.2976740136205,0.0,3460.0227729341373,0.0826854621019686,0.5506318050131598,0,True,0.01653709242039372,completed,completed,30
10614->8371,10614,8371,1,"(20315,)",1.0,2,2.0,177.8,0.509,False,44048.0,763.8822739563653,2968.0074494167875,661.8815232574859,0.0,3020.957971277386,0.06858331754625377,0.5943790879669075,0,True,0.013716663509250755,completed,completed,30
8364->10636,8364,10636,1,"(15348,)",1.0,2,2.0,127.0,0.564,False,44048.0,3661.7750130028617,3907.757324094107,3303.1735979363752,0.0,4172.011211929017,0.0947151110590496,0.5678775253915498,0,True,0.01894302221180992,completed,completed,30
8371->10614,8371,10614,1,"(15356,)",1.0,2,2.0,177.8,0.509,False,44048.0,878.5285786096244,3413.6211818380084,761.219174289398,0.0,3474.51871578116,0.07888028323150109,0.6000349548888615,0,True,0.01577605664630022,completed,completed,30
10624->8366,10624,8366,1,"(20353,)",1.02,2,2.04,177.8,0.509,False,44928.96,990.985281640683,3927.8687637001744,875.8327919140356,0.0,3997.9353870532973,0.08898348386103969,0.6054931173040938,0,True,0.017796696772207937,completed,completed,30
8366->10624,8366,10624,1,"(15351,)",1.02,2,2.04,177.8,0.509,False,44928.96,1736.1476070238452,6891.919115896108,1534.4072550876745,0.0,7014.671696303122,0.15612806742695853,0.6282160800923617,0,True,0.03122561348539171,completed,completed,30
10630->10636,10630,10636,1,"(20385,)",1.03,2,2.06,152.4,0.509,False,45369.44,1140.7162768588285,1991.3527921771747,1384.5466624699566,0.0,2102.116525174771,0.04633331434495932,0.5710991099414993,0,True,0.009266662868991865,completed,completed,30
10889->10895,10889,10895,1,"(21563,)",1.08,2,2.16,127.0,0.564,False,47571.840000000004,2931.140583780762,2244.822902114823,3312.5171474176454,0.0,2509.8242739082348,0.05275861253019085,0.5504362482792846,0,True,0.010551722506038171,completed,completed,30
10895->10889,10895,10889,1,"(21590,)",1.08,2,2.16,127.0,0.564,False,47571.840000000004,3142.6805099345697,2426.9625201394124,3551.5809564431775,0.0,2711.0889966548666,0.056989365907538295,0.5534747964274664,0,True,0.011397873181507659,completed,completed,30
10834->10835,10834,10835,1,"(21308,)",1.12,2,2.24,107.95,0.564,False,49333.76,3235.943070077259,1854.6456645719575,3269.329075820953,0.0,2116.191990637634,0.04289541260665382,0.5337744587621762,0,True,0.008579082521330763,completed,completed,30
2058->11862,2058,11862,1,"(2260,)",1.19,2,2.38,127.0,0.564,False,52417.119999999995,3902.8247004047585,7298.201204391236,3197.2761593021132,0.0,7553.983297135405,0.14411290237112237,0.5861163496161237,0,True,0.028822580474224476,completed,completed,30
12359->10806,12359,10806,1,"(25928,)",1.3,3,3.9000000000000004,88.9,0.637,False,85893.6,8564.008911287085,14436.511077945412,3910.9894889384277,0.0,14749.390237060486,0.17171698749453376,0.5635080586198368,0,True,0.034343397498906754,completed,completed,30
2454->2448,2454,2448,1,"(3298,)",1.28,4,5.12,107.95,0.564,False,112762.88,1648.1446434325946,3355.2534452562277,890.1257057485766,0.0,3426.463501716114,0.030386448995592466,0.5406603989620131,0,True,0.006077289799118493,completed,completed,30
